industry,company_name,company_domain,full_name,standardized_title,seniority_level,department,work_email,email_status,email_confidence_score,direct_phone,created_at
"Energy, Oil, Gas & Mining",ENERGIA DE LAS AMERICAS S.A.P.I. DE C.V.,energiadelasameric.com.mx,Manuel Gómez,Chief Financial Officer (CFO),C_SUITE,FINANCE,mgómez@energiadelasameric.com.mx,VERIFIED,85,+528824020854,2026-09-17T06:21:38.298028+00:00
"Energy, Oil, Gas & Mining",ENERGIA DE LAS AMERICAS S.C.,energiadelasameric.mx,David Sánchez,Chief Revenue Officer (CRO),C_SUITE,SALES_MARKETING,dsánchez@energiadelasameric.mx,VERIFIED,85,+524891977823,2026-09-17T06:21:38.298028+00:00
"Energy, Oil, Gas & Mining",ENERGIA SELECTA S.A.P.I. DE C.V.,energiaselecta.mx,Alfonso Díaz,Chief Procurement Officer (CPO),C_SUITE,PROCUREMENT,adíaz@energiaselecta.mx,VERIFIED,85,+527325412602,2026-09-17T06:21:38.338239+00:00
"Energy, Oil, Gas & Mining",ENERGIA SELECTA S.A.P.I. DE C.V.,energiaselecta.mx,Enrique Castro,Jefe De Recursos Humanos,MANAGER,EXECUTIVE,ecastro@energiaselecta.com,VERIFIED,85,+529295426124,2026-09-17T06:21:38.339358+00:00
"Energy, Oil, Gas & Mining",ENERGIA SELECTA S.A.P.I. DE C.V.,energiaselecta.mx,Eduardo Herrera,Founder,FOUNDER,EXECUTIVE,eherrera@energiaselecta.mx,VERIFIED,85,+528571029480,2026-09-17T06:21:38.339358+00:00
"Energy, Oil, Gas & Mining",ENERGIA DE OCCIDENTE S.A.P.I. DE C.V.,energiadeoccidente.com,Andrea Ruiz,Chief Procurement Officer (CPO),C_SUITE,PROCUREMENT,aruiz@energiadeoccidente.com,VERIFIED,85,+528135635066,2026-09-17T06:21:38.360091+00:00
"Energy, Oil, Gas & Mining",ENERGIA DE LAS AMERICAS S. DE R.L. DE C.V.,energiadelasameric.com,Raúl Ruiz,Chief Revenue Officer (CRO),C_SUITE,SALES_MARKETING,rruiz@energiadelasameric.com,VERIFIED,85,+528165689416,2026-09-17T06:21:38.360091+00:00
"Energy, Oil, Gas & Mining",ENERGIA DE LAS AMERICAS S.A.B. DE C.V.,energiadelasameric.com.mx,Ignacio Castro,Chief Human Resources Officer (CHRO),C_SUITE,HR_PEOPLE,icastro@energiadelasameric.com.mx,VERIFIED,85,+524565469722,2026-09-17T06:21:38.360091+00:00
"Energy, Oil, Gas & Mining",ENERGIA DE OCCIDENTE 17 S. DE R.L. DE C.V.,energiadeoccidente.com.mx,Sofia Villaseñor,Chief Human Resources Officer (CHRO),C_SUITE,HR_PEOPLE,svillaseñor@energiadeoccidente.com.mx,VERIFIED,85,+526972912590,2026-09-17T06:21:38.360091+00:00
"Energy, Oil, Gas & Mining",ENERGIA DE OCCIDENTE 17 S. DE R.L. DE C.V.,energiadeoccidente.com.mx,Daniel Alarcón,Chief Financial Officer (CFO),C_SUITE,FINANCE,dalarcón@energiadeoccidente.com.mx,VERIFIED,85,+524027275837,2026-09-17T06:21:38.360091+00:00
"Energy, Oil, Gas & Mining",ENERGIA DE OCCIDENTE S.A.S.,energiadeoccidente.mx,Carlos Mendoza,Chief Procurement Officer (CPO),C_SUITE,PROCUREMENT,cmendoza@energiadeoccidente.mx,VERIFIED,85,+529126393003,2026-09-17T06:21:38.360091+00:00
"Energy, Oil, Gas & Mining",ENERGIA GLOBAL S.C.,energiaglobal.com.mx,Enrique Díaz,Chief Human Resources Officer (CHRO),C_SUITE,HR_PEOPLE,edíaz@energiaglobal.com.mx,VERIFIED,85,+526658612743,2026-09-17T06:21:38.380930+00:00
"Energy, Oil, Gas & Mining",ENERGIA GLOBAL S.C.,energiaglobal.com.mx,Roberto Dominguez,Sole Administrator / Owner,FOUNDER,EXECUTIVE,rdominguez@energiaglobal.com,VERIFIED,85,+524936424794,2026-09-17T06:21:38.380930+00:00
"Energy, Oil, Gas & Mining",ENERGIA GLOBAL S.A.P.I. DE C.V.,energiaglobal15.mx,Rodrigo Treviño,Jefe De Recursos Humanos,MANAGER,EXECUTIVE,rtreviño@energiaglobal15.mx,VERIFIED,85,+526345276173,2026-09-17T06:21:38.380930+00:00
"Energy, Oil, Gas & Mining",ENERGIA GLOBAL S.A.P.I. DE C.V.,energiaglobal.com,Raúl Reyes,Vice President (VP),VP,EXECUTIVE,rreyes@energiaglobal.com,VERIFIED,85,+528721768335,2026-09-17T06:21:38.380930+00:00
"Energy, Oil, Gas & Mining",ENERGIA INNOVADORA S.A. DE C.V.,energiainnovadora7.com,Alejandro Sánchez,Vice President (VP),VP,EXECUTIVE,asánchez@energiainnovadora7.com,VERIFIED,85,+523356966798,2026-09-17T06:21:38.400745+00:00
"Energy, Oil, Gas & Mining",ENERGIA SUPREMA S. DE R.L. DE C.V.,energiasuprema.com.mx,Jorge Sánchez,Chief Technology Officer (CTO),C_SUITE,ENGINEERING_IT,jsánchez@energiasuprema.com.mx,VERIFIED,85,+529828475974,2026-09-17T06:21:38.415800+00:00
"Energy, Oil, Gas & Mining",ENERGIA SUPREMA S. DE R.L. DE C.V.,energiasuprema.com.mx,Ignacio Sánchez,Chief Human Resources Officer (CHRO),C_SUITE,HR_PEOPLE,isánchez@energiasuprema.com.mx,VERIFIED,85,+526284172323,2026-09-17T06:21:38.415800+00:00
"Energy, Oil, Gas & Mining",ENERGIA SUPREMA S. DE R.L. DE C.V.,energiasuprema.com.mx,Carlos Medina,Jefe De Recursos Humanos,MANAGER,EXECUTIVE,cmedina@energiasuprema.com.mx,VERIFIED,85,+529147481131,2026-09-17T06:21:38.415800+00:00
"Energy, Oil, Gas & Mining",ENERGIA SUPREMA 47 S.A.S.,energiasuprema.com,Sofia Valenzuela,Director,DIRECTOR,EXECUTIVE,svalenzuela@energiasuprema.com,VERIFIED,85,+528965009024,2026-09-17T06:21:38.415800+00:00
"Energy, Oil, Gas & Mining",ENERGIA AVANZADA S.C.,energiaavanzada.mx,Claudia Medina,Sole Administrator / Owner,FOUNDER,EXECUTIVE,cmedina@energiaavanzada.mx,VERIFIED,85,+524591096027,2026-09-17T06:21:38.432501+00:00
"Energy, Oil, Gas & Mining",ENERGIA AVANZADA S.A. DE C.V.,energiaavanzada58.com.mx,Lorena Álvarez,Chief Executive Officer (CEO),C_SUITE,EXECUTIVE,lálvarez@energiaavanzada58.com.mx,VERIFIED,85,+524959205724,2026-09-17T06:21:38.432501+00:00
"Energy, Oil, Gas & Mining",ENERGIA ESPECIALIZADA 89 S.A. DE C.V.,energiaespecializa.mx,Ernesto Castro,Chief Security Officer (CSO),C_SUITE,OPERATIONS,ecastro@energiaespecializa.mx,VERIFIED,85,+527124923337,2026-09-17T06:21:38.474398+00:00
"Energy, Oil, Gas & Mining",ENERGIA ESPECIALIZADA S.A.P.I. DE C.V.,energiaespecializa.com.mx,Sofia Mendoza,Chief Procurement Officer (CPO),C_SUITE,PROCUREMENT,smendoza@energiaespecializa.com.mx,VERIFIED,85,+526223595284,2026-09-17T06:21:38.474398+00:00
"Energy, Oil, Gas & Mining",ENERGIA ESPECIALIZADA S. DE R.L. DE C.V.,energiaespecializa.com,Andrea Aguilar,Director,DIRECTOR,EXECUTIVE,aaguilar@energiaespecializa.com,VERIFIED,85,+527991604569,2026-09-17T06:21:38.474398+00:00
"Energy, Oil, Gas & Mining",ENERGIA DEL NORTE 6 S.A. DE C.V.,energiadelnorte55.mx,Raúl Ruiz,Chief Human Resources Officer (CHRO),C_SUITE,HR_PEOPLE,rruiz@energiadelnorte55.mx,VERIFIED,85,+527753025814,2026-09-17T06:21:38.494479+00:00
"Energy, Oil, Gas & Mining",ENERGIA DEL PACIFICO S.A. DE C.V.,energiadelpacifico.com,Gabriel Álvarez,Chief Financial Officer (CFO),C_SUITE,FINANCE,gálvarez@energiadelpacifico.com,VERIFIED,85,+524629043192,2026-09-17T06:21:38.494479+00:00
"Energy, Oil, Gas & Mining",ENERGIA DEL CENTRO S.C.,energiadelcentro29.com,Andrea Mendoza,Chief Technology Officer (CTO),C_SUITE,ENGINEERING_IT,amendoza@energiadelcentro29.com,VERIFIED,85,+527910484419,2026-09-17T06:21:38.494479+00:00
"Energy, Oil, Gas & Mining",ENERGIA DEL NORTE S.C.,energiadelnorte77.mx,Ernesto Herrera,Chief Revenue Officer (CRO),C_SUITE,SALES_MARKETING,eherrera@energiadelnorte77.mx,VERIFIED,85,+525765706144,2026-09-17T06:21:38.495477+00:00
"Energy, Oil, Gas & Mining",ENERGIA DEL NORTE S.A.B. DE C.V.,energiadelnorte.com,Verónica Benítez,Chief Operating Officer (COO),C_SUITE,OPERATIONS,vbenítez@energiadelnorte.com,VERIFIED,85,+525834181992,2026-09-17T06:21:38.495477+00:00
"Energy, Oil, Gas & Mining",ENERGIA INTERNACIONAL S.A. DE C.V.,energiainternacion.com.mx,Manuel Castillo,Co-Founder,FOUNDER,EXECUTIVE,mcastillo@energiainternacion.com.mx,VERIFIED,85,+525128741674,2026-09-17T06:21:38.496484+00:00
"Energy, Oil, Gas & Mining",ENERGIA INTERNACIONAL S. DE R.L. DE C.V.,energiainternacion.com,Gabriel Treviño,Chief Technology Officer (CTO),C_SUITE,ENGINEERING_IT,gtreviño@energiainternacion.com,VERIFIED,85,+524972143976,2026-09-17T06:21:38.496484+00:00
"Energy, Oil, Gas & Mining",ENERGIA INTERNACIONAL S. DE R.L. DE C.V.,energiainternacion.com,Manuel González,Chief Technology Officer (CTO),C_SUITE,ENGINEERING_IT,mgonzález@energiainternacion.com,VERIFIED,85,+524515446709,2026-09-17T06:21:38.496484+00:00
"Energy, Oil, Gas & Mining",ENERGIA SELECTA S. DE R.L. DE C.V.,energiaselecta.com,Roberto Villaseñor,Co-Founder,FOUNDER,EXECUTIVE,rvillaseñor@energiaselecta.com,VERIFIED,85,+524346658166,2026-09-17T06:21:38.499792+00:00
"Energy, Oil, Gas & Mining",ENERGIA SELECTA S. DE R.L. DE C.V.,energiaselecta.com,Verónica Torres,Founder,FOUNDER,EXECUTIVE,vtorres@energiaselecta.com,VERIFIED,85,+528868808528,2026-09-17T06:21:38.499792+00:00
"Energy, Oil, Gas & Mining",ENERGIA LATINOAMERICANA S.A.P.I. DE C.V.,energialatinoameri.mx,Patricia Medina,Chief Procurement Officer (CPO),C_SUITE,PROCUREMENT,pmedina@energialatinoameri.mx,VERIFIED,85,+528092973584,2026-09-17T06:21:38.505821+00:00
"Energy, Oil, Gas & Mining",ENERGIA LATINOAMERICANA S.A.P.I. DE C.V.,energialatinoameri.com.mx,David Sánchez,Chief Security Officer (CSO),C_SUITE,OPERATIONS,dsánchez@energialatinoameri.com.mx,VERIFIED,85,+525663157664,2026-09-17T06:21:38.506924+00:00
"Energy, Oil, Gas & Mining",ENERGIA LATINOAMERICANA S.A.P.I. DE C.V.,energialatinoameri.com.mx,Enrique Vega,Chief Human Resources Officer (CHRO),C_SUITE,HR_PEOPLE,evega@energialatinoameri.com.mx,VERIFIED,85,+528457502235,2026-09-17T06:21:38.506924+00:00
"Energy, Oil, Gas & Mining",ENERGIA LATINOAMERICANA S.A.B. DE C.V.,energialatinoameri.mx,Luis Vázquez,Chief Technology Officer (CTO),C_SUITE,ENGINEERING_IT,lvázquez@energialatinoameri.mx,VERIFIED,85,+527141092772,2026-09-17T06:21:38.506924+00:00
"Energy, Oil, Gas & Mining",ENERGIA LATINOAMERICANA S.A.B. DE C.V.,energialatinoameri.com.mx,Verónica Medina,Chief Operating Officer (COO),C_SUITE,OPERATIONS,vmedina@energialatinoameri.com.mx,VERIFIED,85,+524496382102,2026-09-17T06:21:38.506924+00:00
"Energy, Oil, Gas & Mining",ENERGIA EMPRESARIAL 54 S.A. DE C.V.,energiaempresarial.mx,Alfonso Flores,Chief Technology Officer (CTO),C_SUITE,ENGINEERING_IT,aflores@energiaempresarial.mx,VERIFIED,85,+526461559321,2026-09-17T06:21:38.610185+00:00
"Energy, Oil, Gas & Mining",ENERGIA EMPRESARIAL 54 S.A. DE C.V.,energiaempresarial.mx,Enrique Gómez,Sole Administrator / Owner,FOUNDER,EXECUTIVE,egómez@energiaempresarial.mx,VERIFIED,85,+527481348416,2026-09-17T06:21:38.610185+00:00
"Energy, Oil, Gas & Mining",ENERGIA EMPRESARIAL S.A. DE C.V.,energiaempresarial.com,Mauricio Mendoza,Vice President (VP),VP,EXECUTIVE,mmendoza@energiaempresarial.com,VERIFIED,85,+528473972673,2026-09-17T06:21:38.610185+00:00
"Energy, Oil, Gas & Mining",ENERGIA EMPRESARIAL S.A. DE C.V.,energiaempresarial.com,Ignacio Díaz,Chief Human Resources Officer (CHRO),C_SUITE,HR_PEOPLE,idíaz@energiaempresarial.com,VERIFIED,85,+527985111335,2026-09-17T06:21:38.610185+00:00
"Energy, Oil, Gas & Mining",ENERGIA EMPRESARIAL S.A. DE C.V.,energiaempresarial.com,Claudia Reyes,Vice President (VP),VP,EXECUTIVE,creyes@energiaempresarial.com,VERIFIED,85,+525757817386,2026-09-17T06:21:38.610185+00:00
"Energy, Oil, Gas & Mining",ENERGIA AVANZADA S.A.B. DE C.V.,energiaavanzada.com.mx,Guillermo Álvarez,Co-Founder,FOUNDER,EXECUTIVE,gálvarez@energiaavanzada.com.mx,VERIFIED,85,+525256697267,2026-09-17T06:21:38.679113+00:00
"Energy, Oil, Gas & Mining",ENERGIA AVANZADA S.A.B. DE C.V.,energiaavanzada.com.mx,Enrique Sánchez,Vice President (VP),VP,EXECUTIVE,esánchez@energiaavanzada.com,VERIFIED,85,+528156562768,2026-09-17T06:21:38.679113+00:00
"Energy, Oil, Gas & Mining",ENERGIA EMPRESARIAL 14 S. DE R.L. DE C.V.,energiaempresarial.mx,Ernesto Campos,Chief Revenue Officer (CRO),C_SUITE,SALES_MARKETING,ecampos@energiaempresarial.mx,VERIFIED,85,+528512730618,2026-09-17T06:21:38.689000+00:00
"Energy, Oil, Gas & Mining",ENERGIA EMPRESARIAL 86 S.A.P.I. DE C.V.,energiaempresarial.com.mx,Gabriel Castillo,Chief Executive Officer (CEO),C_SUITE,EXECUTIVE,gcastillo@energiaempresarial.com.mx,VERIFIED,85,+526933299574,2026-09-17T06:21:38.689000+00:00
"Energy, Oil, Gas & Mining",ENERGIA MEXICANA S. DE R.L. DE C.V.,energiamexicana22.mx,Guadalupe García,Chief Security Officer (CSO),C_SUITE,OPERATIONS,ggarcía@energiamexicana22.mx,VERIFIED,85,+529972917602,2026-09-17T06:21:38.705545+00:00
"Energy, Oil, Gas & Mining",ENERGIA MEXICANA S.A.B. DE C.V.,energiamexicana.mx,Arturo Benítez,Sole Administrator / Owner,FOUNDER,EXECUTIVE,abenítez@energiamexicana.mx,VERIFIED,85,+524695676229,2026-09-17T06:21:38.705545+00:00
"Energy, Oil, Gas & Mining",ENERGIA DEL PACIFICO S.A. DE C.V.,energiadelpacifico.com.mx,Ricardo Navarro,Vice President (VP),VP,EXECUTIVE,rnavarro@energiadelpacifico.com.mx,VERIFIED,85,+526894848949,2026-09-17T06:21:38.738991+00:00
"Energy, Oil, Gas & Mining",ENERGIA DEL CENTRO S. DE R.L. DE C.V.,energiadelcentro.com,Jorge Castillo,Sole Administrator / Owner,FOUNDER,EXECUTIVE,jcastillo@energiadelcentro.com,VERIFIED,85,+524171628968,2026-09-17T06:21:38.738991+00:00
"Energy, Oil, Gas & Mining",ENERGIA DEL BAJIO S.A.S.,energiadelbajio.com.mx,Raúl Vázquez,Director,DIRECTOR,EXECUTIVE,rvázquez@energiadelbajio.com.mx,VERIFIED,85,+525588339700,2026-09-17T06:21:38.738991+00:00
"Energy, Oil, Gas & Mining",ENERGIA DEL NORTE S.A.P.I. DE C.V.,energiadelnorte.mx,Alejandro Ramírez,Chief Human Resources Officer (CHRO),C_SUITE,HR_PEOPLE,aramírez@energiadelnorte.mx,VERIFIED,85,+526892297812,2026-09-17T06:21:38.738991+00:00
"Energy, Oil, Gas & Mining",ENERGIA DEL BAJIO S. DE R.L. DE C.V.,energiadelbajio48.mx,Carlos Reyes,Jefe De Recursos Humanos,MANAGER,EXECUTIVE,creyes@energiadelbajio48.mx,VERIFIED,85,+529341840454,2026-09-17T06:21:38.738991+00:00
"Energy, Oil, Gas & Mining",ENERGIA DEL BAJIO S.A.S.,energiadelbajio.mx,Fernando Treviño,Vice President (VP),VP,EXECUTIVE,ftreviño@energiadelbajio.mx,VERIFIED,85,+525752127195,2026-09-17T06:21:38.738991+00:00
"Energy, Oil, Gas & Mining",ENERGIA DEL PACIFICO S.A.P.I. DE C.V.,energiadelpacifico.com,Alejandro Flores,Chief Executive Officer (CEO),C_SUITE,EXECUTIVE,aflores@energiadelpacifico.com,VERIFIED,85,+525513868581,2026-09-17T06:21:38.738991+00:00
"Energy, Oil, Gas & Mining",ENERGIA DEL PACIFICO S.A. DE C.V.,energiadelpacifico.mx,Adriana Ruiz,Chief Security Officer (CSO),C_SUITE,OPERATIONS,aruiz@energiadelpacifico.mx,VERIFIED,85,+526450200330,2026-09-17T06:21:38.738991+00:00
"Energy, Oil, Gas & Mining",ENERGIA DINAMICA S.A.P.I. DE C.V.,energiadinamica.com.mx,Gabriel Martínez,Chief Marketing Officer (CMO),C_SUITE,SALES_MARKETING,gmartínez@energiadinamica.com.mx,VERIFIED,85,+528687567400,2026-09-17T06:21:38.747005+00:00
"Energy, Oil, Gas & Mining",ENERGIA CENTRAL S.A.B. DE C.V.,energiacentral47.mx,Miguel Hernández,Chief Procurement Officer (CPO),C_SUITE,PROCUREMENT,mhernández@energiacentral47.mx,VERIFIED,85,+526571031459,2026-09-17T06:21:38.752015+00:00
"Energy, Oil, Gas & Mining",ENERGIA CENTRAL S. DE R.L. DE C.V.,energiacentral.com.mx,Guillermo Navarro,Chief Technology Officer (CTO),C_SUITE,ENGINEERING_IT,gnavarro@energiacentral.com.mx,VERIFIED,85,+528673401317,2026-09-17T06:21:38.753000+00:00
"Energy, Oil, Gas & Mining",ENERGIA DEL PACIFICO S.A.P.I. DE C.V.,energiadelpacifico.com.mx,Mauricio Flores,Chief Revenue Officer (CRO),C_SUITE,SALES_MARKETING,mflores@energiadelpacifico.com.mx,VERIFIED,85,+524337517949,2026-09-17T06:21:38.774147+00:00
"Energy, Oil, Gas & Mining",ENERGIA DEL BAJIO S.A.S.,energiadelbajio.mx,Mauricio García,Vice President (VP),VP,EXECUTIVE,mgarcía@energiadelbajio.mx,VERIFIED,85,+528578494691,2026-09-17T06:21:38.774147+00:00
"Energy, Oil, Gas & Mining",ENERGIA DEL CENTRO 86 S.A.B. DE C.V.,energiadelcentro.com,David Morales,Chief Technology Officer (CTO),C_SUITE,ENGINEERING_IT,dmorales@energiadelcentro.com,VERIFIED,85,+524993398167,2026-09-17T06:21:38.774147+00:00
"Energy, Oil, Gas & Mining",ENERGIA DEL CENTRO 86 S.A.B. DE C.V.,energiadelcentro.com,Valeria Flores,Jefe De Recursos Humanos,MANAGER,EXECUTIVE,vflores@energiadelcentro.com,VERIFIED,85,+526122141609,2026-09-17T06:21:38.775220+00:00
"Energy, Oil, Gas & Mining",ENERGIA DEL NORTE S.A.P.I. DE C.V.,energiadelnorte62.mx,Miguel Ruiz,Chief Security Officer (CSO),C_SUITE,OPERATIONS,mruiz@energiadelnorte62.mx,VERIFIED,85,+526516364934,2026-09-17T06:21:38.775220+00:00
"Energy, Oil, Gas & Mining",ENERGIA DEL NORTE S.A. DE C.V.,energiadelnorte.mx,Lorena Navarro,Jefe De Recursos Humanos,MANAGER,EXECUTIVE,lnavarro@energiadelnorte.mx,VERIFIED,85,+528090206978,2026-09-17T06:21:38.775220+00:00
"Energy, Oil, Gas & Mining",ENERGIA DEL NORTE S.A. DE C.V.,energiadelnorte.mx,Valeria Díaz,Chief Technology Officer (CTO),C_SUITE,ENGINEERING_IT,vdíaz@energiadelnorte.mx,VERIFIED,85,+527815801071,2026-09-17T06:21:38.775220+00:00
"Energy, Oil, Gas & Mining",ENERGIA DEL NORTE S.A. DE C.V.,energiadelnorte.mx,Patricia Hernández,Chief Human Resources Officer (CHRO),C_SUITE,HR_PEOPLE,phernández@energiadelnorte.mx,VERIFIED,85,+528291438184,2026-09-17T06:21:38.775220+00:00
"Energy, Oil, Gas & Mining",ENERGIA DEL PACIFICO S.A.B. DE C.V.,energiadelpacifico.mx,Alfonso Salinas,Co-Founder,FOUNDER,EXECUTIVE,asalinas@energiadelpacifico.mx,VERIFIED,85,+526741559016,2026-09-17T06:21:38.775220+00:00
"Energy, Oil, Gas & Mining",ENERGIA DEL BAJIO S. DE R.L. DE C.V.,energiadelbajio.com.mx,Gabriel Castro,Chief Operating Officer (COO),C_SUITE,OPERATIONS,gcastro@energiadelbajio.com.mx,VERIFIED,85,+528799118270,2026-09-17T06:21:38.775220+00:00
"Energy, Oil, Gas & Mining",ENERGIA DEL CENTRO S. DE R.L. DE C.V.,energiadelcentro.mx,Enrique Herrera,Chief Financial Officer (CFO),C_SUITE,FINANCE,eherrera@energiadelcentro.mx,VERIFIED,85,+528751690313,2026-09-17T06:21:38.775220+00:00
"Energy, Oil, Gas & Mining",ENERGIA SELECTA S.A.B. DE C.V.,energiaselecta10.mx,Manuel Villaseñor,Chief Operating Officer (COO),C_SUITE,OPERATIONS,mvillaseñor@energiaselecta10.mx,VERIFIED,85,+527019877812,2026-09-17T06:21:38.779227+00:00
"Energy, Oil, Gas & Mining",ENERGIA SELECTA S.C.,energiaselecta.com.mx,Jorge Vázquez,Chief Financial Officer (CFO),C_SUITE,FINANCE,jvázquez@energiaselecta.com.mx,VERIFIED,85,+528636932539,2026-09-17T06:21:38.779227+00:00
"Energy, Oil, Gas & Mining",ENERGIA CENTRAL S.A. DE C.V.,energiacentral.com,Rodrigo Dominguez,Vice President (VP),VP,EXECUTIVE,rdominguez@energiacentral.com,VERIFIED,85,+526556367632,2026-09-17T06:21:38.828529+00:00
"Energy, Oil, Gas & Mining",ENERGIA CENTRAL S.A. DE C.V.,energiacentral.com,Gabriel Ramírez,Vice President (VP),VP,EXECUTIVE,gramírez@energiacentral.com,VERIFIED,85,+527988800450,2026-09-17T06:21:38.828529+00:00
"Energy, Oil, Gas & Mining",ENERGIA INTEGRAL 2 S.C.,energiaintegral97.mx,Luis López,Chief Financial Officer (CFO),C_SUITE,FINANCE,llópez@energiaintegral97.mx,VERIFIED,85,+527813753629,2026-09-17T06:21:38.882443+00:00
"Energy, Oil, Gas & Mining",ENERGIA PREMIER S.A.P.I. DE C.V.,energiapremier.com,Lorena Ramírez,Chief Revenue Officer (CRO),C_SUITE,SALES_MARKETING,lramírez@energiapremier.com,VERIFIED,85,+527431312195,2026-09-17T06:21:38.907967+00:00
"Energy, Oil, Gas & Mining",ENERGIA ESPECIALIZADA S.A. DE C.V.,energiaespecializa.com.mx,Guadalupe Díaz,Chief Operating Officer (COO),C_SUITE,OPERATIONS,gdíaz@energiaespecializa.com.mx,VERIFIED,85,+525621733600,2026-09-17T06:21:38.936666+00:00
"Energy, Oil, Gas & Mining",ENERGIA ESPECIALIZADA S.A. DE C.V.,energiaespecializa.com.mx,Rodrigo López,Chief Financial Officer (CFO),C_SUITE,FINANCE,rlópez@energiaespecializa.mx,VERIFIED,85,+525784063470,2026-09-17T06:21:38.936666+00:00
"Energy, Oil, Gas & Mining",ENERGIA ESPECIALIZADA S.C.,energiaespecializa.mx,Carlos Ramírez,Founder,FOUNDER,EXECUTIVE,cramírez@energiaespecializa.mx,VERIFIED,85,+527946075874,2026-09-17T06:21:38.936666+00:00
"Energy, Oil, Gas & Mining",ENERGIA ESPECIALIZADA S.C.,energiaespecializa.mx,Alfonso Hernández,Chief Technology Officer (CTO),C_SUITE,ENGINEERING_IT,ahernández@energiaespecializa.mx,VERIFIED,85,+529290717142,2026-09-17T06:21:38.936666+00:00
"Energy, Oil, Gas & Mining",ENERGIA ESPECIALIZADA S.A.S.,energiaespecializa.com,Mauricio Mendoza,Sole Administrator / Owner,FOUNDER,EXECUTIVE,mmendoza@energiaespecializa.com,VERIFIED,85,+525639392799,2026-09-17T06:21:38.936666+00:00
"Energy, Oil, Gas & Mining",ENERGIA CENTRAL 73 S.A.B. DE C.V.,energiacentral93.mx,Mariana Morales,Sole Administrator / Owner,FOUNDER,EXECUTIVE,mmorales@energiacentral93.mx,VERIFIED,85,+528161902110,2026-09-17T06:21:38.939660+00:00
"Energy, Oil, Gas & Mining",ENERGIA CENTRAL S.A.P.I. DE C.V.,energiacentral.mx,Sofia Dominguez,Vice President (VP),VP,EXECUTIVE,sdominguez@energiacentral.mx,VERIFIED,85,+528181827507,2026-09-17T06:21:38.939660+00:00
"Energy, Oil, Gas & Mining",ENERGIA DE LAS AMERICAS S.A.S.,energiadelasameric.com,Hector Dominguez,Chief Security Officer (CSO),C_SUITE,OPERATIONS,hdominguez@energiadelasameric.com,VERIFIED,85,+525840303265,2026-09-17T06:21:38.950200+00:00
"Energy, Oil, Gas & Mining",ENERGIA DE LAS AMERICAS S.A.S.,energiadelasameric.com,Raúl Díaz,Chief Financial Officer (CFO),C_SUITE,FINANCE,rdíaz@energiadelasameric.com,VERIFIED,85,+528226441590,2026-09-17T06:21:38.951207+00:00
"Energy, Oil, Gas & Mining",ENERGIA DE LAS AMERICAS S.A.B. DE C.V.,energiadelasameric.com.mx,Paulina Treviño,Co-Founder,FOUNDER,EXECUTIVE,ptreviño@energiadelasameric.com.mx,VERIFIED,85,+524763999495,2026-09-17T06:21:38.951207+00:00
"Energy, Oil, Gas & Mining",ENERGIA DE OCCIDENTE 11 S.A.S.,energiadeoccidente.com.mx,Paulina Flores,Chief Human Resources Officer (CHRO),C_SUITE,HR_PEOPLE,pflores@energiadeoccidente.com.mx,VERIFIED,85,+529111912508,2026-09-17T06:21:38.951207+00:00
"Energy, Oil, Gas & Mining",ENERGIA DE OCCIDENTE 11 S.A.S.,energiadeoccidente.com.mx,Eduardo Aguilar,Sole Administrator / Owner,FOUNDER,EXECUTIVE,eaguilar@energiadeoccidente.com.mx,VERIFIED,85,+524980041880,2026-09-17T06:21:38.951207+00:00
"Energy, Oil, Gas & Mining",ENERGIA SUPREMA S. DE R.L. DE C.V.,energiasuprema75.mx,Lorena García,Vice President (VP),VP,EXECUTIVE,lgarcía@energiasuprema75.mx,VERIFIED,85,+527234946289,2026-09-17T06:21:38.957199+00:00
"Energy, Oil, Gas & Mining",ENERGIA SUPREMA S. DE R.L. DE C.V.,energiasuprema75.mx,Carlos Sánchez,Chief Procurement Officer (CPO),C_SUITE,PROCUREMENT,csánchez@energiasuprema.com,VERIFIED,85,+526561404685,2026-09-17T06:21:38.957199+00:00
"Energy, Oil, Gas & Mining",ENERGIA SUPREMA S.C.,energiasuprema4.com.mx,Alejandro Valenzuela,Sole Administrator / Owner,FOUNDER,EXECUTIVE,avalenzuela@energiasuprema4.com.mx,VERIFIED,85,+527943807527,2026-09-17T06:21:38.957199+00:00
"Energy, Oil, Gas & Mining",ENERGIA NACIONAL S.A. DE C.V.,energianacional1.com.mx,Daniel Flores,Chief Technology Officer (CTO),C_SUITE,ENGINEERING_IT,dflores@energianacional1.com.mx,VERIFIED,85,+527793463160,2026-09-17T06:21:39.013682+00:00
"Energy, Oil, Gas & Mining",ENERGIA NACIONAL S.A.P.I. DE C.V.,energianacional64.mx,Claudia Dominguez,Sole Administrator / Owner,FOUNDER,EXECUTIVE,cdominguez@energianacional64.mx,VERIFIED,85,+529873650867,2026-09-17T06:21:39.013682+00:00
"Energy, Oil, Gas & Mining",ENERGIA MODERNA S.A.B. DE C.V.,energiamoderna.com,David Morales,Vice President (VP),VP,EXECUTIVE,dmorales@energiamoderna.com,VERIFIED,85,+525533848626,2026-09-17T06:21:39.018675+00:00
"Energy, Oil, Gas & Mining",ENERGIA MODERNA S.A.B. DE C.V.,energiamoderna.com,Andrea Gómez,Chief Revenue Officer (CRO),C_SUITE,SALES_MARKETING,agómez@energiamoderna.com,VERIFIED,85,+525544448837,2026-09-17T06:21:39.018675+00:00
"Energy, Oil, Gas & Mining",ENERGIA MODERNA S.A. DE C.V.,energiamoderna.mx,Arturo García,Founder,FOUNDER,EXECUTIVE,agarcía@energiamoderna.mx,VERIFIED,85,+525575276520,2026-09-17T06:21:39.018675+00:00
"Energy, Oil, Gas & Mining",ENERGIA EMPRESARIAL S.A.P.I. DE C.V.,energiaempresarial.com,Mauricio Vázquez,Vice President (VP),VP,EXECUTIVE,mvázquez@energiaempresarial.com,VERIFIED,85,+525580237998,2026-09-17T06:21:39.022671+00:00
"Energy, Oil, Gas & Mining",ENERGIA DEL CENTRO S.C.,energiadelcentro.com.mx,Rodrigo Ruiz,Vice President (VP),VP,EXECUTIVE,rruiz@energiadelcentro.com.mx,VERIFIED,85,+525777587247,2026-09-17T06:21:39.030661+00:00
"Energy, Oil, Gas & Mining",ENERGIA DEL PACIFICO S.C.,energiadelpacifico.com.mx,Ricardo Reyes,Chief Operating Officer (COO),C_SUITE,OPERATIONS,rreyes@energiadelpacifico.com.mx,VERIFIED,85,+529747406125,2026-09-17T06:21:39.030661+00:00
"Energy, Oil, Gas & Mining",ENERGIA DEL NORTE S.A.P.I. DE C.V.,energiadelnorte.com.mx,Mauricio Garza,Vice President (VP),VP,EXECUTIVE,mgarza@energiadelnorte.com.mx,VERIFIED,85,+524126648376,2026-09-17T06:21:39.030661+00:00
"Energy, Oil, Gas & Mining",ENERGIA DEL BAJIO S.C.,energiadelbajio.mx,Raúl Dominguez,Chief Technology Officer (CTO),C_SUITE,ENGINEERING_IT,rdominguez@energiadelbajio.mx,VERIFIED,85,+529543722596,2026-09-17T06:21:39.031664+00:00
"Energy, Oil, Gas & Mining",ENERGIA DEL BAJIO S.A.S.,energiadelbajio4.com,Ricardo Reyes,Co-Founder,FOUNDER,EXECUTIVE,rreyes@energiadelbajio4.com,VERIFIED,85,+524678309141,2026-09-17T06:21:39.032662+00:00
"Energy, Oil, Gas & Mining",ENERGIA DEL CENTRO S.A.S.,energiadelcentro.com.mx,Guillermo Vega,Sole Administrator / Owner,FOUNDER,EXECUTIVE,gvega@energiadelcentro.com.mx,VERIFIED,85,+524135553581,2026-09-17T06:21:39.032662+00:00
"Energy, Oil, Gas & Mining",ENERGIA DEL CENTRO S.A.S.,energiadelcentro.com.mx,Raúl Salinas,Chief Revenue Officer (CRO),C_SUITE,SALES_MARKETING,rsalinas@energiadelcentro.com.mx,VERIFIED,85,+529055486108,2026-09-17T06:21:39.032662+00:00
"Energy, Oil, Gas & Mining",ENERGIA DEL CENTRO S.A.S.,energiadelcentro.com.mx,Javier Aguilar,Chief Technology Officer (CTO),C_SUITE,ENGINEERING_IT,jaguilar@energiadelcentro.com.mx,VERIFIED,85,+526765096480,2026-09-17T06:21:39.032662+00:00
"Energy, Oil, Gas & Mining",ENERGIA DEL PACIFICO S.A.B. DE C.V.,energiadelpacifico.mx,Javier López,Director,DIRECTOR,EXECUTIVE,jlópez@energiadelpacifico.mx,VERIFIED,85,+527565062014,2026-09-17T06:21:39.032662+00:00
"Energy, Oil, Gas & Mining",ENERGIA DEL PACIFICO S.A.B. DE C.V.,energiadelpacifico.mx,Carlos Salinas,Chief Procurement Officer (CPO),C_SUITE,PROCUREMENT,csalinas@energiadelpacifico.mx,VERIFIED,85,+525454713966,2026-09-17T06:21:39.032662+00:00
"Energy, Oil, Gas & Mining",ENERGIA DEL BAJIO S.A.B. DE C.V.,energiadelbajio.com.mx,Alejandro Valenzuela,Chief Operating Officer (COO),C_SUITE,OPERATIONS,avalenzuela@energiadelbajio.com.mx,VERIFIED,85,+527134025063,2026-09-17T06:21:39.033661+00:00
"Energy, Oil, Gas & Mining",ENERGIA DEL BAJIO S.A.B. DE C.V.,energiadelbajio.com.mx,Valeria Mendoza,Chief Security Officer (CSO),C_SUITE,OPERATIONS,vmendoza@energiadelbajio13.com,VERIFIED,85,+525227978795,2026-09-17T06:21:39.033661+00:00
"Energy, Oil, Gas & Mining",ENERGIA DEL CENTRO S.A. DE C.V.,energiadelcentro58.com,Claudia Salinas,Chief Procurement Officer (CPO),C_SUITE,PROCUREMENT,csalinas@energiadelcentro58.com,VERIFIED,85,+529256792972,2026-09-17T06:21:39.033661+00:00
"Energy, Oil, Gas & Mining",ENERGIA DEL NORTE S.A. DE C.V.,energiadelnorte.com,Ignacio Treviño,Jefe De Recursos Humanos,MANAGER,EXECUTIVE,itreviño@energiadelnorte.com,VERIFIED,85,+529297821407,2026-09-17T06:21:39.033661+00:00
"Energy, Oil, Gas & Mining",ENERGIA DEL PACIFICO S.A.P.I. DE C.V.,energiadelpacifico.com.mx,Luis Vázquez,Chief Technology Officer (CTO),C_SUITE,ENGINEERING_IT,lvázquez@energiadelpacifico.com.mx,VERIFIED,85,+524262019977,2026-09-17T06:21:39.033661+00:00
"Energy, Oil, Gas & Mining",ENERGIA DEL NORTE S.A.B. DE C.V.,energiadelnorte.com.mx,Paulina Herrera,Chief Revenue Officer (CRO),C_SUITE,SALES_MARKETING,pherrera@energiadelnorte.com.mx,VERIFIED,85,+528161068921,2026-09-17T06:21:39.033661+00:00
"Energy, Oil, Gas & Mining",ENERGIA DEL BAJIO S.A.P.I. DE C.V.,energiadelbajio.com,Hector Herrera,Chief Revenue Officer (CRO),C_SUITE,SALES_MARKETING,hherrera@energiadelbajio.com,VERIFIED,85,+523346462150,2026-09-17T06:21:39.035657+00:00
"Energy, Oil, Gas & Mining",ENERGIA DEL BAJIO S.A.P.I. DE C.V.,energiadelbajio.com,Hector Vázquez,Sole Administrator / Owner,FOUNDER,EXECUTIVE,hvázquez@energiadelbajio.com,VERIFIED,85,+523349098139,2026-09-17T06:21:39.035657+00:00
"Energy, Oil, Gas & Mining",ENERGIA DEL PACIFICO S. DE R.L. DE C.V.,energiadelpacifico.com,Guadalupe Castro,Chief Revenue Officer (CRO),C_SUITE,SALES_MARKETING,gcastro@energiadelpacifico.com,VERIFIED,85,+523322925009,2026-09-17T06:21:39.035657+00:00
"Energy, Oil, Gas & Mining",ENERGIA DEL BAJIO S.A.B. DE C.V.,energiadelbajio94.mx,Claudia Sánchez,Chief Marketing Officer (CMO),C_SUITE,SALES_MARKETING,csánchez@energiadelbajio94.mx,VERIFIED,85,+523350056782,2026-09-17T06:21:39.035657+00:00
"Energy, Oil, Gas & Mining",ENERGIA DEL BAJIO S.A.P.I. DE C.V.,energiadelbajio91.mx,Verónica Villaseñor,Chief Technology Officer (CTO),C_SUITE,ENGINEERING_IT,vvillaseñor@energiadelbajio91.mx,VERIFIED,85,+523376337635,2026-09-17T06:21:39.035657+00:00
"Energy, Oil, Gas & Mining",ENERGIA DEL NORTE S. DE R.L. DE C.V.,energiadelnorte2.com.mx,Javier Garza,Chief Operating Officer (COO),C_SUITE,OPERATIONS,jgarza@energiadelnorte2.com.mx,VERIFIED,85,+523337041316,2026-09-17T06:21:39.035657+00:00
"Energy, Oil, Gas & Mining",ENERGIA DEL NORTE S.A.S.,energiadelnorte.com,Verónica Alarcón,Director,DIRECTOR,EXECUTIVE,valarcón@energiadelnorte.com,VERIFIED,85,+527998480308,2026-09-17T06:21:39.035657+00:00
"Energy, Oil, Gas & Mining",ENERGIA DEL NORTE S.C.,energiadelnorte.com.mx,Patricia Medina,Co-Founder,FOUNDER,EXECUTIVE,pmedina@energiadelnorte.com.mx,VERIFIED,85,+529327230179,2026-09-17T06:21:39.035657+00:00
"Energy, Oil, Gas & Mining",ENERGIA DEL NORTE S.C.,energiadelnorte.com.mx,Roberto López,Founder,FOUNDER,EXECUTIVE,rlópez@energiadelnorte.com.mx,VERIFIED,85,+529069349583,2026-09-17T06:21:39.035657+00:00
"Energy, Oil, Gas & Mining",ENERGIA DEL CENTRO S. DE R.L. DE C.V.,energiadelcentro.com.mx,Verónica Reyes,Chief Marketing Officer (CMO),C_SUITE,SALES_MARKETING,vreyes@energiadelcentro.com.mx,VERIFIED,85,+525222018559,2026-09-17T06:21:39.035657+00:00
"Energy, Oil, Gas & Mining",ENERGIA DEL PACIFICO S.A.P.I. DE C.V.,energiadelpacifico.com.mx,Eduardo Díaz,Vice President (VP),VP,EXECUTIVE,edíaz@energiadelpacifico.com.mx,VERIFIED,85,+526521957417,2026-09-17T06:21:39.036669+00:00
"Energy, Oil, Gas & Mining",ENERGIA AVANZADA S.A.S.,energiaavanzada.com.mx,Arturo Herrera,Chief Security Officer (CSO),C_SUITE,OPERATIONS,aherrera@energiaavanzada.com.mx,VERIFIED,85,+528361642805,2026-09-17T06:21:39.061760+00:00
"Energy, Oil, Gas & Mining",ENERGIA AVANZADA S.A.P.I. DE C.V.,energiaavanzada.com,Carlos González,Chief Marketing Officer (CMO),C_SUITE,SALES_MARKETING,cgonzález@energiaavanzada.com,VERIFIED,85,+528498426661,2026-09-17T06:21:39.061760+00:00
"Energy, Oil, Gas & Mining",ENERGIA AVANZADA S.A.B. DE C.V.,energiaavanzada.mx,Roberto Navarro,Chief Human Resources Officer (CHRO),C_SUITE,HR_PEOPLE,rnavarro@energiaavanzada.mx,VERIFIED,85,+524021517436,2026-09-17T06:21:39.061760+00:00
"Energy, Oil, Gas & Mining",ENERGIA MEXICANA 42 S.A.S.,energiamexicana.com,Lorena Sánchez,Chief Security Officer (CSO),C_SUITE,OPERATIONS,lsánchez@energiamexicana.com,VERIFIED,85,+524086504767,2026-09-17T06:21:39.066659+00:00
"Energy, Oil, Gas & Mining",ENERGIA MEXICANA S.C.,energiamexicana47.mx,Sofia Díaz,Director,DIRECTOR,EXECUTIVE,sdíaz@energiamexicana47.mx,VERIFIED,85,+528045713832,2026-09-17T06:21:39.066659+00:00
"Energy, Oil, Gas & Mining",ENERGIA MEXICANA S.C.,energiamexicana20.com,Ricardo Villaseñor,Chief Marketing Officer (CMO),C_SUITE,SALES_MARKETING,rvillaseñor@energiamexicana20.com,VERIFIED,85,+529778592700,2026-09-17T06:21:39.066659+00:00
"Energy, Oil, Gas & Mining",ENERGIA DINAMICA S.A.B. DE C.V.,energiadinamica49.com,Eduardo Torres,Founder,FOUNDER,EXECUTIVE,etorres@energiadinamica49.com,VERIFIED,85,+528856665398,2026-09-17T06:21:39.078763+00:00
"Energy, Oil, Gas & Mining",ENERGIA DINAMICA S.A.B. DE C.V.,energiadinamica49.com,Alfonso Álvarez,Chief Technology Officer (CTO),C_SUITE,ENGINEERING_IT,aálvarez@energiadinamica.com,VERIFIED,85,+529463247628,2026-09-17T06:21:39.078763+00:00
"Energy, Oil, Gas & Mining",ENERGIA DINAMICA S.A. DE C.V.,energiadinamica.mx,Mariana López,Chief Executive Officer (CEO),C_SUITE,EXECUTIVE,mlópez@energiadinamica.mx,VERIFIED,85,+529181774619,2026-09-17T06:21:39.078763+00:00
"Energy, Oil, Gas & Mining",ENERGIA INDUSTRIAL 70 S.A.P.I. DE C.V.,energiaindustrial.mx,Adriana Gómez,Chief Executive Officer (CEO),C_SUITE,EXECUTIVE,agómez@energiaindustrial.mx,VERIFIED,85,+525969674312,2026-09-17T06:21:39.085331+00:00
"Energy, Oil, Gas & Mining",ENERGIA INDUSTRIAL S.C.,energiaindustrial.com,Verónica Ramírez,Chief Executive Officer (CEO),C_SUITE,EXECUTIVE,vramírez@energiaindustrial.com,VERIFIED,85,+528821267368,2026-09-17T06:21:39.085331+00:00
"Energy, Oil, Gas & Mining",ENERGIA INDUSTRIAL 28 S.A.S.,energiaindustrial6.com.mx,Guillermo Villaseñor,Chief Technology Officer (CTO),C_SUITE,ENGINEERING_IT,gvillaseñor@energiaindustrial6.com.mx,VERIFIED,85,+527261669066,2026-09-17T06:21:39.085331+00:00
"Energy, Oil, Gas & Mining",ENERGIA CENTRAL S.A.S.,energiacentral.com,Arturo Torres,Chief Procurement Officer (CPO),C_SUITE,PROCUREMENT,atorres@energiacentral.com,VERIFIED,85,+525263192654,2026-09-17T06:21:39.129254+00:00
"Energy, Oil, Gas & Mining",ENERGIA CENTRAL S.A.S.,energiacentral.com,Valeria Dominguez,Chief Executive Officer (CEO),C_SUITE,EXECUTIVE,vdominguez@energiacentral.com,VERIFIED,85,+525440340907,2026-09-17T06:21:39.129254+00:00
"Energy, Oil, Gas & Mining",ENERGIA ESPECIALIZADA S.A.S.,energiaespecializa.mx,Arturo Dominguez,Chief Marketing Officer (CMO),C_SUITE,SALES_MARKETING,adominguez@energiaespecializa.mx,VERIFIED,85,+527646266897,2026-09-17T06:21:39.134252+00:00
"Energy, Oil, Gas & Mining",ENERGIA ESPECIALIZADA S.A.S.,energiaespecializa.mx,Mariana Sánchez,Chief Technology Officer (CTO),C_SUITE,ENGINEERING_IT,msánchez@energiaespecializa.mx,VERIFIED,85,+529418935112,2026-09-17T06:21:39.134252+00:00
"Energy, Oil, Gas & Mining",ENERGIA ESPECIALIZADA 51 S.A.S.,energiaespecializa.com,Roberto Castillo,Co-Founder,FOUNDER,EXECUTIVE,rcastillo@energiaespecializa.com,VERIFIED,85,+525334732517,2026-09-17T06:21:39.134252+00:00
"Energy, Oil, Gas & Mining",ENERGIA ESPECIALIZADA S.A.B. DE C.V.,energiaespecializa.com.mx,Javier Villaseñor,Chief Financial Officer (CFO),C_SUITE,FINANCE,jvillaseñor@energiaespecializa.com.mx,VERIFIED,85,+527558287566,2026-09-17T06:21:39.134252+00:00
"Energy, Oil, Gas & Mining",ENERGIA EMPRESARIAL S.A.P.I. DE C.V.,energiaempresarial.com,Eduardo Villaseñor,Chief Security Officer (CSO),C_SUITE,OPERATIONS,evillaseñor@energiaempresarial.com,VERIFIED,85,+528110671896,2026-09-17T06:21:39.154266+00:00
"Energy, Oil, Gas & Mining",ENERGIA EMPRESARIAL S.A.P.I. DE C.V.,energiaempresarial.com,Alfonso Villaseñor,Chief Human Resources Officer (CHRO),C_SUITE,HR_PEOPLE,avillaseñor@energiaempresarial.com,VERIFIED,85,+528161147716,2026-09-17T06:21:39.154266+00:00
"Energy, Oil, Gas & Mining",ENERGIA NACIONAL S. DE R.L. DE C.V.,energianacional.com,Patricia Medina,Chief Revenue Officer (CRO),C_SUITE,SALES_MARKETING,pmedina@energianacional.com,VERIFIED,85,+523332508579,2026-09-17T06:21:39.211592+00:00
"Energy, Oil, Gas & Mining",ENERGIA NACIONAL S.A.B. DE C.V.,energianacional.mx,Enrique Herrera,Chief Financial Officer (CFO),C_SUITE,FINANCE,eherrera@energianacional.mx,VERIFIED,85,+523396973504,2026-09-17T06:21:39.211592+00:00
"Energy, Oil, Gas & Mining",ENERGIA NACIONAL 17 S.C.,energianacional.com.mx,Claudia Alarcón,Chief Executive Officer (CEO),C_SUITE,EXECUTIVE,calarcón@energianacional.com.mx,VERIFIED,85,+523330827282,2026-09-17T06:21:39.211592+00:00
"Energy, Oil, Gas & Mining",ENERGIA DEL PACIFICO S.A.P.I. DE C.V.,energiadelpacifico.mx,Carlos Valenzuela,Founder,FOUNDER,EXECUTIVE,cvalenzuela@energiadelpacifico.mx,VERIFIED,85,+529471581844,2026-09-17T06:21:39.240601+00:00
"Energy, Oil, Gas & Mining",ENERGIA DEL CENTRO 9 S.A.S.,energiadelcentro.com.mx,Javier Alarcón,Vice President (VP),VP,EXECUTIVE,jalarcón@energiadelcentro.com.mx,VERIFIED,85,+526986716511,2026-09-17T06:21:39.240601+00:00
"Energy, Oil, Gas & Mining",ENERGIA DEL CENTRO 9 S.A.S.,energiadelcentro.com.mx,Ignacio Castillo,Sole Administrator / Owner,FOUNDER,EXECUTIVE,icastillo@energiadelcentro.com.mx,VERIFIED,85,+529921536893,2026-09-17T06:21:39.240601+00:00
"Energy, Oil, Gas & Mining",ENERGIA DEL NORTE S. DE R.L. DE C.V.,energiadelnorte.com,Andrea Herrera,Vice President (VP),VP,EXECUTIVE,aherrera@energiadelnorte.com,VERIFIED,85,+526717472186,2026-09-17T06:21:39.240601+00:00
"Energy, Oil, Gas & Mining",ENERGIA DEL NORTE S.A. DE C.V.,energiadelnorte.com.mx,Manuel Martínez,Founder,FOUNDER,EXECUTIVE,mmartínez@energiadelnorte.com.mx,VERIFIED,85,+528841179108,2026-09-17T06:21:39.240601+00:00
"Energy, Oil, Gas & Mining",ENERGIA DEL NORTE S.A.P.I. DE C.V.,energiadelnorte.mx,Guadalupe Valenzuela,Chief Financial Officer (CFO),C_SUITE,FINANCE,gvalenzuela@energiadelnorte.mx,VERIFIED,85,+524632059798,2026-09-17T06:21:39.240601+00:00
"Energy, Oil, Gas & Mining",ENERGIA DEL BAJIO S.A.P.I. DE C.V.,energiadelbajio.mx,Mariana Valenzuela,Chief Operating Officer (COO),C_SUITE,OPERATIONS,mvalenzuela@energiadelbajio.mx,VERIFIED,85,+526619326953,2026-09-17T06:21:39.240601+00:00
"Energy, Oil, Gas & Mining",ENERGIA DEL BAJIO S.A. DE C.V.,energiadelbajio.com,Sofia Herrera,Chief Marketing Officer (CMO),C_SUITE,SALES_MARKETING,sherrera@energiadelbajio.com,VERIFIED,85,+527946393902,2026-09-17T06:21:39.243660+00:00
"Energy, Oil, Gas & Mining",ENERGIA DEL NORTE 31 S.C.,energiadelnorte.com.mx,Daniel López,Chief Financial Officer (CFO),C_SUITE,FINANCE,dlópez@energiadelnorte.com.mx,VERIFIED,85,+527775768396,2026-09-17T06:21:39.243660+00:00
"Energy, Oil, Gas & Mining",ENERGIA DEL BAJIO S.C.,energiadelbajio.com.mx,Mauricio Reyes,Chief Security Officer (CSO),C_SUITE,OPERATIONS,mreyes@energiadelbajio.com.mx,VERIFIED,85,+528193838741,2026-09-17T06:21:39.243660+00:00
"Energy, Oil, Gas & Mining",ENERGIA DEL NORTE S.A.B. DE C.V.,energiadelnorte84.com,Miguel Díaz,Chief Security Officer (CSO),C_SUITE,OPERATIONS,mdíaz@energiadelnorte84.com,VERIFIED,85,+525483783006,2026-09-17T06:21:39.243660+00:00
"Energy, Oil, Gas & Mining",ENERGIA DEL NORTE S.A.B. DE C.V.,energiadelnorte84.com,Patricia Salinas,Vice President (VP),VP,EXECUTIVE,psalinas@energiadelnorte.com,VERIFIED,85,+528495114459,2026-09-17T06:21:39.243660+00:00
"Energy, Oil, Gas & Mining",ENERGIA DEL PACIFICO S.C.,energiadelpacifico.mx,Alfonso García,Founder,FOUNDER,EXECUTIVE,agarcía@energiadelpacifico.mx,VERIFIED,85,+527479937856,2026-09-17T06:21:39.243660+00:00
"Energy, Oil, Gas & Mining",ENERGIA DEL PACIFICO S.C.,energiadelpacifico.mx,Mariana Morales,Vice President (VP),VP,EXECUTIVE,mmorales@energiadelpacifico.mx,VERIFIED,85,+528026108520,2026-09-17T06:21:39.243660+00:00
"Energy, Oil, Gas & Mining",ENERGIA DEL PACIFICO S.C.,energiadelpacifico.mx,Mauricio Díaz,Vice President (VP),VP,EXECUTIVE,mdíaz@energiadelpacifico.mx,VERIFIED,85,+525391510497,2026-09-17T06:21:39.243660+00:00
"Energy, Oil, Gas & Mining",ENERGIA DEL PACIFICO S.A.S.,energiadelpacifico.com.mx,Paulina Alarcón,Chief Technology Officer (CTO),C_SUITE,ENGINEERING_IT,palarcón@energiadelpacifico.com.mx,VERIFIED,85,+526089757689,2026-09-17T06:21:39.243660+00:00
"Energy, Oil, Gas & Mining",ENERGIA DEL PACIFICO S.A.S.,energiadelpacifico.com.mx,Mariana Díaz,Chief Technology Officer (CTO),C_SUITE,ENGINEERING_IT,mdíaz@energiadelpacifico.com.mx,VERIFIED,85,+525752805712,2026-09-17T06:21:39.243660+00:00
"Energy, Oil, Gas & Mining",ENERGIA DEL PACIFICO S.A.S.,energiadelpacifico.com.mx,Verónica Castillo,Chief Financial Officer (CFO),C_SUITE,FINANCE,vcastillo@energiadelpacifico.com.mx,VERIFIED,85,+529866754490,2026-09-17T06:21:39.243660+00:00
"Energy, Oil, Gas & Mining",ENERGIA DEL CENTRO S.A.B. DE C.V.,energiadelcentro99.mx,Sofia Aguilar,Chief Operating Officer (COO),C_SUITE,OPERATIONS,saguilar@energiadelcentro99.mx,VERIFIED,85,+527422308901,2026-09-17T06:21:39.243660+00:00
"Energy, Oil, Gas & Mining",ENERGIA DEL NORTE S.A. DE C.V.,energiadelnorte.mx,Jorge Mendoza,Chief Marketing Officer (CMO),C_SUITE,SALES_MARKETING,jmendoza@energiadelnorte.mx,VERIFIED,85,+527323436949,2026-09-17T06:21:39.244610+00:00
"Energy, Oil, Gas & Mining",ENERGIA PREMIER S.A. DE C.V.,energiapremier44.mx,Eduardo Villaseñor,Co-Founder,FOUNDER,EXECUTIVE,evillaseñor@energiapremier44.mx,VERIFIED,85,+524711769830,2026-09-17T06:21:39.255822+00:00
"Energy, Oil, Gas & Mining",ENERGIA PREMIER S.A. DE C.V.,energiapremier44.mx,Alejandro Salinas,Chief Executive Officer (CEO),C_SUITE,EXECUTIVE,asalinas@energiapremier5.com.mx,VERIFIED,85,+525337111900,2026-09-17T06:21:39.255822+00:00
"Energy, Oil, Gas & Mining",ENERGIA MODERNA S.C.,energiamoderna.com.mx,Eduardo García,Founder,FOUNDER,EXECUTIVE,egarcía@energiamoderna.com.mx,VERIFIED,85,+523332406049,2026-09-17T06:21:39.259826+00:00
"Energy, Oil, Gas & Mining",ENERGIA MODERNA S.C.,energiamoderna.com.mx,Lorena Garza,Vice President (VP),VP,EXECUTIVE,lgarza@energiamoderna.com.mx,VERIFIED,85,+523318506175,2026-09-17T06:21:39.259826+00:00
"Energy, Oil, Gas & Mining",ENERGIA MODERNA 8 S.A.P.I. DE C.V.,energiamoderna.com,Ernesto Dominguez,Co-Founder,FOUNDER,EXECUTIVE,edominguez@energiamoderna.com,VERIFIED,85,+523384665430,2026-09-17T06:21:39.259826+00:00
"Energy, Oil, Gas & Mining",ENERGIA GLOBAL S.C.,energiaglobal20.mx,Guadalupe Campos,Chief Security Officer (CSO),C_SUITE,OPERATIONS,gcampos@energiaglobal20.mx,VERIFIED,85,+527428294482,2026-09-17T06:21:39.305555+00:00
"Energy, Oil, Gas & Mining",ENERGIA GLOBAL S.A.P.I. DE C.V.,energiaglobal16.mx,Rodrigo Dominguez,Chief Human Resources Officer (CHRO),C_SUITE,HR_PEOPLE,rdominguez@energiaglobal16.mx,VERIFIED,85,+529671958206,2026-09-17T06:21:39.305555+00:00
"Energy, Oil, Gas & Mining",ENERGIA GLOBAL 86 S. DE R.L. DE C.V.,energiaglobal.mx,Sofia Dominguez,Chief Human Resources Officer (CHRO),C_SUITE,HR_PEOPLE,sdominguez@energiaglobal.mx,VERIFIED,85,+524178197514,2026-09-17T06:21:39.305555+00:00
"Energy, Oil, Gas & Mining",ENERGIA DE OCCIDENTE S.A.S.,energiadeoccidente.com.mx,Lorena Torres,Vice President (VP),VP,EXECUTIVE,ltorres@energiadeoccidente.com.mx,VERIFIED,85,+529042427930,2026-09-17T06:21:39.320303+00:00
"Energy, Oil, Gas & Mining",ENERGIA DE OCCIDENTE 24 S.A.S.,energiadeoccidente.mx,Gabriel Álvarez,Chief Executive Officer (CEO),C_SUITE,EXECUTIVE,gálvarez@energiadeoccidente.mx,VERIFIED,85,+529599384893,2026-09-17T06:21:39.320303+00:00
"Energy, Oil, Gas & Mining",ENERGIA DE OCCIDENTE 24 S.A.S.,energiadeoccidente.mx,Ignacio Navarro,Chief Technology Officer (CTO),C_SUITE,ENGINEERING_IT,inavarro@energiadeoccidente.mx,VERIFIED,85,+525448202920,2026-09-17T06:21:39.321292+00:00
"Energy, Oil, Gas & Mining",ENERGIA DE OCCIDENTE S.C.,energiadeoccidente.com,Roberto Ruiz,Chief Executive Officer (CEO),C_SUITE,EXECUTIVE,rruiz@energiadeoccidente.com,VERIFIED,85,+529541270194,2026-09-17T06:21:39.321292+00:00
"Energy, Oil, Gas & Mining",ENERGIA DE OCCIDENTE S.C.,energiadeoccidente.com,Rodrigo Garza,Chief Revenue Officer (CRO),C_SUITE,SALES_MARKETING,rgarza@energiadeoccidente.com,VERIFIED,85,+525264892826,2026-09-17T06:21:39.321292+00:00
"Energy, Oil, Gas & Mining",ENERGIA DE LAS AMERICAS S.A.B. DE C.V.,energiadelasameric.com,Ricardo Valenzuela,Chief Technology Officer (CTO),C_SUITE,ENGINEERING_IT,rvalenzuela@energiadelasameric.com,VERIFIED,85,+529626799436,2026-09-17T06:21:39.321292+00:00
"Energy, Oil, Gas & Mining",ENERGIA DE LAS AMERICAS S. DE R.L. DE C.V.,energiadelasameric.com.mx,Daniel Valenzuela,Chief Marketing Officer (CMO),C_SUITE,SALES_MARKETING,dvalenzuela@energiadelasameric.com.mx,VERIFIED,85,+526074215386,2026-09-17T06:21:39.321292+00:00
"Energy, Oil, Gas & Mining",ENERGIA INNOVADORA S.A.S.,energiainnovadora.com,Luis Álvarez,Vice President (VP),VP,EXECUTIVE,lálvarez@energiainnovadora.com,VERIFIED,85,+527516164835,2026-09-17T06:21:39.321292+00:00
"Energy, Oil, Gas & Mining",ENERGIA INNOVADORA S.A.S.,energiainnovadora.com,Mauricio Ramírez,Chief Operating Officer (COO),C_SUITE,OPERATIONS,mramírez@energiainnovadora.com,VERIFIED,85,+524952582365,2026-09-17T06:21:39.321292+00:00
"Energy, Oil, Gas & Mining",ENERGIA INNOVADORA S.C.,energiainnovadora.mx,Enrique Campos,Vice President (VP),VP,EXECUTIVE,ecampos@energiainnovadora.mx,VERIFIED,85,+527840105310,2026-09-17T06:21:39.321292+00:00
"Energy, Oil, Gas & Mining",ENERGIA INNOVADORA S.C.,energiainnovadora.mx,Roberto Mendoza,Co-Founder,FOUNDER,EXECUTIVE,rmendoza@energiainnovadora7.mx,VERIFIED,85,+529832226388,2026-09-17T06:21:39.321292+00:00
"Energy, Oil, Gas & Mining",ENERGIA INNOVADORA S.C.,energiainnovadora.mx,Luis Vázquez,Chief Technology Officer (CTO),C_SUITE,ENGINEERING_IT,lvázquez@energiainnovadora.mx,VERIFIED,85,+529231140437,2026-09-17T06:21:39.321292+00:00
"Energy, Oil, Gas & Mining",ENERGIA INNOVADORA S.A. DE C.V.,energiainnovadora.com.mx,Patricia Vázquez,Sole Administrator / Owner,FOUNDER,EXECUTIVE,pvázquez@energiainnovadora.com.mx,VERIFIED,85,+527482004313,2026-09-17T06:21:39.321292+00:00
"Energy, Oil, Gas & Mining",ENERGIA DE LAS AMERICAS S.A.P.I. DE C.V.,energiadelasameric.com.mx,Alfonso Medina,Jefe De Recursos Humanos,MANAGER,EXECUTIVE,amedina@energiadelasameric.com.mx,VERIFIED,85,+526248526698,2026-09-17T06:21:39.374914+00:00
"Energy, Oil, Gas & Mining",ENERGIA CENTRAL 55 S.A.B. DE C.V.,energiacentral.mx,Ernesto González,Director,DIRECTOR,EXECUTIVE,egonzález@energiacentral.mx,VERIFIED,85,+524412710606,2026-09-17T06:21:39.378618+00:00
"Energy, Oil, Gas & Mining",ENERGIA CENTRAL S.C.,energiacentral.com,Enrique Castillo,Chief Operating Officer (COO),C_SUITE,OPERATIONS,ecastillo@energiacentral.com,VERIFIED,85,+526714956396,2026-09-17T06:21:39.379639+00:00
"Energy, Oil, Gas & Mining",ENERGIA CENTRAL S.C.,energiacentral.com,Enrique Campos,Chief Operating Officer (COO),C_SUITE,OPERATIONS,ecampos@energiacentral.com.mx,VERIFIED,85,+526456602532,2026-09-17T06:21:39.379639+00:00
"Energy, Oil, Gas & Mining",ENERGIA CENTRAL S.C.,energiacentral.com.mx,Ricardo Treviño,Chief Revenue Officer (CRO),C_SUITE,SALES_MARKETING,rtreviño@energiacentral.com.mx,VERIFIED,85,+527791209301,2026-09-17T06:21:39.379639+00:00
"Energy, Oil, Gas & Mining",ENERGIA LATINOAMERICANA 17 S.A.P.I. DE C.V.,energialatinoameri.com,Gabriel Treviño,Director,DIRECTOR,EXECUTIVE,gtreviño@energialatinoameri.com,VERIFIED,85,+523387961582,2026-09-17T06:21:39.410208+00:00
"Energy, Oil, Gas & Mining",ENERGIA LATINOAMERICANA 17 S.A.P.I. DE C.V.,energialatinoameri.com,Sofia López,Chief Procurement Officer (CPO),C_SUITE,PROCUREMENT,slópez@energialatinoameri.com,VERIFIED,85,+523339642467,2026-09-17T06:21:39.410208+00:00
"Energy, Oil, Gas & Mining",ENERGIA LATINOAMERICANA S.A.B. DE C.V.,energialatinoameri.com.mx,Luis Morales,Chief Security Officer (CSO),C_SUITE,OPERATIONS,lmorales@energialatinoameri.com.mx,VERIFIED,85,+523391056764,2026-09-17T06:21:39.410208+00:00
"Energy, Oil, Gas & Mining",ENERGIA LATINOAMERICANA S.A.B. DE C.V.,energialatinoameri.com.mx,David Vázquez,Chief Procurement Officer (CPO),C_SUITE,PROCUREMENT,dvázquez@energialatinoameri.com.mx,VERIFIED,85,+523314743629,2026-09-17T06:21:39.410208+00:00
"Energy, Oil, Gas & Mining",ENERGIA LATINOAMERICANA S.A.B. DE C.V.,energialatinoameri.com.mx,Mariana Flores,Chief Procurement Officer (CPO),C_SUITE,PROCUREMENT,mflores@energialatinoameri.com.mx,VERIFIED,85,+523399859788,2026-09-17T06:21:39.410208+00:00
"Energy, Oil, Gas & Mining",ENERGIA DEL BAJIO 70 S.A.S.,energiadelbajio.mx,David Martínez,Chief Financial Officer (CFO),C_SUITE,FINANCE,dmartínez@energiadelbajio.mx,VERIFIED,85,+525585733079,2026-09-17T06:21:39.424535+00:00
"Energy, Oil, Gas & Mining",ENERGIA DEL CENTRO S. DE R.L. DE C.V.,energiadelcentro31.mx,Hector Dominguez,Director,DIRECTOR,EXECUTIVE,hdominguez@energiadelcentro31.mx,VERIFIED,85,+525571905909,2026-09-17T06:21:39.424535+00:00
"Energy, Oil, Gas & Mining",ENERGIA DEL BAJIO S.C.,energiadelbajio.com,Valeria Reyes,Chief Technology Officer (CTO),C_SUITE,ENGINEERING_IT,vreyes@energiadelbajio.com,VERIFIED,85,+525559451559,2026-09-17T06:21:39.424535+00:00
"Energy, Oil, Gas & Mining",ENERGIA DEL BAJIO S.A.P.I. DE C.V.,energiadelbajio12.com,Andrea Herrera,Chief Technology Officer (CTO),C_SUITE,ENGINEERING_IT,aherrera@energiadelbajio12.com,VERIFIED,85,+525514617870,2026-09-17T06:21:39.424535+00:00
"Energy, Oil, Gas & Mining",ENERGIA DEL PACIFICO S.A.S.,energiadelpacifico.com.mx,Jorge Morales,Vice President (VP),VP,EXECUTIVE,jmorales@energiadelpacifico.com.mx,VERIFIED,85,+525533630015,2026-09-17T06:21:39.424535+00:00
"Energy, Oil, Gas & Mining",ENERGIA DEL PACIFICO S.A.S.,energiadelpacifico.com.mx,Enrique Salinas,Co-Founder,FOUNDER,EXECUTIVE,esalinas@energiadelpacifico.com.mx,VERIFIED,85,+525557139825,2026-09-17T06:21:39.424535+00:00
"Energy, Oil, Gas & Mining",ENERGIA DEL PACIFICO 86 S. DE R.L. DE C.V.,energiadelpacifico.com,Mariana Gómez,Chief Procurement Officer (CPO),C_SUITE,PROCUREMENT,mgómez@energiadelpacifico.com,VERIFIED,85,+525516674494,2026-09-17T06:21:39.424535+00:00
"Energy, Oil, Gas & Mining",ENERGIA DEL PACIFICO 86 S. DE R.L. DE C.V.,energiadelpacifico.com,Ignacio Medina,Chief Financial Officer (CFO),C_SUITE,FINANCE,imedina@energiadelpacifico.com,VERIFIED,85,+525559616693,2026-09-17T06:21:39.424535+00:00
"Energy, Oil, Gas & Mining",ENERGIA DEL CENTRO S.A.B. DE C.V.,energiadelcentro.com,Javier Alarcón,Founder,FOUNDER,EXECUTIVE,jalarcón@energiadelcentro.com,VERIFIED,85,+525580227016,2026-09-17T06:21:39.424535+00:00
"Energy, Oil, Gas & Mining",ENERGIA DEL CENTRO S.A.P.I. DE C.V.,energiadelcentro.com.mx,Eduardo Garza,Jefe De Recursos Humanos,MANAGER,EXECUTIVE,egarza@energiadelcentro.com.mx,VERIFIED,85,+525260385692,2026-09-17T06:21:39.424535+00:00
"Energy, Oil, Gas & Mining",ENERGIA DEL CENTRO S.A.P.I. DE C.V.,energiadelcentro.com.mx,Enrique Reyes,Sole Administrator / Owner,FOUNDER,EXECUTIVE,ereyes@energiadelcentro.com.mx,VERIFIED,85,+528237231588,2026-09-17T06:21:39.424535+00:00
"Energy, Oil, Gas & Mining",ENERGIA DEL CENTRO S.A.S.,energiadelcentro.mx,Valeria Morales,Co-Founder,FOUNDER,EXECUTIVE,vmorales@energiadelcentro.mx,VERIFIED,85,+524966504849,2026-09-17T06:21:39.424535+00:00
"Energy, Oil, Gas & Mining",ENERGIA DEL PACIFICO S.C.,energiadelpacifico.com.mx,Daniel Treviño,Jefe De Recursos Humanos,MANAGER,EXECUTIVE,dtreviño@energiadelpacifico.com.mx,VERIFIED,85,+526015848179,2026-09-17T06:21:39.425921+00:00
"Energy, Oil, Gas & Mining",ENERGIA DEL BAJIO S.A.B. DE C.V.,energiadelbajio.com.mx,Luis Navarro,Jefe De Recursos Humanos,MANAGER,EXECUTIVE,lnavarro@energiadelbajio.com.mx,VERIFIED,85,+528839779843,2026-09-17T06:21:39.425921+00:00
"Energy, Oil, Gas & Mining",ENERGIA INTEGRAL S.A.B. DE C.V.,energiaintegral.com,Arturo Díaz,Vice President (VP),VP,EXECUTIVE,adíaz@energiaintegral.com,VERIFIED,85,+527758748653,2026-09-17T06:21:39.434002+00:00
"Energy, Oil, Gas & Mining",ENERGIA INTEGRAL S.A.B. DE C.V.,energiaintegral43.com,Enrique Campos,Chief Procurement Officer (CPO),C_SUITE,PROCUREMENT,ecampos@energiaintegral43.com,VERIFIED,85,+526875729401,2026-09-17T06:21:39.434002+00:00
"Energy, Oil, Gas & Mining",ENERGIA INTEGRAL S.A.B. DE C.V.,energiaintegral43.com,Hector Salinas,Chief Procurement Officer (CPO),C_SUITE,PROCUREMENT,hsalinas@energiaintegral.mx,VERIFIED,85,+527238622060,2026-09-17T06:21:39.434002+00:00
"Energy, Oil, Gas & Mining",ENERGIA NACIONAL S.A. DE C.V.,energianacional.com.mx,Manuel Castro,Chief Security Officer (CSO),C_SUITE,OPERATIONS,mcastro@energianacional.com.mx,VERIFIED,85,+525498432591,2026-09-17T06:21:39.459389+00:00
"Energy, Oil, Gas & Mining",ENERGIA NACIONAL S.A. DE C.V.,energianacional.com.mx,Fernando García,Chief Financial Officer (CFO),C_SUITE,FINANCE,fgarcía@energianacional.com.mx,VERIFIED,85,+524969133982,2026-09-17T06:21:39.459389+00:00
"Energy, Oil, Gas & Mining",ENERGIA NACIONAL S.A.B. DE C.V.,energianacional45.mx,Raúl Vázquez,Jefe De Recursos Humanos,MANAGER,EXECUTIVE,rvázquez@energianacional45.mx,VERIFIED,85,+524955383906,2026-09-17T06:21:39.459389+00:00
"Energy, Oil, Gas & Mining",ENERGIA NACIONAL S.A.S.,energianacional.com,Alfonso Sánchez,Chief Revenue Officer (CRO),C_SUITE,SALES_MARKETING,asánchez@energianacional.com,VERIFIED,85,+525675660605,2026-09-17T06:21:39.459389+00:00
"Energy, Oil, Gas & Mining",ENERGIA DINAMICA S.A. DE C.V.,energiadinamica.mx,Ricardo López,Vice President (VP),VP,EXECUTIVE,rlópez@energiadinamica.mx,VERIFIED,85,+524076136476,2026-09-17T06:21:39.473512+00:00
"Energy, Oil, Gas & Mining",ENERGIA INDUSTRIAL S.C.,energiaindustrial.com,Javier Mendoza,Chief Security Officer (CSO),C_SUITE,OPERATIONS,jmendoza@energiaindustrial.com,VERIFIED,85,+528135726069,2026-09-17T06:21:39.478436+00:00
"Energy, Oil, Gas & Mining",ENERGIA INDUSTRIAL S.C.,energiaindustrial.com,Ricardo Álvarez,Chief Human Resources Officer (CHRO),C_SUITE,HR_PEOPLE,rálvarez@energiaindustrial.com,VERIFIED,85,+526185501224,2026-09-17T06:21:39.478436+00:00
"Energy, Oil, Gas & Mining",ENERGIA INDUSTRIAL 62 S.A. DE C.V.,energiaindustrial.mx,Ricardo Ruiz,Sole Administrator / Owner,FOUNDER,EXECUTIVE,rruiz@energiaindustrial.mx,VERIFIED,85,+528324511743,2026-09-17T06:21:39.478436+00:00
"Energy, Oil, Gas & Mining",ENERGIA DEL PACIFICO S.C.,energiadelpacifico.mx,Guillermo Flores,Chief Operating Officer (COO),C_SUITE,OPERATIONS,gflores@energiadelpacifico.mx,VERIFIED,85,+526087668970,2026-09-17T06:21:39.480420+00:00
"Energy, Oil, Gas & Mining",ENERGIA DEL NORTE 87 S.C.,energiadelnorte.com,Manuel Morales,Vice President (VP),VP,EXECUTIVE,mmorales@energiadelnorte.com,VERIFIED,85,+524268624366,2026-09-17T06:21:39.480420+00:00
"Energy, Oil, Gas & Mining",ENERGIA DEL CENTRO S.A.B. DE C.V.,energiadelcentro.com,Guillermo Medina,Vice President (VP),VP,EXECUTIVE,gmedina@energiadelcentro.com,VERIFIED,85,+527697504431,2026-09-17T06:21:39.480420+00:00
"Energy, Oil, Gas & Mining",ENERGIA DEL CENTRO S.A.S.,energiadelcentro9.com,Eduardo Morales,Chief Financial Officer (CFO),C_SUITE,FINANCE,emorales@energiadelcentro9.com,VERIFIED,85,+527981114907,2026-09-17T06:21:39.480420+00:00
"Energy, Oil, Gas & Mining",ENERGIA DEL PACIFICO S.A.P.I. DE C.V.,energiadelpacifico.com,Guadalupe Flores,Jefe De Recursos Humanos,MANAGER,EXECUTIVE,gflores@energiadelpacifico.com,VERIFIED,85,+527033115169,2026-09-17T06:21:39.480420+00:00
"Energy, Oil, Gas & Mining",ENERGIA DEL PACIFICO S.A.P.I. DE C.V.,energiadelpacifico.com,Patricia Garza,Vice President (VP),VP,EXECUTIVE,pgarza@energiadelpacifico.com,VERIFIED,85,+528147437233,2026-09-17T06:21:39.480420+00:00
"Energy, Oil, Gas & Mining",ENERGIA DEL BAJIO S.A.S.,energiadelbajio.com.mx,Mauricio Treviño,Chief Security Officer (CSO),C_SUITE,OPERATIONS,mtreviño@energiadelbajio.com.mx,VERIFIED,85,+527018264290,2026-09-17T06:21:39.480420+00:00
"Energy, Oil, Gas & Mining",ENERGIA DEL NORTE S.A. DE C.V.,energiadelnorte.com.mx,Mariana Alarcón,Chief Technology Officer (CTO),C_SUITE,ENGINEERING_IT,malarcón@energiadelnorte.com.mx,VERIFIED,85,+529183457203,2026-09-17T06:21:39.480420+00:00
"Energy, Oil, Gas & Mining",ENERGIA DEL NORTE S.C.,energiadelnorte24.com,Manuel Treviño,Chief Technology Officer (CTO),C_SUITE,ENGINEERING_IT,mtreviño@energiadelnorte24.com,VERIFIED,85,+529075545922,2026-09-17T06:21:39.480420+00:00
"Energy, Oil, Gas & Mining",ENERGIA INTEGRAL S.A.S.,energiaintegral89.com.mx,Javier Castro,Chief Technology Officer (CTO),C_SUITE,ENGINEERING_IT,jcastro@energiaintegral89.com.mx,VERIFIED,85,+526965349671,2026-09-17T06:21:39.513942+00:00
"Energy, Oil, Gas & Mining",ENERGIA INTEGRAL S. DE R.L. DE C.V.,energiaintegral7.com,Guadalupe Dominguez,Chief Operating Officer (COO),C_SUITE,OPERATIONS,gdominguez@energiaintegral7.com,VERIFIED,85,+529445389239,2026-09-17T06:21:39.513942+00:00
"Energy, Oil, Gas & Mining",ENERGIA DEL PACIFICO S. DE R.L. DE C.V.,energiadelpacifico.com,Mauricio Valenzuela,Chief Procurement Officer (CPO),C_SUITE,PROCUREMENT,mvalenzuela@energiadelpacifico.com,VERIFIED,85,+529714400949,2026-09-17T06:21:39.514995+00:00
"Energy, Oil, Gas & Mining",ENERGIA DEL CENTRO 39 S.A.S.,energiadelcentro.com,Lorena Sánchez,Chief Technology Officer (CTO),C_SUITE,ENGINEERING_IT,lsánchez@energiadelcentro.com,VERIFIED,85,+529714719097,2026-09-17T06:21:39.514995+00:00
"Energy, Oil, Gas & Mining",ENERGIA DEL NORTE S.A.P.I. DE C.V.,energiadelnorte.com.mx,Hector Torres,Chief Executive Officer (CEO),C_SUITE,EXECUTIVE,htorres@energiadelnorte.com.mx,VERIFIED,85,+526195792034,2026-09-17T06:21:39.514995+00:00
"Energy, Oil, Gas & Mining",ENERGIA DEL BAJIO S.A.B. DE C.V.,energiadelbajio23.com,Mariana Castro,Chief Financial Officer (CFO),C_SUITE,FINANCE,mcastro@energiadelbajio23.com,VERIFIED,85,+528880530944,2026-09-17T06:21:39.514995+00:00
"Energy, Oil, Gas & Mining",ENERGIA DEL BAJIO S.C.,energiadelbajio.com.mx,Valeria Treviño,Chief Security Officer (CSO),C_SUITE,OPERATIONS,vtreviño@energiadelbajio.com.mx,VERIFIED,85,+525252595860,2026-09-17T06:21:39.514995+00:00
"Energy, Oil, Gas & Mining",ENERGIA DEL BAJIO S.C.,energiadelbajio.com.mx,Mauricio Aguilar,Chief Marketing Officer (CMO),C_SUITE,SALES_MARKETING,maguilar@energiadelbajio56.com.mx,VERIFIED,85,+524377499729,2026-09-17T06:21:39.514995+00:00
"Energy, Oil, Gas & Mining",ENERGIA DEL BAJIO 38 S.A. DE C.V.,energiadelbajio10.mx,Sofia Ramírez,Founder,FOUNDER,EXECUTIVE,sramírez@energiadelbajio10.mx,VERIFIED,85,+526467366295,2026-09-17T06:21:39.514995+00:00
"Energy, Oil, Gas & Mining",ENERGIA DEL PACIFICO S.C.,energiadelpacifico.mx,Eduardo Flores,Founder,FOUNDER,EXECUTIVE,eflores@energiadelpacifico.mx,VERIFIED,85,+526727093061,2026-09-17T06:21:39.514995+00:00
"Energy, Oil, Gas & Mining",ENERGIA LATINOAMERICANA S.C.,energialatinoameri.com,David Vázquez,Director,DIRECTOR,EXECUTIVE,dvázquez@energialatinoameri.com,VERIFIED,85,+524659022972,2026-09-17T06:21:39.515941+00:00
"Energy, Oil, Gas & Mining",ENERGIA LATINOAMERICANA S.A.S.,energialatinoameri.mx,Ignacio Ramírez,Chief Revenue Officer (CRO),C_SUITE,SALES_MARKETING,iramírez@energialatinoameri.mx,VERIFIED,85,+527179544223,2026-09-17T06:21:39.515941+00:00
"Energy, Oil, Gas & Mining",ENERGIA LATINOAMERICANA S.A.B. DE C.V.,energialatinoameri.com.mx,Patricia Dominguez,Chief Revenue Officer (CRO),C_SUITE,SALES_MARKETING,pdominguez@energialatinoameri.com.mx,VERIFIED,85,+525968131710,2026-09-17T06:21:39.515941+00:00
"Energy, Oil, Gas & Mining",ENERGIA SUPREMA S.A. DE C.V.,energiasuprema.mx,Sofia Dominguez,Director,DIRECTOR,EXECUTIVE,sdominguez@energiasuprema.mx,VERIFIED,85,+526296423009,2026-09-17T06:21:39.515941+00:00
"Energy, Oil, Gas & Mining",ENERGIA SUPREMA S.A. DE C.V.,energiasuprema.mx,Mauricio Castro,Chief Marketing Officer (CMO),C_SUITE,SALES_MARKETING,mcastro@energiasuprema.com,VERIFIED,85,+526849838979,2026-09-17T06:21:39.515941+00:00
"Energy, Oil, Gas & Mining",ENERGIA SUPREMA S.A. DE C.V.,energiasuprema.mx,Andrea Vega,Chief Operating Officer (COO),C_SUITE,OPERATIONS,avega@energiasuprema.mx,VERIFIED,85,+528570022403,2026-09-17T06:21:39.515941+00:00
"Energy, Oil, Gas & Mining",ENERGIA SUPREMA S. DE R.L. DE C.V.,energiasuprema.com.mx,Lorena Garza,Chief Human Resources Officer (CHRO),C_SUITE,HR_PEOPLE,lgarza@energiasuprema.com.mx,VERIFIED,85,+526037335223,2026-09-17T06:21:39.515941+00:00
"Energy, Oil, Gas & Mining",ENERGIA INTEGRAL S. DE R.L. DE C.V.,energiaintegral.mx,Manuel Valenzuela,Chief Security Officer (CSO),C_SUITE,OPERATIONS,mvalenzuela@energiaintegral.mx,VERIFIED,85,+525786703915,2026-09-17T06:21:39.522940+00:00
"Energy, Oil, Gas & Mining",ENERGIA INTEGRAL S.A.P.I. DE C.V.,energiaintegral.com.mx,Enrique Garza,Co-Founder,FOUNDER,EXECUTIVE,egarza@energiaintegral.com.mx,VERIFIED,85,+529084003421,2026-09-17T06:21:39.522940+00:00
"Energy, Oil, Gas & Mining",ENERGIA GLOBAL S.A.B. DE C.V.,energiaglobal.com.mx,Roberto Salinas,Chief Human Resources Officer (CHRO),C_SUITE,HR_PEOPLE,rsalinas@energiaglobal.com.mx,VERIFIED,85,+526381798078,2026-09-17T06:21:39.557928+00:00
"Energy, Oil, Gas & Mining",ENERGIA GLOBAL S.A.B. DE C.V.,energiaglobal.com.mx,Patricia López,Chief Executive Officer (CEO),C_SUITE,EXECUTIVE,plópez@energiaglobal.com.mx,VERIFIED,85,+524619652213,2026-09-17T06:21:39.557928+00:00
"Energy, Oil, Gas & Mining",ENERGIA GLOBAL S.A. DE C.V.,energiaglobal.mx,Mariana Hernández,Chief Executive Officer (CEO),C_SUITE,EXECUTIVE,mhernández@energiaglobal.mx,VERIFIED,85,+528233792922,2026-09-17T06:21:39.557928+00:00
"Energy, Oil, Gas & Mining",ENERGIA DE OCCIDENTE S.C.,energiadeoccidente.com.mx,Paulina Ramírez,Sole Administrator / Owner,FOUNDER,EXECUTIVE,pramírez@energiadeoccidente.com.mx,VERIFIED,85,+529949266187,2026-09-17T06:21:39.569180+00:00
"Energy, Oil, Gas & Mining",ENERGIA DE LAS AMERICAS S.A.S.,energiadelasameric.mx,Valeria Campos,Jefe De Recursos Humanos,MANAGER,EXECUTIVE,vcampos@energiadelasameric.mx,VERIFIED,85,+527630757929,2026-09-17T06:21:39.569180+00:00
"Energy, Oil, Gas & Mining",ENERGIA DE OCCIDENTE S.A. DE C.V.,energiadeoccidente.mx,Manuel Mendoza,Chief Technology Officer (CTO),C_SUITE,ENGINEERING_IT,mmendoza@energiadeoccidente.mx,VERIFIED,85,+527983442900,2026-09-17T06:21:39.569180+00:00
"Energy, Oil, Gas & Mining",ENERGIA DE LAS AMERICAS S.A. DE C.V.,energiadelasameric.com,David Torres,Chief Security Officer (CSO),C_SUITE,OPERATIONS,dtorres@energiadelasameric.com,VERIFIED,85,+527665607271,2026-09-17T06:21:39.569180+00:00
"Energy, Oil, Gas & Mining",ENERGIA DE LAS AMERICAS S.A. DE C.V.,energiadelasameric.com,Patricia González,Vice President (VP),VP,EXECUTIVE,pgonzález@energiadelasameric.com,VERIFIED,85,+528968261928,2026-09-17T06:21:39.569180+00:00
"Energy, Oil, Gas & Mining",ENERGIA DE OCCIDENTE 26 S.A. DE C.V.,energiadeoccidente.com,Ignacio García,Chief Marketing Officer (CMO),C_SUITE,SALES_MARKETING,igarcía@energiadeoccidente.com,VERIFIED,85,+525498324766,2026-09-17T06:21:39.569180+00:00
"Energy, Oil, Gas & Mining",ENERGIA DE OCCIDENTE S.A.P.I. DE C.V.,energiadeoccidente.com,Adriana Salinas,Chief Technology Officer (CTO),C_SUITE,ENGINEERING_IT,asalinas@energiadeoccidente.com,VERIFIED,85,+529057795049,2026-09-17T06:21:39.581697+00:00
"Energy, Oil, Gas & Mining",ENERGIA DE OCCIDENTE S.A.P.I. DE C.V.,energiadeoccidente.com,Alfonso Álvarez,Chief Technology Officer (CTO),C_SUITE,ENGINEERING_IT,aálvarez@energiadeoccidente.com.mx,VERIFIED,85,+527710593810,2026-09-17T06:21:39.581697+00:00
"Energy, Oil, Gas & Mining",ENERGIA DE OCCIDENTE S.A.P.I. DE C.V.,energiadeoccidente.com,Manuel Martínez,Chief Executive Officer (CEO),C_SUITE,EXECUTIVE,mmartínez@energiadeoccidente.com,VERIFIED,85,+527186903738,2026-09-17T06:21:39.581697+00:00
"Energy, Oil, Gas & Mining",ENERGIA NACIONAL 66 S. DE R.L. DE C.V.,energianacional.com,Raúl López,Sole Administrator / Owner,FOUNDER,EXECUTIVE,rlópez@energianacional.com,VERIFIED,85,+527090854725,2026-09-17T06:21:39.624297+00:00
"Energy, Oil, Gas & Mining",ENERGIA NACIONAL 66 S. DE R.L. DE C.V.,energianacional.com,Jorge Álvarez,Chief Technology Officer (CTO),C_SUITE,ENGINEERING_IT,jálvarez@energianacional.com,VERIFIED,85,+526634017002,2026-09-17T06:21:39.624297+00:00
"Energy, Oil, Gas & Mining",ENERGIA NACIONAL 66 S. DE R.L. DE C.V.,energianacional.com,David Ramírez,Chief Executive Officer (CEO),C_SUITE,EXECUTIVE,dramírez@energianacional.com,VERIFIED,85,+524098293702,2026-09-17T06:21:39.624297+00:00
"Energy, Oil, Gas & Mining",ENERGIA NACIONAL S.A.P.I. DE C.V.,energianacional59.com.mx,Claudia Valenzuela,Vice President (VP),VP,EXECUTIVE,cvalenzuela@energianacional59.com.mx,VERIFIED,85,+527492676531,2026-09-17T06:21:39.624297+00:00
"Energy, Oil, Gas & Mining",ENERGIA NACIONAL S.A.P.I. DE C.V.,energianacional59.com.mx,Mariana Sánchez,Director,DIRECTOR,EXECUTIVE,msánchez@energianacional.mx,VERIFIED,85,+524819381773,2026-09-17T06:21:39.624297+00:00
"Energy, Oil, Gas & Mining",ENERGIA NACIONAL S.A.P.I. DE C.V.,energianacional59.com.mx,Hector Mendoza,Chief Technology Officer (CTO),C_SUITE,ENGINEERING_IT,hmendoza@energianacional84.com.mx,VERIFIED,85,+526176788894,2026-09-17T06:21:39.624297+00:00
"Energy, Oil, Gas & Mining",ENERGIA NACIONAL S.A.S.,energianacional.mx,Javier Alarcón,Vice President (VP),VP,EXECUTIVE,jalarcón@energianacional.mx,VERIFIED,85,+525911277517,2026-09-17T06:21:39.624297+00:00
"Energy, Oil, Gas & Mining",ENERGIA DEL CENTRO 10 S. DE R.L. DE C.V.,energiadelcentro78.com,Jorge Castillo,Vice President (VP),VP,EXECUTIVE,jcastillo@energiadelcentro78.com,VERIFIED,85,+526750920237,2026-09-17T06:21:39.624297+00:00
"Energy, Oil, Gas & Mining",ENERGIA DEL NORTE S. DE R.L. DE C.V.,energiadelnorte.mx,Hector Medina,Chief Human Resources Officer (CHRO),C_SUITE,HR_PEOPLE,hmedina@energiadelnorte.mx,VERIFIED,85,+524219382066,2026-09-17T06:21:39.625233+00:00
"Energy, Oil, Gas & Mining",ENERGIA DEL BAJIO S.A. DE C.V.,energiadelbajio35.mx,Mauricio Álvarez,Chief Technology Officer (CTO),C_SUITE,ENGINEERING_IT,málvarez@energiadelbajio35.mx,VERIFIED,85,+528068456484,2026-09-17T06:21:39.625233+00:00
"Energy, Oil, Gas & Mining",ENERGIA DEL CENTRO S.A.P.I. DE C.V.,energiadelcentro.com,Gabriel Treviño,Chief Security Officer (CSO),C_SUITE,OPERATIONS,gtreviño@energiadelcentro.com,VERIFIED,85,+526128733197,2026-09-17T06:21:39.625233+00:00
"Energy, Oil, Gas & Mining",ENERGIA DEL CENTRO S.A.P.I. DE C.V.,energiadelcentro.com,Arturo Medina,Chief Technology Officer (CTO),C_SUITE,ENGINEERING_IT,amedina@energiadelcentro5.mx,VERIFIED,85,+529667702164,2026-09-17T06:21:39.625233+00:00
"Energy, Oil, Gas & Mining",ENERGIA DEL PACIFICO S.A.S.,energiadelpacifico.mx,Patricia Villaseñor,Chief Revenue Officer (CRO),C_SUITE,SALES_MARKETING,pvillaseñor@energiadelpacifico.mx,VERIFIED,85,+529635003839,2026-09-17T06:21:39.625233+00:00
"Energy, Oil, Gas & Mining",ENERGIA DEL CENTRO 69 S.C.,energiadelcentro.com.mx,Jorge Ramírez,Sole Administrator / Owner,FOUNDER,EXECUTIVE,jramírez@energiadelcentro.com.mx,VERIFIED,85,+528954621280,2026-09-17T06:21:39.625233+00:00
"Energy, Oil, Gas & Mining",ENERGIA DEL CENTRO S.A.P.I. DE C.V.,energiadelcentro.com.mx,Lorena Sánchez,Chief Technology Officer (CTO),C_SUITE,ENGINEERING_IT,lsánchez@energiadelcentro.com.mx,VERIFIED,85,+528881634198,2026-09-17T06:21:39.625233+00:00
"Energy, Oil, Gas & Mining",ENERGIA DEL NORTE S.A.P.I. DE C.V.,energiadelnorte.mx,David Benítez,Chief Revenue Officer (CRO),C_SUITE,SALES_MARKETING,dbenítez@energiadelnorte.mx,VERIFIED,85,+524868038170,2026-09-17T06:21:39.625233+00:00
"Energy, Oil, Gas & Mining",ENERGIA DEL PACIFICO 16 S.A. DE C.V.,energiadelpacifico.com.mx,Andrea Villaseñor,Founder,FOUNDER,EXECUTIVE,avillaseñor@energiadelpacifico.com.mx,VERIFIED,85,+526226935144,2026-09-17T06:21:39.625233+00:00
"Energy, Oil, Gas & Mining",ENERGIA DEL PACIFICO 16 S.A. DE C.V.,energiadelpacifico.com.mx,Miguel Valenzuela,Chief Security Officer (CSO),C_SUITE,OPERATIONS,mvalenzuela@energiadelpacifico.com.mx,VERIFIED,85,+529111503710,2026-09-17T06:21:39.625233+00:00
"Energy, Oil, Gas & Mining",ENERGIA DEL CENTRO S.C.,energiadelcentro.com,Raúl Benítez,Chief Procurement Officer (CPO),C_SUITE,PROCUREMENT,rbenítez@energiadelcentro.com,VERIFIED,85,+524167578957,2026-09-17T06:21:39.625233+00:00
"Energy, Oil, Gas & Mining",ENERGIA DEL NORTE 75 S.A.B. DE C.V.,energiadelnorte.com.mx,Manuel Ramírez,Chief Executive Officer (CEO),C_SUITE,EXECUTIVE,mramírez@energiadelnorte.com.mx,VERIFIED,85,+528771640131,2026-09-17T06:21:39.626193+00:00
"Energy, Oil, Gas & Mining",ENERGIA DEL PACIFICO 72 S.A.P.I. DE C.V.,energiadelpacifico.mx,Enrique Herrera,Chief Human Resources Officer (CHRO),C_SUITE,HR_PEOPLE,eherrera@energiadelpacifico.mx,VERIFIED,85,+529477513074,2026-09-17T06:21:39.626193+00:00
"Energy, Oil, Gas & Mining",ENERGIA DEL BAJIO S.A.P.I. DE C.V.,energiadelbajio.com.mx,Mauricio González,Chief Operating Officer (COO),C_SUITE,OPERATIONS,mgonzález@energiadelbajio.com.mx,VERIFIED,85,+527922549658,2026-09-17T06:21:39.626193+00:00
"Energy, Oil, Gas & Mining",ENERGIA NACIONAL S.A. DE C.V.,energianacional.com.mx,Alejandro Medina,Chief Human Resources Officer (CHRO),C_SUITE,HR_PEOPLE,amedina@energianacional.com.mx,VERIFIED,85,+525470952622,2026-09-17T06:21:39.629192+00:00
"Energy, Oil, Gas & Mining",ENERGIA NACIONAL S.A. DE C.V.,energianacional.com.mx,Paulina Benítez,Chief Revenue Officer (CRO),C_SUITE,SALES_MARKETING,pbenítez@energianacional.com,VERIFIED,85,+529787032174,2026-09-17T06:21:39.629192+00:00
"Energy, Oil, Gas & Mining",ENERGIA NACIONAL S.C.,energianacional.com,Alejandro Navarro,Founder,FOUNDER,EXECUTIVE,anavarro@energianacional.com,VERIFIED,85,+524891716144,2026-09-17T06:21:39.629192+00:00
"Energy, Oil, Gas & Mining",ENERGIA GLOBAL S.A.P.I. DE C.V.,energiaglobal64.com.mx,Paulina González,Chief Marketing Officer (CMO),C_SUITE,SALES_MARKETING,pgonzález@energiaglobal64.com.mx,VERIFIED,85,+528586918312,2026-09-17T06:21:39.629192+00:00
"Energy, Oil, Gas & Mining",ENERGIA GLOBAL 81 S.A. DE C.V.,energiaglobal2.com.mx,Fernando Torres,Chief Operating Officer (COO),C_SUITE,OPERATIONS,ftorres@energiaglobal2.com.mx,VERIFIED,85,+526911948746,2026-09-17T06:21:39.629192+00:00
"Energy, Oil, Gas & Mining",ENERGIA INDUSTRIAL S.A.B. DE C.V.,energiaindustrial.com.mx,Ricardo Aguilar,Chief Human Resources Officer (CHRO),C_SUITE,HR_PEOPLE,raguilar@energiaindustrial.com.mx,VERIFIED,85,+524575188066,2026-09-17T06:21:39.649024+00:00
"Energy, Oil, Gas & Mining",ENERGIA INDUSTRIAL S.A.B. DE C.V.,energiaindustrial.com.mx,Guillermo Medina,Chief Procurement Officer (CPO),C_SUITE,PROCUREMENT,gmedina@energiaindustrial1.com.mx,VERIFIED,85,+529741513963,2026-09-17T06:21:39.649024+00:00
"Energy, Oil, Gas & Mining",ENERGIA INDUSTRIAL S.A.B. DE C.V.,energiaindustrial.com,Sofia Salinas,Chief Security Officer (CSO),C_SUITE,OPERATIONS,ssalinas@energiaindustrial.com,VERIFIED,85,+524470449301,2026-09-17T06:21:39.649024+00:00
"Energy, Oil, Gas & Mining",ENERGIA INTEGRAL S.A. DE C.V.,energiaintegral.com,Adriana Garza,Chief Operating Officer (COO),C_SUITE,OPERATIONS,agarza@energiaintegral.com,VERIFIED,85,+528385684680,2026-09-17T06:21:39.650021+00:00
"Energy, Oil, Gas & Mining",ENERGIA INTEGRAL S.A. DE C.V.,energiaintegral.com,Claudia Villaseñor,Co-Founder,FOUNDER,EXECUTIVE,cvillaseñor@energiaintegral.com,VERIFIED,85,+529091505762,2026-09-17T06:21:39.650021+00:00
"Energy, Oil, Gas & Mining",ENERGIA SUPREMA S.A.P.I. DE C.V.,energiasuprema59.mx,Javier López,Vice President (VP),VP,EXECUTIVE,jlópez@energiasuprema59.mx,VERIFIED,85,+525553124350,2026-09-17T06:21:39.650021+00:00
"Energy, Oil, Gas & Mining",ENERGIA INTEGRAL S.C.,energiaintegral.com.mx,Rodrigo Morales,Founder,FOUNDER,EXECUTIVE,rmorales@energiaintegral.com.mx,VERIFIED,85,+524498319383,2026-09-17T06:21:39.664293+00:00
"Energy, Oil, Gas & Mining",ENERGIA INTEGRAL S.C.,energiaintegral.com.mx,Lorena Sánchez,Chief Executive Officer (CEO),C_SUITE,EXECUTIVE,lsánchez@energiaintegral.com.mx,VERIFIED,85,+529397968169,2026-09-17T06:21:39.664293+00:00
"Energy, Oil, Gas & Mining",ENERGIA INTEGRAL S. DE R.L. DE C.V.,energiaintegral83.mx,Raúl Villaseñor,Sole Administrator / Owner,FOUNDER,EXECUTIVE,rvillaseñor@energiaintegral83.mx,VERIFIED,85,+526521421405,2026-09-17T06:21:39.664293+00:00
"Energy, Oil, Gas & Mining",ENERGIA CENTRAL S.A. DE C.V.,energiacentral.com,Sofia Aguilar,Sole Administrator / Owner,FOUNDER,EXECUTIVE,saguilar@energiacentral.com,VERIFIED,85,+526740014273,2026-09-17T06:21:39.669305+00:00
"Energy, Oil, Gas & Mining",ENERGIA CENTRAL S. DE R.L. DE C.V.,energiacentral.com.mx,Alfonso García,Chief Revenue Officer (CRO),C_SUITE,SALES_MARKETING,agarcía@energiacentral.com.mx,VERIFIED,85,+527830873243,2026-09-17T06:21:39.669305+00:00
"Energy, Oil, Gas & Mining",ENERGIA PREMIER S.A.B. DE C.V.,energiapremier62.mx,Alejandro Reyes,Chief Technology Officer (CTO),C_SUITE,ENGINEERING_IT,areyes@energiapremier62.mx,VERIFIED,85,+526994706084,2026-09-17T06:21:39.673289+00:00
"Energy, Oil, Gas & Mining",ENERGIA PREMIER S. DE R.L. DE C.V.,energiapremier.com.mx,Verónica Sánchez,Founder,FOUNDER,EXECUTIVE,vsánchez@energiapremier.com.mx,VERIFIED,85,+525430542156,2026-09-17T06:21:39.673289+00:00
"Energy, Oil, Gas & Mining",ENERGIA EMPRESARIAL 44 S.A.P.I. DE C.V.,energiaempresarial.mx,Luis Ramírez,Jefe De Recursos Humanos,MANAGER,EXECUTIVE,lramírez@energiaempresarial.mx,VERIFIED,85,+525696318575,2026-09-17T06:21:39.689692+00:00
"Energy, Oil, Gas & Mining",ENERGIA EMPRESARIAL S.A.B. DE C.V.,energiaempresarial.com.mx,Lorena Medina,Founder,FOUNDER,EXECUTIVE,lmedina@energiaempresarial.com.mx,VERIFIED,85,+527630983890,2026-09-17T06:21:39.689692+00:00
"Energy, Oil, Gas & Mining",ENERGIA DEL BAJIO 25 S.A.S.,energiadelbajio41.com,Andrea Mendoza,Chief Human Resources Officer (CHRO),C_SUITE,HR_PEOPLE,amendoza@energiadelbajio41.com,VERIFIED,85,+528777493064,2026-09-17T06:21:39.705526+00:00
"Energy, Oil, Gas & Mining",ENERGIA DEL BAJIO S.A. DE C.V.,energiadelbajio69.com,Carlos Campos,Chief Human Resources Officer (CHRO),C_SUITE,HR_PEOPLE,ccampos@energiadelbajio69.com,VERIFIED,85,+524515305919,2026-09-17T06:21:39.705526+00:00
"Energy, Oil, Gas & Mining",ENERGIA DEL NORTE S. DE R.L. DE C.V.,energiadelnorte.com.mx,Roberto García,Chief Operating Officer (COO),C_SUITE,OPERATIONS,rgarcía@energiadelnorte.com.mx,VERIFIED,85,+529428604167,2026-09-17T06:21:39.705526+00:00
"Energy, Oil, Gas & Mining",ENERGIA DEL CENTRO S.A. DE C.V.,energiadelcentro95.mx,Guillermo Martínez,Chief Human Resources Officer (CHRO),C_SUITE,HR_PEOPLE,gmartínez@energiadelcentro95.mx,VERIFIED,85,+524551983375,2026-09-17T06:21:39.705526+00:00
"Energy, Oil, Gas & Mining",ENERGIA DEL CENTRO S.A. DE C.V.,energiadelcentro95.mx,Fernando Castillo,Chief Financial Officer (CFO),C_SUITE,FINANCE,fcastillo@energiadelcentro55.com,VERIFIED,85,+529423421605,2026-09-17T06:21:39.705526+00:00
"Energy, Oil, Gas & Mining",ENERGIA DEL CENTRO S.A. DE C.V.,energiadelcentro95.mx,Ricardo Mendoza,Chief Security Officer (CSO),C_SUITE,OPERATIONS,rmendoza@energiadelcentro.com.mx,VERIFIED,85,+524770478756,2026-09-17T06:21:39.705526+00:00
"Energy, Oil, Gas & Mining",ENERGIA DEL PACIFICO S.A.B. DE C.V.,energiadelpacifico.mx,Enrique Morales,Founder,FOUNDER,EXECUTIVE,emorales@energiadelpacifico.mx,VERIFIED,85,+524262789892,2026-09-17T06:21:39.705526+00:00
"Energy, Oil, Gas & Mining",ENERGIA DEL BAJIO 96 S.A. DE C.V.,energiadelbajio.com.mx,Mariana Medina,Chief Executive Officer (CEO),C_SUITE,EXECUTIVE,mmedina@energiadelbajio.com.mx,VERIFIED,85,+525114789366,2026-09-17T06:21:39.705526+00:00
"Energy, Oil, Gas & Mining",ENERGIA DEL BAJIO S. DE R.L. DE C.V.,energiadelbajio54.mx,Adriana Torres,Chief Security Officer (CSO),C_SUITE,OPERATIONS,atorres@energiadelbajio54.mx,VERIFIED,85,+529691472224,2026-09-17T06:21:39.706568+00:00
"Energy, Oil, Gas & Mining",ENERGIA DEL PACIFICO S.A. DE C.V.,energiadelpacifico.com.mx,Patricia Torres,Chief Technology Officer (CTO),C_SUITE,ENGINEERING_IT,ptorres@energiadelpacifico.com.mx,VERIFIED,85,+524138199911,2026-09-17T06:21:39.706568+00:00
"Energy, Oil, Gas & Mining",ENERGIA DEL NORTE S.A.S.,energiadelnorte97.com,Mariana Reyes,Co-Founder,FOUNDER,EXECUTIVE,mreyes@energiadelnorte97.com,VERIFIED,85,+525896560579,2026-09-17T06:21:39.706568+00:00
"Energy, Oil, Gas & Mining",ENERGIA MODERNA S.A.B. DE C.V.,energiamoderna.com,Guadalupe López,Founder,FOUNDER,EXECUTIVE,glópez@energiamoderna.com,VERIFIED,85,+528589318082,2026-09-17T06:21:39.716887+00:00
"Energy, Oil, Gas & Mining",ENERGIA MODERNA S.A.B. DE C.V.,energiamoderna.com,Fernando Villaseñor,Sole Administrator / Owner,FOUNDER,EXECUTIVE,fvillaseñor@energiamoderna.com,VERIFIED,85,+526630337998,2026-09-17T06:21:39.716887+00:00
"Energy, Oil, Gas & Mining",ENERGIA MODERNA S.A.B. DE C.V.,energiamoderna.com,Alejandro Valenzuela,Chief Operating Officer (COO),C_SUITE,OPERATIONS,avalenzuela@energiamoderna.com,VERIFIED,85,+529287620667,2026-09-17T06:21:39.716887+00:00
"Energy, Oil, Gas & Mining",ENERGIA MODERNA S.A.S.,energiamoderna.com.mx,Paulina Martínez,Chief Marketing Officer (CMO),C_SUITE,SALES_MARKETING,pmartínez@energiamoderna.com.mx,VERIFIED,85,+524778672277,2026-09-17T06:21:39.716887+00:00
"Energy, Oil, Gas & Mining",ENERGIA MODERNA S.A.S.,energiamoderna.com.mx,Alejandro Valenzuela,Chief Executive Officer (CEO),C_SUITE,EXECUTIVE,avalenzuela@energiamoderna.com.mx,VERIFIED,85,+524451618083,2026-09-17T06:21:39.716887+00:00
"Energy, Oil, Gas & Mining",ENERGIA MODERNA S.A.S.,energiamoderna27.com.mx,Claudia Vázquez,Chief Security Officer (CSO),C_SUITE,OPERATIONS,cvázquez@energiamoderna27.com.mx,VERIFIED,85,+526351749992,2026-09-17T06:21:39.717894+00:00
"Energy, Oil, Gas & Mining",ENERGIA MODERNA S.C.,energiamoderna97.com,Guillermo Garza,Jefe De Recursos Humanos,MANAGER,EXECUTIVE,ggarza@energiamoderna97.com,VERIFIED,85,+524626363677,2026-09-17T06:21:39.717894+00:00
"Energy, Oil, Gas & Mining",ENERGIA NACIONAL 51 S.A.B. DE C.V.,energianacional.com.mx,Mauricio Dominguez,Chief Executive Officer (CEO),C_SUITE,EXECUTIVE,mdominguez@energianacional.com.mx,VERIFIED,85,+525556581178,2026-09-17T06:21:39.719897+00:00
"Energy, Oil, Gas & Mining",ENERGIA DEL CENTRO S.C.,energiadelcentro62.com.mx,Luis Vega,Co-Founder,FOUNDER,EXECUTIVE,lvega@energiadelcentro62.com.mx,VERIFIED,85,+526739923109,2026-09-17T06:21:39.719897+00:00
"Energy, Oil, Gas & Mining",ENERGIA DEL PACIFICO S.A.P.I. DE C.V.,energiadelpacifico.mx,David Medina,Sole Administrator / Owner,FOUNDER,EXECUTIVE,dmedina@energiadelpacifico.mx,VERIFIED,85,+525270243839,2026-09-17T06:21:39.719897+00:00
"Energy, Oil, Gas & Mining",ENERGIA DEL PACIFICO S.A.P.I. DE C.V.,energiadelpacifico.mx,Raúl Aguilar,Chief Financial Officer (CFO),C_SUITE,FINANCE,raguilar@energiadelpacifico.mx,VERIFIED,85,+525077064846,2026-09-17T06:21:39.719897+00:00
"Energy, Oil, Gas & Mining",ENERGIA DEL PACIFICO 97 S.C.,energiadelpacifico.com,Fernando Herrera,Chief Executive Officer (CEO),C_SUITE,EXECUTIVE,fherrera@energiadelpacifico.com,VERIFIED,85,+528852998003,2026-09-17T06:21:39.719897+00:00
"Energy, Oil, Gas & Mining",ENERGIA DEL PACIFICO 97 S.C.,energiadelpacifico.com,Lorena Vázquez,Chief Technology Officer (CTO),C_SUITE,ENGINEERING_IT,lvázquez@energiadelpacifico.com,VERIFIED,85,+528790457427,2026-09-17T06:21:39.720890+00:00
"Energy, Oil, Gas & Mining",ENERGIA DEL PACIFICO S. DE R.L. DE C.V.,energiadelpacifico.com.mx,Guadalupe Salinas,Co-Founder,FOUNDER,EXECUTIVE,gsalinas@energiadelpacifico.com.mx,VERIFIED,85,+525215929581,2026-09-17T06:21:39.720890+00:00
"Energy, Oil, Gas & Mining",ENERGIA DEL PACIFICO S. DE R.L. DE C.V.,energiadelpacifico.com.mx,Adriana Vega,Chief Human Resources Officer (CHRO),C_SUITE,HR_PEOPLE,avega@energiadelpacifico.com.mx,VERIFIED,85,+524967543582,2026-09-17T06:21:39.720890+00:00
"Energy, Oil, Gas & Mining",ENERGIA DEL PACIFICO S. DE R.L. DE C.V.,energiadelpacifico.com.mx,Andrea Benítez,Sole Administrator / Owner,FOUNDER,EXECUTIVE,abenítez@energiadelpacifico.com.mx,VERIFIED,85,+527787660346,2026-09-17T06:21:39.720890+00:00
"Energy, Oil, Gas & Mining",ENERGIA DEL NORTE S.A.P.I. DE C.V.,energiadelnorte.com.mx,Manuel Flores,Chief Procurement Officer (CPO),C_SUITE,PROCUREMENT,mflores@energiadelnorte.com.mx,VERIFIED,85,+524555868725,2026-09-17T06:21:39.720890+00:00
"Energy, Oil, Gas & Mining",ENERGIA MEXICANA 67 S.A.S.,energiamexicana.com,Claudia Torres,Director,DIRECTOR,EXECUTIVE,ctorres@energiamexicana.com,VERIFIED,85,+527980175547,2026-09-17T06:21:39.725886+00:00
"Energy, Oil, Gas & Mining",ENERGIA MEXICANA 67 S.A.S.,energiamexicana.com,Lorena Campos,Sole Administrator / Owner,FOUNDER,EXECUTIVE,lcampos@energiamexicana.com,VERIFIED,85,+528159230988,2026-09-17T06:21:39.725886+00:00
"Energy, Oil, Gas & Mining",ENERGIA MEXICANA S.C.,energiamexicana.mx,Rodrigo Navarro,Chief Technology Officer (CTO),C_SUITE,ENGINEERING_IT,rnavarro@energiamexicana.mx,VERIFIED,85,+529921427748,2026-09-17T06:21:39.726886+00:00
"Energy, Oil, Gas & Mining",ENERGIA DEL CENTRO S.A. DE C.V.,energiadelcentro21.mx,Sofia Dominguez,Co-Founder,FOUNDER,EXECUTIVE,sdominguez@energiadelcentro21.mx,VERIFIED,85,+526858656719,2026-09-17T06:21:39.734885+00:00
"Energy, Oil, Gas & Mining",ENERGIA DEL CENTRO S.A. DE C.V.,energiadelcentro21.mx,Guillermo Castro,Chief Human Resources Officer (CHRO),C_SUITE,HR_PEOPLE,gcastro@energiadelcentro.com.mx,VERIFIED,85,+524745571426,2026-09-17T06:21:39.734885+00:00
"Energy, Oil, Gas & Mining",ENERGIA DEL BAJIO 42 S.A.P.I. DE C.V.,energiadelbajio.com,Enrique Campos,Vice President (VP),VP,EXECUTIVE,ecampos@energiadelbajio.com,VERIFIED,85,+526564784546,2026-09-17T06:21:39.735886+00:00
"Energy, Oil, Gas & Mining",ENERGIA DEL BAJIO 42 S.A.P.I. DE C.V.,energiadelbajio.com,Carlos Martínez,Chief Technology Officer (CTO),C_SUITE,ENGINEERING_IT,cmartínez@energiadelbajio.com,VERIFIED,85,+526191135405,2026-09-17T06:21:39.735886+00:00
"Energy, Oil, Gas & Mining",ENERGIA DEL BAJIO 42 S.A.P.I. DE C.V.,energiadelbajio.com,Raúl Hernández,Chief Security Officer (CSO),C_SUITE,OPERATIONS,rhernández@energiadelbajio.com,VERIFIED,85,+525818996451,2026-09-17T06:21:39.735886+00:00
"Energy, Oil, Gas & Mining",ENERGIA DEL BAJIO S.A. DE C.V.,energiadelbajio.mx,David Salinas,Chief Revenue Officer (CRO),C_SUITE,SALES_MARKETING,dsalinas@energiadelbajio.mx,VERIFIED,85,+527981734507,2026-09-17T06:21:39.735886+00:00
"Energy, Oil, Gas & Mining",ENERGIA DEL BAJIO S.A. DE C.V.,energiadelbajio.mx,Javier Villaseñor,Chief Revenue Officer (CRO),C_SUITE,SALES_MARKETING,jvillaseñor@energiadelbajio.mx,VERIFIED,85,+525038762382,2026-09-17T06:21:39.735886+00:00
"Energy, Oil, Gas & Mining",ENERGIA DEL CENTRO S.A.S.,energiadelcentro41.com,Carlos Alarcón,Sole Administrator / Owner,FOUNDER,EXECUTIVE,calarcón@energiadelcentro41.com,VERIFIED,85,+527971748365,2026-09-17T06:21:39.735886+00:00
"Energy, Oil, Gas & Mining",ENERGIA DEL NORTE S. DE R.L. DE C.V.,energiadelnorte.com.mx,Fernando Ramírez,Chief Human Resources Officer (CHRO),C_SUITE,HR_PEOPLE,framírez@energiadelnorte.com.mx,VERIFIED,85,+524910337153,2026-09-17T06:21:39.735886+00:00
"Energy, Oil, Gas & Mining",ENERGIA INTERNACIONAL S.A.S.,energiainternacion.com,Roberto Morales,Chief Marketing Officer (CMO),C_SUITE,SALES_MARKETING,rmorales@energiainternacion.com,VERIFIED,85,+525595668533,2026-09-17T06:21:39.756907+00:00
"Energy, Oil, Gas & Mining",ENERGIA INTERNACIONAL S.A.S.,energiainternacion.com,Daniel Hernández,Founder,FOUNDER,EXECUTIVE,dhernández@energiainternacion.com,VERIFIED,85,+525173708881,2026-09-17T06:21:39.756907+00:00
"Energy, Oil, Gas & Mining",ENERGIA AVANZADA S.A. DE C.V.,energiaavanzada.com,Ernesto Sánchez,Sole Administrator / Owner,FOUNDER,EXECUTIVE,esánchez@energiaavanzada.com,VERIFIED,85,+524456423859,2026-09-17T06:21:39.762671+00:00
"Energy, Oil, Gas & Mining",ENERGIA AVANZADA S.A.S.,energiaavanzada.com.mx,Valeria Díaz,Vice President (VP),VP,EXECUTIVE,vdíaz@energiaavanzada.com.mx,VERIFIED,85,+528251598399,2026-09-17T06:21:39.762671+00:00
"Energy, Oil, Gas & Mining",ENERGIA INDUSTRIAL S.A.S.,energiaindustrial.com,Ignacio Medina,Chief Financial Officer (CFO),C_SUITE,FINANCE,imedina@energiaindustrial.com,VERIFIED,85,+528221034189,2026-09-17T06:21:39.781685+00:00
"Energy, Oil, Gas & Mining",ENERGIA INDUSTRIAL S.A.S.,energiaindustrial.mx,Verónica Gómez,Chief Technology Officer (CTO),C_SUITE,ENGINEERING_IT,vgómez@energiaindustrial.mx,VERIFIED,85,+528026758318,2026-09-17T06:21:39.781685+00:00
"Energy, Oil, Gas & Mining",ENERGIA INNOVADORA S.A.B. DE C.V.,energiainnovadora.com,Miguel Castro,Chief Marketing Officer (CMO),C_SUITE,SALES_MARKETING,mcastro@energiainnovadora.com,VERIFIED,85,+527946938006,2026-09-17T06:21:39.796180+00:00
"Energy, Oil, Gas & Mining",ENERGIA MEXICANA S.A.S.,energiamexicana.com,Raúl Treviño,Chief Financial Officer (CFO),C_SUITE,FINANCE,rtreviño@energiamexicana.com,VERIFIED,85,+526435382892,2026-09-17T06:21:39.800163+00:00
"Energy, Oil, Gas & Mining",ENERGIA MEXICANA S. DE R.L. DE C.V.,energiamexicana.mx,Lorena Ramírez,Vice President (VP),VP,EXECUTIVE,lramírez@energiamexicana.mx,VERIFIED,85,+524557776701,2026-09-17T06:21:39.806698+00:00
"Energy, Oil, Gas & Mining",ENERGIA MEXICANA S.A. DE C.V.,energiamexicana.com.mx,Miguel Ruiz,Chief Financial Officer (CFO),C_SUITE,FINANCE,mruiz@energiamexicana.com.mx,VERIFIED,85,+527052079161,2026-09-17T06:21:39.806698+00:00
"Energy, Oil, Gas & Mining",ENERGIA MEXICANA S. DE R.L. DE C.V.,energiamexicana8.com,Carlos Garza,Jefe De Recursos Humanos,MANAGER,EXECUTIVE,cgarza@energiamexicana8.com,VERIFIED,85,+525855772866,2026-09-17T06:21:39.806698+00:00
"Energy, Oil, Gas & Mining",ENERGIA INTERNACIONAL S.A.S.,energiainternacion.mx,Miguel Garza,Chief Revenue Officer (CRO),C_SUITE,SALES_MARKETING,mgarza@energiainternacion.mx,VERIFIED,85,+529024293454,2026-09-17T06:21:39.822897+00:00
"Energy, Oil, Gas & Mining",ENERGIA INTERNACIONAL S.A.S.,energiainternacion.mx,Daniel Ruiz,Jefe De Recursos Humanos,MANAGER,EXECUTIVE,druiz@energiainternacion.mx,VERIFIED,85,+526737939652,2026-09-17T06:21:39.822897+00:00
"Energy, Oil, Gas & Mining",ENERGIA INTERNACIONAL S.A.B. DE C.V.,energiainternacion.com,Claudia Aguilar,Director,DIRECTOR,EXECUTIVE,caguilar@energiainternacion.com,VERIFIED,85,+528294736538,2026-09-17T06:21:39.822897+00:00
"Energy, Oil, Gas & Mining",ENERGIA INTERNACIONAL S.A.B. DE C.V.,energiainternacion.com,David Torres,Founder,FOUNDER,EXECUTIVE,dtorres@energiainternacion.com,VERIFIED,85,+525934393827,2026-09-17T06:21:39.822897+00:00
"Energy, Oil, Gas & Mining",ENERGIA ESPECIALIZADA S.A.S.,energiaespecializa.com,Raúl Torres,Chief Technology Officer (CTO),C_SUITE,ENGINEERING_IT,rtorres@energiaespecializa.com,VERIFIED,85,+526760626283,2026-09-17T06:21:39.832896+00:00
"Energy, Oil, Gas & Mining",ENERGIA ESPECIALIZADA S. DE R.L. DE C.V.,energiaespecializa.com.mx,Guillermo Vázquez,Chief Operating Officer (COO),C_SUITE,OPERATIONS,gvázquez@energiaespecializa.com.mx,VERIFIED,85,+525990731285,2026-09-17T06:21:39.832896+00:00
"Energy, Oil, Gas & Mining",ENERGIA ESPECIALIZADA S. DE R.L. DE C.V.,energiaespecializa.com.mx,Mariana Ramírez,Chief Revenue Officer (CRO),C_SUITE,SALES_MARKETING,mramírez@energiaespecializa.com.mx,VERIFIED,85,+524996391745,2026-09-17T06:21:39.832896+00:00
"Energy, Oil, Gas & Mining",ENERGIA ESPECIALIZADA S.A.B. DE C.V.,energiaespecializa.mx,Eduardo García,Chief Technology Officer (CTO),C_SUITE,ENGINEERING_IT,egarcía@energiaespecializa.mx,VERIFIED,85,+526140067931,2026-09-17T06:21:39.832896+00:00
"Energy, Oil, Gas & Mining",ENERGIA INNOVADORA S.A. DE C.V.,energiainnovadora.com,Lorena Vázquez,Chief Financial Officer (CFO),C_SUITE,FINANCE,lvázquez@energiainnovadora.com,VERIFIED,85,+524115909590,2026-09-17T06:21:39.842907+00:00
"Energy, Oil, Gas & Mining",ENERGIA INNOVADORA S.A. DE C.V.,energiainnovadora.com,Luis Hernández,Chief Security Officer (CSO),C_SUITE,OPERATIONS,lhernández@energiainnovadora.com,VERIFIED,85,+525170722358,2026-09-17T06:21:39.842907+00:00
"Energy, Oil, Gas & Mining",ENERGIA INNOVADORA S.C.,energiainnovadora5.com.mx,Fernando Álvarez,Chief Operating Officer (COO),C_SUITE,OPERATIONS,fálvarez@energiainnovadora5.com.mx,VERIFIED,85,+526031103861,2026-09-17T06:21:39.843905+00:00
"Energy, Oil, Gas & Mining",ENERGIA INNOVADORA S.C.,energiainnovadora5.com.mx,Mauricio Álvarez,Vice President (VP),VP,EXECUTIVE,málvarez@energiainnovadora6.com,VERIFIED,85,+524327009026,2026-09-17T06:21:39.843905+00:00
"Energy, Oil, Gas & Mining",ENERGIA ESPECIALIZADA S. DE R.L. DE C.V.,energiaespecializa.com.mx,Miguel Mendoza,Sole Administrator / Owner,FOUNDER,EXECUTIVE,mmendoza@energiaespecializa.com.mx,VERIFIED,85,+528368737600,2026-09-17T06:21:39.843905+00:00
"Energy, Oil, Gas & Mining",ENERGIA ESPECIALIZADA S. DE R.L. DE C.V.,energiaespecializa.com.mx,Guillermo López,Chief Executive Officer (CEO),C_SUITE,EXECUTIVE,glópez@energiaespecializa.com.mx,VERIFIED,85,+528833194161,2026-09-17T06:21:39.843905+00:00
"Energy, Oil, Gas & Mining",ENERGIA DE OCCIDENTE S.C.,energiadeoccidente.com,Alejandro Sánchez,Chief Technology Officer (CTO),C_SUITE,ENGINEERING_IT,asánchez@energiadeoccidente.com,VERIFIED,85,+528188821170,2026-09-17T06:21:39.857920+00:00
"Energy, Oil, Gas & Mining",ENERGIA DE OCCIDENTE S.C.,energiadeoccidente.com,Arturo Morales,Sole Administrator / Owner,FOUNDER,EXECUTIVE,amorales@energiadeoccidente.com,VERIFIED,85,+528172069917,2026-09-17T06:21:39.857920+00:00
"Energy, Oil, Gas & Mining",ENERGIA DE OCCIDENTE S.A.S.,energiadeoccidente.com.mx,Guadalupe Alarcón,Vice President (VP),VP,EXECUTIVE,galarcón@energiadeoccidente.com.mx,VERIFIED,85,+528127521380,2026-09-17T06:21:39.858936+00:00
"Energy, Oil, Gas & Mining",ENERGIA DE OCCIDENTE S.A.S.,energiadeoccidente.com.mx,Javier Sánchez,Director,DIRECTOR,EXECUTIVE,jsánchez@energiadeoccidente.mx,VERIFIED,85,+528111387865,2026-09-17T06:21:39.858936+00:00
"Energy, Oil, Gas & Mining",ENERGIA DE OCCIDENTE S.A.S.,energiadeoccidente.com.mx,Ernesto Treviño,Chief Financial Officer (CFO),C_SUITE,FINANCE,etreviño@energiadeoccidente.com.mx,VERIFIED,85,+528174725189,2026-09-17T06:21:39.858936+00:00
"Energy, Oil, Gas & Mining",ENERGIA DE LAS AMERICAS S.C.,energiadelasameric.com.mx,Roberto Martínez,Vice President (VP),VP,EXECUTIVE,rmartínez@energiadelasameric.com.mx,VERIFIED,85,+528188713696,2026-09-17T06:21:39.858936+00:00
"Energy, Oil, Gas & Mining",ENERGIA DE LAS AMERICAS 4 S. DE R.L. DE C.V.,energiadelasameric.mx,Lorena Vázquez,Chief Operating Officer (COO),C_SUITE,OPERATIONS,lvázquez@energiadelasameric.mx,VERIFIED,85,+528198800203,2026-09-17T06:21:39.858936+00:00
"Energy, Oil, Gas & Mining",ENERGIA DE LAS AMERICAS S.A.S.,energiadelasameric.com,Valeria Benítez,Founder,FOUNDER,EXECUTIVE,vbenítez@energiadelasameric.com,VERIFIED,85,+528185654961,2026-09-17T06:21:39.858936+00:00
"Energy, Oil, Gas & Mining",ENERGIA GLOBAL 9 S.A. DE C.V.,energiaglobal81.mx,Adriana Dominguez,Co-Founder,FOUNDER,EXECUTIVE,adominguez@energiaglobal81.mx,VERIFIED,85,+527213845984,2026-09-17T06:21:39.877453+00:00
"Energy, Oil, Gas & Mining",ENERGIA GLOBAL S.A.P.I. DE C.V.,energiaglobal.com.mx,Fernando Álvarez,Sole Administrator / Owner,FOUNDER,EXECUTIVE,fálvarez@energiaglobal.com.mx,VERIFIED,85,+524371826414,2026-09-17T06:21:39.877453+00:00
"Energy, Oil, Gas & Mining",ENERGIA GLOBAL S.A.P.I. DE C.V.,energiaglobal.com.mx,Alejandro Sánchez,Vice President (VP),VP,EXECUTIVE,asánchez@energiaglobal.mx,VERIFIED,85,+524035991861,2026-09-17T06:21:39.877453+00:00
"Energy, Oil, Gas & Mining",ENERGIA SELECTA S.A. DE C.V.,energiaselecta82.com,Lorena Torres,Chief Operating Officer (COO),C_SUITE,OPERATIONS,ltorres@energiaselecta82.com,VERIFIED,85,+525694143962,2026-09-17T06:21:39.890936+00:00
"Energy, Oil, Gas & Mining",ENERGIA SELECTA S.A.S.,energiaselecta94.mx,Mariana Sánchez,Founder,FOUNDER,EXECUTIVE,msánchez@energiaselecta94.mx,VERIFIED,85,+525356328642,2026-09-17T06:21:39.890936+00:00
"Energy, Oil, Gas & Mining",ENERGIA SELECTA S.C.,energiaselecta.mx,David Dominguez,Founder,FOUNDER,EXECUTIVE,ddominguez@energiaselecta.mx,VERIFIED,85,+525979845556,2026-09-17T06:21:39.890936+00:00
"Energy, Oil, Gas & Mining",ENERGIA MODERNA S. DE R.L. DE C.V.,energiamoderna71.mx,Mariana Torres,Chief Revenue Officer (CRO),C_SUITE,SALES_MARKETING,mtorres@energiamoderna71.mx,VERIFIED,85,+524046702234,2026-09-17T06:21:39.908847+00:00
"Energy, Oil, Gas & Mining",ENERGIA AVANZADA S.A.B. DE C.V.,energiaavanzada24.com,Mariana Dominguez,Founder,FOUNDER,EXECUTIVE,mdominguez@energiaavanzada24.com,VERIFIED,85,+526447015123,2026-09-17T06:21:39.941612+00:00
"Energy, Oil, Gas & Mining",ENERGIA AVANZADA S.A.B. DE C.V.,energiaavanzada24.com,Rodrigo Torres,Founder,FOUNDER,EXECUTIVE,rtorres@energiaavanzada.com,VERIFIED,85,+527872816760,2026-09-17T06:21:39.941612+00:00
"Energy, Oil, Gas & Mining",ENERGIA AVANZADA S. DE R.L. DE C.V.,energiaavanzada7.com,Paulina Castillo,Founder,FOUNDER,EXECUTIVE,pcastillo@energiaavanzada7.com,VERIFIED,85,+524710753640,2026-09-17T06:21:39.941612+00:00
"Energy, Oil, Gas & Mining",ENERGIA MEXICANA S.A.P.I. DE C.V.,energiamexicana.com,Guadalupe López,Chief Security Officer (CSO),C_SUITE,OPERATIONS,glópez@energiamexicana.com,VERIFIED,85,+529224732356,2026-09-17T06:21:39.943615+00:00
"Energy, Oil, Gas & Mining",ENERGIA INTERNACIONAL S.C.,energiainternacion.com.mx,Mauricio González,Chief Executive Officer (CEO),C_SUITE,EXECUTIVE,mgonzález@energiainternacion.com.mx,VERIFIED,85,+524591865108,2026-09-17T06:21:39.950423+00:00
"Energy, Oil, Gas & Mining",ENERGIA INTERNACIONAL S.C.,energiainternacion.mx,Sofia Herrera,Chief Technology Officer (CTO),C_SUITE,ENGINEERING_IT,sherrera@energiainternacion.mx,VERIFIED,85,+528029537202,2026-09-17T06:21:39.950423+00:00
"Energy, Oil, Gas & Mining",ENERGIA INTERNACIONAL S.C.,energiainternacion.mx,Lorena Flores,Chief Marketing Officer (CMO),C_SUITE,SALES_MARKETING,lflores@energiainternacion.mx,VERIFIED,85,+525873103423,2026-09-17T06:21:39.950423+00:00
"Energy, Oil, Gas & Mining",ENERGIA INTERNACIONAL 56 S.A.B. DE C.V.,energiainternacion.com,Mauricio Dominguez,Vice President (VP),VP,EXECUTIVE,mdominguez@energiainternacion.com,VERIFIED,85,+527168000227,2026-09-17T06:21:39.950423+00:00
"Energy, Oil, Gas & Mining",ENERGIA DEL PACIFICO 24 S.C.,energiadelpacifico.com.mx,Adriana Castro,Chief Procurement Officer (CPO),C_SUITE,PROCUREMENT,acastro@energiadelpacifico.com.mx,VERIFIED,85,+527798074902,2026-09-17T06:21:39.953414+00:00
"Energy, Oil, Gas & Mining",ENERGIA DEL PACIFICO 24 S.C.,energiadelpacifico.com.mx,Guadalupe Flores,Vice President (VP),VP,EXECUTIVE,gflores@energiadelpacifico.com.mx,VERIFIED,85,+524191470139,2026-09-17T06:21:39.953414+00:00
"Energy, Oil, Gas & Mining",ENERGIA DEL PACIFICO 24 S.C.,energiadelpacifico.com.mx,Roberto Martínez,Chief Executive Officer (CEO),C_SUITE,EXECUTIVE,rmartínez@energiadelpacifico.com.mx,VERIFIED,85,+525583408511,2026-09-17T06:21:39.953414+00:00
"Energy, Oil, Gas & Mining",ENERGIA DEL CENTRO S. DE R.L. DE C.V.,energiadelcentro5.com.mx,Ignacio Benítez,Jefe De Recursos Humanos,MANAGER,EXECUTIVE,ibenítez@energiadelcentro5.com.mx,VERIFIED,85,+524220590733,2026-09-17T06:21:39.953414+00:00
"Energy, Oil, Gas & Mining",ENERGIA DEL BAJIO S.A.B. DE C.V.,energiadelbajio39.com.mx,Miguel Castro,Chief Financial Officer (CFO),C_SUITE,FINANCE,mcastro@energiadelbajio39.com.mx,VERIFIED,85,+526229652545,2026-09-17T06:21:39.953414+00:00
"Energy, Oil, Gas & Mining",ENERGIA DEL CENTRO S.A.P.I. DE C.V.,energiadelcentro.com.mx,Sofia Gómez,Chief Human Resources Officer (CHRO),C_SUITE,HR_PEOPLE,sgómez@energiadelcentro.com.mx,VERIFIED,85,+526541726862,2026-09-17T06:21:39.953414+00:00
"Energy, Oil, Gas & Mining",ENERGIA DEL NORTE S. DE R.L. DE C.V.,energiadelnorte.com.mx,Andrea Hernández,Chief Executive Officer (CEO),C_SUITE,EXECUTIVE,ahernández@energiadelnorte.com.mx,VERIFIED,85,+527324333293,2026-09-17T06:21:39.953414+00:00
"Energy, Oil, Gas & Mining",ENERGIA DEL BAJIO S. DE R.L. DE C.V.,energiadelbajio.com,Javier Díaz,Chief Technology Officer (CTO),C_SUITE,ENGINEERING_IT,jdíaz@energiadelbajio.com,VERIFIED,85,+526264693379,2026-09-17T06:21:39.953414+00:00
"Energy, Oil, Gas & Mining",ENERGIA DEL BAJIO S.A.S.,energiadelbajio19.com.mx,Guadalupe Ruiz,Chief Financial Officer (CFO),C_SUITE,FINANCE,gruiz@energiadelbajio19.com.mx,VERIFIED,85,+528722832254,2026-09-17T06:21:39.953414+00:00
"Energy, Oil, Gas & Mining",ENERGIA CENTRAL S.A.S.,energiacentral95.com.mx,Guillermo Vega,Chief Procurement Officer (CPO),C_SUITE,PROCUREMENT,gvega@energiacentral95.com.mx,VERIFIED,85,+525916652377,2026-09-17T06:21:39.957423+00:00
"Energy, Oil, Gas & Mining",ENERGIA CENTRAL S.A.S.,energiacentral.mx,Adriana Hernández,Jefe De Recursos Humanos,MANAGER,EXECUTIVE,ahernández@energiacentral.mx,VERIFIED,85,+527653970820,2026-09-17T06:21:39.958410+00:00
"Energy, Oil, Gas & Mining",ENERGIA CENTRAL S.A.S.,energiacentral.mx,Ernesto Díaz,Chief Financial Officer (CFO),C_SUITE,FINANCE,edíaz@energiacentral.mx,VERIFIED,85,+528551948387,2026-09-17T06:21:39.958410+00:00
"Energy, Oil, Gas & Mining",ENERGIA MODERNA S. DE R.L. DE C.V.,energiamoderna.com,Claudia Ramírez,Chief Security Officer (CSO),C_SUITE,OPERATIONS,cramírez@energiamoderna.com,VERIFIED,85,+525942700563,2026-09-17T06:21:39.963408+00:00
"Energy, Oil, Gas & Mining",ENERGIA MODERNA S. DE R.L. DE C.V.,energiamoderna.com,David López,Chief Revenue Officer (CRO),C_SUITE,SALES_MARKETING,dlópez@energiamoderna.com,VERIFIED,85,+527321067499,2026-09-17T06:21:39.963408+00:00
"Energy, Oil, Gas & Mining",ENERGIA MODERNA S.A.B. DE C.V.,energiamoderna.mx,Roberto Herrera,Director,DIRECTOR,EXECUTIVE,rherrera@energiamoderna.mx,VERIFIED,85,+529673260511,2026-09-17T06:21:39.963408+00:00
"Energy, Oil, Gas & Mining",ENERGIA AVANZADA S.A. DE C.V.,energiaavanzada.com,Guadalupe López,Vice President (VP),VP,EXECUTIVE,glópez@energiaavanzada.com,VERIFIED,85,+528025764647,2026-09-17T06:21:39.980271+00:00
"Energy, Oil, Gas & Mining",ENERGIA AVANZADA S.A. DE C.V.,energiaavanzada.com,Paulina Castro,Vice President (VP),VP,EXECUTIVE,pcastro@energiaavanzada.com,VERIFIED,85,+527037860766,2026-09-17T06:21:39.980271+00:00
"Energy, Oil, Gas & Mining",ENERGIA AVANZADA S.A. DE C.V.,energiaavanzada.com,Ignacio Alarcón,Chief Human Resources Officer (CHRO),C_SUITE,HR_PEOPLE,ialarcón@energiaavanzada.com,VERIFIED,85,+528763958718,2026-09-17T06:21:39.980271+00:00
"Energy, Oil, Gas & Mining",ENERGIA AVANZADA S.A. DE C.V.,energiaavanzada.com,Mauricio González,Chief Operating Officer (COO),C_SUITE,OPERATIONS,mgonzález@energiaavanzada.com,VERIFIED,85,+527413892056,2026-09-17T06:21:39.980271+00:00
"Energy, Oil, Gas & Mining",ENERGIA MEXICANA S.A.P.I. DE C.V.,energiamexicana.mx,Gabriel Sánchez,Chief Marketing Officer (CMO),C_SUITE,SALES_MARKETING,gsánchez@energiamexicana.mx,VERIFIED,85,+526611318046,2026-09-17T06:21:40.022839+00:00
"Energy, Oil, Gas & Mining",ENERGIA MEXICANA S.A.P.I. DE C.V.,energiamexicana.mx,Mariana Treviño,Chief Revenue Officer (CRO),C_SUITE,SALES_MARKETING,mtreviño@energiamexicana.mx,VERIFIED,85,+528214255216,2026-09-17T06:21:40.022839+00:00
"Energy, Oil, Gas & Mining",ENERGIA PREMIER S.A.S.,energiapremier.com,Gabriel Salinas,Vice President (VP),VP,EXECUTIVE,gsalinas@energiapremier.com,VERIFIED,85,+529768888336,2026-09-17T06:21:40.031854+00:00
"Energy, Oil, Gas & Mining",ENERGIA PREMIER S.A.B. DE C.V.,energiapremier.mx,Arturo Vega,Chief Executive Officer (CEO),C_SUITE,EXECUTIVE,avega@energiapremier.mx,VERIFIED,85,+529741362663,2026-09-17T06:21:40.031854+00:00
"Energy, Oil, Gas & Mining",ENERGIA PREMIER S.A.P.I. DE C.V.,energiapremier97.com,Rodrigo González,Chief Financial Officer (CFO),C_SUITE,FINANCE,rgonzález@energiapremier97.com,VERIFIED,85,+524181469720,2026-09-17T06:21:40.032852+00:00
"Energy, Oil, Gas & Mining",ENERGIA DE OCCIDENTE 97 S.A.S.,energiadeoccidente.com,Lorena Benítez,Chief Technology Officer (CTO),C_SUITE,ENGINEERING_IT,lbenítez@energiadeoccidente.com,VERIFIED,85,+529450051027,2026-09-17T06:21:40.037846+00:00
"Energy, Oil, Gas & Mining",ENERGIA DE OCCIDENTE 24 S.A. DE C.V.,energiadeoccidente.com.mx,Alejandro Díaz,Vice President (VP),VP,EXECUTIVE,adíaz@energiadeoccidente.com.mx,VERIFIED,85,+526999187639,2026-09-17T06:21:40.037846+00:00
"Energy, Oil, Gas & Mining",ENERGIA DE LAS AMERICAS S.A.P.I. DE C.V.,energiadelasameric.com.mx,Guadalupe Ramírez,Vice President (VP),VP,EXECUTIVE,gramírez@energiadelasameric.com.mx,VERIFIED,85,+524456622182,2026-09-17T06:21:40.037846+00:00
"Energy, Oil, Gas & Mining",ENERGIA DE LAS AMERICAS S.A.S.,energiadelasameric.com,Andrea González,Vice President (VP),VP,EXECUTIVE,agonzález@energiadelasameric.com,VERIFIED,85,+525221079979,2026-09-17T06:21:40.037846+00:00
"Energy, Oil, Gas & Mining",ENERGIA SUPREMA S. DE R.L. DE C.V.,energiasuprema.com.mx,Jorge Valenzuela,Chief Technology Officer (CTO),C_SUITE,ENGINEERING_IT,jvalenzuela@energiasuprema.com.mx,VERIFIED,85,+525191609641,2026-09-17T06:21:40.039862+00:00
"Energy, Oil, Gas & Mining",ENERGIA SUPREMA S.C.,energiasuprema.mx,Manuel Morales,Vice President (VP),VP,EXECUTIVE,mmorales@energiasuprema.mx,VERIFIED,85,+527720547678,2026-09-17T06:21:40.039862+00:00
"Energy, Oil, Gas & Mining",ENERGIA SUPREMA S.C.,energiasuprema.mx,Ignacio Alarcón,Vice President (VP),VP,EXECUTIVE,ialarcón@energiasuprema.mx,VERIFIED,85,+528654273558,2026-09-17T06:21:40.039862+00:00
"Energy, Oil, Gas & Mining",ENERGIA CONTINENTAL S.A.B. DE C.V.,energiacontinental.mx,Lorena Benítez,Vice President (VP),VP,EXECUTIVE,lbenítez@energiacontinental.mx,VERIFIED,85,+528345258162,2026-09-17T06:21:40.041482+00:00
"Energy, Oil, Gas & Mining",ENERGIA CONTINENTAL S.A.B. DE C.V.,energiacontinental.mx,Jorge Castro,Director,DIRECTOR,EXECUTIVE,jcastro@energiacontinental.mx,VERIFIED,85,+529086545634,2026-09-17T06:21:40.041482+00:00
"Energy, Oil, Gas & Mining",ENERGIA CONTINENTAL S. DE R.L. DE C.V.,energiacontinental.com.mx,Miguel Valenzuela,Vice President (VP),VP,EXECUTIVE,mvalenzuela@energiacontinental.com.mx,VERIFIED,85,+524450989567,2026-09-17T06:21:40.041482+00:00
"Energy, Oil, Gas & Mining",ENERGIA DINAMICA S. DE R.L. DE C.V.,energiadinamica.mx,Sofia Díaz,Chief Procurement Officer (CPO),C_SUITE,PROCUREMENT,sdíaz@energiadinamica.mx,VERIFIED,85,+525545975126,2026-09-17T06:21:40.042493+00:00
"Energy, Oil, Gas & Mining",ENERGIA DINAMICA S. DE R.L. DE C.V.,energiadinamica.mx,Paulina Vázquez,Sole Administrator / Owner,FOUNDER,EXECUTIVE,pvázquez@energiadinamica33.mx,VERIFIED,85,+525578738391,2026-09-17T06:21:40.042493+00:00
"Energy, Oil, Gas & Mining",ENERGIA INTERNACIONAL S.A. DE C.V.,energiainternacion.mx,Javier Morales,Chief Procurement Officer (CPO),C_SUITE,PROCUREMENT,jmorales@energiainternacion.mx,VERIFIED,85,+528837357378,2026-09-17T06:21:40.047574+00:00
"Energy, Oil, Gas & Mining",ENERGIA INTERNACIONAL 44 S.A.P.I. DE C.V.,energiainternacion.com.mx,Ricardo Álvarez,Chief Operating Officer (COO),C_SUITE,OPERATIONS,rálvarez@energiainternacion.com.mx,VERIFIED,85,+524951143381,2026-09-17T06:21:40.047574+00:00
"Energy, Oil, Gas & Mining",ENERGIA INTERNACIONAL S.A.B. DE C.V.,energiainternacion.com,Patricia Hernández,Founder,FOUNDER,EXECUTIVE,phernández@energiainternacion.com,VERIFIED,85,+524076070227,2026-09-17T06:21:40.047574+00:00
"Energy, Oil, Gas & Mining",ENERGIA SUPREMA S.A. DE C.V.,energiasuprema.com.mx,Guillermo Herrera,Chief Operating Officer (COO),C_SUITE,OPERATIONS,gherrera@energiasuprema.com.mx,VERIFIED,85,+526911916975,2026-09-17T06:21:40.048243+00:00
"Energy, Oil, Gas & Mining",ENERGIA DEL NORTE S.A.B. DE C.V.,energiadelnorte.com,Claudia Álvarez,Chief Financial Officer (CFO),C_SUITE,FINANCE,cálvarez@energiadelnorte.com,VERIFIED,85,+524384502499,2026-09-17T06:21:40.071246+00:00
"Energy, Oil, Gas & Mining",ENERGIA DEL BAJIO S. DE R.L. DE C.V.,energiadelbajio41.com.mx,Adriana Gómez,Jefe De Recursos Humanos,MANAGER,EXECUTIVE,agómez@energiadelbajio41.com.mx,VERIFIED,85,+527587765250,2026-09-17T06:21:40.071246+00:00
"Energy, Oil, Gas & Mining",ENERGIA DEL BAJIO S. DE R.L. DE C.V.,energiadelbajio41.com.mx,Enrique García,Jefe De Recursos Humanos,MANAGER,EXECUTIVE,egarcía@energiadelbajio75.com.mx,VERIFIED,85,+526229467324,2026-09-17T06:21:40.071246+00:00
"Energy, Oil, Gas & Mining",ENERGIA DEL CENTRO S.C.,energiadelcentro.com,Andrea Salinas,Director,DIRECTOR,EXECUTIVE,asalinas@energiadelcentro.com,VERIFIED,85,+527231502201,2026-09-17T06:21:40.071246+00:00
"Energy, Oil, Gas & Mining",ENERGIA DEL PACIFICO S.A. DE C.V.,energiadelpacifico.mx,Sofia Alarcón,Co-Founder,FOUNDER,EXECUTIVE,salarcón@energiadelpacifico.mx,VERIFIED,85,+527221811026,2026-09-17T06:21:40.071750+00:00
"Energy, Oil, Gas & Mining",ENERGIA DEL CENTRO S.C.,energiadelcentro.com.mx,Alfonso Benítez,Chief Procurement Officer (CPO),C_SUITE,PROCUREMENT,abenítez@energiadelcentro.com.mx,VERIFIED,85,+526758547568,2026-09-17T06:21:40.071750+00:00
"Energy, Oil, Gas & Mining",ENERGIA DEL CENTRO S.C.,energiadelcentro.com.mx,Guillermo Flores,Chief Executive Officer (CEO),C_SUITE,EXECUTIVE,gflores@energiadelcentro.com.mx,VERIFIED,85,+527094103312,2026-09-17T06:21:40.071750+00:00
"Energy, Oil, Gas & Mining",ENERGIA DEL CENTRO S.A.S.,energiadelcentro.mx,Mariana Valenzuela,Chief Financial Officer (CFO),C_SUITE,FINANCE,mvalenzuela@energiadelcentro.mx,VERIFIED,85,+527459374149,2026-09-17T06:21:40.071750+00:00
"Energy, Oil, Gas & Mining",ENERGIA DEL BAJIO S.C.,energiadelbajio.com.mx,Ricardo Valenzuela,Vice President (VP),VP,EXECUTIVE,rvalenzuela@energiadelbajio.com.mx,VERIFIED,85,+528226279011,2026-09-17T06:21:40.071750+00:00
"Energy, Oil, Gas & Mining",ENERGIA INTERNACIONAL S. DE R.L. DE C.V.,energiainternacion.mx,Javier Castro,Chief Human Resources Officer (CHRO),C_SUITE,HR_PEOPLE,jcastro@energiainternacion.mx,VERIFIED,85,+526935230204,2026-09-17T06:21:40.075787+00:00
"Energy, Oil, Gas & Mining",ENERGIA CENTRAL S.A.P.I. DE C.V.,energiacentral.mx,Carlos Vega,Chief Technology Officer (CTO),C_SUITE,ENGINEERING_IT,cvega@energiacentral.mx,VERIFIED,85,+524613204310,2026-09-17T06:21:40.077758+00:00
"Energy, Oil, Gas & Mining",ENERGIA CENTRAL 23 S.A.P.I. DE C.V.,energiacentral.com,Carlos Castillo,Chief Marketing Officer (CMO),C_SUITE,SALES_MARKETING,ccastillo@energiacentral.com,VERIFIED,85,+528369448120,2026-09-17T06:21:40.077758+00:00
"Energy, Oil, Gas & Mining",ENERGIA CENTRAL S.A.P.I. DE C.V.,energiacentral.com.mx,Eduardo Campos,Chief Procurement Officer (CPO),C_SUITE,PROCUREMENT,ecampos@energiacentral.com.mx,VERIFIED,85,+526179243847,2026-09-17T06:21:40.077758+00:00
"Energy, Oil, Gas & Mining",ENERGIA EMPRESARIAL S.A.B. DE C.V.,energiaempresarial.com.mx,Hector Villaseñor,Chief Revenue Officer (CRO),C_SUITE,SALES_MARKETING,hvillaseñor@energiaempresarial.com.mx,VERIFIED,85,+526217856324,2026-09-17T06:21:40.081792+00:00
"Energy, Oil, Gas & Mining",ENERGIA EMPRESARIAL S.A.P.I. DE C.V.,energiaempresarial.mx,Javier Álvarez,Sole Administrator / Owner,FOUNDER,EXECUTIVE,jálvarez@energiaempresarial.mx,VERIFIED,85,+525897795017,2026-09-17T06:21:40.081792+00:00
"Energy, Oil, Gas & Mining",ENERGIA EMPRESARIAL S.A.P.I. DE C.V.,energiaempresarial.mx,Manuel Campos,Chief Financial Officer (CFO),C_SUITE,FINANCE,mcampos@energiaempresarial.mx,VERIFIED,85,+528788630657,2026-09-17T06:21:40.081792+00:00
"Energy, Oil, Gas & Mining",ENERGIA INTERNACIONAL 66 S.A.B. DE C.V.,energiainternacion.com,Valeria Sánchez,Co-Founder,FOUNDER,EXECUTIVE,vsánchez@energiainternacion.com,VERIFIED,85,+529339239219,2026-09-17T06:21:40.081792+00:00
"Energy, Oil, Gas & Mining",ENERGIA MODERNA S. DE R.L. DE C.V.,energiamoderna58.com,Manuel Flores,Chief Technology Officer (CTO),C_SUITE,ENGINEERING_IT,mflores@energiamoderna58.com,VERIFIED,85,+528155001518,2026-09-17T06:21:40.083769+00:00
"Energy, Oil, Gas & Mining",ENERGIA MEXICANA S.A. DE C.V.,energiamexicana.mx,Alfonso Ruiz,Chief Procurement Officer (CPO),C_SUITE,PROCUREMENT,aruiz@energiamexicana.mx,VERIFIED,85,+524330778919,2026-09-17T06:21:40.088442+00:00
"Energy, Oil, Gas & Mining",ENERGIA MEXICANA S.A.S.,energiamexicana.com.mx,Ernesto Ramírez,Sole Administrator / Owner,FOUNDER,EXECUTIVE,eramírez@energiamexicana.com.mx,VERIFIED,85,+527762044806,2026-09-17T06:21:40.088442+00:00
"Energy, Oil, Gas & Mining",ENERGIA DE OCCIDENTE S. DE R.L. DE C.V.,energiadeoccidente.mx,Enrique Hernández,Chief Marketing Officer (CMO),C_SUITE,SALES_MARKETING,ehernández@energiadeoccidente.mx,VERIFIED,85,+525361420457,2026-09-17T06:21:40.089997+00:00
"Energy, Oil, Gas & Mining",ENERGIA DE OCCIDENTE S. DE R.L. DE C.V.,energiadeoccidente.mx,Roberto Álvarez,Chief Technology Officer (CTO),C_SUITE,ENGINEERING_IT,rálvarez@energiadeoccidente.mx,VERIFIED,85,+528916221010,2026-09-17T06:21:40.089997+00:00
"Energy, Oil, Gas & Mining",ENERGIA DE OCCIDENTE 59 S.A. DE C.V.,energiadeoccidente.com,Gabriel Castillo,Chief Security Officer (CSO),C_SUITE,OPERATIONS,gcastillo@energiadeoccidente.com,VERIFIED,85,+524785891780,2026-09-17T06:21:40.089997+00:00
"Energy, Oil, Gas & Mining",ENERGIA GLOBAL S.A. DE C.V.,energiaglobal37.mx,Mariana Martínez,Chief Executive Officer (CEO),C_SUITE,EXECUTIVE,mmartínez@energiaglobal37.mx,VERIFIED,85,+529565272691,2026-09-17T06:21:40.101963+00:00
"Energy, Oil, Gas & Mining",ENERGIA GLOBAL S.A. DE C.V.,energiaglobal37.mx,Jorge López,Founder,FOUNDER,EXECUTIVE,jlópez@energiaglobal.mx,VERIFIED,85,+526213545234,2026-09-17T06:21:40.101963+00:00
"Energy, Oil, Gas & Mining",ENERGIA GLOBAL S. DE R.L. DE C.V.,energiaglobal.com,Paulina Aguilar,Chief Technology Officer (CTO),C_SUITE,ENGINEERING_IT,paguilar@energiaglobal.com,VERIFIED,85,+528720401370,2026-09-17T06:21:40.101963+00:00
"Energy, Oil, Gas & Mining",ENERGIA ESPECIALIZADA S. DE R.L. DE C.V.,energiaespecializa.mx,Patricia López,Chief Executive Officer (CEO),C_SUITE,EXECUTIVE,plópez@energiaespecializa.mx,VERIFIED,85,+528645659285,2026-09-17T06:21:40.116457+00:00
"Energy, Oil, Gas & Mining",ENERGIA ESPECIALIZADA S. DE R.L. DE C.V.,energiaespecializa.com.mx,Valeria Reyes,Chief Financial Officer (CFO),C_SUITE,FINANCE,vreyes@energiaespecializa.com.mx,VERIFIED,85,+528320260918,2026-09-17T06:21:40.116457+00:00
"Energy, Oil, Gas & Mining",ENERGIA CONTINENTAL S.A.P.I. DE C.V.,energiacontinental.com,Gabriel Alarcón,Chief Technology Officer (CTO),C_SUITE,ENGINEERING_IT,galarcón@energiacontinental.com,VERIFIED,85,+529719966758,2026-09-17T06:21:40.117458+00:00
"Energy, Oil, Gas & Mining",ENERGIA CONTINENTAL S.A.S.,energiacontinental.mx,Manuel Castillo,Chief Marketing Officer (CMO),C_SUITE,SALES_MARKETING,mcastillo@energiacontinental.mx,VERIFIED,85,+529331525468,2026-09-17T06:21:40.117458+00:00
"Energy, Oil, Gas & Mining",ENERGIA DEL CENTRO S.A.B. DE C.V.,energiadelcentro.com.mx,Raúl Gómez,Sole Administrator / Owner,FOUNDER,EXECUTIVE,rgómez@energiadelcentro.com.mx,VERIFIED,85,+528569797591,2026-09-17T06:21:40.120452+00:00
"Energy, Oil, Gas & Mining",ENERGIA DEL CENTRO S.A.B. DE C.V.,energiadelcentro.com.mx,Verónica Gómez,Chief Operating Officer (COO),C_SUITE,OPERATIONS,vgómez@energiadelcentro.com.mx,VERIFIED,85,+529516233946,2026-09-17T06:21:40.120452+00:00
"Energy, Oil, Gas & Mining",ENERGIA DEL CENTRO S.A.B. DE C.V.,energiadelcentro.com.mx,Raúl Ruiz,Chief Procurement Officer (CPO),C_SUITE,PROCUREMENT,rruiz@energiadelcentro.com.mx,VERIFIED,85,+527799199578,2026-09-17T06:21:40.121453+00:00
"Energy, Oil, Gas & Mining",ENERGIA DEL CENTRO 71 S.A.S.,energiadelcentro.mx,Adriana Torres,Founder,FOUNDER,EXECUTIVE,atorres@energiadelcentro.mx,VERIFIED,85,+529053989068,2026-09-17T06:21:40.121453+00:00
"Energy, Oil, Gas & Mining",ENERGIA DEL NORTE S.A.B. DE C.V.,energiadelnorte11.com,Mauricio Mendoza,Vice President (VP),VP,EXECUTIVE,mmendoza@energiadelnorte11.com,VERIFIED,85,+525137399900,2026-09-17T06:21:40.121453+00:00
"Energy, Oil, Gas & Mining",ENERGIA DEL BAJIO S. DE R.L. DE C.V.,energiadelbajio.mx,Manuel Ramírez,Chief Procurement Officer (CPO),C_SUITE,PROCUREMENT,mramírez@energiadelbajio.mx,VERIFIED,85,+529860825234,2026-09-17T06:21:40.121453+00:00
"Energy, Oil, Gas & Mining",ENERGIA DEL BAJIO 19 S. DE R.L. DE C.V.,energiadelbajio39.com.mx,Andrea Torres,Chief Operating Officer (COO),C_SUITE,OPERATIONS,atorres@energiadelbajio39.com.mx,VERIFIED,85,+528783462629,2026-09-17T06:21:40.121453+00:00
"Energy, Oil, Gas & Mining",ENERGIA DEL NORTE 72 S. DE R.L. DE C.V.,energiadelnorte.com,Ricardo Sánchez,Chief Procurement Officer (CPO),C_SUITE,PROCUREMENT,rsánchez@energiadelnorte.com,VERIFIED,85,+528164507210,2026-09-17T06:21:40.121453+00:00
"Energy, Oil, Gas & Mining",ENERGIA DEL BAJIO S.C.,energiadelbajio.com,Javier Herrera,Chief Operating Officer (COO),C_SUITE,OPERATIONS,jherrera@energiadelbajio.com,VERIFIED,85,+527749280335,2026-09-17T06:21:40.121453+00:00
"Energy, Oil, Gas & Mining",ENERGIA DEL BAJIO S.C.,energiadelbajio.com,Javier Ramírez,Sole Administrator / Owner,FOUNDER,EXECUTIVE,jramírez@energiadelbajio.com,VERIFIED,85,+526463311973,2026-09-17T06:21:40.121453+00:00
"Energy, Oil, Gas & Mining",ENERGIA DEL PACIFICO S.A. DE C.V.,energiadelpacifico.com,Alejandro Castillo,Chief Human Resources Officer (CHRO),C_SUITE,HR_PEOPLE,acastillo@energiadelpacifico.com,VERIFIED,85,+525099915295,2026-09-17T06:21:40.121453+00:00
"Energy, Oil, Gas & Mining",ENERGIA DEL PACIFICO S.A.B. DE C.V.,energiadelpacifico.mx,Sofia Herrera,Chief Revenue Officer (CRO),C_SUITE,SALES_MARKETING,sherrera@energiadelpacifico.mx,VERIFIED,85,+527670989260,2026-09-17T06:21:40.121453+00:00
"Energy, Oil, Gas & Mining",ENERGIA DEL PACIFICO S.A. DE C.V.,energiadelpacifico.mx,Eduardo Torres,Chief Technology Officer (CTO),C_SUITE,ENGINEERING_IT,etorres@energiadelpacifico.mx,VERIFIED,85,+525376350145,2026-09-17T06:21:40.135236+00:00
"Energy, Oil, Gas & Mining",ENERGIA DEL CENTRO 14 S.C.,energiadelcentro.com,Javier Hernández,Director,DIRECTOR,EXECUTIVE,jhernández@energiadelcentro.com,VERIFIED,85,+529891285746,2026-09-17T06:21:40.135236+00:00
"Energy, Oil, Gas & Mining",ENERGIA DEL BAJIO S.A.P.I. DE C.V.,energiadelbajio.com,Andrea Flores,Chief Revenue Officer (CRO),C_SUITE,SALES_MARKETING,aflores@energiadelbajio.com,VERIFIED,85,+526235282305,2026-09-17T06:21:40.135236+00:00
"Energy, Oil, Gas & Mining",ENERGIA LIDER S.A.S.,energialider.mx,Sofia Herrera,Chief Revenue Officer (CRO),C_SUITE,SALES_MARKETING,sherrera@energialider.mx,VERIFIED,85,+524025069259,2026-09-17T06:21:40.144217+00:00
"Energy, Oil, Gas & Mining",ENERGIA LIDER S.A.S.,energialider.mx,Patricia Navarro,Vice President (VP),VP,EXECUTIVE,pnavarro@energialider.mx,VERIFIED,85,+525925811609,2026-09-17T06:21:40.144217+00:00
"Energy, Oil, Gas & Mining",ENERGIA LIDER S.A.P.I. DE C.V.,energialider2.mx,Rodrigo Castillo,Chief Technology Officer (CTO),C_SUITE,ENGINEERING_IT,rcastillo@energialider2.mx,VERIFIED,85,+528522662915,2026-09-17T06:21:40.144217+00:00
"Energy, Oil, Gas & Mining",ENERGIA LIDER 7 S.C.,energialider80.com.mx,Daniel Aguilar,Founder,FOUNDER,EXECUTIVE,daguilar@energialider80.com.mx,VERIFIED,85,+524052955473,2026-09-17T06:21:40.144217+00:00
"Energy, Oil, Gas & Mining",ENERGIA LIDER 57 S.A. DE C.V.,energialider.com.mx,Enrique Torres,Chief Marketing Officer (CMO),C_SUITE,SALES_MARKETING,etorres@energialider.com.mx,VERIFIED,85,+529754953894,2026-09-17T06:21:40.144217+00:00
"Energy, Oil, Gas & Mining",ENERGIA LIDER 80 S.A. DE C.V.,energialider25.com.mx,Carlos Dominguez,Chief Operating Officer (COO),C_SUITE,OPERATIONS,cdominguez@energialider25.com.mx,VERIFIED,85,+529336841195,2026-09-17T06:21:40.144217+00:00
"Energy, Oil, Gas & Mining",ENERGIA PREMIER S. DE R.L. DE C.V.,energiapremier.mx,Enrique Valenzuela,Chief Operating Officer (COO),C_SUITE,OPERATIONS,evalenzuela@energiapremier.mx,VERIFIED,85,+528170508738,2026-09-17T06:21:40.165611+00:00
"Energy, Oil, Gas & Mining",ENERGIA PREMIER S. DE R.L. DE C.V.,energiapremier.mx,Alejandro Benítez,Chief Technology Officer (CTO),C_SUITE,ENGINEERING_IT,abenítez@energiapremier.com.mx,VERIFIED,85,+526729707166,2026-09-17T06:21:40.165611+00:00
"Energy, Oil, Gas & Mining",ENERGIA PREMIER S. DE R.L. DE C.V.,energiapremier.mx,Eduardo Navarro,Sole Administrator / Owner,FOUNDER,EXECUTIVE,enavarro@energiapremier.mx,VERIFIED,85,+527991139090,2026-09-17T06:21:40.165611+00:00
"Energy, Oil, Gas & Mining",ENERGIA PREMIER S.A.S.,energiapremier.com.mx,Mauricio Gómez,Chief Security Officer (CSO),C_SUITE,OPERATIONS,mgómez@energiapremier.com.mx,VERIFIED,85,+525876555103,2026-09-17T06:21:40.165611+00:00
"Energy, Oil, Gas & Mining",ENERGIA PREMIER S.A.S.,energiapremier.com.mx,Verónica Garza,Vice President (VP),VP,EXECUTIVE,vgarza@energiapremier.com.mx,VERIFIED,85,+527418028078,2026-09-17T06:21:40.165611+00:00
"Energy, Oil, Gas & Mining",ENERGIA MEXICANA S.C.,energiamexicana.com,Ricardo Villaseñor,Sole Administrator / Owner,FOUNDER,EXECUTIVE,rvillaseñor@energiamexicana.com,VERIFIED,85,+526741620254,2026-09-17T06:21:40.168622+00:00
"Energy, Oil, Gas & Mining",ENERGIA MEXICANA S. DE R.L. DE C.V.,energiamexicana.mx,Claudia González,Director,DIRECTOR,EXECUTIVE,cgonzález@energiamexicana.mx,VERIFIED,85,+528963561554,2026-09-17T06:21:40.169636+00:00
"Energy, Oil, Gas & Mining",ENERGIA MEXICANA S. DE R.L. DE C.V.,energiamexicana.mx,Jorge Torres,Vice President (VP),VP,EXECUTIVE,jtorres@energiamexicana.mx,VERIFIED,85,+525927320382,2026-09-17T06:21:40.169636+00:00
"Energy, Oil, Gas & Mining",ENERGIA LIDER 27 S.A. DE C.V.,energialider95.mx,Alejandro Benítez,Sole Administrator / Owner,FOUNDER,EXECUTIVE,abenítez@energialider95.mx,VERIFIED,85,+525516708575,2026-09-17T06:21:40.195556+00:00
"Energy, Oil, Gas & Mining",ENERGIA INTERNACIONAL S.A. DE C.V.,energiainternacion.com.mx,Ricardo Álvarez,Chief Technology Officer (CTO),C_SUITE,ENGINEERING_IT,rálvarez@energiainternacion.com.mx,VERIFIED,85,+528161715379,2026-09-17T06:21:40.219883+00:00
"Energy, Oil, Gas & Mining",ENERGIA INTERNACIONAL 11 S.A.B. DE C.V.,energiainternacion.mx,Raúl Díaz,Chief Financial Officer (CFO),C_SUITE,FINANCE,rdíaz@energiainternacion.mx,VERIFIED,85,+528851562687,2026-09-17T06:21:40.219883+00:00
"Energy, Oil, Gas & Mining",ENERGIA GLOBAL S.A.P.I. DE C.V.,energiaglobal39.com.mx,Rodrigo González,Chief Human Resources Officer (CHRO),C_SUITE,HR_PEOPLE,rgonzález@energiaglobal39.com.mx,VERIFIED,85,+524538139498,2026-09-17T06:21:40.220946+00:00
"Energy, Oil, Gas & Mining",ENERGIA GLOBAL 55 S.C.,energiaglobal.com,Manuel Garza,Founder,FOUNDER,EXECUTIVE,mgarza@energiaglobal.com,VERIFIED,85,+525817748563,2026-09-17T06:21:40.220946+00:00
"Energy, Oil, Gas & Mining",ENERGIA GLOBAL S. DE R.L. DE C.V.,energiaglobal.mx,Daniel Torres,Vice President (VP),VP,EXECUTIVE,dtorres@energiaglobal.mx,VERIFIED,85,+525595987516,2026-09-17T06:21:40.220946+00:00
"Energy, Oil, Gas & Mining",ENERGIA DINAMICA S.A.B. DE C.V.,energiadinamica.mx,Luis González,Chief Human Resources Officer (CHRO),C_SUITE,HR_PEOPLE,lgonzález@energiadinamica.mx,VERIFIED,85,+526686107594,2026-09-17T06:21:40.220946+00:00
"Energy, Oil, Gas & Mining",ENERGIA DINAMICA S.A.B. DE C.V.,energiadinamica31.com,Roberto Vega,Chief Marketing Officer (CMO),C_SUITE,SALES_MARKETING,rvega@energiadinamica31.com,VERIFIED,85,+526245985267,2026-09-17T06:21:40.220946+00:00
"Energy, Oil, Gas & Mining",ENERGIA INTEGRAL S.A.S.,energiaintegral.com.mx,Guadalupe Aguilar,Chief Marketing Officer (CMO),C_SUITE,SALES_MARKETING,gaguilar@energiaintegral.com.mx,VERIFIED,85,+529177336250,2026-09-17T06:21:40.231811+00:00
"Energy, Oil, Gas & Mining",ENERGIA INTEGRAL S.A.S.,energiaintegral.mx,Gabriel Morales,Jefe De Recursos Humanos,MANAGER,EXECUTIVE,gmorales@energiaintegral.mx,VERIFIED,85,+527434946163,2026-09-17T06:21:40.231811+00:00
"Energy, Oil, Gas & Mining",ENERGIA CENTRAL S.A.S.,energiacentral.com,Eduardo Campos,Chief Marketing Officer (CMO),C_SUITE,SALES_MARKETING,ecampos@energiacentral.com,VERIFIED,85,+524345808021,2026-09-17T06:21:40.233965+00:00
"Energy, Oil, Gas & Mining",ENERGIA CENTRAL S.A.S.,energiacentral.com,Javier Sánchez,Vice President (VP),VP,EXECUTIVE,jsánchez@energiacentral.com,VERIFIED,85,+528661416321,2026-09-17T06:21:40.233965+00:00
"Energy, Oil, Gas & Mining",ENERGIA CENTRAL 95 S.A.P.I. DE C.V.,energiacentral.com.mx,Eduardo Alarcón,Founder,FOUNDER,EXECUTIVE,ealarcón@energiacentral.com.mx,VERIFIED,85,+526671253910,2026-09-17T06:21:40.233965+00:00
"Energy, Oil, Gas & Mining",ENERGIA INTERNACIONAL S.A.B. DE C.V.,energiainternacion.com.mx,Daniel Mendoza,Chief Financial Officer (CFO),C_SUITE,FINANCE,dmendoza@energiainternacion.com.mx,VERIFIED,85,+525790221249,2026-09-17T06:21:40.238058+00:00
"Energy, Oil, Gas & Mining",ENERGIA INTERNACIONAL S.A.B. DE C.V.,energiainternacion.com.mx,Paulina Ruiz,Chief Procurement Officer (CPO),C_SUITE,PROCUREMENT,pruiz@energiainternacion.mx,VERIFIED,85,+525521783397,2026-09-17T06:21:40.238058+00:00
"Energy, Oil, Gas & Mining",ENERGIA INTERNACIONAL S.A.S.,energiainternacion.com,Ernesto Aguilar,Jefe De Recursos Humanos,MANAGER,EXECUTIVE,eaguilar@energiainternacion.com,VERIFIED,85,+529456061671,2026-09-17T06:21:40.239084+00:00
"Energy, Oil, Gas & Mining",ENERGIA DE LAS AMERICAS S. DE R.L. DE C.V.,energiadelasameric.com.mx,Guadalupe Navarro,Chief Financial Officer (CFO),C_SUITE,FINANCE,gnavarro@energiadelasameric.com.mx,VERIFIED,85,+528354041891,2026-09-17T06:21:40.246074+00:00
"Energy, Oil, Gas & Mining",ENERGIA DE LAS AMERICAS S. DE R.L. DE C.V.,energiadelasameric.com.mx,Sofia Mendoza,Chief Security Officer (CSO),C_SUITE,OPERATIONS,smendoza@energiadelasameric.com.mx,VERIFIED,85,+529222844957,2026-09-17T06:21:40.246074+00:00
"Energy, Oil, Gas & Mining",ENERGIA DE LAS AMERICAS S.A.P.I. DE C.V.,energiadelasameric.com,Adriana Dominguez,Chief Operating Officer (COO),C_SUITE,OPERATIONS,adominguez@energiadelasameric.com,VERIFIED,85,+529625792554,2026-09-17T06:21:40.246074+00:00
"Energy, Oil, Gas & Mining",ENERGIA DE LAS AMERICAS 76 S.A.B. DE C.V.,energiadelasameric.mx,Rodrigo Benítez,Chief Revenue Officer (CRO),C_SUITE,SALES_MARKETING,rbenítez@energiadelasameric.mx,VERIFIED,85,+524866716651,2026-09-17T06:21:40.246074+00:00
"Energy, Oil, Gas & Mining",ENERGIA DE OCCIDENTE 78 S.A.S.,energiadeoccidente.com.mx,Alfonso García,Chief Procurement Officer (CPO),C_SUITE,PROCUREMENT,agarcía@energiadeoccidente.com.mx,VERIFIED,85,+525663654541,2026-09-17T06:21:40.246737+00:00
"Energy, Oil, Gas & Mining",ENERGIA MEXICANA S.A.B. DE C.V.,energiamexicana.com,Sofia Torres,Sole Administrator / Owner,FOUNDER,EXECUTIVE,storres@energiamexicana.com,VERIFIED,85,+529761757028,2026-09-17T06:21:40.247395+00:00
"Energy, Oil, Gas & Mining",ENERGIA MEXICANA S.A.B. DE C.V.,energiamexicana.mx,Guadalupe Medina,Chief Technology Officer (CTO),C_SUITE,ENGINEERING_IT,gmedina@energiamexicana.mx,VERIFIED,85,+524486762823,2026-09-17T06:21:40.247395+00:00
"Energy, Oil, Gas & Mining",ENERGIA MEXICANA S.C.,energiamexicana.com.mx,Daniel Treviño,Sole Administrator / Owner,FOUNDER,EXECUTIVE,dtreviño@energiamexicana.com.mx,VERIFIED,85,+529586137755,2026-09-17T06:21:40.247395+00:00
"Energy, Oil, Gas & Mining",ENERGIA DINAMICA S.A.P.I. DE C.V.,energiadinamica23.mx,Mariana Vega,Chief Security Officer (CSO),C_SUITE,OPERATIONS,mvega@energiadinamica23.mx,VERIFIED,85,+524447632739,2026-09-17T06:21:40.253125+00:00
"Energy, Oil, Gas & Mining",ENERGIA DINAMICA 48 S.A.P.I. DE C.V.,energiadinamica.com.mx,Valeria Benítez,Co-Founder,FOUNDER,EXECUTIVE,vbenítez@energiadinamica.com.mx,VERIFIED,85,+528427890341,2026-09-17T06:21:40.253125+00:00
"Energy, Oil, Gas & Mining",ENERGIA GLOBAL 3 S.A.P.I. DE C.V.,energiaglobal.com,Jorge Alarcón,Director,DIRECTOR,EXECUTIVE,jalarcón@energiaglobal.com,VERIFIED,85,+529991055997,2026-09-17T06:21:40.270483+00:00
"Energy, Oil, Gas & Mining",ENERGIA DEL NORTE S.C.,energiadelnorte67.com.mx,Raúl Valenzuela,Chief Revenue Officer (CRO),C_SUITE,SALES_MARKETING,rvalenzuela@energiadelnorte67.com.mx,VERIFIED,85,+526678848255,2026-09-17T06:21:40.274980+00:00
"Energy, Oil, Gas & Mining",ENERGIA DEL PACIFICO S.A. DE C.V.,energiadelpacifico.com.mx,Lorena Castillo,Vice President (VP),VP,EXECUTIVE,lcastillo@energiadelpacifico.com.mx,VERIFIED,85,+528389234711,2026-09-17T06:21:40.274980+00:00
"Energy, Oil, Gas & Mining",ENERGIA DEL PACIFICO S.A. DE C.V.,energiadelpacifico.com.mx,Arturo Garza,Chief Security Officer (CSO),C_SUITE,OPERATIONS,agarza@energiadelpacifico.com.mx,VERIFIED,85,+527473727140,2026-09-17T06:21:40.274980+00:00
"Energy, Oil, Gas & Mining",ENERGIA DEL BAJIO S.A. DE C.V.,energiadelbajio34.com.mx,Luis González,Chief Technology Officer (CTO),C_SUITE,ENGINEERING_IT,lgonzález@energiadelbajio34.com.mx,VERIFIED,85,+527776132583,2026-09-17T06:21:40.274980+00:00
"Energy, Oil, Gas & Mining",ENERGIA DEL PACIFICO S. DE R.L. DE C.V.,energiadelpacifico.com,Guillermo Valenzuela,Chief Marketing Officer (CMO),C_SUITE,SALES_MARKETING,gvalenzuela@energiadelpacifico.com,VERIFIED,85,+527793255353,2026-09-17T06:21:40.274980+00:00
"Energy, Oil, Gas & Mining",ENERGIA DEL BAJIO S.A.P.I. DE C.V.,energiadelbajio.com,Daniel Hernández,Chief Marketing Officer (CMO),C_SUITE,SALES_MARKETING,dhernández@energiadelbajio.com,VERIFIED,85,+525562181430,2026-09-17T06:21:40.274980+00:00
"Energy, Oil, Gas & Mining",ENERGIA DEL BAJIO S. DE R.L. DE C.V.,energiadelbajio.com.mx,Mariana Garza,Chief Technology Officer (CTO),C_SUITE,ENGINEERING_IT,mgarza@energiadelbajio.com.mx,VERIFIED,85,+524652745229,2026-09-17T06:21:40.274980+00:00
"Energy, Oil, Gas & Mining",ENERGIA DEL NORTE S.A.S.,energiadelnorte.mx,Alfonso Álvarez,Chief Technology Officer (CTO),C_SUITE,ENGINEERING_IT,aálvarez@energiadelnorte.mx,VERIFIED,85,+525884495263,2026-09-17T06:21:40.275886+00:00
"Energy, Oil, Gas & Mining",ENERGIA AVANZADA S.C.,energiaavanzada96.mx,Carlos Campos,Chief Marketing Officer (CMO),C_SUITE,SALES_MARKETING,ccampos@energiaavanzada96.mx,VERIFIED,85,+526532552703,2026-09-17T06:21:40.297521+00:00
"Energy, Oil, Gas & Mining",ENERGIA AVANZADA S.A.P.I. DE C.V.,energiaavanzada.mx,Gabriel Vega,Chief Technology Officer (CTO),C_SUITE,ENGINEERING_IT,gvega@energiaavanzada.mx,VERIFIED,85,+528586842066,2026-09-17T06:21:40.297521+00:00
"Energy, Oil, Gas & Mining",ENERGIA AVANZADA S.A.S.,energiaavanzada33.com.mx,David Sánchez,Chief Technology Officer (CTO),C_SUITE,ENGINEERING_IT,dsánchez@energiaavanzada33.com.mx,VERIFIED,85,+529934757432,2026-09-17T06:21:40.298529+00:00
"Energy, Oil, Gas & Mining",ENERGIA ESPECIALIZADA S.C.,energiaespecializa.mx,Manuel Gómez,Chief Procurement Officer (CPO),C_SUITE,PROCUREMENT,mgómez@energiaespecializa.mx,VERIFIED,85,+527790670371,2026-09-17T06:21:40.305843+00:00
"Energy, Oil, Gas & Mining",ENERGIA ESPECIALIZADA S.C.,energiaespecializa.mx,Manuel Álvarez,Director,DIRECTOR,EXECUTIVE,málvarez@energiaespecializa.mx,VERIFIED,85,+525961730236,2026-09-17T06:21:40.305843+00:00
"Energy, Oil, Gas & Mining",ENERGIA ESPECIALIZADA S.A.S.,energiaespecializa.com.mx,Mauricio Herrera,Chief Procurement Officer (CPO),C_SUITE,PROCUREMENT,mherrera@energiaespecializa.com.mx,VERIFIED,85,+525992486361,2026-09-17T06:21:40.305843+00:00
"Energy, Oil, Gas & Mining",ENERGIA DEL NORTE S. DE R.L. DE C.V.,energiadelnorte.com,Raúl Martínez,Chief Human Resources Officer (CHRO),C_SUITE,HR_PEOPLE,rmartínez@energiadelnorte.com,VERIFIED,85,+526947481297,2026-09-17T06:21:40.316256+00:00
"Energy, Oil, Gas & Mining",ENERGIA DEL NORTE S. DE R.L. DE C.V.,energiadelnorte.com,Enrique Dominguez,Director,DIRECTOR,EXECUTIVE,edominguez@energiadelnorte.com,VERIFIED,85,+529381336536,2026-09-17T06:21:40.316256+00:00
"Energy, Oil, Gas & Mining",ENERGIA DEL NORTE S. DE R.L. DE C.V.,energiadelnorte.com,Raúl Díaz,Chief Revenue Officer (CRO),C_SUITE,SALES_MARKETING,rdíaz@energiadelnorte.com,VERIFIED,85,+524533887799,2026-09-17T06:21:40.316256+00:00
"Energy, Oil, Gas & Mining",ENERGIA DEL CENTRO 32 S.A.P.I. DE C.V.,energiadelcentro.com.mx,Lorena Álvarez,Director,DIRECTOR,EXECUTIVE,lálvarez@energiadelcentro.com.mx,VERIFIED,85,+524538762884,2026-09-17T06:21:40.316256+00:00
"Energy, Oil, Gas & Mining",ENERGIA DEL NORTE S.A.P.I. DE C.V.,energiadelnorte70.com,Alfonso Sánchez,Chief Technology Officer (CTO),C_SUITE,ENGINEERING_IT,asánchez@energiadelnorte70.com,VERIFIED,85,+524847333102,2026-09-17T06:21:40.316256+00:00
"Energy, Oil, Gas & Mining",ENERGIA DEL PACIFICO S.A. DE C.V.,energiadelpacifico.com.mx,Roberto Castro,Vice President (VP),VP,EXECUTIVE,rcastro@energiadelpacifico.com.mx,VERIFIED,85,+529584636994,2026-09-17T06:21:40.316256+00:00
"Energy, Oil, Gas & Mining",ENERGIA DEL PACIFICO S.A. DE C.V.,energiadelpacifico.com.mx,Valeria Martínez,Chief Revenue Officer (CRO),C_SUITE,SALES_MARKETING,vmartínez@energiadelpacifico.com,VERIFIED,85,+526526970721,2026-09-17T06:21:40.316256+00:00
"Energy, Oil, Gas & Mining",ENERGIA DEL BAJIO S.A.B. DE C.V.,energiadelbajio.mx,Enrique Gómez,Chief Marketing Officer (CMO),C_SUITE,SALES_MARKETING,egómez@energiadelbajio.mx,VERIFIED,85,+528436149178,2026-09-17T06:21:40.316256+00:00
"Energy, Oil, Gas & Mining",ENERGIA CENTRAL S. DE R.L. DE C.V.,energiacentral.mx,Daniel Vega,Chief Technology Officer (CTO),C_SUITE,ENGINEERING_IT,dvega@energiacentral.mx,VERIFIED,85,+527572397287,2026-09-17T06:21:40.327482+00:00
"Energy, Oil, Gas & Mining",ENERGIA CENTRAL 86 S. DE R.L. DE C.V.,energiacentral.com,Javier Aguilar,Chief Operating Officer (COO),C_SUITE,OPERATIONS,jaguilar@energiacentral.com,VERIFIED,85,+525463075830,2026-09-17T06:21:40.327482+00:00
"Energy, Oil, Gas & Mining",ENERGIA CENTRAL 86 S. DE R.L. DE C.V.,energiacentral.com,Javier Villaseñor,Vice President (VP),VP,EXECUTIVE,jvillaseñor@energiacentral.com,VERIFIED,85,+524361883641,2026-09-17T06:21:40.327482+00:00
"Energy, Oil, Gas & Mining",ENERGIA CENTRAL S.A.S.,energiacentral.com.mx,Miguel Dominguez,Sole Administrator / Owner,FOUNDER,EXECUTIVE,mdominguez@energiacentral.com.mx,VERIFIED,85,+526662119873,2026-09-17T06:21:40.327482+00:00
"Energy, Oil, Gas & Mining",ENERGIA CENTRAL S.C.,energiacentral10.mx,Mariana Flores,Vice President (VP),VP,EXECUTIVE,mflores@energiacentral10.mx,VERIFIED,85,+524594391949,2026-09-17T06:21:40.328480+00:00
"Energy, Oil, Gas & Mining",ENERGIA INDUSTRIAL S.A.P.I. DE C.V.,energiaindustrial2.com,Patricia Ramírez,Chief Security Officer (CSO),C_SUITE,OPERATIONS,pramírez@energiaindustrial2.com,VERIFIED,85,+528837253913,2026-09-17T06:21:40.328480+00:00
"Energy, Oil, Gas & Mining",ENERGIA INDUSTRIAL S.A.P.I. DE C.V.,energiaindustrial2.com,Ignacio Castillo,Chief Procurement Officer (CPO),C_SUITE,PROCUREMENT,icastillo@energiaindustrial.com,VERIFIED,85,+525752400706,2026-09-17T06:21:40.328480+00:00
"Energy, Oil, Gas & Mining",ENERGIA INDUSTRIAL S. DE R.L. DE C.V.,energiaindustrial.com.mx,Enrique González,Chief Revenue Officer (CRO),C_SUITE,SALES_MARKETING,egonzález@energiaindustrial.com.mx,VERIFIED,85,+528080606591,2026-09-17T06:21:40.328480+00:00
"Energy, Oil, Gas & Mining",ENERGIA INDUSTRIAL S.A.S.,energiaindustrial8.mx,Mauricio Campos,Co-Founder,FOUNDER,EXECUTIVE,mcampos@energiaindustrial8.mx,VERIFIED,85,+525259302655,2026-09-17T06:21:40.329488+00:00
"Energy, Oil, Gas & Mining",ENERGIA AVANZADA S.C.,energiaavanzada.com,David Torres,Chief Financial Officer (CFO),C_SUITE,FINANCE,dtorres@energiaavanzada.com,VERIFIED,85,+527031976458,2026-09-17T06:21:40.329488+00:00
"Energy, Oil, Gas & Mining",ENERGIA AVANZADA S.A.P.I. DE C.V.,energiaavanzada82.mx,Raúl Ramírez,Founder,FOUNDER,EXECUTIVE,rramírez@energiaavanzada82.mx,VERIFIED,85,+524641103058,2026-09-17T06:21:40.329488+00:00
"Energy, Oil, Gas & Mining",ENERGIA MEXICANA 41 S.C.,energiamexicana.com,Ignacio García,Co-Founder,FOUNDER,EXECUTIVE,igarcía@energiamexicana.com,VERIFIED,85,+526352764817,2026-09-17T06:21:40.330482+00:00
"Energy, Oil, Gas & Mining",ENERGIA MEXICANA S.A. DE C.V.,energiamexicana.com.mx,Luis López,Chief Technology Officer (CTO),C_SUITE,ENGINEERING_IT,llópez@energiamexicana.com.mx,VERIFIED,85,+528750117828,2026-09-17T06:21:40.330482+00:00
"Energy, Oil, Gas & Mining",ENERGIA MEXICANA S.A. DE C.V.,energiamexicana.com.mx,Verónica Villaseñor,Chief Revenue Officer (CRO),C_SUITE,SALES_MARKETING,vvillaseñor@energiamexicana.com.mx,VERIFIED,85,+524048650951,2026-09-17T06:21:40.330482+00:00
"Energy, Oil, Gas & Mining",ENERGIA MEXICANA S.A. DE C.V.,energiamexicana53.mx,Enrique Castro,Chief Executive Officer (CEO),C_SUITE,EXECUTIVE,ecastro@energiamexicana53.mx,VERIFIED,85,+528580089148,2026-09-17T06:21:40.330482+00:00
"Energy, Oil, Gas & Mining",ENERGIA MEXICANA S.C.,energiamexicana.mx,Gabriel Aguilar,Chief Procurement Officer (CPO),C_SUITE,PROCUREMENT,gaguilar@energiamexicana.mx,VERIFIED,85,+526164318867,2026-09-17T06:21:40.330482+00:00
"Energy, Oil, Gas & Mining",ENERGIA INNOVADORA S.C.,energiainnovadora.mx,Mariana Castillo,Jefe De Recursos Humanos,MANAGER,EXECUTIVE,mcastillo@energiainnovadora.mx,VERIFIED,85,+525665104422,2026-09-17T06:21:40.336591+00:00
"Energy, Oil, Gas & Mining",ENERGIA DEL CENTRO 80 S.A.S.,energiadelcentro.com,Roberto Benítez,Vice President (VP),VP,EXECUTIVE,rbenítez@energiadelcentro.com,VERIFIED,85,+529333729630,2026-09-17T06:21:40.355094+00:00
"Energy, Oil, Gas & Mining",ENERGIA DEL NORTE S.A.B. DE C.V.,energiadelnorte15.com,Guadalupe Garza,Founder,FOUNDER,EXECUTIVE,ggarza@energiadelnorte15.com,VERIFIED,85,+527272832490,2026-09-17T06:21:40.355094+00:00
"Energy, Oil, Gas & Mining",ENERGIA DEL NORTE S.A.B. DE C.V.,energiadelnorte15.com,Verónica Alarcón,Sole Administrator / Owner,FOUNDER,EXECUTIVE,valarcón@energiadelnorte.com.mx,VERIFIED,85,+527815047318,2026-09-17T06:21:40.355094+00:00
"Energy, Oil, Gas & Mining",ENERGIA DEL CENTRO S.A.S.,energiadelcentro.com.mx,Patricia Morales,Jefe De Recursos Humanos,MANAGER,EXECUTIVE,pmorales@energiadelcentro.com.mx,VERIFIED,85,+529839021865,2026-09-17T06:21:40.355094+00:00
"Energy, Oil, Gas & Mining",ENERGIA DEL CENTRO S.A.S.,energiadelcentro.com.mx,Mauricio Dominguez,Chief Executive Officer (CEO),C_SUITE,EXECUTIVE,mdominguez@energiadelcentro.com.mx,VERIFIED,85,+525586159844,2026-09-17T06:21:40.355094+00:00
"Energy, Oil, Gas & Mining",ENERGIA DEL BAJIO S.C.,energiadelbajio.com.mx,Carlos Reyes,Vice President (VP),VP,EXECUTIVE,creyes@energiadelbajio.com.mx,VERIFIED,85,+525897362849,2026-09-17T06:21:40.355094+00:00
"Energy, Oil, Gas & Mining",ENERGIA DEL BAJIO S.C.,energiadelbajio.com.mx,Mariana Aguilar,Co-Founder,FOUNDER,EXECUTIVE,maguilar@energiadelbajio.com,VERIFIED,85,+528768016673,2026-09-17T06:21:40.355094+00:00
"Energy, Oil, Gas & Mining",ENERGIA DEL PACIFICO S.A.S.,energiadelpacifico.com,Hector Garza,Co-Founder,FOUNDER,EXECUTIVE,hgarza@energiadelpacifico.com,VERIFIED,85,+524672856603,2026-09-17T06:21:40.355094+00:00
"Energy, Oil, Gas & Mining",ENERGIA DEL PACIFICO S.A.S.,energiadelpacifico.com,Guadalupe Ramírez,Jefe De Recursos Humanos,MANAGER,EXECUTIVE,gramírez@energiadelpacifico.mx,VERIFIED,85,+526325625613,2026-09-17T06:21:40.356184+00:00
"Energy, Oil, Gas & Mining",ENERGIA DEL PACIFICO S.A.S.,energiadelpacifico.com,Ernesto Dominguez,Director,DIRECTOR,EXECUTIVE,edominguez@energiadelpacifico.com,VERIFIED,85,+524747646466,2026-09-17T06:21:40.356184+00:00
"Energy, Oil, Gas & Mining",ENERGIA DEL NORTE S.A.S.,energiadelnorte18.com,Gabriel Martínez,Sole Administrator / Owner,FOUNDER,EXECUTIVE,gmartínez@energiadelnorte18.com,VERIFIED,85,+524149431237,2026-09-17T06:21:40.356184+00:00
"Energy, Oil, Gas & Mining",ENERGIA DEL PACIFICO S. DE R.L. DE C.V.,energiadelpacifico.mx,Raúl Castillo,Vice President (VP),VP,EXECUTIVE,rcastillo@energiadelpacifico.mx,VERIFIED,85,+528978116634,2026-09-17T06:21:40.356184+00:00
"Energy, Oil, Gas & Mining",ENERGIA LIDER S.A.S.,energialider.com.mx,Jorge Morales,Vice President (VP),VP,EXECUTIVE,jmorales@energialider.com.mx,VERIFIED,85,+524428802245,2026-09-17T06:21:40.370159+00:00
"Energy, Oil, Gas & Mining",ENERGIA LIDER S.A.S.,energialider.com.mx,Sofia Alarcón,Chief Technology Officer (CTO),C_SUITE,ENGINEERING_IT,salarcón@energialider.com.mx,VERIFIED,85,+524431757144,2026-09-17T06:21:40.371159+00:00
"Energy, Oil, Gas & Mining",ENERGIA LIDER S. DE R.L. DE C.V.,energialider.mx,Gabriel Vázquez,Jefe De Recursos Humanos,MANAGER,EXECUTIVE,gvázquez@energialider.mx,VERIFIED,85,+525518780091,2026-09-17T06:21:40.371159+00:00
"Energy, Oil, Gas & Mining",ENERGIA MEXICANA S.A.B. DE C.V.,energiamexicana.com,Valeria Medina,Chief Executive Officer (CEO),C_SUITE,EXECUTIVE,vmedina@energiamexicana.com,VERIFIED,85,+527526054398,2026-09-17T06:21:40.378631+00:00
"Energy, Oil, Gas & Mining",ENERGIA MEXICANA S.A.B. DE C.V.,energiamexicana.com,Valeria Mendoza,Chief Operating Officer (COO),C_SUITE,OPERATIONS,vmendoza@energiamexicana.com,VERIFIED,85,+524767565141,2026-09-17T06:21:40.378631+00:00
"Energy, Oil, Gas & Mining",ENERGIA MEXICANA S.A.B. DE C.V.,energiamexicana.com,Guadalupe Valenzuela,Chief Operating Officer (COO),C_SUITE,OPERATIONS,gvalenzuela@energiamexicana.com.mx,VERIFIED,85,+525290222331,2026-09-17T06:21:40.378631+00:00
"Energy, Oil, Gas & Mining",ENERGIA MEXICANA S. DE R.L. DE C.V.,energiamexicana52.com.mx,Manuel Garza,Chief Operating Officer (COO),C_SUITE,OPERATIONS,mgarza@energiamexicana52.com.mx,VERIFIED,85,+529479976008,2026-09-17T06:21:40.378631+00:00
"Energy, Oil, Gas & Mining",ENERGIA MEXICANA S.A.S.,energiamexicana.mx,Guadalupe Castillo,Chief Procurement Officer (CPO),C_SUITE,PROCUREMENT,gcastillo@energiamexicana.mx,VERIFIED,85,+525054958090,2026-09-17T06:21:40.378631+00:00
"Energy, Oil, Gas & Mining",ENERGIA PREMIER S.A.B. DE C.V.,energiapremier.mx,Ernesto Gómez,Chief Financial Officer (CFO),C_SUITE,FINANCE,egómez@energiapremier.mx,VERIFIED,85,+528031014457,2026-09-17T06:21:40.379633+00:00
"Energy, Oil, Gas & Mining",ENERGIA PREMIER S.A.B. DE C.V.,energiapremier.mx,Andrea García,Jefe De Recursos Humanos,MANAGER,EXECUTIVE,agarcía@energiapremier.com,VERIFIED,85,+527289400301,2026-09-17T06:21:40.379633+00:00
"Energy, Oil, Gas & Mining",ENERGIA DEL CENTRO S. DE R.L. DE C.V.,energiadelcentro28.com.mx,Raúl Hernández,Chief Marketing Officer (CMO),C_SUITE,SALES_MARKETING,rhernández@energiadelcentro28.com.mx,VERIFIED,85,+528940163224,2026-09-17T06:21:40.381652+00:00
"Energy, Oil, Gas & Mining",ENERGIA DEL CENTRO S. DE R.L. DE C.V.,energiadelcentro28.com.mx,David Vega,Vice President (VP),VP,EXECUTIVE,dvega@energiadelcentro.mx,VERIFIED,85,+524962581400,2026-09-17T06:21:40.381652+00:00
"Energy, Oil, Gas & Mining",ENERGIA DEL CENTRO S. DE R.L. DE C.V.,energiadelcentro28.com.mx,Raúl Dominguez,Vice President (VP),VP,EXECUTIVE,rdominguez@energiadelcentro65.com,VERIFIED,85,+526754143924,2026-09-17T06:21:40.381652+00:00
"Energy, Oil, Gas & Mining",ENERGIA DEL PACIFICO S.A.B. DE C.V.,energiadelpacifico.com,Arturo Treviño,Chief Operating Officer (COO),C_SUITE,OPERATIONS,atreviño@energiadelpacifico.com,VERIFIED,85,+524062184186,2026-09-17T06:21:40.381652+00:00
"Energy, Oil, Gas & Mining",ENERGIA DEL PACIFICO S.A.B. DE C.V.,energiadelpacifico.com,Gabriel Ruiz,Chief Executive Officer (CEO),C_SUITE,EXECUTIVE,gruiz@energiadelpacifico.com.mx,VERIFIED,85,+528583658919,2026-09-17T06:21:40.381652+00:00
"Energy, Oil, Gas & Mining",ENERGIA DEL NORTE 24 S.A.B. DE C.V.,energiadelnorte.com,Gabriel García,Vice President (VP),VP,EXECUTIVE,ggarcía@energiadelnorte.com,VERIFIED,85,+527226157236,2026-09-17T06:21:40.381652+00:00
"Energy, Oil, Gas & Mining",ENERGIA DEL CENTRO S. DE R.L. DE C.V.,energiadelcentro.com,Hector Dominguez,Jefe De Recursos Humanos,MANAGER,EXECUTIVE,hdominguez@energiadelcentro.com,VERIFIED,85,+527869546815,2026-09-17T06:21:40.382646+00:00
"Energy, Oil, Gas & Mining",ENERGIA DEL BAJIO 33 S.A.B. DE C.V.,energiadelbajio.mx,Claudia Aguilar,Jefe De Recursos Humanos,MANAGER,EXECUTIVE,caguilar@energiadelbajio.mx,VERIFIED,85,+525448615374,2026-09-17T06:21:40.382646+00:00
"Energy, Oil, Gas & Mining",ENERGIA DEL CENTRO 72 S.C.,energiadelcentro.mx,Luis Morales,Chief Human Resources Officer (CHRO),C_SUITE,HR_PEOPLE,lmorales@energiadelcentro.mx,VERIFIED,85,+524376233535,2026-09-17T06:21:40.382646+00:00
"Energy, Oil, Gas & Mining",ENERGIA INDUSTRIAL S. DE R.L. DE C.V.,energiaindustrial6.mx,Mauricio Álvarez,Chief Operating Officer (COO),C_SUITE,OPERATIONS,málvarez@energiaindustrial6.mx,VERIFIED,85,+526915306869,2026-09-17T06:21:40.400608+00:00
"Energy, Oil, Gas & Mining",ENERGIA INDUSTRIAL S. DE R.L. DE C.V.,energiaindustrial6.mx,Sofia Castillo,Co-Founder,FOUNDER,EXECUTIVE,scastillo@energiaindustrial.com.mx,VERIFIED,85,+527683010056,2026-09-17T06:21:40.400608+00:00
"Energy, Oil, Gas & Mining",ENERGIA AVANZADA S.A.B. DE C.V.,energiaavanzada.com,Gabriel Alarcón,Chief Security Officer (CSO),C_SUITE,OPERATIONS,galarcón@energiaavanzada.com,VERIFIED,85,+528919279003,2026-09-17T06:21:40.404026+00:00
"Energy, Oil, Gas & Mining",ENERGIA DE LAS AMERICAS S.A.P.I. DE C.V.,energiadelasameric.com,Patricia Navarro,Chief Executive Officer (CEO),C_SUITE,EXECUTIVE,pnavarro@energiadelasameric.com,VERIFIED,85,+525517785081,2026-09-17T06:21:40.413753+00:00
"Energy, Oil, Gas & Mining",ENERGIA DE LAS AMERICAS S.A.P.I. DE C.V.,energiadelasameric.com,Roberto Martínez,Chief Financial Officer (CFO),C_SUITE,FINANCE,rmartínez@energiadelasameric.com,VERIFIED,85,+525539466202,2026-09-17T06:21:40.413753+00:00
"Energy, Oil, Gas & Mining",ENERGIA DE LAS AMERICAS 92 S.A.S.,energiadelasameric.mx,Manuel Morales,Chief Human Resources Officer (CHRO),C_SUITE,HR_PEOPLE,mmorales@energiadelasameric.mx,VERIFIED,85,+525529555960,2026-09-17T06:21:40.413753+00:00
"Energy, Oil, Gas & Mining",ENERGIA DE LAS AMERICAS 92 S.A.S.,energiadelasameric.mx,Javier Reyes,Director,DIRECTOR,EXECUTIVE,jreyes@energiadelasameric.mx,VERIFIED,85,+525593444058,2026-09-17T06:21:40.413753+00:00
"Energy, Oil, Gas & Mining",ENERGIA DE OCCIDENTE S.C.,energiadeoccidente.mx,Paulina Sánchez,Director,DIRECTOR,EXECUTIVE,psánchez@energiadeoccidente.mx,VERIFIED,85,+525572030293,2026-09-17T06:21:40.414759+00:00
"Energy, Oil, Gas & Mining",ENERGIA DE OCCIDENTE S. DE R.L. DE C.V.,energiadeoccidente.com,Daniel Salinas,Chief Revenue Officer (CRO),C_SUITE,SALES_MARKETING,dsalinas@energiadeoccidente.com,VERIFIED,85,+525576386226,2026-09-17T06:21:40.414759+00:00
"Energy, Oil, Gas & Mining",ENERGIA CONTINENTAL 4 S.A.S.,energiacontinental.com,Adriana Aguilar,Chief Human Resources Officer (CHRO),C_SUITE,HR_PEOPLE,aaguilar@energiacontinental.com,VERIFIED,85,+525513851513,2026-09-17T06:21:40.436750+00:00
"Energy, Oil, Gas & Mining",ENERGIA CONTINENTAL S.A.B. DE C.V.,energiacontinental.com.mx,David Medina,Chief Revenue Officer (CRO),C_SUITE,SALES_MARKETING,dmedina@energiacontinental.com.mx,VERIFIED,85,+525551426081,2026-09-17T06:21:40.436750+00:00
"Energy, Oil, Gas & Mining",ENERGIA CONTINENTAL S.A.B. DE C.V.,energiacontinental.com.mx,Hector Navarro,Vice President (VP),VP,EXECUTIVE,hnavarro@energiacontinental.com.mx,VERIFIED,85,+525580261969,2026-09-17T06:21:40.436750+00:00
"Energy, Oil, Gas & Mining",ENERGIA CONTINENTAL S.A.B. DE C.V.,energiacontinental.com.mx,Paulina Valenzuela,Chief Revenue Officer (CRO),C_SUITE,SALES_MARKETING,pvalenzuela@energiacontinental.com.mx,VERIFIED,85,+525545723621,2026-09-17T06:21:40.436750+00:00
"Energy, Oil, Gas & Mining",ENERGIA CONTINENTAL S.C.,energiacontinental.mx,Luis Vázquez,Chief Procurement Officer (CPO),C_SUITE,PROCUREMENT,lvázquez@energiacontinental.mx,VERIFIED,85,+529436089255,2026-09-17T06:21:40.437757+00:00
"Energy, Oil, Gas & Mining",ENERGIA CONTINENTAL S.C.,energiacontinental.mx,Arturo Medina,Chief Technology Officer (CTO),C_SUITE,ENGINEERING_IT,amedina@energiacontinental.mx,VERIFIED,85,+524195742058,2026-09-17T06:21:40.437757+00:00
"Energy, Oil, Gas & Mining",ENERGIA MEXICANA S. DE R.L. DE C.V.,energiamexicana5.com.mx,Hector Vega,Sole Administrator / Owner,FOUNDER,EXECUTIVE,hvega@energiamexicana5.com.mx,VERIFIED,85,+529032188192,2026-09-17T06:21:40.457936+00:00
"Energy, Oil, Gas & Mining",ENERGIA MEXICANA S.A.P.I. DE C.V.,energiamexicana.mx,Manuel Campos,Co-Founder,FOUNDER,EXECUTIVE,mcampos@energiamexicana.mx,VERIFIED,85,+529657651436,2026-09-17T06:21:40.457936+00:00
"Energy, Oil, Gas & Mining",ENERGIA NACIONAL S.A.B. DE C.V.,energianacional.com,Javier Villaseñor,Vice President (VP),VP,EXECUTIVE,jvillaseñor@energianacional.com,VERIFIED,85,+525942265199,2026-09-17T06:21:40.459037+00:00
"Energy, Oil, Gas & Mining",ENERGIA NACIONAL S.C.,energianacional.com.mx,Carlos Medina,Vice President (VP),VP,EXECUTIVE,cmedina@energianacional.com.mx,VERIFIED,85,+529545051470,2026-09-17T06:21:40.459037+00:00
"Energy, Oil, Gas & Mining",ENERGIA NACIONAL 10 S.A.P.I. DE C.V.,energianacional83.com.mx,David Aguilar,Sole Administrator / Owner,FOUNDER,EXECUTIVE,daguilar@energianacional83.com.mx,VERIFIED,85,+527436599705,2026-09-17T06:21:40.459037+00:00
"Energy, Oil, Gas & Mining",ENERGIA NACIONAL S.A.S.,energianacional44.com.mx,Lorena Reyes,Director,DIRECTOR,EXECUTIVE,lreyes@energianacional44.com.mx,VERIFIED,85,+527034368415,2026-09-17T06:21:40.459037+00:00
"Energy, Oil, Gas & Mining",ENERGIA LATINOAMERICANA S.A.B. DE C.V.,energialatinoameri.mx,Manuel Benítez,Chief Human Resources Officer (CHRO),C_SUITE,HR_PEOPLE,mbenítez@energialatinoameri.mx,VERIFIED,85,+526966086403,2026-09-17T06:21:40.459989+00:00
"Energy, Oil, Gas & Mining",ENERGIA LATINOAMERICANA S.A.B. DE C.V.,energialatinoameri.mx,Alejandro Castillo,Co-Founder,FOUNDER,EXECUTIVE,acastillo@energialatinoameri.mx,VERIFIED,85,+524417671595,2026-09-17T06:21:40.459989+00:00
"Energy, Oil, Gas & Mining",ENERGIA LATINOAMERICANA S.A.B. DE C.V.,energialatinoameri.com,Ricardo Ramírez,Chief Human Resources Officer (CHRO),C_SUITE,HR_PEOPLE,rramírez@energialatinoameri.com,VERIFIED,85,+526719619224,2026-09-17T06:21:40.459989+00:00
"Energy, Oil, Gas & Mining",ENERGIA LATINOAMERICANA S.A.B. DE C.V.,energialatinoameri.com,Carlos Medina,Sole Administrator / Owner,FOUNDER,EXECUTIVE,cmedina@energialatinoameri.com,VERIFIED,85,+524985807368,2026-09-17T06:21:40.460940+00:00
"Energy, Oil, Gas & Mining",ENERGIA ESPECIALIZADA S.A.S.,energiaespecializa.com,Raúl Vega,Vice President (VP),VP,EXECUTIVE,rvega@energiaespecializa.com,VERIFIED,85,+528125886960,2026-09-17T06:21:40.480217+00:00
"Energy, Oil, Gas & Mining",ENERGIA ESPECIALIZADA S.A.P.I. DE C.V.,energiaespecializa.mx,Alfonso Navarro,Co-Founder,FOUNDER,EXECUTIVE,anavarro@energiaespecializa.mx,VERIFIED,85,+528193417147,2026-09-17T06:21:40.481231+00:00
"Energy, Oil, Gas & Mining",ENERGIA ESPECIALIZADA 54 S.C.,energiaespecializa.com.mx,Raúl Ruiz,Chief Human Resources Officer (CHRO),C_SUITE,HR_PEOPLE,rruiz@energiaespecializa.com.mx,VERIFIED,85,+528171026490,2026-09-17T06:21:40.481231+00:00
"Energy, Oil, Gas & Mining",ENERGIA INTEGRAL S.A.S.,energiaintegral61.com.mx,Daniel Salinas,Founder,FOUNDER,EXECUTIVE,dsalinas@energiaintegral61.com.mx,VERIFIED,85,+528453821047,2026-09-17T06:21:40.486287+00:00
"Energy, Oil, Gas & Mining",ENERGIA DINAMICA S.A. DE C.V.,energiadinamica98.mx,Adriana Castro,Chief Executive Officer (CEO),C_SUITE,EXECUTIVE,acastro@energiadinamica98.mx,VERIFIED,85,+528212583881,2026-09-17T06:21:40.488241+00:00
"Energy, Oil, Gas & Mining",ENERGIA DINAMICA S.A. DE C.V.,energiadinamica98.mx,David Ramírez,Chief Revenue Officer (CRO),C_SUITE,SALES_MARKETING,dramírez@energiadinamica10.com,VERIFIED,85,+527895260019,2026-09-17T06:21:40.488241+00:00
"Energy, Oil, Gas & Mining",ENERGIA DINAMICA S.A.P.I. DE C.V.,energiadinamica24.com.mx,Sofia Martínez,Sole Administrator / Owner,FOUNDER,EXECUTIVE,smartínez@energiadinamica24.com.mx,VERIFIED,85,+526313789311,2026-09-17T06:21:40.488241+00:00
"Energy, Oil, Gas & Mining",ENERGIA DINAMICA 13 S.A.P.I. DE C.V.,energiadinamica62.com.mx,Andrea González,Chief Revenue Officer (CRO),C_SUITE,SALES_MARKETING,agonzález@energiadinamica62.com.mx,VERIFIED,85,+525968111562,2026-09-17T06:21:40.488241+00:00
"Energy, Oil, Gas & Mining",ENERGIA SUPREMA S. DE R.L. DE C.V.,energiasuprema.com.mx,Ricardo Salinas,Vice President (VP),VP,EXECUTIVE,rsalinas@energiasuprema.com.mx,VERIFIED,85,+528563654779,2026-09-17T06:21:40.490240+00:00
"Energy, Oil, Gas & Mining",ENERGIA SUPREMA S.A.S.,energiasuprema.mx,Miguel Herrera,Chief Operating Officer (COO),C_SUITE,OPERATIONS,mherrera@energiasuprema.mx,VERIFIED,85,+524028734217,2026-09-17T06:21:40.490240+00:00
"Energy, Oil, Gas & Mining",ENERGIA SUPREMA 95 S.A.P.I. DE C.V.,energiasuprema20.com.mx,Paulina Gómez,Chief Operating Officer (COO),C_SUITE,OPERATIONS,pgómez@energiasuprema20.com.mx,VERIFIED,85,+528348256148,2026-09-17T06:21:40.490240+00:00
"Energy, Oil, Gas & Mining",ENERGIA CENTRAL S.A. DE C.V.,energiacentral.com.mx,Ernesto Vázquez,Chief Executive Officer (CEO),C_SUITE,EXECUTIVE,evázquez@energiacentral.com.mx,VERIFIED,85,+527157245673,2026-09-17T06:21:40.493350+00:00
"Energy, Oil, Gas & Mining",ENERGIA CENTRAL S.A.B. DE C.V.,energiacentral.mx,Raúl Garza,Founder,FOUNDER,EXECUTIVE,rgarza@energiacentral.mx,VERIFIED,85,+524687518175,2026-09-17T06:21:40.493350+00:00
"Energy, Oil, Gas & Mining",ENERGIA ESPECIALIZADA S.A.B. DE C.V.,energiaespecializa.com,Fernando Alarcón,Chief Technology Officer (CTO),C_SUITE,ENGINEERING_IT,falarcón@energiaespecializa.com,VERIFIED,85,+527128606410,2026-09-17T06:21:40.494239+00:00
"Energy, Oil, Gas & Mining",ENERGIA ESPECIALIZADA S.A.B. DE C.V.,energiaespecializa.mx,Claudia Villaseñor,Sole Administrator / Owner,FOUNDER,EXECUTIVE,cvillaseñor@energiaespecializa.mx,VERIFIED,85,+525159642883,2026-09-17T06:21:40.494239+00:00
"Energy, Oil, Gas & Mining",ENERGIA ESPECIALIZADA S.C.,energiaespecializa.com.mx,Alejandro Ramírez,Chief Human Resources Officer (CHRO),C_SUITE,HR_PEOPLE,aramírez@energiaespecializa.com.mx,VERIFIED,85,+526034612602,2026-09-17T06:21:40.494239+00:00
"Energy, Oil, Gas & Mining",ENERGIA INTEGRAL S.A. DE C.V.,energiaintegral.com.mx,Javier Vázquez,Jefe De Recursos Humanos,MANAGER,EXECUTIVE,jvázquez@energiaintegral.com.mx,VERIFIED,85,+525713382016,2026-09-17T06:21:40.497517+00:00
"Energy, Oil, Gas & Mining",ENERGIA INTEGRAL S.A. DE C.V.,energiaintegral.com.mx,Miguel Garza,Vice President (VP),VP,EXECUTIVE,mgarza@energiaintegral63.mx,VERIFIED,85,+529433788701,2026-09-17T06:21:40.497517+00:00
"Energy, Oil, Gas & Mining",ENERGIA LIDER 22 S.A. DE C.V.,energialider.com.mx,Daniel Aguilar,Chief Security Officer (CSO),C_SUITE,OPERATIONS,daguilar@energialider.com.mx,VERIFIED,85,+524982615605,2026-09-17T06:21:40.497517+00:00
"Energy, Oil, Gas & Mining",ENERGIA LIDER S.A.P.I. DE C.V.,energialider13.mx,Ignacio Morales,Jefe De Recursos Humanos,MANAGER,EXECUTIVE,imorales@energialider13.mx,VERIFIED,85,+527740929019,2026-09-17T06:21:40.497517+00:00
"Energy, Oil, Gas & Mining",ENERGIA LIDER S.A.P.I. DE C.V.,energialider13.mx,Adriana Medina,Chief Security Officer (CSO),C_SUITE,OPERATIONS,amedina@energialider.mx,VERIFIED,85,+525383280491,2026-09-17T06:21:40.498585+00:00
"Energy, Oil, Gas & Mining",ENERGIA LATINOAMERICANA S.A.B. DE C.V.,energialatinoameri.com.mx,Gabriel Alarcón,Chief Operating Officer (COO),C_SUITE,OPERATIONS,galarcón@energialatinoameri.com.mx,VERIFIED,85,+529569057520,2026-09-17T06:21:40.500594+00:00
"Energy, Oil, Gas & Mining",ENERGIA LATINOAMERICANA S.A.B. DE C.V.,energialatinoameri.com.mx,Adriana Morales,Co-Founder,FOUNDER,EXECUTIVE,amorales@energialatinoameri.com.mx,VERIFIED,85,+529710284455,2026-09-17T06:21:40.500594+00:00
"Energy, Oil, Gas & Mining",ENERGIA LATINOAMERICANA S.A.B. DE C.V.,energialatinoameri.com.mx,Verónica Torres,Founder,FOUNDER,EXECUTIVE,vtorres@energialatinoameri.com.mx,VERIFIED,85,+529377835592,2026-09-17T06:21:40.500594+00:00
"Energy, Oil, Gas & Mining",ENERGIA LATINOAMERICANA S.A.S.,energialatinoameri.mx,Adriana García,Director,DIRECTOR,EXECUTIVE,agarcía@energialatinoameri.mx,VERIFIED,85,+529093941110,2026-09-17T06:21:40.500594+00:00
"Energy, Oil, Gas & Mining",ENERGIA LATINOAMERICANA S.A.S.,energialatinoameri.com.mx,Hector Sánchez,Chief Executive Officer (CEO),C_SUITE,EXECUTIVE,hsánchez@energialatinoameri.com.mx,VERIFIED,85,+529369983057,2026-09-17T06:21:40.501593+00:00
"Energy, Oil, Gas & Mining",ENERGIA LATINOAMERICANA S.A.S.,energialatinoameri.com.mx,Paulina Morales,Director,DIRECTOR,EXECUTIVE,pmorales@energialatinoameri.com.mx,VERIFIED,85,+529622980129,2026-09-17T06:21:40.501593+00:00
"Energy, Oil, Gas & Mining",ENERGIA LATINOAMERICANA 99 S.A.B. DE C.V.,energialatinoameri.com,Carlos Benítez,Chief Executive Officer (CEO),C_SUITE,EXECUTIVE,cbenítez@energialatinoameri.com,VERIFIED,85,+526935818822,2026-09-17T06:21:40.501593+00:00
"Energy, Oil, Gas & Mining",ENERGIA EMPRESARIAL S. DE R.L. DE C.V.,energiaempresarial.com,Patricia Garza,Co-Founder,FOUNDER,EXECUTIVE,pgarza@energiaempresarial.com,VERIFIED,85,+529890676271,2026-09-17T06:21:40.501593+00:00
"Energy, Oil, Gas & Mining",ENERGIA EMPRESARIAL S. DE R.L. DE C.V.,energiaempresarial.com,Guadalupe Garza,Chief Human Resources Officer (CHRO),C_SUITE,HR_PEOPLE,ggarza@energiaempresarial.com,VERIFIED,85,+529253492136,2026-09-17T06:21:40.501593+00:00
"Energy, Oil, Gas & Mining",ENERGIA EMPRESARIAL S. DE R.L. DE C.V.,energiaempresarial.com.mx,Andrea Herrera,Founder,FOUNDER,EXECUTIVE,aherrera@energiaempresarial.com.mx,VERIFIED,85,+525477160785,2026-09-17T06:21:40.501593+00:00
"Energy, Oil, Gas & Mining",ENERGIA DEL BAJIO S.A.B. DE C.V.,energiadelbajio84.com,Arturo González,Chief Financial Officer (CFO),C_SUITE,FINANCE,agonzález@energiadelbajio84.com,VERIFIED,85,+526219529287,2026-09-17T06:21:40.519415+00:00
"Energy, Oil, Gas & Mining",ENERGIA DEL CENTRO S.A.B. DE C.V.,energiadelcentro.com,Guadalupe Medina,Chief Security Officer (CSO),C_SUITE,OPERATIONS,gmedina@energiadelcentro.com,VERIFIED,85,+526618202306,2026-09-17T06:21:40.519415+00:00
"Energy, Oil, Gas & Mining",ENERGIA DEL NORTE 56 S.A. DE C.V.,energiadelnorte.mx,Guadalupe Navarro,Founder,FOUNDER,EXECUTIVE,gnavarro@energiadelnorte.mx,VERIFIED,85,+524637334432,2026-09-17T06:21:40.519415+00:00
"Energy, Oil, Gas & Mining",ENERGIA DEL CENTRO S.A.S.,energiadelcentro.com.mx,Luis López,Chief Security Officer (CSO),C_SUITE,OPERATIONS,llópez@energiadelcentro.com.mx,VERIFIED,85,+524633208075,2026-09-17T06:21:40.519415+00:00
"Energy, Oil, Gas & Mining",ENERGIA EMPRESARIAL S.A.S.,energiaempresarial.com.mx,Alfonso Aguilar,Chief Revenue Officer (CRO),C_SUITE,SALES_MARKETING,aaguilar@energiaempresarial.com.mx,VERIFIED,85,+524116110588,2026-09-17T06:21:40.520413+00:00
"Energy, Oil, Gas & Mining",ENERGIA EMPRESARIAL S.A.S.,energiaempresarial.com.mx,Adriana Valenzuela,Chief Technology Officer (CTO),C_SUITE,ENGINEERING_IT,avalenzuela@energiaempresarial.com.mx,VERIFIED,85,+529179989673,2026-09-17T06:21:40.520413+00:00
"Energy, Oil, Gas & Mining",ENERGIA EMPRESARIAL S.A.S.,energiaempresarial.com.mx,Patricia Torres,Vice President (VP),VP,EXECUTIVE,ptorres@energiaempresarial.com.mx,VERIFIED,85,+527987944473,2026-09-17T06:21:40.520413+00:00
"Energy, Oil, Gas & Mining",ENERGIA EMPRESARIAL S.A.S.,energiaempresarial.com.mx,Ignacio Martínez,Chief Technology Officer (CTO),C_SUITE,ENGINEERING_IT,imartínez@energiaempresarial.mx,VERIFIED,85,+525724657415,2026-09-17T06:21:40.520413+00:00
"Energy, Oil, Gas & Mining",ENERGIA INNOVADORA 12 S. DE R.L. DE C.V.,energiainnovadora8.mx,Patricia Medina,Director,DIRECTOR,EXECUTIVE,pmedina@energiainnovadora8.mx,VERIFIED,85,+529468825647,2026-09-17T06:21:40.527315+00:00
"Energy, Oil, Gas & Mining",ENERGIA MODERNA S.A.P.I. DE C.V.,energiamoderna.mx,Ignacio Torres,Chief Technology Officer (CTO),C_SUITE,ENGINEERING_IT,itorres@energiamoderna.mx,VERIFIED,85,+528923127662,2026-09-17T06:21:40.529310+00:00
"Energy, Oil, Gas & Mining",ENERGIA MODERNA 54 S.C.,energiamoderna59.com,Ernesto García,Director,DIRECTOR,EXECUTIVE,egarcía@energiamoderna59.com,VERIFIED,85,+528455383411,2026-09-17T06:21:40.529310+00:00
"Energy, Oil, Gas & Mining",ENERGIA DE LAS AMERICAS S.A.B. DE C.V.,energiadelasameric.mx,Mariana Ramírez,Chief Executive Officer (CEO),C_SUITE,EXECUTIVE,mramírez@energiadelasameric.mx,VERIFIED,85,+526735853516,2026-09-17T06:21:40.536968+00:00
"Energy, Oil, Gas & Mining",ENERGIA DE LAS AMERICAS S.A.B. DE C.V.,energiadelasameric.mx,Fernando Vázquez,Chief Operating Officer (COO),C_SUITE,OPERATIONS,fvázquez@energiadelasameric.mx,VERIFIED,85,+528754794270,2026-09-17T06:21:40.536968+00:00
"Energy, Oil, Gas & Mining",ENERGIA DE OCCIDENTE S.A.P.I. DE C.V.,energiadeoccidente.com.mx,Gabriel Salinas,Chief Financial Officer (CFO),C_SUITE,FINANCE,gsalinas@energiadeoccidente.com.mx,VERIFIED,85,+528141475639,2026-09-17T06:21:40.537989+00:00
"Energy, Oil, Gas & Mining",ENERGIA ESPECIALIZADA S.A.B. DE C.V.,energiaespecializa.mx,Rodrigo Hernández,Chief Technology Officer (CTO),C_SUITE,ENGINEERING_IT,rhernández@energiaespecializa.mx,VERIFIED,85,+524763754602,2026-09-17T06:21:40.548470+00:00
"Energy, Oil, Gas & Mining",ENERGIA ESPECIALIZADA S.A.B. DE C.V.,energiaespecializa.mx,Andrea Aguilar,Chief Financial Officer (CFO),C_SUITE,FINANCE,aaguilar@energiaespecializa.mx,VERIFIED,85,+525989061252,2026-09-17T06:21:40.548470+00:00
"Energy, Oil, Gas & Mining",ENERGIA ESPECIALIZADA S.A.B. DE C.V.,energiaespecializa.com.mx,Javier Vázquez,Chief Human Resources Officer (CHRO),C_SUITE,HR_PEOPLE,jvázquez@energiaespecializa.com.mx,VERIFIED,85,+529650293585,2026-09-17T06:21:40.548470+00:00
"Energy, Oil, Gas & Mining",ENERGIA AVANZADA S.A.B. DE C.V.,energiaavanzada.mx,Fernando Salinas,Chief Executive Officer (CEO),C_SUITE,EXECUTIVE,fsalinas@energiaavanzada.mx,VERIFIED,85,+526373588761,2026-09-17T06:21:40.560418+00:00
"Energy, Oil, Gas & Mining",ENERGIA AVANZADA S.A.B. DE C.V.,energiaavanzada.mx,Enrique Martínez,Chief Operating Officer (COO),C_SUITE,OPERATIONS,emartínez@energiaavanzada67.com,VERIFIED,85,+525532890814,2026-09-17T06:21:40.560418+00:00
"Energy, Oil, Gas & Mining",ENERGIA AVANZADA S.A.B. DE C.V.,energiaavanzada.mx,Valeria Torres,Chief Revenue Officer (CRO),C_SUITE,SALES_MARKETING,vtorres@energiaavanzada58.com.mx,VERIFIED,85,+524017756206,2026-09-17T06:21:40.560418+00:00
"Energy, Oil, Gas & Mining",ENERGIA AVANZADA S.A.P.I. DE C.V.,energiaavanzada.com.mx,Fernando Reyes,Director,DIRECTOR,EXECUTIVE,freyes@energiaavanzada.com.mx,VERIFIED,85,+524215877956,2026-09-17T06:21:40.560418+00:00
"Energy, Oil, Gas & Mining",ENERGIA AVANZADA S.A.P.I. DE C.V.,energiaavanzada.com.mx,Sofia Medina,Sole Administrator / Owner,FOUNDER,EXECUTIVE,smedina@energiaavanzada.com.mx,VERIFIED,85,+524890467333,2026-09-17T06:21:40.560418+00:00
"Energy, Oil, Gas & Mining",ENERGIA AVANZADA 54 S.A.S.,energiaavanzada77.com.mx,Miguel Sánchez,Vice President (VP),VP,EXECUTIVE,msánchez@energiaavanzada77.com.mx,VERIFIED,85,+527778774746,2026-09-17T06:21:40.560418+00:00
"Energy, Oil, Gas & Mining",ENERGIA INDUSTRIAL S.C.,energiaindustrial1.com.mx,Fernando Salinas,Chief Human Resources Officer (CHRO),C_SUITE,HR_PEOPLE,fsalinas@energiaindustrial1.com.mx,VERIFIED,85,+523375554263,2026-09-17T06:21:40.560418+00:00
"Energy, Oil, Gas & Mining",ENERGIA INDUSTRIAL S.A.P.I. DE C.V.,energiaindustrial.com,Paulina Mendoza,Director,DIRECTOR,EXECUTIVE,pmendoza@energiaindustrial.com,VERIFIED,85,+523376412152,2026-09-17T06:21:40.560418+00:00
"Energy, Oil, Gas & Mining",ENERGIA INDUSTRIAL S. DE R.L. DE C.V.,energiaindustrial9.com.mx,Ricardo Ruiz,Chief Operating Officer (COO),C_SUITE,OPERATIONS,rruiz@energiaindustrial9.com.mx,VERIFIED,85,+523364021281,2026-09-17T06:21:40.560418+00:00
"Energy, Oil, Gas & Mining",ENERGIA INDUSTRIAL 39 S.A.B. DE C.V.,energiaindustrial.com.mx,Arturo Díaz,Founder,FOUNDER,EXECUTIVE,adíaz@energiaindustrial.com.mx,VERIFIED,85,+523394388545,2026-09-17T06:21:40.561416+00:00
"Energy, Oil, Gas & Mining",ENERGIA GLOBAL S.A. DE C.V.,energiaglobal11.com.mx,Carlos Navarro,Chief Technology Officer (CTO),C_SUITE,ENGINEERING_IT,cnavarro@energiaglobal11.com.mx,VERIFIED,85,+524339473490,2026-09-17T06:21:40.561416+00:00
"Energy, Oil, Gas & Mining",ENERGIA GLOBAL S.A.B. DE C.V.,energiaglobal79.mx,Adriana González,Chief Technology Officer (CTO),C_SUITE,ENGINEERING_IT,agonzález@energiaglobal79.mx,VERIFIED,85,+525672574420,2026-09-17T06:21:40.561416+00:00
"Energy, Oil, Gas & Mining",ENERGIA GLOBAL S.C.,energiaglobal.com.mx,Carlos Villaseñor,Vice President (VP),VP,EXECUTIVE,cvillaseñor@energiaglobal.com.mx,VERIFIED,85,+524359097755,2026-09-17T06:21:40.561416+00:00
"Energy, Oil, Gas & Mining",ENERGIA MEXICANA S. DE R.L. DE C.V.,energiamexicana9.com.mx,Guillermo Dominguez,Chief Procurement Officer (CPO),C_SUITE,PROCUREMENT,gdominguez@energiamexicana9.com.mx,VERIFIED,85,+527911062318,2026-09-17T06:21:40.565824+00:00
"Energy, Oil, Gas & Mining",ENERGIA MEXICANA S.A.B. DE C.V.,energiamexicana22.mx,Miguel Álvarez,Chief Security Officer (CSO),C_SUITE,OPERATIONS,málvarez@energiamexicana22.mx,VERIFIED,85,+527731818952,2026-09-17T06:21:40.565824+00:00
"Energy, Oil, Gas & Mining",ENERGIA GLOBAL S.C.,energiaglobal92.mx,Andrea Sánchez,Co-Founder,FOUNDER,EXECUTIVE,asánchez@energiaglobal92.mx,VERIFIED,85,+526024636353,2026-09-17T06:21:40.574524+00:00
"Energy, Oil, Gas & Mining",ENERGIA INDUSTRIAL S.C.,energiaindustrial.mx,Patricia Villaseñor,Co-Founder,FOUNDER,EXECUTIVE,pvillaseñor@energiaindustrial.mx,VERIFIED,85,+524832597853,2026-09-17T06:21:40.576521+00:00
"Energy, Oil, Gas & Mining",ENERGIA INDUSTRIAL S.C.,energiaindustrial.mx,Ernesto Alarcón,Chief Operating Officer (COO),C_SUITE,OPERATIONS,ealarcón@energiaindustrial.mx,VERIFIED,85,+526177069911,2026-09-17T06:21:40.576521+00:00
"Energy, Oil, Gas & Mining",ENERGIA INDUSTRIAL S.A. DE C.V.,energiaindustrial8.com,Fernando Medina,Vice President (VP),VP,EXECUTIVE,fmedina@energiaindustrial8.com,VERIFIED,85,+525855044407,2026-09-17T06:21:40.576521+00:00
"Energy, Oil, Gas & Mining",ENERGIA SELECTA S. DE R.L. DE C.V.,energiaselecta.com.mx,Manuel Reyes,Founder,FOUNDER,EXECUTIVE,mreyes@energiaselecta.com.mx,VERIFIED,85,+526666581293,2026-09-17T06:21:40.577524+00:00
"Energy, Oil, Gas & Mining",ENERGIA INTEGRAL S.A.B. DE C.V.,energiaintegral.com.mx,Eduardo Vega,Chief Revenue Officer (CRO),C_SUITE,SALES_MARKETING,evega@energiaintegral.com.mx,VERIFIED,85,+524064386958,2026-09-17T06:21:40.585972+00:00
"Energy, Oil, Gas & Mining",ENERGIA INTEGRAL S.A.P.I. DE C.V.,energiaintegral4.com,Raúl Dominguez,Director,DIRECTOR,EXECUTIVE,rdominguez@energiaintegral4.com,VERIFIED,85,+527713140872,2026-09-17T06:21:40.585972+00:00
"Energy, Oil, Gas & Mining",ENERGIA INTEGRAL S.A.P.I. DE C.V.,energiaintegral4.com,Miguel Gómez,Chief Procurement Officer (CPO),C_SUITE,PROCUREMENT,mgómez@energiaintegral.com,VERIFIED,85,+527065115945,2026-09-17T06:21:40.585972+00:00
"Energy, Oil, Gas & Mining",ENERGIA ESPECIALIZADA 80 S.A. DE C.V.,energiaespecializa.com.mx,Adriana Sánchez,Chief Operating Officer (COO),C_SUITE,OPERATIONS,asánchez@energiaespecializa.com.mx,VERIFIED,85,+529762318049,2026-09-17T06:21:40.586980+00:00
"Energy, Oil, Gas & Mining",ENERGIA ESPECIALIZADA 80 S.A. DE C.V.,energiaespecializa.com.mx,Ernesto Flores,Chief Security Officer (CSO),C_SUITE,OPERATIONS,eflores@energiaespecializa.com.mx,VERIFIED,85,+527653393128,2026-09-17T06:21:40.586980+00:00
"Energy, Oil, Gas & Mining",ENERGIA ESPECIALIZADA S.A. DE C.V.,energiaespecializa.com,Lorena Castro,Chief Revenue Officer (CRO),C_SUITE,SALES_MARKETING,lcastro@energiaespecializa.com,VERIFIED,85,+525357008911,2026-09-17T06:21:40.586980+00:00
"Energy, Oil, Gas & Mining",ENERGIA CONTINENTAL S.A.S.,energiacontinental.com.mx,Rodrigo Morales,Chief Revenue Officer (CRO),C_SUITE,SALES_MARKETING,rmorales@energiacontinental.com.mx,VERIFIED,85,+525244217820,2026-09-17T06:21:40.586980+00:00
"Energy, Oil, Gas & Mining",ENERGIA SELECTA S.C.,energiaselecta.com.mx,Manuel Flores,Chief Operating Officer (COO),C_SUITE,OPERATIONS,mflores@energiaselecta.com.mx,VERIFIED,85,+528276779920,2026-09-17T06:21:40.593267+00:00
"Energy, Oil, Gas & Mining",ENERGIA SELECTA S.C.,energiaselecta.com.mx,Manuel Gómez,Chief Human Resources Officer (CHRO),C_SUITE,HR_PEOPLE,mgómez@energiaselecta.com.mx,VERIFIED,85,+524178481551,2026-09-17T06:21:40.593267+00:00
"Energy, Oil, Gas & Mining",ENERGIA SELECTA S.A.B. DE C.V.,energiaselecta.mx,Valeria Sánchez,Founder,FOUNDER,EXECUTIVE,vsánchez@energiaselecta.mx,VERIFIED,85,+525669800148,2026-09-17T06:21:40.593267+00:00
"Energy, Oil, Gas & Mining",ENERGIA SELECTA S.A.S.,energiaselecta.com,Raúl Salinas,Jefe De Recursos Humanos,MANAGER,EXECUTIVE,rsalinas@energiaselecta.com,VERIFIED,85,+526781956374,2026-09-17T06:21:40.593267+00:00
"Energy, Oil, Gas & Mining",ENERGIA EMPRESARIAL 38 S.C.,energiaempresarial.com.mx,Ignacio Castillo,Director,DIRECTOR,EXECUTIVE,icastillo@energiaempresarial.com.mx,VERIFIED,85,+528840735351,2026-09-17T06:21:40.599831+00:00
"Energy, Oil, Gas & Mining",ENERGIA EMPRESARIAL 38 S.C.,energiaempresarial.com.mx,Carlos González,Chief Technology Officer (CTO),C_SUITE,ENGINEERING_IT,cgonzález@energiaempresarial.com.mx,VERIFIED,85,+529281202833,2026-09-17T06:21:40.599831+00:00
"Energy, Oil, Gas & Mining",ENERGIA EMPRESARIAL S.A.B. DE C.V.,energiaempresarial.mx,Fernando García,Jefe De Recursos Humanos,MANAGER,EXECUTIVE,fgarcía@energiaempresarial.mx,VERIFIED,85,+525518501676,2026-09-17T06:21:40.606356+00:00
"Energy, Oil, Gas & Mining",ENERGIA EMPRESARIAL S.C.,energiaempresarial.com,Ernesto Villaseñor,Chief Financial Officer (CFO),C_SUITE,FINANCE,evillaseñor@energiaempresarial.com,VERIFIED,85,+525586220953,2026-09-17T06:21:40.606356+00:00
"Energy, Oil, Gas & Mining",ENERGIA EMPRESARIAL S.C.,energiaempresarial.com,Patricia Alarcón,Chief Executive Officer (CEO),C_SUITE,EXECUTIVE,palarcón@energiaempresarial.com,VERIFIED,85,+525585224021,2026-09-17T06:21:40.606356+00:00
"Energy, Oil, Gas & Mining",ENERGIA EMPRESARIAL S.A. DE C.V.,energiaempresarial.com.mx,Verónica García,Sole Administrator / Owner,FOUNDER,EXECUTIVE,vgarcía@energiaempresarial.com.mx,VERIFIED,85,+525546633698,2026-09-17T06:21:40.606356+00:00
"Energy, Oil, Gas & Mining",ENERGIA LATINOAMERICANA S.A. DE C.V.,energialatinoameri.com,Arturo Villaseñor,Director,DIRECTOR,EXECUTIVE,avillaseñor@energialatinoameri.com,VERIFIED,85,+528810686999,2026-09-17T06:21:40.610369+00:00
"Energy, Oil, Gas & Mining",ENERGIA LATINOAMERICANA S.A.P.I. DE C.V.,energialatinoameri.mx,Claudia Vázquez,Chief Procurement Officer (CPO),C_SUITE,PROCUREMENT,cvázquez@energialatinoameri.mx,VERIFIED,85,+527138486910,2026-09-17T06:21:40.610369+00:00
"Energy, Oil, Gas & Mining",ENERGIA LIDER S.A.P.I. DE C.V.,energialider29.com,Valeria Valenzuela,Chief Executive Officer (CEO),C_SUITE,EXECUTIVE,vvalenzuela@energialider29.com,VERIFIED,85,+529936180652,2026-09-17T06:21:40.618365+00:00
"Energy, Oil, Gas & Mining",ENERGIA LIDER S.A. DE C.V.,energialider73.mx,Daniel Valenzuela,Co-Founder,FOUNDER,EXECUTIVE,dvalenzuela@energialider73.mx,VERIFIED,85,+525929015846,2026-09-17T06:21:40.618365+00:00
"Energy, Oil, Gas & Mining",ENERGIA SELECTA S. DE R.L. DE C.V.,energiaselecta.mx,Valeria López,Founder,FOUNDER,EXECUTIVE,vlópez@energiaselecta.mx,VERIFIED,85,+528927521992,2026-09-17T06:21:40.621366+00:00
"Energy, Oil, Gas & Mining",ENERGIA EMPRESARIAL S.C.,energiaempresarial.com,Lorena Garza,Chief Human Resources Officer (CHRO),C_SUITE,HR_PEOPLE,lgarza@energiaempresarial.com,VERIFIED,85,+524351919730,2026-09-17T06:21:40.624366+00:00
"Energy, Oil, Gas & Mining",ENERGIA MODERNA S. DE R.L. DE C.V.,energiamoderna.com,Mauricio Alarcón,Chief Technology Officer (CTO),C_SUITE,ENGINEERING_IT,malarcón@energiamoderna.com,VERIFIED,85,+524418142496,2026-09-17T06:21:40.630372+00:00
"Energy, Oil, Gas & Mining",ENERGIA EMPRESARIAL S. DE R.L. DE C.V.,energiaempresarial.com,Enrique Castillo,Chief Technology Officer (CTO),C_SUITE,ENGINEERING_IT,ecastillo@energiaempresarial.com,VERIFIED,85,+528218687931,2026-09-17T06:21:40.632383+00:00
"Energy, Oil, Gas & Mining",ENERGIA EMPRESARIAL S. DE R.L. DE C.V.,energiaempresarial.com,Hector Valenzuela,Vice President (VP),VP,EXECUTIVE,hvalenzuela@energiaempresarial.com,VERIFIED,85,+529685682518,2026-09-17T06:21:40.632383+00:00
"Energy, Oil, Gas & Mining",ENERGIA EMPRESARIAL S. DE R.L. DE C.V.,energiaempresarial.com,Javier Benítez,Co-Founder,FOUNDER,EXECUTIVE,jbenítez@energiaempresarial.mx,VERIFIED,85,+524840024631,2026-09-17T06:21:40.632383+00:00
"Energy, Oil, Gas & Mining",ENERGIA INTERNACIONAL S. DE R.L. DE C.V.,energiainternacion.com.mx,Mariana Salinas,Jefe De Recursos Humanos,MANAGER,EXECUTIVE,msalinas@energiainternacion.com.mx,VERIFIED,85,+526842118571,2026-09-17T06:21:40.645491+00:00
"Energy, Oil, Gas & Mining",ENERGIA SELECTA 33 S.C.,energiaselecta9.com,Gabriel Aguilar,Director,DIRECTOR,EXECUTIVE,gaguilar@energiaselecta9.com,VERIFIED,85,+528627350019,2026-09-17T06:21:40.645491+00:00
"Energy, Oil, Gas & Mining",ENERGIA SELECTA S.A.P.I. DE C.V.,energiaselecta.mx,Alejandro Alarcón,Jefe De Recursos Humanos,MANAGER,EXECUTIVE,aalarcón@energiaselecta.mx,VERIFIED,85,+526418087769,2026-09-17T06:21:40.645491+00:00
"Energy, Oil, Gas & Mining",ENERGIA SUPREMA S.A.B. DE C.V.,energiasuprema.mx,Lorena Aguilar,Chief Technology Officer (CTO),C_SUITE,ENGINEERING_IT,laguilar@energiasuprema.mx,VERIFIED,85,+526424192555,2026-09-17T06:21:40.645491+00:00
"Energy, Oil, Gas & Mining",ENERGIA SUPREMA S.A.P.I. DE C.V.,energiasuprema.com,Eduardo Gómez,Director,DIRECTOR,EXECUTIVE,egómez@energiasuprema.com,VERIFIED,85,+526039929793,2026-09-17T06:21:40.645491+00:00
"Energy, Oil, Gas & Mining",ENERGIA SUPREMA S.A.P.I. DE C.V.,energiasuprema.com,Arturo Ramírez,Chief Procurement Officer (CPO),C_SUITE,PROCUREMENT,aramírez@energiasuprema19.mx,VERIFIED,85,+525131980170,2026-09-17T06:21:40.645491+00:00
"Energy, Oil, Gas & Mining",ENERGIA SUPREMA S.A.P.I. DE C.V.,energiasuprema.com,Gabriel Flores,Chief Revenue Officer (CRO),C_SUITE,SALES_MARKETING,gflores@energiasuprema.com,VERIFIED,85,+529477874294,2026-09-17T06:21:40.646553+00:00
"Energy, Oil, Gas & Mining",ENERGIA DEL BAJIO S.C.,energiadelbajio.com.mx,Mariana Salinas,Founder,FOUNDER,EXECUTIVE,msalinas@energiadelbajio.com.mx,VERIFIED,85,+525528194948,2026-09-17T06:21:40.647592+00:00
"Energy, Oil, Gas & Mining",ENERGIA DEL BAJIO S.C.,energiadelbajio.com.mx,Lorena Gómez,Co-Founder,FOUNDER,EXECUTIVE,lgómez@energiadelbajio.com,VERIFIED,85,+526065526150,2026-09-17T06:21:40.647592+00:00
"Energy, Oil, Gas & Mining",ENERGIA DEL NORTE S.A. DE C.V.,energiadelnorte.com.mx,Rodrigo Alarcón,Chief Financial Officer (CFO),C_SUITE,FINANCE,ralarcón@energiadelnorte.com.mx,VERIFIED,85,+529684152610,2026-09-17T06:21:40.647592+00:00
"Energy, Oil, Gas & Mining",ENERGIA DEL NORTE S.A. DE C.V.,energiadelnorte.com.mx,Claudia López,Chief Marketing Officer (CMO),C_SUITE,SALES_MARKETING,clópez@energiadelnorte.com.mx,VERIFIED,85,+529779042217,2026-09-17T06:21:40.647592+00:00
"Energy, Oil, Gas & Mining",ENERGIA DEL BAJIO S.A.B. DE C.V.,energiadelbajio.com,Roberto Medina,Chief Technology Officer (CTO),C_SUITE,ENGINEERING_IT,rmedina@energiadelbajio.com,VERIFIED,85,+527169448117,2026-09-17T06:21:40.647592+00:00
"Energy, Oil, Gas & Mining",ENERGIA MEXICANA S.A.B. DE C.V.,energiamexicana.com.mx,Gabriel Sánchez,Sole Administrator / Owner,FOUNDER,EXECUTIVE,gsánchez@energiamexicana.com.mx,VERIFIED,85,+529732268356,2026-09-17T06:21:40.698690+00:00
"Energy, Oil, Gas & Mining",ENERGIA MEXICANA 66 S. DE R.L. DE C.V.,energiamexicana.mx,Arturo Valenzuela,Chief Human Resources Officer (CHRO),C_SUITE,HR_PEOPLE,avalenzuela@energiamexicana.mx,VERIFIED,85,+529652079423,2026-09-17T06:21:40.698690+00:00
"Energy, Oil, Gas & Mining",ENERGIA NACIONAL S.A.P.I. DE C.V.,energianacional.com,Fernando Ramírez,Jefe De Recursos Humanos,MANAGER,EXECUTIVE,framírez@energianacional.com,VERIFIED,85,+529542948162,2026-09-17T06:21:40.700938+00:00
"Energy, Oil, Gas & Mining",ENERGIA NACIONAL S.A.B. DE C.V.,energianacional.mx,Arturo Vega,Chief Human Resources Officer (CHRO),C_SUITE,HR_PEOPLE,avega@energianacional.mx,VERIFIED,85,+528267122550,2026-09-17T06:21:40.700938+00:00
"Energy, Oil, Gas & Mining",ENERGIA DE OCCIDENTE S.A.S.,energiadeoccidente.com,Gabriel Torres,Chief Operating Officer (COO),C_SUITE,OPERATIONS,gtorres@energiadeoccidente.com,VERIFIED,85,+527195387718,2026-09-17T06:21:40.706562+00:00
"Energy, Oil, Gas & Mining",ENERGIA DE OCCIDENTE S.A.S.,energiadeoccidente.com,Eduardo Dominguez,Chief Procurement Officer (CPO),C_SUITE,PROCUREMENT,edominguez@energiadeoccidente.com,VERIFIED,85,+526757626393,2026-09-17T06:21:40.706562+00:00
"Energy, Oil, Gas & Mining",ENERGIA DE LAS AMERICAS 69 S.A.B. DE C.V.,energiadelasameric.mx,Valeria Reyes,Vice President (VP),VP,EXECUTIVE,vreyes@energiadelasameric.mx,VERIFIED,85,+526376673768,2026-09-17T06:21:40.706562+00:00
"Energy, Oil, Gas & Mining",ENERGIA DE LAS AMERICAS S.A.P.I. DE C.V.,energiadelasameric.com,Arturo Hernández,Chief Executive Officer (CEO),C_SUITE,EXECUTIVE,ahernández@energiadelasameric.com,VERIFIED,85,+524145595484,2026-09-17T06:21:40.706562+00:00
"Energy, Oil, Gas & Mining",ENERGIA DE LAS AMERICAS S.A.P.I. DE C.V.,energiadelasameric.com,David Castro,Chief Technology Officer (CTO),C_SUITE,ENGINEERING_IT,dcastro@energiadelasameric.com,VERIFIED,85,+529935806683,2026-09-17T06:21:40.706562+00:00
"Energy, Oil, Gas & Mining",ENERGIA DE OCCIDENTE S.A.P.I. DE C.V.,energiadeoccidente.com.mx,Hector Castro,Jefe De Recursos Humanos,MANAGER,EXECUTIVE,hcastro@energiadeoccidente.com.mx,VERIFIED,85,+524170709756,2026-09-17T06:21:40.706562+00:00
"Energy, Oil, Gas & Mining",ENERGIA DE OCCIDENTE S.A.P.I. DE C.V.,energiadeoccidente.com.mx,David Martínez,Director,DIRECTOR,EXECUTIVE,dmartínez@energiadeoccidente.com.mx,VERIFIED,85,+527298965485,2026-09-17T06:21:40.706562+00:00
"Energy, Oil, Gas & Mining",ENERGIA MODERNA S.A.S.,energiamoderna.com,Valeria Herrera,Co-Founder,FOUNDER,EXECUTIVE,vherrera@energiamoderna.com,VERIFIED,85,+525893210447,2026-09-17T06:21:40.710574+00:00
"Energy, Oil, Gas & Mining",ENERGIA MODERNA S.A.S.,energiamoderna.com,Raúl Medina,Sole Administrator / Owner,FOUNDER,EXECUTIVE,rmedina@energiamoderna.com,VERIFIED,85,+527148215382,2026-09-17T06:21:40.710574+00:00
"Energy, Oil, Gas & Mining",ENERGIA INTERNACIONAL 67 S.A.B. DE C.V.,energiainternacion.com,Claudia Castro,Founder,FOUNDER,EXECUTIVE,ccastro@energiainternacion.com,VERIFIED,85,+525431493947,2026-09-17T06:21:40.710574+00:00
"Energy, Oil, Gas & Mining",ENERGIA INTERNACIONAL 67 S.A.B. DE C.V.,energiainternacion.com,Ernesto Campos,Co-Founder,FOUNDER,EXECUTIVE,ecampos@energiainternacion.com,VERIFIED,85,+527510527889,2026-09-17T06:21:40.711574+00:00
"Energy, Oil, Gas & Mining",ENERGIA DE OCCIDENTE S.A.P.I. DE C.V.,energiadeoccidente.com.mx,Raúl Treviño,Chief Technology Officer (CTO),C_SUITE,ENGINEERING_IT,rtreviño@energiadeoccidente.com.mx,VERIFIED,85,+524645379011,2026-09-17T06:21:40.731578+00:00
"Energy, Oil, Gas & Mining",ENERGIA DE OCCIDENTE S.A.P.I. DE C.V.,energiadeoccidente.com,Arturo González,Vice President (VP),VP,EXECUTIVE,agonzález@energiadeoccidente.com,VERIFIED,85,+526927811768,2026-09-17T06:21:40.731578+00:00
"Energy, Oil, Gas & Mining",ENERGIA DE LAS AMERICAS S.A.B. DE C.V.,energiadelasameric.mx,Mauricio Flores,Chief Technology Officer (CTO),C_SUITE,ENGINEERING_IT,mflores@energiadelasameric.mx,VERIFIED,85,+529031926880,2026-09-17T06:21:40.731578+00:00
"Energy, Oil, Gas & Mining",ENERGIA DE LAS AMERICAS S.A. DE C.V.,energiadelasameric.com.mx,Arturo Gómez,Chief Human Resources Officer (CHRO),C_SUITE,HR_PEOPLE,agómez@energiadelasameric.com.mx,VERIFIED,85,+528411822850,2026-09-17T06:21:40.731578+00:00
"Energy, Oil, Gas & Mining",ENERGIA DE OCCIDENTE 74 S. DE R.L. DE C.V.,energiadeoccidente.mx,Alfonso Morales,Chief Executive Officer (CEO),C_SUITE,EXECUTIVE,amorales@energiadeoccidente.mx,VERIFIED,85,+527662110632,2026-09-17T06:21:40.731578+00:00
"Energy, Oil, Gas & Mining",ENERGIA PREMIER S.A.P.I. DE C.V.,energiapremier.com,Arturo Salinas,Chief Executive Officer (CEO),C_SUITE,EXECUTIVE,asalinas@energiapremier.com,VERIFIED,85,+526371719255,2026-09-17T06:21:40.731578+00:00
"Energy, Oil, Gas & Mining",ENERGIA DEL BAJIO S.C.,energiadelbajio.mx,Guadalupe Morales,Chief Security Officer (CSO),C_SUITE,OPERATIONS,gmorales@energiadelbajio.mx,VERIFIED,85,+525050391784,2026-09-17T06:21:40.735682+00:00
"Energy, Oil, Gas & Mining",ENERGIA DEL BAJIO S.C.,energiadelbajio.mx,Arturo Valenzuela,Chief Executive Officer (CEO),C_SUITE,EXECUTIVE,avalenzuela@energiadelbajio96.com,VERIFIED,85,+526873270898,2026-09-17T06:21:40.735682+00:00
"Energy, Oil, Gas & Mining",ENERGIA DEL NORTE S.C.,energiadelnorte.com.mx,Guillermo Castro,Chief Operating Officer (COO),C_SUITE,OPERATIONS,gcastro@energiadelnorte.com.mx,VERIFIED,85,+529742244207,2026-09-17T06:21:40.735682+00:00
"Energy, Oil, Gas & Mining",ENERGIA DEL BAJIO S.A.B. DE C.V.,energiadelbajio41.mx,Andrea Morales,Vice President (VP),VP,EXECUTIVE,amorales@energiadelbajio41.mx,VERIFIED,85,+528121281614,2026-09-17T06:21:40.735682+00:00
"Energy, Oil, Gas & Mining",ENERGIA DEL BAJIO S. DE R.L. DE C.V.,energiadelbajio.com.mx,Rodrigo Villaseñor,Chief Human Resources Officer (CHRO),C_SUITE,HR_PEOPLE,rvillaseñor@energiadelbajio.com.mx,VERIFIED,85,+524594466491,2026-09-17T06:21:40.736690+00:00
"Energy, Oil, Gas & Mining",ENERGIA DEL CENTRO S.A.S.,energiadelcentro82.com,Jorge García,Vice President (VP),VP,EXECUTIVE,jgarcía@energiadelcentro82.com,VERIFIED,85,+525710311889,2026-09-17T06:21:40.736690+00:00
"Energy, Oil, Gas & Mining",ENERGIA DEL NORTE 97 S.C.,energiadelnorte80.mx,Arturo Morales,Chief Executive Officer (CEO),C_SUITE,EXECUTIVE,amorales@energiadelnorte80.mx,VERIFIED,85,+529391275179,2026-09-17T06:21:40.736690+00:00
"Energy, Oil, Gas & Mining",ENERGIA DEL PACIFICO S.A. DE C.V.,energiadelpacifico.mx,Andrea Ruiz,Chief Human Resources Officer (CHRO),C_SUITE,HR_PEOPLE,aruiz@energiadelpacifico.mx,VERIFIED,85,+528721718185,2026-09-17T06:21:40.736690+00:00
"Energy, Oil, Gas & Mining",ENERGIA DEL PACIFICO S.A. DE C.V.,energiadelpacifico.mx,Ernesto Hernández,Sole Administrator / Owner,FOUNDER,EXECUTIVE,ehernández@energiadelpacifico.mx,VERIFIED,85,+528641360045,2026-09-17T06:21:40.736690+00:00
"Energy, Oil, Gas & Mining",ENERGIA DEL CENTRO S.A.S.,energiadelcentro.mx,Rodrigo González,Jefe De Recursos Humanos,MANAGER,EXECUTIVE,rgonzález@energiadelcentro.mx,VERIFIED,85,+528175696583,2026-09-17T06:21:40.740668+00:00
"Energy, Oil, Gas & Mining",ENERGIA DEL CENTRO S.A.S.,energiadelcentro.mx,Guadalupe Hernández,Vice President (VP),VP,EXECUTIVE,ghernández@energiadelcentro.mx,VERIFIED,85,+528485931877,2026-09-17T06:21:40.740668+00:00
"Energy, Oil, Gas & Mining",ENERGIA DEL CENTRO S.A.S.,energiadelcentro.mx,Gabriel Campos,Chief Revenue Officer (CRO),C_SUITE,SALES_MARKETING,gcampos@energiadelcentro.mx,VERIFIED,85,+527512921575,2026-09-17T06:21:40.740668+00:00
"Energy, Oil, Gas & Mining",ENERGIA DEL PACIFICO S. DE R.L. DE C.V.,energiadelpacifico.mx,Carlos Flores,Chief Human Resources Officer (CHRO),C_SUITE,HR_PEOPLE,cflores@energiadelpacifico.mx,VERIFIED,85,+525087637049,2026-09-17T06:21:40.740668+00:00
"Energy, Oil, Gas & Mining",ENERGIA DEL PACIFICO S. DE R.L. DE C.V.,energiadelpacifico.mx,Carlos Dominguez,Chief Technology Officer (CTO),C_SUITE,ENGINEERING_IT,cdominguez@energiadelpacifico.mx,VERIFIED,85,+524599088772,2026-09-17T06:21:40.740668+00:00
"Energy, Oil, Gas & Mining",ENERGIA DEL PACIFICO S. DE R.L. DE C.V.,energiadelpacifico.mx,Guillermo Ruiz,Chief Human Resources Officer (CHRO),C_SUITE,HR_PEOPLE,gruiz@energiadelpacifico.mx,VERIFIED,85,+529247339632,2026-09-17T06:21:40.740668+00:00
"Energy, Oil, Gas & Mining",ENERGIA DEL CENTRO S.A.B. DE C.V.,energiadelcentro.com,Ricardo Hernández,Vice President (VP),VP,EXECUTIVE,rhernández@energiadelcentro.com,VERIFIED,85,+527687699669,2026-09-17T06:21:40.741560+00:00
"Energy, Oil, Gas & Mining",ENERGIA DEL BAJIO S.C.,energiadelbajio64.com.mx,Eduardo Garza,Chief Revenue Officer (CRO),C_SUITE,SALES_MARKETING,egarza@energiadelbajio64.com.mx,VERIFIED,85,+527025833003,2026-09-17T06:21:40.741560+00:00
"Energy, Oil, Gas & Mining",ENERGIA DEL NORTE S.A.P.I. DE C.V.,energiadelnorte.mx,Arturo Valenzuela,Founder,FOUNDER,EXECUTIVE,avalenzuela@energiadelnorte.mx,VERIFIED,85,+528110364108,2026-09-17T06:21:40.741560+00:00
"Energy, Oil, Gas & Mining",ENERGIA INDUSTRIAL S. DE R.L. DE C.V.,energiaindustrial.mx,Alejandro Sánchez,Co-Founder,FOUNDER,EXECUTIVE,asánchez@energiaindustrial.mx,VERIFIED,85,+529465961904,2026-09-17T06:21:40.751587+00:00
"Energy, Oil, Gas & Mining",ENERGIA DE OCCIDENTE 71 S.A.B. DE C.V.,energiadeoccidente.com,Guadalupe Reyes,Chief Technology Officer (CTO),C_SUITE,ENGINEERING_IT,greyes@energiadeoccidente.com,VERIFIED,85,+529887144282,2026-09-17T06:21:40.759410+00:00
"Energy, Oil, Gas & Mining",ENERGIA DE OCCIDENTE S.A. DE C.V.,energiadeoccidente.mx,Luis Campos,Sole Administrator / Owner,FOUNDER,EXECUTIVE,lcampos@energiadeoccidente.mx,VERIFIED,85,+526821131697,2026-09-17T06:21:40.759410+00:00
"Energy, Oil, Gas & Mining",ENERGIA SUPREMA 28 S. DE R.L. DE C.V.,energiasuprema.com,Raúl Salinas,Chief Financial Officer (CFO),C_SUITE,FINANCE,rsalinas@energiasuprema.com,VERIFIED,85,+524858430212,2026-09-17T06:21:40.762697+00:00
"Energy, Oil, Gas & Mining",ENERGIA EMPRESARIAL S.A.B. DE C.V.,energiaempresarial.com.mx,Miguel García,Chief Procurement Officer (CPO),C_SUITE,PROCUREMENT,mgarcía@energiaempresarial.com.mx,VERIFIED,85,+526120460337,2026-09-17T06:21:40.773680+00:00
"Energy, Oil, Gas & Mining",ENERGIA EMPRESARIAL S.A.B. DE C.V.,energiaempresarial.com.mx,Hector Sánchez,Vice President (VP),VP,EXECUTIVE,hsánchez@energiaempresarial.com.mx,VERIFIED,85,+527121777367,2026-09-17T06:21:40.773680+00:00
"Energy, Oil, Gas & Mining",ENERGIA INDUSTRIAL S.A.P.I. DE C.V.,energiaindustrial.mx,Jorge Ramírez,Jefe De Recursos Humanos,MANAGER,EXECUTIVE,jramírez@energiaindustrial.mx,VERIFIED,85,+526824600192,2026-09-17T06:21:40.780696+00:00
"Energy, Oil, Gas & Mining",ENERGIA INDUSTRIAL S.C.,energiaindustrial.com,Ricardo Ruiz,Chief Revenue Officer (CRO),C_SUITE,SALES_MARKETING,rruiz@energiaindustrial.com,VERIFIED,85,+527794318027,2026-09-17T06:21:40.781697+00:00
"Energy, Oil, Gas & Mining",ENERGIA PREMIER 50 S.A.S.,energiapremier.com,Paulina Aguilar,Co-Founder,FOUNDER,EXECUTIVE,paguilar@energiapremier.com,VERIFIED,85,+526916203225,2026-09-17T06:21:40.786439+00:00
"Energy, Oil, Gas & Mining",ENERGIA PREMIER S.A.P.I. DE C.V.,energiapremier.com.mx,Alejandro Campos,Sole Administrator / Owner,FOUNDER,EXECUTIVE,acampos@energiapremier.com.mx,VERIFIED,85,+524922482418,2026-09-17T06:21:40.787404+00:00
"Energy, Oil, Gas & Mining",ENERGIA AVANZADA S.C.,energiaavanzada.com.mx,Fernando Torres,Director,DIRECTOR,EXECUTIVE,ftorres@energiaavanzada.com.mx,VERIFIED,85,+529486133745,2026-09-17T06:21:40.787404+00:00
"Energy, Oil, Gas & Mining",ENERGIA AVANZADA S.C.,energiaavanzada.com.mx,David Salinas,Sole Administrator / Owner,FOUNDER,EXECUTIVE,dsalinas@energiaavanzada.com.mx,VERIFIED,85,+524897356116,2026-09-17T06:21:40.787404+00:00
"Energy, Oil, Gas & Mining",ENERGIA AVANZADA S.A.B. DE C.V.,energiaavanzada.com,Andrea Ramírez,Chief Operating Officer (COO),C_SUITE,OPERATIONS,aramírez@energiaavanzada.com,VERIFIED,85,+525261455727,2026-09-17T06:21:40.787404+00:00
"Energy, Oil, Gas & Mining",ENERGIA INTERNACIONAL 18 S.A. DE C.V.,energiainternacion.mx,Luis Garza,Co-Founder,FOUNDER,EXECUTIVE,lgarza@energiainternacion.mx,VERIFIED,85,+525734594083,2026-09-17T06:21:40.794346+00:00
"Energy, Oil, Gas & Mining",ENERGIA INTERNACIONAL 18 S.A. DE C.V.,energiainternacion.mx,Raúl Garza,Co-Founder,FOUNDER,EXECUTIVE,rgarza@energiainternacion.mx,VERIFIED,85,+528147952012,2026-09-17T06:21:40.794346+00:00
"Energy, Oil, Gas & Mining",ENERGIA INTERNACIONAL S. DE R.L. DE C.V.,energiainternacion.mx,Verónica Herrera,Chief Security Officer (CSO),C_SUITE,OPERATIONS,vherrera@energiainternacion.mx,VERIFIED,85,+526033111330,2026-09-17T06:21:40.795342+00:00
"Energy, Oil, Gas & Mining",ENERGIA INTERNACIONAL S. DE R.L. DE C.V.,energiainternacion.mx,Lorena Medina,Chief Technology Officer (CTO),C_SUITE,ENGINEERING_IT,lmedina@energiainternacion.mx,VERIFIED,85,+525116676095,2026-09-17T06:21:40.795342+00:00
"Energy, Oil, Gas & Mining",ENERGIA CONTINENTAL S.A. DE C.V.,energiacontinental.com,Gabriel López,Director,DIRECTOR,EXECUTIVE,glópez@energiacontinental.com,VERIFIED,85,+526662315358,2026-09-17T06:21:40.795342+00:00
"Energy, Oil, Gas & Mining",ENERGIA CONTINENTAL S.A. DE C.V.,energiacontinental.com,Verónica Benítez,Chief Technology Officer (CTO),C_SUITE,ENGINEERING_IT,vbenítez@energiacontinental.com,VERIFIED,85,+525881703561,2026-09-17T06:21:40.795342+00:00
"Energy, Oil, Gas & Mining",ENERGIA DEL NORTE S.A. DE C.V.,energiadelnorte.com,Mauricio Torres,Founder,FOUNDER,EXECUTIVE,mtorres@energiadelnorte.com,VERIFIED,85,+528661583725,2026-09-17T06:21:40.796390+00:00
"Energy, Oil, Gas & Mining",ENERGIA DEL NORTE S.A. DE C.V.,energiadelnorte.com,Mauricio Navarro,Chief Procurement Officer (CPO),C_SUITE,PROCUREMENT,mnavarro@energiadelnorte.com,VERIFIED,85,+526027897106,2026-09-17T06:21:40.796390+00:00
"Energy, Oil, Gas & Mining",ENERGIA DEL CENTRO S.A.B. DE C.V.,energiadelcentro.com.mx,Raúl Martínez,Vice President (VP),VP,EXECUTIVE,rmartínez@energiadelcentro.com.mx,VERIFIED,85,+529197243503,2026-09-17T06:21:40.796390+00:00
"Energy, Oil, Gas & Mining",ENERGIA DEL PACIFICO 42 S.C.,energiadelpacifico.com.mx,Guillermo Gómez,Vice President (VP),VP,EXECUTIVE,ggómez@energiadelpacifico.com.mx,VERIFIED,85,+527547712197,2026-09-17T06:21:40.796390+00:00
"Energy, Oil, Gas & Mining",ENERGIA MODERNA S.A.S.,energiamoderna.mx,Fernando Alarcón,Chief Operating Officer (COO),C_SUITE,OPERATIONS,falarcón@energiamoderna.mx,VERIFIED,85,+524127918111,2026-09-17T06:21:40.799920+00:00
"Energy, Oil, Gas & Mining",ENERGIA MODERNA S.C.,energiamoderna.com.mx,Rodrigo Gómez,Vice President (VP),VP,EXECUTIVE,rgómez@energiamoderna.com.mx,VERIFIED,85,+524728157151,2026-09-17T06:21:40.799920+00:00
"Energy, Oil, Gas & Mining",ENERGIA MODERNA S.C.,energiamoderna.com.mx,Valeria Medina,Jefe De Recursos Humanos,MANAGER,EXECUTIVE,vmedina@energiamoderna.com.mx,VERIFIED,85,+524296455429,2026-09-17T06:21:40.799920+00:00
"Energy, Oil, Gas & Mining",ENERGIA PREMIER S.A.S.,energiapremier37.mx,Raúl Herrera,Founder,FOUNDER,EXECUTIVE,rherrera@energiapremier37.mx,VERIFIED,85,+524397465771,2026-09-17T06:21:40.801920+00:00
"Energy, Oil, Gas & Mining",ENERGIA PREMIER S.A.B. DE C.V.,energiapremier.com.mx,Valeria García,Jefe De Recursos Humanos,MANAGER,EXECUTIVE,vgarcía@energiapremier.com.mx,VERIFIED,85,+526898049419,2026-09-17T06:21:40.801920+00:00
"Energy, Oil, Gas & Mining",ENERGIA PREMIER S. DE R.L. DE C.V.,energiapremier.com,Gabriel Vega,Chief Technology Officer (CTO),C_SUITE,ENGINEERING_IT,gvega@energiapremier.com,VERIFIED,85,+526478967142,2026-09-17T06:21:40.801920+00:00
"Energy, Oil, Gas & Mining",ENERGIA PREMIER S. DE R.L. DE C.V.,energiapremier.com,Alejandro Castro,Chief Technology Officer (CTO),C_SUITE,ENGINEERING_IT,acastro@energiapremier.com,VERIFIED,85,+529024063532,2026-09-17T06:21:40.801920+00:00
"Energy, Oil, Gas & Mining",ENERGIA INNOVADORA S.A. DE C.V.,energiainnovadora.mx,Rodrigo González,Co-Founder,FOUNDER,EXECUTIVE,rgonzález@energiainnovadora.mx,VERIFIED,85,+526697838668,2026-09-17T06:21:40.811332+00:00
"Energy, Oil, Gas & Mining",ENERGIA INNOVADORA S.A. DE C.V.,energiainnovadora.mx,Patricia Dominguez,Sole Administrator / Owner,FOUNDER,EXECUTIVE,pdominguez@energiainnovadora.mx,VERIFIED,85,+529038688252,2026-09-17T06:21:40.812348+00:00
"Energy, Oil, Gas & Mining",ENERGIA INNOVADORA S.A.B. DE C.V.,energiainnovadora.com.mx,Rodrigo Benítez,Vice President (VP),VP,EXECUTIVE,rbenítez@energiainnovadora.com.mx,VERIFIED,85,+528382339430,2026-09-17T06:21:40.812348+00:00
"Energy, Oil, Gas & Mining",ENERGIA CENTRAL S.A. DE C.V.,energiacentral.com,Alfonso Hernández,Chief Revenue Officer (CRO),C_SUITE,SALES_MARKETING,ahernández@energiacentral.com,VERIFIED,85,+526071473434,2026-09-17T06:21:40.813346+00:00
"Energy, Oil, Gas & Mining",ENERGIA CENTRAL S.A. DE C.V.,energiacentral.com,Ricardo González,Vice President (VP),VP,EXECUTIVE,rgonzález@energiacentral.com,VERIFIED,85,+524815078397,2026-09-17T06:21:40.813346+00:00
"Energy, Oil, Gas & Mining",ENERGIA INTEGRAL S.A.P.I. DE C.V.,energiaintegral.com.mx,Roberto Ruiz,Chief Human Resources Officer (CHRO),C_SUITE,HR_PEOPLE,rruiz@energiaintegral.com.mx,VERIFIED,85,+525138668823,2026-09-17T06:21:40.817344+00:00
"Energy, Oil, Gas & Mining",ENERGIA INTEGRAL 13 S.C.,energiaintegral.mx,David Flores,Chief Revenue Officer (CRO),C_SUITE,SALES_MARKETING,dflores@energiaintegral.mx,VERIFIED,85,+524639334358,2026-09-17T06:21:40.817344+00:00
"Energy, Oil, Gas & Mining",ENERGIA CONTINENTAL S.A.S.,energiacontinental.com,Verónica González,Sole Administrator / Owner,FOUNDER,EXECUTIVE,vgonzález@energiacontinental.com,VERIFIED,85,+523362328336,2026-09-17T06:21:40.819340+00:00
"Energy, Oil, Gas & Mining",ENERGIA CONTINENTAL S.A.S.,energiacontinental.com,Roberto Benítez,Chief Human Resources Officer (CHRO),C_SUITE,HR_PEOPLE,rbenítez@energiacontinental.com,VERIFIED,85,+523363289403,2026-09-17T06:21:40.819340+00:00
"Energy, Oil, Gas & Mining",ENERGIA CONTINENTAL S.A.S.,energiacontinental.com,Verónica García,Chief Financial Officer (CFO),C_SUITE,FINANCE,vgarcía@energiacontinental.com,VERIFIED,85,+523398580327,2026-09-17T06:21:40.819340+00:00
"Energy, Oil, Gas & Mining",ENERGIA CONTINENTAL S.A.B. DE C.V.,energiacontinental.com.mx,Hector Flores,Director,DIRECTOR,EXECUTIVE,hflores@energiacontinental.com.mx,VERIFIED,85,+523391220387,2026-09-17T06:21:40.819340+00:00
"Energy, Oil, Gas & Mining",ENERGIA EMPRESARIAL S.A.B. DE C.V.,energiaempresarial.mx,Mariana Gómez,Vice President (VP),VP,EXECUTIVE,mgómez@energiaempresarial.mx,VERIFIED,85,+527856732747,2026-09-17T06:21:40.852008+00:00
"Energy, Oil, Gas & Mining",ENERGIA EMPRESARIAL S.A.B. DE C.V.,energiaempresarial.mx,Hector Martínez,Chief Revenue Officer (CRO),C_SUITE,SALES_MARKETING,hmartínez@energiaempresarial.mx,VERIFIED,85,+524362148665,2026-09-17T06:21:40.852008+00:00
"Energy, Oil, Gas & Mining",ENERGIA EMPRESARIAL S.A.B. DE C.V.,energiaempresarial.mx,Ricardo Campos,Chief Human Resources Officer (CHRO),C_SUITE,HR_PEOPLE,rcampos@energiaempresarial.mx,VERIFIED,85,+528038890016,2026-09-17T06:21:40.852008+00:00
"Energy, Oil, Gas & Mining",ENERGIA EMPRESARIAL S.A.P.I. DE C.V.,energiaempresarial.com.mx,Adriana Medina,Chief Technology Officer (CTO),C_SUITE,ENGINEERING_IT,amedina@energiaempresarial.com.mx,VERIFIED,85,+528557447801,2026-09-17T06:21:40.852008+00:00
"Energy, Oil, Gas & Mining",ENERGIA LATINOAMERICANA S.C.,energialatinoameri.com,Fernando Garza,Director,DIRECTOR,EXECUTIVE,fgarza@energialatinoameri.com,VERIFIED,85,+525290135398,2026-09-17T06:21:40.855015+00:00
"Energy, Oil, Gas & Mining",ENERGIA LATINOAMERICANA S.C.,energialatinoameri.mx,Adriana Mendoza,Co-Founder,FOUNDER,EXECUTIVE,amendoza@energialatinoameri.mx,VERIFIED,85,+527157685421,2026-09-17T06:21:40.855015+00:00
"Energy, Oil, Gas & Mining",ENERGIA DINAMICA S. DE R.L. DE C.V.,energiadinamica.com.mx,Andrea Ruiz,Chief Revenue Officer (CRO),C_SUITE,SALES_MARKETING,aruiz@energiadinamica.com.mx,VERIFIED,85,+528335705296,2026-09-17T06:21:40.887155+00:00
"Energy, Oil, Gas & Mining",ENERGIA NACIONAL S.A.S.,energianacional86.com.mx,Eduardo González,Co-Founder,FOUNDER,EXECUTIVE,egonzález@energianacional86.com.mx,VERIFIED,85,+524433193889,2026-09-17T06:21:40.887155+00:00
"Energy, Oil, Gas & Mining",ENERGIA LATINOAMERICANA 4 S. DE R.L. DE C.V.,energialatinoameri.mx,Raúl Ruiz,Chief Marketing Officer (CMO),C_SUITE,SALES_MARKETING,rruiz@energialatinoameri.mx,VERIFIED,85,+527058047251,2026-09-17T06:21:40.888276+00:00
"Energy, Oil, Gas & Mining",ENERGIA LATINOAMERICANA S.A.S.,energialatinoameri.com,Sofia Alarcón,Jefe De Recursos Humanos,MANAGER,EXECUTIVE,salarcón@energialatinoameri.com,VERIFIED,85,+529648044930,2026-09-17T06:21:40.888276+00:00
"Energy, Oil, Gas & Mining",ENERGIA LATINOAMERICANA S.A.S.,energialatinoameri.com,Mauricio Hernández,Chief Revenue Officer (CRO),C_SUITE,SALES_MARKETING,mhernández@energialatinoameri.com,VERIFIED,85,+524034989422,2026-09-17T06:21:40.888276+00:00
"Energy, Oil, Gas & Mining",ENERGIA ESPECIALIZADA S. DE R.L. DE C.V.,energiaespecializa.mx,Sofia Herrera,Jefe De Recursos Humanos,MANAGER,EXECUTIVE,sherrera@energiaespecializa.mx,VERIFIED,85,+529748827858,2026-09-17T06:21:40.888276+00:00
"Energy, Oil, Gas & Mining",ENERGIA ESPECIALIZADA S. DE R.L. DE C.V.,energiaespecializa.mx,Patricia González,Chief Operating Officer (COO),C_SUITE,OPERATIONS,pgonzález@energiaespecializa.com,VERIFIED,85,+525516752335,2026-09-17T06:21:40.888276+00:00
"Energy, Oil, Gas & Mining",ENERGIA ESPECIALIZADA 67 S.A.P.I. DE C.V.,energiaespecializa.com.mx,Luis Dominguez,Chief Procurement Officer (CPO),C_SUITE,PROCUREMENT,ldominguez@energiaespecializa.com.mx,VERIFIED,85,+526615166089,2026-09-17T06:21:40.888276+00:00
"Energy, Oil, Gas & Mining",ENERGIA GLOBAL S.A.S.,energiaglobal.com,Paulina Flores,Chief Technology Officer (CTO),C_SUITE,ENGINEERING_IT,pflores@energiaglobal.com,VERIFIED,85,+527731612757,2026-09-17T06:21:40.904522+00:00
"Energy, Oil, Gas & Mining",ENERGIA LIDER S. DE R.L. DE C.V.,energialider.com,Gabriel Dominguez,Chief Technology Officer (CTO),C_SUITE,ENGINEERING_IT,gdominguez@energialider.com,VERIFIED,85,+523391139417,2026-09-17T06:21:40.907026+00:00
"Energy, Oil, Gas & Mining",ENERGIA LIDER S. DE R.L. DE C.V.,energialider.com,Sofia Aguilar,Chief Human Resources Officer (CHRO),C_SUITE,HR_PEOPLE,saguilar@energialider.com,VERIFIED,85,+523382483468,2026-09-17T06:21:40.907026+00:00
"Energy, Oil, Gas & Mining",ENERGIA LIDER S.A.P.I. DE C.V.,energialider.com.mx,Paulina Treviño,Founder,FOUNDER,EXECUTIVE,ptreviño@energialider.com.mx,VERIFIED,85,+523367054498,2026-09-17T06:21:40.907026+00:00
"Energy, Oil, Gas & Mining",ENERGIA LIDER S.C.,energialider.com,Enrique Flores,Director,DIRECTOR,EXECUTIVE,eflores@energialider.com,VERIFIED,85,+529221296012,2026-09-17T06:21:40.910036+00:00
"Energy, Oil, Gas & Mining",ENERGIA LIDER S.A.S.,energialider41.mx,Mariana Medina,Chief Technology Officer (CTO),C_SUITE,ENGINEERING_IT,mmedina@energialider41.mx,VERIFIED,85,+528863196191,2026-09-17T06:21:40.910036+00:00
"Energy, Oil, Gas & Mining",ENERGIA PREMIER S. DE R.L. DE C.V.,energiapremier.com,Fernando Aguilar,Chief Human Resources Officer (CHRO),C_SUITE,HR_PEOPLE,faguilar@energiapremier.com,VERIFIED,85,+527948297869,2026-09-17T06:21:40.922472+00:00
"Energy, Oil, Gas & Mining",ENERGIA PREMIER S.A.B. DE C.V.,energiapremier.mx,Alejandro Villaseñor,Vice President (VP),VP,EXECUTIVE,avillaseñor@energiapremier.mx,VERIFIED,85,+527697035982,2026-09-17T06:21:40.923013+00:00
"Energy, Oil, Gas & Mining",ENERGIA INDUSTRIAL S.C.,energiaindustrial2.com.mx,Adriana Ramírez,Chief Procurement Officer (CPO),C_SUITE,PROCUREMENT,aramírez@energiaindustrial2.com.mx,VERIFIED,85,+524677702901,2026-09-17T06:21:40.924494+00:00
"Energy, Oil, Gas & Mining",ENERGIA INDUSTRIAL S.C.,energiaindustrial2.com.mx,Claudia Torres,Chief Operating Officer (COO),C_SUITE,OPERATIONS,ctorres@energiaindustrial.com.mx,VERIFIED,85,+527531747848,2026-09-17T06:21:40.924494+00:00
"Energy, Oil, Gas & Mining",ENERGIA INDUSTRIAL 35 S. DE R.L. DE C.V.,energiaindustrial.com,Guadalupe Martínez,Chief Marketing Officer (CMO),C_SUITE,SALES_MARKETING,gmartínez@energiaindustrial.com,VERIFIED,85,+527463343907,2026-09-17T06:21:40.924494+00:00
"Energy, Oil, Gas & Mining",ENERGIA INDUSTRIAL S.A.B. DE C.V.,energiaindustrial5.mx,Ricardo Villaseñor,Chief Operating Officer (COO),C_SUITE,OPERATIONS,rvillaseñor@energiaindustrial5.mx,VERIFIED,85,+524656789003,2026-09-17T06:21:40.924494+00:00
"Energy, Oil, Gas & Mining",ENERGIA LIDER S. DE R.L. DE C.V.,energialider.com.mx,Manuel Villaseñor,Chief Executive Officer (CEO),C_SUITE,EXECUTIVE,mvillaseñor@energialider.com.mx,VERIFIED,85,+528082799033,2026-09-17T06:21:40.926651+00:00
"Energy, Oil, Gas & Mining",ENERGIA LIDER S. DE R.L. DE C.V.,energialider.com.mx,Andrea Torres,Sole Administrator / Owner,FOUNDER,EXECUTIVE,atorres@energialider.com,VERIFIED,85,+528226382320,2026-09-17T06:21:40.926651+00:00
"Energy, Oil, Gas & Mining",ENERGIA LIDER S.A. DE C.V.,energialider.mx,Claudia Castro,Vice President (VP),VP,EXECUTIVE,ccastro@energialider.mx,VERIFIED,85,+527758582103,2026-09-17T06:21:40.926651+00:00
"Energy, Oil, Gas & Mining",ENERGIA PREMIER S.A.S.,energiapremier.mx,Guadalupe Aguilar,Chief Technology Officer (CTO),C_SUITE,ENGINEERING_IT,gaguilar@energiapremier.mx,VERIFIED,85,+527140701320,2026-09-17T06:21:40.931247+00:00
"Energy, Oil, Gas & Mining",ENERGIA PREMIER S.A.S.,energiapremier.mx,Ernesto Hernández,Chief Security Officer (CSO),C_SUITE,OPERATIONS,ehernández@energiapremier.mx,VERIFIED,85,+527778643575,2026-09-17T06:21:40.931247+00:00
"Energy, Oil, Gas & Mining",ENERGIA PREMIER S.A.S.,energiapremier.com.mx,Luis Ramírez,Chief Marketing Officer (CMO),C_SUITE,SALES_MARKETING,lramírez@energiapremier.com.mx,VERIFIED,85,+525763490095,2026-09-17T06:21:40.931247+00:00
"Energy, Oil, Gas & Mining",ENERGIA DINAMICA S.A. DE C.V.,energiadinamica.com.mx,Fernando Mendoza,Chief Marketing Officer (CMO),C_SUITE,SALES_MARKETING,fmendoza@energiadinamica.com.mx,VERIFIED,85,+527391741821,2026-09-17T06:21:40.938903+00:00
"Energy, Oil, Gas & Mining",ENERGIA DINAMICA S.A. DE C.V.,energiadinamica.com.mx,Paulina Torres,Chief Procurement Officer (CPO),C_SUITE,PROCUREMENT,ptorres@energiadinamica.mx,VERIFIED,85,+526822771624,2026-09-17T06:21:40.938903+00:00
"Energy, Oil, Gas & Mining",ENERGIA NACIONAL S.A. DE C.V.,energianacional27.mx,Mauricio González,Chief Security Officer (CSO),C_SUITE,OPERATIONS,mgonzález@energianacional27.mx,VERIFIED,85,+526531571214,2026-09-17T06:21:40.938903+00:00
"Energy, Oil, Gas & Mining",ENERGIA SELECTA S.A.S.,energiaselecta.com,Fernando Salinas,Chief Executive Officer (CEO),C_SUITE,EXECUTIVE,fsalinas@energiaselecta.com,VERIFIED,85,+527379240110,2026-09-17T06:21:40.947267+00:00
"Energy, Oil, Gas & Mining",ENERGIA LATINOAMERICANA 3 S.A. DE C.V.,energialatinoameri.com.mx,Adriana Castillo,Chief Operating Officer (COO),C_SUITE,OPERATIONS,acastillo@energialatinoameri.com.mx,VERIFIED,85,+524172206788,2026-09-17T06:21:40.963368+00:00
"Energy, Oil, Gas & Mining",ENERGIA LATINOAMERICANA 3 S.A. DE C.V.,energialatinoameri.com.mx,Mauricio Álvarez,Chief Technology Officer (CTO),C_SUITE,ENGINEERING_IT,málvarez@energialatinoameri.com.mx,VERIFIED,85,+528626442712,2026-09-17T06:21:40.963368+00:00
"Energy, Oil, Gas & Mining",ENERGIA DE LAS AMERICAS S.A. DE C.V.,energiadelasameric.mx,Claudia Vega,Vice President (VP),VP,EXECUTIVE,cvega@energiadelasameric.mx,VERIFIED,85,+523364240494,2026-09-17T06:21:40.966396+00:00
"Energy, Oil, Gas & Mining",ENERGIA DE LAS AMERICAS S.A.B. DE C.V.,energiadelasameric.com,Guillermo Díaz,Co-Founder,FOUNDER,EXECUTIVE,gdíaz@energiadelasameric.com,VERIFIED,85,+523371951739,2026-09-17T06:21:40.966396+00:00
"Energy, Oil, Gas & Mining",ENERGIA SUPREMA S.A.S.,energiasuprema.mx,David Castro,Chief Marketing Officer (CMO),C_SUITE,SALES_MARKETING,dcastro@energiasuprema.mx,VERIFIED,85,+528187492796,2026-09-17T06:21:40.977133+00:00
"Energy, Oil, Gas & Mining",ENERGIA SUPREMA S.A.S.,energiasuprema.mx,Alejandro Mendoza,Chief Revenue Officer (CRO),C_SUITE,SALES_MARKETING,amendoza@energiasuprema.mx,VERIFIED,85,+528155926495,2026-09-17T06:21:40.977133+00:00
"Energy, Oil, Gas & Mining",ENERGIA SUPREMA 58 S. DE R.L. DE C.V.,energiasuprema.com.mx,Guillermo Garza,Jefe De Recursos Humanos,MANAGER,EXECUTIVE,ggarza@energiasuprema.com.mx,VERIFIED,85,+528133905526,2026-09-17T06:21:40.977133+00:00
"Energy, Oil, Gas & Mining",ENERGIA INTERNACIONAL 48 S.A. DE C.V.,energiainternacion.mx,Raúl Vázquez,Vice President (VP),VP,EXECUTIVE,rvázquez@energiainternacion.mx,VERIFIED,85,+524773244556,2026-09-17T06:21:40.977673+00:00
"Energy, Oil, Gas & Mining",ENERGIA INTERNACIONAL 48 S.A. DE C.V.,energiainternacion.mx,Enrique Martínez,Chief Security Officer (CSO),C_SUITE,OPERATIONS,emartínez@energiainternacion.mx,VERIFIED,85,+529225837549,2026-09-17T06:21:40.977673+00:00
"Energy, Oil, Gas & Mining",ENERGIA DE LAS AMERICAS 5 S.C.,energiadelasameric.com.mx,Carlos Vázquez,Chief Operating Officer (COO),C_SUITE,OPERATIONS,cvázquez@energiadelasameric.com.mx,VERIFIED,85,+529429283930,2026-09-17T06:21:40.978775+00:00
"Energy, Oil, Gas & Mining",ENERGIA DE LAS AMERICAS S.A.S.,energiadelasameric.mx,Guillermo Aguilar,Chief Operating Officer (COO),C_SUITE,OPERATIONS,gaguilar@energiadelasameric.mx,VERIFIED,85,+527732164570,2026-09-17T06:21:40.978775+00:00
"Energy, Oil, Gas & Mining",ENERGIA DE LAS AMERICAS S.A. DE C.V.,energiadelasameric.com,Eduardo Villaseñor,Chief Technology Officer (CTO),C_SUITE,ENGINEERING_IT,evillaseñor@energiadelasameric.com,VERIFIED,85,+528025604731,2026-09-17T06:21:40.978775+00:00
"Energy, Oil, Gas & Mining",ENERGIA DE OCCIDENTE S.A.S.,energiadeoccidente.com.mx,Patricia Navarro,Vice President (VP),VP,EXECUTIVE,pnavarro@energiadeoccidente.com.mx,VERIFIED,85,+529849113429,2026-09-17T06:21:40.982646+00:00
"Energy, Oil, Gas & Mining",ENERGIA DE LAS AMERICAS S.A.S.,energiadelasameric.mx,Alfonso Treviño,Chief Human Resources Officer (CHRO),C_SUITE,HR_PEOPLE,atreviño@energiadelasameric.mx,VERIFIED,85,+527610341622,2026-09-17T06:21:40.982646+00:00
"Energy, Oil, Gas & Mining",ENERGIA DE OCCIDENTE S.A. DE C.V.,energiadeoccidente.mx,Verónica Castro,Director,DIRECTOR,EXECUTIVE,vcastro@energiadeoccidente.mx,VERIFIED,85,+525428239771,2026-09-17T06:21:40.982646+00:00
"Energy, Oil, Gas & Mining",ENERGIA MEXICANA 59 S.A.P.I. DE C.V.,energiamexicana9.com.mx,Carlos García,Chief Technology Officer (CTO),C_SUITE,ENGINEERING_IT,cgarcía@energiamexicana9.com.mx,VERIFIED,85,+525975524172,2026-09-17T06:21:40.983763+00:00
"Energy, Oil, Gas & Mining",ENERGIA MEXICANA S.A.P.I. DE C.V.,energiamexicana.com.mx,Mauricio Torres,Vice President (VP),VP,EXECUTIVE,mtorres@energiamexicana.com.mx,VERIFIED,85,+527697517921,2026-09-17T06:21:40.983763+00:00
"Energy, Oil, Gas & Mining",ENERGIA LIDER S.C.,energialider.mx,Adriana Salinas,Vice President (VP),VP,EXECUTIVE,asalinas@energialider.mx,VERIFIED,85,+529649798626,2026-09-17T06:21:40.997679+00:00
"Energy, Oil, Gas & Mining",ENERGIA LIDER S.C.,energialider.mx,Ignacio Valenzuela,Founder,FOUNDER,EXECUTIVE,ivalenzuela@energialider.mx,VERIFIED,85,+525670290185,2026-09-17T06:21:40.997679+00:00
"Energy, Oil, Gas & Mining",ENERGIA MEXICANA S.C.,energiamexicana.com,Alejandro Aguilar,Chief Security Officer (CSO),C_SUITE,OPERATIONS,aaguilar@energiamexicana.com,VERIFIED,85,+523346819336,2026-09-17T06:21:41.009036+00:00
"Energy, Oil, Gas & Mining",ENERGIA INTEGRAL S.A. DE C.V.,energiaintegral78.mx,Patricia Mendoza,Chief Revenue Officer (CRO),C_SUITE,SALES_MARKETING,pmendoza@energiaintegral78.mx,VERIFIED,85,+525892756869,2026-09-17T06:21:41.013585+00:00
"Energy, Oil, Gas & Mining",ENERGIA INTEGRAL S.A. DE C.V.,energiaintegral.com.mx,Sofia Ruiz,Sole Administrator / Owner,FOUNDER,EXECUTIVE,sruiz@energiaintegral.com.mx,VERIFIED,85,+525997653919,2026-09-17T06:21:41.013585+00:00
"Energy, Oil, Gas & Mining",ENERGIA SUPREMA S.A.S.,energiasuprema61.mx,Carlos Torres,Chief Technology Officer (CTO),C_SUITE,ENGINEERING_IT,ctorres@energiasuprema61.mx,VERIFIED,85,+526822799121,2026-09-17T06:21:41.025367+00:00
"Energy, Oil, Gas & Mining",ENERGIA DE LAS AMERICAS S.A.S.,energiadelasameric.com.mx,Guillermo Navarro,Founder,FOUNDER,EXECUTIVE,gnavarro@energiadelasameric.com.mx,VERIFIED,85,+524554791962,2026-09-17T06:21:41.028893+00:00
"Energy, Oil, Gas & Mining",ENERGIA DE OCCIDENTE S.A.S.,energiadeoccidente.com.mx,Mauricio Mendoza,Chief Revenue Officer (CRO),C_SUITE,SALES_MARKETING,mmendoza@energiadeoccidente.com.mx,VERIFIED,85,+529684311078,2026-09-17T06:21:41.028893+00:00
"Energy, Oil, Gas & Mining",ENERGIA DE LAS AMERICAS S.A.S.,energiadelasameric.mx,Ignacio Treviño,Chief Human Resources Officer (CHRO),C_SUITE,HR_PEOPLE,itreviño@energiadelasameric.mx,VERIFIED,85,+527132706222,2026-09-17T06:21:41.028893+00:00
"Energy, Oil, Gas & Mining",ENERGIA DE LAS AMERICAS 78 S.C.,energiadelasameric.com,Fernando Garza,Sole Administrator / Owner,FOUNDER,EXECUTIVE,fgarza@energiadelasameric.com,VERIFIED,85,+528491623434,2026-09-17T06:21:41.028893+00:00
"Energy, Oil, Gas & Mining",ENERGIA LIDER 37 S.A.P.I. DE C.V.,energialider.com,Enrique Garza,Director,DIRECTOR,EXECUTIVE,egarza@energialider.com,VERIFIED,85,+527371303232,2026-09-17T06:21:41.030911+00:00
"Energy, Oil, Gas & Mining",ENERGIA ESPECIALIZADA S.A.B. DE C.V.,energiaespecializa.com.mx,Patricia Benítez,Sole Administrator / Owner,FOUNDER,EXECUTIVE,pbenítez@energiaespecializa.com.mx,VERIFIED,85,+525453871273,2026-09-17T06:21:41.030911+00:00
"Energy, Oil, Gas & Mining",ENERGIA ESPECIALIZADA S.A.P.I. DE C.V.,energiaespecializa.com,Mariana Gómez,Co-Founder,FOUNDER,EXECUTIVE,mgómez@energiaespecializa.com,VERIFIED,85,+528977766065,2026-09-17T06:21:41.030911+00:00
"Energy, Oil, Gas & Mining",ENERGIA INNOVADORA S.A.S.,energiainnovadora.com,Fernando García,Chief Human Resources Officer (CHRO),C_SUITE,HR_PEOPLE,fgarcía@energiainnovadora.com,VERIFIED,85,+527922274608,2026-09-17T06:21:41.037893+00:00
"Energy, Oil, Gas & Mining",ENERGIA INNOVADORA S.A.S.,energiainnovadora.com,Daniel Ruiz,Chief Revenue Officer (CRO),C_SUITE,SALES_MARKETING,druiz@energiainnovadora.mx,VERIFIED,85,+529312015601,2026-09-17T06:21:41.037893+00:00
"Energy, Oil, Gas & Mining",ENERGIA INNOVADORA S.A.S.,energiainnovadora.com,Ricardo González,Chief Financial Officer (CFO),C_SUITE,FINANCE,rgonzález@energiainnovadora.com,VERIFIED,85,+528270609550,2026-09-17T06:21:41.037893+00:00
"Energy, Oil, Gas & Mining",ENERGIA LIDER S.A.S.,energialider15.mx,Andrea Hernández,Co-Founder,FOUNDER,EXECUTIVE,ahernández@energialider15.mx,VERIFIED,85,+528079977616,2026-09-17T06:21:41.048440+00:00
"Energy, Oil, Gas & Mining",ENERGIA LIDER S.A.S.,energialider15.mx,Alejandro Vázquez,Chief Technology Officer (CTO),C_SUITE,ENGINEERING_IT,avázquez@energialider.mx,VERIFIED,85,+528115906479,2026-09-17T06:21:41.048440+00:00
"Energy, Oil, Gas & Mining",ENERGIA LIDER S.C.,energialider.com,Guillermo Hernández,Chief Executive Officer (CEO),C_SUITE,EXECUTIVE,ghernández@energialider.com,VERIFIED,85,+524510258901,2026-09-17T06:21:41.048440+00:00
"Energy, Oil, Gas & Mining",ENERGIA SUPREMA S.A. DE C.V.,energiasuprema.mx,Carlos Reyes,Vice President (VP),VP,EXECUTIVE,creyes@energiasuprema.mx,VERIFIED,85,+525944327546,2026-09-17T06:21:41.056853+00:00
"Energy, Oil, Gas & Mining",ENERGIA SUPREMA S.A. DE C.V.,energiasuprema.mx,Alfonso Gómez,Co-Founder,FOUNDER,EXECUTIVE,agómez@energiasuprema.mx,VERIFIED,85,+528287618121,2026-09-17T06:21:41.056853+00:00
"Energy, Oil, Gas & Mining",ENERGIA CONTINENTAL 95 S.A.P.I. DE C.V.,energiacontinental.com,Andrea Flores,Chief Human Resources Officer (CHRO),C_SUITE,HR_PEOPLE,aflores@energiacontinental.com,VERIFIED,85,+525516596206,2026-09-17T06:21:41.057845+00:00
"Energy, Oil, Gas & Mining",ENERGIA PREMIER S.A.B. DE C.V.,energiapremier.com,Daniel Valenzuela,Vice President (VP),VP,EXECUTIVE,dvalenzuela@energiapremier.com,VERIFIED,85,+524949653021,2026-09-17T06:21:41.058842+00:00
"Energy, Oil, Gas & Mining",ENERGIA LIDER S.A.S.,energialider56.com,Paulina Díaz,Chief Technology Officer (CTO),C_SUITE,ENGINEERING_IT,pdíaz@energialider56.com,VERIFIED,85,+528125300023,2026-09-17T06:21:41.059842+00:00
"Energy, Oil, Gas & Mining",ENERGIA LIDER 41 S.A. DE C.V.,energialider.mx,Jorge Sánchez,Chief Technology Officer (CTO),C_SUITE,ENGINEERING_IT,jsánchez@energialider.mx,VERIFIED,85,+525475537777,2026-09-17T06:21:41.059842+00:00
"Energy, Oil, Gas & Mining",ENERGIA LIDER S.A.S.,energialider.com,Guadalupe Medina,Chief Technology Officer (CTO),C_SUITE,ENGINEERING_IT,gmedina@energialider.com,VERIFIED,85,+528322712388,2026-09-17T06:21:41.059842+00:00
"Energy, Oil, Gas & Mining",ENERGIA LIDER 69 S.A.S.,energialider87.com,Gabriel Treviño,Chief Financial Officer (CFO),C_SUITE,FINANCE,gtreviño@energialider87.com,VERIFIED,85,+524021135163,2026-09-17T06:21:41.059842+00:00
"Energy, Oil, Gas & Mining",ENERGIA LIDER S. DE R.L. DE C.V.,energialider64.com,Mariana Ruiz,Vice President (VP),VP,EXECUTIVE,mruiz@energialider64.com,VERIFIED,85,+526478134787,2026-09-17T06:21:41.059842+00:00
"Energy, Oil, Gas & Mining",ENERGIA INDUSTRIAL S. DE R.L. DE C.V.,energiaindustrial.com,Claudia Flores,Chief Procurement Officer (CPO),C_SUITE,PROCUREMENT,cflores@energiaindustrial.com,VERIFIED,85,+526060552230,2026-09-17T06:21:41.064404+00:00
"Energy, Oil, Gas & Mining",ENERGIA INDUSTRIAL S. DE R.L. DE C.V.,energiaindustrial.com,David Aguilar,Chief Technology Officer (CTO),C_SUITE,ENGINEERING_IT,daguilar@energiaindustrial.mx,VERIFIED,85,+524530984005,2026-09-17T06:21:41.064404+00:00
"Energy, Oil, Gas & Mining",ENERGIA INDUSTRIAL S. DE R.L. DE C.V.,energiaindustrial.com,Andrea García,Co-Founder,FOUNDER,EXECUTIVE,agarcía@energiaindustrial.com,VERIFIED,85,+524693964119,2026-09-17T06:21:41.064404+00:00
"Energy, Oil, Gas & Mining",ENERGIA INDUSTRIAL S. DE R.L. DE C.V.,energiaindustrial.com,Carlos Flores,Chief Marketing Officer (CMO),C_SUITE,SALES_MARKETING,cflores@energiaindustrial6.com.mx,VERIFIED,85,+526780569220,2026-09-17T06:21:41.064404+00:00
"Energy, Oil, Gas & Mining",ENERGIA AVANZADA S.A.B. DE C.V.,energiaavanzada.mx,Verónica Aguilar,Chief Human Resources Officer (CHRO),C_SUITE,HR_PEOPLE,vaguilar@energiaavanzada.mx,VERIFIED,85,+525913601663,2026-09-17T06:21:41.067393+00:00
"Energy, Oil, Gas & Mining",ENERGIA ESPECIALIZADA S.A.B. DE C.V.,energiaespecializa.com.mx,Patricia Álvarez,Sole Administrator / Owner,FOUNDER,EXECUTIVE,pálvarez@energiaespecializa.com.mx,VERIFIED,85,+529892741092,2026-09-17T06:21:41.071387+00:00
"Energy, Oil, Gas & Mining",ENERGIA ESPECIALIZADA 32 S.A.P.I. DE C.V.,energiaespecializa.mx,Andrea Gómez,Chief Operating Officer (COO),C_SUITE,OPERATIONS,agómez@energiaespecializa.mx,VERIFIED,85,+526136270279,2026-09-17T06:21:41.071387+00:00
"Energy, Oil, Gas & Mining",ENERGIA DE LAS AMERICAS S.A.P.I. DE C.V.,energiadelasameric.com,Gabriel Vázquez,Founder,FOUNDER,EXECUTIVE,gvázquez@energiadelasameric.com,VERIFIED,85,+528787756365,2026-09-17T06:21:41.072880+00:00
"Energy, Oil, Gas & Mining",ENERGIA DE LAS AMERICAS S.A.P.I. DE C.V.,energiadelasameric.com,Carlos Alarcón,Chief Security Officer (CSO),C_SUITE,OPERATIONS,calarcón@energiadelasameric.mx,VERIFIED,85,+525031204881,2026-09-17T06:21:41.072880+00:00
"Energy, Oil, Gas & Mining",ENERGIA DE LAS AMERICAS 91 S. DE R.L. DE C.V.,energiadelasameric.com.mx,Adriana Salinas,Chief Technology Officer (CTO),C_SUITE,ENGINEERING_IT,asalinas@energiadelasameric.com.mx,VERIFIED,85,+524059734689,2026-09-17T06:21:41.072880+00:00
"Energy, Oil, Gas & Mining",ENERGIA DE OCCIDENTE S.A.P.I. DE C.V.,energiadeoccidente.com,Hector Díaz,Chief Security Officer (CSO),C_SUITE,OPERATIONS,hdíaz@energiadeoccidente.com,VERIFIED,85,+529858393430,2026-09-17T06:21:41.072880+00:00
"Energy, Oil, Gas & Mining",ENERGIA SUPREMA 78 S.A.S.,energiasuprema.mx,Ernesto Garza,Director,DIRECTOR,EXECUTIVE,egarza@energiasuprema.mx,VERIFIED,85,+527695806513,2026-09-17T06:21:41.084752+00:00
"Energy, Oil, Gas & Mining",ENERGIA SUPREMA S.A.S.,energiasuprema81.com.mx,Claudia Garza,Chief Human Resources Officer (CHRO),C_SUITE,HR_PEOPLE,cgarza@energiasuprema81.com.mx,VERIFIED,85,+525982123204,2026-09-17T06:21:41.086757+00:00
"Energy, Oil, Gas & Mining",ENERGIA SUPREMA S.A.P.I. DE C.V.,energiasuprema.mx,Patricia Villaseñor,Chief Financial Officer (CFO),C_SUITE,FINANCE,pvillaseñor@energiasuprema.mx,VERIFIED,85,+527630098522,2026-09-17T06:21:41.086757+00:00
"Energy, Oil, Gas & Mining",ENERGIA SUPREMA 38 S.A.B. DE C.V.,energiasuprema.com.mx,Javier Salinas,Chief Executive Officer (CEO),C_SUITE,EXECUTIVE,jsalinas@energiasuprema.com.mx,VERIFIED,85,+526721022418,2026-09-17T06:21:41.086757+00:00
"Energy, Oil, Gas & Mining",ENERGIA SUPREMA S.A. DE C.V.,energiasuprema59.mx,David Martínez,Chief Marketing Officer (CMO),C_SUITE,SALES_MARKETING,dmartínez@energiasuprema59.mx,VERIFIED,85,+525124416296,2026-09-17T06:21:41.086757+00:00
"Energy, Oil, Gas & Mining",ENERGIA NACIONAL S.A.B. DE C.V.,energianacional.mx,Lorena Castro,Sole Administrator / Owner,FOUNDER,EXECUTIVE,lcastro@energianacional.mx,VERIFIED,85,+529676088369,2026-09-17T06:21:41.094281+00:00
"Energy, Oil, Gas & Mining",ENERGIA MODERNA S.A.S.,energiamoderna.com.mx,Carlos Sánchez,Chief Technology Officer (CTO),C_SUITE,ENGINEERING_IT,csánchez@energiamoderna.com.mx,VERIFIED,85,+524817011072,2026-09-17T06:21:41.097490+00:00
"Energy, Oil, Gas & Mining",ENERGIA MODERNA S.A.S.,energiamoderna.com.mx,Adriana Hernández,Chief Executive Officer (CEO),C_SUITE,EXECUTIVE,ahernández@energiamoderna.com.mx,VERIFIED,85,+526922103934,2026-09-17T06:21:41.097490+00:00
"Energy, Oil, Gas & Mining",ENERGIA AVANZADA S.A.B. DE C.V.,energiaavanzada43.com.mx,Carlos González,Chief Procurement Officer (CPO),C_SUITE,PROCUREMENT,cgonzález@energiaavanzada43.com.mx,VERIFIED,85,+529775079207,2026-09-17T06:21:41.097490+00:00
"Energy, Oil, Gas & Mining",ENERGIA DEL PACIFICO S. DE R.L. DE C.V.,energiadelpacifico.com.mx,Valeria Flores,Sole Administrator / Owner,FOUNDER,EXECUTIVE,vflores@energiadelpacifico.com.mx,VERIFIED,85,+528125064618,2026-09-17T06:21:41.103516+00:00
"Energy, Oil, Gas & Mining",ENERGIA DEL BAJIO S.A. DE C.V.,energiadelbajio.mx,Paulina Flores,Vice President (VP),VP,EXECUTIVE,pflores@energiadelbajio.mx,VERIFIED,85,+528152275855,2026-09-17T06:21:41.103516+00:00
"Energy, Oil, Gas & Mining",ENERGIA DEL NORTE S.A. DE C.V.,energiadelnorte.com,Sofia Valenzuela,Chief Financial Officer (CFO),C_SUITE,FINANCE,svalenzuela@energiadelnorte.com,VERIFIED,85,+528140813401,2026-09-17T06:21:41.104516+00:00
"Energy, Oil, Gas & Mining",ENERGIA DEL PACIFICO 49 S.C.,energiadelpacifico.com,Luis Vázquez,Vice President (VP),VP,EXECUTIVE,lvázquez@energiadelpacifico.com,VERIFIED,85,+528159723190,2026-09-17T06:21:41.104516+00:00
"Energy, Oil, Gas & Mining",ENERGIA DEL CENTRO S.C.,energiadelcentro.com.mx,Raúl Dominguez,Vice President (VP),VP,EXECUTIVE,rdominguez@energiadelcentro.com.mx,VERIFIED,85,+528192523177,2026-09-17T06:21:41.104516+00:00
"Energy, Oil, Gas & Mining",ENERGIA DEL NORTE 17 S. DE R.L. DE C.V.,energiadelnorte.mx,Hector Garza,Director,DIRECTOR,EXECUTIVE,hgarza@energiadelnorte.mx,VERIFIED,85,+528132220410,2026-09-17T06:21:41.104516+00:00
"Energy, Oil, Gas & Mining",ENERGIA DEL BAJIO S.A.S.,energiadelbajio56.mx,Ernesto Garza,Jefe De Recursos Humanos,MANAGER,EXECUTIVE,egarza@energiadelbajio56.mx,VERIFIED,85,+528127494654,2026-09-17T06:21:41.104516+00:00
"Energy, Oil, Gas & Mining",ENERGIA LIDER S.A.P.I. DE C.V.,energialider43.mx,Gabriel Álvarez,Vice President (VP),VP,EXECUTIVE,gálvarez@energialider43.mx,VERIFIED,85,+526247314309,2026-09-17T06:21:41.114577+00:00
"Energy, Oil, Gas & Mining",ENERGIA AVANZADA S.A. DE C.V.,energiaavanzada.mx,Ricardo Valenzuela,Founder,FOUNDER,EXECUTIVE,rvalenzuela@energiaavanzada.mx,VERIFIED,85,+527571708555,2026-09-17T06:21:41.116580+00:00
"Energy, Oil, Gas & Mining",ENERGIA AVANZADA 98 S.A.S.,energiaavanzada92.mx,Mariana Sánchez,Sole Administrator / Owner,FOUNDER,EXECUTIVE,msánchez@energiaavanzada92.mx,VERIFIED,85,+524542944454,2026-09-17T06:21:41.116580+00:00
"Energy, Oil, Gas & Mining",ENERGIA DINAMICA S.C.,energiadinamica.mx,Ernesto Álvarez,Sole Administrator / Owner,FOUNDER,EXECUTIVE,eálvarez@energiadinamica.mx,VERIFIED,85,+528476629280,2026-09-17T06:21:41.126485+00:00
"Energy, Oil, Gas & Mining",ENERGIA DINAMICA S.C.,energiadinamica.mx,Adriana Díaz,Chief Marketing Officer (CMO),C_SUITE,SALES_MARKETING,adíaz@energiadinamica.com,VERIFIED,85,+528524037028,2026-09-17T06:21:41.126485+00:00
"Energy, Oil, Gas & Mining",ENERGIA DINAMICA S.A.P.I. DE C.V.,energiadinamica91.com,Javier Reyes,Chief Executive Officer (CEO),C_SUITE,EXECUTIVE,jreyes@energiadinamica91.com,VERIFIED,85,+524865739223,2026-09-17T06:21:41.126485+00:00
"Energy, Oil, Gas & Mining",ENERGIA MEXICANA S.A.P.I. DE C.V.,energiamexicana.com,Verónica Villaseñor,Chief Technology Officer (CTO),C_SUITE,ENGINEERING_IT,vvillaseñor@energiamexicana.com,VERIFIED,85,+528880163209,2026-09-17T06:21:41.137601+00:00
"Energy, Oil, Gas & Mining",ENERGIA MEXICANA S.A.P.I. DE C.V.,energiamexicana.com,Ernesto Álvarez,Jefe De Recursos Humanos,MANAGER,EXECUTIVE,eálvarez@energiamexicana.mx,VERIFIED,85,+524998626292,2026-09-17T06:21:41.137601+00:00
"Energy, Oil, Gas & Mining",ENERGIA MEXICANA S.C.,energiamexicana.mx,Fernando Sánchez,Chief Security Officer (CSO),C_SUITE,OPERATIONS,fsánchez@energiamexicana.mx,VERIFIED,85,+525061922629,2026-09-17T06:21:41.137601+00:00
"Energy, Oil, Gas & Mining",ENERGIA GLOBAL S.A.P.I. DE C.V.,energiaglobal.com,Fernando Mendoza,Co-Founder,FOUNDER,EXECUTIVE,fmendoza@energiaglobal.com,VERIFIED,85,+529160907378,2026-09-17T06:21:41.139205+00:00
"Energy, Oil, Gas & Mining",ENERGIA AVANZADA S.A.S.,energiaavanzada.mx,Ignacio Herrera,Chief Procurement Officer (CPO),C_SUITE,PROCUREMENT,iherrera@energiaavanzada.mx,VERIFIED,85,+528156531077,2026-09-17T06:21:41.141873+00:00
"Energy, Oil, Gas & Mining",ENERGIA AVANZADA S.A. DE C.V.,energiaavanzada41.com.mx,Paulina Navarro,Chief Executive Officer (CEO),C_SUITE,EXECUTIVE,pnavarro@energiaavanzada41.com.mx,VERIFIED,85,+528191091747,2026-09-17T06:21:41.141873+00:00
"Energy, Oil, Gas & Mining",ENERGIA CONTINENTAL S. DE R.L. DE C.V.,energiacontinental.mx,Patricia Flores,Vice President (VP),VP,EXECUTIVE,pflores@energiacontinental.mx,VERIFIED,85,+524959967804,2026-09-17T06:21:41.143483+00:00
"Energy, Oil, Gas & Mining",ENERGIA INTERNACIONAL S. DE R.L. DE C.V.,energiainternacion.com,Paulina Torres,Chief Financial Officer (CFO),C_SUITE,FINANCE,ptorres@energiainternacion.com,VERIFIED,85,+523393606379,2026-09-17T06:21:41.144567+00:00
"Energy, Oil, Gas & Mining",ENERGIA INTERNACIONAL 78 S.C.,energiainternacion.com.mx,Ignacio Vega,Chief Security Officer (CSO),C_SUITE,OPERATIONS,ivega@energiainternacion.com.mx,VERIFIED,85,+523377437847,2026-09-17T06:21:41.145112+00:00
"Energy, Oil, Gas & Mining",ENERGIA EMPRESARIAL S.A.B. DE C.V.,energiaempresarial.com,Patricia Reyes,Chief Financial Officer (CFO),C_SUITE,FINANCE,preyes@energiaempresarial.com,VERIFIED,85,+525530322810,2026-09-17T06:21:41.149592+00:00
"Energy, Oil, Gas & Mining",ENERGIA EMPRESARIAL S.A.B. DE C.V.,energiaempresarial.mx,Andrea Ramírez,Chief Marketing Officer (CMO),C_SUITE,SALES_MARKETING,aramírez@energiaempresarial.mx,VERIFIED,85,+528259481491,2026-09-17T06:21:41.149592+00:00
"Energy, Oil, Gas & Mining",ENERGIA EMPRESARIAL 56 S.A.S.,energiaempresarial.com.mx,Sofia González,Director,DIRECTOR,EXECUTIVE,sgonzález@energiaempresarial.com.mx,VERIFIED,85,+525446472831,2026-09-17T06:21:41.149592+00:00
"Energy, Oil, Gas & Mining",ENERGIA SUPREMA S.A.P.I. DE C.V.,energiasuprema.com,Sofia Ruiz,Sole Administrator / Owner,FOUNDER,EXECUTIVE,sruiz@energiasuprema.com,VERIFIED,85,+523397646499,2026-09-17T06:21:41.159334+00:00
"Energy, Oil, Gas & Mining",ENERGIA SUPREMA S.A. DE C.V.,energiasuprema6.com.mx,Hector Ramírez,Chief Financial Officer (CFO),C_SUITE,FINANCE,hramírez@energiasuprema6.com.mx,VERIFIED,85,+523394184520,2026-09-17T06:21:41.159334+00:00
"Energy, Oil, Gas & Mining",ENERGIA SUPREMA S.A.B. DE C.V.,energiasuprema.mx,Ricardo Aguilar,Jefe De Recursos Humanos,MANAGER,EXECUTIVE,raguilar@energiasuprema.mx,VERIFIED,85,+523332853925,2026-09-17T06:21:41.159334+00:00
"Energy, Oil, Gas & Mining",ENERGIA MEXICANA S.A. DE C.V.,energiamexicana.mx,Lorena Morales,Chief Revenue Officer (CRO),C_SUITE,SALES_MARKETING,lmorales@energiamexicana.mx,VERIFIED,85,+528197348899,2026-09-17T06:21:41.161359+00:00
"Energy, Oil, Gas & Mining",ENERGIA MEXICANA 5 S.C.,energiamexicana.com.mx,Jorge Alarcón,Vice President (VP),VP,EXECUTIVE,jalarcón@energiamexicana.com.mx,VERIFIED,85,+528123308171,2026-09-17T06:21:41.162352+00:00
"Energy, Oil, Gas & Mining",ENERGIA MEXICANA S.C.,energiamexicana.com,Mariana Sánchez,Vice President (VP),VP,EXECUTIVE,msánchez@energiamexicana.com,VERIFIED,85,+528163194735,2026-09-17T06:21:41.162352+00:00
"Energy, Oil, Gas & Mining",ENERGIA AVANZADA S.A.B. DE C.V.,energiaavanzada71.com.mx,Daniel Campos,Sole Administrator / Owner,FOUNDER,EXECUTIVE,dcampos@energiaavanzada71.com.mx,VERIFIED,85,+529971541216,2026-09-17T06:21:41.198946+00:00
"Energy, Oil, Gas & Mining",ENERGIA ESPECIALIZADA 14 S.A.P.I. DE C.V.,energiaespecializa.com.mx,Luis Ramírez,Chief Procurement Officer (CPO),C_SUITE,PROCUREMENT,lramírez@energiaespecializa.com.mx,VERIFIED,85,+527988965269,2026-09-17T06:21:41.201472+00:00
"Energy, Oil, Gas & Mining",ENERGIA ESPECIALIZADA 14 S.A.P.I. DE C.V.,energiaespecializa.com.mx,Manuel Ruiz,Vice President (VP),VP,EXECUTIVE,mruiz@energiaespecializa.com.mx,VERIFIED,85,+528248676487,2026-09-17T06:21:41.201472+00:00
"Energy, Oil, Gas & Mining",ENERGIA ESPECIALIZADA S. DE R.L. DE C.V.,energiaespecializa.mx,Patricia Torres,Vice President (VP),VP,EXECUTIVE,ptorres@energiaespecializa.mx,VERIFIED,85,+529492260292,2026-09-17T06:21:41.201472+00:00
"Energy, Oil, Gas & Mining",ENERGIA INNOVADORA 8 S.C.,energiainnovadora2.mx,Mauricio Díaz,Chief Executive Officer (CEO),C_SUITE,EXECUTIVE,mdíaz@energiainnovadora2.mx,VERIFIED,85,+526126760843,2026-09-17T06:21:41.203471+00:00
"Energy, Oil, Gas & Mining",ENERGIA INNOVADORA S.A.S.,energiainnovadora.mx,Miguel Gómez,Chief Financial Officer (CFO),C_SUITE,FINANCE,mgómez@energiainnovadora.mx,VERIFIED,85,+527054609168,2026-09-17T06:21:41.203471+00:00
"Energy, Oil, Gas & Mining",ENERGIA DINAMICA S.A.S.,energiadinamica.com,Rodrigo González,Founder,FOUNDER,EXECUTIVE,rgonzález@energiadinamica.com,VERIFIED,85,+528177876832,2026-09-17T06:21:41.204470+00:00
"Energy, Oil, Gas & Mining",ENERGIA DINAMICA S.A.P.I. DE C.V.,energiadinamica35.com.mx,Raúl Benítez,Founder,FOUNDER,EXECUTIVE,rbenítez@energiadinamica35.com.mx,VERIFIED,85,+528181553665,2026-09-17T06:21:41.204470+00:00
"Energy, Oil, Gas & Mining",ENERGIA SUPREMA S. DE R.L. DE C.V.,energiasuprema.com.mx,Andrea Herrera,Chief Human Resources Officer (CHRO),C_SUITE,HR_PEOPLE,aherrera@energiasuprema.com.mx,VERIFIED,85,+526277985878,2026-09-17T06:21:41.204470+00:00
"Energy, Oil, Gas & Mining",ENERGIA SUPREMA S. DE R.L. DE C.V.,energiasuprema.com.mx,Miguel Vega,Chief Revenue Officer (CRO),C_SUITE,SALES_MARKETING,mvega@energiasuprema.com.mx,VERIFIED,85,+527871944567,2026-09-17T06:21:41.204470+00:00
"Energy, Oil, Gas & Mining",ENERGIA INDUSTRIAL S.A.P.I. DE C.V.,energiaindustrial7.com.mx,Carlos Villaseñor,Jefe De Recursos Humanos,MANAGER,EXECUTIVE,cvillaseñor@energiaindustrial7.com.mx,VERIFIED,85,+527996280212,2026-09-17T06:21:41.206984+00:00
"Energy, Oil, Gas & Mining",ENERGIA INDUSTRIAL S.A.P.I. DE C.V.,energiaindustrial7.com.mx,Enrique Aguilar,Chief Executive Officer (CEO),C_SUITE,EXECUTIVE,eaguilar@energiaindustrial.com,VERIFIED,85,+528387990898,2026-09-17T06:21:41.206984+00:00
"Energy, Oil, Gas & Mining",ENERGIA INDUSTRIAL S.A.P.I. DE C.V.,energiaindustrial7.com.mx,Mauricio Dominguez,Chief Technology Officer (CTO),C_SUITE,ENGINEERING_IT,mdominguez@energiaindustrial.mx,VERIFIED,85,+526979175640,2026-09-17T06:21:41.206984+00:00
"Energy, Oil, Gas & Mining",ENERGIA EMPRESARIAL S.A.B. DE C.V.,energiaempresarial.com,Lorena Aguilar,Chief Operating Officer (COO),C_SUITE,OPERATIONS,laguilar@energiaempresarial.com,VERIFIED,85,+526078699770,2026-09-17T06:21:41.222359+00:00
"Energy, Oil, Gas & Mining",ENERGIA EMPRESARIAL S.A.S.,energiaempresarial.mx,Ricardo Navarro,Founder,FOUNDER,EXECUTIVE,rnavarro@energiaempresarial.mx,VERIFIED,85,+526530123067,2026-09-17T06:21:41.223363+00:00
"Energy, Oil, Gas & Mining",ENERGIA EMPRESARIAL S.A.B. DE C.V.,energiaempresarial.mx,Jorge Treviño,Chief Marketing Officer (CMO),C_SUITE,SALES_MARKETING,jtreviño@energiaempresarial.mx,VERIFIED,85,+524674299642,2026-09-17T06:21:41.239381+00:00
"Energy, Oil, Gas & Mining",ENERGIA EMPRESARIAL S. DE R.L. DE C.V.,energiaempresarial.com,Andrea Sánchez,Chief Marketing Officer (CMO),C_SUITE,SALES_MARKETING,asánchez@energiaempresarial.com,VERIFIED,85,+529326793062,2026-09-17T06:21:41.239381+00:00
"Energy, Oil, Gas & Mining",ENERGIA GLOBAL S.A. DE C.V.,energiaglobal.mx,Alejandro Garza,Director,DIRECTOR,EXECUTIVE,agarza@energiaglobal.mx,VERIFIED,85,+529696745943,2026-09-17T06:21:41.248937+00:00
"Energy, Oil, Gas & Mining",ENERGIA CONTINENTAL 69 S.A.P.I. DE C.V.,energiacontinental.mx,Daniel García,Vice President (VP),VP,EXECUTIVE,dgarcía@energiacontinental.mx,VERIFIED,85,+529114638706,2026-09-17T06:21:41.253452+00:00
"Energy, Oil, Gas & Mining",ENERGIA CONTINENTAL S.C.,energiacontinental.com,Alfonso Castro,Chief Technology Officer (CTO),C_SUITE,ENGINEERING_IT,acastro@energiacontinental.com,VERIFIED,85,+528528612606,2026-09-17T06:21:41.253452+00:00
"Energy, Oil, Gas & Mining",ENERGIA CONTINENTAL S.C.,energiacontinental.com.mx,Sofia Valenzuela,Chief Procurement Officer (CPO),C_SUITE,PROCUREMENT,svalenzuela@energiacontinental.com.mx,VERIFIED,85,+527863160860,2026-09-17T06:21:41.262469+00:00
"Energy, Oil, Gas & Mining",ENERGIA CONTINENTAL S.C.,energiacontinental.com.mx,Luis Morales,Sole Administrator / Owner,FOUNDER,EXECUTIVE,lmorales@energiacontinental.com.mx,VERIFIED,85,+526517705358,2026-09-17T06:21:41.262469+00:00
"Energy, Oil, Gas & Mining",ENERGIA CONTINENTAL S.A.S.,energiacontinental.com,Mauricio Garza,Sole Administrator / Owner,FOUNDER,EXECUTIVE,mgarza@energiacontinental.com,VERIFIED,85,+529225699139,2026-09-17T06:21:41.262469+00:00
"Energy, Oil, Gas & Mining",ENERGIA CONTINENTAL S.A.S.,energiacontinental.com,Mariana Aguilar,Chief Security Officer (CSO),C_SUITE,OPERATIONS,maguilar@energiacontinental.com,VERIFIED,85,+527632753010,2026-09-17T06:21:41.262469+00:00
"Energy, Oil, Gas & Mining",ENERGIA INDUSTRIAL 6 S.A.S.,energiaindustrial.mx,Fernando Morales,Chief Technology Officer (CTO),C_SUITE,ENGINEERING_IT,fmorales@energiaindustrial.mx,VERIFIED,85,+528510291400,2026-09-17T06:21:41.266339+00:00
"Energy, Oil, Gas & Mining",ENERGIA INDUSTRIAL 6 S.A.S.,energiaindustrial.mx,Javier Ruiz,Sole Administrator / Owner,FOUNDER,EXECUTIVE,jruiz@energiaindustrial.mx,VERIFIED,85,+528014333760,2026-09-17T06:21:41.266339+00:00
"Energy, Oil, Gas & Mining",ENERGIA INDUSTRIAL S.A.S.,energiaindustrial.com.mx,Eduardo Gómez,Chief Financial Officer (CFO),C_SUITE,FINANCE,egómez@energiaindustrial.com.mx,VERIFIED,85,+528643921339,2026-09-17T06:21:41.266339+00:00
"Energy, Oil, Gas & Mining",ENERGIA INDUSTRIAL S.A.B. DE C.V.,energiaindustrial8.mx,Valeria Díaz,Jefe De Recursos Humanos,MANAGER,EXECUTIVE,vdíaz@energiaindustrial8.mx,VERIFIED,85,+529952137441,2026-09-17T06:21:41.266339+00:00
"Energy, Oil, Gas & Mining",ENERGIA INDUSTRIAL S.A. DE C.V.,energiaindustrial.com,Mariana Castillo,Chief Human Resources Officer (CHRO),C_SUITE,HR_PEOPLE,mcastillo@energiaindustrial.com,VERIFIED,85,+529049959929,2026-09-17T06:21:41.266339+00:00
"Energy, Oil, Gas & Mining",ENERGIA NACIONAL S.A.B. DE C.V.,energianacional.mx,Verónica Alarcón,Director,DIRECTOR,EXECUTIVE,valarcón@energianacional.mx,VERIFIED,85,+525198121096,2026-09-17T06:21:41.267336+00:00
"Energy, Oil, Gas & Mining",ENERGIA NACIONAL S.A.B. DE C.V.,energianacional.mx,Alfonso Campos,Vice President (VP),VP,EXECUTIVE,acampos@energianacional.mx,VERIFIED,85,+528276117904,2026-09-17T06:21:41.267336+00:00
"Energy, Oil, Gas & Mining",ENERGIA NACIONAL 96 S. DE R.L. DE C.V.,energianacional.com,Ignacio Sánchez,Chief Technology Officer (CTO),C_SUITE,ENGINEERING_IT,isánchez@energianacional.com,VERIFIED,85,+529263834870,2026-09-17T06:21:41.267336+00:00
"Energy, Oil, Gas & Mining",ENERGIA NACIONAL 96 S. DE R.L. DE C.V.,energianacional.com,Mariana Navarro,Chief Procurement Officer (CPO),C_SUITE,PROCUREMENT,mnavarro@energianacional.com,VERIFIED,85,+529428847684,2026-09-17T06:21:41.267336+00:00
"Energy, Oil, Gas & Mining",ENERGIA DINAMICA S.C.,energiadinamica.com,Paulina Vázquez,Vice President (VP),VP,EXECUTIVE,pvázquez@energiadinamica.com,VERIFIED,85,+524397215846,2026-09-17T06:21:41.268338+00:00
"Energy, Oil, Gas & Mining",ENERGIA DINAMICA S.A.P.I. DE C.V.,energiadinamica49.com,Rodrigo Medina,Co-Founder,FOUNDER,EXECUTIVE,rmedina@energiadinamica49.com,VERIFIED,85,+529866746986,2026-09-17T06:21:41.268338+00:00
"Energy, Oil, Gas & Mining",ENERGIA DINAMICA S.C.,energiadinamica.mx,Guillermo Hernández,Founder,FOUNDER,EXECUTIVE,ghernández@energiadinamica.mx,VERIFIED,85,+524363763333,2026-09-17T06:21:41.268338+00:00
"Energy, Oil, Gas & Mining",ENERGIA GLOBAL S.A.S.,energiaglobal.com.mx,Manuel Dominguez,Chief Human Resources Officer (CHRO),C_SUITE,HR_PEOPLE,mdominguez@energiaglobal.com.mx,VERIFIED,85,+526163887904,2026-09-17T06:21:41.269337+00:00
"Energy, Oil, Gas & Mining",ENERGIA ESPECIALIZADA S.C.,energiaespecializa.com.mx,Carlos Treviño,Director,DIRECTOR,EXECUTIVE,ctreviño@energiaespecializa.com.mx,VERIFIED,85,+525885524398,2026-09-17T06:21:41.280338+00:00
"Energy, Oil, Gas & Mining",ENERGIA ESPECIALIZADA 24 S. DE R.L. DE C.V.,energiaespecializa.com,Verónica Gómez,Chief Procurement Officer (CPO),C_SUITE,PROCUREMENT,vgómez@energiaespecializa.com,VERIFIED,85,+529882935814,2026-09-17T06:21:41.280338+00:00
"Energy, Oil, Gas & Mining",ENERGIA EMPRESARIAL S.A. DE C.V.,energiaempresarial.mx,Lorena González,Vice President (VP),VP,EXECUTIVE,lgonzález@energiaempresarial.mx,VERIFIED,85,+526245976828,2026-09-17T06:21:41.282261+00:00
"Energy, Oil, Gas & Mining",ENERGIA EMPRESARIAL S.A.P.I. DE C.V.,energiaempresarial.com.mx,Adriana Gómez,Jefe De Recursos Humanos,MANAGER,EXECUTIVE,agómez@energiaempresarial.com.mx,VERIFIED,85,+525142193804,2026-09-17T06:21:41.282261+00:00
"Energy, Oil, Gas & Mining",ENERGIA LIDER S.C.,energialider.com,Alejandro Gómez,Sole Administrator / Owner,FOUNDER,EXECUTIVE,agómez@energialider.com,VERIFIED,85,+525419486786,2026-09-17T06:21:41.283275+00:00
"Energy, Oil, Gas & Mining",ENERGIA LIDER S.C.,energialider.com,Javier Sánchez,Sole Administrator / Owner,FOUNDER,EXECUTIVE,jsánchez@energialider.com,VERIFIED,85,+525585208606,2026-09-17T06:21:41.283275+00:00
"Energy, Oil, Gas & Mining",ENERGIA PREMIER S.A.S.,energiapremier.com.mx,Alfonso Campos,Chief Marketing Officer (CMO),C_SUITE,SALES_MARKETING,acampos@energiapremier.com.mx,VERIFIED,85,+528685697561,2026-09-17T06:21:41.284269+00:00
"Energy, Oil, Gas & Mining",ENERGIA DE OCCIDENTE 41 S.A.B. DE C.V.,energiadeoccidente.mx,Ignacio Castillo,Founder,FOUNDER,EXECUTIVE,icastillo@energiadeoccidente.mx,VERIFIED,85,+525337918313,2026-09-17T06:21:41.285276+00:00
"Energy, Oil, Gas & Mining",ENERGIA DE LAS AMERICAS S.A. DE C.V.,energiadelasameric.com.mx,Alfonso García,Jefe De Recursos Humanos,MANAGER,EXECUTIVE,agarcía@energiadelasameric.com.mx,VERIFIED,85,+526332279741,2026-09-17T06:21:41.285276+00:00
"Energy, Oil, Gas & Mining",ENERGIA DE LAS AMERICAS S.A. DE C.V.,energiadelasameric.com.mx,Mauricio López,Vice President (VP),VP,EXECUTIVE,mlópez@energiadelasameric.com.mx,VERIFIED,85,+529586686138,2026-09-17T06:21:41.285276+00:00
"Energy, Oil, Gas & Mining",ENERGIA DE LAS AMERICAS S.A. DE C.V.,energiadelasameric.com.mx,Gabriel López,Vice President (VP),VP,EXECUTIVE,glópez@energiadelasameric.com.mx,VERIFIED,85,+527583929576,2026-09-17T06:21:41.285276+00:00
"Energy, Oil, Gas & Mining",ENERGIA DE LAS AMERICAS S.A.S.,energiadelasameric.mx,Lorena Treviño,Chief Marketing Officer (CMO),C_SUITE,SALES_MARKETING,ltreviño@energiadelasameric.mx,VERIFIED,85,+524498051182,2026-09-17T06:21:41.285276+00:00
"Energy, Oil, Gas & Mining",ENERGIA MODERNA S.A.S.,energiamoderna.com,Guillermo Ramírez,Sole Administrator / Owner,FOUNDER,EXECUTIVE,gramírez@energiamoderna.com,VERIFIED,85,+528944958260,2026-09-17T06:21:41.285276+00:00
"Energy, Oil, Gas & Mining",ENERGIA MODERNA S. DE R.L. DE C.V.,energiamoderna.mx,Alejandro Flores,Chief Marketing Officer (CMO),C_SUITE,SALES_MARKETING,aflores@energiamoderna.mx,VERIFIED,85,+525066573528,2026-09-17T06:21:41.285276+00:00
"Energy, Oil, Gas & Mining",ENERGIA MODERNA S.A.B. DE C.V.,energiamoderna.com.mx,Alejandro Reyes,Chief Marketing Officer (CMO),C_SUITE,SALES_MARKETING,areyes@energiamoderna.com.mx,VERIFIED,85,+529779150009,2026-09-17T06:21:41.285276+00:00
"Energy, Oil, Gas & Mining",ENERGIA SELECTA S.A. DE C.V.,energiaselecta44.com.mx,Luis Torres,Chief Executive Officer (CEO),C_SUITE,EXECUTIVE,ltorres@energiaselecta44.com.mx,VERIFIED,85,+528655331941,2026-09-17T06:21:41.289726+00:00
"Energy, Oil, Gas & Mining",ENERGIA SELECTA S.A.P.I. DE C.V.,energiaselecta.com.mx,Enrique Morales,Chief Marketing Officer (CMO),C_SUITE,SALES_MARKETING,emorales@energiaselecta.com.mx,VERIFIED,85,+527364682183,2026-09-17T06:21:41.289726+00:00
"Energy, Oil, Gas & Mining",ENERGIA SELECTA S.A. DE C.V.,energiaselecta.com,Eduardo Flores,Jefe De Recursos Humanos,MANAGER,EXECUTIVE,eflores@energiaselecta.com,VERIFIED,85,+524682679485,2026-09-17T06:21:41.289726+00:00
"Energy, Oil, Gas & Mining",ENERGIA PREMIER 98 S.A.B. DE C.V.,energiapremier.com.mx,Enrique Reyes,Chief Technology Officer (CTO),C_SUITE,ENGINEERING_IT,ereyes@energiapremier.com.mx,VERIFIED,85,+529531575112,2026-09-17T06:21:41.290739+00:00
"Energy, Oil, Gas & Mining",ENERGIA AVANZADA S.A.B. DE C.V.,energiaavanzada.com,Paulina Campos,Jefe De Recursos Humanos,MANAGER,EXECUTIVE,pcampos@energiaavanzada.com,VERIFIED,85,+524483002838,2026-09-17T06:21:41.294738+00:00
"Energy, Oil, Gas & Mining",ENERGIA AVANZADA 50 S.A. DE C.V.,energiaavanzada.com.mx,Mauricio Valenzuela,Jefe De Recursos Humanos,MANAGER,EXECUTIVE,mvalenzuela@energiaavanzada.com.mx,VERIFIED,85,+528147147299,2026-09-17T06:21:41.294738+00:00
"Energy, Oil, Gas & Mining",ENERGIA PREMIER S.A.B. DE C.V.,energiapremier.com.mx,Luis Sánchez,Chief Executive Officer (CEO),C_SUITE,EXECUTIVE,lsánchez@energiapremier.com.mx,VERIFIED,85,+526238681517,2026-09-17T06:21:41.300748+00:00
"Energy, Oil, Gas & Mining",ENERGIA PREMIER S.A.B. DE C.V.,energiapremier.com.mx,Raúl González,Vice President (VP),VP,EXECUTIVE,rgonzález@energiapremier.com,VERIFIED,85,+527074758400,2026-09-17T06:21:41.300748+00:00
"Energy, Oil, Gas & Mining",ENERGIA PREMIER S.A.P.I. DE C.V.,energiapremier57.com.mx,Ignacio Reyes,Chief Technology Officer (CTO),C_SUITE,ENGINEERING_IT,ireyes@energiapremier57.com.mx,VERIFIED,85,+527934900392,2026-09-17T06:21:41.301255+00:00
"Energy, Oil, Gas & Mining",ENERGIA NACIONAL S.C.,energianacional.mx,Sofia Álvarez,Chief Human Resources Officer (CHRO),C_SUITE,HR_PEOPLE,sálvarez@energianacional.mx,VERIFIED,85,+528061017421,2026-09-17T06:21:41.317132+00:00
"Energy, Oil, Gas & Mining",ENERGIA AVANZADA S.C.,energiaavanzada.com.mx,Lorena González,Chief Operating Officer (COO),C_SUITE,OPERATIONS,lgonzález@energiaavanzada.com.mx,VERIFIED,85,+527660983746,2026-09-17T06:21:41.320133+00:00
"Energy, Oil, Gas & Mining",ENERGIA AVANZADA 33 S.A.S.,energiaavanzada.mx,Paulina Dominguez,Founder,FOUNDER,EXECUTIVE,pdominguez@energiaavanzada.mx,VERIFIED,85,+525083732901,2026-09-17T06:21:41.320133+00:00
"Energy, Oil, Gas & Mining",ENERGIA INTERNACIONAL S.A.P.I. DE C.V.,energiainternacion.mx,Ricardo Gómez,Chief Operating Officer (COO),C_SUITE,OPERATIONS,rgómez@energiainternacion.mx,VERIFIED,85,+525851509315,2026-09-17T06:21:41.321132+00:00
"Energy, Oil, Gas & Mining",ENERGIA INTERNACIONAL S.A.P.I. DE C.V.,energiainternacion.mx,Daniel Alarcón,Chief Financial Officer (CFO),C_SUITE,FINANCE,dalarcón@energiainternacion.mx,VERIFIED,85,+524070386211,2026-09-17T06:21:41.321132+00:00
"Energy, Oil, Gas & Mining",ENERGIA INTERNACIONAL S.A.B. DE C.V.,energiainternacion.com.mx,Javier Garza,Chief Security Officer (CSO),C_SUITE,OPERATIONS,jgarza@energiainternacion.com.mx,VERIFIED,85,+525884335997,2026-09-17T06:21:41.321132+00:00
"Energy, Oil, Gas & Mining",ENERGIA GLOBAL S. DE R.L. DE C.V.,energiaglobal.com,Miguel Hernández,Chief Marketing Officer (CMO),C_SUITE,SALES_MARKETING,mhernández@energiaglobal.com,VERIFIED,85,+528424759674,2026-09-17T06:21:41.325134+00:00
"Energy, Oil, Gas & Mining",ENERGIA SELECTA S. DE R.L. DE C.V.,energiaselecta.mx,Luis Medina,Vice President (VP),VP,EXECUTIVE,lmedina@energiaselecta.mx,VERIFIED,85,+525584526392,2026-09-17T06:21:41.325134+00:00
"Energy, Oil, Gas & Mining",ENERGIA SELECTA S. DE R.L. DE C.V.,energiaselecta.mx,Gabriel Valenzuela,Chief Security Officer (CSO),C_SUITE,OPERATIONS,gvalenzuela@energiaselecta42.mx,VERIFIED,85,+525518159179,2026-09-17T06:21:41.325134+00:00
"Energy, Oil, Gas & Mining",ENERGIA SUPREMA S.C.,energiasuprema6.com,Guillermo Garza,Jefe De Recursos Humanos,MANAGER,EXECUTIVE,ggarza@energiasuprema6.com,VERIFIED,85,+524631419482,2026-09-17T06:21:41.329136+00:00
"Energy, Oil, Gas & Mining",ENERGIA INNOVADORA S.A.S.,energiainnovadora5.com.mx,Verónica García,Chief Financial Officer (CFO),C_SUITE,FINANCE,vgarcía@energiainnovadora5.com.mx,VERIFIED,85,+525579366202,2026-09-17T06:21:41.329136+00:00
"Energy, Oil, Gas & Mining",ENERGIA DE OCCIDENTE S. DE R.L. DE C.V.,energiadeoccidente.com,Manuel Ruiz,Chief Technology Officer (CTO),C_SUITE,ENGINEERING_IT,mruiz@energiadeoccidente.com,VERIFIED,85,+524084068564,2026-09-17T06:21:41.331137+00:00
"Energy, Oil, Gas & Mining",ENERGIA DE OCCIDENTE S. DE R.L. DE C.V.,energiadeoccidente.com,Mauricio Navarro,Vice President (VP),VP,EXECUTIVE,mnavarro@energiadeoccidente.com.mx,VERIFIED,85,+529778016060,2026-09-17T06:21:41.331137+00:00
"Energy, Oil, Gas & Mining",ENERGIA DE OCCIDENTE S. DE R.L. DE C.V.,energiadeoccidente.com,Fernando Herrera,Chief Human Resources Officer (CHRO),C_SUITE,HR_PEOPLE,fherrera@energiadeoccidente.com,VERIFIED,85,+528297897453,2026-09-17T06:21:41.331137+00:00
"Energy, Oil, Gas & Mining",ENERGIA DE OCCIDENTE S.A.S.,energiadeoccidente.mx,Miguel Valenzuela,Co-Founder,FOUNDER,EXECUTIVE,mvalenzuela@energiadeoccidente.mx,VERIFIED,85,+524587443573,2026-09-17T06:21:41.331137+00:00
"Energy, Oil, Gas & Mining",ENERGIA DE LAS AMERICAS S.C.,energiadelasameric.com,Eduardo Torres,Chief Security Officer (CSO),C_SUITE,OPERATIONS,etorres@energiadelasameric.com,VERIFIED,85,+527759841164,2026-09-17T06:21:41.331137+00:00
"Energy, Oil, Gas & Mining",ENERGIA ESPECIALIZADA S.A.B. DE C.V.,energiaespecializa.com.mx,Gabriel Gómez,Chief Human Resources Officer (CHRO),C_SUITE,HR_PEOPLE,ggómez@energiaespecializa.com.mx,VERIFIED,85,+529219511248,2026-09-17T06:21:41.332148+00:00
"Energy, Oil, Gas & Mining",ENERGIA ESPECIALIZADA S.A.P.I. DE C.V.,energiaespecializa.com,Eduardo López,Chief Technology Officer (CTO),C_SUITE,ENGINEERING_IT,elópez@energiaespecializa.com,VERIFIED,85,+527694671818,2026-09-17T06:21:41.332148+00:00
"Energy, Oil, Gas & Mining",ENERGIA DINAMICA S. DE R.L. DE C.V.,energiadinamica79.com.mx,Paulina Díaz,Chief Revenue Officer (CRO),C_SUITE,SALES_MARKETING,pdíaz@energiadinamica79.com.mx,VERIFIED,85,+529880772480,2026-09-17T06:21:41.332148+00:00
"Energy, Oil, Gas & Mining",ENERGIA LATINOAMERICANA 90 S.A.B. DE C.V.,energialatinoameri.mx,Claudia Ruiz,Sole Administrator / Owner,FOUNDER,EXECUTIVE,cruiz@energialatinoameri.mx,VERIFIED,85,+529162115618,2026-09-17T06:21:41.333144+00:00
"Energy, Oil, Gas & Mining",ENERGIA LATINOAMERICANA S. DE R.L. DE C.V.,energialatinoameri.com,David Gómez,Chief Human Resources Officer (CHRO),C_SUITE,HR_PEOPLE,dgómez@energialatinoameri.com,VERIFIED,85,+529140653215,2026-09-17T06:21:41.333144+00:00
"Energy, Oil, Gas & Mining",ENERGIA LATINOAMERICANA S. DE R.L. DE C.V.,energialatinoameri.com,Mauricio Navarro,Co-Founder,FOUNDER,EXECUTIVE,mnavarro@energialatinoameri.com,VERIFIED,85,+526847675761,2026-09-17T06:21:41.333144+00:00
"Energy, Oil, Gas & Mining",ENERGIA DE OCCIDENTE S.A.S.,energiadeoccidente.com.mx,Alejandro Flores,Chief Revenue Officer (CRO),C_SUITE,SALES_MARKETING,aflores@energiadeoccidente.com.mx,VERIFIED,85,+526053253974,2026-09-17T06:21:41.334143+00:00
"Energy, Oil, Gas & Mining",ENERGIA DE LAS AMERICAS 48 S.A.B. DE C.V.,energiadelasameric.mx,Roberto Mendoza,Chief Technology Officer (CTO),C_SUITE,ENGINEERING_IT,rmendoza@energiadelasameric.mx,VERIFIED,85,+526943403434,2026-09-17T06:21:41.334143+00:00
"Energy, Oil, Gas & Mining",ENERGIA SUPREMA S.C.,energiasuprema33.com.mx,Mauricio Garza,Chief Human Resources Officer (CHRO),C_SUITE,HR_PEOPLE,mgarza@energiasuprema33.com.mx,VERIFIED,85,+529975215598,2026-09-17T06:21:41.340153+00:00
"Energy, Oil, Gas & Mining",ENERGIA SUPREMA S.A.B. DE C.V.,energiasuprema.com.mx,Alejandro Hernández,Chief Human Resources Officer (CHRO),C_SUITE,HR_PEOPLE,ahernández@energiasuprema.com.mx,VERIFIED,85,+524386891732,2026-09-17T06:21:41.340153+00:00
"Energy, Oil, Gas & Mining",ENERGIA DINAMICA S.C.,energiadinamica19.com.mx,Valeria Gómez,Chief Procurement Officer (CPO),C_SUITE,PROCUREMENT,vgómez@energiadinamica19.com.mx,VERIFIED,85,+525743732382,2026-09-17T06:21:41.340153+00:00
"Energy, Oil, Gas & Mining",ENERGIA DINAMICA S.C.,energiadinamica19.com.mx,Gabriel Herrera,Chief Technology Officer (CTO),C_SUITE,ENGINEERING_IT,gherrera@energiadinamica.mx,VERIFIED,85,+529587672875,2026-09-17T06:21:41.340153+00:00
"Energy, Oil, Gas & Mining",ENERGIA INDUSTRIAL S.A. DE C.V.,energiaindustrial5.mx,Valeria Mendoza,Chief Revenue Officer (CRO),C_SUITE,SALES_MARKETING,vmendoza@energiaindustrial5.mx,VERIFIED,85,+529131850702,2026-09-17T06:21:41.342148+00:00
"Energy, Oil, Gas & Mining",ENERGIA INDUSTRIAL S.A. DE C.V.,energiaindustrial5.mx,Ernesto Benítez,Vice President (VP),VP,EXECUTIVE,ebenítez@energiaindustrial2.mx,VERIFIED,85,+525725854353,2026-09-17T06:21:41.343151+00:00
"Energy, Oil, Gas & Mining",ENERGIA MODERNA S. DE R.L. DE C.V.,energiamoderna.com.mx,Paulina Morales,Chief Operating Officer (COO),C_SUITE,OPERATIONS,pmorales@energiamoderna.com.mx,VERIFIED,85,+526736733583,2026-09-17T06:21:41.343151+00:00
"Energy, Oil, Gas & Mining",ENERGIA LIDER S.A. DE C.V.,energialider.mx,Sofia Castillo,Chief Executive Officer (CEO),C_SUITE,EXECUTIVE,scastillo@energialider.mx,VERIFIED,85,+529030826644,2026-09-17T06:21:41.345151+00:00
"Energy, Oil, Gas & Mining",ENERGIA LIDER S.A. DE C.V.,energialider.mx,Arturo Gómez,Vice President (VP),VP,EXECUTIVE,agómez@energialider96.com.mx,VERIFIED,85,+527879488773,2026-09-17T06:21:41.345151+00:00
"Energy, Oil, Gas & Mining",ENERGIA AVANZADA S.A.S.,energiaavanzada.mx,Sofia Martínez,Director,DIRECTOR,EXECUTIVE,smartínez@energiaavanzada.mx,VERIFIED,85,+527631592477,2026-09-17T06:21:41.348569+00:00
"Energy, Oil, Gas & Mining",ENERGIA PREMIER S.A.S.,energiapremier.mx,Roberto González,Founder,FOUNDER,EXECUTIVE,rgonzález@energiapremier.mx,VERIFIED,85,+528753397937,2026-09-17T06:21:41.350173+00:00
"Energy, Oil, Gas & Mining",ENERGIA DINAMICA 56 S.A.P.I. DE C.V.,energiadinamica.com.mx,Javier Hernández,Chief Technology Officer (CTO),C_SUITE,ENGINEERING_IT,jhernández@energiadinamica.com.mx,VERIFIED,85,+524888887400,2026-09-17T06:21:41.350713+00:00
"Energy, Oil, Gas & Mining",ENERGIA INNOVADORA 86 S. DE R.L. DE C.V.,energiainnovadora.com.mx,Carlos Álvarez,Vice President (VP),VP,EXECUTIVE,cálvarez@energiainnovadora.com.mx,VERIFIED,85,+527667913232,2026-09-17T06:21:41.358672+00:00
"Energy, Oil, Gas & Mining",ENERGIA INNOVADORA S. DE R.L. DE C.V.,energiainnovadora.com,Ernesto Álvarez,Chief Technology Officer (CTO),C_SUITE,ENGINEERING_IT,eálvarez@energiainnovadora.com,VERIFIED,85,+527513002534,2026-09-17T06:21:41.358672+00:00
"Energy, Oil, Gas & Mining",ENERGIA ESPECIALIZADA S. DE R.L. DE C.V.,energiaespecializa.com,Verónica Vázquez,Sole Administrator / Owner,FOUNDER,EXECUTIVE,vvázquez@energiaespecializa.com,VERIFIED,85,+526717280965,2026-09-17T06:21:41.360683+00:00
"Energy, Oil, Gas & Mining",ENERGIA ESPECIALIZADA S. DE R.L. DE C.V.,energiaespecializa.com,Alfonso Aguilar,Vice President (VP),VP,EXECUTIVE,aaguilar@energiaespecializa.com,VERIFIED,85,+528315444159,2026-09-17T06:21:41.360683+00:00
"Energy, Oil, Gas & Mining",ENERGIA ESPECIALIZADA S. DE R.L. DE C.V.,energiaespecializa.com,Arturo Treviño,Jefe De Recursos Humanos,MANAGER,EXECUTIVE,atreviño@energiaespecializa.com,VERIFIED,85,+529874350869,2026-09-17T06:21:41.360683+00:00
"Energy, Oil, Gas & Mining",ENERGIA ESPECIALIZADA S.C.,energiaespecializa.com.mx,Patricia Aguilar,Sole Administrator / Owner,FOUNDER,EXECUTIVE,paguilar@energiaespecializa.com.mx,VERIFIED,85,+525388265313,2026-09-17T06:21:41.360683+00:00
"Energy, Oil, Gas & Mining",ENERGIA SELECTA S.A. DE C.V.,energiaselecta.mx,Javier Sánchez,Vice President (VP),VP,EXECUTIVE,jsánchez@energiaselecta.mx,VERIFIED,85,+524845574797,2026-09-17T06:21:41.362687+00:00
"Energy, Oil, Gas & Mining",ENERGIA SELECTA 9 S.A. DE C.V.,energiaselecta.com.mx,Alejandro López,Vice President (VP),VP,EXECUTIVE,alópez@energiaselecta.com.mx,VERIFIED,85,+526157600623,2026-09-17T06:21:41.362687+00:00
"Energy, Oil, Gas & Mining",ENERGIA INTEGRAL 47 S.A. DE C.V.,energiaintegral.com.mx,Gabriel Valenzuela,Chief Financial Officer (CFO),C_SUITE,FINANCE,gvalenzuela@energiaintegral.com.mx,VERIFIED,85,+529861170168,2026-09-17T06:21:41.363693+00:00
"Energy, Oil, Gas & Mining",ENERGIA INTEGRAL 47 S.A. DE C.V.,energiaintegral.com.mx,Gabriel Álvarez,Chief Procurement Officer (CPO),C_SUITE,PROCUREMENT,gálvarez@energiaintegral.com.mx,VERIFIED,85,+529973301729,2026-09-17T06:21:41.363693+00:00
"Energy, Oil, Gas & Mining",ENERGIA INTEGRAL 47 S.A. DE C.V.,energiaintegral.com.mx,Hector Benítez,Sole Administrator / Owner,FOUNDER,EXECUTIVE,hbenítez@energiaintegral.com.mx,VERIFIED,85,+526490528354,2026-09-17T06:21:41.363693+00:00
"Energy, Oil, Gas & Mining",ENERGIA INTEGRAL S.C.,energiaintegral.com,Ernesto Díaz,Vice President (VP),VP,EXECUTIVE,edíaz@energiaintegral.com,VERIFIED,85,+524168988507,2026-09-17T06:21:41.363693+00:00
"Energy, Oil, Gas & Mining",ENERGIA INTEGRAL S.C.,energiaintegral.com,Guadalupe Benítez,Chief Revenue Officer (CRO),C_SUITE,SALES_MARKETING,gbenítez@energiaintegral.mx,VERIFIED,85,+529598037023,2026-09-17T06:21:41.363693+00:00
"Energy, Oil, Gas & Mining",ENERGIA CENTRAL S.A.B. DE C.V.,energiacentral.com,Guillermo Ramírez,Chief Technology Officer (CTO),C_SUITE,ENGINEERING_IT,gramírez@energiacentral.com,VERIFIED,85,+526396474312,2026-09-17T06:21:41.369684+00:00
"Energy, Oil, Gas & Mining",ENERGIA CENTRAL S.A.B. DE C.V.,energiacentral32.mx,Ricardo Ramírez,Chief Human Resources Officer (CHRO),C_SUITE,HR_PEOPLE,rramírez@energiacentral32.mx,VERIFIED,85,+525074451926,2026-09-17T06:21:41.370697+00:00
"Energy, Oil, Gas & Mining",ENERGIA MODERNA 48 S.A.S.,energiamoderna.mx,Jorge Sánchez,Founder,FOUNDER,EXECUTIVE,jsánchez@energiamoderna.mx,VERIFIED,85,+527871162877,2026-09-17T06:21:41.373850+00:00
"Energy, Oil, Gas & Mining",ENERGIA LATINOAMERICANA S.A.P.I. DE C.V.,energialatinoameri.mx,Gabriel Ruiz,Co-Founder,FOUNDER,EXECUTIVE,gruiz@energialatinoameri.mx,VERIFIED,85,+525735341374,2026-09-17T06:21:41.376847+00:00
"Energy, Oil, Gas & Mining",ENERGIA LATINOAMERICANA S.A.S.,energialatinoameri.com,Carlos Gómez,Sole Administrator / Owner,FOUNDER,EXECUTIVE,cgómez@energialatinoameri.com,VERIFIED,85,+528496806331,2026-09-17T06:21:41.376847+00:00
"Energy, Oil, Gas & Mining",ENERGIA LATINOAMERICANA S.A.B. DE C.V.,energialatinoameri.com.mx,Miguel Villaseñor,Vice President (VP),VP,EXECUTIVE,mvillaseñor@energialatinoameri.com.mx,VERIFIED,85,+525258246048,2026-09-17T06:21:41.376847+00:00
"Energy, Oil, Gas & Mining",ENERGIA ESPECIALIZADA S.A.P.I. DE C.V.,energiaespecializa.com.mx,Alfonso Aguilar,Chief Procurement Officer (CPO),C_SUITE,PROCUREMENT,aaguilar@energiaespecializa.com.mx,VERIFIED,85,+525654079090,2026-09-17T06:21:41.377850+00:00
"Energy, Oil, Gas & Mining",ENERGIA SELECTA S.C.,energiaselecta.mx,David Medina,Chief Revenue Officer (CRO),C_SUITE,SALES_MARKETING,dmedina@energiaselecta.mx,VERIFIED,85,+526220874860,2026-09-17T06:21:41.382843+00:00
"Energy, Oil, Gas & Mining",ENERGIA SELECTA S.A. DE C.V.,energiaselecta77.mx,Guillermo Medina,Chief Revenue Officer (CRO),C_SUITE,SALES_MARKETING,gmedina@energiaselecta77.mx,VERIFIED,85,+528967546267,2026-09-17T06:21:41.382843+00:00
"Energy, Oil, Gas & Mining",ENERGIA DE OCCIDENTE S.C.,energiadeoccidente.com,Claudia Torres,Chief Financial Officer (CFO),C_SUITE,FINANCE,ctorres@energiadeoccidente.com,VERIFIED,85,+524290993079,2026-09-17T06:21:41.382843+00:00
"Energy, Oil, Gas & Mining",ENERGIA DE OCCIDENTE S.C.,energiadeoccidente.com.mx,David Villaseñor,Founder,FOUNDER,EXECUTIVE,dvillaseñor@energiadeoccidente.com.mx,VERIFIED,85,+525633776061,2026-09-17T06:21:41.382843+00:00
"Energy, Oil, Gas & Mining",ENERGIA DE OCCIDENTE S.C.,energiadeoccidente.com.mx,Patricia Navarro,Chief Technology Officer (CTO),C_SUITE,ENGINEERING_IT,pnavarro@energiadeoccidente.com.mx,VERIFIED,85,+529336821597,2026-09-17T06:21:41.382843+00:00
"Energy, Oil, Gas & Mining",ENERGIA LATINOAMERICANA S.A. DE C.V.,energialatinoameri.mx,Claudia Campos,Founder,FOUNDER,EXECUTIVE,ccampos@energialatinoameri.mx,VERIFIED,85,+526327271446,2026-09-17T06:21:41.383842+00:00
"Energy, Oil, Gas & Mining",ENERGIA LATINOAMERICANA S.A. DE C.V.,energialatinoameri.mx,Jorge López,Co-Founder,FOUNDER,EXECUTIVE,jlópez@energialatinoameri.mx,VERIFIED,85,+527152154272,2026-09-17T06:21:41.383842+00:00
"Energy, Oil, Gas & Mining",ENERGIA LIDER S. DE R.L. DE C.V.,energialider.mx,Valeria Dominguez,Chief Human Resources Officer (CHRO),C_SUITE,HR_PEOPLE,vdominguez@energialider.mx,VERIFIED,85,+526789242234,2026-09-17T06:21:41.384842+00:00
"Energy, Oil, Gas & Mining",ENERGIA LIDER 78 S.A.S.,energialider34.com.mx,Rodrigo López,Chief Revenue Officer (CRO),C_SUITE,SALES_MARKETING,rlópez@energialider34.com.mx,VERIFIED,85,+527111392442,2026-09-17T06:21:41.384842+00:00
"Energy, Oil, Gas & Mining",ENERGIA LIDER S.C.,energialider81.com,Fernando Álvarez,Chief Technology Officer (CTO),C_SUITE,ENGINEERING_IT,fálvarez@energialider81.com,VERIFIED,85,+526137884316,2026-09-17T06:21:41.384842+00:00
"Energy, Oil, Gas & Mining",ENERGIA INDUSTRIAL S.A.B. DE C.V.,energiaindustrial.com.mx,Adriana Treviño,Vice President (VP),VP,EXECUTIVE,atreviño@energiaindustrial.com.mx,VERIFIED,85,+528237754093,2026-09-17T06:21:41.391865+00:00
"Energy, Oil, Gas & Mining",ENERGIA INDUSTRIAL S. DE R.L. DE C.V.,energiaindustrial.com,Lorena Álvarez,Chief Revenue Officer (CRO),C_SUITE,SALES_MARKETING,lálvarez@energiaindustrial.com,VERIFIED,85,+527814033166,2026-09-17T06:21:41.391865+00:00
"Energy, Oil, Gas & Mining",ENERGIA CENTRAL 39 S.A.B. DE C.V.,energiacentral.com.mx,Arturo Ruiz,Chief Technology Officer (CTO),C_SUITE,ENGINEERING_IT,aruiz@energiacentral.com.mx,VERIFIED,85,+529126052668,2026-09-17T06:21:41.398853+00:00
"Energy, Oil, Gas & Mining",ENERGIA CENTRAL 39 S.A.B. DE C.V.,energiacentral.com.mx,Ricardo Torres,Chief Technology Officer (CTO),C_SUITE,ENGINEERING_IT,rtorres@energiacentral.com.mx,VERIFIED,85,+529760289972,2026-09-17T06:21:41.398853+00:00
"Energy, Oil, Gas & Mining",ENERGIA CENTRAL 39 S.A.B. DE C.V.,energiacentral.com.mx,Andrea Morales,Chief Human Resources Officer (CHRO),C_SUITE,HR_PEOPLE,amorales@energiacentral.com.mx,VERIFIED,85,+524362393767,2026-09-17T06:21:41.398853+00:00
"Energy, Oil, Gas & Mining",ENERGIA EMPRESARIAL S.A.P.I. DE C.V.,energiaempresarial.com,Ignacio Martínez,Vice President (VP),VP,EXECUTIVE,imartínez@energiaempresarial.com,VERIFIED,85,+524312234308,2026-09-17T06:21:41.408906+00:00
"Energy, Oil, Gas & Mining",ENERGIA EMPRESARIAL S.A.P.I. DE C.V.,energiaempresarial.com,Patricia Benítez,Chief Executive Officer (CEO),C_SUITE,EXECUTIVE,pbenítez@energiaempresarial.com,VERIFIED,85,+526610044107,2026-09-17T06:21:41.408906+00:00
"Energy, Oil, Gas & Mining",ENERGIA EMPRESARIAL S.A. DE C.V.,energiaempresarial.com.mx,David Hernández,Founder,FOUNDER,EXECUTIVE,dhernández@energiaempresarial.com.mx,VERIFIED,85,+525589822312,2026-09-17T06:21:41.408906+00:00
"Energy, Oil, Gas & Mining",ENERGIA MODERNA S.A.S.,energiamoderna.mx,Alejandro Torres,Chief Procurement Officer (CPO),C_SUITE,PROCUREMENT,atorres@energiamoderna.mx,VERIFIED,85,+526716534035,2026-09-17T06:21:41.413910+00:00
"Energy, Oil, Gas & Mining",ENERGIA AVANZADA S. DE R.L. DE C.V.,energiaavanzada.com.mx,Arturo López,Vice President (VP),VP,EXECUTIVE,alópez@energiaavanzada.com.mx,VERIFIED,85,+526446447377,2026-09-17T06:21:41.420914+00:00
"Energy, Oil, Gas & Mining",ENERGIA AVANZADA S. DE R.L. DE C.V.,energiaavanzada.com.mx,Mariana Medina,Founder,FOUNDER,EXECUTIVE,mmedina@energiaavanzada.mx,VERIFIED,85,+524234352506,2026-09-17T06:21:41.420914+00:00
"Energy, Oil, Gas & Mining",ENERGIA INDUSTRIAL S.A.P.I. DE C.V.,energiaindustrial.com,Miguel Martínez,Chief Technology Officer (CTO),C_SUITE,ENGINEERING_IT,mmartínez@energiaindustrial.com,VERIFIED,85,+526917929783,2026-09-17T06:21:41.422904+00:00
"Energy, Oil, Gas & Mining",ENERGIA INDUSTRIAL S.A.S.,energiaindustrial1.com.mx,Gabriel Castillo,Chief Technology Officer (CTO),C_SUITE,ENGINEERING_IT,gcastillo@energiaindustrial1.com.mx,VERIFIED,85,+526443454180,2026-09-17T06:21:41.422904+00:00
"Energy, Oil, Gas & Mining",ENERGIA INDUSTRIAL 1 S.A.B. DE C.V.,energiaindustrial9.mx,Ricardo Valenzuela,Founder,FOUNDER,EXECUTIVE,rvalenzuela@energiaindustrial9.mx,VERIFIED,85,+525192561263,2026-09-17T06:21:41.422904+00:00
"Energy, Oil, Gas & Mining",ENERGIA AVANZADA S.A.P.I. DE C.V.,energiaavanzada.com,Ignacio Vega,Founder,FOUNDER,EXECUTIVE,ivega@energiaavanzada.com,VERIFIED,85,+524222194629,2026-09-17T06:21:41.424909+00:00
"Energy, Oil, Gas & Mining",ENERGIA AVANZADA S.A.P.I. DE C.V.,energiaavanzada.com,Miguel Reyes,Sole Administrator / Owner,FOUNDER,EXECUTIVE,mreyes@energiaavanzada.com,VERIFIED,85,+526348328428,2026-09-17T06:21:41.424909+00:00
"Energy, Oil, Gas & Mining",ENERGIA SUPREMA S.A. DE C.V.,energiasuprema.com,Gabriel Martínez,Director,DIRECTOR,EXECUTIVE,gmartínez@energiasuprema.com,VERIFIED,85,+526955576752,2026-09-17T06:21:41.424909+00:00
"Energy, Oil, Gas & Mining",ENERGIA SUPREMA S.A. DE C.V.,energiasuprema.com,Guadalupe López,Chief Revenue Officer (CRO),C_SUITE,SALES_MARKETING,glópez@energiasuprema68.com.mx,VERIFIED,85,+529088160750,2026-09-17T06:21:41.424909+00:00
"Energy, Oil, Gas & Mining",ENERGIA AVANZADA S.A.S.,energiaavanzada.com.mx,Ricardo Aguilar,Vice President (VP),VP,EXECUTIVE,raguilar@energiaavanzada.com.mx,VERIFIED,85,+527817495390,2026-09-17T06:21:41.427916+00:00
"Energy, Oil, Gas & Mining",ENERGIA AVANZADA S.A.P.I. DE C.V.,energiaavanzada.mx,David Castillo,Founder,FOUNDER,EXECUTIVE,dcastillo@energiaavanzada.mx,VERIFIED,85,+527713956915,2026-09-17T06:21:41.427916+00:00
"Energy, Oil, Gas & Mining",ENERGIA PREMIER S. DE R.L. DE C.V.,energiapremier.mx,Claudia Vega,Chief Marketing Officer (CMO),C_SUITE,SALES_MARKETING,cvega@energiapremier.mx,VERIFIED,85,+524883453863,2026-09-17T06:21:41.432344+00:00
"Energy, Oil, Gas & Mining",ENERGIA GLOBAL S.A.S.,energiaglobal.com,Manuel Vega,Founder,FOUNDER,EXECUTIVE,mvega@energiaglobal.com,VERIFIED,85,+528937094177,2026-09-17T06:21:41.433341+00:00
"Energy, Oil, Gas & Mining",ENERGIA GLOBAL S.A.S.,energiaglobal.com,Patricia Medina,Chief Technology Officer (CTO),C_SUITE,ENGINEERING_IT,pmedina@energiaglobal.com,VERIFIED,85,+529099043531,2026-09-17T06:21:41.433341+00:00
"Energy, Oil, Gas & Mining",ENERGIA CENTRAL S. DE R.L. DE C.V.,energiacentral.com.mx,Patricia López,Jefe De Recursos Humanos,MANAGER,EXECUTIVE,plópez@energiacentral.com.mx,VERIFIED,85,+526016811428,2026-09-17T06:21:41.439344+00:00
"Energy, Oil, Gas & Mining",ENERGIA CENTRAL S. DE R.L. DE C.V.,energiacentral.com.mx,Gabriel Villaseñor,Chief Financial Officer (CFO),C_SUITE,FINANCE,gvillaseñor@energiacentral.com.mx,VERIFIED,85,+524195985836,2026-09-17T06:21:41.439856+00:00
"Energy, Oil, Gas & Mining",ENERGIA MODERNA S.A. DE C.V.,energiamoderna.com,Alejandro García,Chief Technology Officer (CTO),C_SUITE,ENGINEERING_IT,agarcía@energiamoderna.com,VERIFIED,85,+524341194595,2026-09-17T06:21:41.441871+00:00
"Energy, Oil, Gas & Mining",ENERGIA MODERNA S.A.P.I. DE C.V.,energiamoderna.com,Eduardo Gómez,Chief Marketing Officer (CMO),C_SUITE,SALES_MARKETING,egómez@energiamoderna.com,VERIFIED,85,+526975998795,2026-09-17T06:21:41.460651+00:00
"Energy, Oil, Gas & Mining",ENERGIA MODERNA S.A.P.I. DE C.V.,energiamoderna.com,Andrea Herrera,Chief Technology Officer (CTO),C_SUITE,ENGINEERING_IT,aherrera@energiamoderna.mx,VERIFIED,85,+527667702208,2026-09-17T06:21:41.460651+00:00
"Energy, Oil, Gas & Mining",ENERGIA CENTRAL S.A.S.,energiacentral69.mx,Sofia Castillo,Chief Security Officer (CSO),C_SUITE,OPERATIONS,scastillo@energiacentral69.mx,VERIFIED,85,+529876248854,2026-09-17T06:21:41.463672+00:00
"Energy, Oil, Gas & Mining",ENERGIA NACIONAL S.A.S.,energianacional4.mx,Patricia Garza,Chief Marketing Officer (CMO),C_SUITE,SALES_MARKETING,pgarza@energianacional4.mx,VERIFIED,85,+524652127067,2026-09-17T06:21:41.468388+00:00
"Energy, Oil, Gas & Mining",ENERGIA NACIONAL S.A.P.I. DE C.V.,energianacional35.com.mx,Roberto Salinas,Chief Technology Officer (CTO),C_SUITE,ENGINEERING_IT,rsalinas@energianacional35.com.mx,VERIFIED,85,+529093138770,2026-09-17T06:21:41.468388+00:00
"Energy, Oil, Gas & Mining",ENERGIA NACIONAL S.A.P.I. DE C.V.,energianacional35.com.mx,Ernesto García,Vice President (VP),VP,EXECUTIVE,egarcía@energianacional79.com,VERIFIED,85,+528938481617,2026-09-17T06:21:41.468388+00:00
"Energy, Oil, Gas & Mining",ENERGIA NACIONAL 33 S.A.B. DE C.V.,energianacional23.com.mx,Enrique Vega,Vice President (VP),VP,EXECUTIVE,evega@energianacional23.com.mx,VERIFIED,85,+525178436464,2026-09-17T06:21:41.468388+00:00
"Energy, Oil, Gas & Mining",ENERGIA INDUSTRIAL S.A.S.,energiaindustrial4.com.mx,Gabriel Villaseñor,Chief Human Resources Officer (CHRO),C_SUITE,HR_PEOPLE,gvillaseñor@energiaindustrial4.com.mx,VERIFIED,85,+525689645101,2026-09-17T06:21:41.470413+00:00
"Energy, Oil, Gas & Mining",ENERGIA INDUSTRIAL S.A. DE C.V.,energiaindustrial8.com,Valeria Flores,Chief Executive Officer (CEO),C_SUITE,EXECUTIVE,vflores@energiaindustrial8.com,VERIFIED,85,+529548502897,2026-09-17T06:21:41.470413+00:00
"Energy, Oil, Gas & Mining",ENERGIA INDUSTRIAL 19 S.C.,energiaindustrial.com,Claudia Morales,Chief Technology Officer (CTO),C_SUITE,ENGINEERING_IT,cmorales@energiaindustrial.com,VERIFIED,85,+529171418200,2026-09-17T06:21:41.470413+00:00
"Energy, Oil, Gas & Mining",ENERGIA SELECTA S.C.,energiaselecta.com.mx,Adriana Álvarez,Chief Human Resources Officer (CHRO),C_SUITE,HR_PEOPLE,aálvarez@energiaselecta.com.mx,VERIFIED,85,+527958583122,2026-09-17T06:21:41.471414+00:00
"Energy, Oil, Gas & Mining",ENERGIA INDUSTRIAL S.A.P.I. DE C.V.,energiaindustrial.com,Miguel Ruiz,Chief Revenue Officer (CRO),C_SUITE,SALES_MARKETING,mruiz@energiaindustrial.com,VERIFIED,85,+528966467952,2026-09-17T06:21:41.471414+00:00
"Energy, Oil, Gas & Mining",ENERGIA INDUSTRIAL S.A.P.I. DE C.V.,energiaindustrial.com,Ricardo Ramírez,Chief Security Officer (CSO),C_SUITE,OPERATIONS,rramírez@energiaindustrial6.mx,VERIFIED,85,+525162836866,2026-09-17T06:21:41.471414+00:00
"Energy, Oil, Gas & Mining",ENERGIA INDUSTRIAL S.A.P.I. DE C.V.,energiaindustrial.com,Adriana Mendoza,Chief Financial Officer (CFO),C_SUITE,FINANCE,amendoza@energiaindustrial.com,VERIFIED,85,+529345379802,2026-09-17T06:21:41.472414+00:00
"Energy, Oil, Gas & Mining",ENERGIA INDUSTRIAL S.A.S.,energiaindustrial6.mx,Andrea Gómez,Sole Administrator / Owner,FOUNDER,EXECUTIVE,agómez@energiaindustrial6.mx,VERIFIED,85,+529812833779,2026-09-17T06:21:41.472414+00:00
"Energy, Oil, Gas & Mining",ENERGIA DE LAS AMERICAS S.C.,energiadelasameric.mx,Ignacio González,Vice President (VP),VP,EXECUTIVE,igonzález@energiadelasameric.mx,VERIFIED,85,+525620937266,2026-09-17T06:21:41.472414+00:00
"Energy, Oil, Gas & Mining",ENERGIA DE OCCIDENTE S.C.,energiadeoccidente.com,Gabriel Reyes,Chief Human Resources Officer (CHRO),C_SUITE,HR_PEOPLE,greyes@energiadeoccidente.com,VERIFIED,85,+525042425869,2026-09-17T06:21:41.472414+00:00
"Energy, Oil, Gas & Mining",ENERGIA DE OCCIDENTE S. DE R.L. DE C.V.,energiadeoccidente.com.mx,Manuel Benítez,Chief Technology Officer (CTO),C_SUITE,ENGINEERING_IT,mbenítez@energiadeoccidente.com.mx,VERIFIED,85,+528038881232,2026-09-17T06:21:41.472414+00:00
"Energy, Oil, Gas & Mining",ENERGIA SUPREMA 48 S.C.,energiasuprema.mx,Luis Álvarez,Chief Operating Officer (COO),C_SUITE,OPERATIONS,lálvarez@energiasuprema.mx,VERIFIED,85,+526249775387,2026-09-17T06:21:41.479947+00:00
"Energy, Oil, Gas & Mining",ENERGIA LATINOAMERICANA S.A.P.I. DE C.V.,energialatinoameri.com.mx,David González,Jefe De Recursos Humanos,MANAGER,EXECUTIVE,dgonzález@energialatinoameri.com.mx,VERIFIED,85,+526521055508,2026-09-17T06:21:41.483021+00:00
"Energy, Oil, Gas & Mining",ENERGIA SELECTA 11 S.C.,energiaselecta.com,Carlos Álvarez,Founder,FOUNDER,EXECUTIVE,cálvarez@energiaselecta.com,VERIFIED,85,+528286721600,2026-09-17T06:21:41.484035+00:00
"Energy, Oil, Gas & Mining",ENERGIA SELECTA 11 S.C.,energiaselecta.com,Fernando Campos,Vice President (VP),VP,EXECUTIVE,fcampos@energiaselecta.com,VERIFIED,85,+525083014338,2026-09-17T06:21:41.484035+00:00
"Energy, Oil, Gas & Mining",ENERGIA SELECTA S.A.B. DE C.V.,energiaselecta28.mx,Adriana Villaseñor,Chief Operating Officer (COO),C_SUITE,OPERATIONS,avillaseñor@energiaselecta28.mx,VERIFIED,85,+526646501884,2026-09-17T06:21:41.484035+00:00
"Energy, Oil, Gas & Mining",ENERGIA INDUSTRIAL 25 S.A.P.I. DE C.V.,energiaindustrial1.com,Carlos Alarcón,Chief Human Resources Officer (CHRO),C_SUITE,HR_PEOPLE,calarcón@energiaindustrial1.com,VERIFIED,85,+528144298933,2026-09-17T06:21:41.488036+00:00
"Energy, Oil, Gas & Mining",ENERGIA INNOVADORA 28 S.A. DE C.V.,energiainnovadora7.com,Paulina García,Chief Technology Officer (CTO),C_SUITE,ENGINEERING_IT,pgarcía@energiainnovadora7.com,VERIFIED,85,+529489064454,2026-09-17T06:21:41.505053+00:00
"Energy, Oil, Gas & Mining",ENERGIA EMPRESARIAL 50 S.A. DE C.V.,energiaempresarial.mx,Mariana Navarro,Founder,FOUNDER,EXECUTIVE,mnavarro@energiaempresarial.mx,VERIFIED,85,+527653395305,2026-09-17T06:21:41.505053+00:00
"Energy, Oil, Gas & Mining",ENERGIA EMPRESARIAL S.A. DE C.V.,energiaempresarial.com.mx,Ricardo Díaz,Chief Human Resources Officer (CHRO),C_SUITE,HR_PEOPLE,rdíaz@energiaempresarial.com.mx,VERIFIED,85,+524735965090,2026-09-17T06:21:41.505053+00:00
"Energy, Oil, Gas & Mining",ENERGIA SELECTA 50 S.A.P.I. DE C.V.,energiaselecta.mx,Fernando Benítez,Chief Human Resources Officer (CHRO),C_SUITE,HR_PEOPLE,fbenítez@energiaselecta.mx,VERIFIED,85,+528171704975,2026-09-17T06:21:41.516691+00:00
"Energy, Oil, Gas & Mining",ENERGIA SELECTA 50 S.A.P.I. DE C.V.,energiaselecta.mx,Lorena Dominguez,Jefe De Recursos Humanos,MANAGER,EXECUTIVE,ldominguez@energiaselecta.mx,VERIFIED,85,+528136705166,2026-09-17T06:21:41.516691+00:00
"Energy, Oil, Gas & Mining",ENERGIA CONTINENTAL S.A. DE C.V.,energiacontinental.com.mx,Alfonso Herrera,Chief Human Resources Officer (CHRO),C_SUITE,HR_PEOPLE,aherrera@energiacontinental.com.mx,VERIFIED,85,+529731004259,2026-09-17T06:21:41.517697+00:00
"Energy, Oil, Gas & Mining",ENERGIA CONTINENTAL S.A. DE C.V.,energiacontinental.com.mx,Manuel Valenzuela,Chief Operating Officer (COO),C_SUITE,OPERATIONS,mvalenzuela@energiacontinental.mx,VERIFIED,85,+527312953587,2026-09-17T06:21:41.517697+00:00
"Energy, Oil, Gas & Mining",ENERGIA NACIONAL S.C.,energianacional.com.mx,Fernando Valenzuela,Jefe De Recursos Humanos,MANAGER,EXECUTIVE,fvalenzuela@energianacional.com.mx,VERIFIED,85,+524645451852,2026-09-17T06:21:41.518687+00:00
"Energy, Oil, Gas & Mining",ENERGIA NACIONAL 30 S.A. DE C.V.,energianacional.mx,Claudia Álvarez,Sole Administrator / Owner,FOUNDER,EXECUTIVE,cálvarez@energianacional.mx,VERIFIED,85,+528386269708,2026-09-17T06:21:41.518687+00:00
"Energy, Oil, Gas & Mining",ENERGIA PREMIER S.A.P.I. DE C.V.,energiapremier41.mx,Raúl González,Jefe De Recursos Humanos,MANAGER,EXECUTIVE,rgonzález@energiapremier41.mx,VERIFIED,85,+524345266832,2026-09-17T06:21:41.529686+00:00
"Energy, Oil, Gas & Mining",ENERGIA PREMIER S.A.S.,energiapremier.com,Ernesto Salinas,Founder,FOUNDER,EXECUTIVE,esalinas@energiapremier.com,VERIFIED,85,+527491659841,2026-09-17T06:21:41.529686+00:00
"Energy, Oil, Gas & Mining",ENERGIA INTERNACIONAL S.A.P.I. DE C.V.,energiainternacion.mx,Ernesto Morales,Co-Founder,FOUNDER,EXECUTIVE,emorales@energiainternacion.mx,VERIFIED,85,+529856262720,2026-09-17T06:21:41.529686+00:00
"Energy, Oil, Gas & Mining",ENERGIA NACIONAL S.A. DE C.V.,energianacional.mx,Hector Castillo,Chief Revenue Officer (CRO),C_SUITE,SALES_MARKETING,hcastillo@energianacional.mx,VERIFIED,85,+525786829357,2026-09-17T06:21:41.531700+00:00
"Energy, Oil, Gas & Mining",ENERGIA NACIONAL S.A. DE C.V.,energianacional.mx,Carlos Treviño,Chief Revenue Officer (CRO),C_SUITE,SALES_MARKETING,ctreviño@energianacional.com,VERIFIED,85,+527563502294,2026-09-17T06:21:41.531700+00:00
"Energy, Oil, Gas & Mining",ENERGIA INTERNACIONAL S.C.,energiainternacion.com.mx,Javier Morales,Chief Security Officer (CSO),C_SUITE,OPERATIONS,jmorales@energiainternacion.com.mx,VERIFIED,85,+529168917452,2026-09-17T06:21:41.534693+00:00
"Energy, Oil, Gas & Mining",ENERGIA LIDER S.C.,energialider.mx,Miguel Castillo,Chief Executive Officer (CEO),C_SUITE,EXECUTIVE,mcastillo@energialider.mx,VERIFIED,85,+528132900295,2026-09-17T06:21:41.535690+00:00
"Energy, Oil, Gas & Mining",ENERGIA INTEGRAL 95 S.C.,energiaintegral24.com,Raúl Dominguez,Vice President (VP),VP,EXECUTIVE,rdominguez@energiaintegral24.com,VERIFIED,85,+523345881324,2026-09-17T06:21:41.536688+00:00
"Energy, Oil, Gas & Mining",ENERGIA LIDER S.A.P.I. DE C.V.,energialider.com,Manuel Medina,Chief Technology Officer (CTO),C_SUITE,ENGINEERING_IT,mmedina@energialider.com,VERIFIED,85,+526565565748,2026-09-17T06:21:41.538686+00:00
"Energy, Oil, Gas & Mining",ENERGIA INNOVADORA 33 S.A.P.I. DE C.V.,energiainnovadora.com,Adriana Medina,Co-Founder,FOUNDER,EXECUTIVE,amedina@energiainnovadora.com,VERIFIED,85,+524567651569,2026-09-17T06:21:41.538686+00:00
"Energy, Oil, Gas & Mining",ENERGIA INTEGRAL S.A.S.,energiaintegral29.com.mx,Javier Dominguez,Chief Financial Officer (CFO),C_SUITE,FINANCE,jdominguez@energiaintegral29.com.mx,VERIFIED,85,+524287718192,2026-09-17T06:21:41.540687+00:00
"Energy, Oil, Gas & Mining",ENERGIA INTEGRAL S.A.B. DE C.V.,energiaintegral.com,Ignacio Gómez,Chief Procurement Officer (CPO),C_SUITE,PROCUREMENT,igómez@energiaintegral.com,VERIFIED,85,+527328443543,2026-09-17T06:21:41.540687+00:00
"Energy, Oil, Gas & Mining",ENERGIA INTEGRAL S.A.P.I. DE C.V.,energiaintegral.mx,Carlos Dominguez,Chief Financial Officer (CFO),C_SUITE,FINANCE,cdominguez@energiaintegral.mx,VERIFIED,85,+527985980151,2026-09-17T06:21:41.540687+00:00
"Energy, Oil, Gas & Mining",ENERGIA MEXICANA 67 S.A.B. DE C.V.,energiamexicana.mx,Andrea Navarro,Founder,FOUNDER,EXECUTIVE,anavarro@energiamexicana.mx,VERIFIED,85,+525653085643,2026-09-17T06:21:41.541686+00:00
"Energy, Oil, Gas & Mining",ENERGIA MEXICANA S.A. DE C.V.,energiamexicana.mx,Andrea Valenzuela,Chief Operating Officer (COO),C_SUITE,OPERATIONS,avalenzuela@energiamexicana.mx,VERIFIED,85,+525788804081,2026-09-17T06:21:41.543687+00:00
"Energy, Oil, Gas & Mining",ENERGIA MEXICANA S.C.,energiamexicana78.com.mx,Miguel Aguilar,Chief Human Resources Officer (CHRO),C_SUITE,HR_PEOPLE,maguilar@energiamexicana78.com.mx,VERIFIED,85,+526519993719,2026-09-17T06:21:41.543687+00:00
"Energy, Oil, Gas & Mining",ENERGIA DINAMICA S.A.B. DE C.V.,energiadinamica.mx,Luis Dominguez,Chief Technology Officer (CTO),C_SUITE,ENGINEERING_IT,ldominguez@energiadinamica.mx,VERIFIED,85,+523335380205,2026-09-17T06:21:41.556736+00:00
"Energy, Oil, Gas & Mining",ENERGIA DINAMICA 51 S. DE R.L. DE C.V.,energiadinamica8.mx,Adriana Dominguez,Vice President (VP),VP,EXECUTIVE,adominguez@energiadinamica8.mx,VERIFIED,85,+523362229283,2026-09-17T06:21:41.556736+00:00
"Energy, Oil, Gas & Mining",ENERGIA INTERNACIONAL S.A. DE C.V.,energiainternacion.com.mx,Carlos Castro,Chief Procurement Officer (CPO),C_SUITE,PROCUREMENT,ccastro@energiainternacion.com.mx,VERIFIED,85,+526619417237,2026-09-17T06:21:41.558937+00:00
"Energy, Oil, Gas & Mining",ENERGIA GLOBAL S.A. DE C.V.,energiaglobal.mx,Carlos Torres,Chief Human Resources Officer (CHRO),C_SUITE,HR_PEOPLE,ctorres@energiaglobal.mx,VERIFIED,85,+528142059792,2026-09-17T06:21:41.562949+00:00
"Energy, Oil, Gas & Mining",ENERGIA GLOBAL S.A.B. DE C.V.,energiaglobal21.com,Valeria Ruiz,Sole Administrator / Owner,FOUNDER,EXECUTIVE,vruiz@energiaglobal21.com,VERIFIED,85,+528143079028,2026-09-17T06:21:41.562949+00:00
"Energy, Oil, Gas & Mining",ENERGIA MODERNA S.A. DE C.V.,energiamoderna37.com.mx,Arturo Reyes,Chief Revenue Officer (CRO),C_SUITE,SALES_MARKETING,areyes@energiamoderna37.com.mx,VERIFIED,85,+529657642764,2026-09-17T06:21:41.999381+00:00
"Energy, Oil, Gas & Mining",ENERGIA MODERNA S.A. DE C.V.,energiamoderna37.com.mx,Eduardo Morales,Founder,FOUNDER,EXECUTIVE,emorales@energiamoderna.com,VERIFIED,85,+525592509069,2026-09-17T06:21:41.999381+00:00
"Energy, Oil, Gas & Mining",ENERGIA INTEGRAL S.A.B. DE C.V.,energiaintegral.com,Ricardo Valenzuela,Jefe De Recursos Humanos,MANAGER,EXECUTIVE,rvalenzuela@energiaintegral.com,VERIFIED,85,+525353247348,2026-09-17T06:21:41.999381+00:00
"Energy, Oil, Gas & Mining",ENERGIA INTEGRAL S.A.P.I. DE C.V.,energiaintegral83.mx,Hector Medina,Chief Human Resources Officer (CHRO),C_SUITE,HR_PEOPLE,hmedina@energiaintegral83.mx,VERIFIED,85,+526733287833,2026-09-17T06:21:41.999381+00:00
"Energy, Oil, Gas & Mining",ENERGIA INTEGRAL S.A.P.I. DE C.V.,energiaintegral83.mx,Roberto Treviño,Chief Revenue Officer (CRO),C_SUITE,SALES_MARKETING,rtreviño@energiaintegral.mx,VERIFIED,85,+524485081949,2026-09-17T06:21:41.999381+00:00
"Energy, Oil, Gas & Mining",ENERGIA INTEGRAL S.C.,energiaintegral.com.mx,Adriana Gómez,Vice President (VP),VP,EXECUTIVE,agómez@energiaintegral.com.mx,VERIFIED,85,+526365231344,2026-09-17T06:21:41.999381+00:00
"Energy, Oil, Gas & Mining",ENERGIA SUPREMA S.A.P.I. DE C.V.,energiasuprema.com.mx,Ernesto Ramírez,Chief Executive Officer (CEO),C_SUITE,EXECUTIVE,eramírez@energiasuprema.com.mx,VERIFIED,85,+529412815916,2026-09-17T06:21:42.004063+00:00
"Energy, Oil, Gas & Mining",ENERGIA SUPREMA S.A.P.I. DE C.V.,energiasuprema.com.mx,Andrea Martínez,Director,DIRECTOR,EXECUTIVE,amartínez@energiasuprema.com.mx,VERIFIED,85,+528331209405,2026-09-17T06:21:42.004063+00:00
"Energy, Oil, Gas & Mining",ENERGIA INNOVADORA S.C.,energiainnovadora.mx,Mauricio Sánchez,Chief Procurement Officer (CPO),C_SUITE,PROCUREMENT,msánchez@energiainnovadora.mx,VERIFIED,85,+528253033699,2026-09-17T06:21:42.008061+00:00
"Energy, Oil, Gas & Mining",ENERGIA CONTINENTAL 11 S.A.S.,energiacontinental.com.mx,Eduardo Vega,Director,DIRECTOR,EXECUTIVE,evega@energiacontinental.com.mx,VERIFIED,85,+525051858703,2026-09-17T06:21:42.013099+00:00
"Energy, Oil, Gas & Mining",ENERGIA CONTINENTAL 11 S.A.S.,energiacontinental.com.mx,David Díaz,Chief Technology Officer (CTO),C_SUITE,ENGINEERING_IT,ddíaz@energiacontinental.com.mx,VERIFIED,85,+526980415326,2026-09-17T06:21:42.013099+00:00
"Energy, Oil, Gas & Mining",ENERGIA CONTINENTAL 68 S.A.P.I. DE C.V.,energiacontinental.mx,Fernando García,Vice President (VP),VP,EXECUTIVE,fgarcía@energiacontinental.mx,VERIFIED,85,+528877619696,2026-09-17T06:21:42.014115+00:00
"Energy, Oil, Gas & Mining",ENERGIA CONTINENTAL 68 S.A.P.I. DE C.V.,energiacontinental.mx,Sofia Medina,Sole Administrator / Owner,FOUNDER,EXECUTIVE,smedina@energiacontinental.mx,VERIFIED,85,+526911411309,2026-09-17T06:21:42.014115+00:00
"Energy, Oil, Gas & Mining",ENERGIA MEXICANA S.A.B. DE C.V.,energiamexicana.com,Gabriel Castillo,Chief Executive Officer (CEO),C_SUITE,EXECUTIVE,gcastillo@energiamexicana.com,VERIFIED,85,+529071183123,2026-09-17T06:21:42.016108+00:00
"Energy, Oil, Gas & Mining",ENERGIA MEXICANA S.A.B. DE C.V.,energiamexicana.com,Mariana Alarcón,Director,DIRECTOR,EXECUTIVE,malarcón@energiamexicana.com,VERIFIED,85,+525935124157,2026-09-17T06:21:42.016108+00:00
"Energy, Oil, Gas & Mining",ENERGIA CONTINENTAL S.A.B. DE C.V.,energiacontinental.mx,Alejandro Villaseñor,Chief Executive Officer (CEO),C_SUITE,EXECUTIVE,avillaseñor@energiacontinental.mx,VERIFIED,85,+526636310218,2026-09-17T06:21:42.016108+00:00
"Energy, Oil, Gas & Mining",ENERGIA CONTINENTAL S.A.B. DE C.V.,energiacontinental.mx,Mauricio Salinas,Chief Financial Officer (CFO),C_SUITE,FINANCE,msalinas@energiacontinental.com,VERIFIED,85,+524040756112,2026-09-17T06:21:42.016108+00:00
"Energy, Oil, Gas & Mining",ENERGIA MEXICANA S.C.,energiamexicana.com,Rodrigo Martínez,Chief Marketing Officer (CMO),C_SUITE,SALES_MARKETING,rmartínez@energiamexicana.com,VERIFIED,85,+525811837864,2026-09-17T06:21:42.025107+00:00
"Energy, Oil, Gas & Mining",ENERGIA DE LAS AMERICAS 72 S.A.P.I. DE C.V.,energiadelasameric.com.mx,Miguel Benítez,Chief Marketing Officer (CMO),C_SUITE,SALES_MARKETING,mbenítez@energiadelasameric.com.mx,VERIFIED,85,+529527333017,2026-09-17T06:21:42.028108+00:00
"Energy, Oil, Gas & Mining",ENERGIA DE OCCIDENTE S.A.S.,energiadeoccidente.com,Patricia Morales,Chief Executive Officer (CEO),C_SUITE,EXECUTIVE,pmorales@energiadeoccidente.com,VERIFIED,85,+524228706640,2026-09-17T06:21:42.028108+00:00
"Energy, Oil, Gas & Mining",ENERGIA DE LAS AMERICAS 16 S.A. DE C.V.,energiadelasameric.com,Fernando Vega,Chief Security Officer (CSO),C_SUITE,OPERATIONS,fvega@energiadelasameric.com,VERIFIED,85,+527526332808,2026-09-17T06:21:42.028108+00:00
"Energy, Oil, Gas & Mining",ENERGIA DE OCCIDENTE S.A.B. DE C.V.,energiadeoccidente.mx,Ricardo Navarro,Chief Marketing Officer (CMO),C_SUITE,SALES_MARKETING,rnavarro@energiadeoccidente.mx,VERIFIED,85,+526698646573,2026-09-17T06:21:42.028108+00:00
"Energy, Oil, Gas & Mining",ENERGIA DE OCCIDENTE S. DE R.L. DE C.V.,energiadeoccidente.com.mx,Alejandro Campos,Founder,FOUNDER,EXECUTIVE,acampos@energiadeoccidente.com.mx,VERIFIED,85,+526630202995,2026-09-17T06:21:42.028108+00:00
"Energy, Oil, Gas & Mining",ENERGIA DE LAS AMERICAS S.A. DE C.V.,energiadelasameric.mx,Guadalupe Alarcón,Chief Security Officer (CSO),C_SUITE,OPERATIONS,galarcón@energiadelasameric.mx,VERIFIED,85,+529932910253,2026-09-17T06:21:42.028108+00:00
"Energy, Oil, Gas & Mining",ENERGIA CENTRAL S.A.B. DE C.V.,energiacentral.mx,Enrique Villaseñor,Sole Administrator / Owner,FOUNDER,EXECUTIVE,evillaseñor@energiacentral.mx,VERIFIED,85,+528424350320,2026-09-17T06:21:42.029105+00:00
"Energy, Oil, Gas & Mining",ENERGIA INTEGRAL S. DE R.L. DE C.V.,energiaintegral.mx,Miguel Treviño,Director,DIRECTOR,EXECUTIVE,mtreviño@energiaintegral.mx,VERIFIED,85,+528896054022,2026-09-17T06:21:42.031105+00:00
"Energy, Oil, Gas & Mining",ENERGIA INTEGRAL S.A.P.I. DE C.V.,energiaintegral.com.mx,Daniel Alarcón,Vice President (VP),VP,EXECUTIVE,dalarcón@energiaintegral.com.mx,VERIFIED,85,+525016629207,2026-09-17T06:21:42.031105+00:00
"Energy, Oil, Gas & Mining",ENERGIA DINAMICA S.A.P.I. DE C.V.,energiadinamica.com.mx,Roberto Valenzuela,Chief Revenue Officer (CRO),C_SUITE,SALES_MARKETING,rvalenzuela@energiadinamica.com.mx,VERIFIED,85,+524942813347,2026-09-17T06:21:42.033104+00:00
"Energy, Oil, Gas & Mining",ENERGIA INDUSTRIAL S.A. DE C.V.,energiaindustrial.com,Claudia Medina,Chief Executive Officer (CEO),C_SUITE,EXECUTIVE,cmedina@energiaindustrial.com,VERIFIED,85,+527093787289,2026-09-17T06:21:42.034105+00:00
"Energy, Oil, Gas & Mining",ENERGIA INDUSTRIAL S.A. DE C.V.,energiaindustrial.com,Lorena Dominguez,Sole Administrator / Owner,FOUNDER,EXECUTIVE,ldominguez@energiaindustrial.com,VERIFIED,85,+524741476328,2026-09-17T06:21:42.034105+00:00
"Energy, Oil, Gas & Mining",ENERGIA INDUSTRIAL 53 S. DE R.L. DE C.V.,energiaindustrial.mx,Valeria Valenzuela,Chief Operating Officer (COO),C_SUITE,OPERATIONS,vvalenzuela@energiaindustrial.mx,VERIFIED,85,+524978313852,2026-09-17T06:21:42.034105+00:00
"Energy, Oil, Gas & Mining",ENERGIA SELECTA S. DE R.L. DE C.V.,energiaselecta82.com,Guillermo Villaseñor,Chief Operating Officer (COO),C_SUITE,OPERATIONS,gvillaseñor@energiaselecta82.com,VERIFIED,85,+529088766983,2026-09-17T06:21:42.038107+00:00
"Energy, Oil, Gas & Mining",ENERGIA DINAMICA S.C.,energiadinamica90.com.mx,Miguel Treviño,Vice President (VP),VP,EXECUTIVE,mtreviño@energiadinamica90.com.mx,VERIFIED,85,+529043462872,2026-09-17T06:21:42.038107+00:00
"Energy, Oil, Gas & Mining",ENERGIA INTERNACIONAL S. DE R.L. DE C.V.,energiainternacion.com,Ernesto Gómez,Vice President (VP),VP,EXECUTIVE,egómez@energiainternacion.com,VERIFIED,85,+527726075051,2026-09-17T06:21:42.041104+00:00
"Energy, Oil, Gas & Mining",ENERGIA INNOVADORA S. DE R.L. DE C.V.,energiainnovadora3.mx,Rodrigo Morales,Chief Technology Officer (CTO),C_SUITE,ENGINEERING_IT,rmorales@energiainnovadora3.mx,VERIFIED,85,+525575126674,2026-09-17T06:21:42.043105+00:00
"Energy, Oil, Gas & Mining",ENERGIA INNOVADORA S. DE R.L. DE C.V.,energiainnovadora.com.mx,Sofia Gómez,Chief Executive Officer (CEO),C_SUITE,EXECUTIVE,sgómez@energiainnovadora.com.mx,VERIFIED,85,+525532215475,2026-09-17T06:21:42.043105+00:00
"Energy, Oil, Gas & Mining",ENERGIA PREMIER S.A. DE C.V.,energiapremier51.com,Ernesto Aguilar,Vice President (VP),VP,EXECUTIVE,eaguilar@energiapremier51.com,VERIFIED,85,+527491859440,2026-09-17T06:21:42.044105+00:00
"Energy, Oil, Gas & Mining",ENERGIA LIDER S.A.B. DE C.V.,energialider.com,Enrique Morales,Director,DIRECTOR,EXECUTIVE,emorales@energialider.com,VERIFIED,85,+524430503746,2026-09-17T06:21:42.046106+00:00
"Energy, Oil, Gas & Mining",ENERGIA INNOVADORA S.C.,energiainnovadora.com.mx,Raúl Vega,Founder,FOUNDER,EXECUTIVE,rvega@energiainnovadora.com.mx,VERIFIED,85,+524821010874,2026-09-17T06:21:42.048105+00:00
"Energy, Oil, Gas & Mining",ENERGIA EMPRESARIAL S.A.B. DE C.V.,energiaempresarial.com,Gabriel Campos,Chief Executive Officer (CEO),C_SUITE,EXECUTIVE,gcampos@energiaempresarial.com,VERIFIED,85,+527768411518,2026-09-17T06:21:42.049104+00:00
"Energy, Oil, Gas & Mining",ENERGIA EMPRESARIAL S.A.B. DE C.V.,energiaempresarial.com,Miguel Álvarez,Sole Administrator / Owner,FOUNDER,EXECUTIVE,málvarez@energiaempresarial.com,VERIFIED,85,+526943501943,2026-09-17T06:21:42.049104+00:00
"Energy, Oil, Gas & Mining",ENERGIA EMPRESARIAL S.A.P.I. DE C.V.,energiaempresarial.mx,Verónica González,Chief Marketing Officer (CMO),C_SUITE,SALES_MARKETING,vgonzález@energiaempresarial.mx,VERIFIED,85,+527124146099,2026-09-17T06:21:42.049104+00:00
"Energy, Oil, Gas & Mining",ENERGIA INTEGRAL 16 S.A.P.I. DE C.V.,energiaintegral69.com,Jorge Castillo,Founder,FOUNDER,EXECUTIVE,jcastillo@energiaintegral69.com,VERIFIED,85,+528941962017,2026-09-17T06:21:42.049104+00:00
"Energy, Oil, Gas & Mining",ENERGIA DINAMICA S.C.,energiadinamica.mx,Ernesto Ruiz,Chief Executive Officer (CEO),C_SUITE,EXECUTIVE,eruiz@energiadinamica.mx,VERIFIED,85,+526385677831,2026-09-17T06:21:42.049104+00:00
"Energy, Oil, Gas & Mining",ENERGIA ESPECIALIZADA 8 S.A.P.I. DE C.V.,energiaespecializa.com,Mauricio Vázquez,Chief Operating Officer (COO),C_SUITE,OPERATIONS,mvázquez@energiaespecializa.com,VERIFIED,85,+527832200320,2026-09-17T06:21:42.049104+00:00
"Energy, Oil, Gas & Mining",ENERGIA ESPECIALIZADA S.A. DE C.V.,energiaespecializa.com.mx,Guadalupe Reyes,Chief Marketing Officer (CMO),C_SUITE,SALES_MARKETING,greyes@energiaespecializa.com.mx,VERIFIED,85,+526274525096,2026-09-17T06:21:42.049104+00:00
"Energy, Oil, Gas & Mining",ENERGIA EMPRESARIAL S.A. DE C.V.,energiaempresarial.com,Fernando Dominguez,Chief Revenue Officer (CRO),C_SUITE,SALES_MARKETING,fdominguez@energiaempresarial.com,VERIFIED,85,+526682380706,2026-09-17T06:21:42.050104+00:00
"Energy, Oil, Gas & Mining",ENERGIA EMPRESARIAL S.A.S.,energiaempresarial.com.mx,Alfonso Alarcón,Chief Marketing Officer (CMO),C_SUITE,SALES_MARKETING,aalarcón@energiaempresarial.com.mx,VERIFIED,85,+528069121402,2026-09-17T06:21:42.050104+00:00
"Energy, Oil, Gas & Mining",ENERGIA INTERNACIONAL S.A. DE C.V.,energiainternacion.com.mx,Arturo Herrera,Chief Human Resources Officer (CHRO),C_SUITE,HR_PEOPLE,aherrera@energiainternacion.com.mx,VERIFIED,85,+524540885065,2026-09-17T06:21:42.050104+00:00
"Energy, Oil, Gas & Mining",ENERGIA LATINOAMERICANA S.A.P.I. DE C.V.,energialatinoameri.com.mx,Sofia Villaseñor,Director,DIRECTOR,EXECUTIVE,svillaseñor@energialatinoameri.com.mx,VERIFIED,85,+527616714363,2026-09-17T06:21:42.051104+00:00
"Energy, Oil, Gas & Mining",ENERGIA LATINOAMERICANA S.A.P.I. DE C.V.,energialatinoameri.com.mx,Guadalupe Navarro,Chief Procurement Officer (CPO),C_SUITE,PROCUREMENT,gnavarro@energialatinoameri.com.mx,VERIFIED,85,+527144631141,2026-09-17T06:21:42.051104+00:00
"Energy, Oil, Gas & Mining",ENERGIA LATINOAMERICANA 42 S. DE R.L. DE C.V.,energialatinoameri.com,Ignacio Villaseñor,Chief Human Resources Officer (CHRO),C_SUITE,HR_PEOPLE,ivillaseñor@energialatinoameri.com,VERIFIED,85,+528324760870,2026-09-17T06:21:42.052104+00:00
"Energy, Oil, Gas & Mining",ENERGIA INNOVADORA S. DE R.L. DE C.V.,energiainnovadora.mx,Luis Treviño,Chief Human Resources Officer (CHRO),C_SUITE,HR_PEOPLE,ltreviño@energiainnovadora.mx,VERIFIED,85,+526017379553,2026-09-17T06:21:42.053104+00:00
"Energy, Oil, Gas & Mining",ENERGIA INNOVADORA S.A.S.,energiainnovadora2.com,Fernando Villaseñor,Chief Executive Officer (CEO),C_SUITE,EXECUTIVE,fvillaseñor@energiainnovadora2.com,VERIFIED,85,+524024439846,2026-09-17T06:21:42.053104+00:00
"Energy, Oil, Gas & Mining",ENERGIA INNOVADORA S.A.B. DE C.V.,energiainnovadora.com.mx,Rodrigo Medina,Chief Human Resources Officer (CHRO),C_SUITE,HR_PEOPLE,rmedina@energiainnovadora.com.mx,VERIFIED,85,+527536858076,2026-09-17T06:21:42.054105+00:00
"Energy, Oil, Gas & Mining",ENERGIA LATINOAMERICANA 20 S.A.B. DE C.V.,energialatinoameri.mx,Guadalupe Morales,Co-Founder,FOUNDER,EXECUTIVE,gmorales@energialatinoameri.mx,VERIFIED,85,+525136639240,2026-09-17T06:21:42.055104+00:00
"Energy, Oil, Gas & Mining",ENERGIA LATINOAMERICANA 20 S.A.B. DE C.V.,energialatinoameri.mx,Mariana Salinas,Founder,FOUNDER,EXECUTIVE,msalinas@energialatinoameri.mx,VERIFIED,85,+524271180449,2026-09-17T06:21:42.055104+00:00
"Energy, Oil, Gas & Mining",ENERGIA LATINOAMERICANA S.A.B. DE C.V.,energialatinoameri.com,Roberto Gómez,Chief Security Officer (CSO),C_SUITE,OPERATIONS,rgómez@energialatinoameri.com,VERIFIED,85,+524853014454,2026-09-17T06:21:42.055104+00:00
"Energy, Oil, Gas & Mining",ENERGIA LATINOAMERICANA S.A.B. DE C.V.,energialatinoameri.com,Andrea Flores,Chief Executive Officer (CEO),C_SUITE,EXECUTIVE,aflores@energialatinoameri.com,VERIFIED,85,+526679281587,2026-09-17T06:21:42.055104+00:00
"Energy, Oil, Gas & Mining",ENERGIA LATINOAMERICANA S.A.P.I. DE C.V.,energialatinoameri.com.mx,Patricia Treviño,Chief Marketing Officer (CMO),C_SUITE,SALES_MARKETING,ptreviño@energialatinoameri.com.mx,VERIFIED,85,+529723751806,2026-09-17T06:21:42.055104+00:00
"Energy, Oil, Gas & Mining",ENERGIA LATINOAMERICANA S. DE R.L. DE C.V.,energialatinoameri.mx,Roberto Ramírez,Chief Technology Officer (CTO),C_SUITE,ENGINEERING_IT,rramírez@energialatinoameri.mx,VERIFIED,85,+524560260951,2026-09-17T06:21:42.055104+00:00
"Energy, Oil, Gas & Mining",ENERGIA INNOVADORA S.A.P.I. DE C.V.,energiainnovadora2.mx,Carlos Alarcón,Co-Founder,FOUNDER,EXECUTIVE,calarcón@energiainnovadora2.mx,VERIFIED,85,+525164603969,2026-09-17T06:21:42.059107+00:00
"Energy, Oil, Gas & Mining",ENERGIA INNOVADORA S.A.P.I. DE C.V.,energiainnovadora2.mx,Eduardo Flores,Chief Revenue Officer (CRO),C_SUITE,SALES_MARKETING,eflores@energiainnovadora.com,VERIFIED,85,+526669438714,2026-09-17T06:21:42.059107+00:00
"Energy, Oil, Gas & Mining",ENERGIA CENTRAL S.A.B. DE C.V.,energiacentral.mx,Daniel Villaseñor,Vice President (VP),VP,EXECUTIVE,dvillaseñor@energiacentral.mx,VERIFIED,85,+528286350962,2026-09-17T06:21:42.059107+00:00
"Energy, Oil, Gas & Mining",ENERGIA CENTRAL S.A.P.I. DE C.V.,energiacentral.com.mx,Guadalupe Morales,Chief Executive Officer (CEO),C_SUITE,EXECUTIVE,gmorales@energiacentral.com.mx,VERIFIED,85,+527015429734,2026-09-17T06:21:42.059107+00:00
"Energy, Oil, Gas & Mining",ENERGIA CONTINENTAL S.A.B. DE C.V.,energiacontinental.com.mx,Miguel Aguilar,Vice President (VP),VP,EXECUTIVE,maguilar@energiacontinental.com.mx,VERIFIED,85,+527677515906,2026-09-17T06:21:42.060105+00:00
"Energy, Oil, Gas & Mining",ENERGIA CONTINENTAL S.A.S.,energiacontinental.mx,Javier López,Chief Procurement Officer (CPO),C_SUITE,PROCUREMENT,jlópez@energiacontinental.mx,VERIFIED,85,+524644648064,2026-09-17T06:21:42.060105+00:00
"Energy, Oil, Gas & Mining",ENERGIA LIDER S.A.S.,energialider.mx,Fernando Castillo,Co-Founder,FOUNDER,EXECUTIVE,fcastillo@energialider.mx,VERIFIED,85,+527934871521,2026-09-17T06:21:42.060105+00:00
"Energy, Oil, Gas & Mining",ENERGIA LIDER S.C.,energialider54.com,Javier Reyes,Chief Human Resources Officer (CHRO),C_SUITE,HR_PEOPLE,jreyes@energialider54.com,VERIFIED,85,+524221239866,2026-09-17T06:21:42.060105+00:00
"Energy, Oil, Gas & Mining",ENERGIA LIDER S.A.B. DE C.V.,energialider.com,Valeria Morales,Chief Revenue Officer (CRO),C_SUITE,SALES_MARKETING,vmorales@energialider.com,VERIFIED,85,+528729187953,2026-09-17T06:21:42.060105+00:00
"Energy, Oil, Gas & Mining",ENERGIA MEXICANA S.A.B. DE C.V.,energiamexicana59.com,Jorge Dominguez,Founder,FOUNDER,EXECUTIVE,jdominguez@energiamexicana59.com,VERIFIED,85,+525237684156,2026-09-17T06:21:42.061105+00:00
"Energy, Oil, Gas & Mining",ENERGIA DE LAS AMERICAS S.A. DE C.V.,energiadelasameric.com.mx,Adriana Díaz,Chief Marketing Officer (CMO),C_SUITE,SALES_MARKETING,adíaz@energiadelasameric.com.mx,VERIFIED,85,+528848679252,2026-09-17T06:21:42.061105+00:00
"Energy, Oil, Gas & Mining",ENERGIA DE LAS AMERICAS S.A. DE C.V.,energiadelasameric.com.mx,Lorena Álvarez,Chief Financial Officer (CFO),C_SUITE,FINANCE,lálvarez@energiadelasameric.com.mx,VERIFIED,85,+528865702967,2026-09-17T06:21:42.061105+00:00
"Energy, Oil, Gas & Mining",ENERGIA DE LAS AMERICAS 61 S.A.B. DE C.V.,energiadelasameric.mx,Ricardo Mendoza,Chief Financial Officer (CFO),C_SUITE,FINANCE,rmendoza@energiadelasameric.mx,VERIFIED,85,+528743929395,2026-09-17T06:21:42.061105+00:00
"Energy, Oil, Gas & Mining",ENERGIA DE OCCIDENTE S.C.,energiadeoccidente.com,Raúl Villaseñor,Chief Technology Officer (CTO),C_SUITE,ENGINEERING_IT,rvillaseñor@energiadeoccidente.com,VERIFIED,85,+529326449301,2026-09-17T06:21:42.063104+00:00
"Energy, Oil, Gas & Mining",ENERGIA DE LAS AMERICAS S.A. DE C.V.,energiadelasameric.com,Alfonso Salinas,Sole Administrator / Owner,FOUNDER,EXECUTIVE,asalinas@energiadelasameric.com,VERIFIED,85,+528619049175,2026-09-17T06:21:42.063104+00:00
"Energy, Oil, Gas & Mining",ENERGIA MEXICANA S.A.P.I. DE C.V.,energiamexicana81.mx,Paulina Ramírez,Chief Marketing Officer (CMO),C_SUITE,SALES_MARKETING,pramírez@energiamexicana81.mx,VERIFIED,85,+526292374080,2026-09-17T06:21:42.066104+00:00
"Energy, Oil, Gas & Mining",ENERGIA SELECTA S.A.S.,energiaselecta.mx,Alfonso López,Vice President (VP),VP,EXECUTIVE,alópez@energiaselecta.mx,VERIFIED,85,+524285320972,2026-09-17T06:21:42.066104+00:00
"Energy, Oil, Gas & Mining",ENERGIA SELECTA S.A.S.,energiaselecta.com,David Salinas,Chief Executive Officer (CEO),C_SUITE,EXECUTIVE,dsalinas@energiaselecta.com,VERIFIED,85,+528866393583,2026-09-17T06:21:42.066104+00:00
"Energy, Oil, Gas & Mining",ENERGIA SELECTA S.A.S.,energiaselecta.com,Claudia Salinas,Chief Marketing Officer (CMO),C_SUITE,SALES_MARKETING,csalinas@energiaselecta.com.mx,VERIFIED,85,+529851579294,2026-09-17T06:21:42.066104+00:00
"Energy, Oil, Gas & Mining",ENERGIA GLOBAL 94 S.C.,energiaglobal12.com,Daniel Martínez,Vice President (VP),VP,EXECUTIVE,dmartínez@energiaglobal12.com,VERIFIED,85,+524471772887,2026-09-17T06:21:42.068107+00:00
"Energy, Oil, Gas & Mining",ENERGIA AVANZADA S.A. DE C.V.,energiaavanzada.mx,Miguel Salinas,Chief Procurement Officer (CPO),C_SUITE,PROCUREMENT,msalinas@energiaavanzada.mx,VERIFIED,85,+523338364710,2026-09-17T06:21:42.070106+00:00
"Energy, Oil, Gas & Mining",ENERGIA SELECTA S.A. DE C.V.,energiaselecta.com,Guillermo Alarcón,Chief Human Resources Officer (CHRO),C_SUITE,HR_PEOPLE,galarcón@energiaselecta.com,VERIFIED,85,+526861160466,2026-09-17T06:21:42.071106+00:00
"Energy, Oil, Gas & Mining",ENERGIA SELECTA S.A. DE C.V.,energiaselecta.com,Lorena Valenzuela,Jefe De Recursos Humanos,MANAGER,EXECUTIVE,lvalenzuela@energiaselecta.com,VERIFIED,85,+529552602942,2026-09-17T06:21:42.071106+00:00
"Energy, Oil, Gas & Mining",ENERGIA SELECTA S.A. DE C.V.,energiaselecta.com,Andrea Sánchez,Chief Technology Officer (CTO),C_SUITE,ENGINEERING_IT,asánchez@energiaselecta.com,VERIFIED,85,+527681810240,2026-09-17T06:21:42.071106+00:00
"Energy, Oil, Gas & Mining",ENERGIA SELECTA S.A. DE C.V.,energiaselecta.com,Raúl González,Chief Procurement Officer (CPO),C_SUITE,PROCUREMENT,rgonzález@energiaselecta65.com.mx,VERIFIED,85,+529213723764,2026-09-17T06:21:42.071106+00:00
"Energy, Oil, Gas & Mining",ENERGIA MODERNA S.A. DE C.V.,energiamoderna38.com.mx,Rodrigo García,Chief Marketing Officer (CMO),C_SUITE,SALES_MARKETING,rgarcía@energiamoderna38.com.mx,VERIFIED,85,+528137587863,2026-09-17T06:21:42.072111+00:00
"Energy, Oil, Gas & Mining",ENERGIA LATINOAMERICANA S.C.,energialatinoameri.mx,Raúl Mendoza,Vice President (VP),VP,EXECUTIVE,rmendoza@energialatinoameri.mx,VERIFIED,85,+524349226740,2026-09-17T06:21:42.074106+00:00
"Energy, Oil, Gas & Mining",ENERGIA LATINOAMERICANA S.C.,energialatinoameri.mx,Ricardo Salinas,Chief Technology Officer (CTO),C_SUITE,ENGINEERING_IT,rsalinas@energialatinoameri.mx,VERIFIED,85,+524360615362,2026-09-17T06:21:42.074106+00:00
"Energy, Oil, Gas & Mining",ENERGIA SUPREMA S.A. DE C.V.,energiasuprema.com,Patricia Benítez,Chief Procurement Officer (CPO),C_SUITE,PROCUREMENT,pbenítez@energiasuprema.com,VERIFIED,85,+525442589062,2026-09-17T06:21:42.075105+00:00
"Energy, Oil, Gas & Mining",ENERGIA NACIONAL 26 S.A.S.,energianacional.com,Ernesto Vega,Chief Financial Officer (CFO),C_SUITE,FINANCE,evega@energianacional.com,VERIFIED,85,+524066711689,2026-09-17T06:21:42.075105+00:00
"Energy, Oil, Gas & Mining",ENERGIA NACIONAL 5 S.A.S.,energianacional72.mx,Jorge Torres,Chief Security Officer (CSO),C_SUITE,OPERATIONS,jtorres@energianacional72.mx,VERIFIED,85,+525554646325,2026-09-17T06:21:42.081105+00:00
"Energy, Oil, Gas & Mining",ENERGIA EMPRESARIAL S.C.,energiaempresarial.com.mx,Valeria Flores,Chief Technology Officer (CTO),C_SUITE,ENGINEERING_IT,vflores@energiaempresarial.com.mx,VERIFIED,85,+523388066039,2026-09-17T06:21:42.094107+00:00
"Energy, Oil, Gas & Mining",ENERGIA ESPECIALIZADA 78 S.A.P.I. DE C.V.,energiaespecializa.com,Mariana Navarro,Chief Procurement Officer (CPO),C_SUITE,PROCUREMENT,mnavarro@energiaespecializa.com,VERIFIED,85,+528317107384,2026-09-17T06:21:42.094107+00:00
"Energy, Oil, Gas & Mining",ENERGIA CENTRAL S.A. DE C.V.,energiacentral.com.mx,Roberto Vega,Chief Financial Officer (CFO),C_SUITE,FINANCE,rvega@energiacentral.com.mx,VERIFIED,85,+528147257596,2026-09-17T06:21:42.096109+00:00
"Energy, Oil, Gas & Mining",ENERGIA SELECTA 89 S. DE R.L. DE C.V.,energiaselecta.mx,Arturo Morales,Director,DIRECTOR,EXECUTIVE,amorales@energiaselecta.mx,VERIFIED,85,+527983810256,2026-09-17T06:21:42.097129+00:00
"Energy, Oil, Gas & Mining",ENERGIA LATINOAMERICANA S.A.P.I. DE C.V.,energialatinoameri.com.mx,Sofia Ruiz,Vice President (VP),VP,EXECUTIVE,sruiz@energialatinoameri.com.mx,VERIFIED,85,+524049151917,2026-09-17T06:21:42.099107+00:00
"Energy, Oil, Gas & Mining",ENERGIA NACIONAL S.A.B. DE C.V.,energianacional85.mx,David Martínez,Vice President (VP),VP,EXECUTIVE,dmartínez@energianacional85.mx,VERIFIED,85,+525998077478,2026-09-17T06:21:42.099107+00:00
"Energy, Oil, Gas & Mining",ENERGIA NACIONAL 63 S. DE R.L. DE C.V.,energianacional.com,Enrique Mendoza,Chief Procurement Officer (CPO),C_SUITE,PROCUREMENT,emendoza@energianacional.com,VERIFIED,85,+526040651748,2026-09-17T06:21:42.099107+00:00
"Energy, Oil, Gas & Mining",ENERGIA NACIONAL S.A. DE C.V.,energianacional.com.mx,David Castro,Director,DIRECTOR,EXECUTIVE,dcastro@energianacional.com.mx,VERIFIED,85,+526265438936,2026-09-17T06:21:42.100107+00:00
"Energy, Oil, Gas & Mining",ENERGIA INNOVADORA S.A.S.,energiainnovadora.com,Roberto Campos,Chief Technology Officer (CTO),C_SUITE,ENGINEERING_IT,rcampos@energiainnovadora.com,VERIFIED,85,+528182484730,2026-09-17T06:21:42.103113+00:00
"Energy, Oil, Gas & Mining",ENERGIA INNOVADORA S.A.S.,energiainnovadora.com.mx,Luis Morales,Chief Technology Officer (CTO),C_SUITE,ENGINEERING_IT,lmorales@energiainnovadora.com.mx,VERIFIED,85,+528156039706,2026-09-17T06:21:42.103113+00:00
"Energy, Oil, Gas & Mining",ENERGIA PREMIER S.A. DE C.V.,energiapremier.com.mx,Fernando Torres,Chief Marketing Officer (CMO),C_SUITE,SALES_MARKETING,ftorres@energiapremier.com.mx,VERIFIED,85,+529862201480,2026-09-17T06:21:42.106108+00:00
"Energy, Oil, Gas & Mining",ENERGIA LIDER S. DE R.L. DE C.V.,energialider.mx,Alejandro Castro,Chief Human Resources Officer (CHRO),C_SUITE,HR_PEOPLE,acastro@energialider.mx,VERIFIED,85,+529088290427,2026-09-17T06:21:42.107109+00:00
"Energy, Oil, Gas & Mining",ENERGIA LIDER S. DE R.L. DE C.V.,energialider.mx,Hector Ruiz,Chief Human Resources Officer (CHRO),C_SUITE,HR_PEOPLE,hruiz@energialider.com.mx,VERIFIED,85,+529149571856,2026-09-17T06:21:42.107109+00:00
"Energy, Oil, Gas & Mining",ENERGIA LIDER S. DE R.L. DE C.V.,energialider25.mx,Ignacio Gómez,Chief Human Resources Officer (CHRO),C_SUITE,HR_PEOPLE,igómez@energialider25.mx,VERIFIED,85,+526728017144,2026-09-17T06:21:42.107109+00:00
"Energy, Oil, Gas & Mining",ENERGIA INTERNACIONAL S.A.S.,energiainternacion.com.mx,Rodrigo Villaseñor,Chief Marketing Officer (CMO),C_SUITE,SALES_MARKETING,rvillaseñor@energiainternacion.com.mx,VERIFIED,85,+527693497055,2026-09-17T06:21:42.107109+00:00
"Energy, Oil, Gas & Mining",ENERGIA INTERNACIONAL S.A.S.,energiainternacion.com,Raúl Vega,Chief Operating Officer (COO),C_SUITE,OPERATIONS,rvega@energiainternacion.com,VERIFIED,85,+524828975091,2026-09-17T06:21:42.107109+00:00
"Energy, Oil, Gas & Mining",ENERGIA DE LAS AMERICAS S.A.P.I. DE C.V.,energiadelasameric.com,Alfonso Medina,Chief Executive Officer (CEO),C_SUITE,EXECUTIVE,amedina@energiadelasameric.com,VERIFIED,85,+525423334351,2026-09-17T06:21:42.108612+00:00
"Energy, Oil, Gas & Mining",ENERGIA DE LAS AMERICAS S.C.,energiadelasameric.com.mx,Paulina Ruiz,Sole Administrator / Owner,FOUNDER,EXECUTIVE,pruiz@energiadelasameric.com.mx,VERIFIED,85,+525155947347,2026-09-17T06:21:42.108612+00:00
"Energy, Oil, Gas & Mining",ENERGIA MODERNA S.A. DE C.V.,energiamoderna.com,Fernando Vega,Chief Technology Officer (CTO),C_SUITE,ENGINEERING_IT,fvega@energiamoderna.com,VERIFIED,85,+528459286388,2026-09-17T06:21:42.108612+00:00
"Energy, Oil, Gas & Mining",ENERGIA SUPREMA S.C.,energiasuprema.mx,Manuel Reyes,Vice President (VP),VP,EXECUTIVE,mreyes@energiasuprema.mx,VERIFIED,85,+524761329858,2026-09-17T06:21:42.110619+00:00
"Energy, Oil, Gas & Mining",ENERGIA AVANZADA S.A.S.,energiaavanzada9.mx,Claudia Alarcón,Co-Founder,FOUNDER,EXECUTIVE,calarcón@energiaavanzada9.mx,VERIFIED,85,+525327440306,2026-09-17T06:21:42.110619+00:00
"Energy, Oil, Gas & Mining",ENERGIA AVANZADA S.A.P.I. DE C.V.,energiaavanzada.com.mx,Claudia González,Chief Operating Officer (COO),C_SUITE,OPERATIONS,cgonzález@energiaavanzada.com.mx,VERIFIED,85,+527358404295,2026-09-17T06:21:42.110619+00:00
"Energy, Oil, Gas & Mining",ENERGIA AVANZADA S.A.P.I. DE C.V.,energiaavanzada.com.mx,Ignacio Alarcón,Chief Revenue Officer (CRO),C_SUITE,SALES_MARKETING,ialarcón@energiaavanzada.com.mx,VERIFIED,85,+529235462123,2026-09-17T06:21:42.111618+00:00
"Energy, Oil, Gas & Mining",ENERGIA CONTINENTAL S.A.B. DE C.V.,energiacontinental.com.mx,Javier Ruiz,Vice President (VP),VP,EXECUTIVE,jruiz@energiacontinental.com.mx,VERIFIED,85,+527380870495,2026-09-17T06:21:42.111618+00:00
"Energy, Oil, Gas & Mining",ENERGIA PREMIER S.A.B. DE C.V.,energiapremier.com.mx,David López,Sole Administrator / Owner,FOUNDER,EXECUTIVE,dlópez@energiapremier.com.mx,VERIFIED,85,+525555985905,2026-09-17T06:21:42.111618+00:00
"Energy, Oil, Gas & Mining",ENERGIA PREMIER S.A.B. DE C.V.,energiapremier.com.mx,Rodrigo Ramírez,Chief Human Resources Officer (CHRO),C_SUITE,HR_PEOPLE,rramírez@energiapremier.com.mx,VERIFIED,85,+525592356012,2026-09-17T06:21:42.111618+00:00
"Energy, Oil, Gas & Mining",ENERGIA SELECTA S.A.P.I. DE C.V.,energiaselecta30.com.mx,Raúl Ramírez,Chief Operating Officer (COO),C_SUITE,OPERATIONS,rramírez@energiaselecta30.com.mx,VERIFIED,85,+527522246618,2026-09-17T06:21:42.113125+00:00
"Energy, Oil, Gas & Mining",ENERGIA SELECTA S.C.,energiaselecta59.mx,Jorge Dominguez,Chief Technology Officer (CTO),C_SUITE,ENGINEERING_IT,jdominguez@energiaselecta59.mx,VERIFIED,85,+528071737050,2026-09-17T06:21:42.113125+00:00
"Energy, Oil, Gas & Mining",ENERGIA LATINOAMERICANA S.A.S.,energialatinoameri.com.mx,Javier Benítez,Chief Human Resources Officer (CHRO),C_SUITE,HR_PEOPLE,jbenítez@energialatinoameri.com.mx,VERIFIED,85,+525588769615,2026-09-17T06:21:42.113125+00:00
"Energy, Oil, Gas & Mining",ENERGIA LATINOAMERICANA S.C.,energialatinoameri.mx,Gabriel Benítez,Chief Technology Officer (CTO),C_SUITE,ENGINEERING_IT,gbenítez@energialatinoameri.mx,VERIFIED,85,+525598365789,2026-09-17T06:21:42.113125+00:00
"Energy, Oil, Gas & Mining",ENERGIA AVANZADA 87 S.A. DE C.V.,energiaavanzada.mx,Javier Morales,Vice President (VP),VP,EXECUTIVE,jmorales@energiaavanzada.mx,VERIFIED,85,+524786841014,2026-09-17T06:21:42.115130+00:00
"Energy, Oil, Gas & Mining",ENERGIA AVANZADA S.A.B. DE C.V.,energiaavanzada.com,Roberto Ramírez,Director,DIRECTOR,EXECUTIVE,rramírez@energiaavanzada.com,VERIFIED,85,+528460873666,2026-09-17T06:21:42.115130+00:00
"Energy, Oil, Gas & Mining",ENERGIA LIDER S. DE R.L. DE C.V.,energialider.mx,Paulina Medina,Sole Administrator / Owner,FOUNDER,EXECUTIVE,pmedina@energialider.mx,VERIFIED,85,+529622947980,2026-09-17T06:21:42.115130+00:00
"Energy, Oil, Gas & Mining",ENERGIA LIDER S. DE R.L. DE C.V.,energialider.mx,Alejandro Castro,Chief Revenue Officer (CRO),C_SUITE,SALES_MARKETING,acastro@energialider36.com,VERIFIED,85,+529741771796,2026-09-17T06:21:42.115130+00:00
"Energy, Oil, Gas & Mining",ENERGIA GLOBAL S. DE R.L. DE C.V.,energiaglobal.com.mx,Raúl Dominguez,Chief Security Officer (CSO),C_SUITE,OPERATIONS,rdominguez@energiaglobal.com.mx,VERIFIED,85,+525814300490,2026-09-17T06:21:42.116129+00:00
"Energy, Oil, Gas & Mining",ENERGIA GLOBAL S.C.,energiaglobal67.com,Ricardo Salinas,Chief Financial Officer (CFO),C_SUITE,FINANCE,rsalinas@energiaglobal67.com,VERIFIED,85,+528537275861,2026-09-17T06:21:42.116129+00:00
"Energy, Oil, Gas & Mining",ENERGIA LIDER S.A.B. DE C.V.,energialider.com,Verónica Ruiz,Chief Technology Officer (CTO),C_SUITE,ENGINEERING_IT,vruiz@energialider.com,VERIFIED,85,+525758652301,2026-09-17T06:21:42.117131+00:00
"Energy, Oil, Gas & Mining",ENERGIA LIDER S.A.S.,energialider24.mx,Fernando Álvarez,Sole Administrator / Owner,FOUNDER,EXECUTIVE,fálvarez@energialider24.mx,VERIFIED,85,+525163817276,2026-09-17T06:21:42.117131+00:00
"Energy, Oil, Gas & Mining",ENERGIA LIDER S.C.,energialider27.com,Carlos Vega,Chief Operating Officer (COO),C_SUITE,OPERATIONS,cvega@energialider27.com,VERIFIED,85,+525866618773,2026-09-17T06:21:42.122131+00:00
"Energy, Oil, Gas & Mining",ENERGIA LIDER S.A. DE C.V.,energialider.com.mx,Guadalupe González,Director,DIRECTOR,EXECUTIVE,ggonzález@energialider.com.mx,VERIFIED,85,+526049627733,2026-09-17T06:21:42.122131+00:00
"Energy, Oil, Gas & Mining",ENERGIA LIDER S.C.,energialider.com,Hector Treviño,Chief Security Officer (CSO),C_SUITE,OPERATIONS,htreviño@energialider.com,VERIFIED,85,+526991273762,2026-09-17T06:21:42.122131+00:00
"Energy, Oil, Gas & Mining",ENERGIA EMPRESARIAL S.A.B. DE C.V.,energiaempresarial.com,Guillermo Treviño,Chief Procurement Officer (CPO),C_SUITE,PROCUREMENT,gtreviño@energiaempresarial.com,VERIFIED,85,+524843883765,2026-09-17T06:21:42.123130+00:00
"Energy, Oil, Gas & Mining",ENERGIA EMPRESARIAL S.A.B. DE C.V.,energiaempresarial.com,Sofia Sánchez,Chief Procurement Officer (CPO),C_SUITE,PROCUREMENT,ssánchez@energiaempresarial.com,VERIFIED,85,+527189720236,2026-09-17T06:21:42.123130+00:00
"Energy, Oil, Gas & Mining",ENERGIA PREMIER S. DE R.L. DE C.V.,energiapremier.com.mx,Eduardo Alarcón,Chief Operating Officer (COO),C_SUITE,OPERATIONS,ealarcón@energiapremier.com.mx,VERIFIED,85,+528139267664,2026-09-17T06:21:42.123130+00:00
"Energy, Oil, Gas & Mining",ENERGIA MODERNA S.A.B. DE C.V.,energiamoderna.com.mx,Guillermo Reyes,Chief Revenue Officer (CRO),C_SUITE,SALES_MARKETING,greyes@energiamoderna.com.mx,VERIFIED,85,+524227287340,2026-09-17T06:21:42.124133+00:00
"Energy, Oil, Gas & Mining",ENERGIA LIDER S. DE R.L. DE C.V.,energialider53.com,Alfonso Garza,Sole Administrator / Owner,FOUNDER,EXECUTIVE,agarza@energialider53.com,VERIFIED,85,+524862351185,2026-09-17T06:21:42.128129+00:00
"Energy, Oil, Gas & Mining",ENERGIA INDUSTRIAL 11 S. DE R.L. DE C.V.,energiaindustrial2.com,Ricardo Álvarez,Chief Financial Officer (CFO),C_SUITE,FINANCE,rálvarez@energiaindustrial2.com,VERIFIED,85,+525571717181,2026-09-17T06:21:42.128129+00:00
"Energy, Oil, Gas & Mining",ENERGIA INDUSTRIAL S.A.P.I. DE C.V.,energiaindustrial5.com,Valeria Vázquez,Chief Operating Officer (COO),C_SUITE,OPERATIONS,vvázquez@energiaindustrial5.com,VERIFIED,85,+525598875393,2026-09-17T06:21:42.128129+00:00
"Energy, Oil, Gas & Mining",ENERGIA NACIONAL S.A.P.I. DE C.V.,energianacional.mx,Carlos Mendoza,Founder,FOUNDER,EXECUTIVE,cmendoza@energianacional.mx,VERIFIED,85,+528160495136,2026-09-17T06:21:42.129131+00:00
"Energy, Oil, Gas & Mining",ENERGIA PREMIER 4 S.A.S.,energiapremier.com,Javier Torres,Chief Operating Officer (COO),C_SUITE,OPERATIONS,jtorres@energiapremier.com,VERIFIED,85,+527210531653,2026-09-17T06:21:42.130129+00:00
"Energy, Oil, Gas & Mining",ENERGIA AVANZADA 68 S.A.P.I. DE C.V.,energiaavanzada.com,Manuel Treviño,Co-Founder,FOUNDER,EXECUTIVE,mtreviño@energiaavanzada.com,VERIFIED,85,+525464436838,2026-09-17T06:21:42.131130+00:00
"Energy, Oil, Gas & Mining",ENERGIA LIDER S.A.P.I. DE C.V.,energialider.mx,David Vega,Chief Executive Officer (CEO),C_SUITE,EXECUTIVE,dvega@energialider.mx,VERIFIED,85,+527341000495,2026-09-17T06:21:42.131130+00:00
"Energy, Oil, Gas & Mining",ENERGIA CENTRAL S.A.B. DE C.V.,energiacentral.mx,Guillermo Álvarez,Founder,FOUNDER,EXECUTIVE,gálvarez@energiacentral.mx,VERIFIED,85,+523340085507,2026-09-17T06:21:42.132130+00:00
"Energy, Oil, Gas & Mining",ENERGIA CENTRAL S.A. DE C.V.,energiacentral.com.mx,Patricia González,Chief Marketing Officer (CMO),C_SUITE,SALES_MARKETING,pgonzález@energiacentral.com.mx,VERIFIED,85,+523340171765,2026-09-17T06:21:42.132130+00:00
"Energy, Oil, Gas & Mining",ENERGIA PREMIER S.C.,energiapremier.com.mx,Alejandro Álvarez,Chief Human Resources Officer (CHRO),C_SUITE,HR_PEOPLE,aálvarez@energiapremier.com.mx,VERIFIED,85,+529994220092,2026-09-17T06:21:42.133130+00:00
"Energy, Oil, Gas & Mining",ENERGIA PREMIER S. DE R.L. DE C.V.,energiapremier93.com.mx,Rodrigo Castro,Chief Human Resources Officer (CHRO),C_SUITE,HR_PEOPLE,rcastro@energiapremier93.com.mx,VERIFIED,85,+528231352136,2026-09-17T06:21:42.133130+00:00
"Energy, Oil, Gas & Mining",ENERGIA PREMIER S.A.P.I. DE C.V.,energiapremier1.com,David Reyes,Director,DIRECTOR,EXECUTIVE,dreyes@energiapremier1.com,VERIFIED,85,+526172339145,2026-09-17T06:21:42.133130+00:00
"Energy, Oil, Gas & Mining",ENERGIA INNOVADORA S.A. DE C.V.,energiainnovadora.com.mx,Guadalupe Álvarez,Chief Security Officer (CSO),C_SUITE,OPERATIONS,gálvarez@energiainnovadora.com.mx,VERIFIED,85,+528247715099,2026-09-17T06:21:42.136134+00:00
"Energy, Oil, Gas & Mining",ENERGIA MODERNA 16 S.A. DE C.V.,energiamoderna.mx,Ernesto Benítez,Chief Technology Officer (CTO),C_SUITE,ENGINEERING_IT,ebenítez@energiamoderna.mx,VERIFIED,85,+529659348052,2026-09-17T06:21:42.139131+00:00
"Energy, Oil, Gas & Mining",ENERGIA NACIONAL S.A.P.I. DE C.V.,energianacional.com,Guillermo Treviño,Chief Procurement Officer (CPO),C_SUITE,PROCUREMENT,gtreviño@energianacional.com,VERIFIED,85,+526795838658,2026-09-17T06:21:42.142131+00:00
"Energy, Oil, Gas & Mining",ENERGIA NACIONAL S.A.S.,energianacional73.com.mx,Verónica Alarcón,Vice President (VP),VP,EXECUTIVE,valarcón@energianacional73.com.mx,VERIFIED,85,+528929785090,2026-09-17T06:21:42.143131+00:00
"Energy, Oil, Gas & Mining",ENERGIA DE LAS AMERICAS 24 S.A.B. DE C.V.,energiadelasameric.com,Guadalupe Ruiz,Chief Marketing Officer (CMO),C_SUITE,SALES_MARKETING,gruiz@energiadelasameric.com,VERIFIED,85,+525561185905,2026-09-17T06:21:42.147145+00:00
"Energy, Oil, Gas & Mining",ENERGIA INDUSTRIAL S.A.P.I. DE C.V.,energiaindustrial.com,Fernando Reyes,Jefe De Recursos Humanos,MANAGER,EXECUTIVE,freyes@energiaindustrial.com,VERIFIED,85,+528957084596,2026-09-17T06:21:42.147145+00:00
"Energy, Oil, Gas & Mining",ENERGIA INDUSTRIAL 1 S.C.,energiaindustrial3.com.mx,Eduardo Castillo,Chief Revenue Officer (CRO),C_SUITE,SALES_MARKETING,ecastillo@energiaindustrial3.com.mx,VERIFIED,85,+524338975009,2026-09-17T06:21:42.147145+00:00
"Energy, Oil, Gas & Mining",ENERGIA INDUSTRIAL S.A.S.,energiaindustrial.com.mx,Claudia Castillo,Chief Marketing Officer (CMO),C_SUITE,SALES_MARKETING,ccastillo@energiaindustrial.com.mx,VERIFIED,85,+529766794717,2026-09-17T06:21:42.148131+00:00
"Energy, Oil, Gas & Mining",ENERGIA INDUSTRIAL S.A.S.,energiaindustrial.com.mx,Fernando Navarro,Director,DIRECTOR,EXECUTIVE,fnavarro@energiaindustrial2.com,VERIFIED,85,+528651061248,2026-09-17T06:21:42.148131+00:00
"Energy, Oil, Gas & Mining",ENERGIA INDUSTRIAL S.A. DE C.V.,energiaindustrial.com,Eduardo Morales,Vice President (VP),VP,EXECUTIVE,emorales@energiaindustrial.com,VERIFIED,85,+526314346892,2026-09-17T06:21:42.148131+00:00
"Energy, Oil, Gas & Mining",ENERGIA INDUSTRIAL 91 S. DE R.L. DE C.V.,energiaindustrial4.com.mx,Valeria Benítez,Vice President (VP),VP,EXECUTIVE,vbenítez@energiaindustrial4.com.mx,VERIFIED,85,+527282499399,2026-09-17T06:21:42.148131+00:00
"Energy, Oil, Gas & Mining",ENERGIA SUPREMA S. DE R.L. DE C.V.,energiasuprema.com.mx,Hector Martínez,Chief Technology Officer (CTO),C_SUITE,ENGINEERING_IT,hmartínez@energiasuprema.com.mx,VERIFIED,85,+527916025511,2026-09-17T06:21:42.148131+00:00
"Energy, Oil, Gas & Mining",ENERGIA MODERNA S.A.S.,energiamoderna.mx,Alfonso Dominguez,Chief Operating Officer (COO),C_SUITE,OPERATIONS,adominguez@energiamoderna.mx,VERIFIED,85,+524065371952,2026-09-17T06:21:42.148131+00:00
"Energy, Oil, Gas & Mining",ENERGIA INTEGRAL S. DE R.L. DE C.V.,energiaintegral12.mx,Paulina Hernández,Founder,FOUNDER,EXECUTIVE,phernández@energiaintegral12.mx,VERIFIED,85,+528194596652,2026-09-17T06:21:42.152163+00:00
"Energy, Oil, Gas & Mining",ENERGIA INTEGRAL S. DE R.L. DE C.V.,energiaintegral12.mx,Jorge Benítez,Jefe De Recursos Humanos,MANAGER,EXECUTIVE,jbenítez@energiaintegral.mx,VERIFIED,85,+528194127547,2026-09-17T06:21:42.152163+00:00
"Energy, Oil, Gas & Mining",ENERGIA INTEGRAL 37 S.A.B. DE C.V.,energiaintegral.com.mx,Manuel Hernández,Chief Human Resources Officer (CHRO),C_SUITE,HR_PEOPLE,mhernández@energiaintegral.com.mx,VERIFIED,85,+528141033849,2026-09-17T06:21:42.152163+00:00
"Energy, Oil, Gas & Mining",ENERGIA INTEGRAL S.A.P.I. DE C.V.,energiaintegral.com,Mariana Hernández,Vice President (VP),VP,EXECUTIVE,mhernández@energiaintegral.com,VERIFIED,85,+528134301347,2026-09-17T06:21:42.153165+00:00
"Energy, Oil, Gas & Mining",ENERGIA CENTRAL S.A.P.I. DE C.V.,energiacentral10.com.mx,David García,Chief Procurement Officer (CPO),C_SUITE,PROCUREMENT,dgarcía@energiacentral10.com.mx,VERIFIED,85,+529480658491,2026-09-17T06:21:42.155176+00:00
"Energy, Oil, Gas & Mining",ENERGIA CONTINENTAL S.A.B. DE C.V.,energiacontinental.com,Ernesto Benítez,Chief Procurement Officer (CPO),C_SUITE,PROCUREMENT,ebenítez@energiacontinental.com,VERIFIED,85,+526838634469,2026-09-17T06:21:42.157177+00:00
"Energy, Oil, Gas & Mining",ENERGIA SUPREMA S.A.S.,energiasuprema.com.mx,Eduardo González,Chief Operating Officer (COO),C_SUITE,OPERATIONS,egonzález@energiasuprema.com.mx,VERIFIED,85,+529999312012,2026-09-17T06:21:42.158183+00:00
"Energy, Oil, Gas & Mining",ENERGIA SUPREMA 57 S.A.S.,energiasuprema78.mx,Patricia Valenzuela,Chief Technology Officer (CTO),C_SUITE,ENGINEERING_IT,pvalenzuela@energiasuprema78.mx,VERIFIED,85,+529833584083,2026-09-17T06:21:42.158183+00:00
"Energy, Oil, Gas & Mining",ENERGIA DINAMICA S.A.S.,energiadinamica.com,Adriana Ruiz,Chief Financial Officer (CFO),C_SUITE,FINANCE,aruiz@energiadinamica.com,VERIFIED,85,+527133251394,2026-09-17T06:21:42.158183+00:00
"Energy, Oil, Gas & Mining",ENERGIA DINAMICA S. DE R.L. DE C.V.,energiadinamica.com.mx,Roberto Treviño,Vice President (VP),VP,EXECUTIVE,rtreviño@energiadinamica.com.mx,VERIFIED,85,+528134223308,2026-09-17T06:21:42.160161+00:00
"Energy, Oil, Gas & Mining",ENERGIA DINAMICA S.A.B. DE C.V.,energiadinamica.mx,Miguel López,Chief Executive Officer (CEO),C_SUITE,EXECUTIVE,mlópez@energiadinamica.mx,VERIFIED,85,+529935099198,2026-09-17T06:21:42.160161+00:00
"Energy, Oil, Gas & Mining",ENERGIA LATINOAMERICANA S.A. DE C.V.,energialatinoameri.mx,Paulina Medina,Chief Marketing Officer (CMO),C_SUITE,SALES_MARKETING,pmedina@energialatinoameri.mx,VERIFIED,85,+528125838172,2026-09-17T06:21:42.160161+00:00
"Energy, Oil, Gas & Mining",ENERGIA SELECTA S. DE R.L. DE C.V.,energiaselecta.com.mx,Carlos Flores,Sole Administrator / Owner,FOUNDER,EXECUTIVE,cflores@energiaselecta.com.mx,VERIFIED,85,+525391373314,2026-09-17T06:21:42.162171+00:00
"Energy, Oil, Gas & Mining",ENERGIA LIDER S.C.,energialider.mx,Ignacio Villaseñor,Vice President (VP),VP,EXECUTIVE,ivillaseñor@energialider.mx,VERIFIED,85,+528279094796,2026-09-17T06:21:42.162171+00:00
"Energy, Oil, Gas & Mining",ENERGIA SELECTA S.C.,energiaselecta.com,Jorge Álvarez,Chief Marketing Officer (CMO),C_SUITE,SALES_MARKETING,jálvarez@energiaselecta.com,VERIFIED,85,+523312731373,2026-09-17T06:21:42.163182+00:00
"Energy, Oil, Gas & Mining",ENERGIA SELECTA 47 S.A.B. DE C.V.,energiaselecta.mx,Patricia Hernández,Chief Revenue Officer (CRO),C_SUITE,SALES_MARKETING,phernández@energiaselecta.mx,VERIFIED,85,+523312546563,2026-09-17T06:21:42.163182+00:00
"Energy, Oil, Gas & Mining",ENERGIA CONTINENTAL S.A.S.,energiacontinental.com.mx,Mariana Castro,Chief Operating Officer (COO),C_SUITE,OPERATIONS,mcastro@energiacontinental.com.mx,VERIFIED,85,+528169191613,2026-09-17T06:21:42.163182+00:00
"Energy, Oil, Gas & Mining",ENERGIA DE LAS AMERICAS S. DE R.L. DE C.V.,energiadelasameric.com.mx,Fernando Sánchez,Director,DIRECTOR,EXECUTIVE,fsánchez@energiadelasameric.com.mx,VERIFIED,85,+524535230989,2026-09-17T06:21:42.164181+00:00
"Energy, Oil, Gas & Mining",ENERGIA DE LAS AMERICAS S. DE R.L. DE C.V.,energiadelasameric.com.mx,Sofia Valenzuela,Chief Technology Officer (CTO),C_SUITE,ENGINEERING_IT,svalenzuela@energiadelasameric.com.mx,VERIFIED,85,+524494008075,2026-09-17T06:21:42.164181+00:00
"Energy, Oil, Gas & Mining",ENERGIA DE OCCIDENTE S. DE R.L. DE C.V.,energiadeoccidente.com,Manuel Ruiz,Founder,FOUNDER,EXECUTIVE,mruiz@energiadeoccidente.com,VERIFIED,85,+525063691432,2026-09-17T06:21:42.164181+00:00
"Energy, Oil, Gas & Mining",ENERGIA DE OCCIDENTE S. DE R.L. DE C.V.,energiadeoccidente.com,Fernando Ramírez,Vice President (VP),VP,EXECUTIVE,framírez@energiadeoccidente.com,VERIFIED,85,+525829429935,2026-09-17T06:21:42.164181+00:00
"Energy, Oil, Gas & Mining",ENERGIA INTERNACIONAL S. DE R.L. DE C.V.,energiainternacion.com,Enrique Vega,Chief Operating Officer (COO),C_SUITE,OPERATIONS,evega@energiainternacion.com,VERIFIED,85,+528581097876,2026-09-17T06:21:42.170672+00:00
"Energy, Oil, Gas & Mining",ENERGIA INTERNACIONAL S. DE R.L. DE C.V.,energiainternacion.com,Mariana Villaseñor,Vice President (VP),VP,EXECUTIVE,mvillaseñor@energiainternacion.com,VERIFIED,85,+528919427767,2026-09-17T06:21:42.170672+00:00
"Energy, Oil, Gas & Mining",ENERGIA DINAMICA S.A.B. DE C.V.,energiadinamica.com,Ernesto Garza,Vice President (VP),VP,EXECUTIVE,egarza@energiadinamica.com,VERIFIED,85,+529662725425,2026-09-17T06:21:42.170672+00:00
"Energy, Oil, Gas & Mining",ENERGIA INDUSTRIAL S.A.B. DE C.V.,energiaindustrial.com.mx,Mauricio Valenzuela,Chief Technology Officer (CTO),C_SUITE,ENGINEERING_IT,mvalenzuela@energiaindustrial.com.mx,VERIFIED,85,+524750998621,2026-09-17T06:21:42.171671+00:00
"Energy, Oil, Gas & Mining",ENERGIA INDUSTRIAL S.A.B. DE C.V.,energiaindustrial6.mx,Daniel López,Chief Executive Officer (CEO),C_SUITE,EXECUTIVE,dlópez@energiaindustrial6.mx,VERIFIED,85,+528047404891,2026-09-17T06:21:42.171671+00:00
"Energy, Oil, Gas & Mining",ENERGIA INDUSTRIAL S.A.B. DE C.V.,energiaindustrial6.mx,Ricardo Salinas,Chief Financial Officer (CFO),C_SUITE,FINANCE,rsalinas@energiaindustrial.com,VERIFIED,85,+529715802849,2026-09-17T06:21:42.171671+00:00
"Energy, Oil, Gas & Mining",ENERGIA ESPECIALIZADA S.A.S.,energiaespecializa.com,Fernando Navarro,Director,DIRECTOR,EXECUTIVE,fnavarro@energiaespecializa.com,VERIFIED,85,+528458051139,2026-09-17T06:21:42.172671+00:00
"Energy, Oil, Gas & Mining",ENERGIA INNOVADORA S. DE R.L. DE C.V.,energiainnovadora8.mx,Arturo López,Chief Marketing Officer (CMO),C_SUITE,SALES_MARKETING,alópez@energiainnovadora8.mx,VERIFIED,85,+529340437559,2026-09-17T06:21:42.173670+00:00
"Energy, Oil, Gas & Mining",ENERGIA GLOBAL S.A.P.I. DE C.V.,energiaglobal.com.mx,Mauricio Torres,Vice President (VP),VP,EXECUTIVE,mtorres@energiaglobal.com.mx,VERIFIED,85,+529767832078,2026-09-17T06:21:42.173670+00:00
"Energy, Oil, Gas & Mining",ENERGIA GLOBAL S.A.P.I. DE C.V.,energiaglobal.com.mx,Javier Dominguez,Chief Procurement Officer (CPO),C_SUITE,PROCUREMENT,jdominguez@energiaglobal.com.mx,VERIFIED,85,+528367267013,2026-09-17T06:21:42.173670+00:00
"Energy, Oil, Gas & Mining",ENERGIA INTEGRAL S.A.P.I. DE C.V.,energiaintegral.mx,Daniel Aguilar,Chief Procurement Officer (CPO),C_SUITE,PROCUREMENT,daguilar@energiaintegral.mx,VERIFIED,85,+529789612699,2026-09-17T06:21:42.175670+00:00
"Energy, Oil, Gas & Mining",ENERGIA INTEGRAL 64 S.A. DE C.V.,energiaintegral79.mx,Raúl González,Chief Financial Officer (CFO),C_SUITE,FINANCE,rgonzález@energiaintegral79.mx,VERIFIED,85,+525010331681,2026-09-17T06:21:42.175670+00:00
"Energy, Oil, Gas & Mining",ENERGIA CONTINENTAL S.A.S.,energiacontinental.com,Gabriel Salinas,Jefe De Recursos Humanos,MANAGER,EXECUTIVE,gsalinas@energiacontinental.com,VERIFIED,85,+526366034532,2026-09-17T06:21:42.177671+00:00
"Energy, Oil, Gas & Mining",ENERGIA INNOVADORA S.A. DE C.V.,energiainnovadora1.com.mx,Claudia Reyes,Chief Security Officer (CSO),C_SUITE,OPERATIONS,creyes@energiainnovadora1.com.mx,VERIFIED,85,+525885626191,2026-09-17T06:21:42.179671+00:00
"Energy, Oil, Gas & Mining",ENERGIA INNOVADORA S.A.P.I. DE C.V.,energiainnovadora9.mx,Mariana García,Chief Financial Officer (CFO),C_SUITE,FINANCE,mgarcía@energiainnovadora9.mx,VERIFIED,85,+524396215272,2026-09-17T06:21:42.179671+00:00
"Energy, Oil, Gas & Mining",ENERGIA INNOVADORA 27 S.A.P.I. DE C.V.,energiainnovadora.com,Lorena Garza,Co-Founder,FOUNDER,EXECUTIVE,lgarza@energiainnovadora.com,VERIFIED,85,+526015020827,2026-09-17T06:21:42.179671+00:00
"Energy, Oil, Gas & Mining",ENERGIA SELECTA 65 S. DE R.L. DE C.V.,energiaselecta.com.mx,Javier Garza,Chief Procurement Officer (CPO),C_SUITE,PROCUREMENT,jgarza@energiaselecta.com.mx,VERIFIED,85,+526066392937,2026-09-17T06:21:42.180670+00:00
"Energy, Oil, Gas & Mining",ENERGIA EMPRESARIAL S.A.P.I. DE C.V.,energiaempresarial.com,Valeria Díaz,Chief Security Officer (CSO),C_SUITE,OPERATIONS,vdíaz@energiaempresarial.com,VERIFIED,85,+528669099821,2026-09-17T06:21:42.181123+00:00
"Energy, Oil, Gas & Mining",ENERGIA EMPRESARIAL S.A.P.I. DE C.V.,energiaempresarial.com,Guillermo Reyes,Chief Financial Officer (CFO),C_SUITE,FINANCE,greyes@energiaempresarial.mx,VERIFIED,85,+529386374459,2026-09-17T06:21:42.181123+00:00
"Energy, Oil, Gas & Mining",ENERGIA EMPRESARIAL S.A.P.I. DE C.V.,energiaempresarial.com,Ignacio Morales,Chief Revenue Officer (CRO),C_SUITE,SALES_MARKETING,imorales@energiaempresarial.com.mx,VERIFIED,85,+528180553266,2026-09-17T06:21:42.181123+00:00
"Energy, Oil, Gas & Mining",ENERGIA MEXICANA S.A.S.,energiamexicana.com.mx,Javier Treviño,Chief Operating Officer (COO),C_SUITE,OPERATIONS,jtreviño@energiamexicana.com.mx,VERIFIED,85,+527745256119,2026-09-17T06:21:42.184634+00:00
"Energy, Oil, Gas & Mining",ENERGIA ESPECIALIZADA S.A. DE C.V.,energiaespecializa.mx,Enrique García,Vice President (VP),VP,EXECUTIVE,egarcía@energiaespecializa.mx,VERIFIED,85,+525744921071,2026-09-17T06:21:42.186638+00:00
"Energy, Oil, Gas & Mining",ENERGIA INTEGRAL S.C.,energiaintegral.com,Ernesto Vázquez,Chief Executive Officer (CEO),C_SUITE,EXECUTIVE,evázquez@energiaintegral.com,VERIFIED,85,+525536124355,2026-09-17T06:21:42.186638+00:00
"Energy, Oil, Gas & Mining",ENERGIA INTEGRAL S.C.,energiaintegral.com,Arturo Aguilar,Chief Security Officer (CSO),C_SUITE,OPERATIONS,aaguilar@energiaintegral.mx,VERIFIED,85,+525590020193,2026-09-17T06:21:42.186638+00:00
"Energy, Oil, Gas & Mining",ENERGIA INTEGRAL S.A. DE C.V.,energiaintegral.mx,Sofia Flores,Chief Financial Officer (CFO),C_SUITE,FINANCE,sflores@energiaintegral.mx,VERIFIED,85,+525547898179,2026-09-17T06:21:42.186638+00:00
"Energy, Oil, Gas & Mining",ENERGIA INTEGRAL S.A.P.I. DE C.V.,energiaintegral.com.mx,Alfonso Ruiz,Director,DIRECTOR,EXECUTIVE,aruiz@energiaintegral.com.mx,VERIFIED,85,+525589504311,2026-09-17T06:21:42.186638+00:00
"Energy, Oil, Gas & Mining",ENERGIA LIDER S.A.P.I. DE C.V.,energialider.mx,Ricardo Vega,Director,DIRECTOR,EXECUTIVE,rvega@energialider.mx,VERIFIED,85,+524013013677,2026-09-17T06:21:42.187636+00:00
"Energy, Oil, Gas & Mining",ENERGIA DINAMICA S.C.,energiadinamica.com,Patricia Campos,Chief Security Officer (CSO),C_SUITE,OPERATIONS,pcampos@energiadinamica.com,VERIFIED,85,+528255330702,2026-09-17T06:21:42.187636+00:00
"Energy, Oil, Gas & Mining",ENERGIA DINAMICA 39 S.C.,energiadinamica.mx,Miguel Alarcón,Chief Revenue Officer (CRO),C_SUITE,SALES_MARKETING,malarcón@energiadinamica.mx,VERIFIED,85,+529511913238,2026-09-17T06:21:42.187636+00:00
"Energy, Oil, Gas & Mining",ENERGIA DINAMICA 39 S.C.,energiadinamica.mx,Roberto Gómez,Chief Financial Officer (CFO),C_SUITE,FINANCE,rgómez@energiadinamica.mx,VERIFIED,85,+528950168812,2026-09-17T06:21:42.187636+00:00
"Energy, Oil, Gas & Mining",ENERGIA ESPECIALIZADA S.A. DE C.V.,energiaespecializa.mx,Carlos López,Chief Executive Officer (CEO),C_SUITE,EXECUTIVE,clópez@energiaespecializa.mx,VERIFIED,85,+529255747160,2026-09-17T06:21:42.188636+00:00
"Energy, Oil, Gas & Mining",ENERGIA SUPREMA S. DE R.L. DE C.V.,energiasuprema.mx,Guadalupe Morales,Vice President (VP),VP,EXECUTIVE,gmorales@energiasuprema.mx,VERIFIED,85,+524127705925,2026-09-17T06:21:42.188636+00:00
"Energy, Oil, Gas & Mining",ENERGIA SUPREMA 17 S. DE R.L. DE C.V.,energiasuprema.com,Carlos Castro,Vice President (VP),VP,EXECUTIVE,ccastro@energiasuprema.com,VERIFIED,85,+525473482619,2026-09-17T06:21:42.188636+00:00
"Energy, Oil, Gas & Mining",ENERGIA EMPRESARIAL S.A. DE C.V.,energiaempresarial.com.mx,Carlos Aguilar,Vice President (VP),VP,EXECUTIVE,caguilar@energiaempresarial.com.mx,VERIFIED,85,+528481699429,2026-09-17T06:21:42.189636+00:00
"Energy, Oil, Gas & Mining",ENERGIA CONTINENTAL S. DE R.L. DE C.V.,energiacontinental.mx,Lorena Morales,Chief Procurement Officer (CPO),C_SUITE,PROCUREMENT,lmorales@energiacontinental.mx,VERIFIED,85,+525873327504,2026-09-17T06:21:42.190635+00:00
"Energy, Oil, Gas & Mining",ENERGIA CONTINENTAL S. DE R.L. DE C.V.,energiacontinental.mx,Alfonso Ramírez,Director,DIRECTOR,EXECUTIVE,aramírez@energiacontinental.mx,VERIFIED,85,+525949972809,2026-09-17T06:21:42.190635+00:00
"Energy, Oil, Gas & Mining",ENERGIA CONTINENTAL S.A.B. DE C.V.,energiacontinental.mx,Arturo Vega,Founder,FOUNDER,EXECUTIVE,avega@energiacontinental.mx,VERIFIED,85,+527779943382,2026-09-17T06:21:42.190635+00:00
"Energy, Oil, Gas & Mining",ENERGIA CONTINENTAL S.A. DE C.V.,energiacontinental.mx,Adriana García,Chief Marketing Officer (CMO),C_SUITE,SALES_MARKETING,agarcía@energiacontinental.mx,VERIFIED,85,+526818200083,2026-09-17T06:21:42.191639+00:00
"Energy, Oil, Gas & Mining",ENERGIA DINAMICA S.A. DE C.V.,energiadinamica11.com,Rodrigo Villaseñor,Chief Marketing Officer (CMO),C_SUITE,SALES_MARKETING,rvillaseñor@energiadinamica11.com,VERIFIED,85,+529753737874,2026-09-17T06:21:42.192635+00:00
"Energy, Oil, Gas & Mining",ENERGIA EMPRESARIAL S.A.B. DE C.V.,energiaempresarial.com.mx,Ignacio Morales,Chief Executive Officer (CEO),C_SUITE,EXECUTIVE,imorales@energiaempresarial.com.mx,VERIFIED,85,+529498651951,2026-09-17T06:21:42.192635+00:00
"Energy, Oil, Gas & Mining",ENERGIA CENTRAL S.C.,energiacentral37.com,Verónica Ruiz,Chief Revenue Officer (CRO),C_SUITE,SALES_MARKETING,vruiz@energiacentral37.com,VERIFIED,85,+527540522413,2026-09-17T06:21:42.194641+00:00
"Energy, Oil, Gas & Mining",ENERGIA CONTINENTAL S. DE R.L. DE C.V.,energiacontinental.com,Patricia Martínez,Chief Operating Officer (COO),C_SUITE,OPERATIONS,pmartínez@energiacontinental.com,VERIFIED,85,+526470452732,2026-09-17T06:21:42.195640+00:00
"Energy, Oil, Gas & Mining",ENERGIA CONTINENTAL S.C.,energiacontinental.com.mx,Roberto García,Chief Technology Officer (CTO),C_SUITE,ENGINEERING_IT,rgarcía@energiacontinental.com.mx,VERIFIED,85,+525357355923,2026-09-17T06:21:42.195640+00:00
"Energy, Oil, Gas & Mining",ENERGIA MODERNA 21 S.C.,energiamoderna.com.mx,Andrea García,Co-Founder,FOUNDER,EXECUTIVE,agarcía@energiamoderna.com.mx,VERIFIED,85,+529922180518,2026-09-17T06:21:42.195640+00:00
"Energy, Oil, Gas & Mining",ENERGIA MODERNA S. DE R.L. DE C.V.,energiamoderna71.com.mx,Lorena Morales,Sole Administrator / Owner,FOUNDER,EXECUTIVE,lmorales@energiamoderna71.com.mx,VERIFIED,85,+527848066120,2026-09-17T06:21:42.195640+00:00
"Energy, Oil, Gas & Mining",ENERGIA CENTRAL S.A.P.I. DE C.V.,energiacentral51.mx,Paulina Villaseñor,Chief Procurement Officer (CPO),C_SUITE,PROCUREMENT,pvillaseñor@energiacentral51.mx,VERIFIED,85,+524193581773,2026-09-17T06:21:42.196642+00:00
"Energy, Oil, Gas & Mining",ENERGIA CENTRAL S.A.S.,energiacentral.com,Daniel Torres,Sole Administrator / Owner,FOUNDER,EXECUTIVE,dtorres@energiacentral.com,VERIFIED,85,+529458746807,2026-09-17T06:21:42.196642+00:00
"Energy, Oil, Gas & Mining",ENERGIA EMPRESARIAL S.A.P.I. DE C.V.,energiaempresarial.com.mx,Miguel Aguilar,Chief Technology Officer (CTO),C_SUITE,ENGINEERING_IT,maguilar@energiaempresarial.com.mx,VERIFIED,85,+524837562128,2026-09-17T06:21:42.196642+00:00
"Energy, Oil, Gas & Mining",ENERGIA MEXICANA S. DE R.L. DE C.V.,energiamexicana66.com,Fernando Benítez,Chief Procurement Officer (CPO),C_SUITE,PROCUREMENT,fbenítez@energiamexicana66.com,VERIFIED,85,+529342083127,2026-09-17T06:21:42.196642+00:00
"Energy, Oil, Gas & Mining",ENERGIA MEXICANA 88 S.A.B. DE C.V.,energiamexicana.com,David López,Founder,FOUNDER,EXECUTIVE,dlópez@energiamexicana.com,VERIFIED,85,+525387470041,2026-09-17T06:21:42.196642+00:00
"Energy, Oil, Gas & Mining",ENERGIA INTEGRAL S.A.P.I. DE C.V.,energiaintegral.mx,Mauricio Gómez,Jefe De Recursos Humanos,MANAGER,EXECUTIVE,mgómez@energiaintegral.mx,VERIFIED,85,+524627557271,2026-09-17T06:21:42.197641+00:00
"Energy, Oil, Gas & Mining",ENERGIA SUPREMA S.A.P.I. DE C.V.,energiasuprema12.mx,Jorge Álvarez,Sole Administrator / Owner,FOUNDER,EXECUTIVE,jálvarez@energiasuprema12.mx,VERIFIED,85,+529958787048,2026-09-17T06:21:42.197641+00:00
"Energy, Oil, Gas & Mining",ENERGIA LIDER 91 S.A.S.,energialider.com,Alfonso Campos,Chief Operating Officer (COO),C_SUITE,OPERATIONS,acampos@energialider.com,VERIFIED,85,+525762193795,2026-09-17T06:21:42.198641+00:00
"Energy, Oil, Gas & Mining",ENERGIA LATINOAMERICANA 84 S.A. DE C.V.,energialatinoameri.mx,Ricardo Reyes,Chief Revenue Officer (CRO),C_SUITE,SALES_MARKETING,rreyes@energialatinoameri.mx,VERIFIED,85,+527681098330,2026-09-17T06:21:42.198641+00:00
"Energy, Oil, Gas & Mining",ENERGIA MEXICANA S. DE R.L. DE C.V.,energiamexicana11.mx,Sofia Salinas,Chief Executive Officer (CEO),C_SUITE,EXECUTIVE,ssalinas@energiamexicana11.mx,VERIFIED,85,+529762998373,2026-09-17T06:21:42.199737+00:00
"Energy, Oil, Gas & Mining",ENERGIA NACIONAL S. DE R.L. DE C.V.,energianacional.com.mx,Paulina Valenzuela,Chief Marketing Officer (CMO),C_SUITE,SALES_MARKETING,pvalenzuela@energianacional.com.mx,VERIFIED,85,+524975488406,2026-09-17T06:21:42.199737+00:00
"Energy, Oil, Gas & Mining",ENERGIA NACIONAL S.A.S.,energianacional.com,Miguel Campos,Chief Revenue Officer (CRO),C_SUITE,SALES_MARKETING,mcampos@energianacional.com,VERIFIED,85,+524335604296,2026-09-17T06:21:42.199737+00:00
"Energy, Oil, Gas & Mining",ENERGIA CENTRAL S.A.P.I. DE C.V.,energiacentral.mx,Javier Benítez,Founder,FOUNDER,EXECUTIVE,jbenítez@energiacentral.mx,VERIFIED,85,+525769966743,2026-09-17T06:21:42.201709+00:00
"Energy, Oil, Gas & Mining",ENERGIA NACIONAL 66 S. DE R.L. DE C.V.,energianacional91.com.mx,Alfonso Valenzuela,Vice President (VP),VP,EXECUTIVE,avalenzuela@energianacional91.com.mx,VERIFIED,85,+526249149309,2026-09-17T06:21:42.203642+00:00
"Energy, Oil, Gas & Mining",ENERGIA NACIONAL S. DE R.L. DE C.V.,energianacional96.com,Claudia Herrera,Director,DIRECTOR,EXECUTIVE,cherrera@energianacional96.com,VERIFIED,85,+527825239773,2026-09-17T06:21:42.204748+00:00
"Energy, Oil, Gas & Mining",ENERGIA INTERNACIONAL 70 S.A. DE C.V.,energiainternacion.com.mx,Verónica Álvarez,Chief Executive Officer (CEO),C_SUITE,EXECUTIVE,válvarez@energiainternacion.com.mx,VERIFIED,85,+529290911729,2026-09-17T06:21:42.204748+00:00
"Energy, Oil, Gas & Mining",ENERGIA MEXICANA S.A.P.I. DE C.V.,energiamexicana37.com,Roberto Valenzuela,Chief Procurement Officer (CPO),C_SUITE,PROCUREMENT,rvalenzuela@energiamexicana37.com,VERIFIED,85,+527318444378,2026-09-17T06:21:42.204748+00:00
"Energy, Oil, Gas & Mining",ENERGIA MEXICANA S.A.P.I. DE C.V.,energiamexicana.com.mx,Manuel Campos,Vice President (VP),VP,EXECUTIVE,mcampos@energiamexicana.com.mx,VERIFIED,85,+525660862269,2026-09-17T06:21:42.204748+00:00
"Energy, Oil, Gas & Mining",ENERGIA CENTRAL S.A.P.I. DE C.V.,energiacentral62.com,Claudia Mendoza,Chief Revenue Officer (CRO),C_SUITE,SALES_MARKETING,cmendoza@energiacentral62.com,VERIFIED,85,+524895630426,2026-09-17T06:21:42.206754+00:00
"Energy, Oil, Gas & Mining",ENERGIA GLOBAL S.A.B. DE C.V.,energiaglobal47.com,Roberto Herrera,Vice President (VP),VP,EXECUTIVE,rherrera@energiaglobal47.com,VERIFIED,85,+524253593027,2026-09-17T06:21:42.206754+00:00
"Energy, Oil, Gas & Mining",ENERGIA AVANZADA S.A. DE C.V.,energiaavanzada.com.mx,Adriana Ruiz,Chief Human Resources Officer (CHRO),C_SUITE,HR_PEOPLE,aruiz@energiaavanzada.com.mx,VERIFIED,85,+525511922793,2026-09-17T06:21:42.206754+00:00
"Energy, Oil, Gas & Mining",ENERGIA SUPREMA 10 S.A.S.,energiasuprema31.com.mx,Lorena González,Chief Executive Officer (CEO),C_SUITE,EXECUTIVE,lgonzález@energiasuprema31.com.mx,VERIFIED,85,+527128195550,2026-09-17T06:21:42.209502+00:00
"Energy, Oil, Gas & Mining",ENERGIA INDUSTRIAL S.A.B. DE C.V.,energiaindustrial.com,Mauricio Medina,Chief Procurement Officer (CPO),C_SUITE,PROCUREMENT,mmedina@energiaindustrial.com,VERIFIED,85,+529978688298,2026-09-17T06:21:42.209502+00:00
"Energy, Oil, Gas & Mining",ENERGIA LATINOAMERICANA S.A. DE C.V.,energialatinoameri.com.mx,Mariana Aguilar,Jefe De Recursos Humanos,MANAGER,EXECUTIVE,maguilar@energialatinoameri.com.mx,VERIFIED,85,+525164937273,2026-09-17T06:21:42.209502+00:00
"Energy, Oil, Gas & Mining",ENERGIA DINAMICA 59 S.A. DE C.V.,energiadinamica8.com.mx,Hector Navarro,Director,DIRECTOR,EXECUTIVE,hnavarro@energiadinamica8.com.mx,VERIFIED,85,+527197515248,2026-09-17T06:21:42.211377+00:00
"Energy, Oil, Gas & Mining",ENERGIA SELECTA S. DE R.L. DE C.V.,energiaselecta.com,Ricardo Benítez,Chief Marketing Officer (CMO),C_SUITE,SALES_MARKETING,rbenítez@energiaselecta.com,VERIFIED,85,+524610167615,2026-09-17T06:21:42.213879+00:00
"Energy, Oil, Gas & Mining",ENERGIA SELECTA S.A.S.,energiaselecta.mx,Alejandro Ruiz,Chief Operating Officer (COO),C_SUITE,OPERATIONS,aruiz@energiaselecta.mx,VERIFIED,85,+525742616463,2026-09-17T06:21:42.213879+00:00
"Energy, Oil, Gas & Mining",ENERGIA LATINOAMERICANA S.A.S.,energialatinoameri.mx,Carlos Dominguez,Chief Security Officer (CSO),C_SUITE,OPERATIONS,cdominguez@energialatinoameri.mx,VERIFIED,85,+525395917082,2026-09-17T06:21:42.214883+00:00
"Energy, Oil, Gas & Mining",ENERGIA AVANZADA S.A.B. DE C.V.,energiaavanzada.com.mx,Paulina Navarro,Chief Revenue Officer (CRO),C_SUITE,SALES_MARKETING,pnavarro@energiaavanzada.com.mx,VERIFIED,85,+529831288233,2026-09-17T06:21:42.215883+00:00
"Energy, Oil, Gas & Mining",ENERGIA GLOBAL S.A.P.I. DE C.V.,energiaglobal.com,Claudia Mendoza,Chief Technology Officer (CTO),C_SUITE,ENGINEERING_IT,cmendoza@energiaglobal.com,VERIFIED,85,+527471936616,2026-09-17T06:21:42.220885+00:00
"Energy, Oil, Gas & Mining",ENERGIA GLOBAL S.A.S.,energiaglobal.com.mx,Enrique Sánchez,Chief Human Resources Officer (CHRO),C_SUITE,HR_PEOPLE,esánchez@energiaglobal.com.mx,VERIFIED,85,+525556791480,2026-09-17T06:21:42.220885+00:00
"Energy, Oil, Gas & Mining",ENERGIA DINAMICA S.A.P.I. DE C.V.,energiadinamica.com,Alfonso Alarcón,Chief Technology Officer (CTO),C_SUITE,ENGINEERING_IT,aalarcón@energiadinamica.com,VERIFIED,85,+528680045352,2026-09-17T06:21:42.220885+00:00
"Energy, Oil, Gas & Mining",ENERGIA DINAMICA S.A.P.I. DE C.V.,energiadinamica.com,Roberto Ramírez,Chief Procurement Officer (CPO),C_SUITE,PROCUREMENT,rramírez@energiadinamica.com,VERIFIED,85,+527596300192,2026-09-17T06:21:42.220885+00:00
"Energy, Oil, Gas & Mining",ENERGIA DINAMICA S.A. DE C.V.,energiadinamica.com.mx,Sofia López,Vice President (VP),VP,EXECUTIVE,slópez@energiadinamica.com.mx,VERIFIED,85,+528522169201,2026-09-17T06:21:42.220885+00:00
"Energy, Oil, Gas & Mining",ENERGIA SUPREMA S.A.S.,energiasuprema.com.mx,Jorge Flores,Chief Technology Officer (CTO),C_SUITE,ENGINEERING_IT,jflores@energiasuprema.com.mx,VERIFIED,85,+527860155061,2026-09-17T06:21:42.221883+00:00
"Energy, Oil, Gas & Mining",ENERGIA PREMIER S.A.P.I. DE C.V.,energiapremier.com.mx,Daniel Díaz,Chief Financial Officer (CFO),C_SUITE,FINANCE,ddíaz@energiapremier.com.mx,VERIFIED,85,+526668801215,2026-09-17T06:21:42.221883+00:00
"Energy, Oil, Gas & Mining",ENERGIA CENTRAL S.C.,energiacentral.com.mx,Rodrigo Navarro,Chief Revenue Officer (CRO),C_SUITE,SALES_MARKETING,rnavarro@energiacentral.com.mx,VERIFIED,85,+527185270709,2026-09-17T06:21:42.222884+00:00
"Energy, Oil, Gas & Mining",ENERGIA CONTINENTAL S.A.P.I. DE C.V.,energiacontinental.com.mx,Arturo Valenzuela,Vice President (VP),VP,EXECUTIVE,avalenzuela@energiacontinental.com.mx,VERIFIED,85,+529179181592,2026-09-17T06:21:42.222884+00:00
"Energy, Oil, Gas & Mining",ENERGIA CONTINENTAL S.A.S.,energiacontinental.com,Gabriel Aguilar,Chief Revenue Officer (CRO),C_SUITE,SALES_MARKETING,gaguilar@energiacontinental.com,VERIFIED,85,+529954845125,2026-09-17T06:21:42.222884+00:00
"Energy, Oil, Gas & Mining",ENERGIA CONTINENTAL S. DE R.L. DE C.V.,energiacontinental.mx,David Campos,Chief Financial Officer (CFO),C_SUITE,FINANCE,dcampos@energiacontinental.mx,VERIFIED,85,+527863685645,2026-09-17T06:21:42.222884+00:00
"Energy, Oil, Gas & Mining",ENERGIA NACIONAL S.A.P.I. DE C.V.,energianacional.com,Ricardo Torres,Chief Procurement Officer (CPO),C_SUITE,PROCUREMENT,rtorres@energianacional.com,VERIFIED,85,+524461424448,2026-09-17T06:21:42.224884+00:00
"Energy, Oil, Gas & Mining",ENERGIA MODERNA S.A.P.I. DE C.V.,energiamoderna.mx,Arturo Medina,Chief Procurement Officer (CPO),C_SUITE,PROCUREMENT,amedina@energiamoderna.mx,VERIFIED,85,+526285071024,2026-09-17T06:21:42.225884+00:00
"Energy, Oil, Gas & Mining",ENERGIA MODERNA S. DE R.L. DE C.V.,energiamoderna.com.mx,Javier Sánchez,Chief Human Resources Officer (CHRO),C_SUITE,HR_PEOPLE,jsánchez@energiamoderna.com.mx,VERIFIED,85,+525054857737,2026-09-17T06:21:42.225884+00:00
"Energy, Oil, Gas & Mining",ENERGIA SELECTA S.A.B. DE C.V.,energiaselecta.com,Fernando Medina,Director,DIRECTOR,EXECUTIVE,fmedina@energiaselecta.com,VERIFIED,85,+528982536041,2026-09-17T06:21:42.225884+00:00
"Energy, Oil, Gas & Mining",ENERGIA LATINOAMERICANA S.A.P.I. DE C.V.,energialatinoameri.com,Adriana Benítez,Chief Human Resources Officer (CHRO),C_SUITE,HR_PEOPLE,abenítez@energialatinoameri.com,VERIFIED,85,+525587936793,2026-09-17T06:21:42.225884+00:00
"Energy, Oil, Gas & Mining",ENERGIA CONTINENTAL S.A.P.I. DE C.V.,energiacontinental.com.mx,Ricardo Álvarez,Jefe De Recursos Humanos,MANAGER,EXECUTIVE,rálvarez@energiacontinental.com.mx,VERIFIED,85,+528174872684,2026-09-17T06:21:42.227884+00:00
"Energy, Oil, Gas & Mining",ENERGIA PREMIER S.A.B. DE C.V.,energiapremier.com.mx,Carlos Herrera,Vice President (VP),VP,EXECUTIVE,cherrera@energiapremier.com.mx,VERIFIED,85,+525953922539,2026-09-17T06:21:42.228885+00:00
"Energy, Oil, Gas & Mining",ENERGIA INTEGRAL S.A.S.,energiaintegral.mx,Patricia Aguilar,Chief Executive Officer (CEO),C_SUITE,EXECUTIVE,paguilar@energiaintegral.mx,VERIFIED,85,+528737078262,2026-09-17T06:21:42.228885+00:00
"Energy, Oil, Gas & Mining",ENERGIA PREMIER S.A.P.I. DE C.V.,energiapremier35.mx,David Castillo,Co-Founder,FOUNDER,EXECUTIVE,dcastillo@energiapremier35.mx,VERIFIED,85,+526896300191,2026-09-17T06:21:42.228885+00:00
"Energy, Oil, Gas & Mining",ENERGIA MEXICANA S.A.B. DE C.V.,energiamexicana.com,Manuel Torres,Chief Executive Officer (CEO),C_SUITE,EXECUTIVE,mtorres@energiamexicana.com,VERIFIED,85,+524863759659,2026-09-17T06:21:42.228885+00:00
"Energy, Oil, Gas & Mining",ENERGIA GLOBAL S.A.B. DE C.V.,energiaglobal.com,Andrea Navarro,Director,DIRECTOR,EXECUTIVE,anavarro@energiaglobal.com,VERIFIED,85,+525970185592,2026-09-17T06:21:42.229884+00:00
"Energy, Oil, Gas & Mining",ENERGIA GLOBAL S.A. DE C.V.,energiaglobal.mx,Manuel Vázquez,Chief Security Officer (CSO),C_SUITE,OPERATIONS,mvázquez@energiaglobal.mx,VERIFIED,85,+525053150040,2026-09-17T06:21:42.229884+00:00
"Energy, Oil, Gas & Mining",ENERGIA SELECTA S.A.B. DE C.V.,energiaselecta27.mx,Guadalupe Navarro,Director,DIRECTOR,EXECUTIVE,gnavarro@energiaselecta27.mx,VERIFIED,85,+527221799747,2026-09-17T06:21:42.229884+00:00
"Energy, Oil, Gas & Mining",ENERGIA INTEGRAL S. DE R.L. DE C.V.,energiaintegral.mx,Lorena Álvarez,Jefe De Recursos Humanos,MANAGER,EXECUTIVE,lálvarez@energiaintegral.mx,VERIFIED,85,+529690550585,2026-09-17T06:21:42.230884+00:00
"Energy, Oil, Gas & Mining",ENERGIA CENTRAL S. DE R.L. DE C.V.,energiacentral91.mx,Claudia Herrera,Chief Executive Officer (CEO),C_SUITE,EXECUTIVE,cherrera@energiacentral91.mx,VERIFIED,85,+526091905909,2026-09-17T06:21:42.230884+00:00
"Energy, Oil, Gas & Mining",ENERGIA CENTRAL S. DE R.L. DE C.V.,energiacentral.com,Andrea Castro,Chief Executive Officer (CEO),C_SUITE,EXECUTIVE,acastro@energiacentral.com,VERIFIED,85,+529938467876,2026-09-17T06:21:42.230884+00:00
"Energy, Oil, Gas & Mining",ENERGIA SUPREMA S.A.B. DE C.V.,energiasuprema.com.mx,Ernesto Alarcón,Chief Human Resources Officer (CHRO),C_SUITE,HR_PEOPLE,ealarcón@energiasuprema.com.mx,VERIFIED,85,+524810648598,2026-09-17T06:21:42.231883+00:00
