name,title,company,industry,email,phone,record_type,source,verified
Executive Lead,Chief Executive Officer (CEO),NVIDIA CORP,Professional Services,,,C-Suite Executive,,Partial
Finance Lead,Chief Financial Officer (CFO),NVIDIA CORP,Professional Services,,,C-Suite Executive,,Partial
Executive Lead,Chief Executive Officer (CEO),APPLE INC.,Professional Services,,,C-Suite Executive,,Partial
Finance Lead,Chief Financial Officer (CFO),APPLE INC.,Professional Services,,,C-Suite Executive,,Partial
Executive Lead,Chief Executive Officer (CEO),ALPHABET INC.,Professional Services,,,C-Suite Executive,,Partial
Finance Lead,Chief Financial Officer (CFO),ALPHABET INC.,Professional Services,,,C-Suite Executive,,Partial
Executive Lead,Chief Executive Officer (CEO),MICROSOFT CORP,Professional Services,,,C-Suite Executive,,Partial
Finance Lead,Chief Financial Officer (CFO),MICROSOFT CORP,Professional Services,,,C-Suite Executive,,Partial
Executive Lead,Chief Executive Officer (CEO),AMAZON COM INC,Professional Services,,,C-Suite Executive,,Partial
Finance Lead,Chief Financial Officer (CFO),AMAZON COM INC,Professional Services,,,C-Suite Executive,,Partial
Executive Lead,Chief Executive Officer (CEO),BROADCOM INC.,Professional Services,,,C-Suite Executive,,Partial
Finance Lead,Chief Financial Officer (CFO),BROADCOM INC.,Professional Services,,,C-Suite Executive,,Partial
Executive Lead,Chief Executive Officer (CEO),"META PLATFORMS, INC.",Professional Services,,,C-Suite Executive,,Partial
Finance Lead,Chief Financial Officer (CFO),"META PLATFORMS, INC.",Professional Services,,,C-Suite Executive,,Partial
Executive Lead,Chief Executive Officer (CEO),"TESLA, INC.",Professional Services,,,C-Suite Executive,,Partial
Finance Lead,Chief Financial Officer (CFO),"TESLA, INC.",Professional Services,,,C-Suite Executive,,Partial
Executive Lead,Chief Executive Officer (CEO),MICRON TECHNOLOGY INC,Professional Services,,,C-Suite Executive,,Partial
Finance Lead,Chief Financial Officer (CFO),MICRON TECHNOLOGY INC,Professional Services,,,C-Suite Executive,,Partial
Executive Lead,Chief Executive Officer (CEO),BERKSHIRE HATHAWAY INC,Professional Services,,,C-Suite Executive,,Partial
Finance Lead,Chief Financial Officer (CFO),BERKSHIRE HATHAWAY INC,Professional Services,,,C-Suite Executive,,Partial
Executive Lead,Chief Executive Officer (CEO),ELI LILLY & CO,Professional Services,,,C-Suite Executive,,Partial
Finance Lead,Chief Financial Officer (CFO),ELI LILLY & CO,Professional Services,,,C-Suite Executive,,Partial
Executive Lead,Chief Executive Officer (CEO),JPMORGAN CHASE & CO,Professional Services,,,C-Suite Executive,,Partial
Finance Lead,Chief Financial Officer (CFO),JPMORGAN CHASE & CO,Professional Services,,,C-Suite Executive,,Partial
Executive Lead,Chief Executive Officer (CEO),WALMART INC.,Professional Services,,,C-Suite Executive,,Partial
Finance Lead,Chief Financial Officer (CFO),WALMART INC.,Professional Services,,,C-Suite Executive,,Partial
Executive Lead,Chief Executive Officer (CEO),ADVANCED MICRO DEVICES INC,Professional Services,,,C-Suite Executive,,Partial
Finance Lead,Chief Financial Officer (CFO),ADVANCED MICRO DEVICES INC,Professional Services,,,C-Suite Executive,,Partial
Executive Lead,Chief Executive Officer (CEO),VISA INC.,Professional Services,,,C-Suite Executive,,Partial
Finance Lead,Chief Financial Officer (CFO),VISA INC.,Professional Services,,,C-Suite Executive,,Partial
Executive Lead,Chief Executive Officer (CEO),EXXONMOBIL HOLDINGS CORP,Professional Services,,,C-Suite Executive,,Partial
Finance Lead,Chief Financial Officer (CFO),EXXONMOBIL HOLDINGS CORP,Professional Services,,,C-Suite Executive,,Partial
Executive Lead,Chief Executive Officer (CEO),ASML HOLDING NV,Professional Services,,,C-Suite Executive,,Partial
Finance Lead,Chief Financial Officer (CFO),ASML HOLDING NV,Professional Services,,,C-Suite Executive,,Partial
Executive Lead,Chief Executive Officer (CEO),JOHNSON & JOHNSON,Professional Services,,,C-Suite Executive,,Partial
Finance Lead,Chief Financial Officer (CFO),JOHNSON & JOHNSON,Professional Services,,,C-Suite Executive,,Partial
Executive Lead,Chief Executive Officer (CEO),INTEL CORP,Professional Services,,,C-Suite Executive,,Partial
Finance Lead,Chief Financial Officer (CFO),INTEL CORP,Professional Services,,,C-Suite Executive,,Partial
Executive Lead,Chief Executive Officer (CEO),MASTERCARD INC,Professional Services,,,C-Suite Executive,,Partial
Finance Lead,Chief Financial Officer (CFO),MASTERCARD INC,Professional Services,,,C-Suite Executive,,Partial
Executive Lead,Chief Executive Officer (CEO),ABBVIE INC.,Professional Services,,,C-Suite Executive,,Partial
Finance Lead,Chief Financial Officer (CFO),ABBVIE INC.,Professional Services,,,C-Suite Executive,,Partial
Executive Lead,Chief Executive Officer (CEO),"CISCO SYSTEMS, INC.",Professional Services,,,C-Suite Executive,,Partial
Finance Lead,Chief Financial Officer (CFO),"CISCO SYSTEMS, INC.",Professional Services,,,C-Suite Executive,,Partial
Executive Lead,Chief Executive Officer (CEO),BANK OF AMERICA CORP /DE/,Professional Services,,,C-Suite Executive,,Partial
Finance Lead,Chief Financial Officer (CFO),BANK OF AMERICA CORP /DE/,Professional Services,,,C-Suite Executive,,Partial
Executive Lead,Chief Executive Officer (CEO),ORACLE CORP,Professional Services,,,C-Suite Executive,,Partial
Finance Lead,Chief Financial Officer (CFO),ORACLE CORP,Professional Services,,,C-Suite Executive,,Partial
Executive Lead,Chief Executive Officer (CEO),CHEVRON CORP,Professional Services,,,C-Suite Executive,,Partial
Finance Lead,Chief Financial Officer (CFO),CHEVRON CORP,Professional Services,,,C-Suite Executive,,Partial
Executive Lead,Chief Executive Officer (CEO),PALANTIR TECHNOLOGIES INC.,Professional Services,,,C-Suite Executive,,Partial
Finance Lead,Chief Financial Officer (CFO),PALANTIR TECHNOLOGIES INC.,Professional Services,,,C-Suite Executive,,Partial
Executive Lead,Chief Executive Officer (CEO),COSTCO WHOLESALE CORP /NEW,Professional Services,,,C-Suite Executive,,Partial
Finance Lead,Chief Financial Officer (CFO),COSTCO WHOLESALE CORP /NEW,Professional Services,,,C-Suite Executive,,Partial
Executive Lead,Chief Executive Officer (CEO),COCA COLA CO,Professional Services,,,C-Suite Executive,,Partial
Finance Lead,Chief Financial Officer (CFO),COCA COLA CO,Professional Services,,,C-Suite Executive,,Partial
Executive Lead,Chief Executive Officer (CEO),CATERPILLAR INC,Professional Services,,,C-Suite Executive,,Partial
Finance Lead,Chief Financial Officer (CFO),CATERPILLAR INC,Professional Services,,,C-Suite Executive,,Partial
Executive Lead,Chief Executive Officer (CEO),LAM RESEARCH CORP,Professional Services,,,C-Suite Executive,,Partial
Finance Lead,Chief Financial Officer (CFO),LAM RESEARCH CORP,Professional Services,,,C-Suite Executive,,Partial
Executive Lead,Chief Executive Officer (CEO),APPLIED MATERIALS INC /DE,Professional Services,,,C-Suite Executive,,Partial
Finance Lead,Chief Financial Officer (CFO),APPLIED MATERIALS INC /DE,Professional Services,,,C-Suite Executive,,Partial
Executive Lead,Chief Executive Officer (CEO),HSBC HOLDINGS PLC,Professional Services,,,C-Suite Executive,,Partial
Finance Lead,Chief Financial Officer (CFO),HSBC HOLDINGS PLC,Professional Services,,,C-Suite Executive,,Partial
Executive Lead,Chief Executive Officer (CEO),DELL TECHNOLOGIES INC.,Professional Services,,,C-Suite Executive,,Partial
Finance Lead,Chief Financial Officer (CFO),DELL TECHNOLOGIES INC.,Professional Services,,,C-Suite Executive,,Partial
Executive Lead,Chief Executive Officer (CEO),"MERCK & CO., INC.",Professional Services,,,C-Suite Executive,,Partial
Finance Lead,Chief Financial Officer (CFO),"MERCK & CO., INC.",Professional Services,,,C-Suite Executive,,Partial
Executive Lead,Chief Executive Officer (CEO),UNITEDHEALTH GROUP INC,Professional Services,,,C-Suite Executive,,Partial
Finance Lead,Chief Financial Officer (CFO),UNITEDHEALTH GROUP INC,Professional Services,,,C-Suite Executive,,Partial
Executive Lead,Chief Executive Officer (CEO),GENERAL ELECTRIC CO,Professional Services,,,C-Suite Executive,,Partial
Finance Lead,Chief Financial Officer (CFO),GENERAL ELECTRIC CO,Professional Services,,,C-Suite Executive,,Partial
Executive Lead,Chief Executive Officer (CEO),MORGAN STANLEY,Professional Services,,,C-Suite Executive,,Partial
Finance Lead,Chief Financial Officer (CFO),MORGAN STANLEY,Professional Services,,,C-Suite Executive,,Partial
Executive Lead,Chief Executive Officer (CEO),PROCTER & GAMBLE CO,Professional Services,,,C-Suite Executive,,Partial
Finance Lead,Chief Financial Officer (CFO),PROCTER & GAMBLE CO,Professional Services,,,C-Suite Executive,,Partial
Executive Lead,Chief Executive Officer (CEO),"CONTEMPORARY AMPEREX TECHNOLOGY CO., LIMITED/ADR",Professional Services,,,C-Suite Executive,,Partial
Finance Lead,Chief Financial Officer (CFO),"CONTEMPORARY AMPEREX TECHNOLOGY CO., LIMITED/ADR",Professional Services,,,C-Suite Executive,,Partial
Executive Lead,Chief Executive Officer (CEO),NETFLIX INC,Professional Services,,,C-Suite Executive,,Partial
Finance Lead,Chief Financial Officer (CFO),NETFLIX INC,Professional Services,,,C-Suite Executive,,Partial
Executive Lead,Chief Executive Officer (CEO),"HOME DEPOT, INC.",Professional Services,,,C-Suite Executive,,Partial
Finance Lead,Chief Financial Officer (CFO),"HOME DEPOT, INC.",Professional Services,,,C-Suite Executive,,Partial
Executive Lead,Chief Executive Officer (CEO),PHILIP MORRIS INTERNATIONAL INC.,Professional Services,,,C-Suite Executive,,Partial
Finance Lead,Chief Financial Officer (CFO),PHILIP MORRIS INTERNATIONAL INC.,Professional Services,,,C-Suite Executive,,Partial
Executive Lead,Chief Executive Officer (CEO),GOLDMAN SACHS GROUP INC,Professional Services,,,C-Suite Executive,,Partial
Finance Lead,Chief Financial Officer (CFO),GOLDMAN SACHS GROUP INC,Professional Services,,,C-Suite Executive,,Partial
Executive Lead,Chief Executive Officer (CEO),ROYAL BANK OF CANADA,Professional Services,,,C-Suite Executive,,Partial
Finance Lead,Chief Financial Officer (CFO),ROYAL BANK OF CANADA,Professional Services,,,C-Suite Executive,,Partial
Executive Lead,Chief Executive Officer (CEO),ARM HOLDINGS PLC /UK,Professional Services,,,C-Suite Executive,,Partial
Finance Lead,Chief Financial Officer (CFO),ARM HOLDINGS PLC /UK,Professional Services,,,C-Suite Executive,,Partial
Executive Lead,Chief Executive Officer (CEO),SHELL PLC,Professional Services,,,C-Suite Executive,,Partial
Finance Lead,Chief Financial Officer (CFO),SHELL PLC,Professional Services,,,C-Suite Executive,,Partial
Executive Lead,Chief Executive Officer (CEO),WELLS FARGO & COMPANY/MN,Professional Services,,,C-Suite Executive,,Partial
Finance Lead,Chief Financial Officer (CFO),WELLS FARGO & COMPANY/MN,Professional Services,,,C-Suite Executive,,Partial
Executive Lead,Chief Executive Officer (CEO),ALIBABA GROUP HOLDING LTD,Professional Services,,,C-Suite Executive,,Partial
Finance Lead,Chief Financial Officer (CFO),ALIBABA GROUP HOLDING LTD,Professional Services,,,C-Suite Executive,,Partial
Executive Lead,Chief Executive Officer (CEO),MITSUBISHI UFJ FINANCIAL GROUP INC,Professional Services,,,C-Suite Executive,,Partial
Finance Lead,Chief Financial Officer (CFO),MITSUBISHI UFJ FINANCIAL GROUP INC,Professional Services,,,C-Suite Executive,,Partial
Executive Lead,Chief Executive Officer (CEO),PALO ALTO NETWORKS INC,Professional Services,,,C-Suite Executive,,Partial
Finance Lead,Chief Financial Officer (CFO),PALO ALTO NETWORKS INC,Professional Services,,,C-Suite Executive,,Partial
Executive Lead,Chief Executive Officer (CEO),RTX CORP,Professional Services,,,C-Suite Executive,,Partial
Finance Lead,Chief Financial Officer (CFO),RTX CORP,Professional Services,,,C-Suite Executive,,Partial
Executive Lead,Chief Executive Officer (CEO),NOVARTIS AG,Professional Services,,,C-Suite Executive,,Partial
Finance Lead,Chief Financial Officer (CFO),NOVARTIS AG,Professional Services,,,C-Suite Executive,,Partial
Executive Lead,Chief Executive Officer (CEO),GE VERNOVA INC.,Professional Services,,,C-Suite Executive,,Partial
Finance Lead,Chief Financial Officer (CFO),GE VERNOVA INC.,Professional Services,,,C-Suite Executive,,Partial
Executive Lead,Chief Executive Officer (CEO),"ARISTA NETWORKS, INC.",Professional Services,,,C-Suite Executive,,Partial
Finance Lead,Chief Financial Officer (CFO),"ARISTA NETWORKS, INC.",Professional Services,,,C-Suite Executive,,Partial
Executive Lead,Chief Executive Officer (CEO),ASTRAZENECA PLC,Professional Services,,,C-Suite Executive,,Partial
Finance Lead,Chief Financial Officer (CFO),ASTRAZENECA PLC,Professional Services,,,C-Suite Executive,,Partial
Executive Lead,Chief Executive Officer (CEO),TEXAS INSTRUMENTS INC,Professional Services,,,C-Suite Executive,,Partial
Finance Lead,Chief Financial Officer (CFO),TEXAS INSTRUMENTS INC,Professional Services,,,C-Suite Executive,,Partial
Executive Lead,Chief Executive Officer (CEO),SANDISK CORP,Professional Services,,,C-Suite Executive,,Partial
Finance Lead,Chief Financial Officer (CFO),SANDISK CORP,Professional Services,,,C-Suite Executive,,Partial
Executive Lead,Chief Executive Officer (CEO),SAP SE,Professional Services,,,C-Suite Executive,,Partial
Finance Lead,Chief Financial Officer (CFO),SAP SE,Professional Services,,,C-Suite Executive,,Partial
Executive Lead,Chief Executive Officer (CEO),KLA CORP,Professional Services,,,C-Suite Executive,,Partial
Finance Lead,Chief Financial Officer (CFO),KLA CORP,Professional Services,,,C-Suite Executive,,Partial
Executive Lead,Chief Executive Officer (CEO),TOYOTA MOTOR CORP/,Professional Services,,,C-Suite Executive,,Partial
Finance Lead,Chief Financial Officer (CFO),TOYOTA MOTOR CORP/,Professional Services,,,C-Suite Executive,,Partial
Executive Lead,Chief Executive Officer (CEO),CITIGROUP INC,Professional Services,,,C-Suite Executive,,Partial
Finance Lead,Chief Financial Officer (CFO),CITIGROUP INC,Professional Services,,,C-Suite Executive,,Partial
Executive Lead,Chief Executive Officer (CEO),INTERNATIONAL BUSINESS MACHINES CORP,Professional Services,,,C-Suite Executive,,Partial
Finance Lead,Chief Financial Officer (CFO),INTERNATIONAL BUSINESS MACHINES CORP,Professional Services,,,C-Suite Executive,,Partial
Executive Lead,Chief Executive Officer (CEO),THERMO FISHER SCIENTIFIC INC.,Professional Services,,,C-Suite Executive,,Partial
Finance Lead,Chief Financial Officer (CFO),THERMO FISHER SCIENTIFIC INC.,Professional Services,,,C-Suite Executive,,Partial
Executive Lead,Chief Executive Officer (CEO),BHP GROUP LTD,Professional Services,,,C-Suite Executive,,Partial
Finance Lead,Chief Financial Officer (CFO),BHP GROUP LTD,Professional Services,,,C-Suite Executive,,Partial
Executive Lead,Chief Executive Officer (CEO),AMERICAN EXPRESS CO,Professional Services,,,C-Suite Executive,,Partial
Finance Lead,Chief Financial Officer (CFO),AMERICAN EXPRESS CO,Professional Services,,,C-Suite Executive,,Partial
Executive Lead,Chief Executive Officer (CEO),"BANCO SANTANDER, S.A.",Professional Services,,,C-Suite Executive,,Partial
Finance Lead,Chief Financial Officer (CFO),"BANCO SANTANDER, S.A.",Professional Services,,,C-Suite Executive,,Partial
Executive Lead,Chief Executive Officer (CEO),LINDE PLC,Professional Services,,,C-Suite Executive,,Partial
Finance Lead,Chief Financial Officer (CFO),LINDE PLC,Professional Services,,,C-Suite Executive,,Partial
Executive Lead,Chief Executive Officer (CEO),"MARVELL TECHNOLOGY, INC.",Professional Services,,,C-Suite Executive,,Partial
Finance Lead,Chief Financial Officer (CFO),"MARVELL TECHNOLOGY, INC.",Professional Services,,,C-Suite Executive,,Partial
Executive Lead,Chief Executive Officer (CEO),"CROWDSTRIKE HOLDINGS, INC.",Professional Services,,,C-Suite Executive,,Partial
Finance Lead,Chief Financial Officer (CFO),"CROWDSTRIKE HOLDINGS, INC.",Professional Services,,,C-Suite Executive,,Partial
Executive Lead,Chief Executive Officer (CEO),VERIZON COMMUNICATIONS INC,Professional Services,,,C-Suite Executive,,Partial
Finance Lead,Chief Financial Officer (CFO),VERIZON COMMUNICATIONS INC,Professional Services,,,C-Suite Executive,,Partial
Executive Lead,Chief Executive Officer (CEO),AMPHENOL CORP /DE/,Professional Services,,,C-Suite Executive,,Partial
Finance Lead,Chief Financial Officer (CFO),AMPHENOL CORP /DE/,Professional Services,,,C-Suite Executive,,Partial
Executive Lead,Chief Executive Officer (CEO),AMGEN INC,Professional Services,,,C-Suite Executive,,Partial
Finance Lead,Chief Financial Officer (CFO),AMGEN INC,Professional Services,,,C-Suite Executive,,Partial
Executive Lead,Chief Executive Officer (CEO),"SALESFORCE, INC.",Professional Services,,,C-Suite Executive,,Partial
Finance Lead,Chief Financial Officer (CFO),"SALESFORCE, INC.",Professional Services,,,C-Suite Executive,,Partial
Executive Lead,Chief Executive Officer (CEO),RIO TINTO LTD,Professional Services,,,C-Suite Executive,,Partial
Finance Lead,Chief Financial Officer (CFO),RIO TINTO LTD,Professional Services,,,C-Suite Executive,,Partial
Executive Lead,Chief Executive Officer (CEO),TOTALENERGIES SE,Professional Services,,,C-Suite Executive,,Partial
Finance Lead,Chief Financial Officer (CFO),TOTALENERGIES SE,Professional Services,,,C-Suite Executive,,Partial
Executive Lead,Chief Executive Officer (CEO),TORONTO DOMINION BANK,Professional Services,,,C-Suite Executive,,Partial
Finance Lead,Chief Financial Officer (CFO),TORONTO DOMINION BANK,Professional Services,,,C-Suite Executive,,Partial
Executive Lead,Chief Executive Officer (CEO),QUALCOMM INC/DE,Professional Services,,,C-Suite Executive,,Partial
Finance Lead,Chief Financial Officer (CFO),QUALCOMM INC/DE,Professional Services,,,C-Suite Executive,,Partial
Executive Lead,Chief Executive Officer (CEO),"T-MOBILE US, INC.",Professional Services,,,C-Suite Executive,,Partial
Finance Lead,Chief Financial Officer (CFO),"T-MOBILE US, INC.",Professional Services,,,C-Suite Executive,,Partial
Executive Lead,Chief Executive Officer (CEO),NOVO NORDISK A S,Professional Services,,,C-Suite Executive,,Partial
Finance Lead,Chief Financial Officer (CFO),NOVO NORDISK A S,Professional Services,,,C-Suite Executive,,Partial
Executive Lead,Chief Executive Officer (CEO),SEAGATE TECHNOLOGY HOLDINGS PLC,Professional Services,,,C-Suite Executive,,Partial
Finance Lead,Chief Financial Officer (CFO),SEAGATE TECHNOLOGY HOLDINGS PLC,Professional Services,,,C-Suite Executive,,Partial
Executive Lead,Chief Executive Officer (CEO),PEPSICO INC,Professional Services,,,C-Suite Executive,,Partial
Finance Lead,Chief Financial Officer (CFO),PEPSICO INC,Professional Services,,,C-Suite Executive,,Partial
Executive Lead,Chief Executive Officer (CEO),SCHWAB CHARLES CORP,Professional Services,,,C-Suite Executive,,Partial
Finance Lead,Chief Financial Officer (CFO),SCHWAB CHARLES CORP,Professional Services,,,C-Suite Executive,,Partial
Executive Lead,Chief Executive Officer (CEO),WALT DISNEY CO,Professional Services,,,C-Suite Executive,,Partial
Finance Lead,Chief Financial Officer (CFO),WALT DISNEY CO,Professional Services,,,C-Suite Executive,,Partial
Executive Lead,Chief Executive Officer (CEO),ANALOG DEVICES INC,Professional Services,,,C-Suite Executive,,Partial
Finance Lead,Chief Financial Officer (CFO),ANALOG DEVICES INC,Professional Services,,,C-Suite Executive,,Partial
Executive Lead,Chief Executive Officer (CEO),DEERE & CO,Professional Services,,,C-Suite Executive,,Partial
Finance Lead,Chief Financial Officer (CFO),DEERE & CO,Professional Services,,,C-Suite Executive,,Partial
Executive Lead,Chief Executive Officer (CEO),MCDONALDS CORP,Professional Services,,,C-Suite Executive,,Partial
Finance Lead,Chief Financial Officer (CFO),MCDONALDS CORP,Professional Services,,,C-Suite Executive,,Partial
Executive Lead,Chief Executive Officer (CEO),AT&T INC.,Professional Services,,,C-Suite Executive,,Partial
Finance Lead,Chief Financial Officer (CFO),AT&T INC.,Professional Services,,,C-Suite Executive,,Partial
Executive Lead,Chief Executive Officer (CEO),"GILEAD SCIENCES, INC.",Professional Services,,,C-Suite Executive,,Partial
Finance Lead,Chief Financial Officer (CFO),"GILEAD SCIENCES, INC.",Professional Services,,,C-Suite Executive,,Partial
Executive Lead,Chief Executive Officer (CEO),ABBOTT LABORATORIES,Professional Services,,,C-Suite Executive,,Partial
Finance Lead,Chief Financial Officer (CFO),ABBOTT LABORATORIES,Professional Services,,,C-Suite Executive,,Partial
Executive Lead,Chief Executive Officer (CEO),"BLACKROCK, INC.",Professional Services,,,C-Suite Executive,,Partial
Finance Lead,Chief Financial Officer (CFO),"BLACKROCK, INC.",Professional Services,,,C-Suite Executive,,Partial
Executive Lead,Chief Executive Officer (CEO),"SUMITOMO MITSUI FINANCIAL GROUP, INC.",Professional Services,,,C-Suite Executive,,Partial
Finance Lead,Chief Financial Officer (CFO),"SUMITOMO MITSUI FINANCIAL GROUP, INC.",Professional Services,,,C-Suite Executive,,Partial
Executive Lead,Chief Executive Officer (CEO),NEXTERA ENERGY INC,Professional Services,,,C-Suite Executive,,Partial
Finance Lead,Chief Financial Officer (CFO),NEXTERA ENERGY INC,Professional Services,,,C-Suite Executive,,Partial
Executive Lead,Chief Executive Officer (CEO),WELLTOWER INC.,Professional Services,,,C-Suite Executive,,Partial
Finance Lead,Chief Financial Officer (CFO),WELLTOWER INC.,Professional Services,,,C-Suite Executive,,Partial
Executive Lead,Chief Executive Officer (CEO),UNION PACIFIC CORP,Professional Services,,,C-Suite Executive,,Partial
Finance Lead,Chief Financial Officer (CFO),UNION PACIFIC CORP,Professional Services,,,C-Suite Executive,,Partial
Executive Lead,Chief Executive Officer (CEO),SHOPIFY INC.,Professional Services,,,C-Suite Executive,,Partial
Finance Lead,Chief Financial Officer (CFO),SHOPIFY INC.,Professional Services,,,C-Suite Executive,,Partial
Executive Lead,Chief Executive Officer (CEO),UBS GROUP AG,Professional Services,,,C-Suite Executive,,Partial
Finance Lead,Chief Financial Officer (CFO),UBS GROUP AG,Professional Services,,,C-Suite Executive,,Partial
Executive Lead,Chief Executive Officer (CEO),BOEING CO,Professional Services,,,C-Suite Executive,,Partial
Finance Lead,Chief Financial Officer (CFO),BOEING CO,Professional Services,,,C-Suite Executive,,Partial
Executive Lead,Chief Executive Officer (CEO),EATON CORP PLC,Professional Services,,,C-Suite Executive,,Partial
Finance Lead,Chief Financial Officer (CFO),EATON CORP PLC,Professional Services,,,C-Suite Executive,,Partial
Executive Lead,Chief Executive Officer (CEO),CONOCOPHILLIPS,Professional Services,,,C-Suite Executive,,Partial
Finance Lead,Chief Financial Officer (CFO),CONOCOPHILLIPS,Professional Services,,,C-Suite Executive,,Partial
Executive Lead,Chief Executive Officer (CEO),"BANCO BILBAO VIZCAYA ARGENTARIA, S.A.",Professional Services,,,C-Suite Executive,,Partial
Finance Lead,Chief Financial Officer (CFO),"BANCO BILBAO VIZCAYA ARGENTARIA, S.A.",Professional Services,,,C-Suite Executive,,Partial
Executive Lead,Chief Executive Officer (CEO),SOUTHERN COPPER CORP/,Professional Services,,,C-Suite Executive,,Partial
Finance Lead,Chief Financial Officer (CFO),SOUTHERN COPPER CORP/,Professional Services,,,C-Suite Executive,,Partial
Executive Lead,Chief Executive Officer (CEO),RIO TINTO PLC,Professional Services,,,C-Suite Executive,,Partial
Finance Lead,Chief Financial Officer (CFO),RIO TINTO PLC,Professional Services,,,C-Suite Executive,,Partial
Executive Lead,Chief Executive Officer (CEO),WESTERN DIGITAL CORP,Professional Services,,,C-Suite Executive,,Partial
Finance Lead,Chief Financial Officer (CFO),WESTERN DIGITAL CORP,Professional Services,,,C-Suite Executive,,Partial
Executive Lead,Chief Executive Officer (CEO),DEUTSCHE TELEKOM AG,Professional Services,,,C-Suite Executive,,Partial
Finance Lead,Chief Financial Officer (CFO),DEUTSCHE TELEKOM AG,Professional Services,,,C-Suite Executive,,Partial
Executive Lead,Chief Executive Officer (CEO),PFIZER INC,Professional Services,,,C-Suite Executive,,Partial
Finance Lead,Chief Financial Officer (CFO),PFIZER INC,Professional Services,,,C-Suite Executive,,Partial
Executive Lead,Chief Executive Officer (CEO),"INTERACTIVE BROKERS GROUP, INC.",Professional Services,,,C-Suite Executive,,Partial
Finance Lead,Chief Financial Officer (CFO),"INTERACTIVE BROKERS GROUP, INC.",Professional Services,,,C-Suite Executive,,Partial
Executive Lead,Chief Executive Officer (CEO),ANHEUSER-BUSCH INBEV SA/NV,Professional Services,,,C-Suite Executive,,Partial
Finance Lead,Chief Financial Officer (CFO),ANHEUSER-BUSCH INBEV SA/NV,Professional Services,,,C-Suite Executive,,Partial
Executive Lead,Chief Executive Officer (CEO),BLACKSTONE INC.,Professional Services,,,C-Suite Executive,,Partial
Finance Lead,Chief Financial Officer (CFO),BLACKSTONE INC.,Professional Services,,,C-Suite Executive,,Partial
Executive Lead,Chief Executive Officer (CEO),HITACHI LTD,Professional Services,,,C-Suite Executive,,Partial
Finance Lead,Chief Financial Officer (CFO),HITACHI LTD,Professional Services,,,C-Suite Executive,,Partial
Executive Lead,Chief Executive Officer (CEO),ADVANTEST CORP,Professional Services,,,C-Suite Executive,,Partial
Finance Lead,Chief Financial Officer (CFO),ADVANTEST CORP,Professional Services,,,C-Suite Executive,,Partial
Executive Lead,Chief Executive Officer (CEO),"UBER TECHNOLOGIES, INC",Professional Services,,,C-Suite Executive,,Partial
Finance Lead,Chief Financial Officer (CFO),"UBER TECHNOLOGIES, INC",Professional Services,,,C-Suite Executive,,Partial
Executive Lead,Chief Executive Officer (CEO),CORNING INC /NY,Professional Services,,,C-Suite Executive,,Partial
Finance Lead,Chief Financial Officer (CFO),CORNING INC /NY,Professional Services,,,C-Suite Executive,,Partial
Executive Lead,Chief Executive Officer (CEO),SIEMENS ENERGY AG/ADR,Professional Services,,,C-Suite Executive,,Partial
Finance Lead,Chief Financial Officer (CFO),SIEMENS ENERGY AG/ADR,Professional Services,,,C-Suite Executive,,Partial
Executive Lead,Chief Executive Officer (CEO),DANAHER CORP /DE/,Professional Services,,,C-Suite Executive,,Partial
Finance Lead,Chief Financial Officer (CFO),DANAHER CORP /DE/,Professional Services,,,C-Suite Executive,,Partial
Executive Lead,Chief Executive Officer (CEO),SONY GROUP CORP,Professional Services,,,C-Suite Executive,,Partial
Finance Lead,Chief Financial Officer (CFO),SONY GROUP CORP,Professional Services,,,C-Suite Executive,,Partial
Executive Lead,Chief Executive Officer (CEO),TJX COMPANIES INC /DE/,Professional Services,,,C-Suite Executive,,Partial
Finance Lead,Chief Financial Officer (CFO),TJX COMPANIES INC /DE/,Professional Services,,,C-Suite Executive,,Partial
Executive Lead,Chief Executive Officer (CEO),MIZUHO FINANCIAL GROUP INC,Professional Services,,,C-Suite Executive,,Partial
Finance Lead,Chief Financial Officer (CFO),MIZUHO FINANCIAL GROUP INC,Professional Services,,,C-Suite Executive,,Partial
Executive Lead,Chief Executive Officer (CEO),"SERVICENOW, INC.",Professional Services,,,C-Suite Executive,,Partial
Finance Lead,Chief Financial Officer (CFO),"SERVICENOW, INC.",Professional Services,,,C-Suite Executive,,Partial
Executive Lead,Chief Executive Officer (CEO),PETROBRAS - PETROLEO BRASILEIRO SA,Professional Services,,,C-Suite Executive,,Partial
Finance Lead,Chief Financial Officer (CFO),PETROBRAS - PETROLEO BRASILEIRO SA,Professional Services,,,C-Suite Executive,,Partial
Executive Lead,Chief Executive Officer (CEO),UNILEVER PLC,Professional Services,,,C-Suite Executive,,Partial
Finance Lead,Chief Financial Officer (CFO),UNILEVER PLC,Professional Services,,,C-Suite Executive,,Partial
Executive Lead,Chief Executive Officer (CEO),NEWMONT CORP /DE/,Professional Services,,,C-Suite Executive,,Partial
Finance Lead,Chief Financial Officer (CFO),NEWMONT CORP /DE/,Professional Services,,,C-Suite Executive,,Partial
Executive Lead,Chief Executive Officer (CEO),INTUITIVE SURGICAL INC,Professional Services,,,C-Suite Executive,,Partial
Finance Lead,Chief Financial Officer (CFO),INTUITIVE SURGICAL INC,Professional Services,,,C-Suite Executive,,Partial
Executive Lead,Chief Executive Officer (CEO),"PROLOGIS, INC.",Professional Services,,,C-Suite Executive,,Partial
Finance Lead,Chief Financial Officer (CFO),"PROLOGIS, INC.",Professional Services,,,C-Suite Executive,,Partial
Executive Lead,Chief Executive Officer (CEO),VERTEX PHARMACEUTICALS INC / MA,Professional Services,,,C-Suite Executive,,Partial
Finance Lead,Chief Financial Officer (CFO),VERTEX PHARMACEUTICALS INC / MA,Professional Services,,,C-Suite Executive,,Partial
Executive Lead,Chief Executive Officer (CEO),BOOKING HOLDINGS INC.,Professional Services,,,C-Suite Executive,,Partial
Finance Lead,Chief Financial Officer (CFO),BOOKING HOLDINGS INC.,Professional Services,,,C-Suite Executive,,Partial
Executive Lead,Chief Executive Officer (CEO),CHUBB LTD,Professional Services,,,C-Suite Executive,,Partial
Finance Lead,Chief Financial Officer (CFO),CHUBB LTD,Professional Services,,,C-Suite Executive,,Partial
Executive Lead,Chief Executive Officer (CEO),BRISTOL MYERS SQUIBB CO,Professional Services,,,C-Suite Executive,,Partial
Finance Lead,Chief Financial Officer (CFO),BRISTOL MYERS SQUIBB CO,Professional Services,,,C-Suite Executive,,Partial
Executive Lead,Chief Executive Officer (CEO),CAPITAL ONE FINANCIAL CORP,Professional Services,,,C-Suite Executive,,Partial
Finance Lead,Chief Financial Officer (CFO),CAPITAL ONE FINANCIAL CORP,Professional Services,,,C-Suite Executive,,Partial
Executive Lead,Chief Executive Officer (CEO),PROGRESSIVE CORP/OH/,Professional Services,,,C-Suite Executive,,Partial
Finance Lead,Chief Financial Officer (CFO),PROGRESSIVE CORP/OH/,Professional Services,,,C-Suite Executive,,Partial
Executive Lead,Chief Executive Officer (CEO),BANK OF MONTREAL /CAN/,Professional Services,,,C-Suite Executive,,Partial
Finance Lead,Chief Financial Officer (CFO),BANK OF MONTREAL /CAN/,Professional Services,,,C-Suite Executive,,Partial
Executive Lead,Chief Executive Officer (CEO),LOCKHEED MARTIN CORP,Professional Services,,,C-Suite Executive,,Partial
Finance Lead,Chief Financial Officer (CFO),LOCKHEED MARTIN CORP,Professional Services,,,C-Suite Executive,,Partial
Executive Lead,Chief Executive Officer (CEO),CVS HEALTH CORP,Professional Services,,,C-Suite Executive,,Partial
Finance Lead,Chief Financial Officer (CFO),CVS HEALTH CORP,Professional Services,,,C-Suite Executive,,Partial
Executive Lead,Chief Executive Officer (CEO),S&P GLOBAL INC.,Professional Services,,,C-Suite Executive,,Partial
Finance Lead,Chief Financial Officer (CFO),S&P GLOBAL INC.,Professional Services,,,C-Suite Executive,,Partial
Executive Lead,Chief Executive Officer (CEO),PARKER-HANNIFIN CORP,Professional Services,,,C-Suite Executive,,Partial
Finance Lead,Chief Financial Officer (CFO),PARKER-HANNIFIN CORP,Professional Services,,,C-Suite Executive,,Partial
Executive Lead,Chief Executive Officer (CEO),HDFC BANK LTD,Professional Services,,,C-Suite Executive,,Partial
Finance Lead,Chief Financial Officer (CFO),HDFC BANK LTD,Professional Services,,,C-Suite Executive,,Partial
Executive Lead,Chief Executive Officer (CEO),BRITISH AMERICAN TOBACCO P.L.C.,Professional Services,,,C-Suite Executive,,Partial
Finance Lead,Chief Financial Officer (CFO),BRITISH AMERICAN TOBACCO P.L.C.,Professional Services,,,C-Suite Executive,,Partial
Executive Lead,Chief Executive Officer (CEO),BP PLC,Professional Services,,,C-Suite Executive,,Partial
Finance Lead,Chief Financial Officer (CFO),BP PLC,Professional Services,,,C-Suite Executive,,Partial
Executive Lead,Chief Executive Officer (CEO),MEDTRONIC PLC,Professional Services,,,C-Suite Executive,,Partial
Finance Lead,Chief Financial Officer (CFO),MEDTRONIC PLC,Professional Services,,,C-Suite Executive,,Partial
Executive Lead,Chief Executive Officer (CEO),"ALTRIA GROUP, INC.",Professional Services,,,C-Suite Executive,,Partial
Finance Lead,Chief Financial Officer (CFO),"ALTRIA GROUP, INC.",Professional Services,,,C-Suite Executive,,Partial
Executive Lead,Chief Executive Officer (CEO),SNOWFLAKE INC.,Professional Services,,,C-Suite Executive,,Partial
Finance Lead,Chief Financial Officer (CFO),SNOWFLAKE INC.,Professional Services,,,C-Suite Executive,,Partial
Executive Lead,Chief Executive Officer (CEO),"FORTINET, INC.",Professional Services,,,C-Suite Executive,,Partial
Finance Lead,Chief Financial Officer (CFO),"FORTINET, INC.",Professional Services,,,C-Suite Executive,,Partial
Executive Lead,Chief Executive Officer (CEO),BANK OF NOVA SCOTIA,Professional Services,,,C-Suite Executive,,Partial
Finance Lead,Chief Financial Officer (CFO),BANK OF NOVA SCOTIA,Professional Services,,,C-Suite Executive,,Partial
Executive Lead,Chief Executive Officer (CEO),VALERO ENERGY CORP/TX,Professional Services,,,C-Suite Executive,,Partial
Finance Lead,Chief Financial Officer (CFO),VALERO ENERGY CORP/TX,Professional Services,,,C-Suite Executive,,Partial
Executive Lead,Chief Executive Officer (CEO),STARBUCKS CORP,Professional Services,,,C-Suite Executive,,Partial
Finance Lead,Chief Financial Officer (CFO),STARBUCKS CORP,Professional Services,,,C-Suite Executive,,Partial
Executive Lead,Chief Executive Officer (CEO),MARATHON PETROLEUM CORP,Professional Services,,,C-Suite Executive,,Partial
Finance Lead,Chief Financial Officer (CFO),MARATHON PETROLEUM CORP,Professional Services,,,C-Suite Executive,,Partial
Executive Lead,Chief Executive Officer (CEO),ACCENTURE PLC,Professional Services,,,C-Suite Executive,,Partial
Finance Lead,Chief Financial Officer (CFO),ACCENTURE PLC,Professional Services,,,C-Suite Executive,,Partial
Executive Lead,Chief Executive Officer (CEO),LOWES COMPANIES INC,Professional Services,,,C-Suite Executive,,Partial
Finance Lead,Chief Financial Officer (CFO),LOWES COMPANIES INC,Professional Services,,,C-Suite Executive,,Partial
Executive Lead,Chief Executive Officer (CEO),PDD HOLDINGS INC.,Professional Services,,,C-Suite Executive,,Partial
Finance Lead,Chief Financial Officer (CFO),PDD HOLDINGS INC.,Professional Services,,,C-Suite Executive,,Partial
Executive Lead,Chief Executive Officer (CEO),BANK OF NEW YORK MELLON CORP,Professional Services,,,C-Suite Executive,,Partial
Finance Lead,Chief Financial Officer (CFO),BANK OF NEW YORK MELLON CORP,Professional Services,,,C-Suite Executive,,Partial
Executive Lead,Chief Executive Officer (CEO),APPLOVIN CORP,Professional Services,,,C-Suite Executive,,Partial
Finance Lead,Chief Financial Officer (CFO),APPLOVIN CORP,Professional Services,,,C-Suite Executive,,Partial
Executive Lead,Chief Executive Officer (CEO),"CLOUDFLARE, INC.",Professional Services,,,C-Suite Executive,,Partial
Finance Lead,Chief Financial Officer (CFO),"CLOUDFLARE, INC.",Professional Services,,,C-Suite Executive,,Partial
Executive Lead,Chief Executive Officer (CEO),SPOTIFY TECHNOLOGY S.A.,Professional Services,,,C-Suite Executive,,Partial
Finance Lead,Chief Financial Officer (CFO),SPOTIFY TECHNOLOGY S.A.,Professional Services,,,C-Suite Executive,,Partial
Executive Lead,Chief Executive Officer (CEO),ING GROEP NV,Professional Services,,,C-Suite Executive,,Partial
Finance Lead,Chief Financial Officer (CFO),ING GROEP NV,Professional Services,,,C-Suite Executive,,Partial
Executive Lead,Chief Executive Officer (CEO),AUTOMATIC DATA PROCESSING INC,Professional Services,,,C-Suite Executive,,Partial
Finance Lead,Chief Financial Officer (CFO),AUTOMATIC DATA PROCESSING INC,Professional Services,,,C-Suite Executive,,Partial
Executive Lead,Chief Executive Officer (CEO),EQUINOR ASA,Professional Services,,,C-Suite Executive,,Partial
Finance Lead,Chief Financial Officer (CFO),EQUINOR ASA,Professional Services,,,C-Suite Executive,,Partial
Executive Lead,Chief Executive Officer (CEO),STRYKER CORP,Professional Services,,,C-Suite Executive,,Partial
Finance Lead,Chief Financial Officer (CFO),STRYKER CORP,Professional Services,,,C-Suite Executive,,Partial
Executive Lead,Chief Executive Officer (CEO),ICICI BANK LTD,Professional Services,,,C-Suite Executive,,Partial
Finance Lead,Chief Financial Officer (CFO),ICICI BANK LTD,Professional Services,,,C-Suite Executive,,Partial
Executive Lead,Chief Executive Officer (CEO),ENBRIDGE INC,Professional Services,,,C-Suite Executive,,Partial
Finance Lead,Chief Financial Officer (CFO),ENBRIDGE INC,Professional Services,,,C-Suite Executive,,Partial
Executive Lead,Chief Executive Officer (CEO),PHILLIPS 66,Professional Services,,,C-Suite Executive,,Partial
Finance Lead,Chief Financial Officer (CFO),PHILLIPS 66,Professional Services,,,C-Suite Executive,,Partial
Executive Lead,Chief Executive Officer (CEO),CANADIAN IMPERIAL BANK OF COMMERCE /CAN/,Professional Services,,,C-Suite Executive,,Partial
Finance Lead,Chief Financial Officer (CFO),CANADIAN IMPERIAL BANK OF COMMERCE /CAN/,Professional Services,,,C-Suite Executive,,Partial
Executive Lead,Chief Executive Officer (CEO),"ASE TECHNOLOGY HOLDING CO., LTD.",Professional Services,,,C-Suite Executive,,Partial
Finance Lead,Chief Financial Officer (CFO),"ASE TECHNOLOGY HOLDING CO., LTD.",Professional Services,,,C-Suite Executive,,Partial
Executive Lead,Chief Executive Officer (CEO),EQUINIX INC,Professional Services,,,C-Suite Executive,,Partial
Finance Lead,Chief Financial Officer (CFO),EQUINIX INC,Professional Services,,,C-Suite Executive,,Partial
Executive Lead,Chief Executive Officer (CEO),FREEPORT-MCMORAN INC,Professional Services,,,C-Suite Executive,,Partial
Finance Lead,Chief Financial Officer (CFO),FREEPORT-MCMORAN INC,Professional Services,,,C-Suite Executive,,Partial
Executive Lead,Chief Executive Officer (CEO),MCKESSON CORP,Professional Services,,,C-Suite Executive,,Partial
Finance Lead,Chief Financial Officer (CFO),MCKESSON CORP,Professional Services,,,C-Suite Executive,,Partial
Executive Lead,Chief Executive Officer (CEO),CANADIAN NATURAL RESOURCES LTD,Professional Services,,,C-Suite Executive,,Partial
Finance Lead,Chief Financial Officer (CFO),CANADIAN NATURAL RESOURCES LTD,Professional Services,,,C-Suite Executive,,Partial
Executive Lead,Chief Executive Officer (CEO),SANOFI,Professional Services,,,C-Suite Executive,,Partial
Finance Lead,Chief Financial Officer (CFO),SANOFI,Professional Services,,,C-Suite Executive,,Partial
Executive Lead,Chief Executive Officer (CEO),"AIRBNB, INC.",Professional Services,,,C-Suite Executive,,Partial
Finance Lead,Chief Financial Officer (CFO),"AIRBNB, INC.",Professional Services,,,C-Suite Executive,,Partial
Executive Lead,Chief Executive Officer (CEO),ADOBE INC.,Professional Services,,,C-Suite Executive,,Partial
Finance Lead,Chief Financial Officer (CFO),ADOBE INC.,Professional Services,,,C-Suite Executive,,Partial
Executive Lead,Chief Executive Officer (CEO),CONSTELLATION ENERGY CORP,Professional Services,,,C-Suite Executive,,Partial
Finance Lead,Chief Financial Officer (CFO),CONSTELLATION ENERGY CORP,Professional Services,,,C-Suite Executive,,Partial
Executive Lead,Chief Executive Officer (CEO),"ROBINHOOD MARKETS, INC.",Professional Services,,,C-Suite Executive,,Partial
Finance Lead,Chief Financial Officer (CFO),"ROBINHOOD MARKETS, INC.",Professional Services,,,C-Suite Executive,,Partial
Executive Lead,Chief Executive Officer (CEO),AGNICO EAGLE MINES LTD,Professional Services,,,C-Suite Executive,,Partial
Finance Lead,Chief Financial Officer (CFO),AGNICO EAGLE MINES LTD,Professional Services,,,C-Suite Executive,,Partial
Executive Lead,Chief Executive Officer (CEO),SOUTHERN CO,Professional Services,,,C-Suite Executive,,Partial
Finance Lead,Chief Financial Officer (CFO),SOUTHERN CO,Professional Services,,,C-Suite Executive,,Partial
Executive Lead,Chief Executive Officer (CEO),"TOKIO MARINE HOLDINGS, INC.",Professional Services,,,C-Suite Executive,,Partial
Finance Lead,Chief Financial Officer (CFO),"TOKIO MARINE HOLDINGS, INC.",Professional Services,,,C-Suite Executive,,Partial
Executive Lead,Chief Executive Officer (CEO),VERTIV HOLDINGS CO,Professional Services,,,C-Suite Executive,,Partial
Finance Lead,Chief Financial Officer (CFO),VERTIV HOLDINGS CO,Professional Services,,,C-Suite Executive,,Partial
Executive Lead,Chief Executive Officer (CEO),CME GROUP INC.,Professional Services,,,C-Suite Executive,,Partial
Finance Lead,Chief Financial Officer (CFO),CME GROUP INC.,Professional Services,,,C-Suite Executive,,Partial
Executive Lead,Chief Executive Officer (CEO),US BANCORP \DE\,Professional Services,,,C-Suite Executive,,Partial
Finance Lead,Chief Financial Officer (CFO),US BANCORP \DE\,Professional Services,,,C-Suite Executive,,Partial
Executive Lead,Chief Executive Officer (CEO),TRANE TECHNOLOGIES PLC,Professional Services,,,C-Suite Executive,,Partial
Finance Lead,Chief Financial Officer (CFO),TRANE TECHNOLOGIES PLC,Professional Services,,,C-Suite Executive,,Partial
Executive Lead,Chief Executive Officer (CEO),"PNC FINANCIAL SERVICES GROUP, INC.",Professional Services,,,C-Suite Executive,,Partial
Finance Lead,Chief Financial Officer (CFO),"PNC FINANCIAL SERVICES GROUP, INC.",Professional Services,,,C-Suite Executive,,Partial
Executive Lead,Chief Executive Officer (CEO),"QUANTA SERVICES, INC.",Professional Services,,,C-Suite Executive,,Partial
Finance Lead,Chief Financial Officer (CFO),"QUANTA SERVICES, INC.",Professional Services,,,C-Suite Executive,,Partial
Executive Lead,Chief Executive Officer (CEO),GENERAL DYNAMICS CORP,Professional Services,,,C-Suite Executive,,Partial
Finance Lead,Chief Financial Officer (CFO),GENERAL DYNAMICS CORP,Professional Services,,,C-Suite Executive,,Partial
Executive Lead,Chief Executive Officer (CEO),MERCADOLIBRE INC,Professional Services,,,C-Suite Executive,,Partial
Finance Lead,Chief Financial Officer (CFO),MERCADOLIBRE INC,Professional Services,,,C-Suite Executive,,Partial
Executive Lead,Chief Executive Officer (CEO),GSK PLC,Professional Services,,,C-Suite Executive,,Partial
Finance Lead,Chief Financial Officer (CFO),GSK PLC,Professional Services,,,C-Suite Executive,,Partial
Executive Lead,Chief Executive Officer (CEO),"MIDEA GROUP CO., LTD./ADR",Professional Services,,,C-Suite Executive,,Partial
Finance Lead,Chief Financial Officer (CFO),"MIDEA GROUP CO., LTD./ADR",Professional Services,,,C-Suite Executive,,Partial
Executive Lead,Chief Executive Officer (CEO),KKR & CO. INC.,Professional Services,,,C-Suite Executive,,Partial
Finance Lead,Chief Financial Officer (CFO),KKR & CO. INC.,Professional Services,,,C-Suite Executive,,Partial
Executive Lead,Chief Executive Officer (CEO),DUKE ENERGY CORP,Professional Services,,,C-Suite Executive,,Partial
Finance Lead,Chief Financial Officer (CFO),DUKE ENERGY CORP,Professional Services,,,C-Suite Executive,,Partial
Executive Lead,Chief Executive Officer (CEO),"HCA HEALTHCARE, INC.",Professional Services,,,C-Suite Executive,,Partial
Finance Lead,Chief Financial Officer (CFO),"HCA HEALTHCARE, INC.",Professional Services,,,C-Suite Executive,,Partial
Executive Lead,Chief Executive Officer (CEO),HOWMET AEROSPACE INC.,Professional Services,,,C-Suite Executive,,Partial
Finance Lead,Chief Financial Officer (CFO),HOWMET AEROSPACE INC.,Professional Services,,,C-Suite Executive,,Partial
Executive Lead,Chief Executive Officer (CEO),"SANY HEAVY INDUSTRIES CO., LTD./ADR",Professional Services,,,C-Suite Executive,,Partial
Finance Lead,Chief Financial Officer (CFO),"SANY HEAVY INDUSTRIES CO., LTD./ADR",Professional Services,,,C-Suite Executive,,Partial
Executive Lead,Chief Executive Officer (CEO),ITAU UNIBANCO HOLDING S.A.,Professional Services,,,C-Suite Executive,,Partial
Finance Lead,Chief Financial Officer (CFO),ITAU UNIBANCO HOLDING S.A.,Professional Services,,,C-Suite Executive,,Partial
Executive Lead,Chief Executive Officer (CEO),CSX CORP,Professional Services,,,C-Suite Executive,,Partial
Finance Lead,Chief Financial Officer (CFO),CSX CORP,Professional Services,,,C-Suite Executive,,Partial
Executive Lead,Chief Executive Officer (CEO),"ELEVANCE HEALTH, INC.",Professional Services,,,C-Suite Executive,,Partial
Finance Lead,Chief Financial Officer (CFO),"ELEVANCE HEALTH, INC.",Professional Services,,,C-Suite Executive,,Partial
Executive Lead,Chief Executive Officer (CEO),BARCLAYS PLC,Professional Services,,,C-Suite Executive,,Partial
Finance Lead,Chief Financial Officer (CFO),BARCLAYS PLC,Professional Services,,,C-Suite Executive,,Partial
Executive Lead,Chief Executive Officer (CEO),COMCAST CORP,Professional Services,,,C-Suite Executive,,Partial
Finance Lead,Chief Financial Officer (CFO),COMCAST CORP,Professional Services,,,C-Suite Executive,,Partial
Executive Lead,Chief Executive Officer (CEO),"WILLIAMS COMPANIES, INC.",Professional Services,,,C-Suite Executive,,Partial
Finance Lead,Chief Financial Officer (CFO),"WILLIAMS COMPANIES, INC.",Professional Services,,,C-Suite Executive,,Partial
Executive Lead,Chief Executive Officer (CEO),JOHNSON CONTROLS INTERNATIONAL PLC,Professional Services,,,C-Suite Executive,,Partial
Finance Lead,Chief Financial Officer (CFO),JOHNSON CONTROLS INTERNATIONAL PLC,Professional Services,,,C-Suite Executive,,Partial
Executive Lead,Chief Executive Officer (CEO),"INTERCONTINENTAL EXCHANGE, INC.",Professional Services,,,C-Suite Executive,,Partial
Finance Lead,Chief Financial Officer (CFO),"INTERCONTINENTAL EXCHANGE, INC.",Professional Services,,,C-Suite Executive,,Partial
Executive Lead,Chief Executive Officer (CEO),INFINEON TECHNOLOGIES AG,Professional Services,,,C-Suite Executive,,Partial
Finance Lead,Chief Financial Officer (CFO),INFINEON TECHNOLOGIES AG,Professional Services,,,C-Suite Executive,,Partial
Executive Lead,Chief Executive Officer (CEO),MARRIOTT INTERNATIONAL INC /MD/,Professional Services,,,C-Suite Executive,,Partial
Finance Lead,Chief Financial Officer (CFO),MARRIOTT INTERNATIONAL INC /MD/,Professional Services,,,C-Suite Executive,,Partial
Executive Lead,Chief Executive Officer (CEO),"DOORDASH, INC.",Professional Services,,,C-Suite Executive,,Partial
Finance Lead,Chief Financial Officer (CFO),"DOORDASH, INC.",Professional Services,,,C-Suite Executive,,Partial
Executive Lead,Chief Executive Officer (CEO),LLOYDS BANKING GROUP PLC,Professional Services,,,C-Suite Executive,,Partial
Finance Lead,Chief Financial Officer (CFO),LLOYDS BANKING GROUP PLC,Professional Services,,,C-Suite Executive,,Partial
Executive Lead,Chief Executive Officer (CEO),INTUIT INC.,Professional Services,,,C-Suite Executive,,Partial
Finance Lead,Chief Financial Officer (CFO),INTUIT INC.,Professional Services,,,C-Suite Executive,,Partial
Executive Lead,Chief Executive Officer (CEO),WASTE MANAGEMENT INC,Professional Services,,,C-Suite Executive,,Partial
Finance Lead,Chief Financial Officer (CFO),WASTE MANAGEMENT INC,Professional Services,,,C-Suite Executive,,Partial
Executive Lead,Chief Executive Officer (CEO),BROOKFIELD CORP /ON/,Professional Services,,,C-Suite Executive,,Partial
Finance Lead,Chief Financial Officer (CFO),BROOKFIELD CORP /ON/,Professional Services,,,C-Suite Executive,,Partial
Executive Lead,Chief Executive Officer (CEO),3M CO,Professional Services,,,C-Suite Executive,,Partial
Finance Lead,Chief Financial Officer (CFO),3M CO,Professional Services,,,C-Suite Executive,,Partial
Executive Lead,Chief Executive Officer (CEO),UNITED PARCEL SERVICE INC,Professional Services,,,C-Suite Executive,,Partial
Finance Lead,Chief Financial Officer (CFO),UNITED PARCEL SERVICE INC,Professional Services,,,C-Suite Executive,,Partial
Executive Lead,Chief Executive Officer (CEO),MONSTER BEVERAGE CORP,Professional Services,,,C-Suite Executive,,Partial
Finance Lead,Chief Financial Officer (CFO),MONSTER BEVERAGE CORP,Professional Services,,,C-Suite Executive,,Partial
Executive Lead,Chief Executive Officer (CEO),EMERSON ELECTRIC CO,Professional Services,,,C-Suite Executive,,Partial
Finance Lead,Chief Financial Officer (CFO),EMERSON ELECTRIC CO,Professional Services,,,C-Suite Executive,,Partial
Executive Lead,Chief Executive Officer (CEO),"MARSH & MCLENNAN COMPANIES, INC.",Professional Services,,,C-Suite Executive,,Partial
Finance Lead,Chief Financial Officer (CFO),"MARSH & MCLENNAN COMPANIES, INC.",Professional Services,,,C-Suite Executive,,Partial
Executive Lead,Chief Executive Officer (CEO),ENTERPRISE PRODUCTS PARTNERS L.P.,Professional Services,,,C-Suite Executive,,Partial
Finance Lead,Chief Financial Officer (CFO),ENTERPRISE PRODUCTS PARTNERS L.P.,Professional Services,,,C-Suite Executive,,Partial
Executive Lead,Chief Executive Officer (CEO),LUMENTUM HOLDINGS INC.,Professional Services,,,C-Suite Executive,,Partial
Finance Lead,Chief Financial Officer (CFO),LUMENTUM HOLDINGS INC.,Professional Services,,,C-Suite Executive,,Partial
Executive Lead,Chief Executive Officer (CEO),SLB LIMITED/NV,Professional Services,,,C-Suite Executive,,Partial
Finance Lead,Chief Financial Officer (CFO),SLB LIMITED/NV,Professional Services,,,C-Suite Executive,,Partial
Executive Lead,Chief Executive Officer (CEO),AMERICAN TOWER CORP /MA/,Professional Services,,,C-Suite Executive,,Partial
Finance Lead,Chief Financial Officer (CFO),AMERICAN TOWER CORP /MA/,Professional Services,,,C-Suite Executive,,Partial
Executive Lead,Chief Executive Officer (CEO),MOODYS CORP /DE/,Professional Services,,,C-Suite Executive,,Partial
Finance Lead,Chief Financial Officer (CFO),MOODYS CORP /DE/,Professional Services,,,C-Suite Executive,,Partial
Executive Lead,Chief Executive Officer (CEO),HEWLETT PACKARD ENTERPRISE CO,Professional Services,,,C-Suite Executive,,Partial
Finance Lead,Chief Financial Officer (CFO),HEWLETT PACKARD ENTERPRISE CO,Professional Services,,,C-Suite Executive,,Partial
Executive Lead,Chief Executive Officer (CEO),BLOOM ENERGY CORP,Professional Services,,,C-Suite Executive,,Partial
Finance Lead,Chief Financial Officer (CFO),BLOOM ENERGY CORP,Professional Services,,,C-Suite Executive,,Partial
Executive Lead,Chief Executive Officer (CEO),CINTAS CORP,Professional Services,,,C-Suite Executive,,Partial
Finance Lead,Chief Financial Officer (CFO),CINTAS CORP,Professional Services,,,C-Suite Executive,,Partial
Executive Lead,Chief Executive Officer (CEO),"REGENERON PHARMACEUTICALS, INC.",Professional Services,,,C-Suite Executive,,Partial
Finance Lead,Chief Financial Officer (CFO),"REGENERON PHARMACEUTICALS, INC.",Professional Services,,,C-Suite Executive,,Partial
Executive Lead,Chief Executive Officer (CEO),SUNCOR ENERGY INC,Professional Services,,,C-Suite Executive,,Partial
Finance Lead,Chief Financial Officer (CFO),SUNCOR ENERGY INC,Professional Services,,,C-Suite Executive,,Partial
Executive Lead,Chief Executive Officer (CEO),CADENCE DESIGN SYSTEMS INC,Professional Services,,,C-Suite Executive,,Partial
Finance Lead,Chief Financial Officer (CFO),CADENCE DESIGN SYSTEMS INC,Professional Services,,,C-Suite Executive,,Partial
Executive Lead,Chief Executive Officer (CEO),ENI SPA,Professional Services,,,C-Suite Executive,,Partial
Finance Lead,Chief Financial Officer (CFO),ENI SPA,Professional Services,,,C-Suite Executive,,Partial
Executive Lead,Chief Executive Officer (CEO),"MONDELEZ INTERNATIONAL, INC.",Professional Services,,,C-Suite Executive,,Partial
Finance Lead,Chief Financial Officer (CFO),"MONDELEZ INTERNATIONAL, INC.",Professional Services,,,C-Suite Executive,,Partial
Executive Lead,Chief Executive Officer (CEO),"DATADOG, INC.",Professional Services,,,C-Suite Executive,,Partial
Finance Lead,Chief Financial Officer (CFO),"DATADOG, INC.",Professional Services,,,C-Suite Executive,,Partial
Executive Lead,Chief Executive Officer (CEO),CANADIAN PACIFIC KANSAS CITY LTD/CN,Professional Services,,,C-Suite Executive,,Partial
Finance Lead,Chief Financial Officer (CFO),CANADIAN PACIFIC KANSAS CITY LTD/CN,Professional Services,,,C-Suite Executive,,Partial
Executive Lead,Chief Executive Officer (CEO),SHERWIN WILLIAMS CO,Professional Services,,,C-Suite Executive,,Partial
Finance Lead,Chief Financial Officer (CFO),SHERWIN WILLIAMS CO,Professional Services,,,C-Suite Executive,,Partial
Executive Lead,Chief Executive Officer (CEO),"TRAVELERS COMPANIES, INC.",Professional Services,,,C-Suite Executive,,Partial
Finance Lead,Chief Financial Officer (CFO),"TRAVELERS COMPANIES, INC.",Professional Services,,,C-Suite Executive,,Partial
Executive Lead,Chief Executive Officer (CEO),SIMON PROPERTY GROUP INC.,Professional Services,,,C-Suite Executive,,Partial
Finance Lead,Chief Financial Officer (CFO),SIMON PROPERTY GROUP INC.,Professional Services,,,C-Suite Executive,,Partial
Executive Lead,Chief Executive Officer (CEO),GENERAL MOTORS CO,Professional Services,,,C-Suite Executive,,Partial
Finance Lead,Chief Financial Officer (CFO),GENERAL MOTORS CO,Professional Services,,,C-Suite Executive,,Partial
Executive Lead,Chief Executive Officer (CEO),"MOTOROLA SOLUTIONS, INC.",Professional Services,,,C-Suite Executive,,Partial
Finance Lead,Chief Financial Officer (CFO),"MOTOROLA SOLUTIONS, INC.",Professional Services,,,C-Suite Executive,,Partial
Executive Lead,Chief Executive Officer (CEO),ECOLAB INC.,Professional Services,,,C-Suite Executive,,Partial
Finance Lead,Chief Financial Officer (CFO),ECOLAB INC.,Professional Services,,,C-Suite Executive,,Partial
Executive Lead,Chief Executive Officer (CEO),CARVANA CO.,Professional Services,,,C-Suite Executive,,Partial
Finance Lead,Chief Financial Officer (CFO),CARVANA CO.,Professional Services,,,C-Suite Executive,,Partial
Executive Lead,Chief Executive Officer (CEO),NATIONAL GRID PLC,Professional Services,,,C-Suite Executive,,Partial
Finance Lead,Chief Financial Officer (CFO),NATIONAL GRID PLC,Professional Services,,,C-Suite Executive,,Partial
Executive Lead,Chief Executive Officer (CEO),EOG RESOURCES INC,Professional Services,,,C-Suite Executive,,Partial
Finance Lead,Chief Financial Officer (CFO),EOG RESOURCES INC,Professional Services,,,C-Suite Executive,,Partial
Executive Lead,Chief Executive Officer (CEO),SYNOPSYS INC,Professional Services,,,C-Suite Executive,,Partial
Finance Lead,Chief Financial Officer (CFO),SYNOPSYS INC,Professional Services,,,C-Suite Executive,,Partial
Executive Lead,Chief Executive Officer (CEO),ILLINOIS TOOL WORKS INC,Professional Services,,,C-Suite Executive,,Partial
Finance Lead,Chief Financial Officer (CFO),ILLINOIS TOOL WORKS INC,Professional Services,,,C-Suite Executive,,Partial
Executive Lead,Chief Executive Officer (CEO),CUMMINS INC,Professional Services,,,C-Suite Executive,,Partial
Finance Lead,Chief Financial Officer (CFO),CUMMINS INC,Professional Services,,,C-Suite Executive,,Partial
Executive Lead,Chief Executive Officer (CEO),"APOLLO GLOBAL MANAGEMENT, INC.",Professional Services,,,C-Suite Executive,,Partial
Finance Lead,Chief Financial Officer (CFO),"APOLLO GLOBAL MANAGEMENT, INC.",Professional Services,,,C-Suite Executive,,Partial
Executive Lead,Chief Executive Officer (CEO),DEUTSCHE BANK AKTIENGESELLSCHAFT,Professional Services,,,C-Suite Executive,,Partial
Finance Lead,Chief Financial Officer (CFO),DEUTSCHE BANK AKTIENGESELLSCHAFT,Professional Services,,,C-Suite Executive,,Partial
Executive Lead,Chief Executive Officer (CEO),BAE SYSTEMS PLC /FI/,Professional Services,,,C-Suite Executive,,Partial
Finance Lead,Chief Financial Officer (CFO),BAE SYSTEMS PLC /FI/,Professional Services,,,C-Suite Executive,,Partial
Executive Lead,Chief Executive Officer (CEO),BROOKFIELD ASSET MANAGEMENT LTD.,Professional Services,,,C-Suite Executive,,Partial
Finance Lead,Chief Financial Officer (CFO),BROOKFIELD ASSET MANAGEMENT LTD.,Professional Services,,,C-Suite Executive,,Partial
Executive Lead,Chief Executive Officer (CEO),NATWEST GROUP PLC,Professional Services,,,C-Suite Executive,,Partial
Finance Lead,Chief Financial Officer (CFO),NATWEST GROUP PLC,Professional Services,,,C-Suite Executive,,Partial
Executive Lead,Chief Executive Officer (CEO),ENERGY TRANSFER LP,Professional Services,,,C-Suite Executive,,Partial
Finance Lead,Chief Financial Officer (CFO),ENERGY TRANSFER LP,Professional Services,,,C-Suite Executive,,Partial
Executive Lead,Chief Executive Officer (CEO),"NETEASE, INC.",Professional Services,,,C-Suite Executive,,Partial
Finance Lead,Chief Financial Officer (CFO),"NETEASE, INC.",Professional Services,,,C-Suite Executive,,Partial
Executive Lead,Chief Executive Officer (CEO),FEDEX CORP,Professional Services,,,C-Suite Executive,,Partial
Finance Lead,Chief Financial Officer (CFO),FEDEX CORP,Professional Services,,,C-Suite Executive,,Partial
Executive Lead,Chief Executive Officer (CEO),NORTHROP GRUMMAN CORP /DE/,Professional Services,,,C-Suite Executive,,Partial
Finance Lead,Chief Financial Officer (CFO),NORTHROP GRUMMAN CORP /DE/,Professional Services,,,C-Suite Executive,,Partial
Executive Lead,Chief Executive Officer (CEO),CANADIAN NATIONAL RAILWAY CO,Professional Services,,,C-Suite Executive,,Partial
Finance Lead,Chief Financial Officer (CFO),CANADIAN NATIONAL RAILWAY CO,Professional Services,,,C-Suite Executive,,Partial
Executive Lead,Chief Executive Officer (CEO),"ROSS STORES, INC.",Professional Services,,,C-Suite Executive,,Partial
Finance Lead,Chief Financial Officer (CFO),"ROSS STORES, INC.",Professional Services,,,C-Suite Executive,,Partial
Executive Lead,Chief Executive Officer (CEO),CIGNA GROUP,Professional Services,,,C-Suite Executive,,Partial
Finance Lead,Chief Financial Officer (CFO),CIGNA GROUP,Professional Services,,,C-Suite Executive,,Partial
Executive Lead,Chief Executive Officer (CEO),FERRARI N.V.,Professional Services,,,C-Suite Executive,,Partial
Finance Lead,Chief Financial Officer (CFO),FERRARI N.V.,Professional Services,,,C-Suite Executive,,Partial
Executive Lead,Chief Executive Officer (CEO),MANULIFE FINANCIAL CORP,Professional Services,,,C-Suite Executive,,Partial
Finance Lead,Chief Financial Officer (CFO),MANULIFE FINANCIAL CORP,Professional Services,,,C-Suite Executive,,Partial
Executive Lead,Chief Executive Officer (CEO),NORFOLK SOUTHERN CORP,Professional Services,,,C-Suite Executive,,Partial
Finance Lead,Chief Financial Officer (CFO),NORFOLK SOUTHERN CORP,Professional Services,,,C-Suite Executive,,Partial
Executive Lead,Chief Executive Officer (CEO),"DIGITAL REALTY TRUST, INC.",Professional Services,,,C-Suite Executive,,Partial
Finance Lead,Chief Financial Officer (CFO),"DIGITAL REALTY TRUST, INC.",Professional Services,,,C-Suite Executive,,Partial
Executive Lead,Chief Executive Officer (CEO),BARRICK MINING CORP,Professional Services,,,C-Suite Executive,,Partial
Finance Lead,Chief Financial Officer (CFO),BARRICK MINING CORP,Professional Services,,,C-Suite Executive,,Partial
Executive Lead,Chief Executive Officer (CEO),TARGET CORP,Professional Services,,,C-Suite Executive,,Partial
Finance Lead,Chief Financial Officer (CFO),TARGET CORP,Professional Services,,,C-Suite Executive,,Partial
Executive Lead,Chief Executive Officer (CEO),"WARNER BROS. DISCOVERY, INC.",Professional Services,,,C-Suite Executive,,Partial
Finance Lead,Chief Financial Officer (CFO),"WARNER BROS. DISCOVERY, INC.",Professional Services,,,C-Suite Executive,,Partial
Executive Lead,Chief Executive Officer (CEO),NU HOLDINGS LTD.,Professional Services,,,C-Suite Executive,,Partial
Finance Lead,Chief Financial Officer (CFO),NU HOLDINGS LTD.,Professional Services,,,C-Suite Executive,,Partial
Executive Lead,Chief Executive Officer (CEO),ROYAL CARIBBEAN CRUISES LTD,Professional Services,,,C-Suite Executive,,Partial
Finance Lead,Chief Financial Officer (CFO),ROYAL CARIBBEAN CRUISES LTD,Professional Services,,,C-Suite Executive,,Partial
Executive Lead,Chief Executive Officer (CEO),WHEATON PRECIOUS METALS CORP.,Professional Services,,,C-Suite Executive,,Partial
Finance Lead,Chief Financial Officer (CFO),WHEATON PRECIOUS METALS CORP.,Professional Services,,,C-Suite Executive,,Partial
Executive Lead,Chief Executive Officer (CEO),O REILLY AUTOMOTIVE INC,Professional Services,,,C-Suite Executive,,Partial
Finance Lead,Chief Financial Officer (CFO),O REILLY AUTOMOTIVE INC,Professional Services,,,C-Suite Executive,,Partial
Executive Lead,Chief Executive Officer (CEO),COLGATE PALMOLIVE CO,Professional Services,,,C-Suite Executive,,Partial
Finance Lead,Chief Financial Officer (CFO),COLGATE PALMOLIVE CO,Professional Services,,,C-Suite Executive,,Partial
Executive Lead,Chief Executive Officer (CEO),HILTON WORLDWIDE HOLDINGS INC.,Professional Services,,,C-Suite Executive,,Partial
Finance Lead,Chief Financial Officer (CFO),HILTON WORLDWIDE HOLDINGS INC.,Professional Services,,,C-Suite Executive,,Partial
Executive Lead,Chief Executive Officer (CEO),"KINDER MORGAN, INC.",Professional Services,,,C-Suite Executive,,Partial
Finance Lead,Chief Financial Officer (CFO),"KINDER MORGAN, INC.",Professional Services,,,C-Suite Executive,,Partial
Executive Lead,Chief Executive Officer (CEO),"REPUBLIC SERVICES, INC.",Professional Services,,,C-Suite Executive,,Partial
Finance Lead,Chief Financial Officer (CFO),"REPUBLIC SERVICES, INC.",Professional Services,,,C-Suite Executive,,Partial
Executive Lead,Chief Executive Officer (CEO),AMERICA MOVIL SAB DE CV/,Professional Services,,,C-Suite Executive,,Partial
Finance Lead,Chief Financial Officer (CFO),AMERICA MOVIL SAB DE CV/,Professional Services,,,C-Suite Executive,,Partial
Executive Lead,Chief Executive Officer (CEO),AMERICAN ELECTRIC POWER CO INC,Professional Services,,,C-Suite Executive,,Partial
Finance Lead,Chief Financial Officer (CFO),AMERICAN ELECTRIC POWER CO INC,Professional Services,,,C-Suite Executive,,Partial
Executive Lead,Chief Executive Officer (CEO),SEA LTD,Professional Services,,,C-Suite Executive,,Partial
Finance Lead,Chief Financial Officer (CFO),SEA LTD,Professional Services,,,C-Suite Executive,,Partial
Executive Lead,Chief Executive Officer (CEO),PACCAR INC,Professional Services,,,C-Suite Executive,,Partial
Finance Lead,Chief Financial Officer (CFO),PACCAR INC,Professional Services,,,C-Suite Executive,,Partial
Executive Lead,Chief Executive Officer (CEO),"AIR PRODUCTS & CHEMICALS, INC.",Professional Services,,,C-Suite Executive,,Partial
Finance Lead,Chief Financial Officer (CFO),"AIR PRODUCTS & CHEMICALS, INC.",Professional Services,,,C-Suite Executive,,Partial
Executive Lead,Chief Executive Officer (CEO),AON PLC,Professional Services,,,C-Suite Executive,,Partial
Finance Lead,Chief Financial Officer (CFO),AON PLC,Professional Services,,,C-Suite Executive,,Partial
Executive Lead,Chief Executive Officer (CEO),VALE S.A.,Professional Services,,,C-Suite Executive,,Partial
Finance Lead,Chief Financial Officer (CFO),VALE S.A.,Professional Services,,,C-Suite Executive,,Partial
Executive Lead,Chief Executive Officer (CEO),ALLSTATE CORP,Professional Services,,,C-Suite Executive,,Partial
Finance Lead,Chief Financial Officer (CFO),ALLSTATE CORP,Professional Services,,,C-Suite Executive,,Partial
Executive Lead,Chief Executive Officer (CEO),HONEYWELL INTERNATIONAL INC,Professional Services,,,C-Suite Executive,,Partial
Finance Lead,Chief Financial Officer (CFO),HONEYWELL INTERNATIONAL INC,Professional Services,,,C-Suite Executive,,Partial
Executive Lead,Chief Executive Officer (CEO),TRANSDIGM GROUP INC,Professional Services,,,C-Suite Executive,,Partial
Finance Lead,Chief Financial Officer (CFO),TRANSDIGM GROUP INC,Professional Services,,,C-Suite Executive,,Partial
Executive Lead,Chief Executive Officer (CEO),BOSTON SCIENTIFIC CORP,Professional Services,,,C-Suite Executive,,Partial
Finance Lead,Chief Financial Officer (CFO),BOSTON SCIENTIFIC CORP,Professional Services,,,C-Suite Executive,,Partial
Executive Lead,Chief Executive Officer (CEO),TARGA RESOURCES CORP.,Professional Services,,,C-Suite Executive,,Partial
Finance Lead,Chief Financial Officer (CFO),TARGA RESOURCES CORP.,Professional Services,,,C-Suite Executive,,Partial
Executive Lead,Chief Executive Officer (CEO),NOKIA CORP,Professional Services,,,C-Suite Executive,,Partial
Finance Lead,Chief Financial Officer (CFO),NOKIA CORP,Professional Services,,,C-Suite Executive,,Partial
Executive Lead,Chief Executive Officer (CEO),TRUIST FINANCIAL CORP,Professional Services,,,C-Suite Executive,,Partial
Finance Lead,Chief Financial Officer (CFO),TRUIST FINANCIAL CORP,Professional Services,,,C-Suite Executive,,Partial
Executive Lead,Chief Executive Officer (CEO),ARGENX SE,Professional Services,,,C-Suite Executive,,Partial
Finance Lead,Chief Financial Officer (CFO),ARGENX SE,Professional Services,,,C-Suite Executive,,Partial
Executive Lead,Chief Executive Officer (CEO),ARTHUR J. GALLAGHER & CO.,Professional Services,,,C-Suite Executive,,Partial
Finance Lead,Chief Financial Officer (CFO),ARTHUR J. GALLAGHER & CO.,Professional Services,,,C-Suite Executive,,Partial
Executive Lead,Chief Executive Officer (CEO),TE CONNECTIVITY PLC,Professional Services,,,C-Suite Executive,,Partial
Finance Lead,Chief Financial Officer (CFO),TE CONNECTIVITY PLC,Professional Services,,,C-Suite Executive,,Partial
Executive Lead,Chief Executive Officer (CEO),METLIFE INC,Professional Services,,,C-Suite Executive,,Partial
Finance Lead,Chief Financial Officer (CFO),METLIFE INC,Professional Services,,,C-Suite Executive,,Partial
Executive Lead,Chief Executive Officer (CEO),"UNITED RENTALS, INC.",Professional Services,,,C-Suite Executive,,Partial
Finance Lead,Chief Financial Officer (CFO),"UNITED RENTALS, INC.",Professional Services,,,C-Suite Executive,,Partial
Executive Lead,Chief Executive Officer (CEO),OCCIDENTAL PETROLEUM CORP /DE/,Professional Services,,,C-Suite Executive,,Partial
Finance Lead,Chief Financial Officer (CFO),OCCIDENTAL PETROLEUM CORP /DE/,Professional Services,,,C-Suite Executive,,Partial
Executive Lead,Chief Executive Officer (CEO),"CENCORA, INC.",Professional Services,,,C-Suite Executive,,Partial
Finance Lead,Chief Financial Officer (CFO),"CENCORA, INC.",Professional Services,,,C-Suite Executive,,Partial
Executive Lead,Chief Executive Officer (CEO),NEBIUS GROUP N.V.,Professional Services,,,C-Suite Executive,,Partial
Finance Lead,Chief Financial Officer (CFO),NEBIUS GROUP N.V.,Professional Services,,,C-Suite Executive,,Partial
Executive Lead,Chief Executive Officer (CEO),ONEOK INC /NEW/,Professional Services,,,C-Suite Executive,,Partial
Finance Lead,Chief Financial Officer (CFO),ONEOK INC /NEW/,Professional Services,,,C-Suite Executive,,Partial
Executive Lead,Chief Executive Officer (CEO),"W.W. GRAINGER, INC.",Professional Services,,,C-Suite Executive,,Partial
Finance Lead,Chief Financial Officer (CFO),"W.W. GRAINGER, INC.",Professional Services,,,C-Suite Executive,,Partial
Executive Lead,Chief Executive Officer (CEO),"MONOLITHIC POWER SYSTEMS, INC.",Professional Services,,,C-Suite Executive,,Partial
Finance Lead,Chief Financial Officer (CFO),"MONOLITHIC POWER SYSTEMS, INC.",Professional Services,,,C-Suite Executive,,Partial
Executive Lead,Chief Executive Officer (CEO),MPLX LP,Professional Services,,,C-Suite Executive,,Partial
Finance Lead,Chief Financial Officer (CFO),MPLX LP,Professional Services,,,C-Suite Executive,,Partial
Executive Lead,Chief Executive Officer (CEO),CENOVUS ENERGY INC.,Professional Services,,,C-Suite Executive,,Partial
Finance Lead,Chief Financial Officer (CFO),CENOVUS ENERGY INC.,Professional Services,,,C-Suite Executive,,Partial
Executive Lead,Chief Executive Officer (CEO),COHERENT CORP.,Professional Services,,,C-Suite Executive,,Partial
Finance Lead,Chief Financial Officer (CFO),COHERENT CORP.,Professional Services,,,C-Suite Executive,,Partial
Executive Lead,Chief Executive Officer (CEO),NXP SEMICONDUCTORS N.V.,Professional Services,,,C-Suite Executive,,Partial
Finance Lead,Chief Financial Officer (CFO),NXP SEMICONDUCTORS N.V.,Professional Services,,,C-Suite Executive,,Partial
Executive Lead,Chief Executive Officer (CEO),GREAT-WEST LIFECO INC.,Professional Services,,,C-Suite Executive,,Partial
Finance Lead,Chief Financial Officer (CFO),GREAT-WEST LIFECO INC.,Professional Services,,,C-Suite Executive,,Partial
Executive Lead,Chief Executive Officer (CEO),"TERADYNE, INC",Professional Services,,,C-Suite Executive,,Partial
Finance Lead,Chief Financial Officer (CFO),"TERADYNE, INC",Professional Services,,,C-Suite Executive,,Partial
Executive Lead,Chief Executive Officer (CEO),CRH PUBLIC LTD CO,Professional Services,,,C-Suite Executive,,Partial
Finance Lead,Chief Financial Officer (CFO),CRH PUBLIC LTD CO,Professional Services,,,C-Suite Executive,,Partial
Executive Lead,Chief Executive Officer (CEO),COMFORT SYSTEMS USA INC,Professional Services,,,C-Suite Executive,,Partial
Finance Lead,Chief Financial Officer (CFO),COMFORT SYSTEMS USA INC,Professional Services,,,C-Suite Executive,,Partial
Executive Lead,Chief Executive Officer (CEO),NUCOR CORP,Professional Services,,,C-Suite Executive,,Partial
Finance Lead,Chief Financial Officer (CFO),NUCOR CORP,Professional Services,,,C-Suite Executive,,Partial
Executive Lead,Chief Executive Officer (CEO),"MODERNA, INC.",Professional Services,,,C-Suite Executive,,Partial
Finance Lead,Chief Financial Officer (CFO),"MODERNA, INC.",Professional Services,,,C-Suite Executive,,Partial
Executive Lead,Chief Executive Officer (CEO),RELX PLC,Professional Services,,,C-Suite Executive,,Partial
Finance Lead,Chief Financial Officer (CFO),RELX PLC,Professional Services,,,C-Suite Executive,,Partial
Executive Lead,Chief Executive Officer (CEO),TAKEDA PHARMACEUTICAL CO LTD,Professional Services,,,C-Suite Executive,,Partial
Finance Lead,Chief Financial Officer (CFO),TAKEDA PHARMACEUTICAL CO LTD,Professional Services,,,C-Suite Executive,,Partial
Executive Lead,Chief Executive Officer (CEO),BAKER HUGHES CO,Professional Services,,,C-Suite Executive,,Partial
Finance Lead,Chief Financial Officer (CFO),BAKER HUGHES CO,Professional Services,,,C-Suite Executive,,Partial
Executive Lead,Chief Executive Officer (CEO),AFLAC INC,Professional Services,,,C-Suite Executive,,Partial
Finance Lead,Chief Financial Officer (CFO),AFLAC INC,Professional Services,,,C-Suite Executive,,Partial
Executive Lead,Chief Executive Officer (CEO),"KEYSIGHT TECHNOLOGIES, INC.",Professional Services,,,C-Suite Executive,,Partial
Finance Lead,Chief Financial Officer (CFO),"KEYSIGHT TECHNOLOGIES, INC.",Professional Services,,,C-Suite Executive,,Partial
Executive Lead,Chief Executive Officer (CEO),"CHENIERE ENERGY, INC.",Professional Services,,,C-Suite Executive,,Partial
Finance Lead,Chief Financial Officer (CFO),"CHENIERE ENERGY, INC.",Professional Services,,,C-Suite Executive,,Partial
Executive Lead,Chief Executive Officer (CEO),CSL LTD,Professional Services,,,C-Suite Executive,,Partial
Finance Lead,Chief Financial Officer (CFO),CSL LTD,Professional Services,,,C-Suite Executive,,Partial
Executive Lead,Chief Executive Officer (CEO),"DOMINION ENERGY, INC",Professional Services,,,C-Suite Executive,,Partial
Finance Lead,Chief Financial Officer (CFO),"DOMINION ENERGY, INC",Professional Services,,,C-Suite Executive,,Partial
Executive Lead,Chief Executive Officer (CEO),"DIAMONDBACK ENERGY, INC.",Professional Services,,,C-Suite Executive,,Partial
Finance Lead,Chief Financial Officer (CFO),"DIAMONDBACK ENERGY, INC.",Professional Services,,,C-Suite Executive,,Partial
Executive Lead,Chief Executive Officer (CEO),UNITED MICROELECTRONICS CORP,Professional Services,,,C-Suite Executive,,Partial
Finance Lead,Chief Financial Officer (CFO),UNITED MICROELECTRONICS CORP,Professional Services,,,C-Suite Executive,,Partial
Executive Lead,Chief Executive Officer (CEO),FASTENAL CO,Professional Services,,,C-Suite Executive,,Partial
Finance Lead,Chief Financial Officer (CFO),FASTENAL CO,Professional Services,,,C-Suite Executive,,Partial
Executive Lead,Chief Executive Officer (CEO),REALTY INCOME CORP,Professional Services,,,C-Suite Executive,,Partial
Finance Lead,Chief Financial Officer (CFO),REALTY INCOME CORP,Professional Services,,,C-Suite Executive,,Partial
Executive Lead,Chief Executive Officer (CEO),ARCELORMITTAL,Professional Services,,,C-Suite Executive,,Partial
Finance Lead,Chief Financial Officer (CFO),ARCELORMITTAL,Professional Services,,,C-Suite Executive,,Partial
Executive Lead,Chief Executive Officer (CEO),FORD MOTOR CO,Professional Services,,,C-Suite Executive,,Partial
Finance Lead,Chief Financial Officer (CFO),FORD MOTOR CO,Professional Services,,,C-Suite Executive,,Partial
Executive Lead,Chief Executive Officer (CEO),"CORTEVA, INC.",Professional Services,,,C-Suite Executive,,Partial
Finance Lead,Chief Financial Officer (CFO),"CORTEVA, INC.",Professional Services,,,C-Suite Executive,,Partial
Executive Lead,Chief Executive Officer (CEO),AMETEK INC/,Professional Services,,,C-Suite Executive,,Partial
Finance Lead,Chief Financial Officer (CFO),AMETEK INC/,Professional Services,,,C-Suite Executive,,Partial
Executive Lead,Chief Executive Officer (CEO),PUBLIC STORAGE,Professional Services,,,C-Suite Executive,,Partial
Finance Lead,Chief Financial Officer (CFO),PUBLIC STORAGE,Professional Services,,,C-Suite Executive,,Partial
Executive Lead,Chief Executive Officer (CEO),DEVON ENERGY CORP/DE,Professional Services,,,C-Suite Executive,,Partial
Finance Lead,Chief Financial Officer (CFO),DEVON ENERGY CORP/DE,Professional Services,,,C-Suite Executive,,Partial
Executive Lead,Chief Executive Officer (CEO),"NIKE, INC.",Professional Services,,,C-Suite Executive,,Partial
Finance Lead,Chief Financial Officer (CFO),"NIKE, INC.",Professional Services,,,C-Suite Executive,,Partial
Executive Lead,Chief Executive Officer (CEO),SEMPRA,Professional Services,,,C-Suite Executive,,Partial
Finance Lead,Chief Financial Officer (CFO),SEMPRA,Professional Services,,,C-Suite Executive,,Partial
Executive Lead,Chief Executive Officer (CEO),CARDINAL HEALTH INC,Professional Services,,,C-Suite Executive,,Partial
Finance Lead,Chief Financial Officer (CFO),CARDINAL HEALTH INC,Professional Services,,,C-Suite Executive,,Partial
Executive Lead,Chief Executive Officer (CEO),GARMIN LTD,Professional Services,,,C-Suite Executive,,Partial
Finance Lead,Chief Financial Officer (CFO),GARMIN LTD,Professional Services,,,C-Suite Executive,,Partial
Executive Lead,Chief Executive Officer (CEO),LONDON STOCK EXCHANGE GROUP PLC,Professional Services,,,C-Suite Executive,,Partial
Finance Lead,Chief Financial Officer (CFO),LONDON STOCK EXCHANGE GROUP PLC,Professional Services,,,C-Suite Executive,,Partial
Executive Lead,Chief Executive Officer (CEO),E.ON SE,Professional Services,,,C-Suite Executive,,Partial
Finance Lead,Chief Financial Officer (CFO),E.ON SE,Professional Services,,,C-Suite Executive,,Partial
Executive Lead,Chief Executive Officer (CEO),STATE STREET CORP,Professional Services,,,C-Suite Executive,,Partial
Finance Lead,Chief Financial Officer (CFO),STATE STREET CORP,Professional Services,,,C-Suite Executive,,Partial
Executive Lead,Chief Executive Officer (CEO),"DELTA AIR LINES, INC.",Professional Services,,,C-Suite Executive,,Partial
Finance Lead,Chief Financial Officer (CFO),"DELTA AIR LINES, INC.",Professional Services,,,C-Suite Executive,,Partial
Executive Lead,Chief Executive Officer (CEO),ANGLOGOLD ASHANTI PLC,Professional Services,,,C-Suite Executive,,Partial
Finance Lead,Chief Financial Officer (CFO),ANGLOGOLD ASHANTI PLC,Professional Services,,,C-Suite Executive,,Partial
Executive Lead,Chief Executive Officer (CEO),STRATEGY INC,Professional Services,,,C-Suite Executive,,Partial
Finance Lead,Chief Financial Officer (CFO),STRATEGY INC,Professional Services,,,C-Suite Executive,,Partial
Executive Lead,Chief Executive Officer (CEO),"ASTERA LABS, INC.",Professional Services,,,C-Suite Executive,,Partial
Finance Lead,Chief Financial Officer (CFO),"ASTERA LABS, INC.",Professional Services,,,C-Suite Executive,,Partial
Executive Lead,Chief Executive Officer (CEO),FRANCO NEVADA CORP,Professional Services,,,C-Suite Executive,,Partial
Finance Lead,Chief Financial Officer (CFO),FRANCO NEVADA CORP,Professional Services,,,C-Suite Executive,,Partial
Executive Lead,Chief Executive Officer (CEO),"NASDAQ, INC.",Professional Services,,,C-Suite Executive,,Partial
Finance Lead,Chief Financial Officer (CFO),"NASDAQ, INC.",Professional Services,,,C-Suite Executive,,Partial
Executive Lead,Chief Executive Officer (CEO),VIVMARK RESIDENTIAL,Professional Services,,,C-Suite Executive,,Partial
Finance Lead,Chief Financial Officer (CFO),VIVMARK RESIDENTIAL,Professional Services,,,C-Suite Executive,,Partial
Executive Lead,Chief Executive Officer (CEO),ENTERGY CORP /DE/,Professional Services,,,C-Suite Executive,,Partial
Finance Lead,Chief Financial Officer (CFO),ENTERGY CORP /DE/,Professional Services,,,C-Suite Executive,,Partial
Executive Lead,Chief Executive Officer (CEO),HONEYWELL AEROSPACE INC.,Professional Services,,,C-Suite Executive,,Partial
Finance Lead,Chief Financial Officer (CFO),HONEYWELL AEROSPACE INC.,Professional Services,,,C-Suite Executive,,Partial
Executive Lead,Chief Executive Officer (CEO),VISTRA CORP.,Professional Services,,,C-Suite Executive,,Partial
Finance Lead,Chief Financial Officer (CFO),VISTRA CORP.,Professional Services,,,C-Suite Executive,,Partial
Executive Lead,Chief Executive Officer (CEO),FIFTH THIRD BANCORP,Professional Services,,,C-Suite Executive,,Partial
Finance Lead,Chief Financial Officer (CFO),FIFTH THIRD BANCORP,Professional Services,,,C-Suite Executive,,Partial
Executive Lead,Chief Executive Officer (CEO),CIENA CORP,Professional Services,,,C-Suite Executive,,Partial
Finance Lead,Chief Financial Officer (CFO),CIENA CORP,Professional Services,,,C-Suite Executive,,Partial
Executive Lead,Chief Executive Officer (CEO),"COREWEAVE, INC.",Professional Services,,,C-Suite Executive,,Partial
Finance Lead,Chief Financial Officer (CFO),"COREWEAVE, INC.",Professional Services,,,C-Suite Executive,,Partial
Executive Lead,Chief Executive Officer (CEO),HUMANA INC,Professional Services,,,C-Suite Executive,,Partial
Finance Lead,Chief Financial Officer (CFO),HUMANA INC,Professional Services,,,C-Suite Executive,,Partial
Executive Lead,Chief Executive Officer (CEO),AMERIPRISE FINANCIAL INC,Professional Services,,,C-Suite Executive,,Partial
Finance Lead,Chief Financial Officer (CFO),AMERIPRISE FINANCIAL INC,Professional Services,,,C-Suite Executive,,Partial
Executive Lead,Chief Executive Officer (CEO),EDWARDS LIFESCIENCES CORP,Professional Services,,,C-Suite Executive,,Partial
Finance Lead,Chief Financial Officer (CFO),EDWARDS LIFESCIENCES CORP,Professional Services,,,C-Suite Executive,,Partial
Executive Lead,Chief Executive Officer (CEO),BECTON DICKINSON & CO,Professional Services,,,C-Suite Executive,,Partial
Finance Lead,Chief Financial Officer (CFO),BECTON DICKINSON & CO,Professional Services,,,C-Suite Executive,,Partial
Executive Lead,Chief Executive Officer (CEO),DIAGEO PLC,Professional Services,,,C-Suite Executive,,Partial
Finance Lead,Chief Financial Officer (CFO),DIAGEO PLC,Professional Services,,,C-Suite Executive,,Partial
Executive Lead,Chief Executive Officer (CEO),CARRIER GLOBAL CORP,Professional Services,,,C-Suite Executive,,Partial
Finance Lead,Chief Financial Officer (CFO),CARRIER GLOBAL CORP,Professional Services,,,C-Suite Executive,,Partial
Executive Lead,Chief Executive Officer (CEO),WESTINGHOUSE AIR BRAKE TECHNOLOGIES CORP,Professional Services,,,C-Suite Executive,,Partial
Finance Lead,Chief Financial Officer (CFO),WESTINGHOUSE AIR BRAKE TECHNOLOGIES CORP,Professional Services,,,C-Suite Executive,,Partial
Executive Lead,Chief Executive Officer (CEO),"ROCKWELL AUTOMATION, INC",Professional Services,,,C-Suite Executive,,Partial
Finance Lead,Chief Financial Officer (CFO),"ROCKWELL AUTOMATION, INC",Professional Services,,,C-Suite Executive,,Partial
Executive Lead,Chief Executive Officer (CEO),EBAY INC,Professional Services,,,C-Suite Executive,,Partial
Finance Lead,Chief Financial Officer (CFO),EBAY INC,Professional Services,,,C-Suite Executive,,Partial
Executive Lead,Chief Executive Officer (CEO),"BLOCK, INC.",Professional Services,,,C-Suite Executive,,Partial
Finance Lead,Chief Financial Officer (CFO),"BLOCK, INC.",Professional Services,,,C-Suite Executive,,Partial
Executive Lead,Chief Executive Officer (CEO),"NATERA, INC.",Professional Services,,,C-Suite Executive,,Partial
Finance Lead,Chief Financial Officer (CFO),"NATERA, INC.",Professional Services,,,C-Suite Executive,,Partial
Executive Lead,Chief Executive Officer (CEO),XCEL ENERGY INC,Professional Services,,,C-Suite Executive,,Partial
Finance Lead,Chief Financial Officer (CFO),XCEL ENERGY INC,Professional Services,,,C-Suite Executive,,Partial
Executive Lead,Chief Executive Officer (CEO),AMBEV S.A.,Professional Services,,,C-Suite Executive,,Partial
Finance Lead,Chief Financial Officer (CFO),AMBEV S.A.,Professional Services,,,C-Suite Executive,,Partial
Executive Lead,Chief Executive Officer (CEO),KB FINANCIAL GROUP INC.,Professional Services,,,C-Suite Executive,,Partial
Finance Lead,Chief Financial Officer (CFO),KB FINANCIAL GROUP INC.,Professional Services,,,C-Suite Executive,,Partial
Executive Lead,Chief Executive Officer (CEO),"VENTAS, INC.",Professional Services,,,C-Suite Executive,,Partial
Finance Lead,Chief Financial Officer (CFO),"VENTAS, INC.",Professional Services,,,C-Suite Executive,,Partial
Executive Lead,Chief Executive Officer (CEO),"COINBASE GLOBAL, INC.",Professional Services,,,C-Suite Executive,,Partial
Finance Lead,Chief Financial Officer (CFO),"COINBASE GLOBAL, INC.",Professional Services,,,C-Suite Executive,,Partial
Executive Lead,Chief Executive Officer (CEO),STMICROELECTRONICS N.V.,Professional Services,,,C-Suite Executive,,Partial
Finance Lead,Chief Financial Officer (CFO),STMICROELECTRONICS N.V.,Professional Services,,,C-Suite Executive,,Partial
Executive Lead,Chief Executive Officer (CEO),"PAYPAL HOLDINGS, INC.",Professional Services,,,C-Suite Executive,,Partial
Finance Lead,Chief Financial Officer (CFO),"PAYPAL HOLDINGS, INC.",Professional Services,,,C-Suite Executive,,Partial
Executive Lead,Chief Executive Officer (CEO),"L3HARRIS TECHNOLOGIES, INC. /DE/",Professional Services,,,C-Suite Executive,,Partial
Finance Lead,Chief Financial Officer (CFO),"L3HARRIS TECHNOLOGIES, INC. /DE/",Professional Services,,,C-Suite Executive,,Partial
Executive Lead,Chief Executive Officer (CEO),CHIPOTLE MEXICAN GRILL INC,Professional Services,,,C-Suite Executive,,Partial
Finance Lead,Chief Financial Officer (CFO),CHIPOTLE MEXICAN GRILL INC,Professional Services,,,C-Suite Executive,,Partial
Executive Lead,Chief Executive Officer (CEO),CEREBRAS SYSTEMS INC.,Professional Services,,,C-Suite Executive,,Partial
Finance Lead,Chief Financial Officer (CFO),CEREBRAS SYSTEMS INC.,Professional Services,,,C-Suite Executive,,Partial
Executive Lead,Chief Executive Officer (CEO),ATLASSIAN CORP,Professional Services,,,C-Suite Executive,,Partial
Finance Lead,Chief Financial Officer (CFO),ATLASSIAN CORP,Professional Services,,,C-Suite Executive,,Partial
Executive Lead,Chief Executive Officer (CEO),COCA-COLA EUROPACIFIC PARTNERS PLC,Professional Services,,,C-Suite Executive,,Partial
Finance Lead,Chief Financial Officer (CFO),COCA-COLA EUROPACIFIC PARTNERS PLC,Professional Services,,,C-Suite Executive,,Partial
Executive Lead,Chief Executive Officer (CEO),BANCO SANTANDER (BRASIL) S.A.,Professional Services,,,C-Suite Executive,,Partial
Finance Lead,Chief Financial Officer (CFO),BANCO SANTANDER (BRASIL) S.A.,Professional Services,,,C-Suite Executive,,Partial
Executive Lead,Chief Executive Officer (CEO),"WORKDAY, INC.",Professional Services,,,C-Suite Executive,,Partial
Finance Lead,Chief Financial Officer (CFO),"WORKDAY, INC.",Professional Services,,,C-Suite Executive,,Partial
Executive Lead,Chief Executive Officer (CEO),"AUTODESK, INC.",Professional Services,,,C-Suite Executive,,Partial
Finance Lead,Chief Financial Officer (CFO),"AUTODESK, INC.",Professional Services,,,C-Suite Executive,,Partial
Executive Lead,Chief Executive Officer (CEO),EXELON CORP,Professional Services,,,C-Suite Executive,,Partial
Finance Lead,Chief Financial Officer (CFO),EXELON CORP,Professional Services,,,C-Suite Executive,,Partial
Executive Lead,Chief Executive Officer (CEO),INFOSYS LTD,Professional Services,,,C-Suite Executive,,Partial
Finance Lead,Chief Financial Officer (CFO),INFOSYS LTD,Professional Services,,,C-Suite Executive,,Partial
Executive Lead,Chief Executive Officer (CEO),SUN LIFE FINANCIAL INC,Professional Services,,,C-Suite Executive,,Partial
Finance Lead,Chief Financial Officer (CFO),SUN LIFE FINANCIAL INC,Professional Services,,,C-Suite Executive,,Partial
Executive Lead,Chief Executive Officer (CEO),GALDERMA GROUP AG/ADR,Professional Services,,,C-Suite Executive,,Partial
Finance Lead,Chief Financial Officer (CFO),GALDERMA GROUP AG/ADR,Professional Services,,,C-Suite Executive,,Partial
Executive Lead,Chief Executive Officer (CEO),HEICO CORP,Professional Services,,,C-Suite Executive,,Partial
Finance Lead,Chief Financial Officer (CFO),HEICO CORP,Professional Services,,,C-Suite Executive,,Partial
Executive Lead,Chief Executive Officer (CEO),"REVOLUTION MEDICINES, INC.",Professional Services,,,C-Suite Executive,,Partial
Finance Lead,Chief Financial Officer (CFO),"REVOLUTION MEDICINES, INC.",Professional Services,,,C-Suite Executive,,Partial
Executive Lead,Chief Executive Officer (CEO),BAYERISCHE MOTOREN WERKE AG/ADR,Professional Services,,,C-Suite Executive,,Partial
Finance Lead,Chief Financial Officer (CFO),BAYERISCHE MOTOREN WERKE AG/ADR,Professional Services,,,C-Suite Executive,,Partial
Executive Lead,Chief Executive Officer (CEO),ARES MANAGEMENT CORP,Professional Services,,,C-Suite Executive,,Partial
Finance Lead,Chief Financial Officer (CFO),ARES MANAGEMENT CORP,Professional Services,,,C-Suite Executive,,Partial
Executive Lead,Chief Executive Officer (CEO),MEDLINE INC.,Professional Services,,,C-Suite Executive,,Partial
Finance Lead,Chief Financial Officer (CFO),MEDLINE INC.,Professional Services,,,C-Suite Executive,,Partial
Executive Lead,Chief Executive Officer (CEO),RECKITT BENCKISER GROUP PLC,Professional Services,,,C-Suite Executive,,Partial
Finance Lead,Chief Financial Officer (CFO),RECKITT BENCKISER GROUP PLC,Professional Services,,,C-Suite Executive,,Partial
Executive Lead,Chief Executive Officer (CEO),FERGUSON ENTERPRISES INC. /DE/,Professional Services,,,C-Suite Executive,,Partial
Finance Lead,Chief Financial Officer (CFO),FERGUSON ENTERPRISES INC. /DE/,Professional Services,,,C-Suite Executive,,Partial
Executive Lead,Chief Executive Officer (CEO),FLEX LTD.,Professional Services,,,C-Suite Executive,,Partial
Finance Lead,Chief Financial Officer (CFO),FLEX LTD.,Professional Services,,,C-Suite Executive,,Partial
Executive Lead,Chief Executive Officer (CEO),CELESTICA INC,Professional Services,,,C-Suite Executive,,Partial
Finance Lead,Chief Financial Officer (CFO),CELESTICA INC,Professional Services,,,C-Suite Executive,,Partial
Executive Lead,Chief Executive Officer (CEO),IQVIA HOLDINGS INC.,Professional Services,,,C-Suite Executive,,Partial
Finance Lead,Chief Financial Officer (CFO),IQVIA HOLDINGS INC.,Professional Services,,,C-Suite Executive,,Partial
Executive Lead,Chief Executive Officer (CEO),KEURIG DR PEPPER INC.,Professional Services,,,C-Suite Executive,,Partial
Finance Lead,Chief Financial Officer (CFO),KEURIG DR PEPPER INC.,Professional Services,,,C-Suite Executive,,Partial
Executive Lead,Chief Executive Officer (CEO),SUMITOMO ELECTRIC INDUSTRIES LTD/ADR/,Professional Services,,,C-Suite Executive,,Partial
Finance Lead,Chief Financial Officer (CFO),SUMITOMO ELECTRIC INDUSTRIES LTD/ADR/,Professional Services,,,C-Suite Executive,,Partial
Executive Lead,Chief Executive Officer (CEO),TEVA PHARMACEUTICAL INDUSTRIES LTD,Professional Services,,,C-Suite Executive,,Partial
Finance Lead,Chief Financial Officer (CFO),TEVA PHARMACEUTICAL INDUSTRIES LTD,Professional Services,,,C-Suite Executive,,Partial
Executive Lead,Chief Executive Officer (CEO),VEEVA SYSTEMS INC,Professional Services,,,C-Suite Executive,,Partial
Finance Lead,Chief Financial Officer (CFO),VEEVA SYSTEMS INC,Professional Services,,,C-Suite Executive,,Partial
Executive Lead,Chief Executive Officer (CEO),HONDA MOTOR CO LTD,Professional Services,,,C-Suite Executive,,Partial
Finance Lead,Chief Financial Officer (CFO),HONDA MOTOR CO LTD,Professional Services,,,C-Suite Executive,,Partial
Executive Lead,Chief Executive Officer (CEO),THOMSON REUTERS CORP /CAN/,Professional Services,,,C-Suite Executive,,Partial
Finance Lead,Chief Financial Officer (CFO),THOMSON REUTERS CORP /CAN/,Professional Services,,,C-Suite Executive,,Partial
Executive Lead,Chief Executive Officer (CEO),CAMECO CORP,Professional Services,,,C-Suite Executive,,Partial
Finance Lead,Chief Financial Officer (CFO),CAMECO CORP,Professional Services,,,C-Suite Executive,,Partial
Executive Lead,Chief Executive Officer (CEO),ARCHER-DANIELS-MIDLAND CO,Professional Services,,,C-Suite Executive,,Partial
Finance Lead,Chief Financial Officer (CFO),ARCHER-DANIELS-MIDLAND CO,Professional Services,,,C-Suite Executive,,Partial
Executive Lead,Chief Executive Officer (CEO),ORIX CORP,Professional Services,,,C-Suite Executive,,Partial
Finance Lead,Chief Financial Officer (CFO),ORIX CORP,Professional Services,,,C-Suite Executive,,Partial
Executive Lead,Chief Executive Officer (CEO),JX ADVANCED METALS CORPORATION/ADR,Professional Services,,,C-Suite Executive,,Partial
Finance Lead,Chief Financial Officer (CFO),JX ADVANCED METALS CORPORATION/ADR,Professional Services,,,C-Suite Executive,,Partial
Executive Lead,Chief Executive Officer (CEO),SWISSCOM AG,Professional Services,,,C-Suite Executive,,Partial
Finance Lead,Chief Financial Officer (CFO),SWISSCOM AG,Professional Services,,,C-Suite Executive,,Partial
Executive Lead,Chief Executive Officer (CEO),"AGILENT TECHNOLOGIES, INC.",Professional Services,,,C-Suite Executive,,Partial
Finance Lead,Chief Financial Officer (CFO),"AGILENT TECHNOLOGIES, INC.",Professional Services,,,C-Suite Executive,,Partial
Executive Lead,Chief Executive Officer (CEO),PAYCHEX INC,Professional Services,,,C-Suite Executive,,Partial
Finance Lead,Chief Financial Officer (CFO),PAYCHEX INC,Professional Services,,,C-Suite Executive,,Partial
Executive Lead,Chief Executive Officer (CEO),PRUDENTIAL FINANCIAL INC,Professional Services,,,C-Suite Executive,,Partial
Finance Lead,Chief Financial Officer (CFO),PRUDENTIAL FINANCIAL INC,Professional Services,,,C-Suite Executive,,Partial
Executive Lead,Chief Executive Officer (CEO),"CBRE GROUP, INC.",Professional Services,,,C-Suite Executive,,Partial
Finance Lead,Chief Financial Officer (CFO),"CBRE GROUP, INC.",Professional Services,,,C-Suite Executive,,Partial
Executive Lead,Chief Executive Officer (CEO),TAKE TWO INTERACTIVE SOFTWARE INC,Professional Services,,,C-Suite Executive,,Partial
Finance Lead,Chief Financial Officer (CFO),TAKE TWO INTERACTIVE SOFTWARE INC,Professional Services,,,C-Suite Executive,,Partial
Executive Lead,Chief Executive Officer (CEO),ROCKET LAB CORP,Professional Services,,,C-Suite Executive,,Partial
Finance Lead,Chief Financial Officer (CFO),ROCKET LAB CORP,Professional Services,,,C-Suite Executive,,Partial
Executive Lead,Chief Executive Officer (CEO),MICROCHIP TECHNOLOGY INC,Professional Services,,,C-Suite Executive,,Partial
Finance Lead,Chief Financial Officer (CFO),MICROCHIP TECHNOLOGY INC,Professional Services,,,C-Suite Executive,,Partial
Executive Lead,Chief Executive Officer (CEO),SYSCO CORP,Professional Services,,,C-Suite Executive,,Partial
Finance Lead,Chief Financial Officer (CFO),SYSCO CORP,Professional Services,,,C-Suite Executive,,Partial
Executive Lead,Chief Executive Officer (CEO),FERROVIAL N.V.,Professional Services,,,C-Suite Executive,,Partial
Finance Lead,Chief Financial Officer (CFO),FERROVIAL N.V.,Professional Services,,,C-Suite Executive,,Partial
Executive Lead,Chief Executive Officer (CEO),MSCI INC.,Professional Services,,,C-Suite Executive,,Partial
Finance Lead,Chief Financial Officer (CFO),MSCI INC.,Professional Services,,,C-Suite Executive,,Partial
Executive Lead,Chief Executive Officer (CEO),HALEON PLC,Professional Services,,,C-Suite Executive,,Partial
Finance Lead,Chief Financial Officer (CFO),HALEON PLC,Professional Services,,,C-Suite Executive,,Partial
Executive Lead,Chief Executive Officer (CEO),"WASTE CONNECTIONS, INC.",Professional Services,,,C-Suite Executive,,Partial
Finance Lead,Chief Financial Officer (CFO),"WASTE CONNECTIONS, INC.",Professional Services,,,C-Suite Executive,,Partial
Executive Lead,Chief Executive Officer (CEO),VODAFONE GROUP PUBLIC LTD CO,Professional Services,,,C-Suite Executive,,Partial
Finance Lead,Chief Financial Officer (CFO),VODAFONE GROUP PUBLIC LTD CO,Professional Services,,,C-Suite Executive,,Partial
Executive Lead,Chief Executive Officer (CEO),WATERS CORP /DE/,Professional Services,,,C-Suite Executive,,Partial
Finance Lead,Chief Financial Officer (CFO),WATERS CORP /DE/,Professional Services,,,C-Suite Executive,,Partial
Executive Lead,Chief Executive Officer (CEO),GOLD FIELDS LTD,Professional Services,,,C-Suite Executive,,Partial
Finance Lead,Chief Financial Officer (CFO),GOLD FIELDS LTD,Professional Services,,,C-Suite Executive,,Partial
Executive Lead,Chief Executive Officer (CEO),MEXICAN ECONOMIC DEVELOPMENT INC,Professional Services,,,C-Suite Executive,,Partial
Finance Lead,Chief Financial Officer (CFO),MEXICAN ECONOMIC DEVELOPMENT INC,Professional Services,,,C-Suite Executive,,Partial
Executive Lead,Chief Executive Officer (CEO),"JIANGSU HENGRUI PHARMACEUTICALS CO., LTD./ADR",Professional Services,,,C-Suite Executive,,Partial
Finance Lead,Chief Financial Officer (CFO),"JIANGSU HENGRUI PHARMACEUTICALS CO., LTD./ADR",Professional Services,,,C-Suite Executive,,Partial
Executive Lead,Chief Executive Officer (CEO),IDEXX LABORATORIES INC /DE,Professional Services,,,C-Suite Executive,,Partial
Finance Lead,Chief Financial Officer (CFO),IDEXX LABORATORIES INC /DE,Professional Services,,,C-Suite Executive,,Partial
Executive Lead,Chief Executive Officer (CEO),"LIVE NATION ENTERTAINMENT, INC.",Professional Services,,,C-Suite Executive,,Partial
Finance Lead,Chief Financial Officer (CFO),"LIVE NATION ENTERTAINMENT, INC.",Professional Services,,,C-Suite Executive,,Partial
Executive Lead,Chief Executive Officer (CEO),CONSOLIDATED EDISON INC,Professional Services,,,C-Suite Executive,,Partial
Finance Lead,Chief Financial Officer (CFO),CONSOLIDATED EDISON INC,Professional Services,,,C-Suite Executive,,Partial
Executive Lead,Chief Executive Officer (CEO),SHINHAN FINANCIAL GROUP CO LTD,Professional Services,,,C-Suite Executive,,Partial
Finance Lead,Chief Financial Officer (CFO),SHINHAN FINANCIAL GROUP CO LTD,Professional Services,,,C-Suite Executive,,Partial
Executive Lead,Chief Executive Officer (CEO),"VENTURE GLOBAL, INC.",Professional Services,,,C-Suite Executive,,Partial
Finance Lead,Chief Financial Officer (CFO),"VENTURE GLOBAL, INC.",Professional Services,,,C-Suite Executive,,Partial
Executive Lead,Chief Executive Officer (CEO),"AMERICAN INTERNATIONAL GROUP, INC.",Professional Services,,,C-Suite Executive,,Partial
Finance Lead,Chief Financial Officer (CFO),"AMERICAN INTERNATIONAL GROUP, INC.",Professional Services,,,C-Suite Executive,,Partial
Executive Lead,Chief Executive Officer (CEO),BEONE MEDICINES LTD.,Professional Services,,,C-Suite Executive,,Partial
Finance Lead,Chief Financial Officer (CFO),BEONE MEDICINES LTD.,Professional Services,,,C-Suite Executive,,Partial
Executive Lead,Chief Executive Officer (CEO),"AXON ENTERPRISE, INC.",Professional Services,,,C-Suite Executive,,Partial
Finance Lead,Chief Financial Officer (CFO),"AXON ENTERPRISE, INC.",Professional Services,,,C-Suite Executive,,Partial
Executive Lead,Chief Executive Officer (CEO),"NETAPP, INC.",Professional Services,,,C-Suite Executive,,Partial
Finance Lead,Chief Financial Officer (CFO),"NETAPP, INC.",Professional Services,,,C-Suite Executive,,Partial
Executive Lead,Chief Executive Officer (CEO),HORTON D R INC /DE/,Professional Services,,,C-Suite Executive,,Partial
Finance Lead,Chief Financial Officer (CFO),HORTON D R INC /DE/,Professional Services,,,C-Suite Executive,,Partial
Executive Lead,Chief Executive Officer (CEO),YUM BRANDS INC,Professional Services,,,C-Suite Executive,,Partial
Finance Lead,Chief Financial Officer (CFO),YUM BRANDS INC,Professional Services,,,C-Suite Executive,,Partial
Executive Lead,Chief Executive Officer (CEO),ROPER TECHNOLOGIES INC,Professional Services,,,C-Suite Executive,,Partial
Finance Lead,Chief Financial Officer (CFO),ROPER TECHNOLOGIES INC,Professional Services,,,C-Suite Executive,,Partial
Executive Lead,Chief Executive Officer (CEO),VIKING HOLDINGS LTD,Professional Services,,,C-Suite Executive,,Partial
Finance Lead,Chief Financial Officer (CFO),VIKING HOLDINGS LTD,Professional Services,,,C-Suite Executive,,Partial
Executive Lead,Chief Executive Officer (CEO),"ROCKET COMPANIES, INC.",Professional Services,,,C-Suite Executive,,Partial
Finance Lead,Chief Financial Officer (CFO),"ROCKET COMPANIES, INC.",Professional Services,,,C-Suite Executive,,Partial
Executive Lead,Chief Executive Officer (CEO),BANK BRADESCO,Professional Services,,,C-Suite Executive,,Partial
Finance Lead,Chief Financial Officer (CFO),BANK BRADESCO,Professional Services,,,C-Suite Executive,,Partial
Executive Lead,Chief Executive Officer (CEO),NUTRIEN LTD.,Professional Services,,,C-Suite Executive,,Partial
Finance Lead,Chief Financial Officer (CFO),NUTRIEN LTD.,Professional Services,,,C-Suite Executive,,Partial
Executive Lead,Chief Executive Officer (CEO),"OLD DOMINION FREIGHT LINE, INC.",Professional Services,,,C-Suite Executive,,Partial
Finance Lead,Chief Financial Officer (CFO),"OLD DOMINION FREIGHT LINE, INC.",Professional Services,,,C-Suite Executive,,Partial
Executive Lead,Chief Executive Officer (CEO),RESONA HOLDINGS INC,Professional Services,,,C-Suite Executive,,Partial
Finance Lead,Chief Financial Officer (CFO),RESONA HOLDINGS INC,Professional Services,,,C-Suite Executive,,Partial
Executive Lead,Chief Executive Officer (CEO),"HARTFORD INSURANCE GROUP, INC.",Professional Services,,,C-Suite Executive,,Partial
Finance Lead,Chief Financial Officer (CFO),"HARTFORD INSURANCE GROUP, INC.",Professional Services,,,C-Suite Executive,,Partial
Executive Lead,Chief Executive Officer (CEO),"JD.COM, INC.",Professional Services,,,C-Suite Executive,,Partial
Finance Lead,Chief Financial Officer (CFO),"JD.COM, INC.",Professional Services,,,C-Suite Executive,,Partial
Executive Lead,Chief Executive Officer (CEO),MARTIN MARIETTA MATERIALS INC,Professional Services,,,C-Suite Executive,,Partial
Finance Lead,Chief Financial Officer (CFO),MARTIN MARIETTA MATERIALS INC,Professional Services,,,C-Suite Executive,,Partial
Executive Lead,Chief Executive Officer (CEO),ECOPETROL S.A.,Professional Services,,,C-Suite Executive,,Partial
Finance Lead,Chief Financial Officer (CFO),ECOPETROL S.A.,Professional Services,,,C-Suite Executive,,Partial
Executive Lead,Chief Executive Officer (CEO),PUBLIC SERVICE ENTERPRISE GROUP INC,Professional Services,,,C-Suite Executive,,Partial
Finance Lead,Chief Financial Officer (CFO),PUBLIC SERVICE ENTERPRISE GROUP INC,Professional Services,,,C-Suite Executive,,Partial
Executive Lead,Chief Executive Officer (CEO),"TKO GROUP HOLDINGS, INC.",Professional Services,,,C-Suite Executive,,Partial
Finance Lead,Chief Financial Officer (CFO),"TKO GROUP HOLDINGS, INC.",Professional Services,,,C-Suite Executive,,Partial
Executive Lead,Chief Executive Officer (CEO),KROGER CO,Professional Services,,,C-Suite Executive,,Partial
Finance Lead,Chief Financial Officer (CFO),KROGER CO,Professional Services,,,C-Suite Executive,,Partial
Executive Lead,Chief Executive Officer (CEO),"UNITED AIRLINES HOLDINGS, INC.",Professional Services,,,C-Suite Executive,,Partial
Finance Lead,Chief Financial Officer (CFO),"UNITED AIRLINES HOLDINGS, INC.",Professional Services,,,C-Suite Executive,,Partial
Executive Lead,Chief Executive Officer (CEO),RESTAURANT BRANDS INTERNATIONAL INC.,Professional Services,,,C-Suite Executive,,Partial
Finance Lead,Chief Financial Officer (CFO),RESTAURANT BRANDS INTERNATIONAL INC.,Professional Services,,,C-Suite Executive,,Partial
Executive Lead,Chief Executive Officer (CEO),ESTEE LAUDER COMPANIES INC,Professional Services,,,C-Suite Executive,,Partial
Finance Lead,Chief Financial Officer (CFO),ESTEE LAUDER COMPANIES INC,Professional Services,,,C-Suite Executive,,Partial
Executive Lead,Chief Executive Officer (CEO),TWILIO INC,Professional Services,,,C-Suite Executive,,Partial
Finance Lead,Chief Financial Officer (CFO),TWILIO INC,Professional Services,,,C-Suite Executive,,Partial
Executive Lead,Chief Executive Officer (CEO),HERSHEY CO,Professional Services,,,C-Suite Executive,,Partial
Finance Lead,Chief Financial Officer (CFO),HERSHEY CO,Professional Services,,,C-Suite Executive,,Partial
Executive Lead,Chief Executive Officer (CEO),CHUNGHWA TELECOM CO LTD,Professional Services,,,C-Suite Executive,,Partial
Finance Lead,Chief Financial Officer (CFO),CHUNGHWA TELECOM CO LTD,Professional Services,,,C-Suite Executive,,Partial
Executive Lead,Chief Executive Officer (CEO),M&T BANK CORP,Professional Services,,,C-Suite Executive,,Partial
Finance Lead,Chief Financial Officer (CFO),M&T BANK CORP,Professional Services,,,C-Suite Executive,,Partial
Executive Lead,Chief Executive Officer (CEO),NORTHERN TRUST CORP,Professional Services,,,C-Suite Executive,,Partial
Finance Lead,Chief Financial Officer (CFO),NORTHERN TRUST CORP,Professional Services,,,C-Suite Executive,,Partial
Executive Lead,Chief Executive Officer (CEO),"WEC ENERGY GROUP, INC.",Professional Services,,,C-Suite Executive,,Partial
Finance Lead,Chief Financial Officer (CFO),"WEC ENERGY GROUP, INC.",Professional Services,,,C-Suite Executive,,Partial
Executive Lead,Chief Executive Officer (CEO),"EMCOR GROUP, INC.",Professional Services,,,C-Suite Executive,,Partial
Finance Lead,Chief Financial Officer (CFO),"EMCOR GROUP, INC.",Professional Services,,,C-Suite Executive,,Partial
Executive Lead,Chief Executive Officer (CEO),KINROSS GOLD CORP,Professional Services,,,C-Suite Executive,,Partial
Finance Lead,Chief Financial Officer (CFO),KINROSS GOLD CORP,Professional Services,,,C-Suite Executive,,Partial
Executive Lead,Chief Executive Officer (CEO),IRON MOUNTAIN INC,Professional Services,,,C-Suite Executive,,Partial
Finance Lead,Chief Financial Officer (CFO),IRON MOUNTAIN INC,Professional Services,,,C-Suite Executive,,Partial
Executive Lead,Chief Executive Officer (CEO),STEEL DYNAMICS INC,Professional Services,,,C-Suite Executive,,Partial
Finance Lead,Chief Financial Officer (CFO),STEEL DYNAMICS INC,Professional Services,,,C-Suite Executive,,Partial
Executive Lead,Chief Executive Officer (CEO),KENVUE INC.,Professional Services,,,C-Suite Executive,,Partial
Finance Lead,Chief Financial Officer (CFO),KENVUE INC.,Professional Services,,,C-Suite Executive,,Partial
Executive Lead,Chief Executive Officer (CEO),HUNTINGTON BANCSHARES INC /MD/,Professional Services,,,C-Suite Executive,,Partial
Finance Lead,Chief Financial Officer (CFO),HUNTINGTON BANCSHARES INC /MD/,Professional Services,,,C-Suite Executive,,Partial
Executive Lead,Chief Executive Officer (CEO),ELBIT SYSTEMS LTD,Professional Services,,,C-Suite Executive,,Partial
Finance Lead,Chief Financial Officer (CFO),ELBIT SYSTEMS LTD,Professional Services,,,C-Suite Executive,,Partial
Executive Lead,Chief Executive Officer (CEO),DOLLARAMA INC./ADR,Professional Services,,,C-Suite Executive,,Partial
Finance Lead,Chief Financial Officer (CFO),DOLLARAMA INC./ADR,Professional Services,,,C-Suite Executive,,Partial
Executive Lead,Chief Executive Officer (CEO),UBIQUITI INC.,Professional Services,,,C-Suite Executive,,Partial
Finance Lead,Chief Financial Officer (CFO),UBIQUITI INC.,Professional Services,,,C-Suite Executive,,Partial
Executive Lead,Chief Executive Officer (CEO),EQT CORP,Professional Services,,,C-Suite Executive,,Partial
Finance Lead,Chief Financial Officer (CFO),EQT CORP,Professional Services,,,C-Suite Executive,,Partial
Executive Lead,Chief Executive Officer (CEO),ROYALTY PHARMA PLC,Professional Services,,,C-Suite Executive,,Partial
Finance Lead,Chief Financial Officer (CFO),ROYALTY PHARMA PLC,Professional Services,,,C-Suite Executive,,Partial
Executive Lead,Chief Executive Officer (CEO),FAIRFAX FINANCIAL HOLDINGS LTD/ CAN,Professional Services,,,C-Suite Executive,,Partial
Finance Lead,Chief Financial Officer (CFO),FAIRFAX FINANCIAL HOLDINGS LTD/ CAN,Professional Services,,,C-Suite Executive,,Partial
Executive Lead,Chief Executive Officer (CEO),"ALNYLAM PHARMACEUTICALS, INC.",Professional Services,,,C-Suite Executive,,Partial
Finance Lead,Chief Financial Officer (CFO),"ALNYLAM PHARMACEUTICALS, INC.",Professional Services,,,C-Suite Executive,,Partial
Executive Lead,Chief Executive Officer (CEO),"EXPEDIA GROUP, INC.",Professional Services,,,C-Suite Executive,,Partial
Finance Lead,Chief Financial Officer (CFO),"EXPEDIA GROUP, INC.",Professional Services,,,C-Suite Executive,,Partial
Executive Lead,Chief Executive Officer (CEO),ERICSSON LM TELEPHONE CO,Professional Services,,,C-Suite Executive,,Partial
Finance Lead,Chief Financial Officer (CFO),ERICSSON LM TELEPHONE CO,Professional Services,,,C-Suite Executive,,Partial
Executive Lead,Chief Executive Officer (CEO),RAYMOND JAMES FINANCIAL INC,Professional Services,,,C-Suite Executive,,Partial
Finance Lead,Chief Financial Officer (CFO),RAYMOND JAMES FINANCIAL INC,Professional Services,,,C-Suite Executive,,Partial
Executive Lead,Chief Executive Officer (CEO),JABIL INC,Professional Services,,,C-Suite Executive,,Partial
Finance Lead,Chief Financial Officer (CFO),JABIL INC,Professional Services,,,C-Suite Executive,,Partial
Executive Lead,Chief Executive Officer (CEO),CROWN CASTLE INC.,Professional Services,,,C-Suite Executive,,Partial
Finance Lead,Chief Financial Officer (CFO),CROWN CASTLE INC.,Professional Services,,,C-Suite Executive,,Partial
Executive Lead,Chief Executive Officer (CEO),PRUDENTIAL PLC,Professional Services,,,C-Suite Executive,,Partial
Finance Lead,Chief Financial Officer (CFO),PRUDENTIAL PLC,Professional Services,,,C-Suite Executive,,Partial
Executive Lead,Chief Executive Officer (CEO),"CHENIERE ENERGY PARTNERS, L.P.",Professional Services,,,C-Suite Executive,,Partial
Finance Lead,Chief Financial Officer (CFO),"CHENIERE ENERGY PARTNERS, L.P.",Professional Services,,,C-Suite Executive,,Partial
Executive Lead,Chief Executive Officer (CEO),CAPITEC LIMITED/ADR,Professional Services,,,C-Suite Executive,,Partial
Finance Lead,Chief Financial Officer (CFO),CAPITEC LIMITED/ADR,Professional Services,,,C-Suite Executive,,Partial
Executive Lead,Chief Executive Officer (CEO),VULCAN MATERIALS CO,Professional Services,,,C-Suite Executive,,Partial
Finance Lead,Chief Financial Officer (CFO),VULCAN MATERIALS CO,Professional Services,,,C-Suite Executive,,Partial
Executive Lead,Chief Executive Officer (CEO),KIMBERLY CLARK CORP,Professional Services,,,C-Suite Executive,,Partial
Finance Lead,Chief Financial Officer (CFO),KIMBERLY CLARK CORP,Professional Services,,,C-Suite Executive,,Partial
Executive Lead,Chief Executive Officer (CEO),ARCH CAPITAL GROUP LTD.,Professional Services,,,C-Suite Executive,,Partial
Finance Lead,Chief Financial Officer (CFO),ARCH CAPITAL GROUP LTD.,Professional Services,,,C-Suite Executive,,Partial
Executive Lead,Chief Executive Officer (CEO),ROBLOX CORP,Professional Services,,,C-Suite Executive,,Partial
Finance Lead,Chief Financial Officer (CFO),ROBLOX CORP,Professional Services,,,C-Suite Executive,,Partial
Executive Lead,Chief Executive Officer (CEO),TECK RESOURCES LTD,Professional Services,,,C-Suite Executive,,Partial
Finance Lead,Chief Financial Officer (CFO),TECK RESOURCES LTD,Professional Services,,,C-Suite Executive,,Partial
Executive Lead,Chief Executive Officer (CEO),"EVERPURE, INC.",Professional Services,,,C-Suite Executive,,Partial
Finance Lead,Chief Financial Officer (CFO),"EVERPURE, INC.",Professional Services,,,C-Suite Executive,,Partial
Executive Lead,Chief Executive Officer (CEO),CENTENE CORP,Professional Services,,,C-Suite Executive,,Partial
Finance Lead,Chief Financial Officer (CFO),CENTENE CORP,Professional Services,,,C-Suite Executive,,Partial
Executive Lead,Chief Executive Officer (CEO),BIOGEN INC.,Professional Services,,,C-Suite Executive,,Partial
Finance Lead,Chief Financial Officer (CFO),BIOGEN INC.,Professional Services,,,C-Suite Executive,,Partial
Executive Lead,Chief Executive Officer (CEO),HP INC,Professional Services,,,C-Suite Executive,,Partial
Finance Lead,Chief Financial Officer (CFO),HP INC,Professional Services,,,C-Suite Executive,,Partial
Executive Lead,Chief Executive Officer (CEO),ALCON INC,Professional Services,,,C-Suite Executive,,Partial
Finance Lead,Chief Financial Officer (CFO),ALCON INC,Professional Services,,,C-Suite Executive,,Partial
Executive Lead,Chief Executive Officer (CEO),NOMURA HOLDINGS INC,Professional Services,,,C-Suite Executive,,Partial
Finance Lead,Chief Financial Officer (CFO),NOMURA HOLDINGS INC,Professional Services,,,C-Suite Executive,,Partial
Executive Lead,Chief Executive Officer (CEO),RESMED INC,Professional Services,,,C-Suite Executive,,Partial
Finance Lead,Chief Financial Officer (CFO),RESMED INC,Professional Services,,,C-Suite Executive,,Partial
Executive Lead,Chief Executive Officer (CEO),DEXCOM INC,Professional Services,,,C-Suite Executive,,Partial
Finance Lead,Chief Financial Officer (CFO),DEXCOM INC,Professional Services,,,C-Suite Executive,,Partial
Executive Lead,Chief Executive Officer (CEO),"ILLUMINA, INC.",Professional Services,,,C-Suite Executive,,Partial
Finance Lead,Chief Financial Officer (CFO),"ILLUMINA, INC.",Professional Services,,,C-Suite Executive,,Partial
Executive Lead,Chief Executive Officer (CEO),CARNIVAL CORP LTD.,Professional Services,,,C-Suite Executive,,Partial
Finance Lead,Chief Financial Officer (CFO),CARNIVAL CORP LTD.,Professional Services,,,C-Suite Executive,,Partial
Executive Lead,Chief Executive Officer (CEO),"BAIDU, INC.",Professional Services,,,C-Suite Executive,,Partial
Finance Lead,Chief Financial Officer (CFO),"BAIDU, INC.",Professional Services,,,C-Suite Executive,,Partial
Executive Lead,Chief Executive Officer (CEO),CREDO TECHNOLOGY GROUP HOLDING LTD,Professional Services,,,C-Suite Executive,,Partial
Finance Lead,Chief Financial Officer (CFO),CREDO TECHNOLOGY GROUP HOLDING LTD,Professional Services,,,C-Suite Executive,,Partial
Executive Lead,Chief Executive Officer (CEO),EXTRA SPACE STORAGE INC.,Professional Services,,,C-Suite Executive,,Partial
Finance Lead,Chief Financial Officer (CFO),EXTRA SPACE STORAGE INC.,Professional Services,,,C-Suite Executive,,Partial
Executive Lead,Chief Executive Officer (CEO),PG&E CORP,Professional Services,,,C-Suite Executive,,Partial
Finance Lead,Chief Financial Officer (CFO),PG&E CORP,Professional Services,,,C-Suite Executive,,Partial
Executive Lead,Chief Executive Officer (CEO),UNIVERSAL MUSIC GROUP N.V./ADR,Professional Services,,,C-Suite Executive,,Partial
Finance Lead,Chief Financial Officer (CFO),UNIVERSAL MUSIC GROUP N.V./ADR,Professional Services,,,C-Suite Executive,,Partial
Executive Lead,Chief Executive Officer (CEO),"REDDIT, INC.",Professional Services,,,C-Suite Executive,,Partial
Finance Lead,Chief Financial Officer (CFO),"REDDIT, INC.",Professional Services,,,C-Suite Executive,,Partial
Executive Lead,Chief Executive Officer (CEO),ZOETIS INC.,Professional Services,,,C-Suite Executive,,Partial
Finance Lead,Chief Financial Officer (CFO),ZOETIS INC.,Professional Services,,,C-Suite Executive,,Partial
Executive Lead,Chief Executive Officer (CEO),"SUNBELT RENTALS HOLDINGS, INC.",Professional Services,,,C-Suite Executive,,Partial
Finance Lead,Chief Financial Officer (CFO),"SUNBELT RENTALS HOLDINGS, INC.",Professional Services,,,C-Suite Executive,,Partial
Executive Lead,Chief Executive Officer (CEO),CREDICORP LTD,Professional Services,,,C-Suite Executive,,Partial
Finance Lead,Chief Financial Officer (CFO),CREDICORP LTD,Professional Services,,,C-Suite Executive,,Partial
Executive Lead,Chief Executive Officer (CEO),HALLIBURTON CO,Professional Services,,,C-Suite Executive,,Partial
Finance Lead,Chief Financial Officer (CFO),HALLIBURTON CO,Professional Services,,,C-Suite Executive,,Partial
Executive Lead,Chief Executive Officer (CEO),ROIVANT SCIENCES LTD.,Professional Services,,,C-Suite Executive,,Partial
Finance Lead,Chief Financial Officer (CFO),ROIVANT SCIENCES LTD.,Professional Services,,,C-Suite Executive,,Partial
Executive Lead,Chief Executive Officer (CEO),FRESENIUS SE & CO. KGAA,Professional Services,,,C-Suite Executive,,Partial
Finance Lead,Chief Financial Officer (CFO),FRESENIUS SE & CO. KGAA,Professional Services,,,C-Suite Executive,,Partial
Executive Lead,Chief Executive Officer (CEO),TECHNIPFMC PLC,Professional Services,,,C-Suite Executive,,Partial
Finance Lead,Chief Financial Officer (CFO),TECHNIPFMC PLC,Professional Services,,,C-Suite Executive,,Partial
Executive Lead,Chief Executive Officer (CEO),CITIZENS FINANCIAL GROUP INC/RI,Professional Services,,,C-Suite Executive,,Partial
Finance Lead,Chief Financial Officer (CFO),CITIZENS FINANCIAL GROUP INC/RI,Professional Services,,,C-Suite Executive,,Partial
Executive Lead,Chief Executive Officer (CEO),"CBOE GLOBAL MARKETS, INC.",Professional Services,,,C-Suite Executive,,Partial
Finance Lead,Chief Financial Officer (CFO),"CBOE GLOBAL MARKETS, INC.",Professional Services,,,C-Suite Executive,,Partial
Executive Lead,Chief Executive Officer (CEO),ON SEMICONDUCTOR CORP,Professional Services,,,C-Suite Executive,,Partial
Finance Lead,Chief Financial Officer (CFO),ON SEMICONDUCTOR CORP,Professional Services,,,C-Suite Executive,,Partial
Executive Lead,Chief Executive Officer (CEO),WILLIS TOWERS WATSON PLC,Professional Services,,,C-Suite Executive,,Partial
Finance Lead,Chief Financial Officer (CFO),WILLIS TOWERS WATSON PLC,Professional Services,,,C-Suite Executive,,Partial
Executive Lead,Chief Executive Officer (CEO),"MONGODB, INC.",Professional Services,,,C-Suite Executive,,Partial
Finance Lead,Chief Financial Officer (CFO),"MONGODB, INC.",Professional Services,,,C-Suite Executive,,Partial
Executive Lead,Chief Executive Officer (CEO),"OKTA, INC.",Professional Services,,,C-Suite Executive,,Partial
Finance Lead,Chief Financial Officer (CFO),"OKTA, INC.",Professional Services,,,C-Suite Executive,,Partial
Executive Lead,Chief Executive Officer (CEO),AMEREN CORP,Professional Services,,,C-Suite Executive,,Partial
Finance Lead,Chief Financial Officer (CFO),AMEREN CORP,Professional Services,,,C-Suite Executive,,Partial
Executive Lead,Chief Executive Officer (CEO),KRAFT HEINZ CO,Professional Services,,,C-Suite Executive,,Partial
Finance Lead,Chief Financial Officer (CFO),KRAFT HEINZ CO,Professional Services,,,C-Suite Executive,,Partial
Executive Lead,Chief Executive Officer (CEO),TENARIS SA,Professional Services,,,C-Suite Executive,,Partial
Finance Lead,Chief Financial Officer (CFO),TENARIS SA,Professional Services,,,C-Suite Executive,,Partial
Executive Lead,Chief Executive Officer (CEO),GE HEALTHCARE TECHNOLOGIES INC.,Professional Services,,,C-Suite Executive,,Partial
Finance Lead,Chief Financial Officer (CFO),GE HEALTHCARE TECHNOLOGIES INC.,Professional Services,,,C-Suite Executive,,Partial
Executive Lead,Chief Executive Officer (CEO),KONGSBERG GRUPPEN ASA/ADR,Professional Services,,,C-Suite Executive,,Partial
Finance Lead,Chief Financial Officer (CFO),KONGSBERG GRUPPEN ASA/ADR,Professional Services,,,C-Suite Executive,,Partial
Executive Lead,Chief Executive Officer (CEO),INSMED INC,Professional Services,,,C-Suite Executive,,Partial
Finance Lead,Chief Financial Officer (CFO),INSMED INC,Professional Services,,,C-Suite Executive,,Partial
Executive Lead,Chief Executive Officer (CEO),INGERSOLL RAND INC.,Professional Services,,,C-Suite Executive,,Partial
Finance Lead,Chief Financial Officer (CFO),INGERSOLL RAND INC.,Professional Services,,,C-Suite Executive,,Partial
Executive Lead,Chief Executive Officer (CEO),TELEDYNE TECHNOLOGIES INC,Professional Services,,,C-Suite Executive,,Partial
Finance Lead,Chief Financial Officer (CFO),TELEDYNE TECHNOLOGIES INC,Professional Services,,,C-Suite Executive,,Partial
Executive Lead,Chief Executive Officer (CEO),"ZOOM COMMUNICATIONS, INC.",Professional Services,,,C-Suite Executive,,Partial
Finance Lead,Chief Financial Officer (CFO),"ZOOM COMMUNICATIONS, INC.",Professional Services,,,C-Suite Executive,,Partial
Executive Lead,Chief Executive Officer (CEO),RYANAIR HOLDINGS PLC,Professional Services,,,C-Suite Executive,,Partial
Finance Lead,Chief Financial Officer (CFO),RYANAIR HOLDINGS PLC,Professional Services,,,C-Suite Executive,,Partial
Executive Lead,Chief Executive Officer (CEO),FORTIS INC.,Professional Services,,,C-Suite Executive,,Partial
Finance Lead,Chief Financial Officer (CFO),FORTIS INC.,Professional Services,,,C-Suite Executive,,Partial
Executive Lead,Chief Executive Officer (CEO),LAS VEGAS SANDS CORP,Professional Services,,,C-Suite Executive,,Partial
Finance Lead,Chief Financial Officer (CFO),LAS VEGAS SANDS CORP,Professional Services,,,C-Suite Executive,,Partial
Executive Lead,Chief Executive Officer (CEO),PEMBINA PIPELINE CORP,Professional Services,,,C-Suite Executive,,Partial
Finance Lead,Chief Financial Officer (CFO),PEMBINA PIPELINE CORP,Professional Services,,,C-Suite Executive,,Partial
Executive Lead,Chief Executive Officer (CEO),ATMOS ENERGY CORP,Professional Services,,,C-Suite Executive,,Partial
Finance Lead,Chief Financial Officer (CFO),ATMOS ENERGY CORP,Professional Services,,,C-Suite Executive,,Partial
Executive Lead,Chief Executive Officer (CEO),DTE ENERGY CO,Professional Services,,,C-Suite Executive,,Partial
Finance Lead,Chief Financial Officer (CFO),DTE ENERGY CO,Professional Services,,,C-Suite Executive,,Partial
Executive Lead,Chief Executive Officer (CEO),COPART INC,Professional Services,,,C-Suite Executive,,Partial
Finance Lead,Chief Financial Officer (CFO),COPART INC,Professional Services,,,C-Suite Executive,,Partial
Executive Lead,Chief Executive Officer (CEO),FOX CORP,Professional Services,,,C-Suite Executive,,Partial
Finance Lead,Chief Financial Officer (CFO),FOX CORP,Professional Services,,,C-Suite Executive,,Partial
Executive Lead,Chief Executive Officer (CEO),LPL FINANCIAL HOLDINGS INC.,Professional Services,,,C-Suite Executive,,Partial
Finance Lead,Chief Financial Officer (CFO),LPL FINANCIAL HOLDINGS INC.,Professional Services,,,C-Suite Executive,,Partial
Executive Lead,Chief Executive Officer (CEO),"AMERICAN WATER WORKS COMPANY, INC.",Professional Services,,,C-Suite Executive,,Partial
Finance Lead,Chief Financial Officer (CFO),"AMERICAN WATER WORKS COMPANY, INC.",Professional Services,,,C-Suite Executive,,Partial
Executive Lead,Chief Executive Officer (CEO),DOLLAR GENERAL CORP,Professional Services,,,C-Suite Executive,,Partial
Finance Lead,Chief Financial Officer (CFO),DOLLAR GENERAL CORP,Professional Services,,,C-Suite Executive,,Partial
Executive Lead,Chief Executive Officer (CEO),ATI INC,Professional Services,,,C-Suite Executive,,Partial
Finance Lead,Chief Financial Officer (CFO),ATI INC,Professional Services,,,C-Suite Executive,,Partial
Executive Lead,Chief Executive Officer (CEO),VICI PROPERTIES INC.,Professional Services,,,C-Suite Executive,,Partial
Finance Lead,Chief Financial Officer (CFO),VICI PROPERTIES INC.,Professional Services,,,C-Suite Executive,,Partial
Executive Lead,Chief Executive Officer (CEO),FISERV INC,Professional Services,,,C-Suite Executive,,Partial
Finance Lead,Chief Financial Officer (CFO),FISERV INC,Professional Services,,,C-Suite Executive,,Partial
Executive Lead,Chief Executive Officer (CEO),"COUPANG, INC.",Professional Services,,,C-Suite Executive,,Partial
Finance Lead,Chief Financial Officer (CFO),"COUPANG, INC.",Professional Services,,,C-Suite Executive,,Partial
Executive Lead,Chief Executive Officer (CEO),"CORPAY, INC.",Professional Services,,,C-Suite Executive,,Partial
Finance Lead,Chief Financial Officer (CFO),"CORPAY, INC.",Professional Services,,,C-Suite Executive,,Partial
Executive Lead,Chief Executive Officer (CEO),ECHOSTAR CORP,Professional Services,,,C-Suite Executive,,Partial
Finance Lead,Chief Financial Officer (CFO),ECHOSTAR CORP,Professional Services,,,C-Suite Executive,,Partial
Executive Lead,Chief Executive Officer (CEO),COGNIZANT TECHNOLOGY SOLUTIONS CORP,Professional Services,,,C-Suite Executive,,Partial
Finance Lead,Chief Financial Officer (CFO),COGNIZANT TECHNOLOGY SOLUTIONS CORP,Professional Services,,,C-Suite Executive,,Partial
Executive Lead,Chief Executive Officer (CEO),FIRSTENERGY CORP,Professional Services,,,C-Suite Executive,,Partial
Finance Lead,Chief Financial Officer (CFO),FIRSTENERGY CORP,Professional Services,,,C-Suite Executive,,Partial
Executive Lead,Chief Executive Officer (CEO),WILLIAMS SONOMA INC,Professional Services,,,C-Suite Executive,,Partial
Finance Lead,Chief Financial Officer (CFO),WILLIAMS SONOMA INC,Professional Services,,,C-Suite Executive,,Partial
Executive Lead,Chief Executive Officer (CEO),"ZSCALER, INC.",Professional Services,,,C-Suite Executive,,Partial
Finance Lead,Chief Financial Officer (CFO),"ZSCALER, INC.",Professional Services,,,C-Suite Executive,,Partial
Executive Lead,Chief Executive Officer (CEO),OTIS WORLDWIDE CORP,Professional Services,,,C-Suite Executive,,Partial
Finance Lead,Chief Financial Officer (CFO),OTIS WORLDWIDE CORP,Professional Services,,,C-Suite Executive,,Partial
Executive Lead,Chief Executive Officer (CEO),"QNITY ELECTRONICS, INC.",Professional Services,,,C-Suite Executive,,Partial
Finance Lead,Chief Financial Officer (CFO),"QNITY ELECTRONICS, INC.",Professional Services,,,C-Suite Executive,,Partial
Executive Lead,Chief Executive Officer (CEO),VERISIGN INC/CA,Professional Services,,,C-Suite Executive,,Partial
Finance Lead,Chief Financial Officer (CFO),VERISIGN INC/CA,Professional Services,,,C-Suite Executive,,Partial
Executive Lead,Chief Executive Officer (CEO),"SUPER MICRO COMPUTER, INC.",Professional Services,,,C-Suite Executive,,Partial
Finance Lead,Chief Financial Officer (CFO),"SUPER MICRO COMPUTER, INC.",Professional Services,,,C-Suite Executive,,Partial
Executive Lead,Chief Executive Officer (CEO),NVENT ELECTRIC PLC,Professional Services,,,C-Suite Executive,,Partial
Finance Lead,Chief Financial Officer (CFO),NVENT ELECTRIC PLC,Professional Services,,,C-Suite Executive,,Partial
Executive Lead,Chief Executive Officer (CEO),CINCINNATI FINANCIAL CORP,Professional Services,,,C-Suite Executive,,Partial
Finance Lead,Chief Financial Officer (CFO),CINCINNATI FINANCIAL CORP,Professional Services,,,C-Suite Executive,,Partial
Executive Lead,Chief Executive Officer (CEO),METTLER TOLEDO INTERNATIONAL INC/,Professional Services,,,C-Suite Executive,,Partial
Finance Lead,Chief Financial Officer (CFO),METTLER TOLEDO INTERNATIONAL INC/,Professional Services,,,C-Suite Executive,,Partial
Executive Lead,Chief Executive Officer (CEO),BERKLEY W R CORP,Professional Services,,,C-Suite Executive,,Partial
Finance Lead,Chief Financial Officer (CFO),BERKLEY W R CORP,Professional Services,,,C-Suite Executive,,Partial
Executive Lead,Chief Executive Officer (CEO),CENTERPOINT ENERGY INC,Professional Services,,,C-Suite Executive,,Partial
Finance Lead,Chief Financial Officer (CFO),CENTERPOINT ENERGY INC,Professional Services,,,C-Suite Executive,,Partial
Executive Lead,Chief Executive Officer (CEO),EVERSOURCE ENERGY,Professional Services,,,C-Suite Executive,,Partial
Finance Lead,Chief Financial Officer (CFO),EVERSOURCE ENERGY,Professional Services,,,C-Suite Executive,,Partial
Executive Lead,Chief Executive Officer (CEO),GLOBALFOUNDRIES INC.,Professional Services,,,C-Suite Executive,,Partial
Finance Lead,Chief Financial Officer (CFO),GLOBALFOUNDRIES INC.,Professional Services,,,C-Suite Executive,,Partial
Executive Lead,Chief Executive Officer (CEO),SYMBOTIC INC.,Professional Services,,,C-Suite Executive,,Partial
Finance Lead,Chief Financial Officer (CFO),SYMBOTIC INC.,Professional Services,,,C-Suite Executive,,Partial
Executive Lead,Chief Executive Officer (CEO),PPL CORP,Professional Services,,,C-Suite Executive,,Partial
Finance Lead,Chief Financial Officer (CFO),PPL CORP,Professional Services,,,C-Suite Executive,,Partial
Executive Lead,Chief Executive Officer (CEO),QUEST DIAGNOSTICS INC,Professional Services,,,C-Suite Executive,,Partial
Finance Lead,Chief Financial Officer (CFO),QUEST DIAGNOSTICS INC,Professional Services,,,C-Suite Executive,,Partial
Executive Lead,Chief Executive Officer (CEO),REGIONS FINANCIAL CORP,Professional Services,,,C-Suite Executive,,Partial
Finance Lead,Chief Financial Officer (CFO),REGIONS FINANCIAL CORP,Professional Services,,,C-Suite Executive,,Partial
Executive Lead,Chief Executive Officer (CEO),TEXAS PACIFIC LAND CORP,Professional Services,,,C-Suite Executive,,Partial
Finance Lead,Chief Financial Officer (CFO),TEXAS PACIFIC LAND CORP,Professional Services,,,C-Suite Executive,,Partial
Executive Lead,Chief Executive Officer (CEO),DOVER CORP,Professional Services,,,C-Suite Executive,,Partial
Finance Lead,Chief Financial Officer (CFO),DOVER CORP,Professional Services,,,C-Suite Executive,,Partial
Executive Lead,Chief Executive Officer (CEO),HUNT J B TRANSPORT SERVICES INC,Professional Services,,,C-Suite Executive,,Partial
Finance Lead,Chief Financial Officer (CFO),HUNT J B TRANSPORT SERVICES INC,Professional Services,,,C-Suite Executive,,Partial
Executive Lead,Chief Executive Officer (CEO),LABCORP HOLDINGS INC.,Professional Services,,,C-Suite Executive,,Partial
Finance Lead,Chief Financial Officer (CFO),LABCORP HOLDINGS INC.,Professional Services,,,C-Suite Executive,,Partial
Executive Lead,Chief Executive Officer (CEO),XYLEM INC.,Professional Services,,,C-Suite Executive,,Partial
Finance Lead,Chief Financial Officer (CFO),XYLEM INC.,Professional Services,,,C-Suite Executive,,Partial
Executive Lead,Chief Executive Officer (CEO),EXPEDITORS INTERNATIONAL OF WASHINGTON INC,Professional Services,,,C-Suite Executive,,Partial
Finance Lead,Chief Financial Officer (CFO),EXPEDITORS INTERNATIONAL OF WASHINGTON INC,Professional Services,,,C-Suite Executive,,Partial
Executive Lead,Chief Executive Officer (CEO),BENDING SPOONS S.P.A.,Professional Services,,,C-Suite Executive,,Partial
Finance Lead,Chief Financial Officer (CFO),BENDING SPOONS S.P.A.,Professional Services,,,C-Suite Executive,,Partial
Executive Lead,Chief Executive Officer (CEO),INCYTE CORP,Professional Services,,,C-Suite Executive,,Partial
Finance Lead,Chief Financial Officer (CFO),INCYTE CORP,Professional Services,,,C-Suite Executive,,Partial
Executive Lead,Chief Executive Officer (CEO),PRINCIPAL FINANCIAL GROUP INC,Professional Services,,,C-Suite Executive,,Partial
Finance Lead,Chief Financial Officer (CFO),PRINCIPAL FINANCIAL GROUP INC,Professional Services,,,C-Suite Executive,,Partial
Executive Lead,Chief Executive Officer (CEO),SYNCHRONY FINANCIAL,Professional Services,,,C-Suite Executive,,Partial
Finance Lead,Chief Financial Officer (CFO),SYNCHRONY FINANCIAL,Professional Services,,,C-Suite Executive,,Partial
Executive Lead,Chief Executive Officer (CEO),"CIRCLE INTERNET GROUP, INC.",Professional Services,,,C-Suite Executive,,Partial
Finance Lead,Chief Financial Officer (CFO),"CIRCLE INTERNET GROUP, INC.",Professional Services,,,C-Suite Executive,,Partial
Executive Lead,Chief Executive Officer (CEO),FIRST CITIZENS BANCSHARES INC /DE/,Professional Services,,,C-Suite Executive,,Partial
Finance Lead,Chief Financial Officer (CFO),FIRST CITIZENS BANCSHARES INC /DE/,Professional Services,,,C-Suite Executive,,Partial
Executive Lead,Chief Executive Officer (CEO),WEST PHARMACEUTICAL SERVICES INC,Professional Services,,,C-Suite Executive,,Partial
Finance Lead,Chief Financial Officer (CFO),WEST PHARMACEUTICAL SERVICES INC,Professional Services,,,C-Suite Executive,,Partial
Executive Lead,Chief Executive Officer (CEO),TRIP.COM GROUP LTD,Professional Services,,,C-Suite Executive,,Partial
Finance Lead,Chief Financial Officer (CFO),TRIP.COM GROUP LTD,Professional Services,,,C-Suite Executive,,Partial
Executive Lead,Chief Executive Officer (CEO),HUBBELL INC,Professional Services,,,C-Suite Executive,,Partial
Finance Lead,Chief Financial Officer (CFO),HUBBELL INC,Professional Services,,,C-Suite Executive,,Partial
Executive Lead,Chief Executive Officer (CEO),BIONTECH SE,Professional Services,,,C-Suite Executive,,Partial
Finance Lead,Chief Financial Officer (CFO),BIONTECH SE,Professional Services,,,C-Suite Executive,,Partial
Executive Lead,Chief Executive Officer (CEO),KONINKLIJKE PHILIPS NV,Professional Services,,,C-Suite Executive,,Partial
Finance Lead,Chief Financial Officer (CFO),KONINKLIJKE PHILIPS NV,Professional Services,,,C-Suite Executive,,Partial
Executive Lead,Chief Executive Officer (CEO),"AFFIRM HOLDINGS, INC.",Professional Services,,,C-Suite Executive,,Partial
Finance Lead,Chief Financial Officer (CFO),"AFFIRM HOLDINGS, INC.",Professional Services,,,C-Suite Executive,,Partial
Executive Lead,Chief Executive Officer (CEO),GRUPO CIBEST S.A.,Professional Services,,,C-Suite Executive,,Partial
Finance Lead,Chief Financial Officer (CFO),GRUPO CIBEST S.A.,Professional Services,,,C-Suite Executive,,Partial
Executive Lead,Chief Executive Officer (CEO),"NRG ENERGY, INC.",Professional Services,,,C-Suite Executive,,Partial
Finance Lead,Chief Financial Officer (CFO),"NRG ENERGY, INC.",Professional Services,,,C-Suite Executive,,Partial
Executive Lead,Chief Executive Officer (CEO),DARDEN RESTAURANTS INC,Professional Services,,,C-Suite Executive,,Partial
Finance Lead,Chief Financial Officer (CFO),DARDEN RESTAURANTS INC,Professional Services,,,C-Suite Executive,,Partial
Executive Lead,Chief Executive Officer (CEO),TOWER SEMICONDUCTOR LTD,Professional Services,,,C-Suite Executive,,Partial
Finance Lead,Chief Financial Officer (CFO),TOWER SEMICONDUCTOR LTD,Professional Services,,,C-Suite Executive,,Partial
Executive Lead,Chief Executive Officer (CEO),CHOCOLADEFABRIKEN LINDT & SPRUENGLI AG/ADR,Professional Services,,,C-Suite Executive,,Partial
Finance Lead,Chief Financial Officer (CFO),CHOCOLADEFABRIKEN LINDT & SPRUENGLI AG/ADR,Professional Services,,,C-Suite Executive,,Partial
Executive Lead,Chief Executive Officer (CEO),MTN GROUP LTD/ADR,Professional Services,,,C-Suite Executive,,Partial
Finance Lead,Chief Financial Officer (CFO),MTN GROUP LTD/ADR,Professional Services,,,C-Suite Executive,,Partial
Executive Lead,Chief Executive Officer (CEO),GLOBAL PAYMENTS INC,Professional Services,,,C-Suite Executive,,Partial
Finance Lead,Chief Financial Officer (CFO),GLOBAL PAYMENTS INC,Professional Services,,,C-Suite Executive,,Partial
Executive Lead,Chief Executive Officer (CEO),PPG INDUSTRIES INC,Professional Services,,,C-Suite Executive,,Partial
Finance Lead,Chief Financial Officer (CFO),PPG INDUSTRIES INC,Professional Services,,,C-Suite Executive,,Partial
Executive Lead,Chief Executive Officer (CEO),BUNGE GLOBAL SA,Professional Services,,,C-Suite Executive,,Partial
Finance Lead,Chief Financial Officer (CFO),BUNGE GLOBAL SA,Professional Services,,,C-Suite Executive,,Partial
Executive Lead,Chief Executive Officer (CEO),"RIVIAN AUTOMOTIVE, INC. / DE",Professional Services,,,C-Suite Executive,,Partial
Finance Lead,Chief Financial Officer (CFO),"RIVIAN AUTOMOTIVE, INC. / DE",Professional Services,,,C-Suite Executive,,Partial
Executive Lead,Chief Executive Officer (CEO),"VIPER ENERGY, INC.",Professional Services,,,C-Suite Executive,,Partial
Finance Lead,Chief Financial Officer (CFO),"VIPER ENERGY, INC.",Professional Services,,,C-Suite Executive,,Partial
Executive Lead,Chief Executive Officer (CEO),"F5, INC.",Professional Services,,,C-Suite Executive,,Partial
Finance Lead,Chief Financial Officer (CFO),"F5, INC.",Professional Services,,,C-Suite Executive,,Partial
Executive Lead,Chief Executive Officer (CEO),"AST SPACEMOBILE, INC.",Professional Services,,,C-Suite Executive,,Partial
Finance Lead,Chief Financial Officer (CFO),"AST SPACEMOBILE, INC.",Professional Services,,,C-Suite Executive,,Partial
Executive Lead,Chief Executive Officer (CEO),"TAPESTRY, INC.",Professional Services,,,C-Suite Executive,,Partial
Finance Lead,Chief Financial Officer (CFO),"TAPESTRY, INC.",Professional Services,,,C-Suite Executive,,Partial
Executive Lead,Chief Executive Officer (CEO),"ULTA BEAUTY, INC.",Professional Services,,,C-Suite Executive,,Partial
Finance Lead,Chief Financial Officer (CFO),"ULTA BEAUTY, INC.",Professional Services,,,C-Suite Executive,,Partial
Executive Lead,Chief Executive Officer (CEO),KEYCORP /NEW/,Professional Services,,,C-Suite Executive,,Partial
Finance Lead,Chief Financial Officer (CFO),KEYCORP /NEW/,Professional Services,,,C-Suite Executive,,Partial
Executive Lead,Chief Executive Officer (CEO),VERALTO CORP,Professional Services,,,C-Suite Executive,,Partial
Finance Lead,Chief Financial Officer (CFO),VERALTO CORP,Professional Services,,,C-Suite Executive,,Partial
Executive Lead,Chief Executive Officer (CEO),EDP ENERGIAS DE PORTUGAL SA,Professional Services,,,C-Suite Executive,,Partial
Finance Lead,Chief Financial Officer (CFO),EDP ENERGIAS DE PORTUGAL SA,Professional Services,,,C-Suite Executive,,Partial
Executive Lead,Chief Executive Officer (CEO),"ROKU, INC",Professional Services,,,C-Suite Executive,,Partial
Finance Lead,Chief Financial Officer (CFO),"ROKU, INC",Professional Services,,,C-Suite Executive,,Partial
Executive Lead,Chief Executive Officer (CEO),"VERISK ANALYTICS, INC.",Professional Services,,,C-Suite Executive,,Partial
Finance Lead,Chief Financial Officer (CFO),"VERISK ANALYTICS, INC.",Professional Services,,,C-Suite Executive,,Partial
Executive Lead,Chief Executive Officer (CEO),SAMSARA INC.,Professional Services,,,C-Suite Executive,,Partial
Finance Lead,Chief Financial Officer (CFO),SAMSARA INC.,Professional Services,,,C-Suite Executive,,Partial
Executive Lead,Chief Executive Officer (CEO),CASEYS GENERAL STORES INC,Professional Services,,,C-Suite Executive,,Partial
Finance Lead,Chief Financial Officer (CFO),CASEYS GENERAL STORES INC,Professional Services,,,C-Suite Executive,,Partial
Executive Lead,Chief Executive Officer (CEO),PRICE T ROWE GROUP INC,Professional Services,,,C-Suite Executive,,Partial
Finance Lead,Chief Financial Officer (CFO),PRICE T ROWE GROUP INC,Professional Services,,,C-Suite Executive,,Partial
Executive Lead,Chief Executive Officer (CEO),INTERCONTINENTAL HOTELS GROUP PLC /NEW/,Professional Services,,,C-Suite Executive,,Partial
Finance Lead,Chief Financial Officer (CFO),INTERCONTINENTAL HOTELS GROUP PLC /NEW/,Professional Services,,,C-Suite Executive,,Partial
Executive Lead,Chief Executive Officer (CEO),"SHARKNINJA, INC.",Professional Services,,,C-Suite Executive,,Partial
Finance Lead,Chief Financial Officer (CFO),"SHARKNINJA, INC.",Professional Services,,,C-Suite Executive,,Partial
Executive Lead,Chief Executive Officer (CEO),"ARXIS, INC.",Professional Services,,,C-Suite Executive,,Partial
Finance Lead,Chief Financial Officer (CFO),"ARXIS, INC.",Professional Services,,,C-Suite Executive,,Partial
Executive Lead,Chief Executive Officer (CEO),SMURFIT WESTROCK PLC,Professional Services,,,C-Suite Executive,,Partial
Finance Lead,Chief Financial Officer (CFO),SMURFIT WESTROCK PLC,Professional Services,,,C-Suite Executive,,Partial
Executive Lead,Chief Executive Officer (CEO),PULTEGROUP INC/MI/,Professional Services,,,C-Suite Executive,,Partial
Finance Lead,Chief Financial Officer (CFO),PULTEGROUP INC/MI/,Professional Services,,,C-Suite Executive,,Partial
Executive Lead,Chief Executive Officer (CEO),AERCAP HOLDINGS N.V.,Professional Services,,,C-Suite Executive,,Partial
Finance Lead,Chief Financial Officer (CFO),AERCAP HOLDINGS N.V.,Professional Services,,,C-Suite Executive,,Partial
Executive Lead,Chief Executive Officer (CEO),"FIRST SOLAR, INC.",Professional Services,,,C-Suite Executive,,Partial
Finance Lead,Chief Financial Officer (CFO),"FIRST SOLAR, INC.",Professional Services,,,C-Suite Executive,,Partial
Executive Lead,Chief Executive Officer (CEO),"SOFI TECHNOLOGIES, INC.",Professional Services,,,C-Suite Executive,,Partial
Finance Lead,Chief Financial Officer (CFO),"SOFI TECHNOLOGIES, INC.",Professional Services,,,C-Suite Executive,,Partial
Executive Lead,Chief Executive Officer (CEO),AMRIZE LTD,Professional Services,,,C-Suite Executive,,Partial
Finance Lead,Chief Financial Officer (CFO),AMRIZE LTD,Professional Services,,,C-Suite Executive,,Partial
Executive Lead,Chief Executive Officer (CEO),LOEWS CORP,Professional Services,,,C-Suite Executive,,Partial
Finance Lead,Chief Financial Officer (CFO),LOEWS CORP,Professional Services,,,C-Suite Executive,,Partial
Executive Lead,Chief Executive Officer (CEO),CHURCH & DWIGHT CO INC /DE/,Professional Services,,,C-Suite Executive,,Partial
Finance Lead,Chief Financial Officer (CFO),CHURCH & DWIGHT CO INC /DE/,Professional Services,,,C-Suite Executive,,Partial
Executive Lead,Chief Executive Officer (CEO),GEELY AUTOMOBILE HOLDINGS LIMITED/ADR,Professional Services,,,C-Suite Executive,,Partial
Finance Lead,Chief Financial Officer (CFO),GEELY AUTOMOBILE HOLDINGS LIMITED/ADR,Professional Services,,,C-Suite Executive,,Partial
Executive Lead,Chief Executive Officer (CEO),"BROWN & BROWN, INC.",Professional Services,,,C-Suite Executive,,Partial
Finance Lead,Chief Financial Officer (CFO),"BROWN & BROWN, INC.",Professional Services,,,C-Suite Executive,,Partial
Executive Lead,Chief Executive Officer (CEO),MARKEL GROUP INC.,Professional Services,,,C-Suite Executive,,Partial
Finance Lead,Chief Financial Officer (CFO),MARKEL GROUP INC.,Professional Services,,,C-Suite Executive,,Partial
Executive Lead,Chief Executive Officer (CEO),CARPENTER TECHNOLOGY CORP,Professional Services,,,C-Suite Executive,,Partial
Finance Lead,Chief Financial Officer (CFO),CARPENTER TECHNOLOGY CORP,Professional Services,,,C-Suite Executive,,Partial
Executive Lead,Chief Executive Officer (CEO),CNH INDUSTRIAL N.V.,Professional Services,,,C-Suite Executive,,Partial
Finance Lead,Chief Financial Officer (CFO),CNH INDUSTRIAL N.V.,Professional Services,,,C-Suite Executive,,Partial
Executive Lead,Chief Executive Officer (CEO),TRADEWEB MARKETS INC.,Professional Services,,,C-Suite Executive,,Partial
Finance Lead,Chief Financial Officer (CFO),TRADEWEB MARKETS INC.,Professional Services,,,C-Suite Executive,,Partial
Executive Lead,Chief Executive Officer (CEO),"DOLLAR TREE, INC.",Professional Services,,,C-Suite Executive,,Partial
Finance Lead,Chief Financial Officer (CFO),"DOLLAR TREE, INC.",Professional Services,,,C-Suite Executive,,Partial
Executive Lead,Chief Executive Officer (CEO),LIBERTY MEDIA CORP,Professional Services,,,C-Suite Executive,,Partial
Finance Lead,Chief Financial Officer (CFO),LIBERTY MEDIA CORP,Professional Services,,,C-Suite Executive,,Partial
Executive Lead,Chief Executive Officer (CEO),EXPAND ENERGY CORP,Professional Services,,,C-Suite Executive,,Partial
Finance Lead,Chief Financial Officer (CFO),EXPAND ENERGY CORP,Professional Services,,,C-Suite Executive,,Partial
Executive Lead,Chief Executive Officer (CEO),HESAI GROUP,Professional Services,,,C-Suite Executive,,Partial
Finance Lead,Chief Financial Officer (CFO),HESAI GROUP,Professional Services,,,C-Suite Executive,,Partial
Executive Lead,Chief Executive Officer (CEO),OMNICOM GROUP INC.,Professional Services,,,C-Suite Executive,,Partial
Finance Lead,Chief Financial Officer (CFO),OMNICOM GROUP INC.,Professional Services,,,C-Suite Executive,,Partial
Executive Lead,Chief Executive Officer (CEO),YPF SOCIEDAD ANONIMA,Professional Services,,,C-Suite Executive,,Partial
Finance Lead,Chief Financial Officer (CFO),YPF SOCIEDAD ANONIMA,Professional Services,,,C-Suite Executive,,Partial
Executive Lead,Chief Executive Officer (CEO),BCE INC,Professional Services,,,C-Suite Executive,,Partial
Finance Lead,Chief Financial Officer (CFO),BCE INC,Professional Services,,,C-Suite Executive,,Partial
Executive Lead,Chief Executive Officer (CEO),CHEUNG KONG PROPERTY HOLDINGS LIMITED/ADR,Professional Services,,,C-Suite Executive,,Partial
Finance Lead,Chief Financial Officer (CFO),CHEUNG KONG PROPERTY HOLDINGS LIMITED/ADR,Professional Services,,,C-Suite Executive,,Partial
Executive Lead,Chief Executive Officer (CEO),ENTEGRIS INC,Professional Services,,,C-Suite Executive,,Partial
Finance Lead,Chief Financial Officer (CFO),ENTEGRIS INC,Professional Services,,,C-Suite Executive,,Partial
Executive Lead,Chief Executive Officer (CEO),FAIR ISAAC CORP,Professional Services,,,C-Suite Executive,,Partial
Finance Lead,Chief Financial Officer (CFO),FAIR ISAAC CORP,Professional Services,,,C-Suite Executive,,Partial
Executive Lead,Chief Executive Officer (CEO),EDISON INTERNATIONAL,Professional Services,,,C-Suite Executive,,Partial
Finance Lead,Chief Financial Officer (CFO),EDISON INTERNATIONAL,Professional Services,,,C-Suite Executive,,Partial
Executive Lead,Chief Executive Officer (CEO),INTERNATIONAL FLAVORS & FRAGRANCES INC,Professional Services,,,C-Suite Executive,,Partial
Finance Lead,Chief Financial Officer (CFO),INTERNATIONAL FLAVORS & FRAGRANCES INC,Professional Services,,,C-Suite Executive,,Partial
Executive Lead,Chief Executive Officer (CEO),ROYAL GOLD INC,Professional Services,,,C-Suite Executive,,Partial
Finance Lead,Chief Financial Officer (CFO),ROYAL GOLD INC,Professional Services,,,C-Suite Executive,,Partial
Executive Lead,Chief Executive Officer (CEO),UNITED THERAPEUTICS CORP,Professional Services,,,C-Suite Executive,,Partial
Finance Lead,Chief Financial Officer (CFO),UNITED THERAPEUTICS CORP,Professional Services,,,C-Suite Executive,,Partial
Executive Lead,Chief Executive Officer (CEO),TENET HEALTHCARE CORP,Professional Services,,,C-Suite Executive,,Partial
Finance Lead,Chief Financial Officer (CFO),TENET HEALTHCARE CORP,Professional Services,,,C-Suite Executive,,Partial
Executive Lead,Chief Executive Officer (CEO),"XPO, INC.",Professional Services,,,C-Suite Executive,,Partial
Finance Lead,Chief Financial Officer (CFO),"XPO, INC.",Professional Services,,,C-Suite Executive,,Partial
Executive Lead,Chief Executive Officer (CEO),"GUARDANT HEALTH, INC.",Professional Services,,,C-Suite Executive,,Partial
Finance Lead,Chief Financial Officer (CFO),"GUARDANT HEALTH, INC.",Professional Services,,,C-Suite Executive,,Partial
Executive Lead,Chief Executive Officer (CEO),CMS ENERGY CORP,Professional Services,,,C-Suite Executive,,Partial
Finance Lead,Chief Financial Officer (CFO),CMS ENERGY CORP,Professional Services,,,C-Suite Executive,,Partial
Executive Lead,Chief Executive Officer (CEO),"MACOM TECHNOLOGY SOLUTIONS HOLDINGS, INC.",Professional Services,,,C-Suite Executive,,Partial
Finance Lead,Chief Financial Officer (CFO),"MACOM TECHNOLOGY SOLUTIONS HOLDINGS, INC.",Professional Services,,,C-Suite Executive,,Partial
Executive Lead,Chief Executive Officer (CEO),BANK OF CHILE,Professional Services,,,C-Suite Executive,,Partial
Finance Lead,Chief Financial Officer (CFO),BANK OF CHILE,Professional Services,,,C-Suite Executive,,Partial
Executive Lead,Chief Executive Officer (CEO),HEINEKEN HOLDING N V,Professional Services,,,C-Suite Executive,,Partial
Finance Lead,Chief Financial Officer (CFO),HEINEKEN HOLDING N V,Professional Services,,,C-Suite Executive,,Partial
Executive Lead,Chief Executive Officer (CEO),"COEUR MINING, INC.",Professional Services,,,C-Suite Executive,,Partial
Finance Lead,Chief Financial Officer (CFO),"COEUR MINING, INC.",Professional Services,,,C-Suite Executive,,Partial
Executive Lead,Chief Executive Officer (CEO),"CONSTELLATION BRANDS, INC.",Professional Services,,,C-Suite Executive,,Partial
Finance Lead,Chief Financial Officer (CFO),"CONSTELLATION BRANDS, INC.",Professional Services,,,C-Suite Executive,,Partial
Executive Lead,Chief Executive Officer (CEO),PACKAGING CORP OF AMERICA,Professional Services,,,C-Suite Executive,,Partial
Finance Lead,Chief Financial Officer (CFO),PACKAGING CORP OF AMERICA,Professional Services,,,C-Suite Executive,,Partial
Executive Lead,Chief Executive Officer (CEO),DOW INC.,Professional Services,,,C-Suite Executive,,Partial
Finance Lead,Chief Financial Officer (CFO),DOW INC.,Professional Services,,,C-Suite Executive,,Partial
Executive Lead,Chief Executive Officer (CEO),PAN AMERICAN SILVER CORP,Professional Services,,,C-Suite Executive,,Partial
Finance Lead,Chief Financial Officer (CFO),PAN AMERICAN SILVER CORP,Professional Services,,,C-Suite Executive,,Partial
Executive Lead,Chief Executive Officer (CEO),US FOODS HOLDING CORP.,Professional Services,,,C-Suite Executive,,Partial
Finance Lead,Chief Financial Officer (CFO),US FOODS HOLDING CORP.,Professional Services,,,C-Suite Executive,,Partial
Executive Lead,Chief Executive Officer (CEO),CURTISS WRIGHT CORP,Professional Services,,,C-Suite Executive,,Partial
Finance Lead,Chief Financial Officer (CFO),CURTISS WRIGHT CORP,Professional Services,,,C-Suite Executive,,Partial
Executive Lead,Chief Executive Officer (CEO),STERIS PLC,Professional Services,,,C-Suite Executive,,Partial
Finance Lead,Chief Financial Officer (CFO),STERIS PLC,Professional Services,,,C-Suite Executive,,Partial
Executive Lead,Chief Executive Officer (CEO),LYONDELLBASELL INDUSTRIES N.V.,Professional Services,,,C-Suite Executive,,Partial
Finance Lead,Chief Financial Officer (CFO),LYONDELLBASELL INDUSTRIES N.V.,Professional Services,,,C-Suite Executive,,Partial
Executive Lead,Chief Executive Officer (CEO),STELLANTIS N.V.,Professional Services,,,C-Suite Executive,,Partial
Finance Lead,Chief Financial Officer (CFO),STELLANTIS N.V.,Professional Services,,,C-Suite Executive,,Partial
Executive Lead,Chief Executive Officer (CEO),"WESTERN MIDSTREAM PARTNERS, LP",Professional Services,,,C-Suite Executive,,Partial
Finance Lead,Chief Financial Officer (CFO),"WESTERN MIDSTREAM PARTNERS, LP",Professional Services,,,C-Suite Executive,,Partial
Executive Lead,Chief Executive Officer (CEO),"CF INDUSTRIES HOLDINGS, INC.",Professional Services,,,C-Suite Executive,,Partial
Finance Lead,Chief Financial Officer (CFO),"CF INDUSTRIES HOLDINGS, INC.",Professional Services,,,C-Suite Executive,,Partial
Executive Lead,Chief Executive Officer (CEO),RALPH LAUREN CORP,Professional Services,,,C-Suite Executive,,Partial
Finance Lead,Chief Financial Officer (CFO),RALPH LAUREN CORP,Professional Services,,,C-Suite Executive,,Partial
Executive Lead,Chief Executive Officer (CEO),"WOODWARD, INC.",Professional Services,,,C-Suite Executive,,Partial
Finance Lead,Chief Financial Officer (CFO),"WOODWARD, INC.",Professional Services,,,C-Suite Executive,,Partial
Executive Lead,Chief Executive Officer (CEO),CHEMICAL & MINING CO OF CHILE INC,Professional Services,,,C-Suite Executive,,Partial
Finance Lead,Chief Financial Officer (CFO),CHEMICAL & MINING CO OF CHILE INC,Professional Services,,,C-Suite Executive,,Partial
Executive Lead,Chief Executive Officer (CEO),GENMAB A/S,Professional Services,,,C-Suite Executive,,Partial
Finance Lead,Chief Financial Officer (CFO),GENMAB A/S,Professional Services,,,C-Suite Executive,,Partial
Executive Lead,Chief Executive Officer (CEO),"RELIANCE, INC.",Professional Services,,,C-Suite Executive,,Partial
Finance Lead,Chief Financial Officer (CFO),"RELIANCE, INC.",Professional Services,,,C-Suite Executive,,Partial
Executive Lead,Chief Executive Officer (CEO),NISOURCE INC.,Professional Services,,,C-Suite Executive,,Partial
Finance Lead,Chief Financial Officer (CFO),NISOURCE INC.,Professional Services,,,C-Suite Executive,,Partial
Executive Lead,Chief Executive Officer (CEO),PERMIAN RESOURCES CORP,Professional Services,,,C-Suite Executive,,Partial
Finance Lead,Chief Financial Officer (CFO),PERMIAN RESOURCES CORP,Professional Services,,,C-Suite Executive,,Partial
Executive Lead,Chief Executive Officer (CEO),EQUIFAX INC,Professional Services,,,C-Suite Executive,,Partial
Finance Lead,Chief Financial Officer (CFO),EQUIFAX INC,Professional Services,,,C-Suite Executive,,Partial
Executive Lead,Chief Executive Officer (CEO),RESOLUTION MINERALS LTD,Professional Services,,,C-Suite Executive,,Partial
Finance Lead,Chief Financial Officer (CFO),RESOLUTION MINERALS LTD,Professional Services,,,C-Suite Executive,,Partial
Executive Lead,Chief Executive Officer (CEO),AMCOR PLC,Professional Services,,,C-Suite Executive,,Partial
Finance Lead,Chief Financial Officer (CFO),AMCOR PLC,Professional Services,,,C-Suite Executive,,Partial
Executive Lead,Chief Executive Officer (CEO),TELENOR ASA,Professional Services,,,C-Suite Executive,,Partial
Finance Lead,Chief Financial Officer (CFO),TELENOR ASA,Professional Services,,,C-Suite Executive,,Partial
Executive Lead,Chief Executive Officer (CEO),SBA COMMUNICATIONS CORP,Professional Services,,,C-Suite Executive,,Partial
Finance Lead,Chief Financial Officer (CFO),SBA COMMUNICATIONS CORP,Professional Services,,,C-Suite Executive,,Partial
Executive Lead,Chief Executive Officer (CEO),"FIDELITY NATIONAL INFORMATION SERVICES, INC.",Professional Services,,,C-Suite Executive,,Partial
Finance Lead,Chief Financial Officer (CFO),"FIDELITY NATIONAL INFORMATION SERVICES, INC.",Professional Services,,,C-Suite Executive,,Partial
Executive Lead,Chief Executive Officer (CEO),ROGERS COMMUNICATIONS INC,Professional Services,,,C-Suite Executive,,Partial
Finance Lead,Chief Financial Officer (CFO),ROGERS COMMUNICATIONS INC,Professional Services,,,C-Suite Executive,,Partial
Executive Lead,Chief Executive Officer (CEO),SNAP-ON INC,Professional Services,,,C-Suite Executive,,Partial
Finance Lead,Chief Financial Officer (CFO),SNAP-ON INC,Professional Services,,,C-Suite Executive,,Partial
Executive Lead,Chief Executive Officer (CEO),"CHARTER COMMUNICATIONS, INC. /MO/",Professional Services,,,C-Suite Executive,,Partial
Finance Lead,Chief Financial Officer (CFO),"CHARTER COMMUNICATIONS, INC. /MO/",Professional Services,,,C-Suite Executive,,Partial
Executive Lead,Chief Executive Officer (CEO),FTAI AVIATION LTD.,Professional Services,,,C-Suite Executive,,Partial
Finance Lead,Chief Financial Officer (CFO),FTAI AVIATION LTD.,Professional Services,,,C-Suite Executive,,Partial
Executive Lead,Chief Executive Officer (CEO),HF SINCLAIR CORP,Professional Services,,,C-Suite Executive,,Partial
Finance Lead,Chief Financial Officer (CFO),HF SINCLAIR CORP,Professional Services,,,C-Suite Executive,,Partial
Executive Lead,Chief Executive Officer (CEO),UNITY SOFTWARE INC.,Professional Services,,,C-Suite Executive,,Partial
Finance Lead,Chief Financial Officer (CFO),UNITY SOFTWARE INC.,Professional Services,,,C-Suite Executive,,Partial
Executive Lead,Chief Executive Officer (CEO),LENNAR CORP /NEW/,Professional Services,,,C-Suite Executive,,Partial
Finance Lead,Chief Financial Officer (CFO),LENNAR CORP /NEW/,Professional Services,,,C-Suite Executive,,Partial
Executive Lead,Chief Executive Officer (CEO),CDW CORP,Professional Services,,,C-Suite Executive,,Partial
Finance Lead,Chief Financial Officer (CFO),CDW CORP,Professional Services,,,C-Suite Executive,,Partial
Executive Lead,Chief Executive Officer (CEO),MASTEC INC,Professional Services,,,C-Suite Executive,,Partial
Finance Lead,Chief Financial Officer (CFO),MASTEC INC,Professional Services,,,C-Suite Executive,,Partial
Executive Lead,Chief Executive Officer (CEO),SOUTHWEST AIRLINES CO,Professional Services,,,C-Suite Executive,,Partial
Finance Lead,Chief Financial Officer (CFO),SOUTHWEST AIRLINES CO,Professional Services,,,C-Suite Executive,,Partial
Executive Lead,Chief Executive Officer (CEO),WOORI FINANCIAL GROUP INC.,Professional Services,,,C-Suite Executive,,Partial
Finance Lead,Chief Financial Officer (CFO),WOORI FINANCIAL GROUP INC.,Professional Services,,,C-Suite Executive,,Partial
Executive Lead,Chief Executive Officer (CEO),SITIME CORP,Professional Services,,,C-Suite Executive,,Partial
Finance Lead,Chief Financial Officer (CFO),SITIME CORP,Professional Services,,,C-Suite Executive,,Partial
Executive Lead,Chief Executive Officer (CEO),GENERAL MILLS INC,Professional Services,,,C-Suite Executive,,Partial
Finance Lead,Chief Financial Officer (CFO),GENERAL MILLS INC,Professional Services,,,C-Suite Executive,,Partial
Executive Lead,Chief Executive Officer (CEO),"BROADRIDGE FINANCIAL SOLUTIONS, INC.",Professional Services,,,C-Suite Executive,,Partial
Finance Lead,Chief Financial Officer (CFO),"BROADRIDGE FINANCIAL SOLUTIONS, INC.",Professional Services,,,C-Suite Executive,,Partial
Executive Lead,Chief Executive Officer (CEO),BEST BUY CO INC,Professional Services,,,C-Suite Executive,,Partial
Finance Lead,Chief Financial Officer (CFO),BEST BUY CO INC,Professional Services,,,C-Suite Executive,,Partial
Executive Lead,Chief Executive Officer (CEO),VIATRIS INC,Professional Services,,,C-Suite Executive,,Partial
Finance Lead,Chief Financial Officer (CFO),VIATRIS INC,Professional Services,,,C-Suite Executive,,Partial
Executive Lead,Chief Executive Officer (CEO),"FEDEX FREIGHT HOLDING COMPANY, INC.",Professional Services,,,C-Suite Executive,,Partial
Finance Lead,Chief Financial Officer (CFO),"FEDEX FREIGHT HOLDING COMPANY, INC.",Professional Services,,,C-Suite Executive,,Partial
Executive Lead,Chief Executive Officer (CEO),POSCO HOLDINGS INC.,Professional Services,,,C-Suite Executive,,Partial
Finance Lead,Chief Financial Officer (CFO),POSCO HOLDINGS INC.,Professional Services,,,C-Suite Executive,,Partial
Executive Lead,Chief Executive Officer (CEO),"ESSEX PROPERTY TRUST, INC.",Professional Services,,,C-Suite Executive,,Partial
Finance Lead,Chief Financial Officer (CFO),"ESSEX PROPERTY TRUST, INC.",Professional Services,,,C-Suite Executive,,Partial
Executive Lead,Chief Executive Officer (CEO),"EVERGY, INC.",Professional Services,,,C-Suite Executive,,Partial
Finance Lead,Chief Financial Officer (CFO),"EVERGY, INC.",Professional Services,,,C-Suite Executive,,Partial
Executive Lead,Chief Executive Officer (CEO),SS&C TECHNOLOGIES HOLDINGS INC,Professional Services,,,C-Suite Executive,,Partial
Finance Lead,Chief Financial Officer (CFO),SS&C TECHNOLOGIES HOLDINGS INC,Professional Services,,,C-Suite Executive,,Partial
Executive Lead,Chief Executive Officer (CEO),TELEFONICA BRASIL S.A.,Professional Services,,,C-Suite Executive,,Partial
Finance Lead,Chief Financial Officer (CFO),TELEFONICA BRASIL S.A.,Professional Services,,,C-Suite Executive,,Partial
Executive Lead,Chief Executive Officer (CEO),KE HOLDINGS INC.,Professional Services,,,C-Suite Executive,,Partial
Finance Lead,Chief Financial Officer (CFO),KE HOLDINGS INC.,Professional Services,,,C-Suite Executive,,Partial
Executive Lead,Chief Executive Officer (CEO),JOINT STOCK CO KASPI.KZ,Professional Services,,,C-Suite Executive,,Partial
Finance Lead,Chief Financial Officer (CFO),JOINT STOCK CO KASPI.KZ,Professional Services,,,C-Suite Executive,,Partial
Executive Lead,Chief Executive Officer (CEO),"TOAST, INC.",Professional Services,,,C-Suite Executive,,Partial
Finance Lead,Chief Financial Officer (CFO),"TOAST, INC.",Professional Services,,,C-Suite Executive,,Partial
Executive Lead,Chief Executive Officer (CEO),TPG INC.,Professional Services,,,C-Suite Executive,,Partial
Finance Lead,Chief Financial Officer (CFO),TPG INC.,Professional Services,,,C-Suite Executive,,Partial
Executive Lead,Chief Executive Officer (CEO),"TYSON FOODS, INC.",Professional Services,,,C-Suite Executive,,Partial
Finance Lead,Chief Financial Officer (CFO),"TYSON FOODS, INC.",Professional Services,,,C-Suite Executive,,Partial
Executive Lead,Chief Executive Officer (CEO),COMPANHIA DE SANEAMENTO BASICO DO ESTADO DE SAO PAULO-SABESP,Professional Services,,,C-Suite Executive,,Partial
Finance Lead,Chief Financial Officer (CFO),COMPANHIA DE SANEAMENTO BASICO DO ESTADO DE SAO PAULO-SABESP,Professional Services,,,C-Suite Executive,,Partial
Executive Lead,Chief Executive Officer (CEO),GENUINE PARTS CO,Professional Services,,,C-Suite Executive,,Partial
Finance Lead,Chief Financial Officer (CFO),GENUINE PARTS CO,Professional Services,,,C-Suite Executive,,Partial
Executive Lead,Chief Executive Officer (CEO),PLAINS ALL AMERICAN PIPELINE LP,Professional Services,,,C-Suite Executive,,Partial
Finance Lead,Chief Financial Officer (CFO),PLAINS ALL AMERICAN PIPELINE LP,Professional Services,,,C-Suite Executive,,Partial
Executive Lead,Chief Executive Officer (CEO),INTERNATIONAL PAPER CO /NEW/,Professional Services,,,C-Suite Executive,,Partial
Finance Lead,Chief Financial Officer (CFO),INTERNATIONAL PAPER CO /NEW/,Professional Services,,,C-Suite Executive,,Partial
Executive Lead,Chief Executive Officer (CEO),GEN DIGITAL INC.,Professional Services,,,C-Suite Executive,,Partial
Finance Lead,Chief Financial Officer (CFO),GEN DIGITAL INC.,Professional Services,,,C-Suite Executive,,Partial
Executive Lead,Chief Executive Officer (CEO),MKS INC,Professional Services,,,C-Suite Executive,,Partial
Finance Lead,Chief Financial Officer (CFO),MKS INC,Professional Services,,,C-Suite Executive,,Partial
Executive Lead,Chief Executive Officer (CEO),"NUTANIX, INC.",Professional Services,,,C-Suite Executive,,Partial
Finance Lead,Chief Financial Officer (CFO),"NUTANIX, INC.",Professional Services,,,C-Suite Executive,,Partial
Executive Lead,Chief Executive Officer (CEO),"C. H. ROBINSON WORLDWIDE, INC.",Professional Services,,,C-Suite Executive,,Partial
Finance Lead,Chief Financial Officer (CFO),"C. H. ROBINSON WORLDWIDE, INC.",Professional Services,,,C-Suite Executive,,Partial
Executive Lead,Chief Executive Officer (CEO),"ZIMMER BIOMET HOLDINGS, INC.",Professional Services,,,C-Suite Executive,,Partial
Finance Lead,Chief Financial Officer (CFO),"ZIMMER BIOMET HOLDINGS, INC.",Professional Services,,,C-Suite Executive,,Partial
Executive Lead,Chief Executive Officer (CEO),"RUBRIK, INC.",Professional Services,,,C-Suite Executive,,Partial
Finance Lead,Chief Financial Officer (CFO),"RUBRIK, INC.",Professional Services,,,C-Suite Executive,,Partial
Executive Lead,Chief Executive Officer (CEO),EAST WEST BANCORP INC,Professional Services,,,C-Suite Executive,,Partial
Finance Lead,Chief Financial Officer (CFO),EAST WEST BANCORP INC,Professional Services,,,C-Suite Executive,,Partial
Executive Lead,Chief Executive Officer (CEO),MAGNA INTERNATIONAL INC,Professional Services,,,C-Suite Executive,,Partial
Finance Lead,Chief Financial Officer (CFO),MAGNA INTERNATIONAL INC,Professional Services,,,C-Suite Executive,,Partial
Executive Lead,Chief Executive Officer (CEO),OVINTIV INC.,Professional Services,,,C-Suite Executive,,Partial
Finance Lead,Chief Financial Officer (CFO),OVINTIV INC.,Professional Services,,,C-Suite Executive,,Partial
Executive Lead,Chief Executive Officer (CEO),NORDSON CORP,Professional Services,,,C-Suite Executive,,Partial
Finance Lead,Chief Financial Officer (CFO),NORDSON CORP,Professional Services,,,C-Suite Executive,,Partial
Executive Lead,Chief Executive Officer (CEO),TOURMALINE OIL CORP/ADR,Professional Services,,,C-Suite Executive,,Partial
Finance Lead,Chief Financial Officer (CFO),TOURMALINE OIL CORP/ADR,Professional Services,,,C-Suite Executive,,Partial
Executive Lead,Chief Executive Officer (CEO),ALLIANT ENERGY CORP,Professional Services,,,C-Suite Executive,,Partial
Finance Lead,Chief Financial Officer (CFO),ALLIANT ENERGY CORP,Professional Services,,,C-Suite Executive,,Partial
Executive Lead,Chief Executive Officer (CEO),FLUTTER ENTERTAINMENT PLC,Professional Services,,,C-Suite Executive,,Partial
Finance Lead,Chief Financial Officer (CFO),FLUTTER ENTERTAINMENT PLC,Professional Services,,,C-Suite Executive,,Partial
Executive Lead,Chief Executive Officer (CEO),WESCO INTERNATIONAL INC,Professional Services,,,C-Suite Executive,,Partial
Finance Lead,Chief Financial Officer (CFO),WESCO INTERNATIONAL INC,Professional Services,,,C-Suite Executive,,Partial
Executive Lead,Chief Executive Officer (CEO),TRACTOR SUPPLY CO /DE/,Professional Services,,,C-Suite Executive,,Partial
Finance Lead,Chief Financial Officer (CFO),TRACTOR SUPPLY CO /DE/,Professional Services,,,C-Suite Executive,,Partial
Executive Lead,Chief Executive Officer (CEO),ASCENDIS PHARMA A/S,Professional Services,,,C-Suite Executive,,Partial
Finance Lead,Chief Financial Officer (CFO),ASCENDIS PHARMA A/S,Professional Services,,,C-Suite Executive,,Partial
Executive Lead,Chief Executive Officer (CEO),IREN LTD,Professional Services,,,C-Suite Executive,,Partial
Finance Lead,Chief Financial Officer (CFO),IREN LTD,Professional Services,,,C-Suite Executive,,Partial
Executive Lead,Chief Executive Officer (CEO),"DUPONT DE NEMOURS, INC.",Professional Services,,,C-Suite Executive,,Partial
Finance Lead,Chief Financial Officer (CFO),"DUPONT DE NEMOURS, INC.",Professional Services,,,C-Suite Executive,,Partial
Executive Lead,Chief Executive Officer (CEO),ONTO INNOVATION INC.,Professional Services,,,C-Suite Executive,,Partial
Finance Lead,Chief Financial Officer (CFO),ONTO INNOVATION INC.,Professional Services,,,C-Suite Executive,,Partial
Executive Lead,Chief Executive Officer (CEO),FRANKLIN TEMPLETON INC,Professional Services,,,C-Suite Executive,,Partial
Finance Lead,Chief Financial Officer (CFO),FRANKLIN TEMPLETON INC,Professional Services,,,C-Suite Executive,,Partial
Executive Lead,Chief Executive Officer (CEO),ASR NEDERLAND N.V./ADR,Professional Services,,,C-Suite Executive,,Partial
Finance Lead,Chief Financial Officer (CFO),ASR NEDERLAND N.V./ADR,Professional Services,,,C-Suite Executive,,Partial
Executive Lead,Chief Executive Officer (CEO),WOLTERS KLUWER N V /FI,Professional Services,,,C-Suite Executive,,Partial
Finance Lead,Chief Financial Officer (CFO),WOLTERS KLUWER N V /FI,Professional Services,,,C-Suite Executive,,Partial
Executive Lead,Chief Executive Officer (CEO),LATTICE SEMICONDUCTOR CORP,Professional Services,,,C-Suite Executive,,Partial
Finance Lead,Chief Financial Officer (CFO),LATTICE SEMICONDUCTOR CORP,Professional Services,,,C-Suite Executive,,Partial
Executive Lead,Chief Executive Officer (CEO),CLEAN HARBORS INC,Professional Services,,,C-Suite Executive,,Partial
Finance Lead,Chief Financial Officer (CFO),CLEAN HARBORS INC,Professional Services,,,C-Suite Executive,,Partial
Executive Lead,Chief Executive Officer (CEO),ROLLINS INC,Professional Services,,,C-Suite Executive,,Partial
Finance Lead,Chief Financial Officer (CFO),ROLLINS INC,Professional Services,,,C-Suite Executive,,Partial
Executive Lead,Chief Executive Officer (CEO),WIPRO LTD,Professional Services,,,C-Suite Executive,,Partial
Finance Lead,Chief Financial Officer (CFO),WIPRO LTD,Professional Services,,,C-Suite Executive,,Partial
Executive Lead,Chief Executive Officer (CEO),JAMES HARDIE INDUSTRIES PLC,Professional Services,,,C-Suite Executive,,Partial
Finance Lead,Chief Financial Officer (CFO),JAMES HARDIE INDUSTRIES PLC,Professional Services,,,C-Suite Executive,,Partial
Executive Lead,Chief Executive Officer (CEO),JACOBS SOLUTIONS INC.,Professional Services,,,C-Suite Executive,,Partial
Finance Lead,Chief Financial Officer (CFO),JACOBS SOLUTIONS INC.,Professional Services,,,C-Suite Executive,,Partial
Executive Lead,Chief Executive Officer (CEO),FORTIVE CORP,Professional Services,,,C-Suite Executive,,Partial
Finance Lead,Chief Financial Officer (CFO),FORTIVE CORP,Professional Services,,,C-Suite Executive,,Partial
Executive Lead,Chief Executive Officer (CEO),ZEBRA TECHNOLOGIES CORP,Professional Services,,,C-Suite Executive,,Partial
Finance Lead,Chief Financial Officer (CFO),ZEBRA TECHNOLOGIES CORP,Professional Services,,,C-Suite Executive,,Partial
Executive Lead,Chief Executive Officer (CEO),NVR INC,Professional Services,,,C-Suite Executive,,Partial
Finance Lead,Chief Financial Officer (CFO),NVR INC,Professional Services,,,C-Suite Executive,,Partial
Executive Lead,Chief Executive Officer (CEO),IDEX CORP /DE/,Professional Services,,,C-Suite Executive,,Partial
Finance Lead,Chief Financial Officer (CFO),IDEX CORP /DE/,Professional Services,,,C-Suite Executive,,Partial
Executive Lead,Chief Executive Officer (CEO),ANNALY CAPITAL MANAGEMENT INC,Professional Services,,,C-Suite Executive,,Partial
Finance Lead,Chief Financial Officer (CFO),ANNALY CAPITAL MANAGEMENT INC,Professional Services,,,C-Suite Executive,,Partial
Executive Lead,Chief Executive Officer (CEO),BANCO SANTANDER CHILE,Professional Services,,,C-Suite Executive,,Partial
Finance Lead,Chief Financial Officer (CFO),BANCO SANTANDER CHILE,Professional Services,,,C-Suite Executive,,Partial
Executive Lead,Chief Executive Officer (CEO),BLUE OWL CAPITAL INC.,Professional Services,,,C-Suite Executive,,Partial
Finance Lead,Chief Financial Officer (CFO),BLUE OWL CAPITAL INC.,Professional Services,,,C-Suite Executive,,Partial
Executive Lead,Chief Executive Officer (CEO),API GROUP CORP,Professional Services,,,C-Suite Executive,,Partial
Finance Lead,Chief Financial Officer (CFO),API GROUP CORP,Professional Services,,,C-Suite Executive,,Partial
Executive Lead,Chief Executive Officer (CEO),"MEDPACE HOLDINGS, INC.",Professional Services,,,C-Suite Executive,,Partial
Finance Lead,Chief Financial Officer (CFO),"MEDPACE HOLDINGS, INC.",Professional Services,,,C-Suite Executive,,Partial
Executive Lead,Chief Executive Officer (CEO),"AMER SPORTS, INC.",Professional Services,,,C-Suite Executive,,Partial
Finance Lead,Chief Financial Officer (CFO),"AMER SPORTS, INC.",Professional Services,,,C-Suite Executive,,Partial
Executive Lead,Chief Executive Officer (CEO),DAIWA SECURITIES GROUP INC.,Professional Services,,,C-Suite Executive,,Partial
Finance Lead,Chief Financial Officer (CFO),DAIWA SECURITIES GROUP INC.,Professional Services,,,C-Suite Executive,,Partial
Executive Lead,Chief Executive Officer (CEO),INVITATION HOMES INC.,Professional Services,,,C-Suite Executive,,Partial
Finance Lead,Chief Financial Officer (CFO),INVITATION HOMES INC.,Professional Services,,,C-Suite Executive,,Partial
Executive Lead,Chief Executive Officer (CEO),REINSURANCE GROUP OF AMERICA INC,Professional Services,,,C-Suite Executive,,Partial
Finance Lead,Chief Financial Officer (CFO),REINSURANCE GROUP OF AMERICA INC,Professional Services,,,C-Suite Executive,,Partial
Executive Lead,Chief Executive Officer (CEO),"LEIDOS HOLDINGS, INC.",Professional Services,,,C-Suite Executive,,Partial
Finance Lead,Chief Financial Officer (CFO),"LEIDOS HOLDINGS, INC.",Professional Services,,,C-Suite Executive,,Partial
Executive Lead,Chief Executive Officer (CEO),MILLICOM INTERNATIONAL CELLULAR SA,Professional Services,,,C-Suite Executive,,Partial
Finance Lead,Chief Financial Officer (CFO),MILLICOM INTERNATIONAL CELLULAR SA,Professional Services,,,C-Suite Executive,,Partial
Executive Lead,Chief Executive Officer (CEO),BALL CORP,Professional Services,,,C-Suite Executive,,Partial
Finance Lead,Chief Financial Officer (CFO),BALL CORP,Professional Services,,,C-Suite Executive,,Partial
Executive Lead,Chief Executive Officer (CEO),DIDI GLOBAL INC.,Professional Services,,,C-Suite Executive,,Partial
Finance Lead,Chief Financial Officer (CFO),DIDI GLOBAL INC.,Professional Services,,,C-Suite Executive,,Partial
Executive Lead,Chief Executive Officer (CEO),WEYERHAEUSER CO,Professional Services,,,C-Suite Executive,,Partial
Finance Lead,Chief Financial Officer (CFO),WEYERHAEUSER CO,Professional Services,,,C-Suite Executive,,Partial
Executive Lead,Chief Executive Officer (CEO),JAZZ PHARMACEUTICALS PLC,Professional Services,,,C-Suite Executive,,Partial
Finance Lead,Chief Financial Officer (CFO),JAZZ PHARMACEUTICALS PLC,Professional Services,,,C-Suite Executive,,Partial
Executive Lead,Chief Executive Officer (CEO),JONES LANG LASALLE INC,Professional Services,,,C-Suite Executive,,Partial
Finance Lead,Chief Financial Officer (CFO),JONES LANG LASALLE INC,Professional Services,,,C-Suite Executive,,Partial
Executive Lead,Chief Executive Officer (CEO),NEUROCRINE BIOSCIENCES INC,Professional Services,,,C-Suite Executive,,Partial
Finance Lead,Chief Financial Officer (CFO),NEUROCRINE BIOSCIENCES INC,Professional Services,,,C-Suite Executive,,Partial
Executive Lead,Chief Executive Officer (CEO),"SCREEN HOLDINGS CO., LTD./ADR",Professional Services,,,C-Suite Executive,,Partial
Finance Lead,Chief Financial Officer (CFO),"SCREEN HOLDINGS CO., LTD./ADR",Professional Services,,,C-Suite Executive,,Partial
Executive Lead,Chief Executive Officer (CEO),FUTU HOLDINGS LTD,Professional Services,,,C-Suite Executive,,Partial
Finance Lead,Chief Financial Officer (CFO),FUTU HOLDINGS LTD,Professional Services,,,C-Suite Executive,,Partial
Executive Lead,Chief Executive Officer (CEO),NEWS CORP,Professional Services,,,C-Suite Executive,,Partial
Finance Lead,Chief Financial Officer (CFO),NEWS CORP,Professional Services,,,C-Suite Executive,,Partial
Executive Lead,Chief Executive Officer (CEO),BAWAG GROUP AG/ADR,Professional Services,,,C-Suite Executive,,Partial
Finance Lead,Chief Financial Officer (CFO),BAWAG GROUP AG/ADR,Professional Services,,,C-Suite Executive,,Partial
Executive Lead,Chief Executive Officer (CEO),W. P. CAREY INC.,Professional Services,,,C-Suite Executive,,Partial
Finance Lead,Chief Financial Officer (CFO),W. P. CAREY INC.,Professional Services,,,C-Suite Executive,,Partial
Executive Lead,Chief Executive Officer (CEO),"LENS TECHNOLOGY CO., LTD./ADR",Professional Services,,,C-Suite Executive,,Partial
Finance Lead,Chief Financial Officer (CFO),"LENS TECHNOLOGY CO., LTD./ADR",Professional Services,,,C-Suite Executive,,Partial
Executive Lead,Chief Executive Officer (CEO),APA CORP,Professional Services,,,C-Suite Executive,,Partial
Finance Lead,Chief Financial Officer (CFO),APA CORP,Professional Services,,,C-Suite Executive,,Partial
Executive Lead,Chief Executive Officer (CEO),KOREA ELECTRIC POWER CORP,Professional Services,,,C-Suite Executive,,Partial
Finance Lead,Chief Financial Officer (CFO),KOREA ELECTRIC POWER CORP,Professional Services,,,C-Suite Executive,,Partial
Executive Lead,Chief Executive Officer (CEO),KIMCO REALTY CORP,Professional Services,,,C-Suite Executive,,Partial
Finance Lead,Chief Financial Officer (CFO),KIMCO REALTY CORP,Professional Services,,,C-Suite Executive,,Partial
Executive Lead,Chief Executive Officer (CEO),"HOST HOTELS & RESORTS, INC.",Professional Services,,,C-Suite Executive,,Partial
Finance Lead,Chief Financial Officer (CFO),"HOST HOTELS & RESORTS, INC.",Professional Services,,,C-Suite Executive,,Partial
Executive Lead,Chief Executive Officer (CEO),SPROTT PHYSICAL GOLD TRUST,Professional Services,,,C-Suite Executive,,Partial
Finance Lead,Chief Financial Officer (CFO),SPROTT PHYSICAL GOLD TRUST,Professional Services,,,C-Suite Executive,,Partial
Executive Lead,Chief Executive Officer (CEO),SEMTECH CORP,Professional Services,,,C-Suite Executive,,Partial
Finance Lead,Chief Financial Officer (CFO),SEMTECH CORP,Professional Services,,,C-Suite Executive,,Partial
Executive Lead,Chief Executive Officer (CEO),ZTO EXPRESS (CAYMAN) INC.,Professional Services,,,C-Suite Executive,,Partial
Finance Lead,Chief Financial Officer (CFO),ZTO EXPRESS (CAYMAN) INC.,Professional Services,,,C-Suite Executive,,Partial
Executive Lead,Chief Executive Officer (CEO),"COREBRIDGE FINANCIAL, INC.",Professional Services,,,C-Suite Executive,,Partial
Finance Lead,Chief Financial Officer (CFO),"COREBRIDGE FINANCIAL, INC.",Professional Services,,,C-Suite Executive,,Partial
Executive Lead,Chief Executive Officer (CEO),RB GLOBAL INC.,Professional Services,,,C-Suite Executive,,Partial
Finance Lead,Chief Financial Officer (CFO),RB GLOBAL INC.,Professional Services,,,C-Suite Executive,,Partial
Executive Lead,Chief Executive Officer (CEO),HYATT HOTELS CORP,Professional Services,,,C-Suite Executive,,Partial
Finance Lead,Chief Financial Officer (CFO),HYATT HOTELS CORP,Professional Services,,,C-Suite Executive,,Partial
Executive Lead,Chief Executive Officer (CEO),RBC BEARINGS INC,Professional Services,,,C-Suite Executive,,Partial
Finance Lead,Chief Financial Officer (CFO),RBC BEARINGS INC,Professional Services,,,C-Suite Executive,,Partial
Executive Lead,Chief Executive Officer (CEO),ARAMARK,Professional Services,,,C-Suite Executive,,Partial
Finance Lead,Chief Financial Officer (CFO),ARAMARK,Professional Services,,,C-Suite Executive,,Partial
Executive Lead,Chief Executive Officer (CEO),"STERLING INFRASTRUCTURE, INC.",Professional Services,,,C-Suite Executive,,Partial
Finance Lead,Chief Financial Officer (CFO),"STERLING INFRASTRUCTURE, INC.",Professional Services,,,C-Suite Executive,,Partial
Executive Lead,Chief Executive Officer (CEO),AKAMAI TECHNOLOGIES INC,Professional Services,,,C-Suite Executive,,Partial
Finance Lead,Chief Financial Officer (CFO),AKAMAI TECHNOLOGIES INC,Professional Services,,,C-Suite Executive,,Partial
Executive Lead,Chief Executive Officer (CEO),CEMEX SAB DE CV,Professional Services,,,C-Suite Executive,,Partial
Finance Lead,Chief Financial Officer (CFO),CEMEX SAB DE CV,Professional Services,,,C-Suite Executive,,Partial
Executive Lead,Chief Executive Officer (CEO),GFL ENVIRONMENTAL INC.,Professional Services,,,C-Suite Executive,,Partial
Finance Lead,Chief Financial Officer (CFO),GFL ENVIRONMENTAL INC.,Professional Services,,,C-Suite Executive,,Partial
Executive Lead,Chief Executive Officer (CEO),CARLYLE GROUP INC.,Professional Services,,,C-Suite Executive,,Partial
Finance Lead,Chief Financial Officer (CFO),CARLYLE GROUP INC.,Professional Services,,,C-Suite Executive,,Partial
Executive Lead,Chief Executive Officer (CEO),"BITMINE IMMERSION TECHNOLOGIES, INC.",Professional Services,,,C-Suite Executive,,Partial
Finance Lead,Chief Financial Officer (CFO),"BITMINE IMMERSION TECHNOLOGIES, INC.",Professional Services,,,C-Suite Executive,,Partial
Executive Lead,Chief Executive Officer (CEO),LAMAR ADVERTISING CO/NEW,Professional Services,,,C-Suite Executive,,Partial
Finance Lead,Chief Financial Officer (CFO),LAMAR ADVERTISING CO/NEW,Professional Services,,,C-Suite Executive,,Partial
Executive Lead,Chief Executive Officer (CEO),INNIO N.V.,Professional Services,,,C-Suite Executive,,Partial
Finance Lead,Chief Financial Officer (CFO),INNIO N.V.,Professional Services,,,C-Suite Executive,,Partial
Executive Lead,Chief Executive Officer (CEO),EMERA INC,Professional Services,,,C-Suite Executive,,Partial
Finance Lead,Chief Financial Officer (CFO),EMERA INC,Professional Services,,,C-Suite Executive,,Partial
Executive Lead,Chief Executive Officer (CEO),"PINNACLE FINANCIAL PARTNERS, INC.",Professional Services,,,C-Suite Executive,,Partial
Finance Lead,Chief Financial Officer (CFO),"PINNACLE FINANCIAL PARTNERS, INC.",Professional Services,,,C-Suite Executive,,Partial
Executive Lead,Chief Executive Officer (CEO),ALAMOS GOLD INC,Professional Services,,,C-Suite Executive,,Partial
Finance Lead,Chief Financial Officer (CFO),ALAMOS GOLD INC,Professional Services,,,C-Suite Executive,,Partial
Executive Lead,Chief Executive Officer (CEO),OMEGA HEALTHCARE INVESTORS INC,Professional Services,,,C-Suite Executive,,Partial
Finance Lead,Chief Financial Officer (CFO),OMEGA HEALTHCARE INVESTORS INC,Professional Services,,,C-Suite Executive,,Partial
Executive Lead,Chief Executive Officer (CEO),"IONQ, INC.",Professional Services,,,C-Suite Executive,,Partial
Finance Lead,Chief Financial Officer (CFO),"IONQ, INC.",Professional Services,,,C-Suite Executive,,Partial
Executive Lead,Chief Executive Officer (CEO),UNUM GROUP,Professional Services,,,C-Suite Executive,,Partial
Finance Lead,Chief Financial Officer (CFO),UNUM GROUP,Professional Services,,,C-Suite Executive,,Partial
Executive Lead,Chief Executive Officer (CEO),TALEN ENERGY CORP,Professional Services,,,C-Suite Executive,,Partial
Finance Lead,Chief Financial Officer (CFO),TALEN ENERGY CORP,Professional Services,,,C-Suite Executive,,Partial
Executive Lead,Chief Executive Officer (CEO),TRANSUNION,Professional Services,,,C-Suite Executive,,Partial
Finance Lead,Chief Financial Officer (CFO),TRANSUNION,Professional Services,,,C-Suite Executive,,Partial
Executive Lead,Chief Executive Officer (CEO),"BURLINGTON STORES, INC.",Professional Services,,,C-Suite Executive,,Partial
Finance Lead,Chief Financial Officer (CFO),"BURLINGTON STORES, INC.",Professional Services,,,C-Suite Executive,,Partial
Executive Lead,Chief Executive Officer (CEO),PERSHING SQUARE INC.,Professional Services,,,C-Suite Executive,,Partial
Finance Lead,Chief Financial Officer (CFO),PERSHING SQUARE INC.,Professional Services,,,C-Suite Executive,,Partial
Executive Lead,Chief Executive Officer (CEO),MID AMERICA APARTMENT COMMUNITIES INC.,Professional Services,,,C-Suite Executive,,Partial
Finance Lead,Chief Financial Officer (CFO),MID AMERICA APARTMENT COMMUNITIES INC.,Professional Services,,,C-Suite Executive,,Partial
Executive Lead,Chief Executive Officer (CEO),"DYNATRACE, INC.",Professional Services,,,C-Suite Executive,,Partial
Finance Lead,Chief Financial Officer (CFO),"DYNATRACE, INC.",Professional Services,,,C-Suite Executive,,Partial
Executive Lead,Chief Executive Officer (CEO),PERFORMANCE FOOD GROUP CO,Professional Services,,,C-Suite Executive,,Partial
Finance Lead,Chief Financial Officer (CFO),PERFORMANCE FOOD GROUP CO,Professional Services,,,C-Suite Executive,,Partial
Executive Lead,Chief Executive Officer (CEO),SOLVENTUM CORP,Professional Services,,,C-Suite Executive,,Partial
Finance Lead,Chief Financial Officer (CFO),SOLVENTUM CORP,Professional Services,,,C-Suite Executive,,Partial
Executive Lead,Chief Executive Officer (CEO),FABRINET,Professional Services,,,C-Suite Executive,,Partial
Finance Lead,Chief Financial Officer (CFO),FABRINET,Professional Services,,,C-Suite Executive,,Partial
Executive Lead,Chief Executive Officer (CEO),WARNER MUSIC GROUP CORP.,Professional Services,,,C-Suite Executive,,Partial
Finance Lead,Chief Financial Officer (CFO),WARNER MUSIC GROUP CORP.,Professional Services,,,C-Suite Executive,,Partial
Executive Lead,Chief Executive Officer (CEO),LOGITECH INTERNATIONAL S.A.,Professional Services,,,C-Suite Executive,,Partial
Finance Lead,Chief Financial Officer (CFO),LOGITECH INTERNATIONAL S.A.,Professional Services,,,C-Suite Executive,,Partial
Executive Lead,Chief Executive Officer (CEO),BROOKFIELD RENEWABLE PARTNERS L.P.,Professional Services,,,C-Suite Executive,,Partial
Finance Lead,Chief Financial Officer (CFO),BROOKFIELD RENEWABLE PARTNERS L.P.,Professional Services,,,C-Suite Executive,,Partial
Executive Lead,Chief Executive Officer (CEO),"DIGITALOCEAN HOLDINGS, INC.",Professional Services,,,C-Suite Executive,,Partial
Finance Lead,Chief Financial Officer (CFO),"DIGITALOCEAN HOLDINGS, INC.",Professional Services,,,C-Suite Executive,,Partial
Executive Lead,Chief Executive Officer (CEO),PERUSAHAAN PERSEROAN PERSERO PT TELEKOMUNIKASI INDONESIA TBK,Professional Services,,,C-Suite Executive,,Partial
Finance Lead,Chief Financial Officer (CFO),PERUSAHAAN PERSEROAN PERSERO PT TELEKOMUNIKASI INDONESIA TBK,Professional Services,,,C-Suite Executive,,Partial
Executive Lead,Chief Executive Officer (CEO),VAR ENERGI ASA/ADR,Professional Services,,,C-Suite Executive,,Partial
Finance Lead,Chief Financial Officer (CFO),VAR ENERGI ASA/ADR,Professional Services,,,C-Suite Executive,,Partial
Executive Lead,Chief Executive Officer (CEO),"EQUITABLE HOLDINGS, INC.",Professional Services,,,C-Suite Executive,,Partial
Finance Lead,Chief Financial Officer (CFO),"EQUITABLE HOLDINGS, INC.",Professional Services,,,C-Suite Executive,,Partial
Executive Lead,Chief Executive Officer (CEO),SUNOCO LP,Professional Services,,,C-Suite Executive,,Partial
Finance Lead,Chief Financial Officer (CFO),SUNOCO LP,Professional Services,,,C-Suite Executive,,Partial
Executive Lead,Chief Executive Officer (CEO),GALAXY DIGITAL INC.,Professional Services,,,C-Suite Executive,,Partial
Finance Lead,Chief Financial Officer (CFO),GALAXY DIGITAL INC.,Professional Services,,,C-Suite Executive,,Partial
Executive Lead,Chief Executive Officer (CEO),SK TELECOM CO LTD,Professional Services,,,C-Suite Executive,,Partial
Finance Lead,Chief Financial Officer (CFO),SK TELECOM CO LTD,Professional Services,,,C-Suite Executive,,Partial
Executive Lead,Chief Executive Officer (CEO),CGI INC,Professional Services,,,C-Suite Executive,,Partial
Finance Lead,Chief Financial Officer (CFO),CGI INC,Professional Services,,,C-Suite Executive,,Partial
Executive Lead,Chief Executive Officer (CEO),SUN COMMUNITIES INC,Professional Services,,,C-Suite Executive,,Partial
Finance Lead,Chief Financial Officer (CFO),SUN COMMUNITIES INC,Professional Services,,,C-Suite Executive,,Partial
Executive Lead,Chief Executive Officer (CEO),"HEALTHPEAK PROPERTIES, INC.",Professional Services,,,C-Suite Executive,,Partial
Finance Lead,Chief Financial Officer (CFO),"HEALTHPEAK PROPERTIES, INC.",Professional Services,,,C-Suite Executive,,Partial
Executive Lead,Chief Executive Officer (CEO),UL SOLUTIONS INC.,Professional Services,,,C-Suite Executive,,Partial
Finance Lead,Chief Financial Officer (CFO),UL SOLUTIONS INC.,Professional Services,,,C-Suite Executive,,Partial
Executive Lead,Chief Executive Officer (CEO),"YUM CHINA HOLDINGS, INC.",Professional Services,,,C-Suite Executive,,Partial
Finance Lead,Chief Financial Officer (CFO),"YUM CHINA HOLDINGS, INC.",Professional Services,,,C-Suite Executive,,Partial
Executive Lead,Chief Executive Officer (CEO),EQUINOX GOLD CORP.,Professional Services,,,C-Suite Executive,,Partial
Finance Lead,Chief Financial Officer (CFO),EQUINOX GOLD CORP.,Professional Services,,,C-Suite Executive,,Partial
Executive Lead,Chief Executive Officer (CEO),TELUS CORP,Professional Services,,,C-Suite Executive,,Partial
Finance Lead,Chief Financial Officer (CFO),TELUS CORP,Professional Services,,,C-Suite Executive,,Partial
Executive Lead,Chief Executive Officer (CEO),INVESCO LTD.,Professional Services,,,C-Suite Executive,,Partial
Finance Lead,Chief Financial Officer (CFO),INVESCO LTD.,Professional Services,,,C-Suite Executive,,Partial
Executive Lead,Chief Executive Officer (CEO),"EVEREST GROUP, LTD.",Professional Services,,,C-Suite Executive,,Partial
Finance Lead,Chief Financial Officer (CFO),"EVEREST GROUP, LTD.",Professional Services,,,C-Suite Executive,,Partial
Executive Lead,Chief Executive Officer (CEO),"PENSKE AUTOMOTIVE GROUP, INC.",Professional Services,,,C-Suite Executive,,Partial
Finance Lead,Chief Financial Officer (CFO),"PENSKE AUTOMOTIVE GROUP, INC.",Professional Services,,,C-Suite Executive,,Partial
Executive Lead,Chief Executive Officer (CEO),"BRIDGEBIO PHARMA, INC.",Professional Services,,,C-Suite Executive,,Partial
Finance Lead,Chief Financial Officer (CFO),"BRIDGEBIO PHARMA, INC.",Professional Services,,,C-Suite Executive,,Partial
Executive Lead,Chief Executive Officer (CEO),PTC INC.,Professional Services,,,C-Suite Executive,,Partial
Finance Lead,Chief Financial Officer (CFO),PTC INC.,Professional Services,,,C-Suite Executive,,Partial
Executive Lead,Chief Executive Officer (CEO),ARES CAPITAL CORP,Professional Services,,,C-Suite Executive,,Partial
Finance Lead,Chief Financial Officer (CFO),ARES CAPITAL CORP,Professional Services,,,C-Suite Executive,,Partial
Executive Lead,Chief Executive Officer (CEO),SOMNIGROUP INTERNATIONAL INC.,Professional Services,,,C-Suite Executive,,Partial
Finance Lead,Chief Financial Officer (CFO),SOMNIGROUP INTERNATIONAL INC.,Professional Services,,,C-Suite Executive,,Partial
Executive Lead,Chief Executive Officer (CEO),SUMMIT THERAPEUTICS INC.,Professional Services,,,C-Suite Executive,,Partial
Finance Lead,Chief Financial Officer (CFO),SUMMIT THERAPEUTICS INC.,Professional Services,,,C-Suite Executive,,Partial
Executive Lead,Chief Executive Officer (CEO),"EXELIXIS, INC.",Professional Services,,,C-Suite Executive,,Partial
Finance Lead,Chief Financial Officer (CFO),"EXELIXIS, INC.",Professional Services,,,C-Suite Executive,,Partial
Executive Lead,Chief Executive Officer (CEO),"ASSURANT, INC.",Professional Services,,,C-Suite Executive,,Partial
Finance Lead,Chief Financial Officer (CFO),"ASSURANT, INC.",Professional Services,,,C-Suite Executive,,Partial
Executive Lead,Chief Executive Officer (CEO),ALBEMARLE CORP,Professional Services,,,C-Suite Executive,,Partial
Finance Lead,Chief Financial Officer (CFO),ALBEMARLE CORP,Professional Services,,,C-Suite Executive,,Partial
Executive Lead,Chief Executive Officer (CEO),TEXTRON INC,Professional Services,,,C-Suite Executive,,Partial
Finance Lead,Chief Financial Officer (CFO),TEXTRON INC,Professional Services,,,C-Suite Executive,,Partial
Executive Lead,Chief Executive Officer (CEO),REGENCY CENTERS CORP,Professional Services,,,C-Suite Executive,,Partial
Finance Lead,Chief Financial Officer (CFO),REGENCY CENTERS CORP,Professional Services,,,C-Suite Executive,,Partial
Executive Lead,Chief Executive Officer (CEO),"REVVITY, INC.",Professional Services,,,C-Suite Executive,,Partial
Finance Lead,Chief Financial Officer (CFO),"REVVITY, INC.",Professional Services,,,C-Suite Executive,,Partial
Executive Lead,Chief Executive Officer (CEO),MCCORMICK & CO INC,Professional Services,,,C-Suite Executive,,Partial
Finance Lead,Chief Financial Officer (CFO),MCCORMICK & CO INC,Professional Services,,,C-Suite Executive,,Partial
Executive Lead,Chief Executive Officer (CEO),TYLER TECHNOLOGIES INC,Professional Services,,,C-Suite Executive,,Partial
Finance Lead,Chief Financial Officer (CFO),TYLER TECHNOLOGIES INC,Professional Services,,,C-Suite Executive,,Partial
Executive Lead,Chief Executive Officer (CEO),LINCOLN ELECTRIC HOLDINGS INC,Professional Services,,,C-Suite Executive,,Partial
Finance Lead,Chief Financial Officer (CFO),LINCOLN ELECTRIC HOLDINGS INC,Professional Services,,,C-Suite Executive,,Partial
Executive Lead,Chief Executive Officer (CEO),"IES HOLDINGS, INC.",Professional Services,,,C-Suite Executive,,Partial
Finance Lead,Chief Financial Officer (CFO),"IES HOLDINGS, INC.",Professional Services,,,C-Suite Executive,,Partial
Executive Lead,Chief Executive Officer (CEO),"BWX TECHNOLOGIES, INC.",Professional Services,,,C-Suite Executive,,Partial
Finance Lead,Chief Financial Officer (CFO),"BWX TECHNOLOGIES, INC.",Professional Services,,,C-Suite Executive,,Partial
Executive Lead,Chief Executive Officer (CEO),"OBIC CO., LTD./ADR",Professional Services,,,C-Suite Executive,,Partial
Finance Lead,Chief Financial Officer (CFO),"OBIC CO., LTD./ADR",Professional Services,,,C-Suite Executive,,Partial
Executive Lead,Chief Executive Officer (CEO),BORGWARNER INC,Professional Services,,,C-Suite Executive,,Partial
Finance Lead,Chief Financial Officer (CFO),BORGWARNER INC,Professional Services,,,C-Suite Executive,,Partial
Executive Lead,Chief Executive Officer (CEO),CACI INTERNATIONAL INC /DE/,Professional Services,,,C-Suite Executive,,Partial
Finance Lead,Chief Financial Officer (CFO),CACI INTERNATIONAL INC /DE/,Professional Services,,,C-Suite Executive,,Partial
Executive Lead,Chief Executive Officer (CEO),MASCO CORP /DE/,Professional Services,,,C-Suite Executive,,Partial
Finance Lead,Chief Financial Officer (CFO),MASCO CORP /DE/,Professional Services,,,C-Suite Executive,,Partial
Executive Lead,Chief Executive Officer (CEO),"STANLEY BLACK & DECKER, INC.",Professional Services,,,C-Suite Executive,,Partial
Finance Lead,Chief Financial Officer (CFO),"STANLEY BLACK & DECKER, INC.",Professional Services,,,C-Suite Executive,,Partial
Executive Lead,Chief Executive Officer (CEO),WAYFAIR INC.,Professional Services,,,C-Suite Executive,,Partial
Finance Lead,Chief Financial Officer (CFO),WAYFAIR INC.,Professional Services,,,C-Suite Executive,,Partial
Executive Lead,Chief Executive Officer (CEO),RENAISSANCERE HOLDINGS LTD,Professional Services,,,C-Suite Executive,,Partial
Finance Lead,Chief Financial Officer (CFO),RENAISSANCERE HOLDINGS LTD,Professional Services,,,C-Suite Executive,,Partial
Executive Lead,Chief Executive Officer (CEO),MUELLER INDUSTRIES INC,Professional Services,,,C-Suite Executive,,Partial
Finance Lead,Chief Financial Officer (CFO),MUELLER INDUSTRIES INC,Professional Services,,,C-Suite Executive,,Partial
Executive Lead,Chief Executive Officer (CEO),"SKYWORKS SOLUTIONS, INC.",Professional Services,,,C-Suite Executive,,Partial
Finance Lead,Chief Financial Officer (CFO),"SKYWORKS SOLUTIONS, INC.",Professional Services,,,C-Suite Executive,,Partial
Executive Lead,Chief Executive Officer (CEO),CHECK POINT SOFTWARE TECHNOLOGIES LTD,Professional Services,,,C-Suite Executive,,Partial
Finance Lead,Chief Financial Officer (CFO),CHECK POINT SOFTWARE TECHNOLOGIES LTD,Professional Services,,,C-Suite Executive,,Partial
Executive Lead,Chief Executive Officer (CEO),"FIVE BELOW, INC",Professional Services,,,C-Suite Executive,,Partial
Finance Lead,Chief Financial Officer (CFO),"FIVE BELOW, INC",Professional Services,,,C-Suite Executive,,Partial
Executive Lead,Chief Executive Officer (CEO),AEGON LTD.,Professional Services,,,C-Suite Executive,,Partial
Finance Lead,Chief Financial Officer (CFO),AEGON LTD.,Professional Services,,,C-Suite Executive,,Partial
Executive Lead,Chief Executive Officer (CEO),TRIMBLE INC.,Professional Services,,,C-Suite Executive,,Partial
Finance Lead,Chief Financial Officer (CFO),TRIMBLE INC.,Professional Services,,,C-Suite Executive,,Partial
Executive Lead,Chief Executive Officer (CEO),EMBRAER S.A.,Professional Services,,,C-Suite Executive,,Partial
Finance Lead,Chief Financial Officer (CFO),EMBRAER S.A.,Professional Services,,,C-Suite Executive,,Partial
Executive Lead,Chief Executive Officer (CEO),"CHARLES RIVER LABORATORIES INTERNATIONAL, INC.",Professional Services,,,C-Suite Executive,,Partial
Finance Lead,Chief Financial Officer (CFO),"CHARLES RIVER LABORATORIES INTERNATIONAL, INC.",Professional Services,,,C-Suite Executive,,Partial
Executive Lead,Chief Executive Officer (CEO),JBS N.V.,Professional Services,,,C-Suite Executive,,Partial
Finance Lead,Chief Financial Officer (CFO),JBS N.V.,Professional Services,,,C-Suite Executive,,Partial
Executive Lead,Chief Executive Officer (CEO),HECLA MINING CO/DE/,Professional Services,,,C-Suite Executive,,Partial
Finance Lead,Chief Financial Officer (CFO),HECLA MINING CO/DE/,Professional Services,,,C-Suite Executive,,Partial
Executive Lead,Chief Executive Officer (CEO),"DAIFUKU CO., LTD./ADR",Professional Services,,,C-Suite Executive,,Partial
Finance Lead,Chief Financial Officer (CFO),"DAIFUKU CO., LTD./ADR",Professional Services,,,C-Suite Executive,,Partial
Executive Lead,Chief Executive Officer (CEO),CARLISLE COMPANIES INC,Professional Services,,,C-Suite Executive,,Partial
Finance Lead,Chief Financial Officer (CFO),CARLISLE COMPANIES INC,Professional Services,,,C-Suite Executive,,Partial
Executive Lead,Chief Executive Officer (CEO),TTM TECHNOLOGIES INC,Professional Services,,,C-Suite Executive,,Partial
Finance Lead,Chief Financial Officer (CFO),TTM TECHNOLOGIES INC,Professional Services,,,C-Suite Executive,,Partial
Executive Lead,Chief Executive Officer (CEO),SPROTT PHYSICAL SILVER TRUST,Professional Services,,,C-Suite Executive,,Partial
Finance Lead,Chief Financial Officer (CFO),SPROTT PHYSICAL SILVER TRUST,Professional Services,,,C-Suite Executive,,Partial
Executive Lead,Chief Executive Officer (CEO),GLOBE LIFE INC.,Professional Services,,,C-Suite Executive,,Partial
Finance Lead,Chief Financial Officer (CFO),GLOBE LIFE INC.,Professional Services,,,C-Suite Executive,,Partial
Executive Lead,Chief Executive Officer (CEO),"DT MIDSTREAM, INC.",Professional Services,,,C-Suite Executive,,Partial
Finance Lead,Chief Financial Officer (CFO),"DT MIDSTREAM, INC.",Professional Services,,,C-Suite Executive,,Partial
Executive Lead,Chief Executive Officer (CEO),BELIMO HOLDING AG/ADR,Professional Services,,,C-Suite Executive,,Partial
Finance Lead,Chief Financial Officer (CFO),BELIMO HOLDING AG/ADR,Professional Services,,,C-Suite Executive,,Partial
Executive Lead,Chief Executive Officer (CEO),ICON PLC,Professional Services,,,C-Suite Executive,,Partial
Finance Lead,Chief Financial Officer (CFO),ICON PLC,Professional Services,,,C-Suite Executive,,Partial
Executive Lead,Chief Executive Officer (CEO),H WORLD GROUP LTD,Professional Services,,,C-Suite Executive,,Partial
Finance Lead,Chief Financial Officer (CFO),H WORLD GROUP LTD,Professional Services,,,C-Suite Executive,,Partial
Executive Lead,Chief Executive Officer (CEO),WATSCO INC,Professional Services,,,C-Suite Executive,,Partial
Finance Lead,Chief Financial Officer (CFO),WATSCO INC,Professional Services,,,C-Suite Executive,,Partial
Executive Lead,Chief Executive Officer (CEO),ALLEGION PLC,Professional Services,,,C-Suite Executive,,Partial
Finance Lead,Chief Financial Officer (CFO),ALLEGION PLC,Professional Services,,,C-Suite Executive,,Partial
Executive Lead,Chief Executive Officer (CEO),TENCENT MUSIC ENTERTAINMENT GROUP,Professional Services,,,C-Suite Executive,,Partial
Finance Lead,Chief Financial Officer (CFO),TENCENT MUSIC ENTERTAINMENT GROUP,Professional Services,,,C-Suite Executive,,Partial
Executive Lead,Chief Executive Officer (CEO),QUANTINUUM INC.,Professional Services,,,C-Suite Executive,,Partial
Finance Lead,Chief Financial Officer (CFO),QUANTINUUM INC.,Professional Services,,,C-Suite Executive,,Partial
Executive Lead,Chief Executive Officer (CEO),AMERICAN HOMES 4 RENT,Professional Services,,,C-Suite Executive,,Partial
Finance Lead,Chief Financial Officer (CFO),AMERICAN HOMES 4 RENT,Professional Services,,,C-Suite Executive,,Partial
Executive Lead,Chief Executive Officer (CEO),"AURORA INNOVATION, INC.",Professional Services,,,C-Suite Executive,,Partial
Finance Lead,Chief Financial Officer (CFO),"AURORA INNOVATION, INC.",Professional Services,,,C-Suite Executive,,Partial
Executive Lead,Chief Executive Officer (CEO),"UDR, INC.",Professional Services,,,C-Suite Executive,,Partial
Finance Lead,Chief Financial Officer (CFO),"UDR, INC.",Professional Services,,,C-Suite Executive,,Partial
Executive Lead,Chief Executive Officer (CEO),"HASBRO, INC.",Professional Services,,,C-Suite Executive,,Partial
Finance Lead,Chief Financial Officer (CFO),"HASBRO, INC.",Professional Services,,,C-Suite Executive,,Partial
Executive Lead,Chief Executive Officer (CEO),CNA FINANCIAL CORP,Professional Services,,,C-Suite Executive,,Partial
Finance Lead,Chief Financial Officer (CFO),CNA FINANCIAL CORP,Professional Services,,,C-Suite Executive,,Partial
Executive Lead,Chief Executive Officer (CEO),HARMONY GOLD MINING CO LTD,Professional Services,,,C-Suite Executive,,Partial
Finance Lead,Chief Financial Officer (CFO),HARMONY GOLD MINING CO LTD,Professional Services,,,C-Suite Executive,,Partial
Executive Lead,Chief Executive Officer (CEO),J M SMUCKER CO,Professional Services,,,C-Suite Executive,,Partial
Finance Lead,Chief Financial Officer (CFO),J M SMUCKER CO,Professional Services,,,C-Suite Executive,,Partial
Executive Lead,Chief Executive Officer (CEO),AVERY DENNISON CORP,Professional Services,,,C-Suite Executive,,Partial
Finance Lead,Chief Financial Officer (CFO),AVERY DENNISON CORP,Professional Services,,,C-Suite Executive,,Partial
Executive Lead,Chief Executive Officer (CEO),SEI INVESTMENTS CO,Professional Services,,,C-Suite Executive,,Partial
Finance Lead,Chief Financial Officer (CFO),SEI INVESTMENTS CO,Professional Services,,,C-Suite Executive,,Partial
Executive Lead,Chief Executive Officer (CEO),ALLY FINANCIAL INC.,Professional Services,,,C-Suite Executive,,Partial
Finance Lead,Chief Financial Officer (CFO),ALLY FINANCIAL INC.,Professional Services,,,C-Suite Executive,,Partial
Executive Lead,Chief Executive Officer (CEO),"AMKOR TECHNOLOGY, INC.",Professional Services,,,C-Suite Executive,,Partial
Finance Lead,Chief Financial Officer (CFO),"AMKOR TECHNOLOGY, INC.",Professional Services,,,C-Suite Executive,,Partial
Executive Lead,Chief Executive Officer (CEO),RPM INTERNATIONAL INC/DE/,Professional Services,,,C-Suite Executive,,Partial
Finance Lead,Chief Financial Officer (CFO),RPM INTERNATIONAL INC/DE/,Professional Services,,,C-Suite Executive,,Partial
Executive Lead,Chief Executive Officer (CEO),LENNOX INTERNATIONAL INC,Professional Services,,,C-Suite Executive,,Partial
Finance Lead,Chief Financial Officer (CFO),LENNOX INTERNATIONAL INC,Professional Services,,,C-Suite Executive,,Partial
Executive Lead,Chief Executive Officer (CEO),MADISON AIR SOLUTIONS CORP,Professional Services,,,C-Suite Executive,,Partial
Finance Lead,Chief Financial Officer (CFO),MADISON AIR SOLUTIONS CORP,Professional Services,,,C-Suite Executive,,Partial
Executive Lead,Chief Executive Officer (CEO),ALCOA CORP,Professional Services,,,C-Suite Executive,,Partial
Finance Lead,Chief Financial Officer (CFO),ALCOA CORP,Professional Services,,,C-Suite Executive,,Partial
Executive Lead,Chief Executive Officer (CEO),"QXO, INC.",Professional Services,,,C-Suite Executive,,Partial
Finance Lead,Chief Financial Officer (CFO),"QXO, INC.",Professional Services,,,C-Suite Executive,,Partial
Executive Lead,Chief Executive Officer (CEO),BIOMARIN PHARMACEUTICAL INC,Professional Services,,,C-Suite Executive,,Partial
Finance Lead,Chief Financial Officer (CFO),BIOMARIN PHARMACEUTICAL INC,Professional Services,,,C-Suite Executive,,Partial
Executive Lead,Chief Executive Officer (CEO),"COCA-COLA CONSOLIDATED, INC.",Professional Services,,,C-Suite Executive,,Partial
Finance Lead,Chief Financial Officer (CFO),"COCA-COLA CONSOLIDATED, INC.",Professional Services,,,C-Suite Executive,,Partial
Executive Lead,Chief Executive Officer (CEO),NEXTPOWER INC.,Professional Services,,,C-Suite Executive,,Partial
Finance Lead,Chief Financial Officer (CFO),NEXTPOWER INC.,Professional Services,,,C-Suite Executive,,Partial
Executive Lead,Chief Executive Officer (CEO),ERIE INDEMNITY CO,Professional Services,,,C-Suite Executive,,Partial
Finance Lead,Chief Financial Officer (CFO),ERIE INDEMNITY CO,Professional Services,,,C-Suite Executive,,Partial
Executive Lead,Chief Executive Officer (CEO),PAYPAY CORP,Professional Services,,,C-Suite Executive,,Partial
Finance Lead,Chief Financial Officer (CFO),PAYPAY CORP,Professional Services,,,C-Suite Executive,,Partial
Executive Lead,Chief Executive Officer (CEO),PENUMBRA INC,Professional Services,,,C-Suite Executive,,Partial
Finance Lead,Chief Financial Officer (CFO),PENUMBRA INC,Professional Services,,,C-Suite Executive,,Partial
Executive Lead,Chief Executive Officer (CEO),U-HAUL HOLDING CO /NV/,Professional Services,,,C-Suite Executive,,Partial
Finance Lead,Chief Financial Officer (CFO),U-HAUL HOLDING CO /NV/,Professional Services,,,C-Suite Executive,,Partial
Executive Lead,Chief Executive Officer (CEO),"CHIME FINANCIAL, INC.",Professional Services,,,C-Suite Executive,,Partial
Finance Lead,Chief Financial Officer (CFO),"CHIME FINANCIAL, INC.",Professional Services,,,C-Suite Executive,,Partial
Executive Lead,Chief Executive Officer (CEO),GRAB HOLDINGS LTD,Professional Services,,,C-Suite Executive,,Partial
Finance Lead,Chief Financial Officer (CFO),GRAB HOLDINGS LTD,Professional Services,,,C-Suite Executive,,Partial
Executive Lead,Chief Executive Officer (CEO),GRACO INC,Professional Services,,,C-Suite Executive,,Partial
Finance Lead,Chief Financial Officer (CFO),GRACO INC,Professional Services,,,C-Suite Executive,,Partial
Executive Lead,Chief Executive Officer (CEO),YARA INTERNATIONAL ASA,Professional Services,,,C-Suite Executive,,Partial
Finance Lead,Chief Financial Officer (CFO),YARA INTERNATIONAL ASA,Professional Services,,,C-Suite Executive,,Partial
Executive Lead,Chief Executive Officer (CEO),"TOLL BROTHERS, INC.",Professional Services,,,C-Suite Executive,,Partial
Finance Lead,Chief Financial Officer (CFO),"TOLL BROTHERS, INC.",Professional Services,,,C-Suite Executive,,Partial
Executive Lead,Chief Executive Officer (CEO),"MADRIGAL PHARMACEUTICALS, INC.",Professional Services,,,C-Suite Executive,,Partial
Finance Lead,Chief Financial Officer (CFO),"MADRIGAL PHARMACEUTICALS, INC.",Professional Services,,,C-Suite Executive,,Partial
Executive Lead,Chief Executive Officer (CEO),GODADDY INC.,Professional Services,,,C-Suite Executive,,Partial
Finance Lead,Chief Financial Officer (CFO),GODADDY INC.,Professional Services,,,C-Suite Executive,,Partial
Executive Lead,Chief Executive Officer (CEO),"DOCUSIGN, INC.",Professional Services,,,C-Suite Executive,,Partial
Finance Lead,Chief Financial Officer (CFO),"DOCUSIGN, INC.",Professional Services,,,C-Suite Executive,,Partial
Executive Lead,Chief Executive Officer (CEO),"CROWN HOLDINGS, INC.",Professional Services,,,C-Suite Executive,,Partial
Finance Lead,Chief Financial Officer (CFO),"CROWN HOLDINGS, INC.",Professional Services,,,C-Suite Executive,,Partial
Executive Lead,Chief Executive Officer (CEO),"FIGMA, INC.",Professional Services,,,C-Suite Executive,,Partial
Finance Lead,Chief Financial Officer (CFO),"FIGMA, INC.",Professional Services,,,C-Suite Executive,,Partial
Executive Lead,Chief Executive Officer (CEO),BAXTER INTERNATIONAL INC,Professional Services,,,C-Suite Executive,,Partial
Finance Lead,Chief Financial Officer (CFO),BAXTER INTERNATIONAL INC,Professional Services,,,C-Suite Executive,,Partial
Executive Lead,Chief Executive Officer (CEO),"COSTAR GROUP, INC.",Professional Services,,,C-Suite Executive,,Partial
Finance Lead,Chief Financial Officer (CFO),"COSTAR GROUP, INC.",Professional Services,,,C-Suite Executive,,Partial
Executive Lead,Chief Executive Officer (CEO),HUT 8 CORP.,Professional Services,,,C-Suite Executive,,Partial
Finance Lead,Chief Financial Officer (CFO),HUT 8 CORP.,Professional Services,,,C-Suite Executive,,Partial
Executive Lead,Chief Executive Officer (CEO),"HALOZYME THERAPEUTICS, INC.",Professional Services,,,C-Suite Executive,,Partial
Finance Lead,Chief Financial Officer (CFO),"HALOZYME THERAPEUTICS, INC.",Professional Services,,,C-Suite Executive,,Partial
Executive Lead,Chief Executive Officer (CEO),DRAFTKINGS INC.,Professional Services,,,C-Suite Executive,,Partial
Finance Lead,Chief Financial Officer (CFO),DRAFTKINGS INC.,Professional Services,,,C-Suite Executive,,Partial
Executive Lead,Chief Executive Officer (CEO),CORCEPT THERAPEUTICS INC,Professional Services,,,C-Suite Executive,,Partial
Finance Lead,Chief Financial Officer (CFO),CORCEPT THERAPEUTICS INC,Professional Services,,,C-Suite Executive,,Partial
Executive Lead,Chief Executive Officer (CEO),BROWN FORMAN CORP,Professional Services,,,C-Suite Executive,,Partial
Finance Lead,Chief Financial Officer (CFO),BROWN FORMAN CORP,Professional Services,,,C-Suite Executive,,Partial
Executive Lead,Chief Executive Officer (CEO),EQUITY LIFESTYLE PROPERTIES INC,Professional Services,,,C-Suite Executive,,Partial
Finance Lead,Chief Financial Officer (CFO),EQUITY LIFESTYLE PROPERTIES INC,Professional Services,,,C-Suite Executive,,Partial
Executive Lead,Chief Executive Officer (CEO),"GAMING & LEISURE PROPERTIES, INC.",Professional Services,,,C-Suite Executive,,Partial
Finance Lead,Chief Financial Officer (CFO),"GAMING & LEISURE PROPERTIES, INC.",Professional Services,,,C-Suite Executive,,Partial
Executive Lead,Chief Executive Officer (CEO),TOROMONT INDUSTRIES LTD./ADR,Professional Services,,,C-Suite Executive,,Partial
Finance Lead,Chief Financial Officer (CFO),TOROMONT INDUSTRIES LTD./ADR,Professional Services,,,C-Suite Executive,,Partial
Executive Lead,Chief Executive Officer (CEO),AGNC INVESTMENT CORP.,Professional Services,,,C-Suite Executive,,Partial
Finance Lead,Chief Financial Officer (CFO),AGNC INVESTMENT CORP.,Professional Services,,,C-Suite Executive,,Partial
Executive Lead,Chief Executive Officer (CEO),ENCOMPASS HEALTH CORP,Professional Services,,,C-Suite Executive,,Partial
Finance Lead,Chief Financial Officer (CFO),ENCOMPASS HEALTH CORP,Professional Services,,,C-Suite Executive,,Partial
Executive Lead,Chief Executive Officer (CEO),PACIFIC AIRPORT GROUP,Professional Services,,,C-Suite Executive,,Partial
Finance Lead,Chief Financial Officer (CFO),PACIFIC AIRPORT GROUP,Professional Services,,,C-Suite Executive,,Partial
Executive Lead,Chief Executive Officer (CEO),STIFEL FINANCIAL CORP,Professional Services,,,C-Suite Executive,,Partial
Finance Lead,Chief Financial Officer (CFO),STIFEL FINANCIAL CORP,Professional Services,,,C-Suite Executive,,Partial
Executive Lead,Chief Executive Officer (CEO),"DICK'S SPORTING GOODS, INC.",Professional Services,,,C-Suite Executive,,Partial
Finance Lead,Chief Financial Officer (CFO),"DICK'S SPORTING GOODS, INC.",Professional Services,,,C-Suite Executive,,Partial
Executive Lead,Chief Executive Officer (CEO),MAGNUM ICE CREAM CO N.V.,Professional Services,,,C-Suite Executive,,Partial
Finance Lead,Chief Financial Officer (CFO),MAGNUM ICE CREAM CO N.V.,Professional Services,,,C-Suite Executive,,Partial
Executive Lead,Chief Executive Officer (CEO),"NITORI HOLDINGS CO., LTD.",Professional Services,,,C-Suite Executive,,Partial
Finance Lead,Chief Financial Officer (CFO),"NITORI HOLDINGS CO., LTD.",Professional Services,,,C-Suite Executive,,Partial
Executive Lead,Chief Executive Officer (CEO),CAMDEN PROPERTY TRUST,Professional Services,,,C-Suite Executive,,Partial
Finance Lead,Chief Financial Officer (CFO),CAMDEN PROPERTY TRUST,Professional Services,,,C-Suite Executive,,Partial
Executive Lead,Chief Executive Officer (CEO),FRESENIUS MEDICAL CARE AG,Professional Services,,,C-Suite Executive,,Partial
Finance Lead,Chief Financial Officer (CFO),FRESENIUS MEDICAL CARE AG,Professional Services,,,C-Suite Executive,,Partial
Executive Lead,Chief Executive Officer (CEO),APPLIED INDUSTRIAL TECHNOLOGIES INC,Professional Services,,,C-Suite Executive,,Partial
Finance Lead,Chief Financial Officer (CFO),APPLIED INDUSTRIAL TECHNOLOGIES INC,Professional Services,,,C-Suite Executive,,Partial
Executive Lead,Chief Executive Officer (CEO),"TEXAS ROADHOUSE, INC.",Professional Services,,,C-Suite Executive,,Partial
Finance Lead,Chief Financial Officer (CFO),"TEXAS ROADHOUSE, INC.",Professional Services,,,C-Suite Executive,,Partial
Executive Lead,Chief Executive Officer (CEO),"FIDELITY NATIONAL FINANCIAL, INC.",Professional Services,,,C-Suite Executive,,Partial
Finance Lead,Chief Financial Officer (CFO),"FIDELITY NATIONAL FINANCIAL, INC.",Professional Services,,,C-Suite Executive,,Partial
Executive Lead,Chief Executive Officer (CEO),WATTS WATER TECHNOLOGIES INC,Professional Services,,,C-Suite Executive,,Partial
Finance Lead,Chief Financial Officer (CFO),WATTS WATER TECHNOLOGIES INC,Professional Services,,,C-Suite Executive,,Partial
Executive Lead,Chief Executive Officer (CEO),WISE GROUP PLC,Professional Services,,,C-Suite Executive,,Partial
Finance Lead,Chief Financial Officer (CFO),WISE GROUP PLC,Professional Services,,,C-Suite Executive,,Partial
Executive Lead,Chief Executive Officer (CEO),"ARROWHEAD PHARMACEUTICALS, INC.",Professional Services,,,C-Suite Executive,,Partial
Finance Lead,Chief Financial Officer (CFO),"ARROWHEAD PHARMACEUTICALS, INC.",Professional Services,,,C-Suite Executive,,Partial
Executive Lead,Chief Executive Officer (CEO),ANTERO RESOURCES CORP,Professional Services,,,C-Suite Executive,,Partial
Finance Lead,Chief Financial Officer (CFO),ANTERO RESOURCES CORP,Professional Services,,,C-Suite Executive,,Partial
Executive Lead,Chief Executive Officer (CEO),PARAMOUNT SKYDANCE CORP,Professional Services,,,C-Suite Executive,,Partial
Finance Lead,Chief Financial Officer (CFO),PARAMOUNT SKYDANCE CORP,Professional Services,,,C-Suite Executive,,Partial
Executive Lead,Chief Executive Officer (CEO),MANHATTAN ASSOCIATES INC,Professional Services,,,C-Suite Executive,,Partial
Finance Lead,Chief Financial Officer (CFO),MANHATTAN ASSOCIATES INC,Professional Services,,,C-Suite Executive,,Partial
Executive Lead,Chief Executive Officer (CEO),NOVA LTD.,Professional Services,,,C-Suite Executive,,Partial
Finance Lead,Chief Financial Officer (CFO),NOVA LTD.,Professional Services,,,C-Suite Executive,,Partial
Executive Lead,Chief Executive Officer (CEO),HUDBAY MINERALS INC.,Professional Services,,,C-Suite Executive,,Partial
Finance Lead,Chief Financial Officer (CFO),HUDBAY MINERALS INC.,Professional Services,,,C-Suite Executive,,Partial
Executive Lead,Chief Executive Officer (CEO),"GUIDEWIRE SOFTWARE, INC.",Professional Services,,,C-Suite Executive,,Partial
Finance Lead,Chief Financial Officer (CFO),"GUIDEWIRE SOFTWARE, INC.",Professional Services,,,C-Suite Executive,,Partial
Executive Lead,Chief Executive Officer (CEO),"AMERICAN HEALTHCARE REIT, INC.",Professional Services,,,C-Suite Executive,,Partial
Finance Lead,Chief Financial Officer (CFO),"AMERICAN HEALTHCARE REIT, INC.",Professional Services,,,C-Suite Executive,,Partial
Executive Lead,Chief Executive Officer (CEO),AMERICAN FINANCIAL GROUP INC,Professional Services,,,C-Suite Executive,,Partial
Finance Lead,Chief Financial Officer (CFO),AMERICAN FINANCIAL GROUP INC,Professional Services,,,C-Suite Executive,,Partial
Executive Lead,Chief Executive Officer (CEO),"COMPASS SUB NORTH, INC.",Professional Services,,,C-Suite Executive,,Partial
Finance Lead,Chief Financial Officer (CFO),"COMPASS SUB NORTH, INC.",Professional Services,,,C-Suite Executive,,Partial
Executive Lead,Chief Executive Officer (CEO),"BXP, INC.",Professional Services,,,C-Suite Executive,,Partial
Finance Lead,Chief Financial Officer (CFO),"BXP, INC.",Professional Services,,,C-Suite Executive,,Partial
Executive Lead,Chief Executive Officer (CEO),PINNACLE WEST CAPITAL CORP,Professional Services,,,C-Suite Executive,,Partial
Finance Lead,Chief Financial Officer (CFO),PINNACLE WEST CAPITAL CORP,Professional Services,,,C-Suite Executive,,Partial
Executive Lead,Chief Executive Officer (CEO),CRANE CO,Professional Services,,,C-Suite Executive,,Partial
Finance Lead,Chief Financial Officer (CFO),CRANE CO,Professional Services,,,C-Suite Executive,,Partial
Executive Lead,Chief Executive Officer (CEO),"ESSENTIAL UTILITIES, INC.",Professional Services,,,C-Suite Executive,,Partial
Finance Lead,Chief Financial Officer (CFO),"ESSENTIAL UTILITIES, INC.",Professional Services,,,C-Suite Executive,,Partial
Executive Lead,Chief Executive Officer (CEO),"BRIGHTSPRING HEALTH SERVICES, INC.",Professional Services,,,C-Suite Executive,,Partial
Finance Lead,Chief Financial Officer (CFO),"BRIGHTSPRING HEALTH SERVICES, INC.",Professional Services,,,C-Suite Executive,,Partial
Executive Lead,Chief Executive Officer (CEO),"AXSOME THERAPEUTICS, INC.",Professional Services,,,C-Suite Executive,,Partial
Finance Lead,Chief Financial Officer (CFO),"AXSOME THERAPEUTICS, INC.",Professional Services,,,C-Suite Executive,,Partial
Executive Lead,Chief Executive Officer (CEO),DAVITA INC.,Professional Services,,,C-Suite Executive,,Partial
Finance Lead,Chief Financial Officer (CFO),DAVITA INC.,Professional Services,,,C-Suite Executive,,Partial
Executive Lead,Chief Executive Officer (CEO),HUBSPOT INC,Professional Services,,,C-Suite Executive,,Partial
Finance Lead,Chief Financial Officer (CFO),HUBSPOT INC,Professional Services,,,C-Suite Executive,,Partial
Executive Lead,Chief Executive Officer (CEO),AKZO NOBEL NV,Professional Services,,,C-Suite Executive,,Partial
Finance Lead,Chief Financial Officer (CFO),AKZO NOBEL NV,Professional Services,,,C-Suite Executive,,Partial
Executive Lead,Chief Executive Officer (CEO),MOOG INC.,Professional Services,,,C-Suite Executive,,Partial
Finance Lead,Chief Financial Officer (CFO),MOOG INC.,Professional Services,,,C-Suite Executive,,Partial
Executive Lead,Chief Executive Officer (CEO),SANMINA CORP,Professional Services,,,C-Suite Executive,,Partial
Finance Lead,Chief Financial Officer (CFO),SANMINA CORP,Professional Services,,,C-Suite Executive,,Partial
Executive Lead,Chief Executive Officer (CEO),"ARROW ELECTRONICS, INC.",Professional Services,,,C-Suite Executive,,Partial
Finance Lead,Chief Financial Officer (CFO),"ARROW ELECTRONICS, INC.",Professional Services,,,C-Suite Executive,,Partial
Executive Lead,Chief Executive Officer (CEO),FIRST HORIZON CORP,Professional Services,,,C-Suite Executive,,Partial
Finance Lead,Chief Financial Officer (CFO),FIRST HORIZON CORP,Professional Services,,,C-Suite Executive,,Partial
Executive Lead,Chief Executive Officer (CEO),"BJ'S WHOLESALE CLUB HOLDINGS, INC.",Professional Services,,,C-Suite Executive,,Partial
Finance Lead,Chief Financial Officer (CFO),"BJ'S WHOLESALE CLUB HOLDINGS, INC.",Professional Services,,,C-Suite Executive,,Partial
Executive Lead,Chief Executive Officer (CEO),SUZANO S.A.,Professional Services,,,C-Suite Executive,,Partial
Finance Lead,Chief Financial Officer (CFO),SUZANO S.A.,Professional Services,,,C-Suite Executive,,Partial
Executive Lead,Chief Executive Officer (CEO),LI AUTO INC.,Professional Services,,,C-Suite Executive,,Partial
Finance Lead,Chief Financial Officer (CFO),LI AUTO INC.,Professional Services,,,C-Suite Executive,,Partial
Executive Lead,Chief Executive Officer (CEO),IAMGOLD CORP,Professional Services,,,C-Suite Executive,,Partial
Finance Lead,Chief Financial Officer (CFO),IAMGOLD CORP,Professional Services,,,C-Suite Executive,,Partial
Executive Lead,Chief Executive Officer (CEO),ELANCO ANIMAL HEALTH INC,Professional Services,,,C-Suite Executive,,Partial
Finance Lead,Chief Financial Officer (CFO),ELANCO ANIMAL HEALTH INC,Professional Services,,,C-Suite Executive,,Partial
Executive Lead,Chief Executive Officer (CEO),SMITH & NEPHEW PLC,Professional Services,,,C-Suite Executive,,Partial
Finance Lead,Chief Financial Officer (CFO),SMITH & NEPHEW PLC,Professional Services,,,C-Suite Executive,,Partial
Executive Lead,Chief Executive Officer (CEO),ADVANCED ENERGY INDUSTRIES INC,Professional Services,,,C-Suite Executive,,Partial
Finance Lead,Chief Financial Officer (CFO),ADVANCED ENERGY INDUSTRIES INC,Professional Services,,,C-Suite Executive,,Partial
Executive Lead,Chief Executive Officer (CEO),BIO-TECHNE CORP,Professional Services,,,C-Suite Executive,,Partial
Finance Lead,Chief Financial Officer (CFO),BIO-TECHNE CORP,Professional Services,,,C-Suite Executive,,Partial
Executive Lead,Chief Executive Officer (CEO),ELDORADO GOLD CORP /FI,Professional Services,,,C-Suite Executive,,Partial
Finance Lead,Chief Financial Officer (CFO),ELDORADO GOLD CORP /FI,Professional Services,,,C-Suite Executive,,Partial
Executive Lead,Chief Executive Officer (CEO),JACK HENRY & ASSOCIATES INC,Professional Services,,,C-Suite Executive,,Partial
Finance Lead,Chief Financial Officer (CFO),JACK HENRY & ASSOCIATES INC,Professional Services,,,C-Suite Executive,,Partial
Executive Lead,Chief Executive Officer (CEO),HORMEL FOODS CORP /DE/,Professional Services,,,C-Suite Executive,,Partial
Finance Lead,Chief Financial Officer (CFO),HORMEL FOODS CORP /DE/,Professional Services,,,C-Suite Executive,,Partial
Executive Lead,Chief Executive Officer (CEO),RENTOKIL INITIAL PLC /FI,Professional Services,,,C-Suite Executive,,Partial
Finance Lead,Chief Financial Officer (CFO),RENTOKIL INITIAL PLC /FI,Professional Services,,,C-Suite Executive,,Partial
Executive Lead,Chief Executive Officer (CEO),BUNZL PLC,Professional Services,,,C-Suite Executive,,Partial
Finance Lead,Chief Financial Officer (CFO),BUNZL PLC,Professional Services,,,C-Suite Executive,,Partial
Executive Lead,Chief Executive Officer (CEO),GARTNER INC,Professional Services,,,C-Suite Executive,,Partial
Finance Lead,Chief Financial Officer (CFO),GARTNER INC,Professional Services,,,C-Suite Executive,,Partial
Executive Lead,Chief Executive Officer (CEO),MAPLEBEAR INC.,Professional Services,,,C-Suite Executive,,Partial
Finance Lead,Chief Financial Officer (CFO),MAPLEBEAR INC.,Professional Services,,,C-Suite Executive,,Partial
Executive Lead,Chief Executive Officer (CEO),SERVICE CORP INTERNATIONAL,Professional Services,,,C-Suite Executive,,Partial
Finance Lead,Chief Financial Officer (CFO),SERVICE CORP INTERNATIONAL,Professional Services,,,C-Suite Executive,,Partial
Executive Lead,Chief Executive Officer (CEO),DECKERS OUTDOOR CORP,Professional Services,,,C-Suite Executive,,Partial
Finance Lead,Chief Financial Officer (CFO),DECKERS OUTDOOR CORP,Professional Services,,,C-Suite Executive,,Partial
Executive Lead,Chief Executive Officer (CEO),"HUNTINGTON INGALLS INDUSTRIES, INC.",Professional Services,,,C-Suite Executive,,Partial
Finance Lead,Chief Financial Officer (CFO),"HUNTINGTON INGALLS INDUSTRIES, INC.",Professional Services,,,C-Suite Executive,,Partial
Executive Lead,Chief Executive Officer (CEO),GENERAC HOLDINGS INC.,Professional Services,,,C-Suite Executive,,Partial
Finance Lead,Chief Financial Officer (CFO),GENERAC HOLDINGS INC.,Professional Services,,,C-Suite Executive,,Partial
Executive Lead,Chief Executive Officer (CEO),LITTELFUSE INC /DE,Professional Services,,,C-Suite Executive,,Partial
Finance Lead,Chief Financial Officer (CFO),LITTELFUSE INC /DE,Professional Services,,,C-Suite Executive,,Partial
Executive Lead,Chief Executive Officer (CEO),KNIGHT-SWIFT TRANSPORTATION HOLDINGS INC.,Professional Services,,,C-Suite Executive,,Partial
Finance Lead,Chief Financial Officer (CFO),KNIGHT-SWIFT TRANSPORTATION HOLDINGS INC.,Professional Services,,,C-Suite Executive,,Partial
Executive Lead,Chief Executive Officer (CEO),LULULEMON ATHLETICA INC.,Professional Services,,,C-Suite Executive,,Partial
Finance Lead,Chief Financial Officer (CFO),LULULEMON ATHLETICA INC.,Professional Services,,,C-Suite Executive,,Partial
Executive Lead,Chief Executive Officer (CEO),EVERCORE INC.,Professional Services,,,C-Suite Executive,,Partial
Finance Lead,Chief Financial Officer (CFO),EVERCORE INC.,Professional Services,,,C-Suite Executive,,Partial
Executive Lead,Chief Executive Officer (CEO),FRONTLINE PLC,Professional Services,,,C-Suite Executive,,Partial
Finance Lead,Chief Financial Officer (CFO),FRONTLINE PLC,Professional Services,,,C-Suite Executive,,Partial
Executive Lead,Chief Executive Officer (CEO),COGNEX CORP,Professional Services,,,C-Suite Executive,,Partial
Finance Lead,Chief Financial Officer (CFO),COGNEX CORP,Professional Services,,,C-Suite Executive,,Partial
Executive Lead,Chief Executive Officer (CEO),JFROG LTD,Professional Services,,,C-Suite Executive,,Partial
Finance Lead,Chief Financial Officer (CFO),JFROG LTD,Professional Services,,,C-Suite Executive,,Partial
Executive Lead,Chief Executive Officer (CEO),REGAL REXNORD CORP,Professional Services,,,C-Suite Executive,,Partial
Finance Lead,Chief Financial Officer (CFO),REGAL REXNORD CORP,Professional Services,,,C-Suite Executive,,Partial
Executive Lead,Chief Executive Officer (CEO),NEW YORK TIMES CO,Professional Services,,,C-Suite Executive,,Partial
Finance Lead,Chief Financial Officer (CFO),NEW YORK TIMES CO,Professional Services,,,C-Suite Executive,,Partial
Executive Lead,Chief Executive Officer (CEO),TFI INTERNATIONAL INC.,Professional Services,,,C-Suite Executive,,Partial
Finance Lead,Chief Financial Officer (CFO),TFI INTERNATIONAL INC.,Professional Services,,,C-Suite Executive,,Partial
Executive Lead,Chief Executive Officer (CEO),DEUTSCHE LUFTHANSA A G /FI,Professional Services,,,C-Suite Executive,,Partial
Finance Lead,Chief Financial Officer (CFO),DEUTSCHE LUFTHANSA A G /FI,Professional Services,,,C-Suite Executive,,Partial
Executive Lead,Chief Executive Officer (CEO),ALIGN TECHNOLOGY INC,Professional Services,,,C-Suite Executive,,Partial
Finance Lead,Chief Financial Officer (CFO),ALIGN TECHNOLOGY INC,Professional Services,,,C-Suite Executive,,Partial
Executive Lead,Chief Executive Officer (CEO),"PINTEREST, INC.",Professional Services,,,C-Suite Executive,,Partial
Finance Lead,Chief Financial Officer (CFO),"PINTEREST, INC.",Professional Services,,,C-Suite Executive,,Partial
Executive Lead,Chief Executive Officer (CEO),GAMESTOP CORP.,Professional Services,,,C-Suite Executive,,Partial
Finance Lead,Chief Financial Officer (CFO),GAMESTOP CORP.,Professional Services,,,C-Suite Executive,,Partial
Executive Lead,Chief Executive Officer (CEO),"GLOBALSTAR, INC.",Professional Services,,,C-Suite Executive,,Partial
Finance Lead,Chief Financial Officer (CFO),"GLOBALSTAR, INC.",Professional Services,,,C-Suite Executive,,Partial
Executive Lead,Chief Executive Officer (CEO),"TEMPUS AI, INC.",Professional Services,,,C-Suite Executive,,Partial
Finance Lead,Chief Financial Officer (CFO),"TEMPUS AI, INC.",Professional Services,,,C-Suite Executive,,Partial
Executive Lead,Chief Executive Officer (CEO),EASTGROUP PROPERTIES INC,Professional Services,,,C-Suite Executive,,Partial
Finance Lead,Chief Financial Officer (CFO),EASTGROUP PROPERTIES INC,Professional Services,,,C-Suite Executive,,Partial
Executive Lead,Chief Executive Officer (CEO),CLOROX CO /DE/,Professional Services,,,C-Suite Executive,,Partial
Finance Lead,Chief Financial Officer (CFO),CLOROX CO /DE/,Professional Services,,,C-Suite Executive,,Partial
Executive Lead,Chief Executive Officer (CEO),FREEDOM HOLDING CORP.,Professional Services,,,C-Suite Executive,,Partial
Finance Lead,Chief Financial Officer (CFO),FREEDOM HOLDING CORP.,Professional Services,,,C-Suite Executive,,Partial
Executive Lead,Chief Executive Officer (CEO),ALLISON TRANSMISSION HOLDINGS INC,Professional Services,,,C-Suite Executive,,Partial
Finance Lead,Chief Financial Officer (CFO),ALLISON TRANSMISSION HOLDINGS INC,Professional Services,,,C-Suite Executive,,Partial
Executive Lead,Chief Executive Officer (CEO),UMB FINANCIAL CORP,Professional Services,,,C-Suite Executive,,Partial
Finance Lead,Chief Financial Officer (CFO),UMB FINANCIAL CORP,Professional Services,,,C-Suite Executive,,Partial
Executive Lead,Chief Executive Officer (CEO),AES CORP,Professional Services,,,C-Suite Executive,,Partial
Finance Lead,Chief Financial Officer (CFO),AES CORP,Professional Services,,,C-Suite Executive,,Partial
Executive Lead,Chief Executive Officer (CEO),JEFFERIES FINANCIAL GROUP INC.,Professional Services,,,C-Suite Executive,,Partial
Finance Lead,Chief Financial Officer (CFO),JEFFERIES FINANCIAL GROUP INC.,Professional Services,,,C-Suite Executive,,Partial
Executive Lead,Chief Executive Officer (CEO),"MOLINA HEALTHCARE, INC.",Professional Services,,,C-Suite Executive,,Partial
Finance Lead,Chief Financial Officer (CFO),"MOLINA HEALTHCARE, INC.",Professional Services,,,C-Suite Executive,,Partial
Executive Lead,Chief Executive Officer (CEO),ANTERO MIDSTREAM CORP,Professional Services,,,C-Suite Executive,,Partial
Finance Lead,Chief Financial Officer (CFO),ANTERO MIDSTREAM CORP,Professional Services,,,C-Suite Executive,,Partial
Executive Lead,Chief Executive Officer (CEO),BROOKFIELD WEALTH SOLUTIONS LTD.,Professional Services,,,C-Suite Executive,,Partial
Finance Lead,Chief Financial Officer (CFO),BROOKFIELD WEALTH SOLUTIONS LTD.,Professional Services,,,C-Suite Executive,,Partial
Executive Lead,Chief Executive Officer (CEO),"POPULAR, INC.",Professional Services,,,C-Suite Executive,,Partial
Finance Lead,Chief Financial Officer (CFO),"POPULAR, INC.",Professional Services,,,C-Suite Executive,,Partial
Executive Lead,Chief Executive Officer (CEO),OWENS CORNING,Professional Services,,,C-Suite Executive,,Partial
Finance Lead,Chief Financial Officer (CFO),OWENS CORNING,Professional Services,,,C-Suite Executive,,Partial
Executive Lead,Chief Executive Officer (CEO),CYTOKINETICS INC,Professional Services,,,C-Suite Executive,,Partial
Finance Lead,Chief Financial Officer (CFO),CYTOKINETICS INC,Professional Services,,,C-Suite Executive,,Partial
Executive Lead,Chief Executive Officer (CEO),"KRYSTAL BIOTECH, INC.",Professional Services,,,C-Suite Executive,,Partial
Finance Lead,Chief Financial Officer (CFO),"KRYSTAL BIOTECH, INC.",Professional Services,,,C-Suite Executive,,Partial
Executive Lead,Chief Executive Officer (CEO),"QORVO, INC.",Professional Services,,,C-Suite Executive,,Partial
Finance Lead,Chief Financial Officer (CFO),"QORVO, INC.",Professional Services,,,C-Suite Executive,,Partial
Executive Lead,Chief Executive Officer (CEO),ENLIGHT RENEWABLE ENERGY LTD.,Professional Services,,,C-Suite Executive,,Partial
Finance Lead,Chief Financial Officer (CFO),ENLIGHT RENEWABLE ENERGY LTD.,Professional Services,,,C-Suite Executive,,Partial
Executive Lead,Chief Executive Officer (CEO),DOMINOS PIZZA INC,Professional Services,,,C-Suite Executive,,Partial
Finance Lead,Chief Financial Officer (CFO),DOMINOS PIZZA INC,Professional Services,,,C-Suite Executive,,Partial
Executive Lead,Chief Executive Officer (CEO),UNIVERSAL HEALTH SERVICES INC,Professional Services,,,C-Suite Executive,,Partial
Finance Lead,Chief Financial Officer (CFO),UNIVERSAL HEALTH SERVICES INC,Professional Services,,,C-Suite Executive,,Partial
Executive Lead,Chief Executive Officer (CEO),DARLING INGREDIENTS INC.,Professional Services,,,C-Suite Executive,,Partial
Finance Lead,Chief Financial Officer (CFO),DARLING INGREDIENTS INC.,Professional Services,,,C-Suite Executive,,Partial
Executive Lead,Chief Executive Officer (CEO),MGM RESORTS INTERNATIONAL,Professional Services,,,C-Suite Executive,,Partial
Finance Lead,Chief Financial Officer (CFO),MGM RESORTS INTERNATIONAL,Professional Services,,,C-Suite Executive,,Partial
Executive Lead,Chief Executive Officer (CEO),"OSCAR HEALTH, INC.",Professional Services,,,C-Suite Executive,,Partial
Finance Lead,Chief Financial Officer (CFO),"OSCAR HEALTH, INC.",Professional Services,,,C-Suite Executive,,Partial
Executive Lead,Chief Executive Officer (CEO),SOUTHSTATE BANK CORP,Professional Services,,,C-Suite Executive,,Partial
Finance Lead,Chief Financial Officer (CFO),SOUTHSTATE BANK CORP,Professional Services,,,C-Suite Executive,,Partial
Executive Lead,Chief Executive Officer (CEO),WINTRUST FINANCIAL CORP,Professional Services,,,C-Suite Executive,,Partial
Finance Lead,Chief Financial Officer (CFO),WINTRUST FINANCIAL CORP,Professional Services,,,C-Suite Executive,,Partial
Executive Lead,Chief Executive Officer (CEO),"COOPER COMPANIES, INC.",Professional Services,,,C-Suite Executive,,Partial
Finance Lead,Chief Financial Officer (CFO),"COOPER COMPANIES, INC.",Professional Services,,,C-Suite Executive,,Partial
Executive Lead,Chief Executive Officer (CEO),VIASAT INC,Professional Services,,,C-Suite Executive,,Partial
Finance Lead,Chief Financial Officer (CFO),VIASAT INC,Professional Services,,,C-Suite Executive,,Partial
Executive Lead,Chief Executive Officer (CEO),ABIVAX S.A.,Professional Services,,,C-Suite Executive,,Partial
Finance Lead,Chief Financial Officer (CFO),ABIVAX S.A.,Professional Services,,,C-Suite Executive,,Partial
Executive Lead,Chief Executive Officer (CEO),"ENSIGN GROUP, INC",Professional Services,,,C-Suite Executive,,Partial
Finance Lead,Chief Financial Officer (CFO),"ENSIGN GROUP, INC",Professional Services,,,C-Suite Executive,,Partial
Executive Lead,Chief Executive Officer (CEO),"CULLEN/FROST BANKERS, INC.",Professional Services,,,C-Suite Executive,,Partial
Finance Lead,Chief Financial Officer (CFO),"CULLEN/FROST BANKERS, INC.",Professional Services,,,C-Suite Executive,,Partial
Executive Lead,Chief Executive Officer (CEO),MODINE MANUFACTURING CO,Professional Services,,,C-Suite Executive,,Partial
Finance Lead,Chief Financial Officer (CFO),MODINE MANUFACTURING CO,Professional Services,,,C-Suite Executive,,Partial
Executive Lead,Chief Executive Officer (CEO),XPENG INC.,Professional Services,,,C-Suite Executive,,Partial
Finance Lead,Chief Financial Officer (CFO),XPENG INC.,Professional Services,,,C-Suite Executive,,Partial
Executive Lead,Chief Executive Officer (CEO),"ZIONS BANCORPORATION, NATIONAL ASSOCIATION /UT/",Professional Services,,,C-Suite Executive,,Partial
Finance Lead,Chief Financial Officer (CFO),"ZIONS BANCORPORATION, NATIONAL ASSOCIATION /UT/",Professional Services,,,C-Suite Executive,,Partial
Executive Lead,Chief Executive Officer (CEO),XP INC.,Professional Services,,,C-Suite Executive,,Partial
Finance Lead,Chief Financial Officer (CFO),XP INC.,Professional Services,,,C-Suite Executive,,Partial
Executive Lead,Chief Executive Officer (CEO),"DILLARD'S, INC.",Professional Services,,,C-Suite Executive,,Partial
Finance Lead,Chief Financial Officer (CFO),"DILLARD'S, INC.",Professional Services,,,C-Suite Executive,,Partial
Executive Lead,Chief Executive Officer (CEO),FEDERAL REALTY INVESTMENT TRUST,Professional Services,,,C-Suite Executive,,Partial
Finance Lead,Chief Financial Officer (CFO),FEDERAL REALTY INVESTMENT TRUST,Professional Services,,,C-Suite Executive,,Partial
Executive Lead,Chief Executive Officer (CEO),GERDAU S.A.,Professional Services,,,C-Suite Executive,,Partial
Finance Lead,Chief Financial Officer (CFO),GERDAU S.A.,Professional Services,,,C-Suite Executive,,Partial
Executive Lead,Chief Executive Officer (CEO),DR REDDYS LABORATORIES LTD,Professional Services,,,C-Suite Executive,,Partial
Finance Lead,Chief Financial Officer (CFO),DR REDDYS LABORATORIES LTD,Professional Services,,,C-Suite Executive,,Partial
Executive Lead,Chief Executive Officer (CEO),"AVANTOR, INC.",Professional Services,,,C-Suite Executive,,Partial
Finance Lead,Chief Financial Officer (CFO),"AVANTOR, INC.",Professional Services,,,C-Suite Executive,,Partial
Executive Lead,Chief Executive Officer (CEO),"BIO-RAD LABORATORIES, INC.",Professional Services,,,C-Suite Executive,,Partial
Finance Lead,Chief Financial Officer (CFO),"BIO-RAD LABORATORIES, INC.",Professional Services,,,C-Suite Executive,,Partial
Executive Lead,Chief Executive Officer (CEO),GLOBUS MEDICAL INC,Professional Services,,,C-Suite Executive,,Partial
Finance Lead,Chief Financial Officer (CFO),GLOBUS MEDICAL INC,Professional Services,,,C-Suite Executive,,Partial
Executive Lead,Chief Executive Officer (CEO),GLAUKOS CORP,Professional Services,,,C-Suite Executive,,Partial
Finance Lead,Chief Financial Officer (CFO),GLAUKOS CORP,Professional Services,,,C-Suite Executive,,Partial
Executive Lead,Chief Executive Officer (CEO),"MATCH GROUP, INC.",Professional Services,,,C-Suite Executive,,Partial
Finance Lead,Chief Financial Officer (CFO),"MATCH GROUP, INC.",Professional Services,,,C-Suite Executive,,Partial
Executive Lead,Chief Executive Officer (CEO),OLD REPUBLIC INTERNATIONAL CORP,Professional Services,,,C-Suite Executive,,Partial
Finance Lead,Chief Financial Officer (CFO),OLD REPUBLIC INTERNATIONAL CORP,Professional Services,,,C-Suite Executive,,Partial
Executive Lead,Chief Executive Officer (CEO),"PAYCOM SOFTWARE, INC.",Professional Services,,,C-Suite Executive,,Partial
Finance Lead,Chief Financial Officer (CFO),"PAYCOM SOFTWARE, INC.",Professional Services,,,C-Suite Executive,,Partial
Executive Lead,Chief Executive Officer (CEO),SIRIUS XM HOLDINGS INC.,Professional Services,,,C-Suite Executive,,Partial
Finance Lead,Chief Financial Officer (CFO),SIRIUS XM HOLDINGS INC.,Professional Services,,,C-Suite Executive,,Partial
Executive Lead,Chief Executive Officer (CEO),"FIRSTCASH HOLDINGS, INC.",Professional Services,,,C-Suite Executive,,Partial
Finance Lead,Chief Financial Officer (CFO),"FIRSTCASH HOLDINGS, INC.",Professional Services,,,C-Suite Executive,,Partial
Executive Lead,Chief Executive Officer (CEO),LUCKIN COFFEE INC.,Professional Services,,,C-Suite Executive,,Partial
Finance Lead,Chief Financial Officer (CFO),LUCKIN COFFEE INC.,Professional Services,,,C-Suite Executive,,Partial
Executive Lead,Chief Executive Officer (CEO),"SANRIO COMPANY, LTD./ADR",Professional Services,,,C-Suite Executive,,Partial
Finance Lead,Chief Financial Officer (CFO),"SANRIO COMPANY, LTD./ADR",Professional Services,,,C-Suite Executive,,Partial
Executive Lead,Chief Executive Officer (CEO),"SAILPOINT, INC.",Professional Services,,,C-Suite Executive,,Partial
Finance Lead,Chief Financial Officer (CFO),"SAILPOINT, INC.",Professional Services,,,C-Suite Executive,,Partial
Executive Lead,Chief Executive Officer (CEO),OLD NATIONAL BANCORP /IN/,Professional Services,,,C-Suite Executive,,Partial
Finance Lead,Chief Financial Officer (CFO),OLD NATIONAL BANCORP /IN/,Professional Services,,,C-Suite Executive,,Partial
Executive Lead,Chief Executive Officer (CEO),SOLSTICE ADVANCED MATERIALS INC.,Professional Services,,,C-Suite Executive,,Partial
Finance Lead,Chief Financial Officer (CFO),SOLSTICE ADVANCED MATERIALS INC.,Professional Services,,,C-Suite Executive,,Partial
Executive Lead,Chief Executive Officer (CEO),WEIR GROUP PLC/ADR,Professional Services,,,C-Suite Executive,,Partial
Finance Lead,Chief Financial Officer (CFO),WEIR GROUP PLC/ADR,Professional Services,,,C-Suite Executive,,Partial
Executive Lead,Chief Executive Officer (CEO),HENRY SCHEIN INC,Professional Services,,,C-Suite Executive,,Partial
Finance Lead,Chief Financial Officer (CFO),HENRY SCHEIN INC,Professional Services,,,C-Suite Executive,,Partial
Executive Lead,Chief Executive Officer (CEO),"ADVANCED DRAINAGE SYSTEMS, INC.",Professional Services,,,C-Suite Executive,,Partial
Finance Lead,Chief Financial Officer (CFO),"ADVANCED DRAINAGE SYSTEMS, INC.",Professional Services,,,C-Suite Executive,,Partial
Executive Lead,Chief Executive Officer (CEO),"RYAN SPECIALTY HOLDINGS, INC.",Professional Services,,,C-Suite Executive,,Partial
Finance Lead,Chief Financial Officer (CFO),"RYAN SPECIALTY HOLDINGS, INC.",Professional Services,,,C-Suite Executive,,Partial
Executive Lead,Chief Executive Officer (CEO),SILICON MOTION TECHNOLOGY CORP,Professional Services,,,C-Suite Executive,,Partial
Finance Lead,Chief Financial Officer (CFO),SILICON MOTION TECHNOLOGY CORP,Professional Services,,,C-Suite Executive,,Partial
Executive Lead,Chief Executive Officer (CEO),"LEONARDO DRS, INC.",Professional Services,,,C-Suite Executive,,Partial
Finance Lead,Chief Financial Officer (CFO),"LEONARDO DRS, INC.",Professional Services,,,C-Suite Executive,,Partial
Executive Lead,Chief Executive Officer (CEO),SNAP INC,Professional Services,,,C-Suite Executive,,Partial
Finance Lead,Chief Financial Officer (CFO),SNAP INC,Professional Services,,,C-Suite Executive,,Partial
