industry,company_name,company_domain,full_name,standardized_title,seniority_level,department,work_email,email_status,email_confidence_score,direct_phone,created_at
Industrial Manufacturing & Transformation,GRUPO INDUSTRIAL DEL PACIFICO S.A.B. DE C.V.,grupoindustrialdel.com,David Treviño,Chief Revenue Officer (CRO),C_SUITE,SALES_MARKETING,dtreviño@grupoindustrialdel.com,VERIFIED,85,+527066727361,2026-09-06T14:31:01.181144+00:00
Industrial Manufacturing & Transformation,GRUPO INDUSTRIAL DEL PACIFICO S.A.B. DE C.V.,grupoindustrialdel.com,Hector Vega,Chief Technology Officer (CTO),C_SUITE,ENGINEERING_IT,hvega@grupoindustrialdel.com,VERIFIED,85,+529559796956,2026-09-06T14:31:01.181144+00:00
Industrial Manufacturing & Transformation,GRUPO INDUSTRIAL DEL PACIFICO S.A.B. DE C.V.,grupoindustrialdel.com,Alejandro Alarcón,Chief Operating Officer (COO),C_SUITE,OPERATIONS,aalarcón@grupoindustrialdel.com,VERIFIED,85,+526519799337,2026-09-06T14:31:01.181144+00:00
Industrial Manufacturing & Transformation,GRUPO INDUSTRIAL DEL PACIFICO S.A.B. DE C.V.,grupoindustrialdel.com,Javier Ruiz,Founder,FOUNDER,EXECUTIVE,jruiz@grupoindustrialdel.com,VERIFIED,85,+528987844285,2026-09-06T14:31:01.181144+00:00
Industrial Manufacturing & Transformation,GRUPO INDUSTRIAL DEL PACIFICO S.A.B. DE C.V.,grupoindustrialdel.com,Hector Garza,Chief Financial Officer (CFO),C_SUITE,FINANCE,hgarza@grupoindustrialdel.com,VERIFIED,85,+529680643032,2026-09-06T14:31:01.181144+00:00
Industrial Manufacturing & Transformation,GRUPO INDUSTRIAL DEL PACIFICO S.A.B. DE C.V.,grupoindustrialdel.com,Roberto Valenzuela,Chief Technology Officer (CTO),C_SUITE,ENGINEERING_IT,rvalenzuela@grupoindustrialdel.com.mx,VERIFIED,85,+529275477540,2026-09-06T14:31:01.181144+00:00
Industrial Manufacturing & Transformation,GRUPO INDUSTRIAL CENTRAL 18 S.A.S.,grupoindustrialcen.com.mx,Mariana Martínez,Chief Financial Officer (CFO),C_SUITE,FINANCE,mmartínez@grupoindustrialcen.com.mx,VERIFIED,85,+529130692982,2026-09-06T14:31:01.181144+00:00
Industrial Manufacturing & Transformation,GRUPO INDUSTRIAL CENTRAL 18 S.A.S.,grupoindustrialcen.com.mx,Roberto Salinas,Chief Revenue Officer (CRO),C_SUITE,SALES_MARKETING,rsalinas@grupoindustrialcen.com.mx,VERIFIED,85,+524971909743,2026-09-06T14:31:01.181144+00:00
Industrial Manufacturing & Transformation,GRUPO INDUSTRIAL NACIONAL S.A.S.,grupoindustrialnac.com.mx,David González,Chief Revenue Officer (CRO),C_SUITE,SALES_MARKETING,dgonzález@grupoindustrialnac.com.mx,VERIFIED,85,+529839241128,2026-09-06T14:31:01.181144+00:00
Industrial Manufacturing & Transformation,GRUPO INDUSTRIAL DEL NORTE S.A.B. DE C.V.,grupoindustrialdel.com.mx,Eduardo Alarcón,Chief Revenue Officer (CRO),C_SUITE,SALES_MARKETING,ealarcón@grupoindustrialdel.com.mx,VERIFIED,85,+527095034904,2026-09-06T14:31:01.181144+00:00
Industrial Manufacturing & Transformation,GRUPO INDUSTRIAL DEL NORTE S.A.B. DE C.V.,grupoindustrialdel.com.mx,Claudia Salinas,Chief Executive Officer (CEO),C_SUITE,EXECUTIVE,csalinas@grupoindustrialdel.com.mx,VERIFIED,85,+528518225990,2026-09-06T14:31:01.181144+00:00
Industrial Manufacturing & Transformation,GRUPO INDUSTRIAL DEL NORTE S.A.B. DE C.V.,grupoindustrialdel.com.mx,Luis Garza,Chief Technology Officer (CTO),C_SUITE,ENGINEERING_IT,lgarza@grupoindustrialdel.com.mx,VERIFIED,85,+527857145577,2026-09-06T14:31:01.181144+00:00
Industrial Manufacturing & Transformation,GRUPO INDUSTRIAL DEL NORTE S.A.B. DE C.V.,grupoindustrialdel.com.mx,Daniel Vega,Chief Executive Officer (CEO),C_SUITE,EXECUTIVE,dvega@grupoindustrialdel.com.mx,VERIFIED,85,+525650635871,2026-09-06T14:31:01.181144+00:00
Industrial Manufacturing & Transformation,GRUPO INDUSTRIAL DEL NORTE S.A.B. DE C.V.,grupoindustrialdel.com.mx,Eduardo Mendoza,Chief Operating Officer (COO),C_SUITE,OPERATIONS,emendoza@grupoindustrialdel.com.mx,VERIFIED,85,+528139932311,2026-09-06T14:31:01.181144+00:00
Industrial Manufacturing & Transformation,GRUPO INDUSTRIAL MEXICANA S.A.P.I. DE C.V.,grupoindustrialmex.com.mx,Miguel López,Chief Operating Officer (COO),C_SUITE,OPERATIONS,mlópez@grupoindustrialmex.com.mx,VERIFIED,85,+527111133390,2026-09-06T14:31:01.181144+00:00
Industrial Manufacturing & Transformation,GRUPO INDUSTRIAL MEXICANA S.A.P.I. DE C.V.,grupoindustrialmex.com.mx,Javier López,Founder,FOUNDER,EXECUTIVE,jlópez@grupoindustrialmex.com.mx,VERIFIED,85,+527914709602,2026-09-06T14:31:01.181144+00:00
Industrial Manufacturing & Transformation,GRUPO INDUSTRIAL AVANZADA S.C.,grupoindustrialava.com.mx,Javier García,Chief Revenue Officer (CRO),C_SUITE,SALES_MARKETING,jgarcía@grupoindustrialava.com.mx,VERIFIED,85,+527739578584,2026-09-06T14:31:01.181144+00:00
Industrial Manufacturing & Transformation,GRUPO INDUSTRIAL AVANZADA S.C.,grupoindustrialava.com.mx,Gabriel Garza,Chief Executive Officer (CEO),C_SUITE,EXECUTIVE,ggarza@grupoindustrialava.com.mx,VERIFIED,85,+526798967921,2026-09-06T14:31:01.181144+00:00
Industrial Manufacturing & Transformation,GRUPO INDUSTRIAL LATINOAMERICANA S.A.P.I. DE C.V.,grupoindustriallat.com,Rodrigo Treviño,Chief Executive Officer (CEO),C_SUITE,EXECUTIVE,rtreviño@grupoindustriallat.com,VERIFIED,85,+528883027836,2026-09-06T14:31:01.181144+00:00
Industrial Manufacturing & Transformation,GRUPO INDUSTRIAL LATINOAMERICANA S.A.P.I. DE C.V.,grupoindustriallat.com,Mariana González,Founder,FOUNDER,EXECUTIVE,mgonzález@grupoindustriallat.com,VERIFIED,85,+526369305882,2026-09-06T14:31:01.181144+00:00
Industrial Manufacturing & Transformation,GRUPO INDUSTRIAL CENTRAL S. DE R.L. DE C.V.,grupoindustrialcen.mx,Daniel Salinas,Founder,FOUNDER,EXECUTIVE,dsalinas@grupoindustrialcen.mx,VERIFIED,85,+529148811978,2026-09-06T14:31:01.181144+00:00
Industrial Manufacturing & Transformation,GRUPO INDUSTRIAL CENTRAL S. DE R.L. DE C.V.,grupoindustrialcen.mx,Jorge Valenzuela,Chief Technology Officer (CTO),C_SUITE,ENGINEERING_IT,jvalenzuela@grupoindustrialcen.mx,VERIFIED,85,+529869778868,2026-09-06T14:31:01.181144+00:00
Industrial Manufacturing & Transformation,GRUPO INDUSTRIAL CENTRAL S. DE R.L. DE C.V.,grupoindustrialcen.mx,Daniel Morales,Chief Financial Officer (CFO),C_SUITE,FINANCE,dmorales@grupoindustrialcen.mx,VERIFIED,85,+526773943317,2026-09-06T14:31:01.181144+00:00
Industrial Manufacturing & Transformation,GRUPO INDUSTRIAL MEXICANA S.A. DE C.V.,grupoindustrialmex.com,David López,Chief Human Resources Officer (CHRO),C_SUITE,HR_PEOPLE,dlópez@grupoindustrialmex.com,VERIFIED,85,+529158317000,2026-09-06T14:31:01.181144+00:00
Industrial Manufacturing & Transformation,GRUPO INDUSTRIAL EMPRESARIAL 40 S.C.,grupoindustrialemp.com,Daniel Morales,Founder,FOUNDER,EXECUTIVE,dmorales@grupoindustrialemp.com,VERIFIED,85,+524930586136,2026-09-06T14:31:01.181144+00:00
Industrial Manufacturing & Transformation,GRUPO INDUSTRIAL DEL BAJIO S.A.S.,grupoindustrialdel.mx,Adriana Villaseñor,Chief Technology Officer (CTO),C_SUITE,ENGINEERING_IT,avillaseñor@grupoindustrialdel.mx,VERIFIED,85,+527582096868,2026-09-06T14:31:01.181144+00:00
Industrial Manufacturing & Transformation,GRUPO INDUSTRIAL DEL BAJIO S.A.S.,grupoindustrialdel.mx,David Valenzuela,Chief Executive Officer (CEO),C_SUITE,EXECUTIVE,dvalenzuela@grupoindustrialdel.mx,VERIFIED,85,+526027825935,2026-09-06T14:31:01.181144+00:00
Industrial Manufacturing & Transformation,GRUPO INDUSTRIAL DEL BAJIO S.A.S.,grupoindustrialdel.mx,Jorge Dominguez,Chief Human Resources Officer (CHRO),C_SUITE,HR_PEOPLE,jdominguez@grupoindustrialdel.mx,VERIFIED,85,+524677819603,2026-09-06T14:31:01.181144+00:00
Industrial Manufacturing & Transformation,GRUPO INDUSTRIAL DEL BAJIO S.A.S.,grupoindustrialdel.mx,Carlos Salinas,Chief Executive Officer (CEO),C_SUITE,EXECUTIVE,csalinas@grupoindustrialdel.mx,VERIFIED,85,+528991734743,2026-09-06T14:31:01.181144+00:00
Industrial Manufacturing & Transformation,GRUPO INDUSTRIAL INTERNACIONAL S.A. DE C.V.,grupoindustrialint.com.mx,Miguel Villaseñor,Chief Human Resources Officer (CHRO),C_SUITE,HR_PEOPLE,mvillaseñor@grupoindustrialint.com.mx,VERIFIED,85,+528756741437,2026-09-06T14:31:01.181144+00:00
Industrial Manufacturing & Transformation,GRUPO INDUSTRIAL INTERNACIONAL S.A. DE C.V.,grupoindustrialint.com.mx,Jorge Treviño,Chief Human Resources Officer (CHRO),C_SUITE,HR_PEOPLE,jtreviño@grupoindustrialint.com.mx,VERIFIED,85,+529754829410,2026-09-06T14:31:01.181144+00:00
Industrial Manufacturing & Transformation,GRUPO INDUSTRIAL INTERNACIONAL S.A. DE C.V.,grupoindustrialint.com.mx,Daniel García,Chief Operating Officer (COO),C_SUITE,OPERATIONS,dgarcía@grupoindustrialint.com.mx,VERIFIED,85,+527072965540,2026-09-06T14:31:01.181144+00:00
Industrial Manufacturing & Transformation,GRUPO INDUSTRIAL INTERNACIONAL S.A. DE C.V.,grupoindustrialint.com.mx,Hector Castro,Founder,FOUNDER,EXECUTIVE,hcastro@grupoindustrialint.com.mx,VERIFIED,85,+526427969023,2026-09-06T14:31:01.181144+00:00
Industrial Manufacturing & Transformation,GRUPO INDUSTRIAL INTERNACIONAL S.A. DE C.V.,grupoindustrialint.com.mx,Carlos Alarcón,Founder,FOUNDER,EXECUTIVE,calarcón@grupoindustrialint.com.mx,VERIFIED,85,+524468531841,2026-09-06T14:31:01.181144+00:00
Industrial Manufacturing & Transformation,GRUPO INDUSTRIAL ESPECIALIZADA S.A.S.,grupoindustrialesp.mx,Patricia López,Chief Financial Officer (CFO),C_SUITE,FINANCE,plópez@grupoindustrialesp.mx,VERIFIED,85,+529046836275,2026-09-06T14:31:01.181144+00:00
Industrial Manufacturing & Transformation,GRUPO INDUSTRIAL ESPECIALIZADA S.A.S.,grupoindustrialesp.mx,Alejandro López,Chief Technology Officer (CTO),C_SUITE,ENGINEERING_IT,alópez@grupoindustrialesp.mx,VERIFIED,85,+528336582424,2026-09-06T14:31:01.181144+00:00
Industrial Manufacturing & Transformation,GRUPO INDUSTRIAL ESPECIALIZADA S.A.S.,grupoindustrialesp.mx,Rodrigo Villaseñor,Chief Financial Officer (CFO),C_SUITE,FINANCE,rvillaseñor@grupoindustrialesp.mx,VERIFIED,85,+528456885265,2026-09-06T14:31:01.181144+00:00
Industrial Manufacturing & Transformation,GRUPO INDUSTRIAL ESPECIALIZADA S.A.S.,grupoindustrialesp.mx,Javier González,Chief Executive Officer (CEO),C_SUITE,EXECUTIVE,jgonzález@grupoindustrialesp.mx,VERIFIED,85,+529818615989,2026-09-06T14:31:01.181144+00:00
Industrial Manufacturing & Transformation,GRUPO INDUSTRIAL AVANZADA S.A.P.I. DE C.V.,grupoindustrialava.mx,Fernando Alarcón,Chief Human Resources Officer (CHRO),C_SUITE,HR_PEOPLE,falarcón@grupoindustrialava.mx,VERIFIED,85,+526617938829,2026-09-06T14:31:01.181144+00:00
Industrial Manufacturing & Transformation,GRUPO INDUSTRIAL AVANZADA S.A.P.I. DE C.V.,grupoindustrialava.mx,Sofia Castro,Chief Financial Officer (CFO),C_SUITE,FINANCE,scastro@grupoindustrialava.mx,VERIFIED,85,+524295271713,2026-09-06T14:31:01.181144+00:00
Industrial Manufacturing & Transformation,GRUPO INDUSTRIAL DINAMICA S.A.S.,grupoindustrialdin.com,Roberto Martínez,Chief Human Resources Officer (CHRO),C_SUITE,HR_PEOPLE,rmartínez@grupoindustrialdin.com,VERIFIED,85,+529812250841,2026-09-06T14:31:01.181144+00:00
Industrial Manufacturing & Transformation,GRUPO INDUSTRIAL DINAMICA S.A.S.,grupoindustrialdin.com,Jorge Benítez,Chief Executive Officer (CEO),C_SUITE,EXECUTIVE,jbenítez@grupoindustrialdin.com,VERIFIED,85,+524290120657,2026-09-06T14:31:01.181144+00:00
Industrial Manufacturing & Transformation,GRUPO INDUSTRIAL ESPECIALIZADA 17 S.A.B. DE C.V.,grupoindustrialesp.com,Adriana Valenzuela,Chief Executive Officer (CEO),C_SUITE,EXECUTIVE,avalenzuela@grupoindustrialesp.com,VERIFIED,85,+525356182709,2026-09-06T14:31:01.181144+00:00
Industrial Manufacturing & Transformation,GRUPO INDUSTRIAL ESPECIALIZADA 17 S.A.B. DE C.V.,grupoindustrialesp.com,Miguel Benítez,Chief Technology Officer (CTO),C_SUITE,ENGINEERING_IT,mbenítez@grupoindustrialesp.com,VERIFIED,85,+525786101429,2026-09-06T14:31:01.181144+00:00
Industrial Manufacturing & Transformation,GRUPO INDUSTRIAL DE OCCIDENTE S.C.,grupoindustrialdeo.com,Andrea Garza,Chief Executive Officer (CEO),C_SUITE,EXECUTIVE,agarza@grupoindustrialdeo.com,VERIFIED,85,+524445452607,2026-09-06T14:31:01.181144+00:00
Industrial Manufacturing & Transformation,GRUPO INDUSTRIAL DE OCCIDENTE S.C.,grupoindustrialdeo.com,Hector Morales,Chief Revenue Officer (CRO),C_SUITE,SALES_MARKETING,hmorales@grupoindustrialdeo.com.mx,VERIFIED,85,+525995254192,2026-09-06T14:31:01.181144+00:00
Industrial Manufacturing & Transformation,GRUPO INDUSTRIAL EMPRESARIAL S.C.,grupoindustrialemp.mx,Luis López,Chief Executive Officer (CEO),C_SUITE,EXECUTIVE,llópez@grupoindustrialemp.mx,VERIFIED,85,+525685845547,2026-09-06T14:31:01.181144+00:00
Industrial Manufacturing & Transformation,GRUPO INDUSTRIAL INTERNACIONAL S.A.B. DE C.V.,grupoindustrialint.mx,Gabriel López,Chief Technology Officer (CTO),C_SUITE,ENGINEERING_IT,glópez@grupoindustrialint.mx,VERIFIED,85,+526593180684,2026-09-06T14:31:01.181144+00:00
Industrial Manufacturing & Transformation,GRUPO INDUSTRIAL ESTRATEGICA S.A.P.I. DE C.V.,grupoindustrialest.mx,Mariana González,Chief Executive Officer (CEO),C_SUITE,EXECUTIVE,mgonzález@grupoindustrialest.mx,VERIFIED,85,+527160716892,2026-09-06T14:31:01.181144+00:00
Industrial Manufacturing & Transformation,GRUPO INDUSTRIAL GLOBAL 72 S.A. DE C.V.,grupoindustrialglo.com.mx,Mariana Garza,Founder,FOUNDER,EXECUTIVE,mgarza@grupoindustrialglo.com.mx,VERIFIED,85,+529884985789,2026-09-06T14:31:01.181144+00:00
Industrial Manufacturing & Transformation,GRUPO INDUSTRIAL INDUSTRIAL S. DE R.L. DE C.V.,grupoindustrialind.mx,Luis Morales,Chief Operating Officer (COO),C_SUITE,OPERATIONS,lmorales@grupoindustrialind.mx,VERIFIED,85,+524347776456,2026-09-06T14:31:01.181144+00:00
Industrial Manufacturing & Transformation,GRUPO INDUSTRIAL LATINOAMERICANA 41 S.A.P.I. DE C.V.,grupoindustriallat.com.mx,Jorge Alarcón,Chief Executive Officer (CEO),C_SUITE,EXECUTIVE,jalarcón@grupoindustriallat.com.mx,VERIFIED,85,+525479451943,2026-09-06T14:31:01.181144+00:00
Industrial Manufacturing & Transformation,GRUPO INDUSTRIAL EMPRESARIAL S.A.S.,grupoindustrialemp.com.mx,Adriana Vega,Founder,FOUNDER,EXECUTIVE,avega@grupoindustrialemp.com.mx,VERIFIED,85,+524861644121,2026-09-06T14:31:01.181144+00:00
Industrial Manufacturing & Transformation,GRUPO INDUSTRIAL EMPRESARIAL S.A.S.,grupoindustrialemp.com.mx,Adriana Hernández,Chief Technology Officer (CTO),C_SUITE,ENGINEERING_IT,ahernández@grupoindustrialemp.com.mx,VERIFIED,85,+528398192027,2026-09-06T14:31:01.181144+00:00
Industrial Manufacturing & Transformation,GRUPO INDUSTRIAL EMPRESARIAL S.A.S.,grupoindustrialemp.com.mx,Javier Villaseñor,Chief Operating Officer (COO),C_SUITE,OPERATIONS,jvillaseñor@grupoindustrialemp.com.mx,VERIFIED,85,+529367162842,2026-09-06T14:31:01.181144+00:00
Industrial Manufacturing & Transformation,GRUPO INDUSTRIAL NACIONAL S.C.,grupoindustrialnac.com,Mariana Ruiz,Chief Operating Officer (COO),C_SUITE,OPERATIONS,mruiz@grupoindustrialnac.com,VERIFIED,85,+529211421980,2026-09-06T14:31:01.181144+00:00
Industrial Manufacturing & Transformation,GRUPO INDUSTRIAL ESPECIALIZADA S.A.P.I. DE C.V.,grupoindustrialesp.mx,David Salinas,Founder,FOUNDER,EXECUTIVE,dsalinas@grupoindustrialesp.mx,VERIFIED,85,+526697650846,2026-09-06T14:31:01.181144+00:00
Industrial Manufacturing & Transformation,GRUPO INDUSTRIAL ESPECIALIZADA S.A.P.I. DE C.V.,grupoindustrialesp.mx,Guillermo Salinas,Founder,FOUNDER,EXECUTIVE,gsalinas@grupoindustrialesp.mx,VERIFIED,85,+529445636221,2026-09-06T14:31:01.181144+00:00
Industrial Manufacturing & Transformation,GRUPO INDUSTRIAL ESPECIALIZADA S.A.P.I. DE C.V.,grupoindustrialesp.mx,Claudia Castro,Founder,FOUNDER,EXECUTIVE,ccastro@grupoindustrialesp.mx,VERIFIED,85,+525014559042,2026-09-06T14:31:01.181144+00:00
Industrial Manufacturing & Transformation,GRUPO INDUSTRIAL AVANZADA S.C.,grupoindustrialava.mx,Carlos Martínez,Chief Revenue Officer (CRO),C_SUITE,SALES_MARKETING,cmartínez@grupoindustrialava.mx,VERIFIED,85,+526385484212,2026-09-06T14:31:01.181144+00:00
Industrial Manufacturing & Transformation,GRUPO INDUSTRIAL AVANZADA S.C.,grupoindustrialava.mx,Patricia Hernández,Chief Operating Officer (COO),C_SUITE,OPERATIONS,phernández@grupoindustrialava.com.mx,VERIFIED,85,+527272786608,2026-09-06T14:31:01.181144+00:00
Industrial Manufacturing & Transformation,GRUPO INDUSTRIAL LATINOAMERICANA 32 S.A.B. DE C.V.,grupoindustriallat.com,Fernando Mendoza,Chief Technology Officer (CTO),C_SUITE,ENGINEERING_IT,fmendoza@grupoindustriallat.com,VERIFIED,85,+526529303817,2026-09-06T14:31:01.181144+00:00
Industrial Manufacturing & Transformation,GRUPO INDUSTRIAL LATINOAMERICANA 32 S.A.B. DE C.V.,grupoindustriallat.com,Gabriel Alarcón,Chief Technology Officer (CTO),C_SUITE,ENGINEERING_IT,galarcón@grupoindustriallat.com,VERIFIED,85,+529633132737,2026-09-06T14:31:01.181144+00:00
Industrial Manufacturing & Transformation,GRUPO INDUSTRIAL LATINOAMERICANA 32 S.A.B. DE C.V.,grupoindustriallat.com,Eduardo Benítez,Chief Operating Officer (COO),C_SUITE,OPERATIONS,ebenítez@grupoindustriallat.com,VERIFIED,85,+528596631442,2026-09-06T14:31:01.181144+00:00
Industrial Manufacturing & Transformation,GRUPO INDUSTRIAL DEL BAJIO S.C.,grupoindustrialdel.com.mx,Gabriel Valenzuela,Chief Executive Officer (CEO),C_SUITE,EXECUTIVE,gvalenzuela@grupoindustrialdel.com.mx,VERIFIED,85,+526824699291,2026-09-06T14:31:01.181144+00:00
Industrial Manufacturing & Transformation,GRUPO INDUSTRIAL DEL BAJIO S.C.,grupoindustrialdel.com.mx,Fernando Navarro,Chief Human Resources Officer (CHRO),C_SUITE,HR_PEOPLE,fnavarro@grupoindustrialdel.com.mx,VERIFIED,85,+524320737085,2026-09-06T14:31:01.181144+00:00
Industrial Manufacturing & Transformation,GRUPO INDUSTRIAL DEL BAJIO S.C.,grupoindustrialdel.com.mx,Alejandro Mendoza,Chief Executive Officer (CEO),C_SUITE,EXECUTIVE,amendoza@grupoindustrialdel.mx,VERIFIED,85,+528412023469,2026-09-06T14:31:01.181144+00:00
Industrial Manufacturing & Transformation,GRUPO INDUSTRIAL DEL BAJIO S.C.,grupoindustrialdel.com.mx,Luis López,Chief Operating Officer (COO),C_SUITE,OPERATIONS,llópez@grupoindustrialdel.com.mx,VERIFIED,85,+528595592466,2026-09-06T14:31:01.181144+00:00
Industrial Manufacturing & Transformation,GRUPO INDUSTRIAL DEL BAJIO S.C.,grupoindustrialdel.com.mx,Adriana Morales,Chief Executive Officer (CEO),C_SUITE,EXECUTIVE,amorales@grupoindustrialdel.com.mx,VERIFIED,85,+525993092008,2026-09-06T14:31:01.181144+00:00
Industrial Manufacturing & Transformation,GRUPO INDUSTRIAL DE OCCIDENTE 89 S.A.B. DE C.V.,grupoindustrialdeo.mx,Alejandro Treviño,Chief Financial Officer (CFO),C_SUITE,FINANCE,atreviño@grupoindustrialdeo.mx,VERIFIED,85,+524789882277,2026-09-06T14:31:01.181144+00:00
Industrial Manufacturing & Transformation,GRUPO INDUSTRIAL DINAMICA S.A.S.,grupoindustrialdin.com.mx,Sofia González,Chief Technology Officer (CTO),C_SUITE,ENGINEERING_IT,sgonzález@grupoindustrialdin.com.mx,VERIFIED,85,+526095960076,2026-09-06T14:31:01.181144+00:00
Industrial Manufacturing & Transformation,GRUPO INDUSTRIAL DINAMICA S.A.S.,grupoindustrialdin.com.mx,Roberto Valenzuela,Chief Revenue Officer (CRO),C_SUITE,SALES_MARKETING,rvalenzuela@grupoindustrialdin.com.mx,VERIFIED,85,+529196585410,2026-09-06T14:31:01.181144+00:00
Industrial Manufacturing & Transformation,GRUPO INDUSTRIAL DINAMICA S.A.S.,grupoindustrialdin.com.mx,Adriana López,Chief Executive Officer (CEO),C_SUITE,EXECUTIVE,alópez@grupoindustrialdin.com.mx,VERIFIED,85,+527883827859,2026-09-06T14:31:01.181144+00:00
Industrial Manufacturing & Transformation,GRUPO INDUSTRIAL NACIONAL S.A.S.,grupoindustrialnac.mx,Roberto Hernández,Chief Executive Officer (CEO),C_SUITE,EXECUTIVE,rhernández@grupoindustrialnac.mx,VERIFIED,85,+524148973208,2026-09-06T14:31:01.181144+00:00
Industrial Manufacturing & Transformation,GRUPO INDUSTRIAL NACIONAL S.A.S.,grupoindustrialnac.mx,Gabriel Mendoza,Chief Human Resources Officer (CHRO),C_SUITE,HR_PEOPLE,gmendoza@grupoindustrialnac.mx,VERIFIED,85,+526749411951,2026-09-06T14:31:01.181144+00:00
Industrial Manufacturing & Transformation,GRUPO INDUSTRIAL INDUSTRIAL S.A. DE C.V.,grupoindustrialind.com.mx,Daniel Martínez,Chief Revenue Officer (CRO),C_SUITE,SALES_MARKETING,dmartínez@grupoindustrialind.com.mx,VERIFIED,85,+529714649538,2026-09-06T14:31:01.181144+00:00
Industrial Manufacturing & Transformation,GRUPO INDUSTRIAL INDUSTRIAL S.A. DE C.V.,grupoindustrialind.com.mx,Luis Alarcón,Chief Operating Officer (COO),C_SUITE,OPERATIONS,lalarcón@grupoindustrialind.com.mx,VERIFIED,85,+528951085019,2026-09-06T14:31:01.181144+00:00
Industrial Manufacturing & Transformation,GRUPO INDUSTRIAL INDUSTRIAL S.A. DE C.V.,grupoindustrialind.com.mx,Alejandro Valenzuela,Chief Financial Officer (CFO),C_SUITE,FINANCE,avalenzuela@grupoindustrialind.com.mx,VERIFIED,85,+525915105103,2026-09-06T14:31:01.181144+00:00
Industrial Manufacturing & Transformation,GRUPO INDUSTRIAL ESTRATEGICA S.C.,grupoindustrialest.mx,Fernando Vega,Chief Financial Officer (CFO),C_SUITE,FINANCE,fvega@grupoindustrialest.mx,VERIFIED,85,+524753536181,2026-09-06T14:31:01.181144+00:00
Industrial Manufacturing & Transformation,GRUPO INDUSTRIAL INTERNACIONAL S.A.S.,grupoindustrialint.mx,Adriana Salinas,Chief Operating Officer (COO),C_SUITE,OPERATIONS,asalinas@grupoindustrialint.mx,VERIFIED,85,+527539186818,2026-09-06T14:31:01.181144+00:00
Industrial Manufacturing & Transformation,GRUPO INDUSTRIAL INTERNACIONAL S.A.S.,grupoindustrialint.mx,Hector Martínez,Chief Financial Officer (CFO),C_SUITE,FINANCE,hmartínez@grupoindustrialint.mx,VERIFIED,85,+527520938374,2026-09-06T14:31:01.181144+00:00
Industrial Manufacturing & Transformation,GRUPO INDUSTRIAL INTERNACIONAL S.A.S.,grupoindustrialint.mx,Patricia Ruiz,Chief Executive Officer (CEO),C_SUITE,EXECUTIVE,pruiz@grupoindustrialint.mx,VERIFIED,85,+528392628801,2026-09-06T14:31:01.181144+00:00
Industrial Manufacturing & Transformation,GRUPO INDUSTRIAL ESPECIALIZADA S. DE R.L. DE C.V.,grupoindustrialesp.com,Gabriel Navarro,Chief Executive Officer (CEO),C_SUITE,EXECUTIVE,gnavarro@grupoindustrialesp.com,VERIFIED,85,+528878674997,2026-09-06T14:31:01.181144+00:00
Industrial Manufacturing & Transformation,GRUPO INDUSTRIAL ESPECIALIZADA S. DE R.L. DE C.V.,grupoindustrialesp.com,Carlos Alarcón,Chief Human Resources Officer (CHRO),C_SUITE,HR_PEOPLE,calarcón@grupoindustrialesp.com,VERIFIED,85,+529638766627,2026-09-06T14:31:01.181144+00:00
Industrial Manufacturing & Transformation,GRUPO INDUSTRIAL ESPECIALIZADA S.A. DE C.V.,grupoindustrialesp.com.mx,Rodrigo González,Chief Human Resources Officer (CHRO),C_SUITE,HR_PEOPLE,rgonzález@grupoindustrialesp.com.mx,VERIFIED,85,+526191812375,2026-09-06T14:31:01.181144+00:00
Industrial Manufacturing & Transformation,GRUPO INDUSTRIAL ESPECIALIZADA S.A. DE C.V.,grupoindustrialesp.com.mx,Fernando Salinas,Chief Financial Officer (CFO),C_SUITE,FINANCE,fsalinas@grupoindustrialesp.com.mx,VERIFIED,85,+527773991524,2026-09-06T14:31:01.181144+00:00
Industrial Manufacturing & Transformation,GRUPO INDUSTRIAL INTERNACIONAL S.C.,grupoindustrialint.com.mx,Sofia Dominguez,Chief Human Resources Officer (CHRO),C_SUITE,HR_PEOPLE,sdominguez@grupoindustrialint.com.mx,VERIFIED,85,+528531143162,2026-09-06T14:31:01.181144+00:00
Industrial Manufacturing & Transformation,GRUPO INDUSTRIAL ESTRATEGICA S.A.B. DE C.V.,grupoindustrialest.com.mx,Roberto López,Chief Executive Officer (CEO),C_SUITE,EXECUTIVE,rlópez@grupoindustrialest.com.mx,VERIFIED,85,+529733640074,2026-09-06T14:31:01.181144+00:00
Industrial Manufacturing & Transformation,GRUPO INDUSTRIAL ESTRATEGICA S.A.B. DE C.V.,grupoindustrialest.com.mx,Patricia Ruiz,Chief Operating Officer (COO),C_SUITE,OPERATIONS,pruiz@grupoindustrialest.com.mx,VERIFIED,85,+524142572889,2026-09-06T14:31:01.181144+00:00
Industrial Manufacturing & Transformation,GRUPO INDUSTRIAL GLOBAL S.A.B. DE C.V.,grupoindustrialglo.com,Sofia Valenzuela,Chief Revenue Officer (CRO),C_SUITE,SALES_MARKETING,svalenzuela@grupoindustrialglo.com,VERIFIED,85,+529015762199,2026-09-06T14:31:01.181144+00:00
Industrial Manufacturing & Transformation,GRUPO INDUSTRIAL DEL NORTE S.A. DE C.V.,grupoindustrialdel.com,Jorge Vega,Chief Revenue Officer (CRO),C_SUITE,SALES_MARKETING,jvega@grupoindustrialdel.com,VERIFIED,85,+527212926094,2026-09-06T14:31:01.181144+00:00
Industrial Manufacturing & Transformation,GRUPO INDUSTRIAL DEL NORTE S.A. DE C.V.,grupoindustrialdel.com,Claudia Hernández,Chief Executive Officer (CEO),C_SUITE,EXECUTIVE,chernández@grupoindustrialdel.com,VERIFIED,85,+529157828315,2026-09-06T14:31:01.181144+00:00
Industrial Manufacturing & Transformation,GRUPO INDUSTRIAL DEL NORTE S.A. DE C.V.,grupoindustrialdel.com,Sofia Navarro,Chief Human Resources Officer (CHRO),C_SUITE,HR_PEOPLE,snavarro@grupoindustrialdel.com,VERIFIED,85,+528462608543,2026-09-06T14:31:01.181144+00:00
Industrial Manufacturing & Transformation,GRUPO INDUSTRIAL DEL NORTE S.A. DE C.V.,grupoindustrialdel.com,Adriana Villaseñor,Chief Executive Officer (CEO),C_SUITE,EXECUTIVE,avillaseñor@grupoindustrialdel.com,VERIFIED,85,+526143796569,2026-09-06T14:31:01.181144+00:00
Industrial Manufacturing & Transformation,GRUPO INDUSTRIAL DEL NORTE S.A. DE C.V.,grupoindustrialdel.com,Fernando Treviño,Chief Human Resources Officer (CHRO),C_SUITE,HR_PEOPLE,ftreviño@grupoindustrialdel.com,VERIFIED,85,+526036718233,2026-09-06T14:31:01.181144+00:00
Industrial Manufacturing & Transformation,GRUPO INDUSTRIAL DEL NORTE S.A. DE C.V.,grupoindustrialdel.com,Javier Valenzuela,Founder,FOUNDER,EXECUTIVE,jvalenzuela@grupoindustrialdel.com,VERIFIED,85,+528519094306,2026-09-06T14:31:01.181144+00:00
Industrial Manufacturing & Transformation,GRUPO INDUSTRIAL DEL NORTE S.A. DE C.V.,grupoindustrialdel.com,Claudia López,Chief Operating Officer (COO),C_SUITE,OPERATIONS,clópez@grupoindustrialdel.com,VERIFIED,85,+525030225373,2026-09-06T14:31:01.181144+00:00
Industrial Manufacturing & Transformation,GRUPO INDUSTRIAL DEL NORTE S.A. DE C.V.,grupoindustrialdel.com,Hector Martínez,Chief Technology Officer (CTO),C_SUITE,ENGINEERING_IT,hmartínez@grupoindustrialdel.mx,VERIFIED,85,+525368214630,2026-09-06T14:31:01.181144+00:00
Industrial Manufacturing & Transformation,GRUPO INDUSTRIAL DEL NORTE S.A. DE C.V.,grupoindustrialdel.com,Andrea Hernández,Chief Revenue Officer (CRO),C_SUITE,SALES_MARKETING,ahernández@grupoindustrialdel.com,VERIFIED,85,+527024767557,2026-09-06T14:31:01.181144+00:00
Industrial Manufacturing & Transformation,GRUPO INDUSTRIAL DEL NORTE S.A. DE C.V.,grupoindustrialdel.com,Mariana Valenzuela,Chief Executive Officer (CEO),C_SUITE,EXECUTIVE,mvalenzuela@grupoindustrialdel.com,VERIFIED,85,+526255091653,2026-09-06T14:31:01.181144+00:00
Industrial Manufacturing & Transformation,GRUPO INDUSTRIAL DEL NORTE S.A. DE C.V.,grupoindustrialdel.com,Luis Villaseñor,Chief Financial Officer (CFO),C_SUITE,FINANCE,lvillaseñor@grupoindustrialdel.com,VERIFIED,85,+526172066636,2026-09-06T14:31:01.181144+00:00
Industrial Manufacturing & Transformation,GRUPO INDUSTRIAL MEXICANA S.A.B. DE C.V.,grupoindustrialmex.com,Luis Castro,Chief Revenue Officer (CRO),C_SUITE,SALES_MARKETING,lcastro@grupoindustrialmex.com,VERIFIED,85,+527863196297,2026-09-06T14:31:01.181144+00:00
Industrial Manufacturing & Transformation,GRUPO INDUSTRIAL MEXICANA S.A.B. DE C.V.,grupoindustrialmex.com,Fernando Alarcón,Chief Operating Officer (COO),C_SUITE,OPERATIONS,falarcón@grupoindustrialmex.com.mx,VERIFIED,85,+524185417928,2026-09-06T14:31:01.181144+00:00
Industrial Manufacturing & Transformation,GRUPO INDUSTRIAL DINAMICA S.C.,grupoindustrialdin.mx,Fernando Treviño,Chief Human Resources Officer (CHRO),C_SUITE,HR_PEOPLE,ftreviño@grupoindustrialdin.mx,VERIFIED,85,+527099791947,2026-09-06T14:31:01.181144+00:00
Industrial Manufacturing & Transformation,GRUPO INDUSTRIAL DINAMICA S.C.,grupoindustrialdin.mx,Gabriel Benítez,Chief Executive Officer (CEO),C_SUITE,EXECUTIVE,gbenítez@grupoindustrialdin.mx,VERIFIED,85,+525656566141,2026-09-06T14:31:01.181144+00:00
Industrial Manufacturing & Transformation,GRUPO INDUSTRIAL DEL CENTRO S.C.,grupoindustrialdel.mx,Luis Garza,Chief Financial Officer (CFO),C_SUITE,FINANCE,lgarza@grupoindustrialdel.mx,VERIFIED,85,+527518566900,2026-09-06T14:31:01.181144+00:00
Industrial Manufacturing & Transformation,GRUPO INDUSTRIAL DEL CENTRO S.C.,grupoindustrialdel.mx,Daniel Morales,Chief Technology Officer (CTO),C_SUITE,ENGINEERING_IT,dmorales@grupoindustrialdel.mx,VERIFIED,85,+525460451970,2026-09-06T14:31:01.181144+00:00
Industrial Manufacturing & Transformation,GRUPO INDUSTRIAL DEL CENTRO S.C.,grupoindustrialdel.mx,Javier Mendoza,Chief Executive Officer (CEO),C_SUITE,EXECUTIVE,jmendoza@grupoindustrialdel.mx,VERIFIED,85,+524363686118,2026-09-06T14:31:01.181144+00:00
Industrial Manufacturing & Transformation,GRUPO INDUSTRIAL DEL CENTRO S.C.,grupoindustrialdel.mx,Hector González,Chief Technology Officer (CTO),C_SUITE,ENGINEERING_IT,hgonzález@grupoindustrialdel.mx,VERIFIED,85,+524896634887,2026-09-06T14:31:01.181144+00:00
Industrial Manufacturing & Transformation,GRUPO INDUSTRIAL DEL CENTRO S.C.,grupoindustrialdel.mx,Luis García,Chief Financial Officer (CFO),C_SUITE,FINANCE,lgarcía@grupoindustrialdel.mx,VERIFIED,85,+527546061138,2026-09-06T14:31:01.181144+00:00
Industrial Manufacturing & Transformation,GRUPO INDUSTRIAL DINAMICA S.A.S.,grupoindustrialdin.com,Javier Alarcón,Chief Executive Officer (CEO),C_SUITE,EXECUTIVE,jalarcón@grupoindustrialdin.com,VERIFIED,85,+526817133282,2026-09-06T14:31:01.181144+00:00
Industrial Manufacturing & Transformation,GRUPO INDUSTRIAL DINAMICA S.A.S.,grupoindustrialdin.com,Claudia Dominguez,Chief Executive Officer (CEO),C_SUITE,EXECUTIVE,cdominguez@grupoindustrialdin.com,VERIFIED,85,+527764394332,2026-09-06T14:31:01.181144+00:00
Industrial Manufacturing & Transformation,GRUPO INDUSTRIAL LATINOAMERICANA S.A.B. DE C.V.,grupoindustriallat.com.mx,Mariana Villaseñor,Chief Executive Officer (CEO),C_SUITE,EXECUTIVE,mvillaseñor@grupoindustriallat.com.mx,VERIFIED,85,+528789738771,2026-09-06T14:31:01.181144+00:00
Industrial Manufacturing & Transformation,GRUPO INDUSTRIAL MODERNA S.A.P.I. DE C.V.,grupoindustrialmod.mx,Mariana Martínez,Chief Executive Officer (CEO),C_SUITE,EXECUTIVE,mmartínez@grupoindustrialmod.mx,VERIFIED,85,+524595175918,2026-09-06T14:31:01.181144+00:00
Industrial Manufacturing & Transformation,GRUPO INDUSTRIAL GLOBAL S.A.S.,grupoindustrialglo.mx,Andrea Morales,Founder,FOUNDER,EXECUTIVE,amorales@grupoindustrialglo.mx,VERIFIED,85,+525898836672,2026-09-06T14:31:01.181144+00:00
Industrial Manufacturing & Transformation,GRUPO INDUSTRIAL GLOBAL S.A.S.,grupoindustrialglo.mx,Daniel Alarcón,Chief Executive Officer (CEO),C_SUITE,EXECUTIVE,dalarcón@grupoindustrialglo.mx,VERIFIED,85,+524410806142,2026-09-06T14:31:01.181144+00:00
Industrial Manufacturing & Transformation,GRUPO INDUSTRIAL GLOBAL S.A.S.,grupoindustrialglo.mx,Miguel Mendoza,Chief Financial Officer (CFO),C_SUITE,FINANCE,mmendoza@grupoindustrialglo.mx,VERIFIED,85,+525573228424,2026-09-06T14:31:01.181144+00:00
Industrial Manufacturing & Transformation,GRUPO INDUSTRIAL MODERNA S.A.S.,grupoindustrialmod.com.mx,Hector Castro,Chief Executive Officer (CEO),C_SUITE,EXECUTIVE,hcastro@grupoindustrialmod.com.mx,VERIFIED,85,+527168080665,2026-09-06T14:31:01.181144+00:00
Industrial Manufacturing & Transformation,GRUPO INDUSTRIAL DE OCCIDENTE 66 S.C.,grupoindustrialdeo.com.mx,Hector Salinas,Chief Revenue Officer (CRO),C_SUITE,SALES_MARKETING,hsalinas@grupoindustrialdeo.com.mx,VERIFIED,85,+529918075658,2026-09-06T14:31:01.181144+00:00
Industrial Manufacturing & Transformation,GRUPO INDUSTRIAL AVANZADA S. DE R.L. DE C.V.,grupoindustrialava.com.mx,Claudia Mendoza,Chief Executive Officer (CEO),C_SUITE,EXECUTIVE,cmendoza@grupoindustrialava.com.mx,VERIFIED,85,+524897880011,2026-09-06T14:31:01.181144+00:00
Industrial Manufacturing & Transformation,GRUPO INDUSTRIAL AVANZADA S. DE R.L. DE C.V.,grupoindustrialava.com.mx,Eduardo Morales,Chief Financial Officer (CFO),C_SUITE,FINANCE,emorales@grupoindustrialava.com.mx,VERIFIED,85,+526556379500,2026-09-06T14:31:01.181144+00:00
Industrial Manufacturing & Transformation,GRUPO INDUSTRIAL INTERNACIONAL S.A.S.,grupoindustrialint.com,Daniel Navarro,Chief Executive Officer (CEO),C_SUITE,EXECUTIVE,dnavarro@grupoindustrialint.com,VERIFIED,85,+529698587233,2026-09-06T14:31:01.181144+00:00
Industrial Manufacturing & Transformation,GRUPO INDUSTRIAL INDUSTRIAL S.A.P.I. DE C.V.,grupoindustrialind.mx,Daniel Vega,Chief Operating Officer (COO),C_SUITE,OPERATIONS,dvega@grupoindustrialind.mx,VERIFIED,85,+528579594842,2026-09-06T14:31:01.181144+00:00
Industrial Manufacturing & Transformation,GRUPO INDUSTRIAL CENTRAL S.A.S.,grupoindustrialcen.com,Carlos Martínez,Chief Human Resources Officer (CHRO),C_SUITE,HR_PEOPLE,cmartínez@grupoindustrialcen.com,VERIFIED,85,+529069254511,2026-09-06T14:31:01.181144+00:00
Industrial Manufacturing & Transformation,GRUPO INDUSTRIAL MEXICANA S.A. DE C.V.,grupoindustrialmex.mx,Mariana Castro,Chief Operating Officer (COO),C_SUITE,OPERATIONS,mcastro@grupoindustrialmex.mx,VERIFIED,85,+528689214375,2026-09-06T14:31:01.181144+00:00
Industrial Manufacturing & Transformation,GRUPO INDUSTRIAL CENTRAL S.C.,grupoindustrialcen.mx,David Dominguez,Chief Operating Officer (COO),C_SUITE,OPERATIONS,ddominguez@grupoindustrialcen.mx,VERIFIED,85,+529462070917,2026-09-06T14:31:01.181144+00:00
Industrial Manufacturing & Transformation,GRUPO INDUSTRIAL EMPRESARIAL S.A.B. DE C.V.,grupoindustrialemp.mx,Claudia Mendoza,Chief Operating Officer (COO),C_SUITE,OPERATIONS,cmendoza@grupoindustrialemp.mx,VERIFIED,85,+524469347499,2026-09-06T14:31:01.181144+00:00
Industrial Manufacturing & Transformation,GRUPO INDUSTRIAL EMPRESARIAL S.A.B. DE C.V.,grupoindustrialemp.mx,Javier Salinas,Chief Financial Officer (CFO),C_SUITE,FINANCE,jsalinas@grupoindustrialemp.mx,VERIFIED,85,+528376133705,2026-09-06T14:31:01.181144+00:00
Industrial Manufacturing & Transformation,GRUPO INDUSTRIAL MODERNA S.A.P.I. DE C.V.,grupoindustrialmod.com.mx,Eduardo Villaseñor,Chief Executive Officer (CEO),C_SUITE,EXECUTIVE,evillaseñor@grupoindustrialmod.com.mx,VERIFIED,85,+524069735907,2026-09-06T14:31:01.185153+00:00
Industrial Manufacturing & Transformation,GRUPO INDUSTRIAL MODERNA S.A.P.I. DE C.V.,grupoindustrialmod.com.mx,Gabriel Martínez,Founder,FOUNDER,EXECUTIVE,gmartínez@grupoindustrialmod.com.mx,VERIFIED,85,+529831003216,2026-09-06T14:31:01.185153+00:00
Industrial Manufacturing & Transformation,GRUPO INDUSTRIAL MODERNA S.A.P.I. DE C.V.,grupoindustrialmod.com.mx,Daniel Castro,Chief Human Resources Officer (CHRO),C_SUITE,HR_PEOPLE,dcastro@grupoindustrialmod.com.mx,VERIFIED,85,+524569287656,2026-09-06T14:31:01.185153+00:00
Industrial Manufacturing & Transformation,GRUPO INDUSTRIAL MODERNA S.A.P.I. DE C.V.,grupoindustrialmod.com.mx,Patricia Hernández,Chief Revenue Officer (CRO),C_SUITE,SALES_MARKETING,phernández@grupoindustrialmod.com.mx,VERIFIED,85,+525786820159,2026-09-06T14:31:01.185153+00:00
Industrial Manufacturing & Transformation,GRUPO INDUSTRIAL ESPECIALIZADA S.A.S.,grupoindustrialesp.mx,Hector Castro,Chief Operating Officer (COO),C_SUITE,OPERATIONS,hcastro@grupoindustrialesp.mx,VERIFIED,85,+527777419739,2026-09-06T14:31:01.185153+00:00
Industrial Manufacturing & Transformation,GRUPO INDUSTRIAL DEL PACIFICO S.C.,grupoindustrialdel.mx,Patricia Benítez,Chief Human Resources Officer (CHRO),C_SUITE,HR_PEOPLE,pbenítez@grupoindustrialdel.mx,VERIFIED,85,+528052213388,2026-09-06T14:31:01.185153+00:00
Industrial Manufacturing & Transformation,GRUPO INDUSTRIAL DEL PACIFICO S.C.,grupoindustrialdel.mx,Hector Benítez,Chief Financial Officer (CFO),C_SUITE,FINANCE,hbenítez@grupoindustrialdel.mx,VERIFIED,85,+529241254380,2026-09-06T14:31:01.185153+00:00
Industrial Manufacturing & Transformation,GRUPO INDUSTRIAL DEL PACIFICO S.C.,grupoindustrialdel.mx,Guillermo Valenzuela,Chief Executive Officer (CEO),C_SUITE,EXECUTIVE,gvalenzuela@grupoindustrialdel.mx,VERIFIED,85,+527083105571,2026-09-06T14:31:01.185153+00:00
Industrial Manufacturing & Transformation,GRUPO INDUSTRIAL DEL PACIFICO S.C.,grupoindustrialdel.mx,Alejandro Valenzuela,Chief Executive Officer (CEO),C_SUITE,EXECUTIVE,avalenzuela@grupoindustrialdel.com.mx,VERIFIED,85,+524183061309,2026-09-06T14:31:01.185153+00:00
Industrial Manufacturing & Transformation,GRUPO INDUSTRIAL DEL PACIFICO S.C.,grupoindustrialdel.mx,Gabriel Dominguez,Chief Executive Officer (CEO),C_SUITE,EXECUTIVE,gdominguez@grupoindustrialdel.mx,VERIFIED,85,+526214248132,2026-09-06T14:31:01.185153+00:00
Industrial Manufacturing & Transformation,GRUPO INDUSTRIAL DEL PACIFICO S.C.,grupoindustrialdel.mx,Miguel Mendoza,Founder,FOUNDER,EXECUTIVE,mmendoza@grupoindustrialdel.mx,VERIFIED,85,+524651150524,2026-09-06T14:31:01.185153+00:00
Industrial Manufacturing & Transformation,GRUPO INDUSTRIAL DEL PACIFICO S.C.,grupoindustrialdel.mx,Jorge Villaseñor,Chief Operating Officer (COO),C_SUITE,OPERATIONS,jvillaseñor@grupoindustrialdel.mx,VERIFIED,85,+527662970285,2026-09-06T14:31:01.185153+00:00
Industrial Manufacturing & Transformation,GRUPO INDUSTRIAL DEL PACIFICO S.C.,grupoindustrialdel.mx,Rodrigo Vega,Chief Human Resources Officer (CHRO),C_SUITE,HR_PEOPLE,rvega@grupoindustrialdel.mx,VERIFIED,85,+525713878330,2026-09-06T14:31:01.185153+00:00
Industrial Manufacturing & Transformation,GRUPO INDUSTRIAL ESTRATEGICA S.A. DE C.V.,grupoindustrialest.mx,Adriana Castro,Founder,FOUNDER,EXECUTIVE,acastro@grupoindustrialest.mx,VERIFIED,85,+529127527691,2026-09-06T14:31:01.185153+00:00
Industrial Manufacturing & Transformation,GRUPO INDUSTRIAL MEXICANA S.A.P.I. DE C.V.,grupoindustrialmex.com,David Alarcón,Chief Human Resources Officer (CHRO),C_SUITE,HR_PEOPLE,dalarcón@grupoindustrialmex.com,VERIFIED,85,+529536765077,2026-09-06T14:31:01.185153+00:00
Industrial Manufacturing & Transformation,GRUPO INDUSTRIAL MEXICANA S.A.P.I. DE C.V.,grupoindustrialmex.com,Guillermo Vega,Chief Executive Officer (CEO),C_SUITE,EXECUTIVE,gvega@grupoindustrialmex.com,VERIFIED,85,+529373416752,2026-09-06T14:31:01.185153+00:00
Industrial Manufacturing & Transformation,GRUPO INDUSTRIAL GLOBAL S.A.P.I. DE C.V.,grupoindustrialglo.com,Patricia García,Founder,FOUNDER,EXECUTIVE,pgarcía@grupoindustrialglo.com,VERIFIED,85,+527785849278,2026-09-06T14:31:01.185153+00:00
Industrial Manufacturing & Transformation,GRUPO INDUSTRIAL GLOBAL S.A.P.I. DE C.V.,grupoindustrialglo.com,Guillermo Vega,Chief Financial Officer (CFO),C_SUITE,FINANCE,gvega@grupoindustrialglo.com.mx,VERIFIED,85,+527744195204,2026-09-06T14:31:01.185153+00:00
Industrial Manufacturing & Transformation,GRUPO INDUSTRIAL GLOBAL S.A.P.I. DE C.V.,grupoindustrialglo.com,Hector Benítez,Chief Revenue Officer (CRO),C_SUITE,SALES_MARKETING,hbenítez@grupoindustrialglo.com,VERIFIED,85,+528583657836,2026-09-06T14:31:01.185153+00:00
Industrial Manufacturing & Transformation,GRUPO INDUSTRIAL AVANZADA S.A.B. DE C.V.,grupoindustrialava.mx,Mariana Salinas,Founder,FOUNDER,EXECUTIVE,msalinas@grupoindustrialava.mx,VERIFIED,85,+527144737546,2026-09-06T14:31:01.185153+00:00
Industrial Manufacturing & Transformation,GRUPO INDUSTRIAL GLOBAL 43 S.C.,grupoindustrialglo.com.mx,Roberto García,Chief Financial Officer (CFO),C_SUITE,FINANCE,rgarcía@grupoindustrialglo.com.mx,VERIFIED,85,+528988618305,2026-09-06T14:31:01.185153+00:00
Industrial Manufacturing & Transformation,GRUPO INDUSTRIAL GLOBAL 43 S.C.,grupoindustrialglo.com.mx,Andrea Hernández,Chief Technology Officer (CTO),C_SUITE,ENGINEERING_IT,ahernández@grupoindustrialglo.com.mx,VERIFIED,85,+525831667042,2026-09-06T14:31:01.185153+00:00
Industrial Manufacturing & Transformation,GRUPO INDUSTRIAL DEL PACIFICO S.A. DE C.V.,grupoindustrialdel.com.mx,Gabriel Martínez,Chief Revenue Officer (CRO),C_SUITE,SALES_MARKETING,gmartínez@grupoindustrialdel.com.mx,VERIFIED,85,+524952772447,2026-09-06T14:31:01.185153+00:00
Industrial Manufacturing & Transformation,GRUPO INDUSTRIAL DEL PACIFICO S.A. DE C.V.,grupoindustrialdel.com.mx,Luis Ruiz,Chief Revenue Officer (CRO),C_SUITE,SALES_MARKETING,lruiz@grupoindustrialdel.com.mx,VERIFIED,85,+525122582281,2026-09-06T14:31:01.185153+00:00
Industrial Manufacturing & Transformation,GRUPO INDUSTRIAL DEL PACIFICO S.A. DE C.V.,grupoindustrialdel.com.mx,Javier Garza,Chief Financial Officer (CFO),C_SUITE,FINANCE,jgarza@grupoindustrialdel.com.mx,VERIFIED,85,+528785625916,2026-09-06T14:31:01.185153+00:00
Industrial Manufacturing & Transformation,GRUPO INDUSTRIAL DEL PACIFICO S.A. DE C.V.,grupoindustrialdel.com.mx,Rodrigo García,Chief Operating Officer (COO),C_SUITE,OPERATIONS,rgarcía@grupoindustrialdel.com.mx,VERIFIED,85,+526620897262,2026-09-06T14:31:01.185153+00:00
Industrial Manufacturing & Transformation,GRUPO INDUSTRIAL DEL PACIFICO S.A. DE C.V.,grupoindustrialdel.com.mx,Eduardo Morales,Founder,FOUNDER,EXECUTIVE,emorales@grupoindustrialdel.com.mx,VERIFIED,85,+524349770716,2026-09-06T14:31:01.185153+00:00
Industrial Manufacturing & Transformation,GRUPO INDUSTRIAL DEL PACIFICO S.A. DE C.V.,grupoindustrialdel.com.mx,Fernando Garza,Chief Executive Officer (CEO),C_SUITE,EXECUTIVE,fgarza@grupoindustrialdel.com.mx,VERIFIED,85,+524544240790,2026-09-06T14:31:01.185153+00:00
Industrial Manufacturing & Transformation,GRUPO INDUSTRIAL NACIONAL S.C.,grupoindustrialnac.com.mx,Fernando Villaseñor,Chief Human Resources Officer (CHRO),C_SUITE,HR_PEOPLE,fvillaseñor@grupoindustrialnac.com.mx,VERIFIED,85,+529878553556,2026-09-06T14:31:01.185153+00:00
Industrial Manufacturing & Transformation,GRUPO INDUSTRIAL DEL CENTRO S.A. DE C.V.,grupoindustrialdel.com,Daniel Martínez,Chief Technology Officer (CTO),C_SUITE,ENGINEERING_IT,dmartínez@grupoindustrialdel.com,VERIFIED,85,+524633011874,2026-09-06T14:31:01.185153+00:00
Industrial Manufacturing & Transformation,GRUPO INDUSTRIAL DEL CENTRO S.A. DE C.V.,grupoindustrialdel.com,Fernando González,Founder,FOUNDER,EXECUTIVE,fgonzález@grupoindustrialdel.com,VERIFIED,85,+529763058537,2026-09-06T14:31:01.185153+00:00
Industrial Manufacturing & Transformation,GRUPO INDUSTRIAL DEL CENTRO S.A. DE C.V.,grupoindustrialdel.com,David Salinas,Chief Executive Officer (CEO),C_SUITE,EXECUTIVE,dsalinas@grupoindustrialdel.com,VERIFIED,85,+529594982457,2026-09-06T14:31:01.185153+00:00
Industrial Manufacturing & Transformation,GRUPO INDUSTRIAL DEL CENTRO S.A. DE C.V.,grupoindustrialdel.com,Guillermo López,Chief Revenue Officer (CRO),C_SUITE,SALES_MARKETING,glópez@grupoindustrialdel.com,VERIFIED,85,+528420478593,2026-09-06T14:31:01.185153+00:00
Industrial Manufacturing & Transformation,GRUPO INDUSTRIAL INDUSTRIAL 35 S.A.P.I. DE C.V.,grupoindustrialind.com.mx,Sofia Ruiz,Chief Executive Officer (CEO),C_SUITE,EXECUTIVE,sruiz@grupoindustrialind.com.mx,VERIFIED,85,+524926921011,2026-09-06T14:31:01.185153+00:00
Industrial Manufacturing & Transformation,GRUPO INDUSTRIAL INDUSTRIAL 35 S.A.P.I. DE C.V.,grupoindustrialind.com.mx,Mariana Alarcón,Chief Financial Officer (CFO),C_SUITE,FINANCE,malarcón@grupoindustrialind.com.mx,VERIFIED,85,+529593313131,2026-09-06T14:31:01.185153+00:00
Industrial Manufacturing & Transformation,GRUPO INDUSTRIAL LATINOAMERICANA S.A.P.I. DE C.V.,grupoindustriallat.com,Carlos Mendoza,Chief Technology Officer (CTO),C_SUITE,ENGINEERING_IT,cmendoza@grupoindustriallat.com,VERIFIED,85,+528447216920,2026-09-06T14:31:01.185153+00:00
Industrial Manufacturing & Transformation,GRUPO INDUSTRIAL MEXICANA 81 S.A.P.I. DE C.V.,grupoindustrialmex.com.mx,Hector Alarcón,Chief Executive Officer (CEO),C_SUITE,EXECUTIVE,halarcón@grupoindustrialmex.com.mx,VERIFIED,85,+525993509473,2026-09-06T14:31:01.185153+00:00
Industrial Manufacturing & Transformation,GRUPO INDUSTRIAL INTEGRAL S.C.,grupoindustrialint.com.mx,Carlos Hernández,Chief Executive Officer (CEO),C_SUITE,EXECUTIVE,chernández@grupoindustrialint.com.mx,VERIFIED,85,+526041171528,2026-09-06T14:31:01.185153+00:00
Industrial Manufacturing & Transformation,GRUPO INDUSTRIAL INTEGRAL S.C.,grupoindustrialint.com.mx,Guillermo Treviño,Chief Executive Officer (CEO),C_SUITE,EXECUTIVE,gtreviño@grupoindustrialint.com.mx,VERIFIED,85,+525830340373,2026-09-06T14:31:01.185153+00:00
Industrial Manufacturing & Transformation,GRUPO INDUSTRIAL INTEGRAL S.C.,grupoindustrialint.com.mx,Luis Benítez,Chief Financial Officer (CFO),C_SUITE,FINANCE,lbenítez@grupoindustrialint.com.mx,VERIFIED,85,+527882924726,2026-09-06T14:31:01.185153+00:00
Industrial Manufacturing & Transformation,GRUPO INDUSTRIAL INTEGRAL S.C.,grupoindustrialint.com.mx,Rodrigo Hernández,Chief Financial Officer (CFO),C_SUITE,FINANCE,rhernández@grupoindustrialint.com.mx,VERIFIED,85,+527581608125,2026-09-06T14:31:01.185153+00:00
Industrial Manufacturing & Transformation,GRUPO INDUSTRIAL ESTRATEGICA 82 S.A.S.,grupoindustrialest.com.mx,Daniel Ruiz,Chief Human Resources Officer (CHRO),C_SUITE,HR_PEOPLE,druiz@grupoindustrialest.com.mx,VERIFIED,85,+525461487986,2026-09-06T14:31:01.185153+00:00
Industrial Manufacturing & Transformation,GRUPO INDUSTRIAL CENTRAL S. DE R.L. DE C.V.,grupoindustrialcen.com.mx,Alejandro Hernández,Chief Executive Officer (CEO),C_SUITE,EXECUTIVE,ahernández@grupoindustrialcen.com.mx,VERIFIED,85,+528031888402,2026-09-06T14:31:01.185153+00:00
Industrial Manufacturing & Transformation,GRUPO INDUSTRIAL DE OCCIDENTE 52 S.A.B. DE C.V.,grupoindustrialdeo.com,Hector Vega,Founder,FOUNDER,EXECUTIVE,hvega@grupoindustrialdeo.com,VERIFIED,85,+529696112521,2026-09-06T14:31:01.185153+00:00
Industrial Manufacturing & Transformation,GRUPO INDUSTRIAL CENTRAL S. DE R.L. DE C.V.,grupoindustrialcen.mx,Alejandro Castro,Chief Human Resources Officer (CHRO),C_SUITE,HR_PEOPLE,acastro@grupoindustrialcen.mx,VERIFIED,85,+524941737707,2026-09-06T14:31:01.185153+00:00
Industrial Manufacturing & Transformation,GRUPO INDUSTRIAL CENTRAL S. DE R.L. DE C.V.,grupoindustrialcen.mx,Carlos Salinas,Founder,FOUNDER,EXECUTIVE,csalinas@grupoindustrialcen.mx,VERIFIED,85,+526033748569,2026-09-06T14:31:01.185153+00:00
Industrial Manufacturing & Transformation,GRUPO INDUSTRIAL CENTRAL S. DE R.L. DE C.V.,grupoindustrialcen.mx,Javier González,Chief Revenue Officer (CRO),C_SUITE,SALES_MARKETING,jgonzález@grupoindustrialcen.com,VERIFIED,85,+528614228174,2026-09-06T14:31:01.185153+00:00
Industrial Manufacturing & Transformation,GRUPO INDUSTRIAL AVANZADA 13 S.A.B. DE C.V.,grupoindustrialava.com.mx,Eduardo Treviño,Founder,FOUNDER,EXECUTIVE,etreviño@grupoindustrialava.com.mx,VERIFIED,85,+528566478369,2026-09-06T14:31:01.185153+00:00
Industrial Manufacturing & Transformation,GRUPO INDUSTRIAL GLOBAL S.A. DE C.V.,grupoindustrialglo.mx,Roberto Navarro,Chief Executive Officer (CEO),C_SUITE,EXECUTIVE,rnavarro@grupoindustrialglo.mx,VERIFIED,85,+525615455424,2026-09-06T14:31:01.185153+00:00
Industrial Manufacturing & Transformation,GRUPO INDUSTRIAL DINAMICA S.A.P.I. DE C.V.,grupoindustrialdin.mx,Gabriel García,Chief Financial Officer (CFO),C_SUITE,FINANCE,ggarcía@grupoindustrialdin.mx,VERIFIED,85,+529176856897,2026-09-06T14:31:01.185153+00:00
Industrial Manufacturing & Transformation,GRUPO INDUSTRIAL EMPRESARIAL S.A.S.,grupoindustrialemp.com,Roberto Morales,Chief Executive Officer (CEO),C_SUITE,EXECUTIVE,rmorales@grupoindustrialemp.com,VERIFIED,85,+524168204607,2026-09-06T14:31:01.185153+00:00
Industrial Manufacturing & Transformation,GRUPO INDUSTRIAL EMPRESARIAL S.A.S.,grupoindustrialemp.com,Daniel Mendoza,Chief Executive Officer (CEO),C_SUITE,EXECUTIVE,dmendoza@grupoindustrialemp.com,VERIFIED,85,+525362074598,2026-09-06T14:31:01.185153+00:00
Industrial Manufacturing & Transformation,GRUPO INDUSTRIAL INTEGRAL 31 S.A.S.,grupoindustrialint.com,Hector Valenzuela,Chief Revenue Officer (CRO),C_SUITE,SALES_MARKETING,hvalenzuela@grupoindustrialint.com,VERIFIED,85,+526698419070,2026-09-06T14:31:01.185153+00:00
Industrial Manufacturing & Transformation,GRUPO INDUSTRIAL EMPRESARIAL S.A.P.I. DE C.V.,grupoindustrialemp.com.mx,David Villaseñor,Founder,FOUNDER,EXECUTIVE,dvillaseñor@grupoindustrialemp.com.mx,VERIFIED,85,+524566956640,2026-09-06T14:31:01.185153+00:00
Industrial Manufacturing & Transformation,GRUPO INDUSTRIAL MEXICANA S.A.S.,grupoindustrialmex.mx,Patricia Villaseñor,Founder,FOUNDER,EXECUTIVE,pvillaseñor@grupoindustrialmex.mx,VERIFIED,85,+526861294653,2026-09-06T14:31:01.185153+00:00
Industrial Manufacturing & Transformation,GRUPO INDUSTRIAL INTERNACIONAL 71 S. DE R.L. DE C.V.,grupoindustrialint.mx,Roberto Castro,Chief Technology Officer (CTO),C_SUITE,ENGINEERING_IT,rcastro@grupoindustrialint.mx,VERIFIED,85,+527015980214,2026-09-06T14:31:01.185153+00:00
Industrial Manufacturing & Transformation,GRUPO INDUSTRIAL INTERNACIONAL 71 S. DE R.L. DE C.V.,grupoindustrialint.mx,Rodrigo Martínez,Chief Operating Officer (COO),C_SUITE,OPERATIONS,rmartínez@grupoindustrialint.mx,VERIFIED,85,+524730167392,2026-09-06T14:31:01.185153+00:00
Industrial Manufacturing & Transformation,GRUPO INDUSTRIAL ESPECIALIZADA 80 S.A.S.,grupoindustrialesp.com.mx,Hector Valenzuela,Chief Technology Officer (CTO),C_SUITE,ENGINEERING_IT,hvalenzuela@grupoindustrialesp.com.mx,VERIFIED,85,+529980925996,2026-09-06T14:31:01.185153+00:00
Industrial Manufacturing & Transformation,GRUPO INDUSTRIAL MODERNA S.A.S.,grupoindustrialmod.com,Adriana Salinas,Chief Technology Officer (CTO),C_SUITE,ENGINEERING_IT,asalinas@grupoindustrialmod.com,VERIFIED,85,+525366033225,2026-09-06T14:31:01.185153+00:00
Industrial Manufacturing & Transformation,GRUPO INDUSTRIAL MODERNA S.A.S.,grupoindustrialmod.com,Alejandro Castro,Chief Executive Officer (CEO),C_SUITE,EXECUTIVE,acastro@grupoindustrialmod.com,VERIFIED,85,+527669493679,2026-09-06T14:31:01.185153+00:00
Industrial Manufacturing & Transformation,GRUPO INDUSTRIAL MODERNA S.C.,grupoindustrialmod.mx,Sofia Treviño,Chief Operating Officer (COO),C_SUITE,OPERATIONS,streviño@grupoindustrialmod.mx,VERIFIED,85,+524251868047,2026-09-06T14:31:01.185153+00:00
Industrial Manufacturing & Transformation,GRUPO INDUSTRIAL INDUSTRIAL S.A.P.I. DE C.V.,grupoindustrialind.com,Mariana Alarcón,Chief Technology Officer (CTO),C_SUITE,ENGINEERING_IT,malarcón@grupoindustrialind.com,VERIFIED,85,+529054184980,2026-09-06T14:31:01.185153+00:00
Industrial Manufacturing & Transformation,TRANSFORMADORA INDUSTRIAL S.C.,transformadoraindu.com.mx,Adriana Benítez,Chief Financial Officer (CFO),C_SUITE,FINANCE,abenítez@transformadoraindu.com.mx,VERIFIED,85,+527896989409,2026-09-06T14:31:01.187157+00:00
Industrial Manufacturing & Transformation,TRANSFORMADORA INDUSTRIAL S.C.,transformadoraindu.com.mx,Guillermo Ruiz,Chief Executive Officer (CEO),C_SUITE,EXECUTIVE,gruiz@transformadoraindu.com,VERIFIED,85,+528765860356,2026-09-06T14:31:01.187157+00:00
Industrial Manufacturing & Transformation,TRANSFORMADORA INDUSTRIAL S.A. DE C.V.,transformadoraindu.com,Roberto Vega,Chief Executive Officer (CEO),C_SUITE,EXECUTIVE,rvega@transformadoraindu.com,VERIFIED,85,+525680366336,2026-09-06T14:31:01.187157+00:00
Industrial Manufacturing & Transformation,TRANSFORMADORA INDUSTRIAL S.A.S.,transformadoraindu.mx,Eduardo Villaseñor,Founder,FOUNDER,EXECUTIVE,evillaseñor@transformadoraindu.mx,VERIFIED,85,+528488115919,2026-09-06T14:31:01.187157+00:00
Industrial Manufacturing & Transformation,TRANSFORMADORA LATINOAMERICANA S.A.B. DE C.V.,transformadoralati.com,Carlos Garza,Chief Executive Officer (CEO),C_SUITE,EXECUTIVE,cgarza@transformadoralati.com,VERIFIED,85,+525862197212,2026-09-06T14:31:01.188901+00:00
Industrial Manufacturing & Transformation,TRANSFORMADORA LATINOAMERICANA S.A.B. DE C.V.,transformadoralati.com,Mariana Martínez,Chief Revenue Officer (CRO),C_SUITE,SALES_MARKETING,mmartínez@transformadoralati.mx,VERIFIED,85,+529228395753,2026-09-06T14:31:01.188901+00:00
Industrial Manufacturing & Transformation,TRANSFORMADORA LATINOAMERICANA S.A.B. DE C.V.,transformadoralati.com,Andrea López,Founder,FOUNDER,EXECUTIVE,alópez@transformadoralati.com.mx,VERIFIED,85,+527121556269,2026-09-06T14:31:01.188901+00:00
Industrial Manufacturing & Transformation,TRANSFORMADORA LATINOAMERICANA S.A.B. DE C.V.,transformadoralati.com,Roberto Castro,Founder,FOUNDER,EXECUTIVE,rcastro@transformadoralati.com,VERIFIED,85,+526196286743,2026-09-06T14:31:01.188901+00:00
Industrial Manufacturing & Transformation,TRANSFORMADORA LATINOAMERICANA S. DE R.L. DE C.V.,transformadoralati.com.mx,David Ruiz,Chief Operating Officer (COO),C_SUITE,OPERATIONS,druiz@transformadoralati.com.mx,VERIFIED,85,+528778648018,2026-09-06T14:31:01.188901+00:00
Industrial Manufacturing & Transformation,TRANSFORMADORA MEXICANA S.C.,transformadoramexi.com.mx,Miguel Treviño,Chief Financial Officer (CFO),C_SUITE,FINANCE,mtreviño@transformadoramexi.com.mx,VERIFIED,85,+529811296536,2026-09-06T14:31:01.190904+00:00
Industrial Manufacturing & Transformation,TRANSFORMADORA MEXICANA S.C.,transformadoramexi.com.mx,Guillermo López,Chief Revenue Officer (CRO),C_SUITE,SALES_MARKETING,glópez@transformadoramexi.com.mx,VERIFIED,85,+524548989571,2026-09-06T14:31:01.190904+00:00
Industrial Manufacturing & Transformation,TRANSFORMADORA MEXICANA S.C.,transformadoramexi.com.mx,Alejandro Castro,Founder,FOUNDER,EXECUTIVE,acastro@transformadoramexi.com.mx,VERIFIED,85,+525669018227,2026-09-06T14:31:01.190904+00:00
Industrial Manufacturing & Transformation,TRANSFORMADORA MEXICANA S.A.P.I. DE C.V.,transformadoramexi.mx,Alejandro Villaseñor,Founder,FOUNDER,EXECUTIVE,avillaseñor@transformadoramexi.mx,VERIFIED,85,+526592016053,2026-09-06T14:31:01.191907+00:00
Industrial Manufacturing & Transformation,TRANSFORMADORA MEXICANA S. DE R.L. DE C.V.,transformadoramexi.com,Daniel Martínez,Chief Human Resources Officer (CHRO),C_SUITE,HR_PEOPLE,dmartínez@transformadoramexi.com,VERIFIED,85,+526763680564,2026-09-06T14:31:01.191907+00:00
Industrial Manufacturing & Transformation,TRANSFORMADORA LATINOAMERICANA S. DE R.L. DE C.V.,transformadoralati.com.mx,Alejandro Alarcón,Chief Financial Officer (CFO),C_SUITE,FINANCE,aalarcón@transformadoralati.com.mx,VERIFIED,85,+529747875764,2026-09-06T14:31:01.195111+00:00
Industrial Manufacturing & Transformation,TRANSFORMADORA LATINOAMERICANA S. DE R.L. DE C.V.,transformadoralati.com.mx,David Martínez,Chief Technology Officer (CTO),C_SUITE,ENGINEERING_IT,dmartínez@transformadoralati.mx,VERIFIED,85,+524195658365,2026-09-06T14:31:01.195111+00:00
Industrial Manufacturing & Transformation,TRANSFORMADORA LATINOAMERICANA S.C.,transformadoralati.com,Fernando López,Chief Technology Officer (CTO),C_SUITE,ENGINEERING_IT,flópez@transformadoralati.com,VERIFIED,85,+527355169074,2026-09-06T14:31:01.195111+00:00
Industrial Manufacturing & Transformation,GRUPO INDUSTRIAL AVANZADA S.A.P.I. DE C.V.,grupoindustrialava.com.mx,Jorge Morales,Chief Financial Officer (CFO),C_SUITE,FINANCE,jmorales@grupoindustrialava.com.mx,VERIFIED,85,+526126932609,2026-09-06T14:31:01.197115+00:00
Industrial Manufacturing & Transformation,GRUPO INDUSTRIAL AVANZADA S.A.P.I. DE C.V.,grupoindustrialava.com.mx,Luis López,Chief Revenue Officer (CRO),C_SUITE,SALES_MARKETING,llópez@grupoindustrialava.com.mx,VERIFIED,85,+525530497517,2026-09-06T14:31:01.197115+00:00
Industrial Manufacturing & Transformation,GRUPO INDUSTRIAL AVANZADA S.A.P.I. DE C.V.,grupoindustrialava.com.mx,Rodrigo Hernández,Chief Revenue Officer (CRO),C_SUITE,SALES_MARKETING,rhernández@grupoindustrialava.com.mx,VERIFIED,85,+526790761361,2026-09-06T14:31:01.197115+00:00
Industrial Manufacturing & Transformation,GRUPO INDUSTRIAL AVANZADA S.A.P.I. DE C.V.,grupoindustrialava.com.mx,Mariana Vega,Chief Technology Officer (CTO),C_SUITE,ENGINEERING_IT,mvega@grupoindustrialava.com.mx,VERIFIED,85,+529433522576,2026-09-06T14:31:01.197115+00:00
Industrial Manufacturing & Transformation,GRUPO INDUSTRIAL NACIONAL S.A. DE C.V.,grupoindustrialnac.mx,Gabriel Salinas,Chief Human Resources Officer (CHRO),C_SUITE,HR_PEOPLE,gsalinas@grupoindustrialnac.mx,VERIFIED,85,+524719048143,2026-09-06T14:31:01.197115+00:00
Industrial Manufacturing & Transformation,GRUPO INDUSTRIAL NACIONAL S.A. DE C.V.,grupoindustrialnac.mx,Gabriel Ruiz,Chief Human Resources Officer (CHRO),C_SUITE,HR_PEOPLE,gruiz@grupoindustrialnac.com,VERIFIED,85,+527315708577,2026-09-06T14:31:01.197115+00:00
Industrial Manufacturing & Transformation,GRUPO INDUSTRIAL MEXICANA S.A. DE C.V.,grupoindustrialmex.com,Jorge Treviño,Chief Executive Officer (CEO),C_SUITE,EXECUTIVE,jtreviño@grupoindustrialmex.com,VERIFIED,85,+524293297194,2026-09-06T14:31:01.197115+00:00
Industrial Manufacturing & Transformation,GRUPO INDUSTRIAL MEXICANA S.A. DE C.V.,grupoindustrialmex.com,Eduardo Valenzuela,Chief Revenue Officer (CRO),C_SUITE,SALES_MARKETING,evalenzuela@grupoindustrialmex.com,VERIFIED,85,+525714413944,2026-09-06T14:31:01.197115+00:00
Industrial Manufacturing & Transformation,GRUPO INDUSTRIAL MEXICANA S.A. DE C.V.,grupoindustrialmex.com,Sofia López,Chief Operating Officer (COO),C_SUITE,OPERATIONS,slópez@grupoindustrialmex.mx,VERIFIED,85,+525364770872,2026-09-06T14:31:01.197115+00:00
Industrial Manufacturing & Transformation,GRUPO INDUSTRIAL MEXICANA 40 S.A.B. DE C.V.,grupoindustrialmex.com.mx,Mariana Mendoza,Chief Executive Officer (CEO),C_SUITE,EXECUTIVE,mmendoza@grupoindustrialmex.com.mx,VERIFIED,85,+529289063077,2026-09-06T14:31:01.197115+00:00
Industrial Manufacturing & Transformation,GRUPO INDUSTRIAL MEXICANA S.A.S.,grupoindustrialmex.mx,Luis Navarro,Chief Human Resources Officer (CHRO),C_SUITE,HR_PEOPLE,lnavarro@grupoindustrialmex.mx,VERIFIED,85,+525895154740,2026-09-06T14:31:01.197115+00:00
Industrial Manufacturing & Transformation,GRUPO INDUSTRIAL MEXICANA S.A.S.,grupoindustrialmex.mx,Roberto Ruiz,Chief Revenue Officer (CRO),C_SUITE,SALES_MARKETING,rruiz@grupoindustrialmex.mx,VERIFIED,85,+526748015065,2026-09-06T14:31:01.197115+00:00
Industrial Manufacturing & Transformation,GRUPO INDUSTRIAL INTERNACIONAL S.A.P.I. DE C.V.,grupoindustrialint.mx,Daniel Benítez,Chief Human Resources Officer (CHRO),C_SUITE,HR_PEOPLE,dbenítez@grupoindustrialint.mx,VERIFIED,85,+526968470366,2026-09-06T14:31:01.197115+00:00
Industrial Manufacturing & Transformation,GRUPO INDUSTRIAL INTERNACIONAL S.A.P.I. DE C.V.,grupoindustrialint.mx,Daniel Dominguez,Chief Financial Officer (CFO),C_SUITE,FINANCE,ddominguez@grupoindustrialint.mx,VERIFIED,85,+528691086122,2026-09-06T14:31:01.197115+00:00
Industrial Manufacturing & Transformation,GRUPO INDUSTRIAL GLOBAL S.A.B. DE C.V.,grupoindustrialglo.com.mx,Fernando Ruiz,Chief Financial Officer (CFO),C_SUITE,FINANCE,fruiz@grupoindustrialglo.com.mx,VERIFIED,85,+528073120702,2026-09-06T14:31:01.197115+00:00
Industrial Manufacturing & Transformation,GRUPO INDUSTRIAL GLOBAL S.A.B. DE C.V.,grupoindustrialglo.com.mx,Gabriel Benítez,Chief Financial Officer (CFO),C_SUITE,FINANCE,gbenítez@grupoindustrialglo.com.mx,VERIFIED,85,+528611120100,2026-09-06T14:31:01.197115+00:00
Industrial Manufacturing & Transformation,GRUPO INDUSTRIAL GLOBAL S.A.B. DE C.V.,grupoindustrialglo.com.mx,Mariana García,Chief Executive Officer (CEO),C_SUITE,EXECUTIVE,mgarcía@grupoindustrialglo.com.mx,VERIFIED,85,+528193609811,2026-09-06T14:31:01.197115+00:00
Industrial Manufacturing & Transformation,GRUPO INDUSTRIAL LATINOAMERICANA S. DE R.L. DE C.V.,grupoindustriallat.com,Gabriel Benítez,Chief Technology Officer (CTO),C_SUITE,ENGINEERING_IT,gbenítez@grupoindustriallat.com,VERIFIED,85,+528674727797,2026-09-06T14:31:01.197115+00:00
Industrial Manufacturing & Transformation,GRUPO INDUSTRIAL EMPRESARIAL S.A.B. DE C.V.,grupoindustrialemp.com,Sofia Treviño,Chief Technology Officer (CTO),C_SUITE,ENGINEERING_IT,streviño@grupoindustrialemp.com,VERIFIED,85,+528114942890,2026-09-06T14:31:01.197115+00:00
Industrial Manufacturing & Transformation,GRUPO INDUSTRIAL NACIONAL 3 S.A. DE C.V.,grupoindustrialnac.com.mx,David López,Chief Technology Officer (CTO),C_SUITE,ENGINEERING_IT,dlópez@grupoindustrialnac.com.mx,VERIFIED,85,+524164849840,2026-09-06T14:31:01.197115+00:00
Industrial Manufacturing & Transformation,GRUPO INDUSTRIAL NACIONAL 3 S.A. DE C.V.,grupoindustrialnac.com.mx,Mariana Salinas,Chief Executive Officer (CEO),C_SUITE,EXECUTIVE,msalinas@grupoindustrialnac.com.mx,VERIFIED,85,+525120627635,2026-09-06T14:31:01.197115+00:00
Industrial Manufacturing & Transformation,GRUPO INDUSTRIAL NACIONAL 3 S.A. DE C.V.,grupoindustrialnac.com.mx,Javier Martínez,Chief Operating Officer (COO),C_SUITE,OPERATIONS,jmartínez@grupoindustrialnac.com.mx,VERIFIED,85,+526275702238,2026-09-06T14:31:01.197115+00:00
Industrial Manufacturing & Transformation,GRUPO INDUSTRIAL INDUSTRIAL S.C.,grupoindustrialind.com,Adriana Martínez,Chief Operating Officer (COO),C_SUITE,OPERATIONS,amartínez@grupoindustrialind.com,VERIFIED,85,+529053963464,2026-09-06T14:31:01.197115+00:00
Industrial Manufacturing & Transformation,GRUPO INDUSTRIAL INDUSTRIAL S.C.,grupoindustrialind.com,Andrea Garza,Chief Operating Officer (COO),C_SUITE,OPERATIONS,agarza@grupoindustrialind.com,VERIFIED,85,+526425509085,2026-09-06T14:31:01.197115+00:00
Industrial Manufacturing & Transformation,GRUPO INDUSTRIAL DE LAS AMERICAS S.A.S.,grupoindustrialdel.mx,Javier Villaseñor,Chief Revenue Officer (CRO),C_SUITE,SALES_MARKETING,jvillaseñor@grupoindustrialdel.mx,VERIFIED,85,+528564970909,2026-09-06T14:31:01.197115+00:00
Industrial Manufacturing & Transformation,GRUPO INDUSTRIAL DE LAS AMERICAS S.A.S.,grupoindustrialdel.mx,David Vega,Chief Executive Officer (CEO),C_SUITE,EXECUTIVE,dvega@grupoindustrialdel.mx,VERIFIED,85,+527122933590,2026-09-06T14:31:01.197115+00:00
Industrial Manufacturing & Transformation,GRUPO INDUSTRIAL DE LAS AMERICAS S.A.S.,grupoindustrialdel.mx,Luis Martínez,Chief Technology Officer (CTO),C_SUITE,ENGINEERING_IT,lmartínez@grupoindustrialdel.mx,VERIFIED,85,+529990773837,2026-09-06T14:31:01.197115+00:00
Industrial Manufacturing & Transformation,GRUPO INDUSTRIAL DE LAS AMERICAS S.A.S.,grupoindustrialdel.mx,Carlos Navarro,Chief Human Resources Officer (CHRO),C_SUITE,HR_PEOPLE,cnavarro@grupoindustrialdel.mx,VERIFIED,85,+524564463390,2026-09-06T14:31:01.197115+00:00
Industrial Manufacturing & Transformation,GRUPO INDUSTRIAL DE LAS AMERICAS S.A.S.,grupoindustrialdel.mx,Miguel Villaseñor,Founder,FOUNDER,EXECUTIVE,mvillaseñor@grupoindustrialdel.mx,VERIFIED,85,+525770046123,2026-09-06T14:31:01.197115+00:00
Industrial Manufacturing & Transformation,GRUPO INDUSTRIAL DE LAS AMERICAS S.A.S.,grupoindustrialdel.mx,Andrea López,Chief Human Resources Officer (CHRO),C_SUITE,HR_PEOPLE,alópez@grupoindustrialdel.mx,VERIFIED,85,+527155180200,2026-09-06T14:31:01.197115+00:00
Industrial Manufacturing & Transformation,GRUPO INDUSTRIAL MODERNA S.A. DE C.V.,grupoindustrialmod.mx,Hector López,Founder,FOUNDER,EXECUTIVE,hlópez@grupoindustrialmod.mx,VERIFIED,85,+527167732096,2026-09-06T14:31:01.197115+00:00
Industrial Manufacturing & Transformation,GRUPO INDUSTRIAL MODERNA S.A. DE C.V.,grupoindustrialmod.mx,Luis Salinas,Chief Technology Officer (CTO),C_SUITE,ENGINEERING_IT,lsalinas@grupoindustrialmod.com,VERIFIED,85,+529510100411,2026-09-06T14:31:01.197115+00:00
Industrial Manufacturing & Transformation,GRUPO INDUSTRIAL MODERNA S.A. DE C.V.,grupoindustrialmod.mx,Daniel Navarro,Founder,FOUNDER,EXECUTIVE,dnavarro@grupoindustrialmod.mx,VERIFIED,85,+526469312678,2026-09-06T14:31:01.197115+00:00
Industrial Manufacturing & Transformation,GRUPO INDUSTRIAL DE OCCIDENTE S.C.,grupoindustrialdeo.com.mx,Claudia Dominguez,Chief Executive Officer (CEO),C_SUITE,EXECUTIVE,cdominguez@grupoindustrialdeo.com.mx,VERIFIED,85,+524347748191,2026-09-06T14:31:01.197115+00:00
Industrial Manufacturing & Transformation,GRUPO INDUSTRIAL ESTRATEGICA S.A.P.I. DE C.V.,grupoindustrialest.com.mx,Fernando García,Chief Human Resources Officer (CHRO),C_SUITE,HR_PEOPLE,fgarcía@grupoindustrialest.com.mx,VERIFIED,85,+528257044340,2026-09-06T14:31:01.197115+00:00
Industrial Manufacturing & Transformation,GRUPO INDUSTRIAL ESTRATEGICA S.A.P.I. DE C.V.,grupoindustrialest.com.mx,Fernando Valenzuela,Chief Operating Officer (COO),C_SUITE,OPERATIONS,fvalenzuela@grupoindustrialest.mx,VERIFIED,85,+525017173311,2026-09-06T14:31:01.197115+00:00
Industrial Manufacturing & Transformation,GRUPO INDUSTRIAL EMPRESARIAL S.A.S.,grupoindustrialemp.com.mx,David Vega,Chief Executive Officer (CEO),C_SUITE,EXECUTIVE,dvega@grupoindustrialemp.com.mx,VERIFIED,85,+528576094228,2026-09-06T14:31:01.197115+00:00
Industrial Manufacturing & Transformation,GRUPO INDUSTRIAL EMPRESARIAL S.A.S.,grupoindustrialemp.com.mx,David Salinas,Chief Executive Officer (CEO),C_SUITE,EXECUTIVE,dsalinas@grupoindustrialemp.com.mx,VERIFIED,85,+529987007137,2026-09-06T14:31:01.197115+00:00
Industrial Manufacturing & Transformation,GRUPO INDUSTRIAL EMPRESARIAL S.A.S.,grupoindustrialemp.com.mx,Mariana Benítez,Chief Revenue Officer (CRO),C_SUITE,SALES_MARKETING,mbenítez@grupoindustrialemp.com.mx,VERIFIED,85,+526766606850,2026-09-06T14:31:01.197115+00:00
Industrial Manufacturing & Transformation,GRUPO INDUSTRIAL EMPRESARIAL S.A.S.,grupoindustrialemp.com.mx,Roberto Ruiz,Chief Revenue Officer (CRO),C_SUITE,SALES_MARKETING,rruiz@grupoindustrialemp.mx,VERIFIED,85,+526914078592,2026-09-06T14:31:01.197115+00:00
Industrial Manufacturing & Transformation,GRUPO INDUSTRIAL GLOBAL S. DE R.L. DE C.V.,grupoindustrialglo.mx,Guillermo López,Chief Financial Officer (CFO),C_SUITE,FINANCE,glópez@grupoindustrialglo.mx,VERIFIED,85,+528051938033,2026-09-06T14:31:01.197115+00:00
Industrial Manufacturing & Transformation,GRUPO INDUSTRIAL GLOBAL S. DE R.L. DE C.V.,grupoindustrialglo.mx,Gabriel López,Chief Financial Officer (CFO),C_SUITE,FINANCE,glópez@grupoindustrialglo.mx,VERIFIED,85,+526826648005,2026-09-06T14:31:01.197115+00:00
Industrial Manufacturing & Transformation,GRUPO INDUSTRIAL DINAMICA 32 S.A.P.I. DE C.V.,grupoindustrialdin.com,Andrea López,Chief Executive Officer (CEO),C_SUITE,EXECUTIVE,alópez@grupoindustrialdin.com,VERIFIED,85,+528823518949,2026-09-06T14:31:01.197115+00:00
Industrial Manufacturing & Transformation,GRUPO INDUSTRIAL DINAMICA 32 S.A.P.I. DE C.V.,grupoindustrialdin.com,Javier López,Chief Human Resources Officer (CHRO),C_SUITE,HR_PEOPLE,jlópez@grupoindustrialdin.com,VERIFIED,85,+527730536236,2026-09-06T14:31:01.197115+00:00
Industrial Manufacturing & Transformation,GRUPO INDUSTRIAL CENTRAL S. DE R.L. DE C.V.,grupoindustrialcen.com.mx,Patricia Dominguez,Chief Executive Officer (CEO),C_SUITE,EXECUTIVE,pdominguez@grupoindustrialcen.com.mx,VERIFIED,85,+528259921766,2026-09-06T14:31:01.197115+00:00
Industrial Manufacturing & Transformation,GRUPO INDUSTRIAL CENTRAL S. DE R.L. DE C.V.,grupoindustrialcen.com.mx,Roberto Vega,Chief Executive Officer (CEO),C_SUITE,EXECUTIVE,rvega@grupoindustrialcen.com.mx,VERIFIED,85,+524510705223,2026-09-06T14:31:01.197115+00:00
Industrial Manufacturing & Transformation,GRUPO INDUSTRIAL CENTRAL S.A. DE C.V.,grupoindustrialcen.mx,Rodrigo Villaseñor,Chief Executive Officer (CEO),C_SUITE,EXECUTIVE,rvillaseñor@grupoindustrialcen.mx,VERIFIED,85,+524174782151,2026-09-06T14:31:01.197115+00:00
Industrial Manufacturing & Transformation,GRUPO INDUSTRIAL CENTRAL S.A. DE C.V.,grupoindustrialcen.mx,Andrea López,Founder,FOUNDER,EXECUTIVE,alópez@grupoindustrialcen.mx,VERIFIED,85,+526799987369,2026-09-06T14:31:01.197115+00:00
Industrial Manufacturing & Transformation,GRUPO INDUSTRIAL DEL NORTE S.A.S.,grupoindustrialdel.com.mx,Adriana Ruiz,Chief Human Resources Officer (CHRO),C_SUITE,HR_PEOPLE,aruiz@grupoindustrialdel.com.mx,VERIFIED,85,+525685998895,2026-09-06T14:31:01.197115+00:00
Industrial Manufacturing & Transformation,GRUPO INDUSTRIAL DEL NORTE S.A.S.,grupoindustrialdel.com.mx,Daniel Navarro,Chief Executive Officer (CEO),C_SUITE,EXECUTIVE,dnavarro@grupoindustrialdel.com.mx,VERIFIED,85,+527187984315,2026-09-06T14:31:01.197115+00:00
Industrial Manufacturing & Transformation,GRUPO INDUSTRIAL DEL NORTE S.A.S.,grupoindustrialdel.com.mx,Adriana Morales,Chief Human Resources Officer (CHRO),C_SUITE,HR_PEOPLE,amorales@grupoindustrialdel.com.mx,VERIFIED,85,+525121440337,2026-09-06T14:31:01.197115+00:00
Industrial Manufacturing & Transformation,GRUPO INDUSTRIAL DEL NORTE S.A.S.,grupoindustrialdel.com.mx,Rodrigo Morales,Chief Technology Officer (CTO),C_SUITE,ENGINEERING_IT,rmorales@grupoindustrialdel.com.mx,VERIFIED,85,+525917513057,2026-09-06T14:31:01.197115+00:00
Industrial Manufacturing & Transformation,GRUPO INDUSTRIAL DEL NORTE S.A.S.,grupoindustrialdel.com.mx,Daniel González,Chief Financial Officer (CFO),C_SUITE,FINANCE,dgonzález@grupoindustrialdel.com.mx,VERIFIED,85,+526436773937,2026-09-06T14:31:01.197115+00:00
Industrial Manufacturing & Transformation,GRUPO INDUSTRIAL DEL NORTE S.A. DE C.V.,grupoindustrialdel.com,Jorge Garza,Chief Technology Officer (CTO),C_SUITE,ENGINEERING_IT,jgarza@grupoindustrialdel.com,VERIFIED,85,+524060446206,2026-09-06T14:31:01.197115+00:00
Industrial Manufacturing & Transformation,GRUPO INDUSTRIAL DEL NORTE S.A. DE C.V.,grupoindustrialdel.com,Roberto Dominguez,Chief Executive Officer (CEO),C_SUITE,EXECUTIVE,rdominguez@grupoindustrialdel.com,VERIFIED,85,+528417734003,2026-09-06T14:31:01.197115+00:00
Industrial Manufacturing & Transformation,GRUPO INDUSTRIAL ESPECIALIZADA S.A.P.I. DE C.V.,grupoindustrialesp.mx,Eduardo Castro,Chief Executive Officer (CEO),C_SUITE,EXECUTIVE,ecastro@grupoindustrialesp.mx,VERIFIED,85,+529234255154,2026-09-06T14:31:01.197115+00:00
Industrial Manufacturing & Transformation,GRUPO INDUSTRIAL ESPECIALIZADA S.A. DE C.V.,grupoindustrialesp.com.mx,Rodrigo Treviño,Chief Executive Officer (CEO),C_SUITE,EXECUTIVE,rtreviño@grupoindustrialesp.com.mx,VERIFIED,85,+525379897089,2026-09-06T14:31:01.197115+00:00
Industrial Manufacturing & Transformation,GRUPO INDUSTRIAL ESPECIALIZADA S.A. DE C.V.,grupoindustrialesp.com.mx,Andrea Martínez,Chief Executive Officer (CEO),C_SUITE,EXECUTIVE,amartínez@grupoindustrialesp.com,VERIFIED,85,+524064410593,2026-09-06T14:31:01.197115+00:00
Industrial Manufacturing & Transformation,GRUPO INDUSTRIAL GLOBAL S.A.P.I. DE C.V.,grupoindustrialglo.com,Mariana Villaseñor,Chief Executive Officer (CEO),C_SUITE,EXECUTIVE,mvillaseñor@grupoindustrialglo.com,VERIFIED,85,+524613009590,2026-09-06T14:31:01.197115+00:00
Industrial Manufacturing & Transformation,GRUPO INDUSTRIAL NACIONAL S.A. DE C.V.,grupoindustrialnac.com,Roberto Ruiz,Chief Executive Officer (CEO),C_SUITE,EXECUTIVE,rruiz@grupoindustrialnac.com,VERIFIED,85,+524193823103,2026-09-06T14:31:01.197115+00:00
Industrial Manufacturing & Transformation,GRUPO INDUSTRIAL AVANZADA 9 S.C.,grupoindustrialava.mx,Sofia Benítez,Founder,FOUNDER,EXECUTIVE,sbenítez@grupoindustrialava.mx,VERIFIED,85,+527117198660,2026-09-06T14:31:01.197115+00:00
Industrial Manufacturing & Transformation,GRUPO INDUSTRIAL AVANZADA 9 S.C.,grupoindustrialava.mx,Miguel Treviño,Chief Human Resources Officer (CHRO),C_SUITE,HR_PEOPLE,mtreviño@grupoindustrialava.mx,VERIFIED,85,+529851631748,2026-09-06T14:31:01.197115+00:00
Industrial Manufacturing & Transformation,GRUPO INDUSTRIAL INTEGRAL S.A.P.I. DE C.V.,grupoindustrialint.com,Hector Mendoza,Chief Operating Officer (COO),C_SUITE,OPERATIONS,hmendoza@grupoindustrialint.com,VERIFIED,85,+526545606496,2026-09-06T14:31:01.197115+00:00
Industrial Manufacturing & Transformation,GRUPO INDUSTRIAL ESTRATEGICA S.A.B. DE C.V.,grupoindustrialest.com,Guillermo Salinas,Chief Human Resources Officer (CHRO),C_SUITE,HR_PEOPLE,gsalinas@grupoindustrialest.com,VERIFIED,85,+525216360491,2026-09-06T14:31:01.197115+00:00
Industrial Manufacturing & Transformation,GRUPO INDUSTRIAL MODERNA S.A.S.,grupoindustrialmod.com.mx,Guillermo González,Chief Financial Officer (CFO),C_SUITE,FINANCE,ggonzález@grupoindustrialmod.com.mx,VERIFIED,85,+525928113416,2026-09-06T14:31:01.197115+00:00
Industrial Manufacturing & Transformation,TRANSFORMADORA NACIONAL S.A.B. DE C.V.,transformadoranaci.com.mx,Daniel Salinas,Chief Operating Officer (COO),C_SUITE,OPERATIONS,dsalinas@transformadoranaci.com.mx,VERIFIED,85,+525028633533,2026-09-06T14:31:01.199119+00:00
Industrial Manufacturing & Transformation,TRANSFORMADORA NACIONAL S.A.B. DE C.V.,transformadoranaci.com.mx,Hector Alarcón,Chief Technology Officer (CTO),C_SUITE,ENGINEERING_IT,halarcón@transformadoranaci.com.mx,VERIFIED,85,+525320515457,2026-09-06T14:31:01.199119+00:00
Industrial Manufacturing & Transformation,TRANSFORMADORA NACIONAL S.A.B. DE C.V.,transformadoranaci.com.mx,Javier Martínez,Chief Revenue Officer (CRO),C_SUITE,SALES_MARKETING,jmartínez@transformadoranaci.com.mx,VERIFIED,85,+528923974310,2026-09-06T14:31:01.199119+00:00
Industrial Manufacturing & Transformation,TRANSFORMADORA NACIONAL S.A.B. DE C.V.,transformadoranaci.com.mx,Fernando Treviño,Chief Executive Officer (CEO),C_SUITE,EXECUTIVE,ftreviño@transformadoranaci.mx,VERIFIED,85,+529457980217,2026-09-06T14:31:01.199119+00:00
Industrial Manufacturing & Transformation,TRANSFORMADORA NACIONAL S.A. DE C.V.,transformadoranaci.com,Patricia Alarcón,Chief Financial Officer (CFO),C_SUITE,FINANCE,palarcón@transformadoranaci.com,VERIFIED,85,+526537653130,2026-09-06T14:31:01.199119+00:00
Industrial Manufacturing & Transformation,TRANSFORMADORA NACIONAL S.A.B. DE C.V.,transformadoranaci.mx,Adriana Vega,Chief Technology Officer (CTO),C_SUITE,ENGINEERING_IT,avega@transformadoranaci.mx,VERIFIED,85,+526516464659,2026-09-06T14:31:01.199119+00:00
Industrial Manufacturing & Transformation,TRANSFORMADORA DEL NORTE S.A.B. DE C.V.,transformadoradeln.com.mx,Patricia Mendoza,Chief Operating Officer (COO),C_SUITE,OPERATIONS,pmendoza@transformadoradeln.com.mx,VERIFIED,85,+528864112851,2026-09-06T14:31:01.201123+00:00
Industrial Manufacturing & Transformation,TRANSFORMADORA DEL CENTRO S.A.S.,transformadoradelc.com.mx,Gabriel López,Chief Financial Officer (CFO),C_SUITE,FINANCE,glópez@transformadoradelc.com.mx,VERIFIED,85,+527388944755,2026-09-06T14:31:01.201123+00:00
Industrial Manufacturing & Transformation,TRANSFORMADORA DEL CENTRO S.A.S.,transformadoradelc.com,Patricia Dominguez,Chief Executive Officer (CEO),C_SUITE,EXECUTIVE,pdominguez@transformadoradelc.com,VERIFIED,85,+524340558686,2026-09-06T14:31:01.201123+00:00
Industrial Manufacturing & Transformation,TRANSFORMADORA DEL CENTRO S.A.S.,transformadoradelc.com,David Vega,Chief Revenue Officer (CRO),C_SUITE,SALES_MARKETING,dvega@transformadoradelc.com,VERIFIED,85,+525825790399,2026-09-06T14:31:01.201123+00:00
Industrial Manufacturing & Transformation,TRANSFORMADORA DEL CENTRO S.A.B. DE C.V.,transformadoradelc.mx,Jorge Navarro,Founder,FOUNDER,EXECUTIVE,jnavarro@transformadoradelc.mx,VERIFIED,85,+525457809743,2026-09-06T14:31:01.201123+00:00
Industrial Manufacturing & Transformation,TRANSFORMADORA DEL CENTRO S.A.B. DE C.V.,transformadoradelc.mx,Adriana Valenzuela,Chief Executive Officer (CEO),C_SUITE,EXECUTIVE,avalenzuela@transformadoradelc.mx,VERIFIED,85,+526985469303,2026-09-06T14:31:01.201123+00:00
Industrial Manufacturing & Transformation,TRANSFORMADORA DEL BAJIO S.C.,transformadoradelb.com,Sofia López,Chief Human Resources Officer (CHRO),C_SUITE,HR_PEOPLE,slópez@transformadoradelb.com,VERIFIED,85,+527441658869,2026-09-06T14:31:01.201123+00:00
Industrial Manufacturing & Transformation,TRANSFORMADORA DEL BAJIO S.C.,transformadoradelb.com,Daniel Mendoza,Chief Executive Officer (CEO),C_SUITE,EXECUTIVE,dmendoza@transformadoradelb.com.mx,VERIFIED,85,+527254849732,2026-09-06T14:31:01.201123+00:00
Industrial Manufacturing & Transformation,TRANSFORMADORA DEL BAJIO S.C.,transformadoradelb.com,Patricia Mendoza,Founder,FOUNDER,EXECUTIVE,pmendoza@transformadoradelb.com,VERIFIED,85,+528830067354,2026-09-06T14:31:01.201123+00:00
Industrial Manufacturing & Transformation,TRANSFORMADORA DEL BAJIO S.C.,transformadoradelb.com,Guillermo Morales,Chief Executive Officer (CEO),C_SUITE,EXECUTIVE,gmorales@transformadoradelb.com.mx,VERIFIED,85,+524286218467,2026-09-06T14:31:01.201123+00:00
Industrial Manufacturing & Transformation,TRANSFORMADORA DEL BAJIO 14 S.A.P.I. DE C.V.,transformadoradelb.com.mx,Sofia López,Chief Executive Officer (CEO),C_SUITE,EXECUTIVE,slópez@transformadoradelb.com.mx,VERIFIED,85,+527210528354,2026-09-06T14:31:01.201123+00:00
Industrial Manufacturing & Transformation,TRANSFORMADORA DEL BAJIO 14 S.A.P.I. DE C.V.,transformadoradelb.com.mx,Roberto Garza,Chief Revenue Officer (CRO),C_SUITE,SALES_MARKETING,rgarza@transformadoradelb.com.mx,VERIFIED,85,+528029370066,2026-09-06T14:31:01.201123+00:00
Industrial Manufacturing & Transformation,TRANSFORMADORA DEL NORTE S.A.B. DE C.V.,transformadoradeln.mx,Claudia Dominguez,Chief Executive Officer (CEO),C_SUITE,EXECUTIVE,cdominguez@transformadoradeln.mx,VERIFIED,85,+529762191044,2026-09-06T14:31:01.201123+00:00
Industrial Manufacturing & Transformation,TRANSFORMADORA DEL PACIFICO S.A. DE C.V.,transformadoradelp.mx,Javier Martínez,Chief Revenue Officer (CRO),C_SUITE,SALES_MARKETING,jmartínez@transformadoradelp.mx,VERIFIED,85,+524298173269,2026-09-06T14:31:01.201123+00:00
Industrial Manufacturing & Transformation,GRUPO INDUSTRIAL INDUSTRIAL S.A.B. DE C.V.,grupoindustrialind.com.mx,Claudia González,Chief Human Resources Officer (CHRO),C_SUITE,HR_PEOPLE,cgonzález@grupoindustrialind.com.mx,VERIFIED,85,+526853834192,2026-09-06T14:31:01.201123+00:00
Industrial Manufacturing & Transformation,GRUPO INDUSTRIAL MEXICANA S. DE R.L. DE C.V.,grupoindustrialmex.mx,Daniel Alarcón,Chief Operating Officer (COO),C_SUITE,OPERATIONS,dalarcón@grupoindustrialmex.mx,VERIFIED,85,+526328955031,2026-09-06T14:31:01.201123+00:00
Industrial Manufacturing & Transformation,GRUPO INDUSTRIAL MEXICANA S. DE R.L. DE C.V.,grupoindustrialmex.mx,Eduardo Valenzuela,Chief Executive Officer (CEO),C_SUITE,EXECUTIVE,evalenzuela@grupoindustrialmex.mx,VERIFIED,85,+526579586696,2026-09-06T14:31:01.201123+00:00
Industrial Manufacturing & Transformation,GRUPO INDUSTRIAL MEXICANA S. DE R.L. DE C.V.,grupoindustrialmex.mx,Carlos Villaseñor,Chief Technology Officer (CTO),C_SUITE,ENGINEERING_IT,cvillaseñor@grupoindustrialmex.com,VERIFIED,85,+526470447007,2026-09-06T14:31:01.201123+00:00
Industrial Manufacturing & Transformation,GRUPO INDUSTRIAL LATINOAMERICANA S.A.S.,grupoindustriallat.mx,Hector Hernández,Chief Financial Officer (CFO),C_SUITE,FINANCE,hhernández@grupoindustriallat.mx,VERIFIED,85,+528917799569,2026-09-06T14:31:01.201123+00:00
Industrial Manufacturing & Transformation,GRUPO INDUSTRIAL LATINOAMERICANA S.A.S.,grupoindustriallat.mx,Miguel Salinas,Chief Technology Officer (CTO),C_SUITE,ENGINEERING_IT,msalinas@grupoindustriallat.mx,VERIFIED,85,+526457862730,2026-09-06T14:31:01.201123+00:00
Industrial Manufacturing & Transformation,GRUPO INDUSTRIAL DEL NORTE S. DE R.L. DE C.V.,grupoindustrialdel.com.mx,Roberto Treviño,Chief Technology Officer (CTO),C_SUITE,ENGINEERING_IT,rtreviño@grupoindustrialdel.com.mx,VERIFIED,85,+525085629574,2026-09-06T14:31:01.201123+00:00
Industrial Manufacturing & Transformation,GRUPO INDUSTRIAL DEL NORTE S. DE R.L. DE C.V.,grupoindustrialdel.com.mx,Luis Vega,Chief Operating Officer (COO),C_SUITE,OPERATIONS,lvega@grupoindustrialdel.com.mx,VERIFIED,85,+524262333954,2026-09-06T14:31:01.201123+00:00
Industrial Manufacturing & Transformation,GRUPO INDUSTRIAL DEL NORTE S. DE R.L. DE C.V.,grupoindustrialdel.com.mx,Daniel Villaseñor,Chief Executive Officer (CEO),C_SUITE,EXECUTIVE,dvillaseñor@grupoindustrialdel.com.mx,VERIFIED,85,+529072162779,2026-09-06T14:31:01.201123+00:00
Industrial Manufacturing & Transformation,GRUPO INDUSTRIAL DEL NORTE S. DE R.L. DE C.V.,grupoindustrialdel.com.mx,Carlos Hernández,Founder,FOUNDER,EXECUTIVE,chernández@grupoindustrialdel.com,VERIFIED,85,+527220819017,2026-09-06T14:31:01.201123+00:00
Industrial Manufacturing & Transformation,GRUPO INDUSTRIAL DEL NORTE S. DE R.L. DE C.V.,grupoindustrialdel.com.mx,Miguel Morales,Founder,FOUNDER,EXECUTIVE,mmorales@grupoindustrialdel.com.mx,VERIFIED,85,+525830557759,2026-09-06T14:31:01.201123+00:00
Industrial Manufacturing & Transformation,GRUPO INDUSTRIAL DEL NORTE S. DE R.L. DE C.V.,grupoindustrialdel.com.mx,Andrea Salinas,Founder,FOUNDER,EXECUTIVE,asalinas@grupoindustrialdel.com.mx,VERIFIED,85,+525774896408,2026-09-06T14:31:01.201123+00:00
Industrial Manufacturing & Transformation,GRUPO INDUSTRIAL DEL NORTE S. DE R.L. DE C.V.,grupoindustrialdel.com.mx,Andrea Vega,Chief Financial Officer (CFO),C_SUITE,FINANCE,avega@grupoindustrialdel.com.mx,VERIFIED,85,+526310050318,2026-09-06T14:31:01.201123+00:00
Industrial Manufacturing & Transformation,GRUPO INDUSTRIAL DEL NORTE S. DE R.L. DE C.V.,grupoindustrialdel.com.mx,Jorge Garza,Chief Technology Officer (CTO),C_SUITE,ENGINEERING_IT,jgarza@grupoindustrialdel.com.mx,VERIFIED,85,+528264390529,2026-09-06T14:31:01.201123+00:00
Industrial Manufacturing & Transformation,GRUPO INDUSTRIAL DEL NORTE S. DE R.L. DE C.V.,grupoindustrialdel.com.mx,Claudia González,Chief Revenue Officer (CRO),C_SUITE,SALES_MARKETING,cgonzález@grupoindustrialdel.com.mx,VERIFIED,85,+525998871832,2026-09-06T14:31:01.201123+00:00
Industrial Manufacturing & Transformation,GRUPO INDUSTRIAL DEL NORTE S. DE R.L. DE C.V.,grupoindustrialdel.com.mx,Patricia Garza,Chief Executive Officer (CEO),C_SUITE,EXECUTIVE,pgarza@grupoindustrialdel.com.mx,VERIFIED,85,+527415543256,2026-09-06T14:31:01.201123+00:00
Industrial Manufacturing & Transformation,GRUPO INDUSTRIAL DEL NORTE S. DE R.L. DE C.V.,grupoindustrialdel.com.mx,Carlos Valenzuela,Chief Human Resources Officer (CHRO),C_SUITE,HR_PEOPLE,cvalenzuela@grupoindustrialdel.com.mx,VERIFIED,85,+525846132678,2026-09-06T14:31:01.201123+00:00
Industrial Manufacturing & Transformation,GRUPO INDUSTRIAL DEL BAJIO 11 S. DE R.L. DE C.V.,grupoindustrialdel.mx,Alejandro Treviño,Chief Executive Officer (CEO),C_SUITE,EXECUTIVE,atreviño@grupoindustrialdel.mx,VERIFIED,85,+527598455912,2026-09-06T14:31:01.201123+00:00
Industrial Manufacturing & Transformation,GRUPO INDUSTRIAL DEL BAJIO 11 S. DE R.L. DE C.V.,grupoindustrialdel.mx,Luis Morales,Chief Executive Officer (CEO),C_SUITE,EXECUTIVE,lmorales@grupoindustrialdel.mx,VERIFIED,85,+526189721778,2026-09-06T14:31:01.201123+00:00
Industrial Manufacturing & Transformation,GRUPO INDUSTRIAL DEL BAJIO 11 S. DE R.L. DE C.V.,grupoindustrialdel.mx,Jorge Navarro,Chief Operating Officer (COO),C_SUITE,OPERATIONS,jnavarro@grupoindustrialdel.mx,VERIFIED,85,+529119016314,2026-09-06T14:31:01.201123+00:00
Industrial Manufacturing & Transformation,GRUPO INDUSTRIAL INTERNACIONAL S.C.,grupoindustrialint.mx,Andrea Valenzuela,Founder,FOUNDER,EXECUTIVE,avalenzuela@grupoindustrialint.mx,VERIFIED,85,+529168124272,2026-09-06T14:31:01.201123+00:00
Industrial Manufacturing & Transformation,GRUPO INDUSTRIAL INTERNACIONAL S.C.,grupoindustrialint.mx,Roberto Dominguez,Chief Financial Officer (CFO),C_SUITE,FINANCE,rdominguez@grupoindustrialint.mx,VERIFIED,85,+525464558267,2026-09-06T14:31:01.201123+00:00
Industrial Manufacturing & Transformation,GRUPO INDUSTRIAL INTERNACIONAL S.C.,grupoindustrialint.mx,Mariana Garza,Chief Human Resources Officer (CHRO),C_SUITE,HR_PEOPLE,mgarza@grupoindustrialint.mx,VERIFIED,85,+524730543638,2026-09-06T14:31:01.203126+00:00
Industrial Manufacturing & Transformation,GRUPO INDUSTRIAL INTERNACIONAL S.C.,grupoindustrialint.mx,Miguel González,Founder,FOUNDER,EXECUTIVE,mgonzález@grupoindustrialint.mx,VERIFIED,85,+526026407440,2026-09-06T14:31:01.203126+00:00
Industrial Manufacturing & Transformation,GRUPO INDUSTRIAL INTERNACIONAL S.C.,grupoindustrialint.mx,Hector García,Chief Executive Officer (CEO),C_SUITE,EXECUTIVE,hgarcía@grupoindustrialint.mx,VERIFIED,85,+528349017002,2026-09-06T14:31:01.203126+00:00
Industrial Manufacturing & Transformation,GRUPO INDUSTRIAL GLOBAL S. DE R.L. DE C.V.,grupoindustrialglo.mx,Roberto Martínez,Chief Financial Officer (CFO),C_SUITE,FINANCE,rmartínez@grupoindustrialglo.mx,VERIFIED,85,+526051122144,2026-09-06T14:31:01.203126+00:00
Industrial Manufacturing & Transformation,GRUPO INDUSTRIAL GLOBAL S. DE R.L. DE C.V.,grupoindustrialglo.mx,Alejandro Salinas,Chief Operating Officer (COO),C_SUITE,OPERATIONS,asalinas@grupoindustrialglo.mx,VERIFIED,85,+526290793163,2026-09-06T14:31:01.203126+00:00
Industrial Manufacturing & Transformation,GRUPO INDUSTRIAL GLOBAL S. DE R.L. DE C.V.,grupoindustrialglo.mx,Eduardo Martínez,Founder,FOUNDER,EXECUTIVE,emartínez@grupoindustrialglo.mx,VERIFIED,85,+529413588265,2026-09-06T14:31:01.203126+00:00
Industrial Manufacturing & Transformation,GRUPO INDUSTRIAL DE LAS AMERICAS S.C.,grupoindustrialdel.com,Guillermo Benítez,Chief Executive Officer (CEO),C_SUITE,EXECUTIVE,gbenítez@grupoindustrialdel.com,VERIFIED,85,+524599984640,2026-09-06T14:31:01.203126+00:00
Industrial Manufacturing & Transformation,GRUPO INDUSTRIAL DE LAS AMERICAS S.C.,grupoindustrialdel.com,Miguel González,Chief Operating Officer (COO),C_SUITE,OPERATIONS,mgonzález@grupoindustrialdel.com,VERIFIED,85,+528869013085,2026-09-06T14:31:01.203126+00:00
Industrial Manufacturing & Transformation,GRUPO INDUSTRIAL DE LAS AMERICAS S.C.,grupoindustrialdel.com,Gabriel Mendoza,Chief Human Resources Officer (CHRO),C_SUITE,HR_PEOPLE,gmendoza@grupoindustrialdel.com,VERIFIED,85,+526688500692,2026-09-06T14:31:01.203126+00:00
Industrial Manufacturing & Transformation,GRUPO INDUSTRIAL DE LAS AMERICAS S.C.,grupoindustrialdel.com,Andrea Navarro,Chief Financial Officer (CFO),C_SUITE,FINANCE,anavarro@grupoindustrialdel.com,VERIFIED,85,+527922870536,2026-09-06T14:31:01.203126+00:00
Industrial Manufacturing & Transformation,GRUPO INDUSTRIAL DE LAS AMERICAS S.C.,grupoindustrialdel.com,Alejandro Valenzuela,Founder,FOUNDER,EXECUTIVE,avalenzuela@grupoindustrialdel.com,VERIFIED,85,+526622415219,2026-09-06T14:31:01.203126+00:00
Industrial Manufacturing & Transformation,GRUPO INDUSTRIAL DE LAS AMERICAS S.C.,grupoindustrialdel.com,Mariana Alarcón,Chief Operating Officer (COO),C_SUITE,OPERATIONS,malarcón@grupoindustrialdel.com,VERIFIED,85,+525915178327,2026-09-06T14:31:01.203126+00:00
Industrial Manufacturing & Transformation,GRUPO INDUSTRIAL DE LAS AMERICAS S.C.,grupoindustrialdel.com,Javier Mendoza,Chief Revenue Officer (CRO),C_SUITE,SALES_MARKETING,jmendoza@grupoindustrialdel.com,VERIFIED,85,+526129048597,2026-09-06T14:31:01.203126+00:00
Industrial Manufacturing & Transformation,GRUPO INDUSTRIAL ESTRATEGICA S.A.S.,grupoindustrialest.com.mx,Claudia Mendoza,Chief Operating Officer (COO),C_SUITE,OPERATIONS,cmendoza@grupoindustrialest.com.mx,VERIFIED,85,+526359781094,2026-09-06T14:31:01.203126+00:00
Industrial Manufacturing & Transformation,GRUPO INDUSTRIAL ESTRATEGICA S.A.S.,grupoindustrialest.com.mx,Alejandro López,Chief Human Resources Officer (CHRO),C_SUITE,HR_PEOPLE,alópez@grupoindustrialest.com.mx,VERIFIED,85,+529631584413,2026-09-06T14:31:01.203126+00:00
Industrial Manufacturing & Transformation,GRUPO INDUSTRIAL ESTRATEGICA S.A.S.,grupoindustrialest.com.mx,Sofia Ruiz,Chief Technology Officer (CTO),C_SUITE,ENGINEERING_IT,sruiz@grupoindustrialest.com.mx,VERIFIED,85,+529572224531,2026-09-06T14:31:01.203126+00:00
Industrial Manufacturing & Transformation,GRUPO INDUSTRIAL ESTRATEGICA S.A.S.,grupoindustrialest.com.mx,Sofia Villaseñor,Chief Financial Officer (CFO),C_SUITE,FINANCE,svillaseñor@grupoindustrialest.com.mx,VERIFIED,85,+526523263759,2026-09-06T14:31:01.203126+00:00
Industrial Manufacturing & Transformation,GRUPO INDUSTRIAL NACIONAL S. DE R.L. DE C.V.,grupoindustrialnac.mx,Rodrigo Valenzuela,Chief Executive Officer (CEO),C_SUITE,EXECUTIVE,rvalenzuela@grupoindustrialnac.mx,VERIFIED,85,+529163429829,2026-09-06T14:31:01.203126+00:00
Industrial Manufacturing & Transformation,GRUPO INDUSTRIAL NACIONAL S.A.S.,grupoindustrialnac.com.mx,Sofia Mendoza,Chief Executive Officer (CEO),C_SUITE,EXECUTIVE,smendoza@grupoindustrialnac.com.mx,VERIFIED,85,+529914687876,2026-09-06T14:31:01.203126+00:00
Industrial Manufacturing & Transformation,GRUPO INDUSTRIAL ESPECIALIZADA S. DE R.L. DE C.V.,grupoindustrialesp.com,Andrea Alarcón,Chief Executive Officer (CEO),C_SUITE,EXECUTIVE,aalarcón@grupoindustrialesp.com,VERIFIED,85,+527568896514,2026-09-06T14:31:01.203126+00:00
Industrial Manufacturing & Transformation,GRUPO INDUSTRIAL ESPECIALIZADA S. DE R.L. DE C.V.,grupoindustrialesp.com,Roberto Castro,Chief Technology Officer (CTO),C_SUITE,ENGINEERING_IT,rcastro@grupoindustrialesp.com,VERIFIED,85,+527378344996,2026-09-06T14:31:01.203126+00:00
Industrial Manufacturing & Transformation,GRUPO INDUSTRIAL ESTRATEGICA S.C.,grupoindustrialest.com,Rodrigo Morales,Founder,FOUNDER,EXECUTIVE,rmorales@grupoindustrialest.com,VERIFIED,85,+524250491445,2026-09-06T14:31:01.203126+00:00
Industrial Manufacturing & Transformation,GRUPO INDUSTRIAL INTEGRAL S.A. DE C.V.,grupoindustrialint.com.mx,Carlos Ruiz,Chief Revenue Officer (CRO),C_SUITE,SALES_MARKETING,cruiz@grupoindustrialint.com.mx,VERIFIED,85,+525273660119,2026-09-06T14:31:01.203126+00:00
Industrial Manufacturing & Transformation,GRUPO INDUSTRIAL NACIONAL S.A.P.I. DE C.V.,grupoindustrialnac.com,Carlos Martínez,Founder,FOUNDER,EXECUTIVE,cmartínez@grupoindustrialnac.com,VERIFIED,85,+526159638639,2026-09-06T14:31:01.203126+00:00
Industrial Manufacturing & Transformation,GRUPO INDUSTRIAL NACIONAL S.A.P.I. DE C.V.,grupoindustrialnac.com,Luis Villaseñor,Chief Revenue Officer (CRO),C_SUITE,SALES_MARKETING,lvillaseñor@grupoindustrialnac.com,VERIFIED,85,+528510795847,2026-09-06T14:31:01.203126+00:00
Industrial Manufacturing & Transformation,GRUPO INDUSTRIAL DINAMICA S.A.B. DE C.V.,grupoindustrialdin.mx,Jorge García,Chief Operating Officer (COO),C_SUITE,OPERATIONS,jgarcía@grupoindustrialdin.mx,VERIFIED,85,+529191455955,2026-09-06T14:31:01.203126+00:00
Industrial Manufacturing & Transformation,GRUPO INDUSTRIAL GLOBAL S.A. DE C.V.,grupoindustrialglo.com,Javier Alarcón,Chief Operating Officer (COO),C_SUITE,OPERATIONS,jalarcón@grupoindustrialglo.com,VERIFIED,85,+524377204422,2026-09-06T14:31:01.203126+00:00
Industrial Manufacturing & Transformation,GRUPO INDUSTRIAL GLOBAL S.A. DE C.V.,grupoindustrialglo.com,Fernando Mendoza,Chief Human Resources Officer (CHRO),C_SUITE,HR_PEOPLE,fmendoza@grupoindustrialglo.com,VERIFIED,85,+524184792675,2026-09-06T14:31:01.203126+00:00
Industrial Manufacturing & Transformation,GRUPO INDUSTRIAL ESPECIALIZADA 71 S.C.,grupoindustrialesp.mx,Alejandro Treviño,Founder,FOUNDER,EXECUTIVE,atreviño@grupoindustrialesp.mx,VERIFIED,85,+526197967358,2026-09-06T14:31:01.203126+00:00
Industrial Manufacturing & Transformation,GRUPO INDUSTRIAL ESPECIALIZADA 71 S.C.,grupoindustrialesp.mx,Luis López,Chief Financial Officer (CFO),C_SUITE,FINANCE,llópez@grupoindustrialesp.mx,VERIFIED,85,+526280472097,2026-09-06T14:31:01.203126+00:00
Industrial Manufacturing & Transformation,GRUPO INDUSTRIAL AVANZADA S.A. DE C.V.,grupoindustrialava.com,Gabriel García,Chief Financial Officer (CFO),C_SUITE,FINANCE,ggarcía@grupoindustrialava.com,VERIFIED,85,+527490924796,2026-09-06T14:31:01.203126+00:00
Industrial Manufacturing & Transformation,GRUPO INDUSTRIAL AVANZADA S.A.S.,grupoindustrialava.com.mx,Mariana Ruiz,Chief Executive Officer (CEO),C_SUITE,EXECUTIVE,mruiz@grupoindustrialava.com.mx,VERIFIED,85,+527320391339,2026-09-06T14:31:01.203126+00:00
Industrial Manufacturing & Transformation,GRUPO INDUSTRIAL AVANZADA S.A.S.,grupoindustrialava.com.mx,David Morales,Chief Revenue Officer (CRO),C_SUITE,SALES_MARKETING,dmorales@grupoindustrialava.com.mx,VERIFIED,85,+529535705822,2026-09-06T14:31:01.203126+00:00
Industrial Manufacturing & Transformation,GRUPO INDUSTRIAL DINAMICA S. DE R.L. DE C.V.,grupoindustrialdin.com.mx,Claudia Villaseñor,Founder,FOUNDER,EXECUTIVE,cvillaseñor@grupoindustrialdin.com.mx,VERIFIED,85,+527895621765,2026-09-06T14:31:01.203126+00:00
Industrial Manufacturing & Transformation,GRUPO INDUSTRIAL EMPRESARIAL 8 S.A.S.,grupoindustrialemp.mx,Hector Salinas,Chief Revenue Officer (CRO),C_SUITE,SALES_MARKETING,hsalinas@grupoindustrialemp.mx,VERIFIED,85,+526574300929,2026-09-06T14:31:01.203126+00:00
Industrial Manufacturing & Transformation,GRUPO INDUSTRIAL MODERNA S.C.,grupoindustrialmod.mx,Carlos Villaseñor,Chief Revenue Officer (CRO),C_SUITE,SALES_MARKETING,cvillaseñor@grupoindustrialmod.mx,VERIFIED,85,+528147954173,2026-09-06T14:31:01.203126+00:00
Industrial Manufacturing & Transformation,GRUPO INDUSTRIAL MODERNA S.C.,grupoindustrialmod.mx,David Vega,Chief Operating Officer (COO),C_SUITE,OPERATIONS,dvega@grupoindustrialmod.com,VERIFIED,85,+525925137588,2026-09-06T14:31:01.203126+00:00
Industrial Manufacturing & Transformation,GRUPO INDUSTRIAL MODERNA S.C.,grupoindustrialmod.mx,Adriana Morales,Chief Operating Officer (COO),C_SUITE,OPERATIONS,amorales@grupoindustrialmod.mx,VERIFIED,85,+526269843278,2026-09-06T14:31:01.203126+00:00
Industrial Manufacturing & Transformation,GRUPO INDUSTRIAL LATINOAMERICANA S.A.B. DE C.V.,grupoindustriallat.com.mx,Rodrigo Mendoza,Chief Human Resources Officer (CHRO),C_SUITE,HR_PEOPLE,rmendoza@grupoindustriallat.com.mx,VERIFIED,85,+524818723357,2026-09-06T14:31:01.203126+00:00
Industrial Manufacturing & Transformation,GRUPO INDUSTRIAL LATINOAMERICANA S.A.B. DE C.V.,grupoindustriallat.com.mx,Rodrigo Alarcón,Chief Technology Officer (CTO),C_SUITE,ENGINEERING_IT,ralarcón@grupoindustriallat.com.mx,VERIFIED,85,+524419622823,2026-09-06T14:31:01.203126+00:00
Industrial Manufacturing & Transformation,GRUPO INDUSTRIAL MODERNA S. DE R.L. DE C.V.,grupoindustrialmod.com.mx,Claudia Castro,Chief Technology Officer (CTO),C_SUITE,ENGINEERING_IT,ccastro@grupoindustrialmod.com.mx,VERIFIED,85,+528124809729,2026-09-06T14:31:01.203126+00:00
Industrial Manufacturing & Transformation,GRUPO INDUSTRIAL INTERNACIONAL S.A.S.,grupoindustrialint.com,Gabriel Villaseñor,Chief Executive Officer (CEO),C_SUITE,EXECUTIVE,gvillaseñor@grupoindustrialint.com,VERIFIED,85,+527882546881,2026-09-06T14:31:01.203126+00:00
Industrial Manufacturing & Transformation,GRUPO INDUSTRIAL DE OCCIDENTE S.A. DE C.V.,grupoindustrialdeo.com.mx,Eduardo Mendoza,Chief Financial Officer (CFO),C_SUITE,FINANCE,emendoza@grupoindustrialdeo.com.mx,VERIFIED,85,+526780892116,2026-09-06T14:31:01.203126+00:00
Industrial Manufacturing & Transformation,GRUPO INDUSTRIAL CENTRAL S.A.B. DE C.V.,grupoindustrialcen.mx,Guillermo Castro,Chief Revenue Officer (CRO),C_SUITE,SALES_MARKETING,gcastro@grupoindustrialcen.mx,VERIFIED,85,+528611536429,2026-09-06T14:31:01.203126+00:00
Industrial Manufacturing & Transformation,GRUPO INDUSTRIAL MODERNA 28 S. DE R.L. DE C.V.,grupoindustrialmod.com,Eduardo Salinas,Founder,FOUNDER,EXECUTIVE,esalinas@grupoindustrialmod.com,VERIFIED,85,+524267881919,2026-09-06T14:31:01.203126+00:00
Industrial Manufacturing & Transformation,GRUPO INDUSTRIAL INDUSTRIAL S.A.P.I. DE C.V.,grupoindustrialind.mx,Andrea Morales,Chief Revenue Officer (CRO),C_SUITE,SALES_MARKETING,amorales@grupoindustrialind.mx,VERIFIED,85,+526847635081,2026-09-06T14:31:01.203126+00:00
Industrial Manufacturing & Transformation,METALURGICA NACIONAL S. DE R.L. DE C.V.,metalurgicanaciona.com.mx,Rodrigo Mendoza,Chief Executive Officer (CEO),C_SUITE,EXECUTIVE,rmendoza@metalurgicanaciona.com.mx,VERIFIED,85,+525533253429,2026-09-06T14:31:01.205129+00:00
Industrial Manufacturing & Transformation,METALURGICA NACIONAL S.A.B. DE C.V.,metalurgicanaciona.mx,Rodrigo López,Chief Financial Officer (CFO),C_SUITE,FINANCE,rlópez@metalurgicanaciona.mx,VERIFIED,85,+525516301548,2026-09-06T14:31:01.205129+00:00
Industrial Manufacturing & Transformation,METALURGICA LATINOAMERICANA S.A. DE C.V.,metalurgicalatinoa.com,Guillermo García,Chief Operating Officer (COO),C_SUITE,OPERATIONS,ggarcía@metalurgicalatinoa.com,VERIFIED,85,+527186899039,2026-09-06T14:31:01.205129+00:00
Industrial Manufacturing & Transformation,METALURGICA LATINOAMERICANA S.A. DE C.V.,metalurgicalatinoa.com,Gabriel Martínez,Chief Executive Officer (CEO),C_SUITE,EXECUTIVE,gmartínez@metalurgicalatinoa.com,VERIFIED,85,+524522784318,2026-09-06T14:31:01.205129+00:00
Industrial Manufacturing & Transformation,GRUPO INDUSTRIAL DEL PACIFICO S.A.P.I. DE C.V.,grupoindustrialdel.mx,Adriana Valenzuela,Chief Technology Officer (CTO),C_SUITE,ENGINEERING_IT,avalenzuela@grupoindustrialdel.mx,VERIFIED,85,+526363412570,2026-09-06T14:31:01.208789+00:00
Industrial Manufacturing & Transformation,GRUPO INDUSTRIAL DEL PACIFICO S.A.P.I. DE C.V.,grupoindustrialdel.mx,Rodrigo Vega,Chief Financial Officer (CFO),C_SUITE,FINANCE,rvega@grupoindustrialdel.mx,VERIFIED,85,+526621085962,2026-09-06T14:31:01.208789+00:00
Industrial Manufacturing & Transformation,GRUPO INDUSTRIAL DEL PACIFICO S.A.P.I. DE C.V.,grupoindustrialdel.mx,Daniel Villaseñor,Chief Executive Officer (CEO),C_SUITE,EXECUTIVE,dvillaseñor@grupoindustrialdel.mx,VERIFIED,85,+528573331644,2026-09-06T14:31:01.208789+00:00
Industrial Manufacturing & Transformation,GRUPO INDUSTRIAL DEL PACIFICO S.A.P.I. DE C.V.,grupoindustrialdel.mx,Rodrigo Villaseñor,Chief Revenue Officer (CRO),C_SUITE,SALES_MARKETING,rvillaseñor@grupoindustrialdel.mx,VERIFIED,85,+525033525750,2026-09-06T14:31:01.208789+00:00
Industrial Manufacturing & Transformation,GRUPO INDUSTRIAL DEL PACIFICO S.A.P.I. DE C.V.,grupoindustrialdel.mx,Roberto Alarcón,Chief Executive Officer (CEO),C_SUITE,EXECUTIVE,ralarcón@grupoindustrialdel.mx,VERIFIED,85,+524175443348,2026-09-06T14:31:01.208789+00:00
Industrial Manufacturing & Transformation,GRUPO INDUSTRIAL DEL PACIFICO S.A.P.I. DE C.V.,grupoindustrialdel.mx,David Garza,Chief Financial Officer (CFO),C_SUITE,FINANCE,dgarza@grupoindustrialdel.mx,VERIFIED,85,+528267082019,2026-09-06T14:31:01.208789+00:00
Industrial Manufacturing & Transformation,GRUPO INDUSTRIAL DEL PACIFICO S.A.P.I. DE C.V.,grupoindustrialdel.mx,Sofia González,Founder,FOUNDER,EXECUTIVE,sgonzález@grupoindustrialdel.com,VERIFIED,85,+528276265514,2026-09-06T14:31:01.208789+00:00
Industrial Manufacturing & Transformation,GRUPO INDUSTRIAL DEL PACIFICO S.A.P.I. DE C.V.,grupoindustrialdel.mx,Claudia Valenzuela,Chief Financial Officer (CFO),C_SUITE,FINANCE,cvalenzuela@grupoindustrialdel.mx,VERIFIED,85,+529650031604,2026-09-06T14:31:01.208789+00:00
Industrial Manufacturing & Transformation,GRUPO INDUSTRIAL INTERNACIONAL S.C.,grupoindustrialint.com,Guillermo Mendoza,Chief Human Resources Officer (CHRO),C_SUITE,HR_PEOPLE,gmendoza@grupoindustrialint.com,VERIFIED,85,+527280173394,2026-09-06T14:31:01.208789+00:00
Industrial Manufacturing & Transformation,GRUPO INDUSTRIAL INTERNACIONAL S.C.,grupoindustrialint.com,Adriana Benítez,Chief Human Resources Officer (CHRO),C_SUITE,HR_PEOPLE,abenítez@grupoindustrialint.com,VERIFIED,85,+529150393868,2026-09-06T14:31:01.208789+00:00
Industrial Manufacturing & Transformation,GRUPO INDUSTRIAL INTERNACIONAL S.C.,grupoindustrialint.com,Rodrigo Ruiz,Chief Revenue Officer (CRO),C_SUITE,SALES_MARKETING,rruiz@grupoindustrialint.com,VERIFIED,85,+529518832356,2026-09-06T14:31:01.208789+00:00
Industrial Manufacturing & Transformation,GRUPO INDUSTRIAL INDUSTRIAL S.A.B. DE C.V.,grupoindustrialind.com.mx,Luis Alarcón,Chief Financial Officer (CFO),C_SUITE,FINANCE,lalarcón@grupoindustrialind.com.mx,VERIFIED,85,+526876719995,2026-09-06T14:31:01.208789+00:00
Industrial Manufacturing & Transformation,GRUPO INDUSTRIAL INDUSTRIAL S.A.B. DE C.V.,grupoindustrialind.com.mx,Guillermo Villaseñor,Chief Revenue Officer (CRO),C_SUITE,SALES_MARKETING,gvillaseñor@grupoindustrialind.mx,VERIFIED,85,+528340539360,2026-09-06T14:31:01.208789+00:00
Industrial Manufacturing & Transformation,GRUPO INDUSTRIAL ESTRATEGICA S.A. DE C.V.,grupoindustrialest.com,Miguel Garza,Chief Technology Officer (CTO),C_SUITE,ENGINEERING_IT,mgarza@grupoindustrialest.com,VERIFIED,85,+525923200860,2026-09-06T14:31:01.208789+00:00
Industrial Manufacturing & Transformation,GRUPO INDUSTRIAL ESTRATEGICA S.A. DE C.V.,grupoindustrialest.com,Luis Treviño,Chief Financial Officer (CFO),C_SUITE,FINANCE,ltreviño@grupoindustrialest.com,VERIFIED,85,+524939375091,2026-09-06T14:31:01.208789+00:00
Industrial Manufacturing & Transformation,GRUPO INDUSTRIAL MEXICANA S.A.S.,grupoindustrialmex.com,Alejandro Navarro,Chief Executive Officer (CEO),C_SUITE,EXECUTIVE,anavarro@grupoindustrialmex.com,VERIFIED,85,+524715657129,2026-09-06T14:31:01.208789+00:00
Industrial Manufacturing & Transformation,GRUPO INDUSTRIAL MEXICANA S.A.S.,grupoindustrialmex.com,Claudia Castro,Chief Executive Officer (CEO),C_SUITE,EXECUTIVE,ccastro@grupoindustrialmex.com,VERIFIED,85,+528417636251,2026-09-06T14:31:01.208789+00:00
Industrial Manufacturing & Transformation,GRUPO INDUSTRIAL MEXICANA S.A.S.,grupoindustrialmex.com,Daniel Benítez,Chief Operating Officer (COO),C_SUITE,OPERATIONS,dbenítez@grupoindustrialmex.com,VERIFIED,85,+525953624316,2026-09-06T14:31:01.208789+00:00
Industrial Manufacturing & Transformation,GRUPO INDUSTRIAL MEXICANA S.A.S.,grupoindustrialmex.com,Andrea Villaseñor,Founder,FOUNDER,EXECUTIVE,avillaseñor@grupoindustrialmex.com,VERIFIED,85,+524577957094,2026-09-06T14:31:01.208789+00:00
Industrial Manufacturing & Transformation,GRUPO INDUSTRIAL MEXICANA S.A.S.,grupoindustrialmex.com,Fernando Alarcón,Chief Revenue Officer (CRO),C_SUITE,SALES_MARKETING,falarcón@grupoindustrialmex.com,VERIFIED,85,+528082512839,2026-09-06T14:31:01.208789+00:00
Industrial Manufacturing & Transformation,GRUPO INDUSTRIAL AVANZADA S.A.P.I. DE C.V.,grupoindustrialava.com.mx,Jorge Vega,Chief Executive Officer (CEO),C_SUITE,EXECUTIVE,jvega@grupoindustrialava.com.mx,VERIFIED,85,+524435272266,2026-09-06T14:31:01.208789+00:00
Industrial Manufacturing & Transformation,GRUPO INDUSTRIAL DE LAS AMERICAS S.A.S.,grupoindustrialdel.com,Roberto Hernández,Chief Executive Officer (CEO),C_SUITE,EXECUTIVE,rhernández@grupoindustrialdel.com,VERIFIED,85,+525385179798,2026-09-06T14:31:01.208789+00:00
Industrial Manufacturing & Transformation,GRUPO INDUSTRIAL DE LAS AMERICAS S.A.S.,grupoindustrialdel.com,Fernando Valenzuela,Chief Executive Officer (CEO),C_SUITE,EXECUTIVE,fvalenzuela@grupoindustrialdel.com,VERIFIED,85,+528265138743,2026-09-06T14:31:01.208789+00:00
Industrial Manufacturing & Transformation,GRUPO INDUSTRIAL NACIONAL S.C.,grupoindustrialnac.mx,Javier Benítez,Founder,FOUNDER,EXECUTIVE,jbenítez@grupoindustrialnac.mx,VERIFIED,85,+526429474179,2026-09-06T14:31:01.208789+00:00
Industrial Manufacturing & Transformation,GRUPO INDUSTRIAL NACIONAL S.C.,grupoindustrialnac.mx,Claudia García,Chief Technology Officer (CTO),C_SUITE,ENGINEERING_IT,cgarcía@grupoindustrialnac.mx,VERIFIED,85,+528523980835,2026-09-06T14:31:01.208789+00:00
Industrial Manufacturing & Transformation,GRUPO INDUSTRIAL NACIONAL S.C.,grupoindustrialnac.mx,Mariana Villaseñor,Chief Executive Officer (CEO),C_SUITE,EXECUTIVE,mvillaseñor@grupoindustrialnac.mx,VERIFIED,85,+527073306923,2026-09-06T14:31:01.208789+00:00
Industrial Manufacturing & Transformation,GRUPO INDUSTRIAL DINAMICA 19 S.C.,grupoindustrialdin.mx,Guillermo Alarcón,Founder,FOUNDER,EXECUTIVE,galarcón@grupoindustrialdin.mx,VERIFIED,85,+524898129124,2026-09-06T14:31:01.208789+00:00
Industrial Manufacturing & Transformation,GRUPO INDUSTRIAL INDUSTRIAL S.C.,grupoindustrialind.com,Carlos Castro,Chief Executive Officer (CEO),C_SUITE,EXECUTIVE,ccastro@grupoindustrialind.com,VERIFIED,85,+528210607352,2026-09-06T14:31:01.208789+00:00
Industrial Manufacturing & Transformation,GRUPO INDUSTRIAL INDUSTRIAL S.C.,grupoindustrialind.com,Andrea Salinas,Chief Technology Officer (CTO),C_SUITE,ENGINEERING_IT,asalinas@grupoindustrialind.com,VERIFIED,85,+525431337181,2026-09-06T14:31:01.208789+00:00
Industrial Manufacturing & Transformation,GRUPO INDUSTRIAL INDUSTRIAL S.C.,grupoindustrialind.com,Rodrigo Benítez,Chief Human Resources Officer (CHRO),C_SUITE,HR_PEOPLE,rbenítez@grupoindustrialind.com,VERIFIED,85,+527479901170,2026-09-06T14:31:01.208789+00:00
Industrial Manufacturing & Transformation,GRUPO INDUSTRIAL DINAMICA S.A.S.,grupoindustrialdin.com.mx,Roberto Vega,Chief Technology Officer (CTO),C_SUITE,ENGINEERING_IT,rvega@grupoindustrialdin.com.mx,VERIFIED,85,+527763240494,2026-09-06T14:31:01.208789+00:00
Industrial Manufacturing & Transformation,GRUPO INDUSTRIAL DINAMICA S.A.S.,grupoindustrialdin.com.mx,Hector González,Chief Human Resources Officer (CHRO),C_SUITE,HR_PEOPLE,hgonzález@grupoindustrialdin.com.mx,VERIFIED,85,+529324775719,2026-09-06T14:31:01.208789+00:00
Industrial Manufacturing & Transformation,GRUPO INDUSTRIAL DINAMICA S.A.S.,grupoindustrialdin.com.mx,Rodrigo González,Founder,FOUNDER,EXECUTIVE,rgonzález@grupoindustrialdin.com.mx,VERIFIED,85,+527256626297,2026-09-06T14:31:01.208789+00:00
Industrial Manufacturing & Transformation,GRUPO INDUSTRIAL ESPECIALIZADA S.A.S.,grupoindustrialesp.com.mx,Hector Ruiz,Chief Revenue Officer (CRO),C_SUITE,SALES_MARKETING,hruiz@grupoindustrialesp.com.mx,VERIFIED,85,+524379431224,2026-09-06T14:31:01.208789+00:00
Industrial Manufacturing & Transformation,GRUPO INDUSTRIAL ESPECIALIZADA S.A.S.,grupoindustrialesp.com.mx,Luis Martínez,Chief Operating Officer (COO),C_SUITE,OPERATIONS,lmartínez@grupoindustrialesp.com.mx,VERIFIED,85,+526276966364,2026-09-06T14:31:01.208789+00:00
Industrial Manufacturing & Transformation,GRUPO INDUSTRIAL GLOBAL S.A.B. DE C.V.,grupoindustrialglo.com.mx,Gabriel López,Chief Executive Officer (CEO),C_SUITE,EXECUTIVE,glópez@grupoindustrialglo.com.mx,VERIFIED,85,+528152242658,2026-09-06T14:31:01.208789+00:00
Industrial Manufacturing & Transformation,GRUPO INDUSTRIAL GLOBAL S.A.B. DE C.V.,grupoindustrialglo.com.mx,Andrea García,Chief Revenue Officer (CRO),C_SUITE,SALES_MARKETING,agarcía@grupoindustrialglo.com.mx,VERIFIED,85,+529840495349,2026-09-06T14:31:01.208789+00:00
Industrial Manufacturing & Transformation,GRUPO INDUSTRIAL GLOBAL S.A.B. DE C.V.,grupoindustrialglo.com.mx,Roberto Villaseñor,Chief Revenue Officer (CRO),C_SUITE,SALES_MARKETING,rvillaseñor@grupoindustrialglo.com.mx,VERIFIED,85,+527173777339,2026-09-06T14:31:01.208789+00:00
Industrial Manufacturing & Transformation,GRUPO INDUSTRIAL NACIONAL S.A.S.,grupoindustrialnac.com,Luis González,Chief Operating Officer (COO),C_SUITE,OPERATIONS,lgonzález@grupoindustrialnac.com,VERIFIED,85,+525338676502,2026-09-06T14:31:01.208789+00:00
Industrial Manufacturing & Transformation,GRUPO INDUSTRIAL NACIONAL S.A.S.,grupoindustrialnac.com,Roberto Benítez,Chief Human Resources Officer (CHRO),C_SUITE,HR_PEOPLE,rbenítez@grupoindustrialnac.com,VERIFIED,85,+526357668556,2026-09-06T14:31:01.208789+00:00
Industrial Manufacturing & Transformation,GRUPO INDUSTRIAL NACIONAL S.A.S.,grupoindustrialnac.com,Eduardo Castro,Chief Operating Officer (COO),C_SUITE,OPERATIONS,ecastro@grupoindustrialnac.com,VERIFIED,85,+526687207570,2026-09-06T14:31:01.208789+00:00
Industrial Manufacturing & Transformation,GRUPO INDUSTRIAL INTEGRAL S.A.P.I. DE C.V.,grupoindustrialint.mx,Javier Treviño,Chief Executive Officer (CEO),C_SUITE,EXECUTIVE,jtreviño@grupoindustrialint.mx,VERIFIED,85,+525747988576,2026-09-06T14:31:01.208789+00:00
Industrial Manufacturing & Transformation,GRUPO INDUSTRIAL DEL NORTE S.A.P.I. DE C.V.,grupoindustrialdel.com.mx,Miguel Ruiz,Chief Human Resources Officer (CHRO),C_SUITE,HR_PEOPLE,mruiz@grupoindustrialdel.com.mx,VERIFIED,85,+525155918095,2026-09-06T14:31:01.208789+00:00
Industrial Manufacturing & Transformation,GRUPO INDUSTRIAL DEL NORTE S.A.P.I. DE C.V.,grupoindustrialdel.com.mx,Jorge Salinas,Chief Human Resources Officer (CHRO),C_SUITE,HR_PEOPLE,jsalinas@grupoindustrialdel.com.mx,VERIFIED,85,+529487565536,2026-09-06T14:31:01.208789+00:00
Industrial Manufacturing & Transformation,GRUPO INDUSTRIAL DEL NORTE S.A.P.I. DE C.V.,grupoindustrialdel.com.mx,Andrea Benítez,Chief Executive Officer (CEO),C_SUITE,EXECUTIVE,abenítez@grupoindustrialdel.com.mx,VERIFIED,85,+525164944768,2026-09-06T14:31:01.208789+00:00
Industrial Manufacturing & Transformation,GRUPO INDUSTRIAL MEXICANA S.A.B. DE C.V.,grupoindustrialmex.com.mx,Mariana López,Chief Operating Officer (COO),C_SUITE,OPERATIONS,mlópez@grupoindustrialmex.com.mx,VERIFIED,85,+528930824959,2026-09-06T14:31:01.208789+00:00
Industrial Manufacturing & Transformation,GRUPO INDUSTRIAL MEXICANA S.A.B. DE C.V.,grupoindustrialmex.com.mx,Hector Garza,Chief Revenue Officer (CRO),C_SUITE,SALES_MARKETING,hgarza@grupoindustrialmex.com.mx,VERIFIED,85,+528771943897,2026-09-06T14:31:01.208789+00:00
Industrial Manufacturing & Transformation,GRUPO INDUSTRIAL MEXICANA S.A.B. DE C.V.,grupoindustrialmex.com.mx,Jorge Castro,Chief Revenue Officer (CRO),C_SUITE,SALES_MARKETING,jcastro@grupoindustrialmex.com.mx,VERIFIED,85,+529380043137,2026-09-06T14:31:01.208789+00:00
Industrial Manufacturing & Transformation,GRUPO INDUSTRIAL LATINOAMERICANA S.A.S.,grupoindustriallat.mx,Roberto González,Founder,FOUNDER,EXECUTIVE,rgonzález@grupoindustriallat.mx,VERIFIED,85,+529063262364,2026-09-06T14:31:01.208789+00:00
Industrial Manufacturing & Transformation,GRUPO INDUSTRIAL CENTRAL S. DE R.L. DE C.V.,grupoindustrialcen.com,Daniel González,Chief Executive Officer (CEO),C_SUITE,EXECUTIVE,dgonzález@grupoindustrialcen.com,VERIFIED,85,+528389211748,2026-09-06T14:31:01.213653+00:00
Industrial Manufacturing & Transformation,GRUPO INDUSTRIAL CENTRAL S.A. DE C.V.,grupoindustrialcen.com.mx,Andrea Martínez,Chief Executive Officer (CEO),C_SUITE,EXECUTIVE,amartínez@grupoindustrialcen.com.mx,VERIFIED,85,+526969702860,2026-09-06T14:31:01.213653+00:00
Industrial Manufacturing & Transformation,GRUPO INDUSTRIAL CENTRAL S.A. DE C.V.,grupoindustrialcen.com.mx,Daniel Garza,Chief Financial Officer (CFO),C_SUITE,FINANCE,dgarza@grupoindustrialcen.com.mx,VERIFIED,85,+526931836013,2026-09-06T14:31:01.213653+00:00
Industrial Manufacturing & Transformation,GRUPO INDUSTRIAL INTEGRAL S.A.P.I. DE C.V.,grupoindustrialint.com.mx,Claudia Castro,Founder,FOUNDER,EXECUTIVE,ccastro@grupoindustrialint.com.mx,VERIFIED,85,+526511217372,2026-09-06T14:31:01.213653+00:00
Industrial Manufacturing & Transformation,GRUPO INDUSTRIAL LATINOAMERICANA 69 S.A.B. DE C.V.,grupoindustriallat.com.mx,Fernando Benítez,Chief Technology Officer (CTO),C_SUITE,ENGINEERING_IT,fbenítez@grupoindustriallat.com.mx,VERIFIED,85,+524610793112,2026-09-06T14:31:01.213653+00:00
Industrial Manufacturing & Transformation,GRUPO INDUSTRIAL MODERNA S. DE R.L. DE C.V.,grupoindustrialmod.com.mx,Daniel Alarcón,Chief Operating Officer (COO),C_SUITE,OPERATIONS,dalarcón@grupoindustrialmod.com.mx,VERIFIED,85,+524826467586,2026-09-06T14:31:01.213653+00:00
Industrial Manufacturing & Transformation,GRUPO INDUSTRIAL ESPECIALIZADA S.C.,grupoindustrialesp.com,Andrea Ruiz,Chief Revenue Officer (CRO),C_SUITE,SALES_MARKETING,aruiz@grupoindustrialesp.com,VERIFIED,85,+525291112674,2026-09-06T14:31:01.213653+00:00
Industrial Manufacturing & Transformation,GRUPO INDUSTRIAL ESPECIALIZADA S.C.,grupoindustrialesp.com,David González,Chief Revenue Officer (CRO),C_SUITE,SALES_MARKETING,dgonzález@grupoindustrialesp.com,VERIFIED,85,+529143656464,2026-09-06T14:31:01.213653+00:00
Industrial Manufacturing & Transformation,GRUPO INDUSTRIAL ESPECIALIZADA S.C.,grupoindustrialesp.com,Fernando Hernández,Chief Human Resources Officer (CHRO),C_SUITE,HR_PEOPLE,fhernández@grupoindustrialesp.com,VERIFIED,85,+525758968866,2026-09-06T14:31:01.213653+00:00
Industrial Manufacturing & Transformation,GRUPO INDUSTRIAL EMPRESARIAL S.A. DE C.V.,grupoindustrialemp.com,Fernando Castro,Chief Technology Officer (CTO),C_SUITE,ENGINEERING_IT,fcastro@grupoindustrialemp.com,VERIFIED,85,+527515911859,2026-09-06T14:31:01.213653+00:00
Industrial Manufacturing & Transformation,GRUPO INDUSTRIAL EMPRESARIAL S.A. DE C.V.,grupoindustrialemp.com,Andrea Villaseñor,Chief Executive Officer (CEO),C_SUITE,EXECUTIVE,avillaseñor@grupoindustrialemp.com,VERIFIED,85,+524813582498,2026-09-06T14:31:01.213653+00:00
Industrial Manufacturing & Transformation,GRUPO INDUSTRIAL DINAMICA 22 S.A.S.,grupoindustrialdin.com,Adriana Garza,Chief Financial Officer (CFO),C_SUITE,FINANCE,agarza@grupoindustrialdin.com,VERIFIED,85,+526588585674,2026-09-06T14:31:01.213653+00:00
Industrial Manufacturing & Transformation,GRUPO INDUSTRIAL DINAMICA 22 S.A.S.,grupoindustrialdin.com,Gabriel Morales,Chief Human Resources Officer (CHRO),C_SUITE,HR_PEOPLE,gmorales@grupoindustrialdin.com,VERIFIED,85,+527023534512,2026-09-06T14:31:01.213653+00:00
Industrial Manufacturing & Transformation,GRUPO INDUSTRIAL CENTRAL S.A.S.,grupoindustrialcen.mx,Alejandro Hernández,Founder,FOUNDER,EXECUTIVE,ahernández@grupoindustrialcen.mx,VERIFIED,85,+529973821595,2026-09-06T14:31:01.213653+00:00
Industrial Manufacturing & Transformation,METALURGICA DEL CENTRO S. DE R.L. DE C.V.,metalurgicadelcent.com,Jorge Navarro,Chief Revenue Officer (CRO),C_SUITE,SALES_MARKETING,jnavarro@metalurgicadelcent.com,VERIFIED,85,+526981954319,2026-09-06T14:31:01.213653+00:00
Industrial Manufacturing & Transformation,METALURGICA DEL CENTRO S.A.S.,metalurgicadelcent.com.mx,Eduardo Vega,Chief Financial Officer (CFO),C_SUITE,FINANCE,evega@metalurgicadelcent.com.mx,VERIFIED,85,+525864299153,2026-09-06T14:31:01.213653+00:00
Industrial Manufacturing & Transformation,METALURGICA DEL PACIFICO S.A.P.I. DE C.V.,metalurgicadelpaci.com.mx,Luis Martínez,Chief Operating Officer (COO),C_SUITE,OPERATIONS,lmartínez@metalurgicadelpaci.com.mx,VERIFIED,85,+524413144808,2026-09-06T14:31:01.213653+00:00
Industrial Manufacturing & Transformation,METALURGICA DEL PACIFICO S.A.P.I. DE C.V.,metalurgicadelpaci.com.mx,Daniel García,Chief Operating Officer (COO),C_SUITE,OPERATIONS,dgarcía@metalurgicadelpaci.com.mx,VERIFIED,85,+528759060151,2026-09-06T14:31:01.213653+00:00
Industrial Manufacturing & Transformation,METALURGICA DEL PACIFICO 87 S.A.B. DE C.V.,metalurgicadelpaci.com,Guillermo Castro,Chief Human Resources Officer (CHRO),C_SUITE,HR_PEOPLE,gcastro@metalurgicadelpaci.com,VERIFIED,85,+525443591580,2026-09-06T14:31:01.213653+00:00
Industrial Manufacturing & Transformation,METALURGICA DEL PACIFICO 87 S.A.B. DE C.V.,metalurgicadelpaci.com,Andrea López,Chief Technology Officer (CTO),C_SUITE,ENGINEERING_IT,alópez@metalurgicadelpaci.com,VERIFIED,85,+525482421173,2026-09-06T14:31:01.213653+00:00
Industrial Manufacturing & Transformation,METALURGICA DEL NORTE S. DE R.L. DE C.V.,metalurgicadelnort.com,Adriana González,Chief Executive Officer (CEO),C_SUITE,EXECUTIVE,agonzález@metalurgicadelnort.com,VERIFIED,85,+527243560132,2026-09-06T14:31:01.213653+00:00
Industrial Manufacturing & Transformation,METALURGICA DEL NORTE S. DE R.L. DE C.V.,metalurgicadelnort.com,Hector Salinas,Chief Executive Officer (CEO),C_SUITE,EXECUTIVE,hsalinas@metalurgicadelnort.com,VERIFIED,85,+528367360638,2026-09-06T14:31:01.213653+00:00
Industrial Manufacturing & Transformation,METALURGICA DEL NORTE S.A. DE C.V.,metalurgicadelnort.mx,Adriana Castro,Chief Revenue Officer (CRO),C_SUITE,SALES_MARKETING,acastro@metalurgicadelnort.mx,VERIFIED,85,+528942305816,2026-09-06T14:31:01.213653+00:00
Industrial Manufacturing & Transformation,GRUPO INDUSTRIAL MEXICANA S. DE R.L. DE C.V.,grupoindustrialmex.com,Andrea Castro,Chief Technology Officer (CTO),C_SUITE,ENGINEERING_IT,acastro@grupoindustrialmex.com,VERIFIED,85,+527787720825,2026-09-06T14:31:01.215624+00:00
Industrial Manufacturing & Transformation,GRUPO INDUSTRIAL INTERNACIONAL S.C.,grupoindustrialint.com,Alejandro Mendoza,Chief Technology Officer (CTO),C_SUITE,ENGINEERING_IT,amendoza@grupoindustrialint.com,VERIFIED,85,+527178075339,2026-09-06T14:31:01.215624+00:00
Industrial Manufacturing & Transformation,GRUPO INDUSTRIAL INTERNACIONAL S.C.,grupoindustrialint.com,Fernando Mendoza,Founder,FOUNDER,EXECUTIVE,fmendoza@grupoindustrialint.com,VERIFIED,85,+528016294938,2026-09-06T14:31:01.215624+00:00
Industrial Manufacturing & Transformation,GRUPO INDUSTRIAL INTERNACIONAL S.C.,grupoindustrialint.com,Andrea Martínez,Chief Technology Officer (CTO),C_SUITE,ENGINEERING_IT,amartínez@grupoindustrialint.com,VERIFIED,85,+526623335612,2026-09-06T14:31:01.215624+00:00
Industrial Manufacturing & Transformation,GRUPO INDUSTRIAL INTERNACIONAL S.C.,grupoindustrialint.com,Guillermo Benítez,Chief Operating Officer (COO),C_SUITE,OPERATIONS,gbenítez@grupoindustrialint.com.mx,VERIFIED,85,+528772243633,2026-09-06T14:31:01.215624+00:00
Industrial Manufacturing & Transformation,GRUPO INDUSTRIAL INTERNACIONAL S.C.,grupoindustrialint.com,Javier Villaseñor,Chief Revenue Officer (CRO),C_SUITE,SALES_MARKETING,jvillaseñor@grupoindustrialint.com,VERIFIED,85,+524773995176,2026-09-06T14:31:01.215624+00:00
Industrial Manufacturing & Transformation,GRUPO INDUSTRIAL AVANZADA S. DE R.L. DE C.V.,grupoindustrialava.mx,Alejandro Alarcón,Chief Technology Officer (CTO),C_SUITE,ENGINEERING_IT,aalarcón@grupoindustrialava.mx,VERIFIED,85,+524058243908,2026-09-06T14:31:01.215624+00:00
Industrial Manufacturing & Transformation,GRUPO INDUSTRIAL AVANZADA S. DE R.L. DE C.V.,grupoindustrialava.mx,Javier Ruiz,Chief Executive Officer (CEO),C_SUITE,EXECUTIVE,jruiz@grupoindustrialava.mx,VERIFIED,85,+527998820052,2026-09-06T14:31:01.215624+00:00
Industrial Manufacturing & Transformation,GRUPO INDUSTRIAL AVANZADA S. DE R.L. DE C.V.,grupoindustrialava.mx,Jorge González,Chief Human Resources Officer (CHRO),C_SUITE,HR_PEOPLE,jgonzález@grupoindustrialava.mx,VERIFIED,85,+526067437598,2026-09-06T14:31:01.215624+00:00
Industrial Manufacturing & Transformation,GRUPO INDUSTRIAL INDUSTRIAL S.A.P.I. DE C.V.,grupoindustrialind.com,Carlos Treviño,Chief Financial Officer (CFO),C_SUITE,FINANCE,ctreviño@grupoindustrialind.com,VERIFIED,85,+525385894141,2026-09-06T14:31:01.215624+00:00
Industrial Manufacturing & Transformation,GRUPO INDUSTRIAL INDUSTRIAL S.A.P.I. DE C.V.,grupoindustrialind.com,Rodrigo García,Chief Financial Officer (CFO),C_SUITE,FINANCE,rgarcía@grupoindustrialind.com,VERIFIED,85,+529346338063,2026-09-06T14:31:01.215624+00:00
Industrial Manufacturing & Transformation,GRUPO INDUSTRIAL DE OCCIDENTE S.A.S.,grupoindustrialdeo.com.mx,David Valenzuela,Chief Revenue Officer (CRO),C_SUITE,SALES_MARKETING,dvalenzuela@grupoindustrialdeo.com.mx,VERIFIED,85,+528156889391,2026-09-06T14:31:01.215624+00:00
Industrial Manufacturing & Transformation,GRUPO INDUSTRIAL DE OCCIDENTE S.A.S.,grupoindustrialdeo.com.mx,Roberto Treviño,Chief Operating Officer (COO),C_SUITE,OPERATIONS,rtreviño@grupoindustrialdeo.com.mx,VERIFIED,85,+527319498039,2026-09-06T14:31:01.215624+00:00
Industrial Manufacturing & Transformation,GRUPO INDUSTRIAL DE OCCIDENTE S.A.S.,grupoindustrialdeo.com.mx,Andrea Salinas,Chief Financial Officer (CFO),C_SUITE,FINANCE,asalinas@grupoindustrialdeo.mx,VERIFIED,85,+527290940793,2026-09-06T14:31:01.215624+00:00
Industrial Manufacturing & Transformation,GRUPO INDUSTRIAL DE OCCIDENTE S.A.S.,grupoindustrialdeo.com.mx,Fernando Ruiz,Chief Human Resources Officer (CHRO),C_SUITE,HR_PEOPLE,fruiz@grupoindustrialdeo.com.mx,VERIFIED,85,+525783928417,2026-09-06T14:31:01.215624+00:00
Industrial Manufacturing & Transformation,GRUPO INDUSTRIAL DEL BAJIO 98 S.C.,grupoindustrialdel.mx,Patricia Garza,Chief Revenue Officer (CRO),C_SUITE,SALES_MARKETING,pgarza@grupoindustrialdel.mx,VERIFIED,85,+529732295224,2026-09-06T14:31:01.215624+00:00
Industrial Manufacturing & Transformation,GRUPO INDUSTRIAL DEL BAJIO 98 S.C.,grupoindustrialdel.mx,Hector Vega,Chief Executive Officer (CEO),C_SUITE,EXECUTIVE,hvega@grupoindustrialdel.mx,VERIFIED,85,+528439405436,2026-09-06T14:31:01.215624+00:00
Industrial Manufacturing & Transformation,GRUPO INDUSTRIAL DEL BAJIO 98 S.C.,grupoindustrialdel.mx,Sofia Treviño,Chief Human Resources Officer (CHRO),C_SUITE,HR_PEOPLE,streviño@grupoindustrialdel.mx,VERIFIED,85,+526039611395,2026-09-06T14:31:01.215624+00:00
Industrial Manufacturing & Transformation,GRUPO INDUSTRIAL DEL BAJIO 98 S.C.,grupoindustrialdel.mx,Eduardo Castro,Chief Operating Officer (COO),C_SUITE,OPERATIONS,ecastro@grupoindustrialdel.mx,VERIFIED,85,+524843621056,2026-09-06T14:31:01.215624+00:00
Industrial Manufacturing & Transformation,GRUPO INDUSTRIAL DEL BAJIO 98 S.C.,grupoindustrialdel.mx,David Hernández,Founder,FOUNDER,EXECUTIVE,dhernández@grupoindustrialdel.mx,VERIFIED,85,+524551024889,2026-09-06T14:31:01.215624+00:00
Industrial Manufacturing & Transformation,GRUPO INDUSTRIAL MODERNA S.A.B. DE C.V.,grupoindustrialmod.com.mx,Luis Castro,Founder,FOUNDER,EXECUTIVE,lcastro@grupoindustrialmod.com.mx,VERIFIED,85,+524297634756,2026-09-06T14:31:01.215624+00:00
Industrial Manufacturing & Transformation,GRUPO INDUSTRIAL MODERNA S.A.B. DE C.V.,grupoindustrialmod.com.mx,Jorge Dominguez,Founder,FOUNDER,EXECUTIVE,jdominguez@grupoindustrialmod.mx,VERIFIED,85,+528259042546,2026-09-06T14:31:01.215624+00:00
Industrial Manufacturing & Transformation,GRUPO INDUSTRIAL MODERNA S.A.B. DE C.V.,grupoindustrialmod.com.mx,Hector Ruiz,Chief Operating Officer (COO),C_SUITE,OPERATIONS,hruiz@grupoindustrialmod.com.mx,VERIFIED,85,+524682957843,2026-09-06T14:31:01.215624+00:00
Industrial Manufacturing & Transformation,GRUPO INDUSTRIAL GLOBAL S.A.P.I. DE C.V.,grupoindustrialglo.com,Roberto Mendoza,Chief Human Resources Officer (CHRO),C_SUITE,HR_PEOPLE,rmendoza@grupoindustrialglo.com,VERIFIED,85,+525065752064,2026-09-06T14:31:01.215624+00:00
Industrial Manufacturing & Transformation,GRUPO INDUSTRIAL GLOBAL S.A.P.I. DE C.V.,grupoindustrialglo.com,Luis Martínez,Chief Executive Officer (CEO),C_SUITE,EXECUTIVE,lmartínez@grupoindustrialglo.mx,VERIFIED,85,+527735210375,2026-09-06T14:31:01.215624+00:00
Industrial Manufacturing & Transformation,GRUPO INDUSTRIAL NACIONAL S.A.P.I. DE C.V.,grupoindustrialnac.mx,Jorge Garza,Chief Operating Officer (COO),C_SUITE,OPERATIONS,jgarza@grupoindustrialnac.mx,VERIFIED,85,+526169955996,2026-09-06T14:31:01.215624+00:00
Industrial Manufacturing & Transformation,GRUPO INDUSTRIAL INTERNACIONAL S.A.P.I. DE C.V.,grupoindustrialint.mx,Claudia Ruiz,Chief Technology Officer (CTO),C_SUITE,ENGINEERING_IT,cruiz@grupoindustrialint.mx,VERIFIED,85,+524459266429,2026-09-06T14:31:01.215624+00:00
Industrial Manufacturing & Transformation,GRUPO INDUSTRIAL INTERNACIONAL S.A.P.I. DE C.V.,grupoindustrialint.mx,Miguel González,Chief Human Resources Officer (CHRO),C_SUITE,HR_PEOPLE,mgonzález@grupoindustrialint.mx,VERIFIED,85,+528347208548,2026-09-06T14:31:01.216312+00:00
Industrial Manufacturing & Transformation,GRUPO INDUSTRIAL DEL PACIFICO S.A.B. DE C.V.,grupoindustrialdel.com,Jorge Dominguez,Chief Operating Officer (COO),C_SUITE,OPERATIONS,jdominguez@grupoindustrialdel.com,VERIFIED,85,+529187812408,2026-09-06T14:31:01.216312+00:00
Industrial Manufacturing & Transformation,GRUPO INDUSTRIAL DEL PACIFICO S.A.B. DE C.V.,grupoindustrialdel.com,Guillermo Mendoza,Chief Operating Officer (COO),C_SUITE,OPERATIONS,gmendoza@grupoindustrialdel.com,VERIFIED,85,+525177612311,2026-09-06T14:31:01.216312+00:00
Industrial Manufacturing & Transformation,GRUPO INDUSTRIAL DEL PACIFICO S.A.B. DE C.V.,grupoindustrialdel.com,Andrea Garza,Chief Executive Officer (CEO),C_SUITE,EXECUTIVE,agarza@grupoindustrialdel.com,VERIFIED,85,+525022885743,2026-09-06T14:31:01.216312+00:00
Industrial Manufacturing & Transformation,GRUPO INDUSTRIAL DEL PACIFICO S.A.B. DE C.V.,grupoindustrialdel.com,Rodrigo Salinas,Chief Revenue Officer (CRO),C_SUITE,SALES_MARKETING,rsalinas@grupoindustrialdel.com,VERIFIED,85,+527579869486,2026-09-06T14:31:01.216312+00:00
Industrial Manufacturing & Transformation,GRUPO INDUSTRIAL DEL PACIFICO S.A.B. DE C.V.,grupoindustrialdel.com,Sofia Hernández,Chief Revenue Officer (CRO),C_SUITE,SALES_MARKETING,shernández@grupoindustrialdel.com,VERIFIED,85,+525035646214,2026-09-06T14:31:01.216312+00:00
Industrial Manufacturing & Transformation,GRUPO INDUSTRIAL DEL PACIFICO S.A.B. DE C.V.,grupoindustrialdel.com,Gabriel López,Chief Operating Officer (COO),C_SUITE,OPERATIONS,glópez@grupoindustrialdel.com,VERIFIED,85,+527271820341,2026-09-06T14:31:01.216312+00:00
Industrial Manufacturing & Transformation,GRUPO INDUSTRIAL DEL PACIFICO S.A.B. DE C.V.,grupoindustrialdel.com,Sofia Morales,Chief Executive Officer (CEO),C_SUITE,EXECUTIVE,smorales@grupoindustrialdel.com,VERIFIED,85,+526526154814,2026-09-06T14:31:01.216312+00:00
Industrial Manufacturing & Transformation,GRUPO INDUSTRIAL DEL PACIFICO S.A.B. DE C.V.,grupoindustrialdel.com,Guillermo Garza,Chief Human Resources Officer (CHRO),C_SUITE,HR_PEOPLE,ggarza@grupoindustrialdel.com,VERIFIED,85,+525196959665,2026-09-06T14:31:01.216312+00:00
Industrial Manufacturing & Transformation,GRUPO INDUSTRIAL DEL PACIFICO S.A.B. DE C.V.,grupoindustrialdel.com,Guillermo Ruiz,Chief Executive Officer (CEO),C_SUITE,EXECUTIVE,gruiz@grupoindustrialdel.com,VERIFIED,85,+525899120313,2026-09-06T14:31:01.216312+00:00
Industrial Manufacturing & Transformation,GRUPO INDUSTRIAL DEL PACIFICO S.A.B. DE C.V.,grupoindustrialdel.com,Javier Villaseñor,Chief Technology Officer (CTO),C_SUITE,ENGINEERING_IT,jvillaseñor@grupoindustrialdel.com,VERIFIED,85,+524788486316,2026-09-06T14:31:01.216312+00:00
Industrial Manufacturing & Transformation,GRUPO INDUSTRIAL DE LAS AMERICAS S.A.S.,grupoindustrialdel.com.mx,David Ruiz,Chief Financial Officer (CFO),C_SUITE,FINANCE,druiz@grupoindustrialdel.com.mx,VERIFIED,85,+524425678020,2026-09-06T14:31:01.216312+00:00
Industrial Manufacturing & Transformation,GRUPO INDUSTRIAL DE LAS AMERICAS S.A.S.,grupoindustrialdel.com.mx,Hector Valenzuela,Founder,FOUNDER,EXECUTIVE,hvalenzuela@grupoindustrialdel.com.mx,VERIFIED,85,+526079166147,2026-09-06T14:31:01.216312+00:00
Industrial Manufacturing & Transformation,GRUPO INDUSTRIAL DE LAS AMERICAS S.A.S.,grupoindustrialdel.com.mx,David Valenzuela,Founder,FOUNDER,EXECUTIVE,dvalenzuela@grupoindustrialdel.com.mx,VERIFIED,85,+526848824276,2026-09-06T14:31:01.216312+00:00
Industrial Manufacturing & Transformation,GRUPO INDUSTRIAL NACIONAL S.A.P.I. DE C.V.,grupoindustrialnac.com,Daniel Villaseñor,Chief Executive Officer (CEO),C_SUITE,EXECUTIVE,dvillaseñor@grupoindustrialnac.com,VERIFIED,85,+527262784000,2026-09-06T14:31:01.216312+00:00
Industrial Manufacturing & Transformation,GRUPO INDUSTRIAL NACIONAL S.A.P.I. DE C.V.,grupoindustrialnac.com,Patricia Martínez,Chief Executive Officer (CEO),C_SUITE,EXECUTIVE,pmartínez@grupoindustrialnac.com.mx,VERIFIED,85,+526630413048,2026-09-06T14:31:01.216312+00:00
Industrial Manufacturing & Transformation,GRUPO INDUSTRIAL NACIONAL S.A.P.I. DE C.V.,grupoindustrialnac.com,Jorge Castro,Chief Operating Officer (COO),C_SUITE,OPERATIONS,jcastro@grupoindustrialnac.com,VERIFIED,85,+527681327849,2026-09-06T14:31:01.216312+00:00
Industrial Manufacturing & Transformation,GRUPO INDUSTRIAL EMPRESARIAL S.A. DE C.V.,grupoindustrialemp.com,Fernando Martínez,Chief Executive Officer (CEO),C_SUITE,EXECUTIVE,fmartínez@grupoindustrialemp.com,VERIFIED,85,+529648555719,2026-09-06T14:31:01.216312+00:00
Industrial Manufacturing & Transformation,GRUPO INDUSTRIAL MEXICANA S.A.P.I. DE C.V.,grupoindustrialmex.com.mx,Luis Salinas,Chief Executive Officer (CEO),C_SUITE,EXECUTIVE,lsalinas@grupoindustrialmex.com.mx,VERIFIED,85,+527170385136,2026-09-06T14:31:01.216312+00:00
Industrial Manufacturing & Transformation,GRUPO INDUSTRIAL MEXICANA S.A.P.I. DE C.V.,grupoindustrialmex.com.mx,Gabriel Valenzuela,Founder,FOUNDER,EXECUTIVE,gvalenzuela@grupoindustrialmex.com.mx,VERIFIED,85,+526665705710,2026-09-06T14:31:01.216312+00:00
Industrial Manufacturing & Transformation,GRUPO INDUSTRIAL LATINOAMERICANA 63 S. DE R.L. DE C.V.,grupoindustriallat.com.mx,Patricia Vega,Chief Technology Officer (CTO),C_SUITE,ENGINEERING_IT,pvega@grupoindustriallat.com.mx,VERIFIED,85,+527328459110,2026-09-06T14:31:01.216312+00:00
Industrial Manufacturing & Transformation,GRUPO INDUSTRIAL LATINOAMERICANA 63 S. DE R.L. DE C.V.,grupoindustriallat.com.mx,Roberto Navarro,Chief Human Resources Officer (CHRO),C_SUITE,HR_PEOPLE,rnavarro@grupoindustriallat.com.mx,VERIFIED,85,+529162162094,2026-09-06T14:31:01.216312+00:00
Industrial Manufacturing & Transformation,GRUPO INDUSTRIAL ESPECIALIZADA S.A.B. DE C.V.,grupoindustrialesp.mx,Patricia Dominguez,Chief Human Resources Officer (CHRO),C_SUITE,HR_PEOPLE,pdominguez@grupoindustrialesp.mx,VERIFIED,85,+525191056070,2026-09-06T14:31:01.216312+00:00
Industrial Manufacturing & Transformation,GRUPO INDUSTRIAL DINAMICA 61 S.A.B. DE C.V.,grupoindustrialdin.com,Andrea González,Chief Executive Officer (CEO),C_SUITE,EXECUTIVE,agonzález@grupoindustrialdin.com,VERIFIED,85,+528928782946,2026-09-06T14:31:01.216312+00:00
Industrial Manufacturing & Transformation,GRUPO INDUSTRIAL DINAMICA 61 S.A.B. DE C.V.,grupoindustrialdin.com,Carlos Martínez,Chief Financial Officer (CFO),C_SUITE,FINANCE,cmartínez@grupoindustrialdin.com,VERIFIED,85,+524648593974,2026-09-06T14:31:01.216312+00:00
Industrial Manufacturing & Transformation,GRUPO INDUSTRIAL DINAMICA 61 S.A.B. DE C.V.,grupoindustrialdin.com,Rodrigo Garza,Chief Revenue Officer (CRO),C_SUITE,SALES_MARKETING,rgarza@grupoindustrialdin.com,VERIFIED,85,+525266113638,2026-09-06T14:31:01.216312+00:00
Industrial Manufacturing & Transformation,GRUPO INDUSTRIAL INTEGRAL S.A.S.,grupoindustrialint.com.mx,Carlos Salinas,Chief Human Resources Officer (CHRO),C_SUITE,HR_PEOPLE,csalinas@grupoindustrialint.com.mx,VERIFIED,85,+524073194834,2026-09-06T14:31:01.216312+00:00
Industrial Manufacturing & Transformation,GRUPO INDUSTRIAL MODERNA S.A.B. DE C.V.,grupoindustrialmod.com,Hector García,Chief Human Resources Officer (CHRO),C_SUITE,HR_PEOPLE,hgarcía@grupoindustrialmod.com,VERIFIED,85,+524976629203,2026-09-06T14:31:01.216312+00:00
Industrial Manufacturing & Transformation,GRUPO INDUSTRIAL GLOBAL S. DE R.L. DE C.V.,grupoindustrialglo.com.mx,Hector Hernández,Chief Revenue Officer (CRO),C_SUITE,SALES_MARKETING,hhernández@grupoindustrialglo.com.mx,VERIFIED,85,+527344193589,2026-09-06T14:31:01.216312+00:00
Industrial Manufacturing & Transformation,GRUPO INDUSTRIAL MODERNA 82 S.C.,grupoindustrialmod.mx,Mariana Treviño,Chief Human Resources Officer (CHRO),C_SUITE,HR_PEOPLE,mtreviño@grupoindustrialmod.mx,VERIFIED,85,+525025129843,2026-09-06T14:31:01.216312+00:00
Industrial Manufacturing & Transformation,GRUPO INDUSTRIAL LATINOAMERICANA S.A.B. DE C.V.,grupoindustriallat.mx,Daniel Valenzuela,Chief Revenue Officer (CRO),C_SUITE,SALES_MARKETING,dvalenzuela@grupoindustriallat.mx,VERIFIED,85,+524033685177,2026-09-06T14:31:01.216312+00:00
Industrial Manufacturing & Transformation,GRUPO INDUSTRIAL ESPECIALIZADA 62 S.C.,grupoindustrialesp.com.mx,Luis Martínez,Chief Executive Officer (CEO),C_SUITE,EXECUTIVE,lmartínez@grupoindustrialesp.com.mx,VERIFIED,85,+529173814683,2026-09-06T14:31:01.216312+00:00
Industrial Manufacturing & Transformation,GRUPO INDUSTRIAL AVANZADA S. DE R.L. DE C.V.,grupoindustrialava.com.mx,Luis Castro,Chief Executive Officer (CEO),C_SUITE,EXECUTIVE,lcastro@grupoindustrialava.com.mx,VERIFIED,85,+524581114155,2026-09-06T14:31:01.216312+00:00
Industrial Manufacturing & Transformation,GRUPO INDUSTRIAL AVANZADA S. DE R.L. DE C.V.,grupoindustrialava.com.mx,Andrea Martínez,Chief Revenue Officer (CRO),C_SUITE,SALES_MARKETING,amartínez@grupoindustrialava.com,VERIFIED,85,+529333835981,2026-09-06T14:31:01.216312+00:00
Industrial Manufacturing & Transformation,GRUPO INDUSTRIAL ESTRATEGICA S.A.S.,grupoindustrialest.com,Jorge Navarro,Chief Revenue Officer (CRO),C_SUITE,SALES_MARKETING,jnavarro@grupoindustrialest.com,VERIFIED,85,+529647614319,2026-09-06T14:31:01.216312+00:00
Industrial Manufacturing & Transformation,GRUPO INDUSTRIAL NACIONAL 97 S. DE R.L. DE C.V.,grupoindustrialnac.com.mx,Adriana Villaseñor,Founder,FOUNDER,EXECUTIVE,avillaseñor@grupoindustrialnac.com.mx,VERIFIED,85,+524176309589,2026-09-06T14:31:01.216312+00:00
Industrial Manufacturing & Transformation,GRUPO INDUSTRIAL ESTRATEGICA S.A.P.I. DE C.V.,grupoindustrialest.com.mx,Eduardo Villaseñor,Chief Operating Officer (COO),C_SUITE,OPERATIONS,evillaseñor@grupoindustrialest.com.mx,VERIFIED,85,+526966230801,2026-09-06T14:31:01.216312+00:00
Industrial Manufacturing & Transformation,TRANSFORMADORA MODERNA 90 S. DE R.L. DE C.V.,transformadoramode.com,Luis Ruiz,Chief Financial Officer (CFO),C_SUITE,FINANCE,lruiz@transformadoramode.com,VERIFIED,85,+524019684609,2026-09-06T14:31:01.362206+00:00
Industrial Manufacturing & Transformation,TRANSFORMADORA MODERNA S.A. DE C.V.,transformadoramode.mx,Alejandro Navarro,Chief Human Resources Officer (CHRO),C_SUITE,HR_PEOPLE,anavarro@transformadoramode.mx,VERIFIED,85,+525526811968,2026-09-06T14:31:01.362206+00:00
Industrial Manufacturing & Transformation,TRANSFORMADORA MODERNA S.A. DE C.V.,transformadoramode.mx,Mariana Garza,Chief Executive Officer (CEO),C_SUITE,EXECUTIVE,mgarza@transformadoramode.com.mx,VERIFIED,85,+526128974564,2026-09-06T14:31:01.362206+00:00
Industrial Manufacturing & Transformation,TRANSFORMADORA AVANZADA S.A.P.I. DE C.V.,transformadoraavan.com,David Ruiz,Chief Financial Officer (CFO),C_SUITE,FINANCE,druiz@transformadoraavan.com,VERIFIED,85,+527046197630,2026-09-06T14:31:01.362206+00:00
Industrial Manufacturing & Transformation,TRANSFORMADORA AVANZADA S.A.P.I. DE C.V.,transformadoraavan.com,Javier Castro,Founder,FOUNDER,EXECUTIVE,jcastro@transformadoraavan.mx,VERIFIED,85,+529495503098,2026-09-06T14:31:01.362206+00:00
Industrial Manufacturing & Transformation,TRANSFORMADORA AVANZADA 71 S. DE R.L. DE C.V.,transformadoraavan.com.mx,Sofia Benítez,Founder,FOUNDER,EXECUTIVE,sbenítez@transformadoraavan.com.mx,VERIFIED,85,+525063406329,2026-09-06T14:31:01.362206+00:00
Industrial Manufacturing & Transformation,TRANSFORMADORA AVANZADA 71 S. DE R.L. DE C.V.,transformadoraavan.com.mx,David Castro,Chief Operating Officer (COO),C_SUITE,OPERATIONS,dcastro@transformadoraavan.com.mx,VERIFIED,85,+524094659361,2026-09-06T14:31:01.362206+00:00
Industrial Manufacturing & Transformation,METALURGICA DEL NORTE S.C.,metalurgicadelnort.mx,Carlos Navarro,Chief Executive Officer (CEO),C_SUITE,EXECUTIVE,cnavarro@metalurgicadelnort.mx,VERIFIED,85,+524991627383,2026-09-06T14:31:01.373942+00:00
Industrial Manufacturing & Transformation,METALURGICA DEL PACIFICO S.A.S.,metalurgicadelpaci.com,Sofia Martínez,Chief Technology Officer (CTO),C_SUITE,ENGINEERING_IT,smartínez@metalurgicadelpaci.com,VERIFIED,85,+529128960261,2026-09-06T14:31:01.373942+00:00
Industrial Manufacturing & Transformation,METALURGICA DEL PACIFICO S.A.S.,metalurgicadelpaci.com,Carlos Dominguez,Chief Executive Officer (CEO),C_SUITE,EXECUTIVE,cdominguez@metalurgicadelpaci.com,VERIFIED,85,+527622997364,2026-09-06T14:31:01.373942+00:00
Industrial Manufacturing & Transformation,METALURGICA DEL PACIFICO S.A.S.,metalurgicadelpaci.com,Eduardo Vega,Chief Operating Officer (COO),C_SUITE,OPERATIONS,evega@metalurgicadelpaci.com,VERIFIED,85,+529627369336,2026-09-06T14:31:01.373942+00:00
Industrial Manufacturing & Transformation,METALURGICA DEL PACIFICO S.A.S.,metalurgicadelpaci.com,Daniel González,Chief Financial Officer (CFO),C_SUITE,FINANCE,dgonzález@metalurgicadelpaci.com,VERIFIED,85,+525650182019,2026-09-06T14:31:01.373942+00:00
Industrial Manufacturing & Transformation,METALURGICA DEL BAJIO S. DE R.L. DE C.V.,metalurgicadelbaji.com,Mariana Navarro,Chief Operating Officer (COO),C_SUITE,OPERATIONS,mnavarro@metalurgicadelbaji.com,VERIFIED,85,+529331320949,2026-09-06T14:31:01.373942+00:00
Industrial Manufacturing & Transformation,METALURGICA DEL BAJIO S. DE R.L. DE C.V.,metalurgicadelbaji.com,Jorge Navarro,Chief Operating Officer (COO),C_SUITE,OPERATIONS,jnavarro@metalurgicadelbaji.mx,VERIFIED,85,+528641758639,2026-09-06T14:31:01.373942+00:00
Industrial Manufacturing & Transformation,METALURGICA DEL BAJIO S. DE R.L. DE C.V.,metalurgicadelbaji.com,Eduardo Navarro,Founder,FOUNDER,EXECUTIVE,enavarro@metalurgicadelbaji.mx,VERIFIED,85,+525831964412,2026-09-06T14:31:01.373942+00:00
Industrial Manufacturing & Transformation,METALURGICA DEL BAJIO S. DE R.L. DE C.V.,metalurgicadelbaji.com,Claudia Salinas,Chief Technology Officer (CTO),C_SUITE,ENGINEERING_IT,csalinas@metalurgicadelbaji.com,VERIFIED,85,+524154873889,2026-09-06T14:31:01.373942+00:00
Industrial Manufacturing & Transformation,METALURGICA DEL NORTE 8 S.A.P.I. DE C.V.,metalurgicadelnort.com.mx,Daniel López,Chief Human Resources Officer (CHRO),C_SUITE,HR_PEOPLE,dlópez@metalurgicadelnort.com.mx,VERIFIED,85,+524025063791,2026-09-06T14:31:01.373942+00:00
Industrial Manufacturing & Transformation,METALURGICA DEL CENTRO 73 S.A. DE C.V.,metalurgicadelcent.com,Andrea González,Chief Revenue Officer (CRO),C_SUITE,SALES_MARKETING,agonzález@metalurgicadelcent.com,VERIFIED,85,+526089449435,2026-09-06T14:31:01.373942+00:00
Industrial Manufacturing & Transformation,METALURGICA DEL CENTRO 64 S.A. DE C.V.,metalurgicadelcent.com.mx,Daniel López,Chief Financial Officer (CFO),C_SUITE,FINANCE,dlópez@metalurgicadelcent.com.mx,VERIFIED,85,+526299954552,2026-09-06T14:31:01.373942+00:00
Industrial Manufacturing & Transformation,METALURGICA DEL BAJIO S. DE R.L. DE C.V.,metalurgicadelbaji.com.mx,Jorge Mendoza,Chief Executive Officer (CEO),C_SUITE,EXECUTIVE,jmendoza@metalurgicadelbaji.com.mx,VERIFIED,85,+527136771048,2026-09-06T14:31:01.373942+00:00
Industrial Manufacturing & Transformation,METALURGICA DEL BAJIO S.A.B. DE C.V.,metalurgicadelbaji.mx,Guillermo Martínez,Chief Executive Officer (CEO),C_SUITE,EXECUTIVE,gmartínez@metalurgicadelbaji.mx,VERIFIED,85,+528573681430,2026-09-06T14:31:01.373942+00:00
Industrial Manufacturing & Transformation,METALURGICA DEL PACIFICO S.A.P.I. DE C.V.,metalurgicadelpaci.mx,Andrea García,Founder,FOUNDER,EXECUTIVE,agarcía@metalurgicadelpaci.mx,VERIFIED,85,+527681925581,2026-09-06T14:31:01.373942+00:00
Industrial Manufacturing & Transformation,METALURGICA DEL PACIFICO S.C.,metalurgicadelpaci.com.mx,Claudia Salinas,Chief Executive Officer (CEO),C_SUITE,EXECUTIVE,csalinas@metalurgicadelpaci.com.mx,VERIFIED,85,+529943093581,2026-09-06T14:31:01.373942+00:00
Industrial Manufacturing & Transformation,METALURGICA DEL PACIFICO S.C.,metalurgicadelpaci.com.mx,Miguel Villaseñor,Chief Executive Officer (CEO),C_SUITE,EXECUTIVE,mvillaseñor@metalurgicadelpaci.com.mx,VERIFIED,85,+527116669409,2026-09-06T14:31:01.373942+00:00
Industrial Manufacturing & Transformation,METALURGICA DEL PACIFICO S.C.,metalurgicadelpaci.com.mx,Rodrigo López,Chief Operating Officer (COO),C_SUITE,OPERATIONS,rlópez@metalurgicadelpaci.com.mx,VERIFIED,85,+524874892578,2026-09-06T14:31:01.373942+00:00
Industrial Manufacturing & Transformation,TRANSFORMADORA INTEGRAL 75 S.C.,transformadorainte.com.mx,Sofia Villaseñor,Chief Human Resources Officer (CHRO),C_SUITE,HR_PEOPLE,svillaseñor@transformadorainte.com.mx,VERIFIED,85,+529780574874,2026-09-06T14:31:01.373942+00:00
Industrial Manufacturing & Transformation,TRANSFORMADORA INTEGRAL 24 S. DE R.L. DE C.V.,transformadorainte.mx,Patricia Benítez,Founder,FOUNDER,EXECUTIVE,pbenítez@transformadorainte.mx,VERIFIED,85,+529557720788,2026-09-06T14:31:01.373942+00:00
Industrial Manufacturing & Transformation,TRANSFORMADORA INTEGRAL 24 S. DE R.L. DE C.V.,transformadorainte.mx,David Salinas,Founder,FOUNDER,EXECUTIVE,dsalinas@transformadorainte.mx,VERIFIED,85,+528399509246,2026-09-06T14:31:01.373942+00:00
Industrial Manufacturing & Transformation,TRANSFORMADORA INTEGRAL S.C.,transformadorainte.com,Gabriel García,Founder,FOUNDER,EXECUTIVE,ggarcía@transformadorainte.com,VERIFIED,85,+524979609932,2026-09-06T14:31:01.373942+00:00
Industrial Manufacturing & Transformation,TRANSFORMADORA ESTRATEGICA S.A. DE C.V.,transformadoraestr.com,Patricia García,Chief Executive Officer (CEO),C_SUITE,EXECUTIVE,pgarcía@transformadoraestr.com,VERIFIED,85,+523382883764,2026-09-06T14:31:01.377311+00:00
Industrial Manufacturing & Transformation,TRANSFORMADORA ESTRATEGICA S.A. DE C.V.,transformadoraestr.com,Jorge López,Chief Executive Officer (CEO),C_SUITE,EXECUTIVE,jlópez@transformadoraestr.com,VERIFIED,85,+523310108560,2026-09-06T14:31:01.377311+00:00
Industrial Manufacturing & Transformation,TRANSFORMADORA ESTRATEGICA 92 S.A.B. DE C.V.,transformadoraestr.com.mx,David Morales,Chief Executive Officer (CEO),C_SUITE,EXECUTIVE,dmorales@transformadoraestr.com.mx,VERIFIED,85,+523399797160,2026-09-06T14:31:01.377311+00:00
Industrial Manufacturing & Transformation,TRANSFORMADORA ESPECIALIZADA S. DE R.L. DE C.V.,transformadoraespe.mx,Alejandro Ruiz,Chief Technology Officer (CTO),C_SUITE,ENGINEERING_IT,aruiz@transformadoraespe.mx,VERIFIED,85,+528065054225,2026-09-06T14:31:01.378457+00:00
Industrial Manufacturing & Transformation,TRANSFORMADORA ESPECIALIZADA S. DE R.L. DE C.V.,transformadoraespe.mx,Mariana Morales,Founder,FOUNDER,EXECUTIVE,mmorales@transformadoraespe.mx,VERIFIED,85,+529933000551,2026-09-06T14:31:01.378457+00:00
Industrial Manufacturing & Transformation,TRANSFORMADORA ESPECIALIZADA S. DE R.L. DE C.V.,transformadoraespe.mx,Adriana Castro,Founder,FOUNDER,EXECUTIVE,acastro@transformadoraespe.mx,VERIFIED,85,+529048350274,2026-09-06T14:31:01.378457+00:00
Industrial Manufacturing & Transformation,TRANSFORMADORA INTEGRAL S.A.B. DE C.V.,transformadorainte.mx,Gabriel Martínez,Chief Human Resources Officer (CHRO),C_SUITE,HR_PEOPLE,gmartínez@transformadorainte.mx,VERIFIED,85,+524945289218,2026-09-06T14:31:01.378457+00:00
Industrial Manufacturing & Transformation,TRANSFORMADORA INTEGRAL S. DE R.L. DE C.V.,transformadorainte.com,Jorge Villaseñor,Founder,FOUNDER,EXECUTIVE,jvillaseñor@transformadorainte.com,VERIFIED,85,+526184863395,2026-09-06T14:31:01.378457+00:00
Industrial Manufacturing & Transformation,TRANSFORMADORA INTEGRAL S.A. DE C.V.,transformadorainte.com.mx,Daniel López,Chief Operating Officer (COO),C_SUITE,OPERATIONS,dlópez@transformadorainte.com.mx,VERIFIED,85,+528383251747,2026-09-06T14:31:01.378457+00:00
Industrial Manufacturing & Transformation,TRANSFORMADORA DEL NORTE S.A.S.,transformadoradeln.com,Eduardo Benítez,Chief Revenue Officer (CRO),C_SUITE,SALES_MARKETING,ebenítez@transformadoradeln.com,VERIFIED,85,+527817049328,2026-09-06T14:31:01.378457+00:00
Industrial Manufacturing & Transformation,TRANSFORMADORA DEL NORTE S.A.S.,transformadoradeln.com,Patricia Hernández,Chief Financial Officer (CFO),C_SUITE,FINANCE,phernández@transformadoradeln.com,VERIFIED,85,+528047258184,2026-09-06T14:31:01.378457+00:00
Industrial Manufacturing & Transformation,TRANSFORMADORA DEL NORTE S.A.S.,transformadoradeln.com,Guillermo Benítez,Chief Financial Officer (CFO),C_SUITE,FINANCE,gbenítez@transformadoradeln.com,VERIFIED,85,+527561222405,2026-09-06T14:31:01.378457+00:00
Industrial Manufacturing & Transformation,TRANSFORMADORA DEL NORTE S.A.S.,transformadoradeln.com,Hector Navarro,Chief Human Resources Officer (CHRO),C_SUITE,HR_PEOPLE,hnavarro@transformadoradeln.com,VERIFIED,85,+529190912494,2026-09-06T14:31:01.378457+00:00
Industrial Manufacturing & Transformation,TRANSFORMADORA DEL CENTRO S.A. DE C.V.,transformadoradelc.com.mx,Sofia Vega,Chief Technology Officer (CTO),C_SUITE,ENGINEERING_IT,svega@transformadoradelc.com.mx,VERIFIED,85,+525351002483,2026-09-06T14:31:01.378457+00:00
Industrial Manufacturing & Transformation,TRANSFORMADORA DEL CENTRO S.A. DE C.V.,transformadoradelc.com.mx,Patricia Valenzuela,Chief Financial Officer (CFO),C_SUITE,FINANCE,pvalenzuela@transformadoradelc.com.mx,VERIFIED,85,+529141087798,2026-09-06T14:31:01.378457+00:00
Industrial Manufacturing & Transformation,TRANSFORMADORA DEL CENTRO S. DE R.L. DE C.V.,transformadoradelc.mx,Gabriel Hernández,Chief Executive Officer (CEO),C_SUITE,EXECUTIVE,ghernández@transformadoradelc.mx,VERIFIED,85,+528655611735,2026-09-06T14:31:01.378457+00:00
Industrial Manufacturing & Transformation,TRANSFORMADORA DEL BAJIO S. DE R.L. DE C.V.,transformadoradelb.mx,Alejandro Dominguez,Chief Executive Officer (CEO),C_SUITE,EXECUTIVE,adominguez@transformadoradelb.mx,VERIFIED,85,+525557939796,2026-09-06T14:31:01.378457+00:00
Industrial Manufacturing & Transformation,TRANSFORMADORA DEL BAJIO S. DE R.L. DE C.V.,transformadoradelb.mx,Andrea Navarro,Chief Technology Officer (CTO),C_SUITE,ENGINEERING_IT,anavarro@transformadoradelb.mx,VERIFIED,85,+528214446708,2026-09-06T14:31:01.378457+00:00
Industrial Manufacturing & Transformation,TRANSFORMADORA DEL BAJIO S. DE R.L. DE C.V.,transformadoradelb.mx,Guillermo Hernández,Chief Executive Officer (CEO),C_SUITE,EXECUTIVE,ghernández@transformadoradelb.mx,VERIFIED,85,+529931464517,2026-09-06T14:31:01.378457+00:00
Industrial Manufacturing & Transformation,TRANSFORMADORA DEL PACIFICO S.A.B. DE C.V.,transformadoradelp.com,Carlos Morales,Chief Human Resources Officer (CHRO),C_SUITE,HR_PEOPLE,cmorales@transformadoradelp.com,VERIFIED,85,+528353572632,2026-09-06T14:31:01.378457+00:00
Industrial Manufacturing & Transformation,TRANSFORMADORA DEL NORTE S.A.P.I. DE C.V.,transformadoradeln.com.mx,David Villaseñor,Chief Technology Officer (CTO),C_SUITE,ENGINEERING_IT,dvillaseñor@transformadoradeln.com.mx,VERIFIED,85,+525870725659,2026-09-06T14:31:01.378457+00:00
Industrial Manufacturing & Transformation,TRANSFORMADORA DEL NORTE S.A.P.I. DE C.V.,transformadoradeln.com.mx,Rodrigo Valenzuela,Chief Financial Officer (CFO),C_SUITE,FINANCE,rvalenzuela@transformadoradeln.com.mx,VERIFIED,85,+525138898871,2026-09-06T14:31:01.378457+00:00
Industrial Manufacturing & Transformation,TRANSFORMADORA DEL NORTE S.C.,transformadoradeln.mx,Rodrigo Martínez,Chief Executive Officer (CEO),C_SUITE,EXECUTIVE,rmartínez@transformadoradeln.mx,VERIFIED,85,+525624667346,2026-09-06T14:31:01.378457+00:00
Industrial Manufacturing & Transformation,TRANSFORMADORA DEL BAJIO S.A.S.,transformadoradelb.com.mx,Sofia Dominguez,Chief Executive Officer (CEO),C_SUITE,EXECUTIVE,sdominguez@transformadoradelb.com.mx,VERIFIED,85,+527222344385,2026-09-06T14:31:01.378457+00:00
Industrial Manufacturing & Transformation,TRANSFORMADORA DEL CENTRO 47 S. DE R.L. DE C.V.,transformadoradelc.com,Sofia Navarro,Chief Operating Officer (COO),C_SUITE,OPERATIONS,snavarro@transformadoradelc.com,VERIFIED,85,+528045734895,2026-09-06T14:31:01.378457+00:00
Industrial Manufacturing & Transformation,METALURGICA MEXICANA S.A.B. DE C.V.,metalurgicamexican.mx,Roberto Benítez,Chief Technology Officer (CTO),C_SUITE,ENGINEERING_IT,rbenítez@metalurgicamexican.mx,VERIFIED,85,+529488507588,2026-09-06T14:31:01.378457+00:00
Industrial Manufacturing & Transformation,METALURGICA MEXICANA S.A.B. DE C.V.,metalurgicamexican.mx,Mariana Ruiz,Chief Executive Officer (CEO),C_SUITE,EXECUTIVE,mruiz@metalurgicamexican.mx,VERIFIED,85,+524734384264,2026-09-06T14:31:01.378457+00:00
Industrial Manufacturing & Transformation,METALURGICA MEXICANA S.A. DE C.V.,metalurgicamexican.com.mx,Gabriel Navarro,Chief Technology Officer (CTO),C_SUITE,ENGINEERING_IT,gnavarro@metalurgicamexican.com.mx,VERIFIED,85,+527648251157,2026-09-06T14:31:01.378457+00:00
Industrial Manufacturing & Transformation,METALURGICA MEXICANA S.A. DE C.V.,metalurgicamexican.com.mx,Carlos Navarro,Chief Revenue Officer (CRO),C_SUITE,SALES_MARKETING,cnavarro@metalurgicamexican.com.mx,VERIFIED,85,+529581342578,2026-09-06T14:31:01.378457+00:00
Industrial Manufacturing & Transformation,METALURGICA MEXICANA S.A. DE C.V.,metalurgicamexican.com.mx,Javier Ruiz,Chief Executive Officer (CEO),C_SUITE,EXECUTIVE,jruiz@metalurgicamexican.com.mx,VERIFIED,85,+527875068295,2026-09-06T14:31:01.378457+00:00
Industrial Manufacturing & Transformation,TRANSFORMADORA DE OCCIDENTE S.A. DE C.V.,transformadoradeoc.com.mx,Sofia Treviño,Chief Human Resources Officer (CHRO),C_SUITE,HR_PEOPLE,streviño@transformadoradeoc.com.mx,VERIFIED,85,+525882896013,2026-09-06T14:31:01.378457+00:00
Industrial Manufacturing & Transformation,TRANSFORMADORA DE OCCIDENTE S.A. DE C.V.,transformadoradeoc.com.mx,Jorge Salinas,Chief Technology Officer (CTO),C_SUITE,ENGINEERING_IT,jsalinas@transformadoradeoc.com.mx,VERIFIED,85,+524828856444,2026-09-06T14:31:01.378457+00:00
Industrial Manufacturing & Transformation,TRANSFORMADORA DE OCCIDENTE S.A. DE C.V.,transformadoradeoc.com.mx,Alejandro Treviño,Chief Operating Officer (COO),C_SUITE,OPERATIONS,atreviño@transformadoradeoc.mx,VERIFIED,85,+525267782100,2026-09-06T14:31:01.378457+00:00
Industrial Manufacturing & Transformation,TRANSFORMADORA DE OCCIDENTE S.A. DE C.V.,transformadoradeoc.com.mx,Javier García,Chief Operating Officer (COO),C_SUITE,OPERATIONS,jgarcía@transformadoradeoc.mx,VERIFIED,85,+529575930228,2026-09-06T14:31:01.378457+00:00
Industrial Manufacturing & Transformation,TRANSFORMADORA DE LAS AMERICAS S.A.S.,transformadoradela.com,Guillermo Treviño,Chief Executive Officer (CEO),C_SUITE,EXECUTIVE,gtreviño@transformadoradela.com,VERIFIED,85,+527417792501,2026-09-06T14:31:01.378457+00:00
Industrial Manufacturing & Transformation,TRANSFORMADORA DE LAS AMERICAS S.A.S.,transformadoradela.com,Claudia Dominguez,Chief Executive Officer (CEO),C_SUITE,EXECUTIVE,cdominguez@transformadoradela.com,VERIFIED,85,+528283096997,2026-09-06T14:31:01.378457+00:00
Industrial Manufacturing & Transformation,TRANSFORMADORA DE OCCIDENTE S. DE R.L. DE C.V.,transformadoradeoc.mx,Roberto Salinas,Chief Financial Officer (CFO),C_SUITE,FINANCE,rsalinas@transformadoradeoc.mx,VERIFIED,85,+528456785549,2026-09-06T14:31:01.378457+00:00
Industrial Manufacturing & Transformation,TRANSFORMADORA DE LAS AMERICAS S.A. DE C.V.,transformadoradela.com.mx,Mariana García,Founder,FOUNDER,EXECUTIVE,mgarcía@transformadoradela.com.mx,VERIFIED,85,+529570497841,2026-09-06T14:31:01.378457+00:00
Industrial Manufacturing & Transformation,GRUPO INDUSTRIAL INDUSTRIAL S.A.B. DE C.V.,grupoindustrialind.mx,Jorge Alarcón,Chief Technology Officer (CTO),C_SUITE,ENGINEERING_IT,jalarcón@grupoindustrialind.mx,VERIFIED,85,+529462548889,2026-09-06T14:31:01.378457+00:00
Industrial Manufacturing & Transformation,GRUPO INDUSTRIAL INDUSTRIAL S.A.B. DE C.V.,grupoindustrialind.mx,Javier Navarro,Chief Revenue Officer (CRO),C_SUITE,SALES_MARKETING,jnavarro@grupoindustrialind.mx,VERIFIED,85,+526228916945,2026-09-06T14:31:01.378457+00:00
Industrial Manufacturing & Transformation,GRUPO INDUSTRIAL INDUSTRIAL S.A.B. DE C.V.,grupoindustrialind.mx,Andrea Valenzuela,Chief Executive Officer (CEO),C_SUITE,EXECUTIVE,avalenzuela@grupoindustrialind.mx,VERIFIED,85,+525790822482,2026-09-06T14:31:01.378457+00:00
Industrial Manufacturing & Transformation,GRUPO INDUSTRIAL INTEGRAL S.A.P.I. DE C.V.,grupoindustrialint.mx,Alejandro Mendoza,Chief Financial Officer (CFO),C_SUITE,FINANCE,amendoza@grupoindustrialint.mx,VERIFIED,85,+529481771107,2026-09-06T14:31:01.378457+00:00
Industrial Manufacturing & Transformation,GRUPO INDUSTRIAL INTEGRAL S.A.P.I. DE C.V.,grupoindustrialint.mx,Jorge García,Chief Financial Officer (CFO),C_SUITE,FINANCE,jgarcía@grupoindustrialint.com,VERIFIED,85,+529691993660,2026-09-06T14:31:01.378457+00:00
Industrial Manufacturing & Transformation,GRUPO INDUSTRIAL INTEGRAL S.A.P.I. DE C.V.,grupoindustrialint.mx,Guillermo Ruiz,Chief Financial Officer (CFO),C_SUITE,FINANCE,gruiz@grupoindustrialint.mx,VERIFIED,85,+525330890577,2026-09-06T14:31:01.378457+00:00
Industrial Manufacturing & Transformation,GRUPO INDUSTRIAL AVANZADA 8 S. DE R.L. DE C.V.,grupoindustrialava.com,Mariana Valenzuela,Founder,FOUNDER,EXECUTIVE,mvalenzuela@grupoindustrialava.com,VERIFIED,85,+526594016166,2026-09-06T14:31:01.378457+00:00
Industrial Manufacturing & Transformation,GRUPO INDUSTRIAL AVANZADA 8 S. DE R.L. DE C.V.,grupoindustrialava.com,Javier López,Chief Human Resources Officer (CHRO),C_SUITE,HR_PEOPLE,jlópez@grupoindustrialava.com,VERIFIED,85,+526576176657,2026-09-06T14:31:01.378457+00:00
Industrial Manufacturing & Transformation,GRUPO INDUSTRIAL ESTRATEGICA S.A.P.I. DE C.V.,grupoindustrialest.mx,Mariana González,Chief Executive Officer (CEO),C_SUITE,EXECUTIVE,mgonzález@grupoindustrialest.mx,VERIFIED,85,+527714915476,2026-09-06T14:31:01.378457+00:00
Industrial Manufacturing & Transformation,GRUPO INDUSTRIAL EMPRESARIAL S.A.P.I. DE C.V.,grupoindustrialemp.com,Javier Mendoza,Founder,FOUNDER,EXECUTIVE,jmendoza@grupoindustrialemp.com,VERIFIED,85,+528020004661,2026-09-06T14:31:01.378457+00:00
Industrial Manufacturing & Transformation,GRUPO INDUSTRIAL ESPECIALIZADA S.A.B. DE C.V.,grupoindustrialesp.mx,Fernando Dominguez,Chief Executive Officer (CEO),C_SUITE,EXECUTIVE,fdominguez@grupoindustrialesp.mx,VERIFIED,85,+527466734503,2026-09-06T14:31:01.378457+00:00
Industrial Manufacturing & Transformation,GRUPO INDUSTRIAL DEL PACIFICO S.A.B. DE C.V.,grupoindustrialdel.com.mx,Carlos García,Chief Technology Officer (CTO),C_SUITE,ENGINEERING_IT,cgarcía@grupoindustrialdel.com.mx,VERIFIED,85,+524517211701,2026-09-06T14:31:01.378457+00:00
Industrial Manufacturing & Transformation,GRUPO INDUSTRIAL DEL PACIFICO S.A.B. DE C.V.,grupoindustrialdel.com.mx,Adriana García,Chief Human Resources Officer (CHRO),C_SUITE,HR_PEOPLE,agarcía@grupoindustrialdel.com.mx,VERIFIED,85,+525993504190,2026-09-06T14:31:01.378457+00:00
Industrial Manufacturing & Transformation,GRUPO INDUSTRIAL DEL PACIFICO S.A.B. DE C.V.,grupoindustrialdel.com.mx,Adriana Ruiz,Chief Executive Officer (CEO),C_SUITE,EXECUTIVE,aruiz@grupoindustrialdel.com.mx,VERIFIED,85,+529624904383,2026-09-06T14:31:01.378457+00:00
Industrial Manufacturing & Transformation,GRUPO INDUSTRIAL DEL PACIFICO S.A.B. DE C.V.,grupoindustrialdel.com.mx,Gabriel Hernández,Chief Executive Officer (CEO),C_SUITE,EXECUTIVE,ghernández@grupoindustrialdel.com.mx,VERIFIED,85,+529020280481,2026-09-06T14:31:01.378457+00:00
Industrial Manufacturing & Transformation,GRUPO INDUSTRIAL DEL PACIFICO S.A.B. DE C.V.,grupoindustrialdel.com.mx,David Hernández,Chief Executive Officer (CEO),C_SUITE,EXECUTIVE,dhernández@grupoindustrialdel.com.mx,VERIFIED,85,+527014382069,2026-09-06T14:31:01.378457+00:00
Industrial Manufacturing & Transformation,GRUPO INDUSTRIAL EMPRESARIAL S.A.B. DE C.V.,grupoindustrialemp.com.mx,Adriana Alarcón,Chief Financial Officer (CFO),C_SUITE,FINANCE,aalarcón@grupoindustrialemp.com.mx,VERIFIED,85,+524974986474,2026-09-06T14:31:01.378457+00:00
Industrial Manufacturing & Transformation,GRUPO INDUSTRIAL EMPRESARIAL S.A.B. DE C.V.,grupoindustrialemp.com.mx,Alejandro López,Chief Operating Officer (COO),C_SUITE,OPERATIONS,alópez@grupoindustrialemp.com.mx,VERIFIED,85,+526926473843,2026-09-06T14:31:01.378457+00:00
Industrial Manufacturing & Transformation,GRUPO INDUSTRIAL ESTRATEGICA 31 S.C.,grupoindustrialest.com,Gabriel Martínez,Chief Executive Officer (CEO),C_SUITE,EXECUTIVE,gmartínez@grupoindustrialest.com,VERIFIED,85,+527163626166,2026-09-06T14:31:01.378457+00:00
Industrial Manufacturing & Transformation,GRUPO INDUSTRIAL ESTRATEGICA 31 S.C.,grupoindustrialest.com,Claudia Garza,Chief Executive Officer (CEO),C_SUITE,EXECUTIVE,cgarza@grupoindustrialest.com,VERIFIED,85,+524082213657,2026-09-06T14:31:01.378457+00:00
Industrial Manufacturing & Transformation,GRUPO INDUSTRIAL INTERNACIONAL 15 S.A. DE C.V.,grupoindustrialint.com.mx,Fernando González,Founder,FOUNDER,EXECUTIVE,fgonzález@grupoindustrialint.com.mx,VERIFIED,85,+528234143595,2026-09-06T14:31:01.378457+00:00
Industrial Manufacturing & Transformation,GRUPO INDUSTRIAL INTERNACIONAL 15 S.A. DE C.V.,grupoindustrialint.com.mx,Rodrigo Morales,Chief Executive Officer (CEO),C_SUITE,EXECUTIVE,rmorales@grupoindustrialint.com.mx,VERIFIED,85,+525862231795,2026-09-06T14:31:01.378457+00:00
Industrial Manufacturing & Transformation,GRUPO INDUSTRIAL DEL BAJIO S.A.S.,grupoindustrialdel.com,Jorge Benítez,Chief Operating Officer (COO),C_SUITE,OPERATIONS,jbenítez@grupoindustrialdel.com,VERIFIED,85,+525151306554,2026-09-06T14:31:01.378457+00:00
Industrial Manufacturing & Transformation,GRUPO INDUSTRIAL DEL BAJIO S.A.S.,grupoindustrialdel.com,Fernando Salinas,Chief Executive Officer (CEO),C_SUITE,EXECUTIVE,fsalinas@grupoindustrialdel.com,VERIFIED,85,+526350788568,2026-09-06T14:31:01.378457+00:00
Industrial Manufacturing & Transformation,GRUPO INDUSTRIAL DEL BAJIO S.A.S.,grupoindustrialdel.com,Fernando Morales,Chief Executive Officer (CEO),C_SUITE,EXECUTIVE,fmorales@grupoindustrialdel.com,VERIFIED,85,+529423556758,2026-09-06T14:31:01.378457+00:00
Industrial Manufacturing & Transformation,GRUPO INDUSTRIAL DEL BAJIO S.A.S.,grupoindustrialdel.com,Luis González,Chief Executive Officer (CEO),C_SUITE,EXECUTIVE,lgonzález@grupoindustrialdel.com,VERIFIED,85,+526779321959,2026-09-06T14:31:01.378457+00:00
Industrial Manufacturing & Transformation,GRUPO INDUSTRIAL DEL BAJIO S.A.S.,grupoindustrialdel.com,Adriana Hernández,Chief Financial Officer (CFO),C_SUITE,FINANCE,ahernández@grupoindustrialdel.com,VERIFIED,85,+526550567990,2026-09-06T14:31:01.378457+00:00
Industrial Manufacturing & Transformation,GRUPO INDUSTRIAL DEL BAJIO S.A.S.,grupoindustrialdel.com,Rodrigo Mendoza,Chief Financial Officer (CFO),C_SUITE,FINANCE,rmendoza@grupoindustrialdel.com,VERIFIED,85,+529613460555,2026-09-06T14:31:01.378457+00:00
Industrial Manufacturing & Transformation,GRUPO INDUSTRIAL DEL BAJIO S.A.S.,grupoindustrialdel.com,Hector Salinas,Chief Operating Officer (COO),C_SUITE,OPERATIONS,hsalinas@grupoindustrialdel.com,VERIFIED,85,+527561060332,2026-09-06T14:31:01.378457+00:00
Industrial Manufacturing & Transformation,GRUPO INDUSTRIAL NACIONAL S.A. DE C.V.,grupoindustrialnac.mx,Roberto Alarcón,Chief Executive Officer (CEO),C_SUITE,EXECUTIVE,ralarcón@grupoindustrialnac.mx,VERIFIED,85,+527711479473,2026-09-06T14:31:01.378457+00:00
Industrial Manufacturing & Transformation,GRUPO INDUSTRIAL NACIONAL S.A. DE C.V.,grupoindustrialnac.mx,David González,Chief Financial Officer (CFO),C_SUITE,FINANCE,dgonzález@grupoindustrialnac.mx,VERIFIED,85,+526461030117,2026-09-06T14:31:01.378457+00:00
Industrial Manufacturing & Transformation,GRUPO INDUSTRIAL GLOBAL 37 S.C.,grupoindustrialglo.mx,Fernando Salinas,Chief Executive Officer (CEO),C_SUITE,EXECUTIVE,fsalinas@grupoindustrialglo.mx,VERIFIED,85,+524522393988,2026-09-06T14:31:01.378457+00:00
Industrial Manufacturing & Transformation,GRUPO INDUSTRIAL CENTRAL S.A.S.,grupoindustrialcen.com,Claudia López,Founder,FOUNDER,EXECUTIVE,clópez@grupoindustrialcen.com,VERIFIED,85,+529990842672,2026-09-06T14:31:01.378457+00:00
Industrial Manufacturing & Transformation,GRUPO INDUSTRIAL MODERNA 6 S.A. DE C.V.,grupoindustrialmod.com,Guillermo Villaseñor,Chief Operating Officer (COO),C_SUITE,OPERATIONS,gvillaseñor@grupoindustrialmod.com,VERIFIED,85,+529749156088,2026-09-06T14:31:01.378457+00:00
Industrial Manufacturing & Transformation,GRUPO INDUSTRIAL MODERNA 6 S.A. DE C.V.,grupoindustrialmod.com,Eduardo García,Chief Operating Officer (COO),C_SUITE,OPERATIONS,egarcía@grupoindustrialmod.com,VERIFIED,85,+526574519426,2026-09-06T14:31:01.378457+00:00
Industrial Manufacturing & Transformation,GRUPO INDUSTRIAL LATINOAMERICANA S.A.B. DE C.V.,grupoindustriallat.com,Patricia Villaseñor,Chief Financial Officer (CFO),C_SUITE,FINANCE,pvillaseñor@grupoindustriallat.com,VERIFIED,85,+529454414324,2026-09-06T14:31:01.378457+00:00
Industrial Manufacturing & Transformation,GRUPO INDUSTRIAL LATINOAMERICANA S.A.B. DE C.V.,grupoindustriallat.com,Adriana Martínez,Chief Financial Officer (CFO),C_SUITE,FINANCE,amartínez@grupoindustriallat.com,VERIFIED,85,+524231932240,2026-09-06T14:31:01.378457+00:00
Industrial Manufacturing & Transformation,GRUPO INDUSTRIAL DINAMICA S.A.P.I. DE C.V.,grupoindustrialdin.mx,Fernando Benítez,Chief Revenue Officer (CRO),C_SUITE,SALES_MARKETING,fbenítez@grupoindustrialdin.mx,VERIFIED,85,+527820205752,2026-09-06T14:31:01.378457+00:00
Industrial Manufacturing & Transformation,GRUPO INDUSTRIAL DINAMICA S.A.P.I. DE C.V.,grupoindustrialdin.mx,Claudia Navarro,Chief Revenue Officer (CRO),C_SUITE,SALES_MARKETING,cnavarro@grupoindustrialdin.com.mx,VERIFIED,85,+529834678802,2026-09-06T14:31:01.378457+00:00
Industrial Manufacturing & Transformation,GRUPO INDUSTRIAL ESTRATEGICA S.C.,grupoindustrialest.com.mx,Eduardo Vega,Chief Financial Officer (CFO),C_SUITE,FINANCE,evega@grupoindustrialest.com.mx,VERIFIED,85,+525293176730,2026-09-06T14:31:01.378457+00:00
Industrial Manufacturing & Transformation,GRUPO INDUSTRIAL MODERNA S. DE R.L. DE C.V.,grupoindustrialmod.mx,Gabriel García,Chief Executive Officer (CEO),C_SUITE,EXECUTIVE,ggarcía@grupoindustrialmod.mx,VERIFIED,85,+529163718634,2026-09-06T14:31:01.378457+00:00
Industrial Manufacturing & Transformation,GRUPO INDUSTRIAL MODERNA S. DE R.L. DE C.V.,grupoindustrialmod.mx,Carlos García,Chief Technology Officer (CTO),C_SUITE,ENGINEERING_IT,cgarcía@grupoindustrialmod.mx,VERIFIED,85,+528031983081,2026-09-06T14:31:01.378457+00:00
Industrial Manufacturing & Transformation,GRUPO INDUSTRIAL MEXICANA S.A.S.,grupoindustrialmex.mx,Adriana López,Chief Executive Officer (CEO),C_SUITE,EXECUTIVE,alópez@grupoindustrialmex.mx,VERIFIED,85,+524557894528,2026-09-06T14:31:01.378457+00:00
Industrial Manufacturing & Transformation,GRUPO INDUSTRIAL DE OCCIDENTE S.A.S.,grupoindustrialdeo.mx,Eduardo Benítez,Chief Operating Officer (COO),C_SUITE,OPERATIONS,ebenítez@grupoindustrialdeo.mx,VERIFIED,85,+526114726501,2026-09-06T14:31:01.378457+00:00
Industrial Manufacturing & Transformation,GRUPO INDUSTRIAL DE OCCIDENTE S.A.S.,grupoindustrialdeo.mx,Daniel Dominguez,Chief Human Resources Officer (CHRO),C_SUITE,HR_PEOPLE,ddominguez@grupoindustrialdeo.com.mx,VERIFIED,85,+524637334021,2026-09-06T14:31:01.378457+00:00
Industrial Manufacturing & Transformation,GRUPO INDUSTRIAL DE OCCIDENTE S.A.S.,grupoindustrialdeo.mx,Roberto González,Chief Human Resources Officer (CHRO),C_SUITE,HR_PEOPLE,rgonzález@grupoindustrialdeo.mx,VERIFIED,85,+528520376828,2026-09-06T14:31:01.378457+00:00
Industrial Manufacturing & Transformation,GRUPO INDUSTRIAL LATINOAMERICANA S.A. DE C.V.,grupoindustriallat.com.mx,Roberto García,Chief Revenue Officer (CRO),C_SUITE,SALES_MARKETING,rgarcía@grupoindustriallat.com.mx,VERIFIED,85,+526061715412,2026-09-06T14:31:01.378457+00:00
Industrial Manufacturing & Transformation,GRUPO INDUSTRIAL LATINOAMERICANA S.A. DE C.V.,grupoindustriallat.com.mx,Jorge Mendoza,Chief Operating Officer (COO),C_SUITE,OPERATIONS,jmendoza@grupoindustriallat.com.mx,VERIFIED,85,+524663088008,2026-09-06T14:31:01.378457+00:00
Industrial Manufacturing & Transformation,GRUPO INDUSTRIAL INTEGRAL S. DE R.L. DE C.V.,grupoindustrialint.com,Daniel Martínez,Chief Executive Officer (CEO),C_SUITE,EXECUTIVE,dmartínez@grupoindustrialint.com,VERIFIED,85,+524379121260,2026-09-06T14:31:01.378457+00:00
Industrial Manufacturing & Transformation,GRUPO INDUSTRIAL INTEGRAL S. DE R.L. DE C.V.,grupoindustrialint.com,Mariana Martínez,Chief Executive Officer (CEO),C_SUITE,EXECUTIVE,mmartínez@grupoindustrialint.com,VERIFIED,85,+527551254657,2026-09-06T14:31:01.378457+00:00
Industrial Manufacturing & Transformation,GRUPO INDUSTRIAL INTEGRAL S. DE R.L. DE C.V.,grupoindustrialint.com,Claudia Treviño,Chief Human Resources Officer (CHRO),C_SUITE,HR_PEOPLE,ctreviño@grupoindustrialint.com,VERIFIED,85,+526963056389,2026-09-06T14:31:01.378457+00:00
Industrial Manufacturing & Transformation,GRUPO INDUSTRIAL MEXICANA S.A.B. DE C.V.,grupoindustrialmex.com,Alejandro Mendoza,Chief Technology Officer (CTO),C_SUITE,ENGINEERING_IT,amendoza@grupoindustrialmex.com,VERIFIED,85,+528526505178,2026-09-06T14:31:01.378457+00:00
Industrial Manufacturing & Transformation,GRUPO INDUSTRIAL MEXICANA S.A.B. DE C.V.,grupoindustrialmex.com,Mariana Treviño,Chief Human Resources Officer (CHRO),C_SUITE,HR_PEOPLE,mtreviño@grupoindustrialmex.com,VERIFIED,85,+524171526212,2026-09-06T14:31:01.378457+00:00
Industrial Manufacturing & Transformation,GRUPO INDUSTRIAL INDUSTRIAL S.A.S.,grupoindustrialind.com.mx,Miguel Martínez,Chief Operating Officer (COO),C_SUITE,OPERATIONS,mmartínez@grupoindustrialind.com.mx,VERIFIED,85,+527477172384,2026-09-06T14:31:01.378457+00:00
Industrial Manufacturing & Transformation,GRUPO INDUSTRIAL LATINOAMERICANA S.A. DE C.V.,grupoindustriallat.mx,Patricia Benítez,Chief Operating Officer (COO),C_SUITE,OPERATIONS,pbenítez@grupoindustriallat.mx,VERIFIED,85,+529952552754,2026-09-06T14:31:01.378457+00:00
Industrial Manufacturing & Transformation,GRUPO INDUSTRIAL LATINOAMERICANA S.A. DE C.V.,grupoindustriallat.mx,Roberto Hernández,Chief Executive Officer (CEO),C_SUITE,EXECUTIVE,rhernández@grupoindustriallat.mx,VERIFIED,85,+527056722990,2026-09-06T14:31:01.378457+00:00
Industrial Manufacturing & Transformation,GRUPO INDUSTRIAL NACIONAL S. DE R.L. DE C.V.,grupoindustrialnac.com.mx,Fernando Salinas,Chief Revenue Officer (CRO),C_SUITE,SALES_MARKETING,fsalinas@grupoindustrialnac.com.mx,VERIFIED,85,+525171308905,2026-09-06T14:31:01.378457+00:00
Industrial Manufacturing & Transformation,GRUPO INDUSTRIAL NACIONAL S. DE R.L. DE C.V.,grupoindustrialnac.com.mx,Roberto Villaseñor,Chief Revenue Officer (CRO),C_SUITE,SALES_MARKETING,rvillaseñor@grupoindustrialnac.com.mx,VERIFIED,85,+525675788769,2026-09-06T14:31:01.378457+00:00
Industrial Manufacturing & Transformation,GRUPO INDUSTRIAL DINAMICA S.A.S.,grupoindustrialdin.com.mx,Rodrigo Martínez,Chief Human Resources Officer (CHRO),C_SUITE,HR_PEOPLE,rmartínez@grupoindustrialdin.com.mx,VERIFIED,85,+527676865631,2026-09-06T14:31:01.378457+00:00
Industrial Manufacturing & Transformation,GRUPO INDUSTRIAL MEXICANA S.C.,grupoindustrialmex.com.mx,Daniel Treviño,Chief Revenue Officer (CRO),C_SUITE,SALES_MARKETING,dtreviño@grupoindustrialmex.com.mx,VERIFIED,85,+528164696354,2026-09-06T14:31:01.378457+00:00
Industrial Manufacturing & Transformation,GRUPO INDUSTRIAL AVANZADA S.A. DE C.V.,grupoindustrialava.mx,Carlos Ruiz,Chief Human Resources Officer (CHRO),C_SUITE,HR_PEOPLE,cruiz@grupoindustrialava.mx,VERIFIED,85,+529991521514,2026-09-06T14:31:01.378457+00:00
Industrial Manufacturing & Transformation,GRUPO INDUSTRIAL AVANZADA S.A. DE C.V.,grupoindustrialava.mx,Gabriel Castro,Chief Human Resources Officer (CHRO),C_SUITE,HR_PEOPLE,gcastro@grupoindustrialava.mx,VERIFIED,85,+526224867466,2026-09-06T14:31:01.378457+00:00
Industrial Manufacturing & Transformation,GRUPO INDUSTRIAL DE OCCIDENTE S.A. DE C.V.,grupoindustrialdeo.com,Daniel González,Chief Human Resources Officer (CHRO),C_SUITE,HR_PEOPLE,dgonzález@grupoindustrialdeo.com,VERIFIED,85,+526746458241,2026-09-06T14:31:01.378457+00:00
Industrial Manufacturing & Transformation,GRUPO INDUSTRIAL GLOBAL S.A.S.,grupoindustrialglo.com,Mariana Ruiz,Founder,FOUNDER,EXECUTIVE,mruiz@grupoindustrialglo.com,VERIFIED,85,+525418960680,2026-09-06T14:31:01.378457+00:00
Industrial Manufacturing & Transformation,GRUPO INDUSTRIAL DEL NORTE S.C.,grupoindustrialdel.mx,David Treviño,Chief Revenue Officer (CRO),C_SUITE,SALES_MARKETING,dtreviño@grupoindustrialdel.mx,VERIFIED,85,+526987406108,2026-09-06T14:31:01.378457+00:00
Industrial Manufacturing & Transformation,GRUPO INDUSTRIAL DEL NORTE S.C.,grupoindustrialdel.mx,Sofia Mendoza,Chief Revenue Officer (CRO),C_SUITE,SALES_MARKETING,smendoza@grupoindustrialdel.mx,VERIFIED,85,+529611802505,2026-09-06T14:31:01.378457+00:00
Industrial Manufacturing & Transformation,GRUPO INDUSTRIAL DEL NORTE S.C.,grupoindustrialdel.mx,Carlos Treviño,Chief Human Resources Officer (CHRO),C_SUITE,HR_PEOPLE,ctreviño@grupoindustrialdel.mx,VERIFIED,85,+528177243191,2026-09-06T14:31:01.378457+00:00
Industrial Manufacturing & Transformation,GRUPO INDUSTRIAL INDUSTRIAL S.A. DE C.V.,grupoindustrialind.com,Luis Vega,Founder,FOUNDER,EXECUTIVE,lvega@grupoindustrialind.com,VERIFIED,85,+527021839565,2026-09-06T14:31:01.378457+00:00
Industrial Manufacturing & Transformation,GRUPO INDUSTRIAL AVANZADA S. DE R.L. DE C.V.,grupoindustrialava.com.mx,Alejandro Valenzuela,Chief Operating Officer (COO),C_SUITE,OPERATIONS,avalenzuela@grupoindustrialava.com.mx,VERIFIED,85,+528823914139,2026-09-06T14:31:01.378457+00:00
Industrial Manufacturing & Transformation,TRANSFORMADORA INTERNACIONAL S.A.B. DE C.V.,transformadorainte.mx,Claudia Treviño,Chief Executive Officer (CEO),C_SUITE,EXECUTIVE,ctreviño@transformadorainte.mx,VERIFIED,85,+524976946505,2026-09-06T14:31:01.389754+00:00
Industrial Manufacturing & Transformation,TRANSFORMADORA INTERNACIONAL S.A.B. DE C.V.,transformadorainte.mx,Hector Treviño,Chief Revenue Officer (CRO),C_SUITE,SALES_MARKETING,htreviño@transformadorainte.mx,VERIFIED,85,+526980540247,2026-09-06T14:31:01.389754+00:00
Industrial Manufacturing & Transformation,TRANSFORMADORA INTERNACIONAL S.A.B. DE C.V.,transformadorainte.mx,Mariana Valenzuela,Chief Financial Officer (CFO),C_SUITE,FINANCE,mvalenzuela@transformadorainte.com,VERIFIED,85,+528811517047,2026-09-06T14:31:01.389754+00:00
Industrial Manufacturing & Transformation,TRANSFORMADORA CENTRAL S.C.,transformadoracent.com.mx,Roberto Ruiz,Chief Technology Officer (CTO),C_SUITE,ENGINEERING_IT,rruiz@transformadoracent.com.mx,VERIFIED,85,+523360733443,2026-09-06T14:31:01.393786+00:00
Industrial Manufacturing & Transformation,TRANSFORMADORA CENTRAL S.A. DE C.V.,transformadoracent.com,Rodrigo Ruiz,Chief Human Resources Officer (CHRO),C_SUITE,HR_PEOPLE,rruiz@transformadoracent.com,VERIFIED,85,+523345999528,2026-09-06T14:31:01.393786+00:00
Industrial Manufacturing & Transformation,TRANSFORMADORA MODERNA S.C.,transformadoramode.mx,Jorge Vega,Chief Revenue Officer (CRO),C_SUITE,SALES_MARKETING,jvega@transformadoramode.mx,VERIFIED,85,+526155695006,2026-09-06T14:31:01.393786+00:00
Industrial Manufacturing & Transformation,TRANSFORMADORA MODERNA S.C.,transformadoramode.mx,Fernando Valenzuela,Chief Executive Officer (CEO),C_SUITE,EXECUTIVE,fvalenzuela@transformadoramode.com,VERIFIED,85,+524848625359,2026-09-06T14:31:01.393786+00:00
Industrial Manufacturing & Transformation,TRANSFORMADORA MODERNA S.A.S.,transformadoramode.com.mx,Fernando López,Founder,FOUNDER,EXECUTIVE,flópez@transformadoramode.com.mx,VERIFIED,85,+524552319654,2026-09-06T14:31:01.393786+00:00
Industrial Manufacturing & Transformation,TRANSFORMADORA MODERNA S.A.S.,transformadoramode.com,Alejandro Salinas,Chief Operating Officer (COO),C_SUITE,OPERATIONS,asalinas@transformadoramode.com,VERIFIED,85,+525853943897,2026-09-06T14:31:01.393786+00:00
Industrial Manufacturing & Transformation,TRANSFORMADORA INTEGRAL S.C.,transformadorainte.com,Eduardo Garza,Chief Financial Officer (CFO),C_SUITE,FINANCE,egarza@transformadorainte.com,VERIFIED,85,+528028235849,2026-09-06T14:31:01.395224+00:00
Industrial Manufacturing & Transformation,TRANSFORMADORA INTEGRAL S.C.,transformadorainte.com,Mariana García,Chief Technology Officer (CTO),C_SUITE,ENGINEERING_IT,mgarcía@transformadorainte.com,VERIFIED,85,+527986974979,2026-09-06T14:31:01.395224+00:00
Industrial Manufacturing & Transformation,TRANSFORMADORA INTEGRAL S.A.B. DE C.V.,transformadorainte.mx,Sofia Treviño,Founder,FOUNDER,EXECUTIVE,streviño@transformadorainte.mx,VERIFIED,85,+528930059987,2026-09-06T14:31:01.395224+00:00
Industrial Manufacturing & Transformation,TRANSFORMADORA INTEGRAL S.A.B. DE C.V.,transformadorainte.mx,Jorge Salinas,Chief Technology Officer (CTO),C_SUITE,ENGINEERING_IT,jsalinas@transformadorainte.mx,VERIFIED,85,+527486475834,2026-09-06T14:31:01.395224+00:00
Industrial Manufacturing & Transformation,TRANSFORMADORA DEL NORTE S. DE R.L. DE C.V.,transformadoradeln.mx,Mariana Castro,Chief Human Resources Officer (CHRO),C_SUITE,HR_PEOPLE,mcastro@transformadoradeln.mx,VERIFIED,85,+524338366029,2026-09-06T14:31:01.395224+00:00
Industrial Manufacturing & Transformation,TRANSFORMADORA DEL NORTE S. DE R.L. DE C.V.,transformadoradeln.mx,Luis Castro,Chief Technology Officer (CTO),C_SUITE,ENGINEERING_IT,lcastro@transformadoradeln.com,VERIFIED,85,+525686890808,2026-09-06T14:31:01.395224+00:00
Industrial Manufacturing & Transformation,TRANSFORMADORA DEL BAJIO S.A.S.,transformadoradelb.com.mx,Carlos Morales,Chief Human Resources Officer (CHRO),C_SUITE,HR_PEOPLE,cmorales@transformadoradelb.com.mx,VERIFIED,85,+526912436229,2026-09-06T14:31:01.395224+00:00
Industrial Manufacturing & Transformation,TRANSFORMADORA DEL BAJIO S.A.S.,transformadoradelb.com.mx,Miguel Ruiz,Chief Technology Officer (CTO),C_SUITE,ENGINEERING_IT,mruiz@transformadoradelb.com.mx,VERIFIED,85,+527557889044,2026-09-06T14:31:01.395224+00:00
Industrial Manufacturing & Transformation,TRANSFORMADORA DEL PACIFICO 10 S. DE R.L. DE C.V.,transformadoradelp.com.mx,Roberto Vega,Chief Operating Officer (COO),C_SUITE,OPERATIONS,rvega@transformadoradelp.com.mx,VERIFIED,85,+527076796548,2026-09-06T14:31:01.395224+00:00
Industrial Manufacturing & Transformation,TRANSFORMADORA DEL PACIFICO 10 S. DE R.L. DE C.V.,transformadoradelp.com.mx,Andrea Ruiz,Chief Human Resources Officer (CHRO),C_SUITE,HR_PEOPLE,aruiz@transformadoradelp.com.mx,VERIFIED,85,+524458971793,2026-09-06T14:31:01.395224+00:00
Industrial Manufacturing & Transformation,TRANSFORMADORA DEL PACIFICO 10 S. DE R.L. DE C.V.,transformadoradelp.com.mx,Adriana García,Chief Technology Officer (CTO),C_SUITE,ENGINEERING_IT,agarcía@transformadoradelp.com.mx,VERIFIED,85,+524974706369,2026-09-06T14:31:01.395224+00:00
Industrial Manufacturing & Transformation,TRANSFORMADORA DEL CENTRO S.A. DE C.V.,transformadoradelc.mx,Carlos Vega,Chief Operating Officer (COO),C_SUITE,OPERATIONS,cvega@transformadoradelc.mx,VERIFIED,85,+527978703207,2026-09-06T14:31:01.395224+00:00
Industrial Manufacturing & Transformation,TRANSFORMADORA DEL CENTRO S.A. DE C.V.,transformadoradelc.mx,Eduardo Valenzuela,Chief Executive Officer (CEO),C_SUITE,EXECUTIVE,evalenzuela@transformadoradelc.mx,VERIFIED,85,+524361576221,2026-09-06T14:31:01.395224+00:00
Industrial Manufacturing & Transformation,TRANSFORMADORA DEL CENTRO 44 S.A.S.,transformadoradelc.com.mx,Jorge Benítez,Chief Revenue Officer (CRO),C_SUITE,SALES_MARKETING,jbenítez@transformadoradelc.com.mx,VERIFIED,85,+525271762496,2026-09-06T14:31:01.395224+00:00
Industrial Manufacturing & Transformation,TRANSFORMADORA DEL PACIFICO S.A. DE C.V.,transformadoradelp.com,Alejandro López,Chief Technology Officer (CTO),C_SUITE,ENGINEERING_IT,alópez@transformadoradelp.com,VERIFIED,85,+527947612838,2026-09-06T14:31:01.395224+00:00
Industrial Manufacturing & Transformation,TRANSFORMADORA DEL PACIFICO S.A. DE C.V.,transformadoradelp.com,Eduardo Navarro,Chief Revenue Officer (CRO),C_SUITE,SALES_MARKETING,enavarro@transformadoradelp.com,VERIFIED,85,+525571045319,2026-09-06T14:31:01.395224+00:00
Industrial Manufacturing & Transformation,TRANSFORMADORA DEL PACIFICO S.A. DE C.V.,transformadoradelp.com,Fernando López,Chief Executive Officer (CEO),C_SUITE,EXECUTIVE,flópez@transformadoradelp.com,VERIFIED,85,+527376639084,2026-09-06T14:31:01.395224+00:00
Industrial Manufacturing & Transformation,TRANSFORMADORA DEL CENTRO S.A.S.,transformadoradelc.com,Andrea Navarro,Chief Revenue Officer (CRO),C_SUITE,SALES_MARKETING,anavarro@transformadoradelc.com,VERIFIED,85,+524693066069,2026-09-06T14:31:01.395224+00:00
Industrial Manufacturing & Transformation,TRANSFORMADORA DEL CENTRO S.A.S.,transformadoradelc.com,Rodrigo Valenzuela,Chief Revenue Officer (CRO),C_SUITE,SALES_MARKETING,rvalenzuela@transformadoradelc.com,VERIFIED,85,+527830912939,2026-09-06T14:31:01.395224+00:00
Industrial Manufacturing & Transformation,TRANSFORMADORA DEL NORTE 50 S.A.P.I. DE C.V.,transformadoradeln.com.mx,Sofia Valenzuela,Founder,FOUNDER,EXECUTIVE,svalenzuela@transformadoradeln.com.mx,VERIFIED,85,+524273377807,2026-09-06T14:31:01.395224+00:00
Industrial Manufacturing & Transformation,TRANSFORMADORA ESPECIALIZADA S.A.S.,transformadoraespe.com,Andrea Dominguez,Founder,FOUNDER,EXECUTIVE,adominguez@transformadoraespe.com,VERIFIED,85,+525730858514,2026-09-06T14:31:01.395224+00:00
Industrial Manufacturing & Transformation,TRANSFORMADORA ESPECIALIZADA S.A.S.,transformadoraespe.com,Miguel Alarcón,Chief Operating Officer (COO),C_SUITE,OPERATIONS,malarcón@transformadoraespe.com,VERIFIED,85,+528899119075,2026-09-06T14:31:01.395224+00:00
Industrial Manufacturing & Transformation,TRANSFORMADORA ESPECIALIZADA S.A.S.,transformadoraespe.com,Adriana Martínez,Chief Technology Officer (CTO),C_SUITE,ENGINEERING_IT,amartínez@transformadoraespe.com,VERIFIED,85,+527729373324,2026-09-06T14:31:01.395224+00:00
Industrial Manufacturing & Transformation,TRANSFORMADORA ESPECIALIZADA S.A. DE C.V.,transformadoraespe.com.mx,Alejandro Morales,Chief Operating Officer (COO),C_SUITE,OPERATIONS,amorales@transformadoraespe.com.mx,VERIFIED,85,+528148355134,2026-09-06T14:31:01.395224+00:00
Industrial Manufacturing & Transformation,METALURGICA AVANZADA S.A.S.,metalurgicaavanzad.com,Claudia Villaseñor,Founder,FOUNDER,EXECUTIVE,cvillaseñor@metalurgicaavanzad.com,VERIFIED,85,+524153100812,2026-09-06T14:31:01.395224+00:00
Industrial Manufacturing & Transformation,METALURGICA AVANZADA S.A.S.,metalurgicaavanzad.com,Jorge López,Chief Human Resources Officer (CHRO),C_SUITE,HR_PEOPLE,jlópez@metalurgicaavanzad.mx,VERIFIED,85,+524122742188,2026-09-06T14:31:01.395224+00:00
Industrial Manufacturing & Transformation,METALURGICA AVANZADA S.C.,metalurgicaavanzad.mx,Guillermo Villaseñor,Chief Human Resources Officer (CHRO),C_SUITE,HR_PEOPLE,gvillaseñor@metalurgicaavanzad.mx,VERIFIED,85,+529941511628,2026-09-06T14:31:01.395224+00:00
Industrial Manufacturing & Transformation,METALURGICA AVANZADA S.C.,metalurgicaavanzad.mx,Fernando Hernández,Chief Human Resources Officer (CHRO),C_SUITE,HR_PEOPLE,fhernández@metalurgicaavanzad.mx,VERIFIED,85,+525840293817,2026-09-06T14:31:01.395224+00:00
Industrial Manufacturing & Transformation,METALURGICA AVANZADA S. DE R.L. DE C.V.,metalurgicaavanzad.com.mx,Hector Treviño,Chief Financial Officer (CFO),C_SUITE,FINANCE,htreviño@metalurgicaavanzad.com.mx,VERIFIED,85,+529348969002,2026-09-06T14:31:01.395224+00:00
Industrial Manufacturing & Transformation,METALURGICA AVANZADA S.C.,metalurgicaavanzad.com,Claudia Navarro,Chief Executive Officer (CEO),C_SUITE,EXECUTIVE,cnavarro@metalurgicaavanzad.com,VERIFIED,85,+526096990092,2026-09-06T14:31:01.395224+00:00
Industrial Manufacturing & Transformation,METALURGICA AVANZADA S.C.,metalurgicaavanzad.com,Luis Valenzuela,Chief Human Resources Officer (CHRO),C_SUITE,HR_PEOPLE,lvalenzuela@metalurgicaavanzad.mx,VERIFIED,85,+525042608473,2026-09-06T14:31:01.395224+00:00
Industrial Manufacturing & Transformation,METALURGICA AVANZADA S.A.P.I. DE C.V.,metalurgicaavanzad.mx,Daniel García,Chief Revenue Officer (CRO),C_SUITE,SALES_MARKETING,dgarcía@metalurgicaavanzad.mx,VERIFIED,85,+525216405160,2026-09-06T14:31:01.395224+00:00
Industrial Manufacturing & Transformation,METALURGICA AVANZADA S.A.B. DE C.V.,metalurgicaavanzad.com.mx,Eduardo Hernández,Chief Technology Officer (CTO),C_SUITE,ENGINEERING_IT,ehernández@metalurgicaavanzad.com.mx,VERIFIED,85,+528999494882,2026-09-06T14:31:01.395224+00:00
Industrial Manufacturing & Transformation,METALURGICA MODERNA S.A.P.I. DE C.V.,metalurgicamoderna.com.mx,Gabriel Mendoza,Chief Revenue Officer (CRO),C_SUITE,SALES_MARKETING,gmendoza@metalurgicamoderna.com.mx,VERIFIED,85,+528156822898,2026-09-06T14:31:01.395224+00:00
Industrial Manufacturing & Transformation,METALURGICA MODERNA S.A.P.I. DE C.V.,metalurgicamoderna.com.mx,David Castro,Chief Financial Officer (CFO),C_SUITE,FINANCE,dcastro@metalurgicamoderna.com.mx,VERIFIED,85,+528161097163,2026-09-06T14:31:01.395224+00:00
Industrial Manufacturing & Transformation,METALURGICA MODERNA 52 S.C.,metalurgicamoderna.mx,Roberto Benítez,Chief Financial Officer (CFO),C_SUITE,FINANCE,rbenítez@metalurgicamoderna.mx,VERIFIED,85,+528174240228,2026-09-06T14:31:01.395224+00:00
Industrial Manufacturing & Transformation,METALURGICA MODERNA 52 S.C.,metalurgicamoderna.mx,Mariana Vega,Chief Revenue Officer (CRO),C_SUITE,SALES_MARKETING,mvega@metalurgicamoderna.mx,VERIFIED,85,+528119858040,2026-09-06T14:31:01.395224+00:00
Industrial Manufacturing & Transformation,METALURGICA MODERNA 52 S.C.,metalurgicamoderna.mx,Alejandro Alarcón,Chief Human Resources Officer (CHRO),C_SUITE,HR_PEOPLE,aalarcón@metalurgicamoderna.mx,VERIFIED,85,+528164440292,2026-09-06T14:31:01.395224+00:00
Industrial Manufacturing & Transformation,METALURGICA MODERNA 52 S.C.,metalurgicamoderna.mx,Patricia Valenzuela,Chief Financial Officer (CFO),C_SUITE,FINANCE,pvalenzuela@metalurgicamoderna.mx,VERIFIED,85,+528140083191,2026-09-06T14:31:01.395224+00:00
Industrial Manufacturing & Transformation,TRANSFORMADORA INTERNACIONAL S.A.B. DE C.V.,transformadorainte.com.mx,Alejandro Mendoza,Chief Revenue Officer (CRO),C_SUITE,SALES_MARKETING,amendoza@transformadorainte.com.mx,VERIFIED,85,+526191812941,2026-09-06T14:31:01.395224+00:00
Industrial Manufacturing & Transformation,TRANSFORMADORA INTERNACIONAL S.A.B. DE C.V.,transformadorainte.com.mx,Rodrigo Garza,Founder,FOUNDER,EXECUTIVE,rgarza@transformadorainte.com.mx,VERIFIED,85,+527657896191,2026-09-06T14:31:01.395224+00:00
Industrial Manufacturing & Transformation,TRANSFORMADORA INTERNACIONAL S.A.B. DE C.V.,transformadorainte.com.mx,Alejandro Ruiz,Chief Operating Officer (COO),C_SUITE,OPERATIONS,aruiz@transformadorainte.com.mx,VERIFIED,85,+525028006865,2026-09-06T14:31:01.395224+00:00
Industrial Manufacturing & Transformation,TRANSFORMADORA DEL BAJIO S.C.,transformadoradelb.com.mx,Carlos Alarcón,Founder,FOUNDER,EXECUTIVE,calarcón@transformadoradelb.com.mx,VERIFIED,85,+527523603288,2026-09-06T14:31:01.405579+00:00
Industrial Manufacturing & Transformation,TRANSFORMADORA DEL BAJIO S.C.,transformadoradelb.com.mx,Patricia Vega,Chief Revenue Officer (CRO),C_SUITE,SALES_MARKETING,pvega@transformadoradelb.com.mx,VERIFIED,85,+528668376921,2026-09-06T14:31:01.405579+00:00
Industrial Manufacturing & Transformation,TRANSFORMADORA DEL PACIFICO S.A.S.,transformadoradelp.com.mx,David Valenzuela,Chief Financial Officer (CFO),C_SUITE,FINANCE,dvalenzuela@transformadoradelp.com.mx,VERIFIED,85,+525683171532,2026-09-06T14:31:01.405579+00:00
Industrial Manufacturing & Transformation,TRANSFORMADORA DEL PACIFICO S.A.S.,transformadoradelp.com.mx,Claudia Martínez,Chief Operating Officer (COO),C_SUITE,OPERATIONS,cmartínez@transformadoradelp.com.mx,VERIFIED,85,+529867979258,2026-09-06T14:31:01.405579+00:00
Industrial Manufacturing & Transformation,TRANSFORMADORA DEL CENTRO S.A.P.I. DE C.V.,transformadoradelc.com.mx,Alejandro Castro,Chief Operating Officer (COO),C_SUITE,OPERATIONS,acastro@transformadoradelc.com.mx,VERIFIED,85,+527481784799,2026-09-06T14:31:01.405579+00:00
Industrial Manufacturing & Transformation,TRANSFORMADORA DEL NORTE S. DE R.L. DE C.V.,transformadoradeln.mx,Roberto Garza,Chief Revenue Officer (CRO),C_SUITE,SALES_MARKETING,rgarza@transformadoradeln.mx,VERIFIED,85,+527370045825,2026-09-06T14:31:01.405579+00:00
Industrial Manufacturing & Transformation,TRANSFORMADORA DEL PACIFICO S.A. DE C.V.,transformadoradelp.mx,Guillermo Dominguez,Founder,FOUNDER,EXECUTIVE,gdominguez@transformadoradelp.mx,VERIFIED,85,+528354040091,2026-09-06T14:31:01.405579+00:00
Industrial Manufacturing & Transformation,TRANSFORMADORA DEL PACIFICO S.A. DE C.V.,transformadoradelp.mx,Rodrigo Salinas,Chief Technology Officer (CTO),C_SUITE,ENGINEERING_IT,rsalinas@transformadoradelp.mx,VERIFIED,85,+527437292597,2026-09-06T14:31:01.405579+00:00
Industrial Manufacturing & Transformation,TRANSFORMADORA DEL NORTE S.A. DE C.V.,transformadoradeln.com,Daniel Garza,Chief Technology Officer (CTO),C_SUITE,ENGINEERING_IT,dgarza@transformadoradeln.com,VERIFIED,85,+527740366642,2026-09-06T14:31:01.405579+00:00
Industrial Manufacturing & Transformation,TRANSFORMADORA DEL NORTE S.A. DE C.V.,transformadoradeln.com,Daniel Alarcón,Chief Revenue Officer (CRO),C_SUITE,SALES_MARKETING,dalarcón@transformadoradeln.com,VERIFIED,85,+529814863211,2026-09-06T14:31:01.405579+00:00
Industrial Manufacturing & Transformation,TRANSFORMADORA DEL CENTRO S.A.S.,transformadoradelc.mx,Javier Dominguez,Chief Technology Officer (CTO),C_SUITE,ENGINEERING_IT,jdominguez@transformadoradelc.mx,VERIFIED,85,+526958582434,2026-09-06T14:31:01.405579+00:00
Industrial Manufacturing & Transformation,TRANSFORMADORA DEL CENTRO S.A.S.,transformadoradelc.mx,Jorge Valenzuela,Chief Executive Officer (CEO),C_SUITE,EXECUTIVE,jvalenzuela@transformadoradelc.mx,VERIFIED,85,+527130313533,2026-09-06T14:31:01.405579+00:00
Industrial Manufacturing & Transformation,TRANSFORMADORA DEL CENTRO S.A.B. DE C.V.,transformadoradelc.com,Gabriel Vega,Chief Human Resources Officer (CHRO),C_SUITE,HR_PEOPLE,gvega@transformadoradelc.com,VERIFIED,85,+527585128028,2026-09-06T14:31:01.405579+00:00
Industrial Manufacturing & Transformation,TRANSFORMADORA MEXICANA 18 S.A. DE C.V.,transformadoramexi.mx,Miguel Valenzuela,Chief Human Resources Officer (CHRO),C_SUITE,HR_PEOPLE,mvalenzuela@transformadoramexi.mx,VERIFIED,85,+528027689828,2026-09-06T14:31:01.405579+00:00
Industrial Manufacturing & Transformation,TRANSFORMADORA MEXICANA S. DE R.L. DE C.V.,transformadoramexi.com,Daniel Martínez,Chief Human Resources Officer (CHRO),C_SUITE,HR_PEOPLE,dmartínez@transformadoramexi.com,VERIFIED,85,+529847674179,2026-09-06T14:31:01.405579+00:00
Industrial Manufacturing & Transformation,TRANSFORMADORA MEXICANA S. DE R.L. DE C.V.,transformadoramexi.com,Andrea Morales,Founder,FOUNDER,EXECUTIVE,amorales@transformadoramexi.com,VERIFIED,85,+524214591058,2026-09-06T14:31:01.405579+00:00
Industrial Manufacturing & Transformation,METALURGICA LATINOAMERICANA S.C.,metalurgicalatinoa.mx,Mariana Navarro,Chief Financial Officer (CFO),C_SUITE,FINANCE,mnavarro@metalurgicalatinoa.mx,VERIFIED,85,+524296812611,2026-09-06T14:31:01.405579+00:00
Industrial Manufacturing & Transformation,METALURGICA LATINOAMERICANA S.C.,metalurgicalatinoa.mx,Miguel Navarro,Chief Revenue Officer (CRO),C_SUITE,SALES_MARKETING,mnavarro@metalurgicalatinoa.mx,VERIFIED,85,+524379813816,2026-09-06T14:31:01.405579+00:00
Industrial Manufacturing & Transformation,METALURGICA LATINOAMERICANA S.C.,metalurgicalatinoa.mx,Jorge González,Founder,FOUNDER,EXECUTIVE,jgonzález@metalurgicalatinoa.mx,VERIFIED,85,+525519127061,2026-09-06T14:31:01.405579+00:00
Industrial Manufacturing & Transformation,METALURGICA LATINOAMERICANA S.C.,metalurgicalatinoa.mx,Claudia Treviño,Chief Human Resources Officer (CHRO),C_SUITE,HR_PEOPLE,ctreviño@metalurgicalatinoa.mx,VERIFIED,85,+527622379532,2026-09-06T14:31:01.405579+00:00
Industrial Manufacturing & Transformation,METALURGICA LATINOAMERICANA S.C.,metalurgicalatinoa.mx,Alejandro Castro,Chief Human Resources Officer (CHRO),C_SUITE,HR_PEOPLE,acastro@metalurgicalatinoa.mx,VERIFIED,85,+524149727529,2026-09-06T14:31:01.405579+00:00
Industrial Manufacturing & Transformation,METALURGICA LATINOAMERICANA S.C.,metalurgicalatinoa.com,Roberto González,Chief Revenue Officer (CRO),C_SUITE,SALES_MARKETING,rgonzález@metalurgicalatinoa.com,VERIFIED,85,+524624207200,2026-09-06T14:31:01.405579+00:00
Industrial Manufacturing & Transformation,METALURGICA LATINOAMERICANA S.C.,metalurgicalatinoa.com,Sofia Ruiz,Chief Executive Officer (CEO),C_SUITE,EXECUTIVE,sruiz@metalurgicalatinoa.com,VERIFIED,85,+524615170762,2026-09-06T14:31:01.405579+00:00
Industrial Manufacturing & Transformation,METALURGICA LATINOAMERICANA S.C.,metalurgicalatinoa.com,Claudia López,Chief Executive Officer (CEO),C_SUITE,EXECUTIVE,clópez@metalurgicalatinoa.com,VERIFIED,85,+527612040540,2026-09-06T14:31:01.408668+00:00
Industrial Manufacturing & Transformation,METALURGICA LATINOAMERICANA 12 S.C.,metalurgicalatinoa.com.mx,Fernando Morales,Chief Technology Officer (CTO),C_SUITE,ENGINEERING_IT,fmorales@metalurgicalatinoa.com.mx,VERIFIED,85,+526360569293,2026-09-06T14:31:01.408668+00:00
Industrial Manufacturing & Transformation,METALURGICA LATINOAMERICANA 12 S.C.,metalurgicalatinoa.com.mx,Hector Dominguez,Chief Revenue Officer (CRO),C_SUITE,SALES_MARKETING,hdominguez@metalurgicalatinoa.com.mx,VERIFIED,85,+528391782851,2026-09-06T14:31:01.408668+00:00
Industrial Manufacturing & Transformation,METALURGICA LATINOAMERICANA 12 S.C.,metalurgicalatinoa.com.mx,Andrea Salinas,Chief Operating Officer (COO),C_SUITE,OPERATIONS,asalinas@metalurgicalatinoa.com.mx,VERIFIED,85,+524535945316,2026-09-06T14:31:01.408668+00:00
Industrial Manufacturing & Transformation,GRUPO INDUSTRIAL DEL NORTE S. DE R.L. DE C.V.,grupoindustrialdel.com,Roberto Garza,Chief Operating Officer (COO),C_SUITE,OPERATIONS,rgarza@grupoindustrialdel.com,VERIFIED,85,+528084438695,2026-09-06T14:31:01.410141+00:00
Industrial Manufacturing & Transformation,GRUPO INDUSTRIAL DEL NORTE S. DE R.L. DE C.V.,grupoindustrialdel.com,Hector Navarro,Founder,FOUNDER,EXECUTIVE,hnavarro@grupoindustrialdel.com,VERIFIED,85,+525289928093,2026-09-06T14:31:01.410141+00:00
Industrial Manufacturing & Transformation,GRUPO INDUSTRIAL DEL NORTE S. DE R.L. DE C.V.,grupoindustrialdel.com,Guillermo Castro,Chief Technology Officer (CTO),C_SUITE,ENGINEERING_IT,gcastro@grupoindustrialdel.com,VERIFIED,85,+527821258173,2026-09-06T14:31:01.410141+00:00
Industrial Manufacturing & Transformation,GRUPO INDUSTRIAL DEL NORTE S. DE R.L. DE C.V.,grupoindustrialdel.com,Carlos Navarro,Chief Operating Officer (COO),C_SUITE,OPERATIONS,cnavarro@grupoindustrialdel.com,VERIFIED,85,+527112232731,2026-09-06T14:31:01.410141+00:00
Industrial Manufacturing & Transformation,GRUPO INDUSTRIAL DEL NORTE S. DE R.L. DE C.V.,grupoindustrialdel.com,Rodrigo Dominguez,Chief Operating Officer (COO),C_SUITE,OPERATIONS,rdominguez@grupoindustrialdel.com,VERIFIED,85,+526444672929,2026-09-06T14:31:01.410141+00:00
Industrial Manufacturing & Transformation,GRUPO INDUSTRIAL DEL NORTE S. DE R.L. DE C.V.,grupoindustrialdel.com,Jorge Navarro,Chief Operating Officer (COO),C_SUITE,OPERATIONS,jnavarro@grupoindustrialdel.com,VERIFIED,85,+526697994042,2026-09-06T14:31:01.410141+00:00
Industrial Manufacturing & Transformation,GRUPO INDUSTRIAL DEL NORTE S. DE R.L. DE C.V.,grupoindustrialdel.com,Fernando Morales,Chief Revenue Officer (CRO),C_SUITE,SALES_MARKETING,fmorales@grupoindustrialdel.com,VERIFIED,85,+527261487938,2026-09-06T14:31:01.410141+00:00
Industrial Manufacturing & Transformation,GRUPO INDUSTRIAL DEL NORTE S. DE R.L. DE C.V.,grupoindustrialdel.com,Guillermo Valenzuela,Chief Executive Officer (CEO),C_SUITE,EXECUTIVE,gvalenzuela@grupoindustrialdel.com,VERIFIED,85,+529883690892,2026-09-06T14:31:01.410141+00:00
Industrial Manufacturing & Transformation,GRUPO INDUSTRIAL GLOBAL S.A. DE C.V.,grupoindustrialglo.com,Mariana Alarcón,Chief Financial Officer (CFO),C_SUITE,FINANCE,malarcón@grupoindustrialglo.com,VERIFIED,85,+526539910824,2026-09-06T14:31:01.410141+00:00
Industrial Manufacturing & Transformation,GRUPO INDUSTRIAL GLOBAL S.A. DE C.V.,grupoindustrialglo.com,Sofia Vega,Chief Executive Officer (CEO),C_SUITE,EXECUTIVE,svega@grupoindustrialglo.com,VERIFIED,85,+528383391927,2026-09-06T14:31:01.410141+00:00
Industrial Manufacturing & Transformation,GRUPO INDUSTRIAL GLOBAL S.A. DE C.V.,grupoindustrialglo.com,Fernando Ruiz,Chief Human Resources Officer (CHRO),C_SUITE,HR_PEOPLE,fruiz@grupoindustrialglo.com.mx,VERIFIED,85,+526076756124,2026-09-06T14:31:01.410141+00:00
Industrial Manufacturing & Transformation,GRUPO INDUSTRIAL DINAMICA S. DE R.L. DE C.V.,grupoindustrialdin.mx,Fernando Benítez,Chief Human Resources Officer (CHRO),C_SUITE,HR_PEOPLE,fbenítez@grupoindustrialdin.mx,VERIFIED,85,+525596529502,2026-09-06T14:31:01.410141+00:00
Industrial Manufacturing & Transformation,GRUPO INDUSTRIAL DINAMICA S. DE R.L. DE C.V.,grupoindustrialdin.mx,Mariana Mendoza,Chief Executive Officer (CEO),C_SUITE,EXECUTIVE,mmendoza@grupoindustrialdin.mx,VERIFIED,85,+526891733282,2026-09-06T14:31:01.410141+00:00
Industrial Manufacturing & Transformation,GRUPO INDUSTRIAL DINAMICA S. DE R.L. DE C.V.,grupoindustrialdin.mx,Jorge Hernández,Founder,FOUNDER,EXECUTIVE,jhernández@grupoindustrialdin.com,VERIFIED,85,+528759871575,2026-09-06T14:31:01.410141+00:00
Industrial Manufacturing & Transformation,GRUPO INDUSTRIAL CENTRAL 69 S.C.,grupoindustrialcen.com,Adriana Benítez,Chief Financial Officer (CFO),C_SUITE,FINANCE,abenítez@grupoindustrialcen.com,VERIFIED,85,+528198516896,2026-09-06T14:31:01.410141+00:00
Industrial Manufacturing & Transformation,GRUPO INDUSTRIAL CENTRAL 69 S.C.,grupoindustrialcen.com,Gabriel Morales,Chief Operating Officer (COO),C_SUITE,OPERATIONS,gmorales@grupoindustrialcen.com,VERIFIED,85,+525651411221,2026-09-06T14:31:01.410141+00:00
Industrial Manufacturing & Transformation,GRUPO INDUSTRIAL CENTRAL 69 S.C.,grupoindustrialcen.com,Luis Morales,Chief Technology Officer (CTO),C_SUITE,ENGINEERING_IT,lmorales@grupoindustrialcen.com,VERIFIED,85,+525653166435,2026-09-06T14:31:01.410141+00:00
Industrial Manufacturing & Transformation,GRUPO INDUSTRIAL CENTRAL 69 S.C.,grupoindustrialcen.com,Jorge Martínez,Chief Technology Officer (CTO),C_SUITE,ENGINEERING_IT,jmartínez@grupoindustrialcen.com,VERIFIED,85,+526346828414,2026-09-06T14:31:01.410141+00:00
Industrial Manufacturing & Transformation,GRUPO INDUSTRIAL DEL BAJIO S.A.P.I. DE C.V.,grupoindustrialdel.mx,Luis Treviño,Chief Technology Officer (CTO),C_SUITE,ENGINEERING_IT,ltreviño@grupoindustrialdel.mx,VERIFIED,85,+529513344107,2026-09-06T14:31:01.410141+00:00
Industrial Manufacturing & Transformation,GRUPO INDUSTRIAL DEL BAJIO S.A.P.I. DE C.V.,grupoindustrialdel.mx,Carlos Alarcón,Chief Operating Officer (COO),C_SUITE,OPERATIONS,calarcón@grupoindustrialdel.mx,VERIFIED,85,+527553667292,2026-09-06T14:31:01.410141+00:00
Industrial Manufacturing & Transformation,GRUPO INDUSTRIAL DEL BAJIO S.A.P.I. DE C.V.,grupoindustrialdel.mx,Gabriel Navarro,Chief Human Resources Officer (CHRO),C_SUITE,HR_PEOPLE,gnavarro@grupoindustrialdel.mx,VERIFIED,85,+524793615416,2026-09-06T14:31:01.410141+00:00
Industrial Manufacturing & Transformation,GRUPO INDUSTRIAL DEL BAJIO S.A.P.I. DE C.V.,grupoindustrialdel.mx,Mariana Morales,Chief Technology Officer (CTO),C_SUITE,ENGINEERING_IT,mmorales@grupoindustrialdel.mx,VERIFIED,85,+526170581046,2026-09-06T14:31:01.410141+00:00
Industrial Manufacturing & Transformation,GRUPO INDUSTRIAL DEL BAJIO S.A.P.I. DE C.V.,grupoindustrialdel.mx,Jorge Dominguez,Chief Executive Officer (CEO),C_SUITE,EXECUTIVE,jdominguez@grupoindustrialdel.mx,VERIFIED,85,+528687901454,2026-09-06T14:31:01.410141+00:00
Industrial Manufacturing & Transformation,GRUPO INDUSTRIAL DEL BAJIO S.A.P.I. DE C.V.,grupoindustrialdel.mx,David Benítez,Chief Technology Officer (CTO),C_SUITE,ENGINEERING_IT,dbenítez@grupoindustrialdel.mx,VERIFIED,85,+526172069272,2026-09-06T14:31:01.410141+00:00
Industrial Manufacturing & Transformation,GRUPO INDUSTRIAL DEL BAJIO S.A.P.I. DE C.V.,grupoindustrialdel.mx,Patricia Vega,Chief Operating Officer (COO),C_SUITE,OPERATIONS,pvega@grupoindustrialdel.mx,VERIFIED,85,+526822052755,2026-09-06T14:31:01.410141+00:00
Industrial Manufacturing & Transformation,GRUPO INDUSTRIAL DEL BAJIO S.A.P.I. DE C.V.,grupoindustrialdel.com.mx,Mariana Valenzuela,Chief Operating Officer (COO),C_SUITE,OPERATIONS,mvalenzuela@grupoindustrialdel.com.mx,VERIFIED,85,+526428148749,2026-09-06T14:31:01.410141+00:00
Industrial Manufacturing & Transformation,GRUPO INDUSTRIAL DEL BAJIO S.A.P.I. DE C.V.,grupoindustrialdel.com.mx,Luis Garza,Chief Human Resources Officer (CHRO),C_SUITE,HR_PEOPLE,lgarza@grupoindustrialdel.com.mx,VERIFIED,85,+524263776480,2026-09-06T14:31:01.410141+00:00
Industrial Manufacturing & Transformation,GRUPO INDUSTRIAL DEL BAJIO S.A.P.I. DE C.V.,grupoindustrialdel.com.mx,Patricia Valenzuela,Chief Human Resources Officer (CHRO),C_SUITE,HR_PEOPLE,pvalenzuela@grupoindustrialdel.com.mx,VERIFIED,85,+524586824948,2026-09-06T14:31:01.410141+00:00
Industrial Manufacturing & Transformation,GRUPO INDUSTRIAL DEL BAJIO S.A.P.I. DE C.V.,grupoindustrialdel.com.mx,Claudia Treviño,Chief Executive Officer (CEO),C_SUITE,EXECUTIVE,ctreviño@grupoindustrialdel.com.mx,VERIFIED,85,+525167884687,2026-09-06T14:31:01.411570+00:00
Industrial Manufacturing & Transformation,GRUPO INDUSTRIAL DEL BAJIO S.A.P.I. DE C.V.,grupoindustrialdel.com.mx,Adriana Benítez,Chief Operating Officer (COO),C_SUITE,OPERATIONS,abenítez@grupoindustrialdel.com.mx,VERIFIED,85,+524350224121,2026-09-06T14:31:01.411570+00:00
Industrial Manufacturing & Transformation,GRUPO INDUSTRIAL MODERNA S. DE R.L. DE C.V.,grupoindustrialmod.com.mx,Fernando Garza,Chief Human Resources Officer (CHRO),C_SUITE,HR_PEOPLE,fgarza@grupoindustrialmod.com.mx,VERIFIED,85,+526291148805,2026-09-06T14:31:01.411570+00:00
Industrial Manufacturing & Transformation,GRUPO INDUSTRIAL MODERNA S. DE R.L. DE C.V.,grupoindustrialmod.com.mx,Fernando González,Chief Revenue Officer (CRO),C_SUITE,SALES_MARKETING,fgonzález@grupoindustrialmod.com.mx,VERIFIED,85,+527378883138,2026-09-06T14:31:01.411570+00:00
Industrial Manufacturing & Transformation,GRUPO INDUSTRIAL MODERNA S. DE R.L. DE C.V.,grupoindustrialmod.com.mx,Jorge Hernández,Chief Executive Officer (CEO),C_SUITE,EXECUTIVE,jhernández@grupoindustrialmod.mx,VERIFIED,85,+524386359611,2026-09-06T14:31:01.411570+00:00
Industrial Manufacturing & Transformation,GRUPO INDUSTRIAL INTEGRAL S.A.B. DE C.V.,grupoindustrialint.com.mx,Roberto Garza,Chief Executive Officer (CEO),C_SUITE,EXECUTIVE,rgarza@grupoindustrialint.com.mx,VERIFIED,85,+528064499389,2026-09-06T14:31:01.411570+00:00
Industrial Manufacturing & Transformation,GRUPO INDUSTRIAL INTEGRAL S.A.B. DE C.V.,grupoindustrialint.com.mx,Javier Benítez,Chief Technology Officer (CTO),C_SUITE,ENGINEERING_IT,jbenítez@grupoindustrialint.com.mx,VERIFIED,85,+524334431480,2026-09-06T14:31:01.411570+00:00
Industrial Manufacturing & Transformation,GRUPO INDUSTRIAL AVANZADA S.A.B. DE C.V.,grupoindustrialava.com.mx,Alejandro Treviño,Chief Executive Officer (CEO),C_SUITE,EXECUTIVE,atreviño@grupoindustrialava.com.mx,VERIFIED,85,+524662358070,2026-09-06T14:31:01.411570+00:00
Industrial Manufacturing & Transformation,GRUPO INDUSTRIAL AVANZADA S.A.B. DE C.V.,grupoindustrialava.com.mx,Adriana González,Chief Executive Officer (CEO),C_SUITE,EXECUTIVE,agonzález@grupoindustrialava.com.mx,VERIFIED,85,+525386893397,2026-09-06T14:31:01.411570+00:00
Industrial Manufacturing & Transformation,GRUPO INDUSTRIAL MEXICANA S.A.S.,grupoindustrialmex.com,Adriana Martínez,Chief Executive Officer (CEO),C_SUITE,EXECUTIVE,amartínez@grupoindustrialmex.com,VERIFIED,85,+526898392914,2026-09-06T14:31:01.411570+00:00
Industrial Manufacturing & Transformation,GRUPO INDUSTRIAL MEXICANA S.A.S.,grupoindustrialmex.com,Mariana Treviño,Chief Revenue Officer (CRO),C_SUITE,SALES_MARKETING,mtreviño@grupoindustrialmex.com,VERIFIED,85,+524358572142,2026-09-06T14:31:01.411570+00:00
Industrial Manufacturing & Transformation,GRUPO INDUSTRIAL MEXICANA S.A.S.,grupoindustrialmex.com,Mariana Hernández,Chief Executive Officer (CEO),C_SUITE,EXECUTIVE,mhernández@grupoindustrialmex.com,VERIFIED,85,+529640134161,2026-09-06T14:31:01.411570+00:00
Industrial Manufacturing & Transformation,GRUPO INDUSTRIAL MEXICANA S.A.S.,grupoindustrialmex.com,Gabriel Alarcón,Chief Financial Officer (CFO),C_SUITE,FINANCE,galarcón@grupoindustrialmex.com,VERIFIED,85,+524063661096,2026-09-06T14:31:01.411570+00:00
Industrial Manufacturing & Transformation,GRUPO INDUSTRIAL ESTRATEGICA S.A.P.I. DE C.V.,grupoindustrialest.com.mx,Daniel Vega,Founder,FOUNDER,EXECUTIVE,dvega@grupoindustrialest.com.mx,VERIFIED,85,+529763433079,2026-09-06T14:31:01.411570+00:00
Industrial Manufacturing & Transformation,GRUPO INDUSTRIAL ESTRATEGICA S.A.P.I. DE C.V.,grupoindustrialest.com.mx,Sofia Alarcón,Chief Financial Officer (CFO),C_SUITE,FINANCE,salarcón@grupoindustrialest.com.mx,VERIFIED,85,+527915610407,2026-09-06T14:31:01.411570+00:00
Industrial Manufacturing & Transformation,GRUPO INDUSTRIAL ESTRATEGICA S.A.S.,grupoindustrialest.com,Jorge Treviño,Chief Executive Officer (CEO),C_SUITE,EXECUTIVE,jtreviño@grupoindustrialest.com,VERIFIED,85,+524639192857,2026-09-06T14:31:01.411570+00:00
Industrial Manufacturing & Transformation,GRUPO INDUSTRIAL DE OCCIDENTE S.A.B. DE C.V.,grupoindustrialdeo.com,Roberto García,Chief Human Resources Officer (CHRO),C_SUITE,HR_PEOPLE,rgarcía@grupoindustrialdeo.com,VERIFIED,85,+524079680619,2026-09-06T14:31:01.411570+00:00
Industrial Manufacturing & Transformation,GRUPO INDUSTRIAL DE OCCIDENTE S.A.B. DE C.V.,grupoindustrialdeo.com,Sofia Garza,Chief Human Resources Officer (CHRO),C_SUITE,HR_PEOPLE,sgarza@grupoindustrialdeo.mx,VERIFIED,85,+528469371459,2026-09-06T14:31:01.411570+00:00
Industrial Manufacturing & Transformation,GRUPO INDUSTRIAL DE OCCIDENTE S.A.B. DE C.V.,grupoindustrialdeo.com,Adriana Villaseñor,Founder,FOUNDER,EXECUTIVE,avillaseñor@grupoindustrialdeo.com,VERIFIED,85,+527033509668,2026-09-06T14:31:01.411570+00:00
Industrial Manufacturing & Transformation,GRUPO INDUSTRIAL MODERNA S.A.S.,grupoindustrialmod.mx,Roberto Dominguez,Chief Executive Officer (CEO),C_SUITE,EXECUTIVE,rdominguez@grupoindustrialmod.mx,VERIFIED,85,+525771958865,2026-09-06T14:31:01.411570+00:00
Industrial Manufacturing & Transformation,GRUPO INDUSTRIAL MODERNA S.A.S.,grupoindustrialmod.mx,Alejandro Benítez,Chief Executive Officer (CEO),C_SUITE,EXECUTIVE,abenítez@grupoindustrialmod.mx,VERIFIED,85,+527647015150,2026-09-06T14:31:01.411570+00:00
Industrial Manufacturing & Transformation,GRUPO INDUSTRIAL MEXICANA S.C.,grupoindustrialmex.mx,Adriana Treviño,Chief Financial Officer (CFO),C_SUITE,FINANCE,atreviño@grupoindustrialmex.mx,VERIFIED,85,+527824722166,2026-09-06T14:31:01.411570+00:00
Industrial Manufacturing & Transformation,GRUPO INDUSTRIAL MEXICANA S.C.,grupoindustrialmex.mx,Claudia Mendoza,Chief Executive Officer (CEO),C_SUITE,EXECUTIVE,cmendoza@grupoindustrialmex.mx,VERIFIED,85,+527071185047,2026-09-06T14:31:01.411570+00:00
Industrial Manufacturing & Transformation,GRUPO INDUSTRIAL MEXICANA S.C.,grupoindustrialmex.mx,Javier Castro,Chief Human Resources Officer (CHRO),C_SUITE,HR_PEOPLE,jcastro@grupoindustrialmex.mx,VERIFIED,85,+528766025701,2026-09-06T14:31:01.411570+00:00
Industrial Manufacturing & Transformation,GRUPO INDUSTRIAL MEXICANA S.C.,grupoindustrialmex.mx,Miguel Alarcón,Chief Technology Officer (CTO),C_SUITE,ENGINEERING_IT,malarcón@grupoindustrialmex.mx,VERIFIED,85,+525678947282,2026-09-06T14:31:01.411570+00:00
Industrial Manufacturing & Transformation,GRUPO INDUSTRIAL MEXICANA S. DE R.L. DE C.V.,grupoindustrialmex.com.mx,Roberto Benítez,Chief Human Resources Officer (CHRO),C_SUITE,HR_PEOPLE,rbenítez@grupoindustrialmex.com.mx,VERIFIED,85,+524350563581,2026-09-06T14:31:01.411570+00:00
Industrial Manufacturing & Transformation,GRUPO INDUSTRIAL MEXICANA S. DE R.L. DE C.V.,grupoindustrialmex.com.mx,Eduardo Navarro,Chief Financial Officer (CFO),C_SUITE,FINANCE,enavarro@grupoindustrialmex.com.mx,VERIFIED,85,+526132448183,2026-09-06T14:31:01.411570+00:00
Industrial Manufacturing & Transformation,GRUPO INDUSTRIAL MEXICANA S. DE R.L. DE C.V.,grupoindustrialmex.com.mx,Carlos Castro,Chief Technology Officer (CTO),C_SUITE,ENGINEERING_IT,ccastro@grupoindustrialmex.com.mx,VERIFIED,85,+525279619565,2026-09-06T14:31:01.411570+00:00
Industrial Manufacturing & Transformation,GRUPO INDUSTRIAL LATINOAMERICANA S. DE R.L. DE C.V.,grupoindustriallat.com.mx,Jorge Villaseñor,Chief Executive Officer (CEO),C_SUITE,EXECUTIVE,jvillaseñor@grupoindustriallat.com.mx,VERIFIED,85,+524060388691,2026-09-06T14:31:01.411570+00:00
Industrial Manufacturing & Transformation,GRUPO INDUSTRIAL INTERNACIONAL 33 S.A.P.I. DE C.V.,grupoindustrialint.com,Miguel Castro,Chief Technology Officer (CTO),C_SUITE,ENGINEERING_IT,mcastro@grupoindustrialint.com,VERIFIED,85,+528555695740,2026-09-06T14:31:01.411570+00:00
Industrial Manufacturing & Transformation,GRUPO INDUSTRIAL INTERNACIONAL 33 S.A.P.I. DE C.V.,grupoindustrialint.com,Mariana Villaseñor,Founder,FOUNDER,EXECUTIVE,mvillaseñor@grupoindustrialint.com,VERIFIED,85,+529018501234,2026-09-06T14:31:01.411570+00:00
Industrial Manufacturing & Transformation,GRUPO INDUSTRIAL INTERNACIONAL 33 S.A.P.I. DE C.V.,grupoindustrialint.com,Luis García,Chief Revenue Officer (CRO),C_SUITE,SALES_MARKETING,lgarcía@grupoindustrialint.com,VERIFIED,85,+529763234349,2026-09-06T14:31:01.411570+00:00
Industrial Manufacturing & Transformation,GRUPO INDUSTRIAL INTERNACIONAL 33 S.A.P.I. DE C.V.,grupoindustrialint.com,Andrea López,Chief Human Resources Officer (CHRO),C_SUITE,HR_PEOPLE,alópez@grupoindustrialint.com,VERIFIED,85,+525112507418,2026-09-06T14:31:01.411570+00:00
Industrial Manufacturing & Transformation,GRUPO INDUSTRIAL CENTRAL 87 S.C.,grupoindustrialcen.mx,Mariana Salinas,Founder,FOUNDER,EXECUTIVE,msalinas@grupoindustrialcen.mx,VERIFIED,85,+528577638701,2026-09-06T14:31:01.411570+00:00
Industrial Manufacturing & Transformation,GRUPO INDUSTRIAL AVANZADA S.C.,grupoindustrialava.mx,Hector Villaseñor,Founder,FOUNDER,EXECUTIVE,hvillaseñor@grupoindustrialava.mx,VERIFIED,85,+527496094414,2026-09-06T14:31:01.411570+00:00
Industrial Manufacturing & Transformation,GRUPO INDUSTRIAL INDUSTRIAL S.A.S.,grupoindustrialind.mx,Hector Treviño,Chief Revenue Officer (CRO),C_SUITE,SALES_MARKETING,htreviño@grupoindustrialind.mx,VERIFIED,85,+525981057809,2026-09-06T14:31:01.411570+00:00
Industrial Manufacturing & Transformation,GRUPO INDUSTRIAL ESPECIALIZADA S.A.P.I. DE C.V.,grupoindustrialesp.com,Patricia Alarcón,Chief Technology Officer (CTO),C_SUITE,ENGINEERING_IT,palarcón@grupoindustrialesp.com,VERIFIED,85,+524816059869,2026-09-06T14:31:01.411570+00:00
Industrial Manufacturing & Transformation,GRUPO INDUSTRIAL ESTRATEGICA S.A. DE C.V.,grupoindustrialest.mx,Alejandro Navarro,Founder,FOUNDER,EXECUTIVE,anavarro@grupoindustrialest.mx,VERIFIED,85,+526525529945,2026-09-06T14:31:01.411570+00:00
Industrial Manufacturing & Transformation,GRUPO INDUSTRIAL ESTRATEGICA S.A. DE C.V.,grupoindustrialest.mx,Luis Ruiz,Chief Operating Officer (COO),C_SUITE,OPERATIONS,lruiz@grupoindustrialest.mx,VERIFIED,85,+526140368332,2026-09-06T14:31:01.411570+00:00
Industrial Manufacturing & Transformation,GRUPO INDUSTRIAL INDUSTRIAL 99 S.A. DE C.V.,grupoindustrialind.com.mx,Patricia Treviño,Chief Operating Officer (COO),C_SUITE,OPERATIONS,ptreviño@grupoindustrialind.com.mx,VERIFIED,85,+529110808909,2026-09-06T14:31:01.411570+00:00
Industrial Manufacturing & Transformation,GRUPO INDUSTRIAL DE OCCIDENTE S. DE R.L. DE C.V.,grupoindustrialdeo.mx,Guillermo Villaseñor,Founder,FOUNDER,EXECUTIVE,gvillaseñor@grupoindustrialdeo.mx,VERIFIED,85,+528199829024,2026-09-06T14:31:01.411570+00:00
Industrial Manufacturing & Transformation,GRUPO INDUSTRIAL ESPECIALIZADA S.A. DE C.V.,grupoindustrialesp.com.mx,Luis Mendoza,Chief Human Resources Officer (CHRO),C_SUITE,HR_PEOPLE,lmendoza@grupoindustrialesp.com.mx,VERIFIED,85,+524522607670,2026-09-06T14:31:01.411570+00:00
Industrial Manufacturing & Transformation,GRUPO INDUSTRIAL ESPECIALIZADA S.A. DE C.V.,grupoindustrialesp.com.mx,Miguel García,Chief Financial Officer (CFO),C_SUITE,FINANCE,mgarcía@grupoindustrialesp.com.mx,VERIFIED,85,+525767327775,2026-09-06T14:31:01.411570+00:00
Industrial Manufacturing & Transformation,GRUPO INDUSTRIAL GLOBAL S.A.P.I. DE C.V.,grupoindustrialglo.mx,Adriana Valenzuela,Chief Revenue Officer (CRO),C_SUITE,SALES_MARKETING,avalenzuela@grupoindustrialglo.mx,VERIFIED,85,+526930481187,2026-09-06T14:31:01.411570+00:00
Industrial Manufacturing & Transformation,GRUPO INDUSTRIAL DINAMICA 9 S.C.,grupoindustrialdin.com.mx,Guillermo García,Chief Technology Officer (CTO),C_SUITE,ENGINEERING_IT,ggarcía@grupoindustrialdin.com.mx,VERIFIED,85,+528023169315,2026-09-06T14:31:01.411570+00:00
Industrial Manufacturing & Transformation,GRUPO INDUSTRIAL MODERNA S.A. DE C.V.,grupoindustrialmod.com,Fernando Garza,Chief Revenue Officer (CRO),C_SUITE,SALES_MARKETING,fgarza@grupoindustrialmod.com,VERIFIED,85,+528840176220,2026-09-06T14:31:01.411570+00:00
Industrial Manufacturing & Transformation,GRUPO INDUSTRIAL NACIONAL S.C.,grupoindustrialnac.com.mx,Luis Castro,Chief Operating Officer (COO),C_SUITE,OPERATIONS,lcastro@grupoindustrialnac.com.mx,VERIFIED,85,+529526587560,2026-09-06T14:31:01.411570+00:00
Industrial Manufacturing & Transformation,GRUPO INDUSTRIAL GLOBAL S.A.S.,grupoindustrialglo.com.mx,Gabriel Vega,Chief Technology Officer (CTO),C_SUITE,ENGINEERING_IT,gvega@grupoindustrialglo.com.mx,VERIFIED,85,+529463523760,2026-09-06T14:31:01.411570+00:00
Industrial Manufacturing & Transformation,METALURGICA INDUSTRIAL S.A.S.,metalurgicaindustr.com,Luis Navarro,Chief Financial Officer (CFO),C_SUITE,FINANCE,lnavarro@metalurgicaindustr.com,VERIFIED,85,+526610208341,2026-09-06T14:31:01.411570+00:00
Industrial Manufacturing & Transformation,METALURGICA INDUSTRIAL S.A.S.,metalurgicaindustr.com,Patricia López,Chief Technology Officer (CTO),C_SUITE,ENGINEERING_IT,plópez@metalurgicaindustr.com,VERIFIED,85,+528080425789,2026-09-06T14:31:01.411570+00:00
Industrial Manufacturing & Transformation,METALURGICA INDUSTRIAL S.C.,metalurgicaindustr.com.mx,Claudia Morales,Chief Human Resources Officer (CHRO),C_SUITE,HR_PEOPLE,cmorales@metalurgicaindustr.com.mx,VERIFIED,85,+527496961378,2026-09-06T14:31:01.411570+00:00
Industrial Manufacturing & Transformation,METALURGICA INDUSTRIAL S.C.,metalurgicaindustr.com.mx,Fernando Benítez,Chief Executive Officer (CEO),C_SUITE,EXECUTIVE,fbenítez@metalurgicaindustr.com.mx,VERIFIED,85,+525533359355,2026-09-06T14:31:01.411570+00:00
Industrial Manufacturing & Transformation,TRANSFORMADORA DEL PACIFICO S.A. DE C.V.,transformadoradelp.com.mx,Sofia Navarro,Chief Executive Officer (CEO),C_SUITE,EXECUTIVE,snavarro@transformadoradelp.com.mx,VERIFIED,85,+528164594517,2026-09-06T14:31:01.411570+00:00
Industrial Manufacturing & Transformation,TRANSFORMADORA DEL NORTE S. DE R.L. DE C.V.,transformadoradeln.com,Sofia González,Founder,FOUNDER,EXECUTIVE,sgonzález@transformadoradeln.com,VERIFIED,85,+528162273372,2026-09-06T14:31:01.411570+00:00
Industrial Manufacturing & Transformation,TRANSFORMADORA DEL BAJIO 88 S. DE R.L. DE C.V.,transformadoradelb.mx,Javier Alarcón,Chief Operating Officer (COO),C_SUITE,OPERATIONS,jalarcón@transformadoradelb.mx,VERIFIED,85,+528172307786,2026-09-06T14:31:01.411570+00:00
Industrial Manufacturing & Transformation,TRANSFORMADORA DEL BAJIO 88 S. DE R.L. DE C.V.,transformadoradelb.mx,Eduardo Morales,Chief Executive Officer (CEO),C_SUITE,EXECUTIVE,emorales@transformadoradelb.mx,VERIFIED,85,+528122983092,2026-09-06T14:31:01.411570+00:00
Industrial Manufacturing & Transformation,TRANSFORMADORA DEL PACIFICO S. DE R.L. DE C.V.,transformadoradelp.mx,Gabriel López,Chief Technology Officer (CTO),C_SUITE,ENGINEERING_IT,glópez@transformadoradelp.mx,VERIFIED,85,+528153041003,2026-09-06T14:31:01.411570+00:00
Industrial Manufacturing & Transformation,TRANSFORMADORA DEL PACIFICO S.A.S.,transformadoradelp.com,Gabriel Dominguez,Chief Operating Officer (COO),C_SUITE,OPERATIONS,gdominguez@transformadoradelp.com,VERIFIED,85,+528122559898,2026-09-06T14:31:01.411570+00:00
Industrial Manufacturing & Transformation,TRANSFORMADORA DEL PACIFICO S.A.S.,transformadoradelp.com,Rodrigo Morales,Chief Human Resources Officer (CHRO),C_SUITE,HR_PEOPLE,rmorales@transformadoradelp.com,VERIFIED,85,+528143464415,2026-09-06T14:31:01.411570+00:00
Industrial Manufacturing & Transformation,TRANSFORMADORA DEL BAJIO S.A.B. DE C.V.,transformadoradelb.com.mx,Mariana García,Chief Revenue Officer (CRO),C_SUITE,SALES_MARKETING,mgarcía@transformadoradelb.com.mx,VERIFIED,85,+528166747803,2026-09-06T14:31:01.411570+00:00
Industrial Manufacturing & Transformation,TRANSFORMADORA DEL CENTRO 13 S.C.,transformadoradelc.com.mx,Carlos García,Chief Executive Officer (CEO),C_SUITE,EXECUTIVE,cgarcía@transformadoradelc.com.mx,VERIFIED,85,+528179333674,2026-09-06T14:31:01.411570+00:00
Industrial Manufacturing & Transformation,TRANSFORMADORA DEL CENTRO S. DE R.L. DE C.V.,transformadoradelc.com,Eduardo Dominguez,Chief Executive Officer (CEO),C_SUITE,EXECUTIVE,edominguez@transformadoradelc.com,VERIFIED,85,+528140392139,2026-09-06T14:31:01.411570+00:00
Industrial Manufacturing & Transformation,TRANSFORMADORA GLOBAL S.A.S.,transformadoraglob.com.mx,Daniel García,Chief Human Resources Officer (CHRO),C_SUITE,HR_PEOPLE,dgarcía@transformadoraglob.com.mx,VERIFIED,85,+525887229944,2026-09-06T14:31:01.421248+00:00
Industrial Manufacturing & Transformation,TRANSFORMADORA GLOBAL S.A.S.,transformadoraglob.com.mx,Fernando Martínez,Chief Human Resources Officer (CHRO),C_SUITE,HR_PEOPLE,fmartínez@transformadoraglob.com.mx,VERIFIED,85,+525236890689,2026-09-06T14:31:01.421248+00:00
Industrial Manufacturing & Transformation,TRANSFORMADORA GLOBAL S.A.S.,transformadoraglob.mx,Claudia Mendoza,Chief Human Resources Officer (CHRO),C_SUITE,HR_PEOPLE,cmendoza@transformadoraglob.mx,VERIFIED,85,+527861155390,2026-09-06T14:31:01.421248+00:00
Industrial Manufacturing & Transformation,TRANSFORMADORA GLOBAL S.A.S.,transformadoraglob.mx,Andrea Mendoza,Chief Financial Officer (CFO),C_SUITE,FINANCE,amendoza@transformadoraglob.mx,VERIFIED,85,+528120479018,2026-09-06T14:31:01.421248+00:00
Industrial Manufacturing & Transformation,GRUPO INDUSTRIAL DEL NORTE S.C.,grupoindustrialdel.mx,Miguel Castro,Chief Executive Officer (CEO),C_SUITE,EXECUTIVE,mcastro@grupoindustrialdel.mx,VERIFIED,85,+528128478748,2026-09-06T14:31:01.421248+00:00
Industrial Manufacturing & Transformation,GRUPO INDUSTRIAL DEL NORTE S.C.,grupoindustrialdel.mx,Miguel Garza,Founder,FOUNDER,EXECUTIVE,mgarza@grupoindustrialdel.mx,VERIFIED,85,+528186305790,2026-09-06T14:31:01.421248+00:00
Industrial Manufacturing & Transformation,GRUPO INDUSTRIAL DEL NORTE S.C.,grupoindustrialdel.mx,Guillermo Garza,Chief Executive Officer (CEO),C_SUITE,EXECUTIVE,ggarza@grupoindustrialdel.mx,VERIFIED,85,+528183387072,2026-09-06T14:31:01.421248+00:00
Industrial Manufacturing & Transformation,GRUPO INDUSTRIAL DINAMICA S.A.P.I. DE C.V.,grupoindustrialdin.mx,Patricia Ruiz,Chief Technology Officer (CTO),C_SUITE,ENGINEERING_IT,pruiz@grupoindustrialdin.mx,VERIFIED,85,+528198455798,2026-09-06T14:31:01.421248+00:00
Industrial Manufacturing & Transformation,GRUPO INDUSTRIAL DINAMICA S.A.P.I. DE C.V.,grupoindustrialdin.mx,Adriana Ruiz,Chief Human Resources Officer (CHRO),C_SUITE,HR_PEOPLE,aruiz@grupoindustrialdin.com.mx,VERIFIED,85,+528155914793,2026-09-06T14:31:01.421248+00:00
Industrial Manufacturing & Transformation,GRUPO INDUSTRIAL DINAMICA S.A.P.I. DE C.V.,grupoindustrialdin.mx,Javier Salinas,Chief Executive Officer (CEO),C_SUITE,EXECUTIVE,jsalinas@grupoindustrialdin.com.mx,VERIFIED,85,+528162402683,2026-09-06T14:31:01.421248+00:00
Industrial Manufacturing & Transformation,GRUPO INDUSTRIAL MEXICANA S.A. DE C.V.,grupoindustrialmex.mx,Daniel Ruiz,Chief Revenue Officer (CRO),C_SUITE,SALES_MARKETING,druiz@grupoindustrialmex.mx,VERIFIED,85,+528172701914,2026-09-06T14:31:01.421248+00:00
Industrial Manufacturing & Transformation,GRUPO INDUSTRIAL MEXICANA S.A. DE C.V.,grupoindustrialmex.mx,Luis Dominguez,Chief Executive Officer (CEO),C_SUITE,EXECUTIVE,ldominguez@grupoindustrialmex.com,VERIFIED,85,+528165097016,2026-09-06T14:31:01.421248+00:00
Industrial Manufacturing & Transformation,GRUPO INDUSTRIAL MEXICANA S.A. DE C.V.,grupoindustrialmex.mx,Fernando García,Chief Executive Officer (CEO),C_SUITE,EXECUTIVE,fgarcía@grupoindustrialmex.mx,VERIFIED,85,+528185285394,2026-09-06T14:31:01.421248+00:00
Industrial Manufacturing & Transformation,GRUPO INDUSTRIAL DE LAS AMERICAS S.A.B. DE C.V.,grupoindustrialdel.com,Luis Martínez,Chief Executive Officer (CEO),C_SUITE,EXECUTIVE,lmartínez@grupoindustrialdel.com,VERIFIED,85,+528153601443,2026-09-06T14:31:01.421248+00:00
Industrial Manufacturing & Transformation,GRUPO INDUSTRIAL DE LAS AMERICAS S.A.B. DE C.V.,grupoindustrialdel.com,Javier Martínez,Chief Executive Officer (CEO),C_SUITE,EXECUTIVE,jmartínez@grupoindustrialdel.com,VERIFIED,85,+528135901511,2026-09-06T14:31:01.421248+00:00
Industrial Manufacturing & Transformation,GRUPO INDUSTRIAL DE LAS AMERICAS S.A.B. DE C.V.,grupoindustrialdel.com,Javier Mendoza,Chief Revenue Officer (CRO),C_SUITE,SALES_MARKETING,jmendoza@grupoindustrialdel.com,VERIFIED,85,+528127302515,2026-09-06T14:31:01.421248+00:00
Industrial Manufacturing & Transformation,GRUPO INDUSTRIAL DE LAS AMERICAS S.A.B. DE C.V.,grupoindustrialdel.com,Fernando Vega,Chief Technology Officer (CTO),C_SUITE,ENGINEERING_IT,fvega@grupoindustrialdel.com.mx,VERIFIED,85,+528179412044,2026-09-06T14:31:01.421248+00:00
Industrial Manufacturing & Transformation,GRUPO INDUSTRIAL DE LAS AMERICAS S.A.B. DE C.V.,grupoindustrialdel.com,Javier García,Chief Revenue Officer (CRO),C_SUITE,SALES_MARKETING,jgarcía@grupoindustrialdel.com,VERIFIED,85,+528138120859,2026-09-06T14:31:01.421248+00:00
Industrial Manufacturing & Transformation,GRUPO INDUSTRIAL DE LAS AMERICAS S.A.B. DE C.V.,grupoindustrialdel.com,Miguel Benítez,Chief Executive Officer (CEO),C_SUITE,EXECUTIVE,mbenítez@grupoindustrialdel.com,VERIFIED,85,+528150195152,2026-09-06T14:31:01.421248+00:00
Industrial Manufacturing & Transformation,GRUPO INDUSTRIAL DEL BAJIO S.A. DE C.V.,grupoindustrialdel.com.mx,Carlos Treviño,Founder,FOUNDER,EXECUTIVE,ctreviño@grupoindustrialdel.com.mx,VERIFIED,85,+528152103004,2026-09-06T14:31:01.421248+00:00
Industrial Manufacturing & Transformation,GRUPO INDUSTRIAL DEL BAJIO S.A. DE C.V.,grupoindustrialdel.com.mx,Claudia Morales,Chief Revenue Officer (CRO),C_SUITE,SALES_MARKETING,cmorales@grupoindustrialdel.com.mx,VERIFIED,85,+528113366910,2026-09-06T14:31:01.421248+00:00
Industrial Manufacturing & Transformation,GRUPO INDUSTRIAL DEL BAJIO S.A. DE C.V.,grupoindustrialdel.com.mx,Adriana Martínez,Chief Human Resources Officer (CHRO),C_SUITE,HR_PEOPLE,amartínez@grupoindustrialdel.com.mx,VERIFIED,85,+528138154248,2026-09-06T14:31:01.421248+00:00
Industrial Manufacturing & Transformation,GRUPO INDUSTRIAL DEL BAJIO S.A. DE C.V.,grupoindustrialdel.com.mx,David Navarro,Chief Technology Officer (CTO),C_SUITE,ENGINEERING_IT,dnavarro@grupoindustrialdel.com.mx,VERIFIED,85,+528190906686,2026-09-06T14:31:01.421248+00:00
Industrial Manufacturing & Transformation,GRUPO INDUSTRIAL DEL BAJIO S.A. DE C.V.,grupoindustrialdel.com.mx,Fernando Alarcón,Chief Operating Officer (COO),C_SUITE,OPERATIONS,falarcón@grupoindustrialdel.com.mx,VERIFIED,85,+528184247771,2026-09-06T14:31:01.421248+00:00
Industrial Manufacturing & Transformation,GRUPO INDUSTRIAL INTEGRAL S.A.S.,grupoindustrialint.mx,Alejandro Vega,Chief Operating Officer (COO),C_SUITE,OPERATIONS,avega@grupoindustrialint.mx,VERIFIED,85,+528184880849,2026-09-06T14:31:01.421248+00:00
Industrial Manufacturing & Transformation,GRUPO INDUSTRIAL INTEGRAL S.A.S.,grupoindustrialint.mx,Carlos Morales,Chief Human Resources Officer (CHRO),C_SUITE,HR_PEOPLE,cmorales@grupoindustrialint.mx,VERIFIED,85,+528125952304,2026-09-06T14:31:01.421248+00:00
Industrial Manufacturing & Transformation,GRUPO INDUSTRIAL INTEGRAL S.A.S.,grupoindustrialint.mx,Claudia Vega,Chief Executive Officer (CEO),C_SUITE,EXECUTIVE,cvega@grupoindustrialint.mx,VERIFIED,85,+528149423207,2026-09-06T14:31:01.421248+00:00
Industrial Manufacturing & Transformation,GRUPO INDUSTRIAL NACIONAL 69 S.A.B. DE C.V.,grupoindustrialnac.com,David López,Chief Executive Officer (CEO),C_SUITE,EXECUTIVE,dlópez@grupoindustrialnac.com,VERIFIED,85,+528178423393,2026-09-06T14:31:01.421248+00:00
Industrial Manufacturing & Transformation,GRUPO INDUSTRIAL DE OCCIDENTE S.A. DE C.V.,grupoindustrialdeo.com.mx,Rodrigo Ruiz,Chief Executive Officer (CEO),C_SUITE,EXECUTIVE,rruiz@grupoindustrialdeo.com.mx,VERIFIED,85,+528163541420,2026-09-06T14:31:01.421248+00:00
Industrial Manufacturing & Transformation,GRUPO INDUSTRIAL DE OCCIDENTE S.A. DE C.V.,grupoindustrialdeo.com.mx,Luis Villaseñor,Chief Technology Officer (CTO),C_SUITE,ENGINEERING_IT,lvillaseñor@grupoindustrialdeo.com.mx,VERIFIED,85,+528153540622,2026-09-06T14:31:01.421248+00:00
Industrial Manufacturing & Transformation,GRUPO INDUSTRIAL DE OCCIDENTE S.A. DE C.V.,grupoindustrialdeo.com.mx,Claudia Morales,Chief Executive Officer (CEO),C_SUITE,EXECUTIVE,cmorales@grupoindustrialdeo.com.mx,VERIFIED,85,+528179563640,2026-09-06T14:31:01.421248+00:00
Industrial Manufacturing & Transformation,GRUPO INDUSTRIAL AVANZADA S.C.,grupoindustrialava.com.mx,Javier Hernández,Chief Revenue Officer (CRO),C_SUITE,SALES_MARKETING,jhernández@grupoindustrialava.com.mx,VERIFIED,85,+528165277305,2026-09-06T14:31:01.421248+00:00
Industrial Manufacturing & Transformation,GRUPO INDUSTRIAL AVANZADA S.C.,grupoindustrialava.com.mx,Javier Ruiz,Chief Financial Officer (CFO),C_SUITE,FINANCE,jruiz@grupoindustrialava.com.mx,VERIFIED,85,+528122006777,2026-09-06T14:31:01.421248+00:00
Industrial Manufacturing & Transformation,GRUPO INDUSTRIAL EMPRESARIAL S.A. DE C.V.,grupoindustrialemp.com.mx,Rodrigo Vega,Chief Human Resources Officer (CHRO),C_SUITE,HR_PEOPLE,rvega@grupoindustrialemp.com.mx,VERIFIED,85,+528138603793,2026-09-06T14:31:01.421248+00:00
Industrial Manufacturing & Transformation,GRUPO INDUSTRIAL EMPRESARIAL S.A. DE C.V.,grupoindustrialemp.com.mx,Claudia García,Chief Executive Officer (CEO),C_SUITE,EXECUTIVE,cgarcía@grupoindustrialemp.com.mx,VERIFIED,85,+528161141037,2026-09-06T14:31:01.421248+00:00
Industrial Manufacturing & Transformation,GRUPO INDUSTRIAL EMPRESARIAL S.A. DE C.V.,grupoindustrialemp.com.mx,Javier Dominguez,Chief Executive Officer (CEO),C_SUITE,EXECUTIVE,jdominguez@grupoindustrialemp.mx,VERIFIED,85,+528177060647,2026-09-06T14:31:01.421248+00:00
Industrial Manufacturing & Transformation,GRUPO INDUSTRIAL EMPRESARIAL S.A. DE C.V.,grupoindustrialemp.com.mx,Claudia Martínez,Chief Technology Officer (CTO),C_SUITE,ENGINEERING_IT,cmartínez@grupoindustrialemp.mx,VERIFIED,85,+528188050308,2026-09-06T14:31:01.421248+00:00
Industrial Manufacturing & Transformation,GRUPO INDUSTRIAL ESPECIALIZADA S.A.S.,grupoindustrialesp.mx,Claudia Valenzuela,Chief Executive Officer (CEO),C_SUITE,EXECUTIVE,cvalenzuela@grupoindustrialesp.mx,VERIFIED,85,+528174525709,2026-09-06T14:31:01.421248+00:00
Industrial Manufacturing & Transformation,GRUPO INDUSTRIAL ESPECIALIZADA S.A.S.,grupoindustrialesp.mx,Hector Garza,Chief Executive Officer (CEO),C_SUITE,EXECUTIVE,hgarza@grupoindustrialesp.mx,VERIFIED,85,+528195896097,2026-09-06T14:31:01.421248+00:00
Industrial Manufacturing & Transformation,GRUPO INDUSTRIAL INTERNACIONAL S.A. DE C.V.,grupoindustrialint.com.mx,Claudia Hernández,Chief Financial Officer (CFO),C_SUITE,FINANCE,chernández@grupoindustrialint.com.mx,VERIFIED,85,+528145169518,2026-09-06T14:31:01.421248+00:00
Industrial Manufacturing & Transformation,GRUPO INDUSTRIAL INTERNACIONAL S.A. DE C.V.,grupoindustrialint.com.mx,Alejandro Navarro,Chief Operating Officer (COO),C_SUITE,OPERATIONS,anavarro@grupoindustrialint.com.mx,VERIFIED,85,+528121947406,2026-09-06T14:31:01.421248+00:00
Industrial Manufacturing & Transformation,GRUPO INDUSTRIAL INTERNACIONAL 32 S.A.S.,grupoindustrialint.com,Miguel Treviño,Chief Executive Officer (CEO),C_SUITE,EXECUTIVE,mtreviño@grupoindustrialint.com,VERIFIED,85,+528158609543,2026-09-06T14:31:01.421248+00:00
Industrial Manufacturing & Transformation,GRUPO INDUSTRIAL INTERNACIONAL 32 S.A.S.,grupoindustrialint.com,Mariana Valenzuela,Chief Human Resources Officer (CHRO),C_SUITE,HR_PEOPLE,mvalenzuela@grupoindustrialint.com,VERIFIED,85,+528184323105,2026-09-06T14:31:01.421248+00:00
Industrial Manufacturing & Transformation,GRUPO INDUSTRIAL INTERNACIONAL 32 S.A.S.,grupoindustrialint.com,Adriana García,Chief Financial Officer (CFO),C_SUITE,FINANCE,agarcía@grupoindustrialint.com,VERIFIED,85,+528111092954,2026-09-06T14:31:01.421248+00:00
Industrial Manufacturing & Transformation,GRUPO INDUSTRIAL GLOBAL S.A.S.,grupoindustrialglo.com.mx,Claudia Castro,Chief Human Resources Officer (CHRO),C_SUITE,HR_PEOPLE,ccastro@grupoindustrialglo.com.mx,VERIFIED,85,+528128147438,2026-09-06T14:31:01.421248+00:00
Industrial Manufacturing & Transformation,GRUPO INDUSTRIAL GLOBAL S.A.S.,grupoindustrialglo.com.mx,Claudia Villaseñor,Chief Technology Officer (CTO),C_SUITE,ENGINEERING_IT,cvillaseñor@grupoindustrialglo.com.mx,VERIFIED,85,+528168949726,2026-09-06T14:31:01.421248+00:00
Industrial Manufacturing & Transformation,GRUPO INDUSTRIAL GLOBAL S.A.S.,grupoindustrialglo.com.mx,Alejandro Dominguez,Chief Executive Officer (CEO),C_SUITE,EXECUTIVE,adominguez@grupoindustrialglo.com.mx,VERIFIED,85,+528119203008,2026-09-06T14:31:01.421248+00:00
Industrial Manufacturing & Transformation,GRUPO INDUSTRIAL EMPRESARIAL S.A.P.I. DE C.V.,grupoindustrialemp.mx,Roberto Garza,Chief Revenue Officer (CRO),C_SUITE,SALES_MARKETING,rgarza@grupoindustrialemp.mx,VERIFIED,85,+528158944872,2026-09-06T14:31:01.421248+00:00
Industrial Manufacturing & Transformation,GRUPO INDUSTRIAL GLOBAL S.A. DE C.V.,grupoindustrialglo.mx,Mariana López,Chief Financial Officer (CFO),C_SUITE,FINANCE,mlópez@grupoindustrialglo.mx,VERIFIED,85,+528138678528,2026-09-06T14:31:01.421248+00:00
Industrial Manufacturing & Transformation,GRUPO INDUSTRIAL GLOBAL S.A. DE C.V.,grupoindustrialglo.mx,Carlos Benítez,Chief Technology Officer (CTO),C_SUITE,ENGINEERING_IT,cbenítez@grupoindustrialglo.com,VERIFIED,85,+528197174940,2026-09-06T14:31:01.421248+00:00
Industrial Manufacturing & Transformation,GRUPO INDUSTRIAL GLOBAL S.A.P.I. DE C.V.,grupoindustrialglo.com,Patricia Hernández,Founder,FOUNDER,EXECUTIVE,phernández@grupoindustrialglo.com,VERIFIED,85,+528145841367,2026-09-06T14:31:01.421248+00:00
Industrial Manufacturing & Transformation,GRUPO INDUSTRIAL LATINOAMERICANA S.C.,grupoindustriallat.com,Jorge Valenzuela,Chief Executive Officer (CEO),C_SUITE,EXECUTIVE,jvalenzuela@grupoindustriallat.com,VERIFIED,85,+528143617137,2026-09-06T14:31:01.421248+00:00
Industrial Manufacturing & Transformation,GRUPO INDUSTRIAL LATINOAMERICANA S.C.,grupoindustriallat.com,Fernando Ruiz,Chief Human Resources Officer (CHRO),C_SUITE,HR_PEOPLE,fruiz@grupoindustriallat.com,VERIFIED,85,+528136406978,2026-09-06T14:31:01.421248+00:00
Industrial Manufacturing & Transformation,GRUPO INDUSTRIAL LATINOAMERICANA S.C.,grupoindustriallat.com,Luis López,Chief Executive Officer (CEO),C_SUITE,EXECUTIVE,llópez@grupoindustriallat.com,VERIFIED,85,+528176986934,2026-09-06T14:31:01.421248+00:00
Industrial Manufacturing & Transformation,GRUPO INDUSTRIAL EMPRESARIAL S.A.S.,grupoindustrialemp.com,Javier Salinas,Chief Revenue Officer (CRO),C_SUITE,SALES_MARKETING,jsalinas@grupoindustrialemp.com,VERIFIED,85,+528167769556,2026-09-06T14:31:01.421248+00:00
Industrial Manufacturing & Transformation,GRUPO INDUSTRIAL CENTRAL S.A. DE C.V.,grupoindustrialcen.mx,Carlos Valenzuela,Chief Revenue Officer (CRO),C_SUITE,SALES_MARKETING,cvalenzuela@grupoindustrialcen.mx,VERIFIED,85,+528193545545,2026-09-06T14:31:01.421248+00:00
Industrial Manufacturing & Transformation,GRUPO INDUSTRIAL DINAMICA 60 S.A.P.I. DE C.V.,grupoindustrialdin.com.mx,Jorge Benítez,Founder,FOUNDER,EXECUTIVE,jbenítez@grupoindustrialdin.com.mx,VERIFIED,85,+528141934411,2026-09-06T14:31:01.421248+00:00
Industrial Manufacturing & Transformation,GRUPO INDUSTRIAL NACIONAL S.C.,grupoindustrialnac.com.mx,Patricia García,Chief Technology Officer (CTO),C_SUITE,ENGINEERING_IT,pgarcía@grupoindustrialnac.com.mx,VERIFIED,85,+528188476723,2026-09-06T14:31:01.421248+00:00
Industrial Manufacturing & Transformation,GRUPO INDUSTRIAL NACIONAL S.C.,grupoindustrialnac.com.mx,Patricia Castro,Chief Operating Officer (COO),C_SUITE,OPERATIONS,pcastro@grupoindustrialnac.com.mx,VERIFIED,85,+528174245574,2026-09-06T14:31:01.421248+00:00
Industrial Manufacturing & Transformation,GRUPO INDUSTRIAL ESPECIALIZADA S. DE R.L. DE C.V.,grupoindustrialesp.com,Jorge García,Chief Technology Officer (CTO),C_SUITE,ENGINEERING_IT,jgarcía@grupoindustrialesp.com,VERIFIED,85,+528169540880,2026-09-06T14:31:01.421248+00:00
Industrial Manufacturing & Transformation,GRUPO INDUSTRIAL DE OCCIDENTE S.A.B. DE C.V.,grupoindustrialdeo.com,Hector Villaseñor,Chief Operating Officer (COO),C_SUITE,OPERATIONS,hvillaseñor@grupoindustrialdeo.com,VERIFIED,85,+528133311081,2026-09-06T14:31:01.421248+00:00
Industrial Manufacturing & Transformation,GRUPO INDUSTRIAL DE OCCIDENTE S.A. DE C.V.,grupoindustrialdeo.mx,Claudia Vega,Chief Revenue Officer (CRO),C_SUITE,SALES_MARKETING,cvega@grupoindustrialdeo.mx,VERIFIED,85,+528197198408,2026-09-06T14:31:01.421248+00:00
Industrial Manufacturing & Transformation,GRUPO INDUSTRIAL CENTRAL 39 S.A.B. DE C.V.,grupoindustrialcen.com.mx,Patricia Alarcón,Chief Operating Officer (COO),C_SUITE,OPERATIONS,palarcón@grupoindustrialcen.com.mx,VERIFIED,85,+528169475591,2026-09-06T14:31:01.421248+00:00
Industrial Manufacturing & Transformation,GRUPO INDUSTRIAL INDUSTRIAL S.A.B. DE C.V.,grupoindustrialind.com.mx,Fernando Vega,Chief Operating Officer (COO),C_SUITE,OPERATIONS,fvega@grupoindustrialind.com.mx,VERIFIED,85,+528170828943,2026-09-06T14:31:01.421248+00:00
Industrial Manufacturing & Transformation,GRUPO INDUSTRIAL MEXICANA S.C.,grupoindustrialmex.com,Miguel Villaseñor,Chief Financial Officer (CFO),C_SUITE,FINANCE,mvillaseñor@grupoindustrialmex.com,VERIFIED,85,+525575417254,2026-09-06T14:31:01.425925+00:00
Industrial Manufacturing & Transformation,GRUPO INDUSTRIAL MEXICANA S.C.,grupoindustrialmex.com,Daniel Salinas,Chief Technology Officer (CTO),C_SUITE,ENGINEERING_IT,dsalinas@grupoindustrialmex.mx,VERIFIED,85,+525568536595,2026-09-06T14:31:01.425925+00:00
Industrial Manufacturing & Transformation,GRUPO INDUSTRIAL ESTRATEGICA S.A. DE C.V.,grupoindustrialest.mx,Adriana Navarro,Chief Revenue Officer (CRO),C_SUITE,SALES_MARKETING,anavarro@grupoindustrialest.mx,VERIFIED,85,+525539336713,2026-09-06T14:31:01.425925+00:00
Industrial Manufacturing & Transformation,GRUPO INDUSTRIAL ESTRATEGICA S.A. DE C.V.,grupoindustrialest.mx,Andrea Castro,Founder,FOUNDER,EXECUTIVE,acastro@grupoindustrialest.mx,VERIFIED,85,+525521923495,2026-09-06T14:31:01.425925+00:00
Industrial Manufacturing & Transformation,GRUPO INDUSTRIAL ESTRATEGICA S.A. DE C.V.,grupoindustrialest.mx,Mariana Alarcón,Chief Technology Officer (CTO),C_SUITE,ENGINEERING_IT,malarcón@grupoindustrialest.mx,VERIFIED,85,+525542224923,2026-09-06T14:31:01.425925+00:00
Industrial Manufacturing & Transformation,GRUPO INDUSTRIAL DEL PACIFICO S.A.P.I. DE C.V.,grupoindustrialdel.mx,Rodrigo Alarcón,Chief Technology Officer (CTO),C_SUITE,ENGINEERING_IT,ralarcón@grupoindustrialdel.mx,VERIFIED,85,+525556993164,2026-09-06T14:31:01.425925+00:00
Industrial Manufacturing & Transformation,GRUPO INDUSTRIAL DEL PACIFICO S.A.P.I. DE C.V.,grupoindustrialdel.mx,Fernando García,Chief Executive Officer (CEO),C_SUITE,EXECUTIVE,fgarcía@grupoindustrialdel.mx,VERIFIED,85,+525533170644,2026-09-06T14:31:01.425925+00:00
Industrial Manufacturing & Transformation,GRUPO INDUSTRIAL DEL PACIFICO S.A.P.I. DE C.V.,grupoindustrialdel.mx,Rodrigo Dominguez,Chief Operating Officer (COO),C_SUITE,OPERATIONS,rdominguez@grupoindustrialdel.mx,VERIFIED,85,+525543910849,2026-09-06T14:31:01.425925+00:00
Industrial Manufacturing & Transformation,GRUPO INDUSTRIAL DEL PACIFICO S.A.P.I. DE C.V.,grupoindustrialdel.mx,Roberto Benítez,Founder,FOUNDER,EXECUTIVE,rbenítez@grupoindustrialdel.mx,VERIFIED,85,+525513530433,2026-09-06T14:31:01.425925+00:00
Industrial Manufacturing & Transformation,GRUPO INDUSTRIAL DEL PACIFICO S.A.P.I. DE C.V.,grupoindustrialdel.mx,Adriana Alarcón,Chief Human Resources Officer (CHRO),C_SUITE,HR_PEOPLE,aalarcón@grupoindustrialdel.mx,VERIFIED,85,+525514076310,2026-09-06T14:31:01.425925+00:00
Industrial Manufacturing & Transformation,GRUPO INDUSTRIAL DEL PACIFICO S.A.P.I. DE C.V.,grupoindustrialdel.mx,Sofia Alarcón,Chief Operating Officer (COO),C_SUITE,OPERATIONS,salarcón@grupoindustrialdel.com,VERIFIED,85,+525536821440,2026-09-06T14:31:01.425925+00:00
Industrial Manufacturing & Transformation,GRUPO INDUSTRIAL DEL NORTE S.A. DE C.V.,grupoindustrialdel.com,Miguel Villaseñor,Founder,FOUNDER,EXECUTIVE,mvillaseñor@grupoindustrialdel.com,VERIFIED,85,+525545679077,2026-09-06T14:31:01.425925+00:00
Industrial Manufacturing & Transformation,GRUPO INDUSTRIAL DEL NORTE S.A. DE C.V.,grupoindustrialdel.com,Claudia Villaseñor,Chief Operating Officer (COO),C_SUITE,OPERATIONS,cvillaseñor@grupoindustrialdel.com,VERIFIED,85,+525578895585,2026-09-06T14:31:01.425925+00:00
Industrial Manufacturing & Transformation,GRUPO INDUSTRIAL DEL NORTE S.A. DE C.V.,grupoindustrialdel.com,Carlos González,Founder,FOUNDER,EXECUTIVE,cgonzález@grupoindustrialdel.com,VERIFIED,85,+525526881906,2026-09-06T14:31:01.425925+00:00
Industrial Manufacturing & Transformation,GRUPO INDUSTRIAL ESPECIALIZADA 22 S.C.,grupoindustrialesp.com.mx,Rodrigo Valenzuela,Chief Human Resources Officer (CHRO),C_SUITE,HR_PEOPLE,rvalenzuela@grupoindustrialesp.com.mx,VERIFIED,85,+525514010463,2026-09-06T14:31:01.425925+00:00
Industrial Manufacturing & Transformation,GRUPO INDUSTRIAL CENTRAL S.A.P.I. DE C.V.,grupoindustrialcen.com.mx,Daniel Castro,Chief Executive Officer (CEO),C_SUITE,EXECUTIVE,dcastro@grupoindustrialcen.com.mx,VERIFIED,85,+525523996500,2026-09-06T14:31:01.425925+00:00
Industrial Manufacturing & Transformation,GRUPO INDUSTRIAL CENTRAL S.A.P.I. DE C.V.,grupoindustrialcen.com.mx,Rodrigo González,Chief Executive Officer (CEO),C_SUITE,EXECUTIVE,rgonzález@grupoindustrialcen.com.mx,VERIFIED,85,+525569735403,2026-09-06T14:31:01.425925+00:00
Industrial Manufacturing & Transformation,GRUPO INDUSTRIAL CENTRAL S.A.P.I. DE C.V.,grupoindustrialcen.com.mx,Daniel Valenzuela,Chief Technology Officer (CTO),C_SUITE,ENGINEERING_IT,dvalenzuela@grupoindustrialcen.com.mx,VERIFIED,85,+525564359675,2026-09-06T14:31:01.425925+00:00
Industrial Manufacturing & Transformation,GRUPO INDUSTRIAL DEL NORTE S.A.S.,grupoindustrialdel.com.mx,Fernando Alarcón,Chief Human Resources Officer (CHRO),C_SUITE,HR_PEOPLE,falarcón@grupoindustrialdel.com.mx,VERIFIED,85,+525585133271,2026-09-06T14:31:01.425925+00:00
Industrial Manufacturing & Transformation,GRUPO INDUSTRIAL DEL NORTE S.A.S.,grupoindustrialdel.com.mx,David Castro,Chief Technology Officer (CTO),C_SUITE,ENGINEERING_IT,dcastro@grupoindustrialdel.com.mx,VERIFIED,85,+525573580735,2026-09-06T14:31:01.425925+00:00
Industrial Manufacturing & Transformation,GRUPO INDUSTRIAL DEL NORTE S.A.S.,grupoindustrialdel.com.mx,Daniel Salinas,Chief Operating Officer (COO),C_SUITE,OPERATIONS,dsalinas@grupoindustrialdel.com.mx,VERIFIED,85,+525530442264,2026-09-06T14:31:01.425925+00:00
Industrial Manufacturing & Transformation,GRUPO INDUSTRIAL DEL NORTE S.A.S.,grupoindustrialdel.com.mx,Daniel Valenzuela,Chief Technology Officer (CTO),C_SUITE,ENGINEERING_IT,dvalenzuela@grupoindustrialdel.com.mx,VERIFIED,85,+525561150560,2026-09-06T14:31:01.425925+00:00
Industrial Manufacturing & Transformation,GRUPO INDUSTRIAL DEL NORTE S.A.S.,grupoindustrialdel.com.mx,Rodrigo Alarcón,Chief Revenue Officer (CRO),C_SUITE,SALES_MARKETING,ralarcón@grupoindustrialdel.com.mx,VERIFIED,85,+525554881809,2026-09-06T14:31:01.425925+00:00
Industrial Manufacturing & Transformation,GRUPO INDUSTRIAL DEL NORTE S.A.S.,grupoindustrialdel.com.mx,Gabriel Dominguez,Founder,FOUNDER,EXECUTIVE,gdominguez@grupoindustrialdel.com.mx,VERIFIED,85,+525518029750,2026-09-06T14:31:01.425925+00:00
Industrial Manufacturing & Transformation,GRUPO INDUSTRIAL MODERNA S.A.P.I. DE C.V.,grupoindustrialmod.mx,Hector Benítez,Chief Operating Officer (COO),C_SUITE,OPERATIONS,hbenítez@grupoindustrialmod.mx,VERIFIED,85,+525546284521,2026-09-06T14:31:01.425925+00:00
Industrial Manufacturing & Transformation,GRUPO INDUSTRIAL MODERNA S.A.P.I. DE C.V.,grupoindustrialmod.mx,Javier Ruiz,Chief Executive Officer (CEO),C_SUITE,EXECUTIVE,jruiz@grupoindustrialmod.mx,VERIFIED,85,+525528129022,2026-09-06T14:31:01.425925+00:00
Industrial Manufacturing & Transformation,GRUPO INDUSTRIAL MODERNA S.A.P.I. DE C.V.,grupoindustrialmod.mx,Daniel Mendoza,Chief Executive Officer (CEO),C_SUITE,EXECUTIVE,dmendoza@grupoindustrialmod.mx,VERIFIED,85,+525532785652,2026-09-06T14:31:01.425925+00:00
Industrial Manufacturing & Transformation,GRUPO INDUSTRIAL GLOBAL S.A.S.,grupoindustrialglo.com.mx,Gabriel Navarro,Founder,FOUNDER,EXECUTIVE,gnavarro@grupoindustrialglo.com.mx,VERIFIED,85,+525589993477,2026-09-06T14:31:01.425925+00:00
Industrial Manufacturing & Transformation,GRUPO INDUSTRIAL INTERNACIONAL S.A. DE C.V.,grupoindustrialint.com,Jorge Ruiz,Chief Financial Officer (CFO),C_SUITE,FINANCE,jruiz@grupoindustrialint.com,VERIFIED,85,+525563023217,2026-09-06T14:31:01.425925+00:00
Industrial Manufacturing & Transformation,GRUPO INDUSTRIAL LATINOAMERICANA S.C.,grupoindustriallat.com.mx,Hector García,Chief Financial Officer (CFO),C_SUITE,FINANCE,hgarcía@grupoindustriallat.com.mx,VERIFIED,85,+525516089036,2026-09-06T14:31:01.425925+00:00
Industrial Manufacturing & Transformation,GRUPO INDUSTRIAL DE OCCIDENTE 15 S.A. DE C.V.,grupoindustrialdeo.mx,Guillermo García,Chief Technology Officer (CTO),C_SUITE,ENGINEERING_IT,ggarcía@grupoindustrialdeo.mx,VERIFIED,85,+525545039181,2026-09-06T14:31:01.425925+00:00
Industrial Manufacturing & Transformation,GRUPO INDUSTRIAL MEXICANA S. DE R.L. DE C.V.,grupoindustrialmex.mx,Guillermo Martínez,Founder,FOUNDER,EXECUTIVE,gmartínez@grupoindustrialmex.mx,VERIFIED,85,+525523540034,2026-09-06T14:31:01.425925+00:00
Industrial Manufacturing & Transformation,GRUPO INDUSTRIAL NACIONAL S.A.S.,grupoindustrialnac.mx,Jorge Martínez,Founder,FOUNDER,EXECUTIVE,jmartínez@grupoindustrialnac.mx,VERIFIED,85,+525585810494,2026-09-06T14:31:01.425925+00:00
Industrial Manufacturing & Transformation,GRUPO INDUSTRIAL NACIONAL S.A.S.,grupoindustrialnac.mx,Mariana Mendoza,Chief Executive Officer (CEO),C_SUITE,EXECUTIVE,mmendoza@grupoindustrialnac.mx,VERIFIED,85,+525547527026,2026-09-06T14:31:01.425925+00:00
Industrial Manufacturing & Transformation,GRUPO INDUSTRIAL ESTRATEGICA 80 S. DE R.L. DE C.V.,grupoindustrialest.com.mx,Luis Valenzuela,Chief Operating Officer (COO),C_SUITE,OPERATIONS,lvalenzuela@grupoindustrialest.com.mx,VERIFIED,85,+525555325196,2026-09-06T14:31:01.425925+00:00
Industrial Manufacturing & Transformation,GRUPO INDUSTRIAL INTEGRAL S.C.,grupoindustrialint.com.mx,Claudia López,Chief Financial Officer (CFO),C_SUITE,FINANCE,clópez@grupoindustrialint.com.mx,VERIFIED,85,+525564980570,2026-09-06T14:31:01.425925+00:00
Industrial Manufacturing & Transformation,GRUPO INDUSTRIAL INTEGRAL S.C.,grupoindustrialint.com.mx,Patricia Hernández,Chief Technology Officer (CTO),C_SUITE,ENGINEERING_IT,phernández@grupoindustrialint.com.mx,VERIFIED,85,+525599961472,2026-09-06T14:31:01.425925+00:00
Industrial Manufacturing & Transformation,GRUPO INDUSTRIAL INTEGRAL S.C.,grupoindustrialint.com.mx,Carlos López,Chief Revenue Officer (CRO),C_SUITE,SALES_MARKETING,clópez@grupoindustrialint.com.mx,VERIFIED,85,+525516846581,2026-09-06T14:31:01.425925+00:00
Industrial Manufacturing & Transformation,GRUPO INDUSTRIAL INTEGRAL S.C.,grupoindustrialint.com.mx,Eduardo Ruiz,Chief Technology Officer (CTO),C_SUITE,ENGINEERING_IT,eruiz@grupoindustrialint.mx,VERIFIED,85,+525565945728,2026-09-06T14:31:01.425925+00:00
Industrial Manufacturing & Transformation,GRUPO INDUSTRIAL AVANZADA S. DE R.L. DE C.V.,grupoindustrialava.com,Patricia Benítez,Chief Financial Officer (CFO),C_SUITE,FINANCE,pbenítez@grupoindustrialava.com,VERIFIED,85,+525565836343,2026-09-06T14:31:01.425925+00:00
Industrial Manufacturing & Transformation,GRUPO INDUSTRIAL AVANZADA S. DE R.L. DE C.V.,grupoindustrialava.com,Miguel García,Chief Operating Officer (COO),C_SUITE,OPERATIONS,mgarcía@grupoindustrialava.com,VERIFIED,85,+525572880433,2026-09-06T14:31:01.425925+00:00
Industrial Manufacturing & Transformation,GRUPO INDUSTRIAL AVANZADA S. DE R.L. DE C.V.,grupoindustrialava.com,Carlos Alarcón,Chief Executive Officer (CEO),C_SUITE,EXECUTIVE,calarcón@grupoindustrialava.com,VERIFIED,85,+525570598467,2026-09-06T14:31:01.425925+00:00
Industrial Manufacturing & Transformation,GRUPO INDUSTRIAL AVANZADA S.A.B. DE C.V.,grupoindustrialava.com.mx,Fernando González,Chief Revenue Officer (CRO),C_SUITE,SALES_MARKETING,fgonzález@grupoindustrialava.com.mx,VERIFIED,85,+525587736170,2026-09-06T14:31:01.425925+00:00
Industrial Manufacturing & Transformation,GRUPO INDUSTRIAL MEXICANA 94 S. DE R.L. DE C.V.,grupoindustrialmex.com.mx,Roberto Salinas,Chief Financial Officer (CFO),C_SUITE,FINANCE,rsalinas@grupoindustrialmex.com.mx,VERIFIED,85,+525522826746,2026-09-06T14:31:01.425925+00:00
Industrial Manufacturing & Transformation,GRUPO INDUSTRIAL MEXICANA 94 S. DE R.L. DE C.V.,grupoindustrialmex.com.mx,Rodrigo Salinas,Chief Executive Officer (CEO),C_SUITE,EXECUTIVE,rsalinas@grupoindustrialmex.com.mx,VERIFIED,85,+525515064575,2026-09-06T14:31:01.425925+00:00
Industrial Manufacturing & Transformation,GRUPO INDUSTRIAL MODERNA S.C.,grupoindustrialmod.com.mx,Alejandro Dominguez,Chief Executive Officer (CEO),C_SUITE,EXECUTIVE,adominguez@grupoindustrialmod.com.mx,VERIFIED,85,+525595676126,2026-09-06T14:31:01.425925+00:00
Industrial Manufacturing & Transformation,GRUPO INDUSTRIAL MODERNA S.C.,grupoindustrialmod.com.mx,Alejandro Vega,Chief Financial Officer (CFO),C_SUITE,FINANCE,avega@grupoindustrialmod.com.mx,VERIFIED,85,+525575690341,2026-09-06T14:31:01.425925+00:00
Industrial Manufacturing & Transformation,GRUPO INDUSTRIAL DE OCCIDENTE S.A. DE C.V.,grupoindustrialdeo.com,Guillermo López,Chief Human Resources Officer (CHRO),C_SUITE,HR_PEOPLE,glópez@grupoindustrialdeo.com,VERIFIED,85,+525590832897,2026-09-06T14:31:01.425925+00:00
Industrial Manufacturing & Transformation,GRUPO INDUSTRIAL ESPECIALIZADA 17 S.A. DE C.V.,grupoindustrialesp.mx,Mariana Mendoza,Chief Human Resources Officer (CHRO),C_SUITE,HR_PEOPLE,mmendoza@grupoindustrialesp.mx,VERIFIED,85,+525529784864,2026-09-06T14:31:01.425925+00:00
Industrial Manufacturing & Transformation,GRUPO INDUSTRIAL ESPECIALIZADA 17 S.A. DE C.V.,grupoindustrialesp.mx,Eduardo Ruiz,Chief Operating Officer (COO),C_SUITE,OPERATIONS,eruiz@grupoindustrialesp.mx,VERIFIED,85,+525522052626,2026-09-06T14:31:01.425925+00:00
Industrial Manufacturing & Transformation,GRUPO INDUSTRIAL LATINOAMERICANA S.A.S.,grupoindustriallat.mx,Hector Treviño,Chief Financial Officer (CFO),C_SUITE,FINANCE,htreviño@grupoindustriallat.mx,VERIFIED,85,+525511671818,2026-09-06T14:31:01.425925+00:00
Industrial Manufacturing & Transformation,GRUPO INDUSTRIAL LATINOAMERICANA S.A.S.,grupoindustriallat.mx,Roberto Treviño,Founder,FOUNDER,EXECUTIVE,rtreviño@grupoindustriallat.mx,VERIFIED,85,+525540484529,2026-09-06T14:31:01.425925+00:00
Industrial Manufacturing & Transformation,GRUPO INDUSTRIAL GLOBAL 64 S. DE R.L. DE C.V.,grupoindustrialglo.com,Fernando Treviño,Chief Human Resources Officer (CHRO),C_SUITE,HR_PEOPLE,ftreviño@grupoindustrialglo.com,VERIFIED,85,+525595550538,2026-09-06T14:31:01.425925+00:00
Industrial Manufacturing & Transformation,GRUPO INDUSTRIAL NACIONAL S.A. DE C.V.,grupoindustrialnac.com,Daniel García,Chief Financial Officer (CFO),C_SUITE,FINANCE,dgarcía@grupoindustrialnac.com,VERIFIED,85,+525546404102,2026-09-06T14:31:01.425925+00:00
Industrial Manufacturing & Transformation,GRUPO INDUSTRIAL ESPECIALIZADA S. DE R.L. DE C.V.,grupoindustrialesp.com,Adriana Ruiz,Chief Executive Officer (CEO),C_SUITE,EXECUTIVE,aruiz@grupoindustrialesp.com,VERIFIED,85,+525541959791,2026-09-06T14:31:01.425925+00:00
Industrial Manufacturing & Transformation,GRUPO INDUSTRIAL INDUSTRIAL S.A.P.I. DE C.V.,grupoindustrialind.mx,Daniel Vega,Chief Financial Officer (CFO),C_SUITE,FINANCE,dvega@grupoindustrialind.mx,VERIFIED,85,+525544616776,2026-09-06T14:31:01.425925+00:00
Industrial Manufacturing & Transformation,GRUPO INDUSTRIAL NACIONAL S. DE R.L. DE C.V.,grupoindustrialnac.com.mx,Javier López,Chief Revenue Officer (CRO),C_SUITE,SALES_MARKETING,jlópez@grupoindustrialnac.com.mx,VERIFIED,85,+525532875721,2026-09-06T14:31:01.425925+00:00
Industrial Manufacturing & Transformation,GRUPO INDUSTRIAL ESTRATEGICA S.C.,grupoindustrialest.com,Jorge González,Chief Executive Officer (CEO),C_SUITE,EXECUTIVE,jgonzález@grupoindustrialest.com,VERIFIED,85,+525564031051,2026-09-06T14:31:01.425925+00:00
Industrial Manufacturing & Transformation,GRUPO INDUSTRIAL INTEGRAL S. DE R.L. DE C.V.,grupoindustrialint.mx,Luis Benítez,Chief Executive Officer (CEO),C_SUITE,EXECUTIVE,lbenítez@grupoindustrialint.mx,VERIFIED,85,+525570183196,2026-09-06T14:31:01.425925+00:00
Industrial Manufacturing & Transformation,GRUPO INDUSTRIAL INDUSTRIAL S.A. DE C.V.,grupoindustrialind.com,Carlos Hernández,Chief Revenue Officer (CRO),C_SUITE,SALES_MARKETING,chernández@grupoindustrialind.com,VERIFIED,85,+525531015062,2026-09-06T14:31:01.425925+00:00
Industrial Manufacturing & Transformation,GRUPO INDUSTRIAL CENTRAL S.A.S.,grupoindustrialcen.com,Guillermo Salinas,Chief Executive Officer (CEO),C_SUITE,EXECUTIVE,gsalinas@grupoindustrialcen.com,VERIFIED,85,+525519087447,2026-09-06T14:31:01.425925+00:00
Industrial Manufacturing & Transformation,METALURGICA NACIONAL 95 S.A. DE C.V.,metalurgicanaciona.mx,Claudia Martínez,Chief Executive Officer (CEO),C_SUITE,EXECUTIVE,cmartínez@metalurgicanaciona.mx,VERIFIED,85,+526396168222,2026-09-06T14:31:01.425925+00:00
Industrial Manufacturing & Transformation,METALURGICA NACIONAL 95 S.A. DE C.V.,metalurgicanaciona.mx,Hector Mendoza,Chief Financial Officer (CFO),C_SUITE,FINANCE,hmendoza@metalurgicanaciona.mx,VERIFIED,85,+524640579314,2026-09-06T14:31:01.425925+00:00
Industrial Manufacturing & Transformation,METALURGICA NACIONAL S.A.S.,metalurgicanaciona.com.mx,Hector Hernández,Founder,FOUNDER,EXECUTIVE,hhernández@metalurgicanaciona.com.mx,VERIFIED,85,+527082549066,2026-09-06T14:31:01.425925+00:00
Industrial Manufacturing & Transformation,METALURGICA NACIONAL S.A.S.,metalurgicanaciona.com.mx,Javier Mendoza,Chief Human Resources Officer (CHRO),C_SUITE,HR_PEOPLE,jmendoza@metalurgicanaciona.com.mx,VERIFIED,85,+529375498358,2026-09-06T14:31:01.425925+00:00
Industrial Manufacturing & Transformation,METALURGICA NACIONAL S.A.S.,metalurgicanaciona.com.mx,Andrea Ruiz,Founder,FOUNDER,EXECUTIVE,aruiz@metalurgicanaciona.com.mx,VERIFIED,85,+529736258908,2026-09-06T14:31:01.425925+00:00
Industrial Manufacturing & Transformation,METALURGICA NACIONAL S.A.S.,metalurgicanaciona.com.mx,Alejandro Valenzuela,Chief Executive Officer (CEO),C_SUITE,EXECUTIVE,avalenzuela@metalurgicanaciona.com.mx,VERIFIED,85,+525051448804,2026-09-06T14:31:01.425925+00:00
Industrial Manufacturing & Transformation,TRANSFORMADORA INTERNACIONAL 64 S.C.,transformadorainte.mx,Adriana Navarro,Chief Technology Officer (CTO),C_SUITE,ENGINEERING_IT,anavarro@transformadorainte.mx,VERIFIED,85,+526995786282,2026-09-06T14:31:01.425925+00:00
Industrial Manufacturing & Transformation,TRANSFORMADORA INTERNACIONAL 64 S.C.,transformadorainte.mx,Carlos García,Chief Executive Officer (CEO),C_SUITE,EXECUTIVE,cgarcía@transformadorainte.mx,VERIFIED,85,+528588129849,2026-09-06T14:31:01.425925+00:00
Industrial Manufacturing & Transformation,TRANSFORMADORA INTERNACIONAL S.A.P.I. DE C.V.,transformadorainte.com,Gabriel Vega,Chief Human Resources Officer (CHRO),C_SUITE,HR_PEOPLE,gvega@transformadorainte.com,VERIFIED,85,+528865150285,2026-09-06T14:31:01.425925+00:00
Industrial Manufacturing & Transformation,TRANSFORMADORA INTERNACIONAL S.A.P.I. DE C.V.,transformadorainte.com,Roberto Benítez,Chief Operating Officer (COO),C_SUITE,OPERATIONS,rbenítez@transformadorainte.com,VERIFIED,85,+525413059459,2026-09-06T14:31:01.425925+00:00
Industrial Manufacturing & Transformation,TRANSFORMADORA INTERNACIONAL 30 S.A.P.I. DE C.V.,transformadorainte.com.mx,Carlos Treviño,Chief Operating Officer (COO),C_SUITE,OPERATIONS,ctreviño@transformadorainte.com.mx,VERIFIED,85,+526123261171,2026-09-06T14:31:01.425925+00:00
Industrial Manufacturing & Transformation,TRANSFORMADORA INDUSTRIAL S. DE R.L. DE C.V.,transformadoraindu.com.mx,Roberto López,Chief Human Resources Officer (CHRO),C_SUITE,HR_PEOPLE,rlópez@transformadoraindu.com.mx,VERIFIED,85,+528923281369,2026-09-06T14:31:01.425925+00:00
Industrial Manufacturing & Transformation,TRANSFORMADORA INDUSTRIAL S. DE R.L. DE C.V.,transformadoraindu.com.mx,Carlos Castro,Founder,FOUNDER,EXECUTIVE,ccastro@transformadoraindu.com.mx,VERIFIED,85,+529749066280,2026-09-06T14:31:01.425925+00:00
Industrial Manufacturing & Transformation,TRANSFORMADORA INDUSTRIAL S.A.P.I. DE C.V.,transformadoraindu.com,Miguel Garza,Chief Revenue Officer (CRO),C_SUITE,SALES_MARKETING,mgarza@transformadoraindu.com,VERIFIED,85,+525015328524,2026-09-06T14:31:01.425925+00:00
Industrial Manufacturing & Transformation,TRANSFORMADORA INDUSTRIAL S.A.P.I. DE C.V.,transformadoraindu.com,Andrea Navarro,Chief Executive Officer (CEO),C_SUITE,EXECUTIVE,anavarro@transformadoraindu.mx,VERIFIED,85,+526388721639,2026-09-06T14:31:01.425925+00:00
Industrial Manufacturing & Transformation,TRANSFORMADORA MEXICANA S.A.P.I. DE C.V.,transformadoramexi.com,Roberto López,Chief Human Resources Officer (CHRO),C_SUITE,HR_PEOPLE,rlópez@transformadoramexi.com,VERIFIED,85,+526961537925,2026-09-06T14:31:01.425925+00:00
Industrial Manufacturing & Transformation,TRANSFORMADORA MEXICANA S.A.P.I. DE C.V.,transformadoramexi.com,Sofia Ruiz,Chief Technology Officer (CTO),C_SUITE,ENGINEERING_IT,sruiz@transformadoramexi.com.mx,VERIFIED,85,+525626843288,2026-09-06T14:31:01.425925+00:00
Industrial Manufacturing & Transformation,TRANSFORMADORA MEXICANA S.A.P.I. DE C.V.,transformadoramexi.com,Andrea Ruiz,Chief Operating Officer (COO),C_SUITE,OPERATIONS,aruiz@transformadoramexi.com,VERIFIED,85,+527889725448,2026-09-06T14:31:01.425925+00:00
Industrial Manufacturing & Transformation,TRANSFORMADORA MEXICANA 68 S. DE R.L. DE C.V.,transformadoramexi.com.mx,Jorge Villaseñor,Chief Financial Officer (CFO),C_SUITE,FINANCE,jvillaseñor@transformadoramexi.com.mx,VERIFIED,85,+524768782090,2026-09-06T14:31:01.425925+00:00
Industrial Manufacturing & Transformation,TRANSFORMADORA MEXICANA S. DE R.L. DE C.V.,transformadoramexi.mx,Javier González,Chief Revenue Officer (CRO),C_SUITE,SALES_MARKETING,jgonzález@transformadoramexi.mx,VERIFIED,85,+528584657789,2026-09-06T14:31:01.425925+00:00
Industrial Manufacturing & Transformation,TRANSFORMADORA DEL CENTRO 35 S.A.B. DE C.V.,transformadoradelc.com,Rodrigo Castro,Chief Revenue Officer (CRO),C_SUITE,SALES_MARKETING,rcastro@transformadoradelc.com,VERIFIED,85,+525583929512,2026-09-06T14:31:01.432682+00:00
Industrial Manufacturing & Transformation,TRANSFORMADORA DEL NORTE S.A.B. DE C.V.,transformadoradeln.com.mx,Javier González,Chief Executive Officer (CEO),C_SUITE,EXECUTIVE,jgonzález@transformadoradeln.com.mx,VERIFIED,85,+525513887089,2026-09-06T14:31:01.432682+00:00
Industrial Manufacturing & Transformation,TRANSFORMADORA DEL BAJIO S. DE R.L. DE C.V.,transformadoradelb.mx,Luis Salinas,Chief Operating Officer (COO),C_SUITE,OPERATIONS,lsalinas@transformadoradelb.mx,VERIFIED,85,+525555954239,2026-09-06T14:31:01.432682+00:00
Industrial Manufacturing & Transformation,TRANSFORMADORA DEL BAJIO S. DE R.L. DE C.V.,transformadoradelb.mx,Mariana López,Chief Financial Officer (CFO),C_SUITE,FINANCE,mlópez@transformadoradelb.mx,VERIFIED,85,+525517104081,2026-09-06T14:31:01.432682+00:00
Industrial Manufacturing & Transformation,TRANSFORMADORA DEL BAJIO S. DE R.L. DE C.V.,transformadoradelb.mx,Miguel Salinas,Chief Executive Officer (CEO),C_SUITE,EXECUTIVE,msalinas@transformadoradelb.mx,VERIFIED,85,+525548244434,2026-09-06T14:31:01.432682+00:00
Industrial Manufacturing & Transformation,TRANSFORMADORA DEL BAJIO S.C.,transformadoradelb.com,Roberto Villaseñor,Chief Financial Officer (CFO),C_SUITE,FINANCE,rvillaseñor@transformadoradelb.com,VERIFIED,85,+525565162660,2026-09-06T14:31:01.432682+00:00
Industrial Manufacturing & Transformation,TRANSFORMADORA DEL BAJIO S.C.,transformadoradelb.com,Sofia Benítez,Chief Executive Officer (CEO),C_SUITE,EXECUTIVE,sbenítez@transformadoradelb.com.mx,VERIFIED,85,+525574443556,2026-09-06T14:31:01.432682+00:00
Industrial Manufacturing & Transformation,TRANSFORMADORA DEL BAJIO S.C.,transformadoradelb.com,Guillermo Martínez,Founder,FOUNDER,EXECUTIVE,gmartínez@transformadoradelb.com,VERIFIED,85,+525545525013,2026-09-06T14:31:01.432682+00:00
Industrial Manufacturing & Transformation,TRANSFORMADORA DEL BAJIO S.C.,transformadoradelb.com,Mariana Villaseñor,Chief Executive Officer (CEO),C_SUITE,EXECUTIVE,mvillaseñor@transformadoradelb.com,VERIFIED,85,+525535977665,2026-09-06T14:31:01.432682+00:00
Industrial Manufacturing & Transformation,TRANSFORMADORA DEL NORTE 42 S. DE R.L. DE C.V.,transformadoradeln.com,Daniel Treviño,Founder,FOUNDER,EXECUTIVE,dtreviño@transformadoradeln.com,VERIFIED,85,+525561613158,2026-09-06T14:31:01.432682+00:00
Industrial Manufacturing & Transformation,TRANSFORMADORA DEL NORTE 42 S. DE R.L. DE C.V.,transformadoradeln.com,Miguel Mendoza,Chief Revenue Officer (CRO),C_SUITE,SALES_MARKETING,mmendoza@transformadoradeln.com,VERIFIED,85,+525510905049,2026-09-06T14:31:01.432682+00:00
Industrial Manufacturing & Transformation,TRANSFORMADORA DEL PACIFICO S.A.P.I. DE C.V.,transformadoradelp.com,Claudia González,Chief Financial Officer (CFO),C_SUITE,FINANCE,cgonzález@transformadoradelp.com,VERIFIED,85,+525516263274,2026-09-06T14:31:01.432682+00:00
Industrial Manufacturing & Transformation,TRANSFORMADORA DEL PACIFICO S.A.B. DE C.V.,transformadoradelp.mx,Andrea Benítez,Chief Financial Officer (CFO),C_SUITE,FINANCE,abenítez@transformadoradelp.mx,VERIFIED,85,+525512365028,2026-09-06T14:31:01.432682+00:00
Industrial Manufacturing & Transformation,TRANSFORMADORA DEL NORTE S.A.P.I. DE C.V.,transformadoradeln.mx,Luis Salinas,Chief Financial Officer (CFO),C_SUITE,FINANCE,lsalinas@transformadoradeln.mx,VERIFIED,85,+525544614179,2026-09-06T14:31:01.432682+00:00
Industrial Manufacturing & Transformation,METALURGICA DINAMICA S. DE R.L. DE C.V.,metalurgicadinamic.mx,Andrea Alarcón,Chief Operating Officer (COO),C_SUITE,OPERATIONS,aalarcón@metalurgicadinamic.mx,VERIFIED,85,+524147851218,2026-09-06T14:31:01.437316+00:00
Industrial Manufacturing & Transformation,METALURGICA DINAMICA S. DE R.L. DE C.V.,metalurgicadinamic.mx,Eduardo Benítez,Founder,FOUNDER,EXECUTIVE,ebenítez@metalurgicadinamic.mx,VERIFIED,85,+529547925799,2026-09-06T14:31:01.437316+00:00
Industrial Manufacturing & Transformation,METALURGICA INTEGRAL S.A. DE C.V.,metalurgicaintegra.com,Javier Navarro,Chief Executive Officer (CEO),C_SUITE,EXECUTIVE,jnavarro@metalurgicaintegra.com,VERIFIED,85,+528238721406,2026-09-06T14:31:01.437316+00:00
Industrial Manufacturing & Transformation,METALURGICA INTEGRAL S.A. DE C.V.,metalurgicaintegra.com,Guillermo Garza,Chief Technology Officer (CTO),C_SUITE,ENGINEERING_IT,ggarza@metalurgicaintegra.com,VERIFIED,85,+524029110127,2026-09-06T14:31:01.437316+00:00
Industrial Manufacturing & Transformation,METALURGICA INTEGRAL S.A. DE C.V.,metalurgicaintegra.com,Rodrigo Valenzuela,Chief Technology Officer (CTO),C_SUITE,ENGINEERING_IT,rvalenzuela@metalurgicaintegra.com,VERIFIED,85,+529350646411,2026-09-06T14:31:01.437316+00:00
Industrial Manufacturing & Transformation,METALURGICA DEL BAJIO 81 S.C.,metalurgicadelbaji.com,Javier Mendoza,Chief Operating Officer (COO),C_SUITE,OPERATIONS,jmendoza@metalurgicadelbaji.com,VERIFIED,85,+528083076231,2026-09-06T14:31:01.437316+00:00
Industrial Manufacturing & Transformation,METALURGICA DEL PACIFICO S.C.,metalurgicadelpaci.com.mx,Javier Salinas,Founder,FOUNDER,EXECUTIVE,jsalinas@metalurgicadelpaci.com.mx,VERIFIED,85,+524778158562,2026-09-06T14:31:01.437316+00:00
Industrial Manufacturing & Transformation,METALURGICA DEL PACIFICO S.C.,metalurgicadelpaci.com.mx,Carlos Castro,Chief Financial Officer (CFO),C_SUITE,FINANCE,ccastro@metalurgicadelpaci.com,VERIFIED,85,+525530286758,2026-09-06T14:31:01.437316+00:00
Industrial Manufacturing & Transformation,METALURGICA DEL NORTE S.C.,metalurgicadelnort.mx,Alejandro Castro,Founder,FOUNDER,EXECUTIVE,acastro@metalurgicadelnort.mx,VERIFIED,85,+529214011934,2026-09-06T14:31:01.437316+00:00
Industrial Manufacturing & Transformation,METALURGICA DEL NORTE S.C.,metalurgicadelnort.mx,Carlos Benítez,Chief Human Resources Officer (CHRO),C_SUITE,HR_PEOPLE,cbenítez@metalurgicadelnort.mx,VERIFIED,85,+528691550684,2026-09-06T14:31:01.437316+00:00
Industrial Manufacturing & Transformation,METALURGICA DEL NORTE S.A.P.I. DE C.V.,metalurgicadelnort.com,Mariana Benítez,Chief Technology Officer (CTO),C_SUITE,ENGINEERING_IT,mbenítez@metalurgicadelnort.com,VERIFIED,85,+529590867391,2026-09-06T14:31:01.437316+00:00
Industrial Manufacturing & Transformation,METALURGICA DEL CENTRO S.C.,metalurgicadelcent.mx,Andrea Benítez,Chief Human Resources Officer (CHRO),C_SUITE,HR_PEOPLE,abenítez@metalurgicadelcent.mx,VERIFIED,85,+529887953822,2026-09-06T14:31:01.437316+00:00
Industrial Manufacturing & Transformation,METALURGICA DEL CENTRO S.C.,metalurgicadelcent.mx,Hector Ruiz,Chief Executive Officer (CEO),C_SUITE,EXECUTIVE,hruiz@metalurgicadelcent.mx,VERIFIED,85,+529092978823,2026-09-06T14:31:01.437316+00:00
Industrial Manufacturing & Transformation,METALURGICA DEL BAJIO S.A.P.I. DE C.V.,metalurgicadelbaji.mx,Claudia Villaseñor,Chief Financial Officer (CFO),C_SUITE,FINANCE,cvillaseñor@metalurgicadelbaji.mx,VERIFIED,85,+525263550200,2026-09-06T14:31:01.437316+00:00
Industrial Manufacturing & Transformation,METALURGICA DEL BAJIO S.A.P.I. DE C.V.,metalurgicadelbaji.mx,Gabriel Mendoza,Chief Executive Officer (CEO),C_SUITE,EXECUTIVE,gmendoza@metalurgicadelbaji.com.mx,VERIFIED,85,+527845267936,2026-09-06T14:31:01.437316+00:00
Industrial Manufacturing & Transformation,METALURGICA DEL PACIFICO S.A.S.,metalurgicadelpaci.mx,Sofia Ruiz,Chief Technology Officer (CTO),C_SUITE,ENGINEERING_IT,sruiz@metalurgicadelpaci.mx,VERIFIED,85,+524259209615,2026-09-06T14:31:01.437316+00:00
Industrial Manufacturing & Transformation,METALURGICA DEL PACIFICO S. DE R.L. DE C.V.,metalurgicadelpaci.com,Guillermo Villaseñor,Chief Executive Officer (CEO),C_SUITE,EXECUTIVE,gvillaseñor@metalurgicadelpaci.com,VERIFIED,85,+527088085098,2026-09-06T14:31:01.437316+00:00
Industrial Manufacturing & Transformation,METALURGICA DEL PACIFICO S. DE R.L. DE C.V.,metalurgicadelpaci.com,Luis Treviño,Chief Financial Officer (CFO),C_SUITE,FINANCE,ltreviño@metalurgicadelpaci.com,VERIFIED,85,+524794260160,2026-09-06T14:31:01.437316+00:00
Industrial Manufacturing & Transformation,METALURGICA DEL BAJIO S.A.B. DE C.V.,metalurgicadelbaji.com.mx,Claudia Ruiz,Chief Executive Officer (CEO),C_SUITE,EXECUTIVE,cruiz@metalurgicadelbaji.com.mx,VERIFIED,85,+529863738406,2026-09-06T14:31:01.437316+00:00
Industrial Manufacturing & Transformation,METALURGICA DEL BAJIO S.A.B. DE C.V.,metalurgicadelbaji.com.mx,Alejandro García,Chief Operating Officer (COO),C_SUITE,OPERATIONS,agarcía@metalurgicadelbaji.com.mx,VERIFIED,85,+524231234035,2026-09-06T14:31:01.437316+00:00
Industrial Manufacturing & Transformation,METALURGICA DEL BAJIO S.A.B. DE C.V.,metalurgicadelbaji.com.mx,Javier López,Chief Technology Officer (CTO),C_SUITE,ENGINEERING_IT,jlópez@metalurgicadelbaji.com.mx,VERIFIED,85,+524257445653,2026-09-06T14:31:01.437316+00:00
Industrial Manufacturing & Transformation,METALURGICA DEL NORTE S.A. DE C.V.,metalurgicadelnort.com.mx,Claudia Benítez,Chief Technology Officer (CTO),C_SUITE,ENGINEERING_IT,cbenítez@metalurgicadelnort.com.mx,VERIFIED,85,+528021990949,2026-09-06T14:31:01.437316+00:00
Industrial Manufacturing & Transformation,TRANSFORMADORA GLOBAL S. DE R.L. DE C.V.,transformadoraglob.com,Patricia Navarro,Chief Revenue Officer (CRO),C_SUITE,SALES_MARKETING,pnavarro@transformadoraglob.com,VERIFIED,85,+526857719131,2026-09-06T14:31:01.437316+00:00
Industrial Manufacturing & Transformation,TRANSFORMADORA GLOBAL S. DE R.L. DE C.V.,transformadoraglob.com,Patricia Alarcón,Chief Revenue Officer (CRO),C_SUITE,SALES_MARKETING,palarcón@transformadoraglob.com,VERIFIED,85,+527850103166,2026-09-06T14:31:01.437316+00:00
Industrial Manufacturing & Transformation,TRANSFORMADORA GLOBAL S. DE R.L. DE C.V.,transformadoraglob.com,Daniel García,Founder,FOUNDER,EXECUTIVE,dgarcía@transformadoraglob.com,VERIFIED,85,+524220507739,2026-09-06T14:31:01.437316+00:00
Industrial Manufacturing & Transformation,TRANSFORMADORA GLOBAL 8 S.A.S.,transformadoraglob.com.mx,Claudia Martínez,Chief Financial Officer (CFO),C_SUITE,FINANCE,cmartínez@transformadoraglob.com.mx,VERIFIED,85,+526287713029,2026-09-06T14:31:01.437316+00:00
Industrial Manufacturing & Transformation,TRANSFORMADORA GLOBAL S.A. DE C.V.,transformadoraglob.mx,Adriana Treviño,Chief Operating Officer (COO),C_SUITE,OPERATIONS,atreviño@transformadoraglob.mx,VERIFIED,85,+524379476318,2026-09-06T14:31:01.437316+00:00
Industrial Manufacturing & Transformation,GRUPO INDUSTRIAL DE OCCIDENTE S. DE R.L. DE C.V.,grupoindustrialdeo.com,Luis Martínez,Chief Human Resources Officer (CHRO),C_SUITE,HR_PEOPLE,lmartínez@grupoindustrialdeo.com,VERIFIED,85,+524324892524,2026-09-06T14:31:01.437316+00:00
Industrial Manufacturing & Transformation,GRUPO INDUSTRIAL ESTRATEGICA S.C.,grupoindustrialest.com,Patricia Garza,Chief Revenue Officer (CRO),C_SUITE,SALES_MARKETING,pgarza@grupoindustrialest.com,VERIFIED,85,+525298185943,2026-09-06T14:31:01.437316+00:00
Industrial Manufacturing & Transformation,GRUPO INDUSTRIAL ESTRATEGICA S.C.,grupoindustrialest.com,Adriana Morales,Chief Human Resources Officer (CHRO),C_SUITE,HR_PEOPLE,amorales@grupoindustrialest.com.mx,VERIFIED,85,+528946844548,2026-09-06T14:31:01.437316+00:00
Industrial Manufacturing & Transformation,GRUPO INDUSTRIAL ESTRATEGICA S.C.,grupoindustrialest.com,Andrea Alarcón,Chief Technology Officer (CTO),C_SUITE,ENGINEERING_IT,aalarcón@grupoindustrialest.com,VERIFIED,85,+525092817102,2026-09-06T14:31:01.437316+00:00
Industrial Manufacturing & Transformation,GRUPO INDUSTRIAL ESTRATEGICA S.C.,grupoindustrialest.com,Daniel López,Founder,FOUNDER,EXECUTIVE,dlópez@grupoindustrialest.com,VERIFIED,85,+529538837762,2026-09-06T14:31:01.437316+00:00
Industrial Manufacturing & Transformation,GRUPO INDUSTRIAL ESTRATEGICA S.C.,grupoindustrialest.com,Carlos Vega,Chief Financial Officer (CFO),C_SUITE,FINANCE,cvega@grupoindustrialest.com.mx,VERIFIED,85,+524163366695,2026-09-06T14:31:01.437316+00:00
Industrial Manufacturing & Transformation,GRUPO INDUSTRIAL ESTRATEGICA S.C.,grupoindustrialest.com,Mariana López,Chief Executive Officer (CEO),C_SUITE,EXECUTIVE,mlópez@grupoindustrialest.com,VERIFIED,85,+524461333712,2026-09-06T14:31:01.437316+00:00
Industrial Manufacturing & Transformation,GRUPO INDUSTRIAL GLOBAL S.A.S.,grupoindustrialglo.com.mx,Sofia Villaseñor,Chief Technology Officer (CTO),C_SUITE,ENGINEERING_IT,svillaseñor@grupoindustrialglo.com.mx,VERIFIED,85,+528924161751,2026-09-06T14:31:01.437316+00:00
Industrial Manufacturing & Transformation,GRUPO INDUSTRIAL GLOBAL S.A.S.,grupoindustrialglo.com.mx,Claudia García,Chief Revenue Officer (CRO),C_SUITE,SALES_MARKETING,cgarcía@grupoindustrialglo.com.mx,VERIFIED,85,+525867877448,2026-09-06T14:31:01.437316+00:00
Industrial Manufacturing & Transformation,GRUPO INDUSTRIAL NACIONAL S. DE R.L. DE C.V.,grupoindustrialnac.com,Hector Navarro,Chief Operating Officer (COO),C_SUITE,OPERATIONS,hnavarro@grupoindustrialnac.com,VERIFIED,85,+527885433072,2026-09-06T14:31:01.437316+00:00
Industrial Manufacturing & Transformation,GRUPO INDUSTRIAL ESPECIALIZADA S.A.P.I. DE C.V.,grupoindustrialesp.mx,Eduardo Martínez,Chief Human Resources Officer (CHRO),C_SUITE,HR_PEOPLE,emartínez@grupoindustrialesp.mx,VERIFIED,85,+529227547941,2026-09-06T14:31:01.437316+00:00
Industrial Manufacturing & Transformation,GRUPO INDUSTRIAL ESPECIALIZADA S.A.P.I. DE C.V.,grupoindustrialesp.mx,Eduardo Morales,Chief Human Resources Officer (CHRO),C_SUITE,HR_PEOPLE,emorales@grupoindustrialesp.com.mx,VERIFIED,85,+525084954390,2026-09-06T14:31:01.437316+00:00
Industrial Manufacturing & Transformation,GRUPO INDUSTRIAL ESPECIALIZADA S.A.P.I. DE C.V.,grupoindustrialesp.mx,Alejandro Villaseñor,Chief Financial Officer (CFO),C_SUITE,FINANCE,avillaseñor@grupoindustrialesp.mx,VERIFIED,85,+528722875196,2026-09-06T14:31:01.437316+00:00
Industrial Manufacturing & Transformation,GRUPO INDUSTRIAL CENTRAL S.A.S.,grupoindustrialcen.com,Guillermo López,Founder,FOUNDER,EXECUTIVE,glópez@grupoindustrialcen.com,VERIFIED,85,+525193241879,2026-09-06T14:31:01.437316+00:00
Industrial Manufacturing & Transformation,GRUPO INDUSTRIAL CENTRAL S.A.S.,grupoindustrialcen.com,Daniel Alarcón,Chief Technology Officer (CTO),C_SUITE,ENGINEERING_IT,dalarcón@grupoindustrialcen.com,VERIFIED,85,+525277516642,2026-09-06T14:31:01.437316+00:00
Industrial Manufacturing & Transformation,GRUPO INDUSTRIAL ESPECIALIZADA S.C.,grupoindustrialesp.com,Gabriel Vega,Founder,FOUNDER,EXECUTIVE,gvega@grupoindustrialesp.com,VERIFIED,85,+524855113337,2026-09-06T14:31:01.437316+00:00
Industrial Manufacturing & Transformation,GRUPO INDUSTRIAL ESPECIALIZADA S.C.,grupoindustrialesp.com,Gabriel Ruiz,Chief Executive Officer (CEO),C_SUITE,EXECUTIVE,gruiz@grupoindustrialesp.com,VERIFIED,85,+528980495778,2026-09-06T14:31:01.437316+00:00
Industrial Manufacturing & Transformation,GRUPO INDUSTRIAL ESPECIALIZADA S.C.,grupoindustrialesp.com,Claudia Villaseñor,Chief Technology Officer (CTO),C_SUITE,ENGINEERING_IT,cvillaseñor@grupoindustrialesp.com,VERIFIED,85,+529217780087,2026-09-06T14:31:01.437316+00:00
Industrial Manufacturing & Transformation,GRUPO INDUSTRIAL DEL BAJIO S. DE R.L. DE C.V.,grupoindustrialdel.mx,Hector Hernández,Chief Executive Officer (CEO),C_SUITE,EXECUTIVE,hhernández@grupoindustrialdel.mx,VERIFIED,85,+524335594267,2026-09-06T14:31:01.437316+00:00
Industrial Manufacturing & Transformation,GRUPO INDUSTRIAL DEL BAJIO S. DE R.L. DE C.V.,grupoindustrialdel.mx,Mariana Alarcón,Founder,FOUNDER,EXECUTIVE,malarcón@grupoindustrialdel.mx,VERIFIED,85,+527011505151,2026-09-06T14:31:01.437316+00:00
Industrial Manufacturing & Transformation,GRUPO INDUSTRIAL DEL BAJIO S. DE R.L. DE C.V.,grupoindustrialdel.mx,David González,Chief Executive Officer (CEO),C_SUITE,EXECUTIVE,dgonzález@grupoindustrialdel.mx,VERIFIED,85,+524178967349,2026-09-06T14:31:01.437316+00:00
Industrial Manufacturing & Transformation,GRUPO INDUSTRIAL DEL BAJIO S. DE R.L. DE C.V.,grupoindustrialdel.mx,Carlos Ruiz,Chief Operating Officer (COO),C_SUITE,OPERATIONS,cruiz@grupoindustrialdel.mx,VERIFIED,85,+527513035064,2026-09-06T14:31:01.437316+00:00
Industrial Manufacturing & Transformation,GRUPO INDUSTRIAL DEL BAJIO S. DE R.L. DE C.V.,grupoindustrialdel.mx,Fernando Mendoza,Chief Executive Officer (CEO),C_SUITE,EXECUTIVE,fmendoza@grupoindustrialdel.mx,VERIFIED,85,+527076382389,2026-09-06T14:31:01.437316+00:00
Industrial Manufacturing & Transformation,GRUPO INDUSTRIAL DEL BAJIO S. DE R.L. DE C.V.,grupoindustrialdel.mx,Javier Vega,Founder,FOUNDER,EXECUTIVE,jvega@grupoindustrialdel.mx,VERIFIED,85,+529144035246,2026-09-06T14:31:01.437316+00:00
Industrial Manufacturing & Transformation,GRUPO INDUSTRIAL MEXICANA S.C.,grupoindustrialmex.com.mx,David Ruiz,Chief Human Resources Officer (CHRO),C_SUITE,HR_PEOPLE,druiz@grupoindustrialmex.com.mx,VERIFIED,85,+528225905563,2026-09-06T14:31:01.437316+00:00
Industrial Manufacturing & Transformation,GRUPO INDUSTRIAL MEXICANA S.C.,grupoindustrialmex.com.mx,Rodrigo Salinas,Chief Financial Officer (CFO),C_SUITE,FINANCE,rsalinas@grupoindustrialmex.com.mx,VERIFIED,85,+525330296337,2026-09-06T14:31:01.437316+00:00
Industrial Manufacturing & Transformation,GRUPO INDUSTRIAL MEXICANA S.C.,grupoindustrialmex.com.mx,Eduardo López,Chief Financial Officer (CFO),C_SUITE,FINANCE,elópez@grupoindustrialmex.com.mx,VERIFIED,85,+527834204310,2026-09-06T14:31:01.437316+00:00
Industrial Manufacturing & Transformation,GRUPO INDUSTRIAL MEXICANA S.C.,grupoindustrialmex.com,Adriana Navarro,Chief Executive Officer (CEO),C_SUITE,EXECUTIVE,anavarro@grupoindustrialmex.com,VERIFIED,85,+528470180547,2026-09-06T14:31:01.437316+00:00
Industrial Manufacturing & Transformation,GRUPO INDUSTRIAL MEXICANA S.C.,grupoindustrialmex.com,Sofia Alarcón,Chief Executive Officer (CEO),C_SUITE,EXECUTIVE,salarcón@grupoindustrialmex.com,VERIFIED,85,+528392244510,2026-09-06T14:31:01.437316+00:00
Industrial Manufacturing & Transformation,GRUPO INDUSTRIAL ESTRATEGICA S.A. DE C.V.,grupoindustrialest.mx,Hector Salinas,Chief Technology Officer (CTO),C_SUITE,ENGINEERING_IT,hsalinas@grupoindustrialest.mx,VERIFIED,85,+524088837847,2026-09-06T14:31:01.437316+00:00
Industrial Manufacturing & Transformation,GRUPO INDUSTRIAL INTEGRAL S. DE R.L. DE C.V.,grupoindustrialint.com.mx,Hector Dominguez,Founder,FOUNDER,EXECUTIVE,hdominguez@grupoindustrialint.com.mx,VERIFIED,85,+526813654981,2026-09-06T14:31:01.437316+00:00
Industrial Manufacturing & Transformation,GRUPO INDUSTRIAL INTEGRAL S. DE R.L. DE C.V.,grupoindustrialint.com.mx,Miguel Vega,Chief Revenue Officer (CRO),C_SUITE,SALES_MARKETING,mvega@grupoindustrialint.com,VERIFIED,85,+524430091612,2026-09-06T14:31:01.437316+00:00
Industrial Manufacturing & Transformation,GRUPO INDUSTRIAL INTEGRAL S. DE R.L. DE C.V.,grupoindustrialint.com.mx,Gabriel Salinas,Chief Human Resources Officer (CHRO),C_SUITE,HR_PEOPLE,gsalinas@grupoindustrialint.com.mx,VERIFIED,85,+526720187003,2026-09-06T14:31:01.437316+00:00
Industrial Manufacturing & Transformation,GRUPO INDUSTRIAL INTEGRAL S. DE R.L. DE C.V.,grupoindustrialint.com.mx,Claudia Benítez,Chief Human Resources Officer (CHRO),C_SUITE,HR_PEOPLE,cbenítez@grupoindustrialint.com.mx,VERIFIED,85,+527955854292,2026-09-06T14:31:01.437316+00:00
Industrial Manufacturing & Transformation,GRUPO INDUSTRIAL INTERNACIONAL S.A.S.,grupoindustrialint.com,Roberto García,Chief Operating Officer (COO),C_SUITE,OPERATIONS,rgarcía@grupoindustrialint.com,VERIFIED,85,+529341853074,2026-09-06T14:31:01.437316+00:00
Industrial Manufacturing & Transformation,GRUPO INDUSTRIAL INTERNACIONAL S.A.S.,grupoindustrialint.com,Javier García,Chief Executive Officer (CEO),C_SUITE,EXECUTIVE,jgarcía@grupoindustrialint.com,VERIFIED,85,+525371072998,2026-09-06T14:31:01.437316+00:00
Industrial Manufacturing & Transformation,GRUPO INDUSTRIAL DINAMICA S.A.B. DE C.V.,grupoindustrialdin.com,Daniel Benítez,Chief Revenue Officer (CRO),C_SUITE,SALES_MARKETING,dbenítez@grupoindustrialdin.com,VERIFIED,85,+525293470419,2026-09-06T14:31:01.437316+00:00
Industrial Manufacturing & Transformation,GRUPO INDUSTRIAL DINAMICA S.A.B. DE C.V.,grupoindustrialdin.com,Adriana García,Chief Executive Officer (CEO),C_SUITE,EXECUTIVE,agarcía@grupoindustrialdin.com,VERIFIED,85,+526924583031,2026-09-06T14:31:01.437316+00:00
Industrial Manufacturing & Transformation,GRUPO INDUSTRIAL MEXICANA 84 S.A.B. DE C.V.,grupoindustrialmex.mx,Eduardo Vega,Chief Financial Officer (CFO),C_SUITE,FINANCE,evega@grupoindustrialmex.mx,VERIFIED,85,+524950001476,2026-09-06T14:31:01.437316+00:00
Industrial Manufacturing & Transformation,GRUPO INDUSTRIAL AVANZADA S.A.P.I. DE C.V.,grupoindustrialava.mx,Sofia Castro,Chief Financial Officer (CFO),C_SUITE,FINANCE,scastro@grupoindustrialava.mx,VERIFIED,85,+525930235322,2026-09-06T14:31:01.437316+00:00
Industrial Manufacturing & Transformation,GRUPO INDUSTRIAL LATINOAMERICANA S. DE R.L. DE C.V.,grupoindustriallat.com.mx,Luis Villaseñor,Chief Human Resources Officer (CHRO),C_SUITE,HR_PEOPLE,lvillaseñor@grupoindustriallat.com.mx,VERIFIED,85,+526518506731,2026-09-06T14:31:01.437316+00:00
Industrial Manufacturing & Transformation,GRUPO INDUSTRIAL LATINOAMERICANA S. DE R.L. DE C.V.,grupoindustriallat.com.mx,David Ruiz,Founder,FOUNDER,EXECUTIVE,druiz@grupoindustriallat.mx,VERIFIED,85,+527196515899,2026-09-06T14:31:01.437316+00:00
Industrial Manufacturing & Transformation,GRUPO INDUSTRIAL LATINOAMERICANA S. DE R.L. DE C.V.,grupoindustriallat.com.mx,Luis Garza,Chief Financial Officer (CFO),C_SUITE,FINANCE,lgarza@grupoindustriallat.com.mx,VERIFIED,85,+528617615043,2026-09-06T14:31:01.437316+00:00
Industrial Manufacturing & Transformation,GRUPO INDUSTRIAL INTERNACIONAL 11 S.A. DE C.V.,grupoindustrialint.mx,Daniel Villaseñor,Chief Operating Officer (COO),C_SUITE,OPERATIONS,dvillaseñor@grupoindustrialint.mx,VERIFIED,85,+525957452611,2026-09-06T14:31:01.437316+00:00
Industrial Manufacturing & Transformation,GRUPO INDUSTRIAL GLOBAL S. DE R.L. DE C.V.,grupoindustrialglo.com,Eduardo Dominguez,Chief Technology Officer (CTO),C_SUITE,ENGINEERING_IT,edominguez@grupoindustrialglo.com,VERIFIED,85,+527594492124,2026-09-06T14:31:01.437316+00:00
Industrial Manufacturing & Transformation,GRUPO INDUSTRIAL LATINOAMERICANA S.A.P.I. DE C.V.,grupoindustriallat.mx,Hector Valenzuela,Founder,FOUNDER,EXECUTIVE,hvalenzuela@grupoindustriallat.mx,VERIFIED,85,+529929015575,2026-09-06T14:31:01.437316+00:00
Industrial Manufacturing & Transformation,GRUPO INDUSTRIAL LATINOAMERICANA S.A.P.I. DE C.V.,grupoindustriallat.mx,Patricia Dominguez,Chief Human Resources Officer (CHRO),C_SUITE,HR_PEOPLE,pdominguez@grupoindustriallat.mx,VERIFIED,85,+526485323329,2026-09-06T14:31:01.437316+00:00
Industrial Manufacturing & Transformation,GRUPO INDUSTRIAL NACIONAL S.A.S.,grupoindustrialnac.mx,Miguel García,Chief Technology Officer (CTO),C_SUITE,ENGINEERING_IT,mgarcía@grupoindustrialnac.mx,VERIFIED,85,+529624781250,2026-09-06T14:31:01.437316+00:00
Industrial Manufacturing & Transformation,GRUPO INDUSTRIAL GLOBAL 25 S.A.B. DE C.V.,grupoindustrialglo.mx,Claudia Navarro,Founder,FOUNDER,EXECUTIVE,cnavarro@grupoindustrialglo.mx,VERIFIED,85,+528958997134,2026-09-06T14:31:01.437316+00:00
Industrial Manufacturing & Transformation,GRUPO INDUSTRIAL GLOBAL 25 S.A.B. DE C.V.,grupoindustrialglo.mx,Roberto Dominguez,Chief Human Resources Officer (CHRO),C_SUITE,HR_PEOPLE,rdominguez@grupoindustrialglo.mx,VERIFIED,85,+527298339421,2026-09-06T14:31:01.437316+00:00
Industrial Manufacturing & Transformation,GRUPO INDUSTRIAL INDUSTRIAL S.A.S.,grupoindustrialind.com,Luis González,Chief Operating Officer (COO),C_SUITE,OPERATIONS,lgonzález@grupoindustrialind.com,VERIFIED,85,+526842652896,2026-09-06T14:31:01.437316+00:00
Industrial Manufacturing & Transformation,GRUPO INDUSTRIAL CENTRAL 41 S.A.S.,grupoindustrialcen.mx,Miguel Navarro,Chief Financial Officer (CFO),C_SUITE,FINANCE,mnavarro@grupoindustrialcen.mx,VERIFIED,85,+527642872892,2026-09-06T14:31:01.437316+00:00
Industrial Manufacturing & Transformation,GRUPO INDUSTRIAL ESTRATEGICA S. DE R.L. DE C.V.,grupoindustrialest.com.mx,Adriana Garza,Chief Revenue Officer (CRO),C_SUITE,SALES_MARKETING,agarza@grupoindustrialest.com.mx,VERIFIED,85,+528181421170,2026-09-06T14:31:01.437316+00:00
Industrial Manufacturing & Transformation,GRUPO INDUSTRIAL ESTRATEGICA S. DE R.L. DE C.V.,grupoindustrialest.com.mx,David Salinas,Founder,FOUNDER,EXECUTIVE,dsalinas@grupoindustrialest.com.mx,VERIFIED,85,+524880556759,2026-09-06T14:31:01.437316+00:00
Industrial Manufacturing & Transformation,GRUPO INDUSTRIAL ESTRATEGICA S. DE R.L. DE C.V.,grupoindustrialest.com.mx,Fernando García,Chief Executive Officer (CEO),C_SUITE,EXECUTIVE,fgarcía@grupoindustrialest.com.mx,VERIFIED,85,+526417110393,2026-09-06T14:31:01.437316+00:00
Industrial Manufacturing & Transformation,GRUPO INDUSTRIAL DEL PACIFICO S.A.S.,grupoindustrialdel.com.mx,Daniel Benítez,Chief Operating Officer (COO),C_SUITE,OPERATIONS,dbenítez@grupoindustrialdel.com.mx,VERIFIED,85,+524661701482,2026-09-06T14:31:01.437316+00:00
Industrial Manufacturing & Transformation,GRUPO INDUSTRIAL MODERNA 90 S.A.B. DE C.V.,grupoindustrialmod.mx,Gabriel Castro,Chief Operating Officer (COO),C_SUITE,OPERATIONS,gcastro@grupoindustrialmod.mx,VERIFIED,85,+529624154244,2026-09-06T14:31:01.437316+00:00
Industrial Manufacturing & Transformation,GRUPO INDUSTRIAL DEL PACIFICO S.A.S.,grupoindustrialdel.com,Mariana Martínez,Chief Operating Officer (COO),C_SUITE,OPERATIONS,mmartínez@grupoindustrialdel.com,VERIFIED,85,+527318792808,2026-09-06T14:31:01.437316+00:00
Industrial Manufacturing & Transformation,GRUPO INDUSTRIAL DE OCCIDENTE S.A.S.,grupoindustrialdeo.com.mx,Andrea Benítez,Chief Human Resources Officer (CHRO),C_SUITE,HR_PEOPLE,abenítez@grupoindustrialdeo.com.mx,VERIFIED,85,+527916316107,2026-09-06T14:31:01.437316+00:00
Industrial Manufacturing & Transformation,GRUPO INDUSTRIAL DE OCCIDENTE S.A.S.,grupoindustrialdeo.com.mx,Javier González,Chief Executive Officer (CEO),C_SUITE,EXECUTIVE,jgonzález@grupoindustrialdeo.com.mx,VERIFIED,85,+524240194516,2026-09-06T14:31:01.437316+00:00
Industrial Manufacturing & Transformation,TRANSFORMADORA DEL PACIFICO S.C.,transformadoradelp.com,Roberto Navarro,Founder,FOUNDER,EXECUTIVE,rnavarro@transformadoradelp.com,VERIFIED,85,+528615840503,2026-09-06T14:31:01.442688+00:00
Industrial Manufacturing & Transformation,TRANSFORMADORA DEL PACIFICO S.C.,transformadoradelp.com,Patricia Martínez,Chief Executive Officer (CEO),C_SUITE,EXECUTIVE,pmartínez@transformadoradelp.com,VERIFIED,85,+524628281084,2026-09-06T14:31:01.442688+00:00
Industrial Manufacturing & Transformation,TRANSFORMADORA DEL PACIFICO S.C.,transformadoradelp.com,Sofia López,Chief Operating Officer (COO),C_SUITE,OPERATIONS,slópez@transformadoradelp.com,VERIFIED,85,+527820667874,2026-09-06T14:31:01.442688+00:00
Industrial Manufacturing & Transformation,TRANSFORMADORA DEL PACIFICO S.A.P.I. DE C.V.,transformadoradelp.mx,Fernando Morales,Chief Executive Officer (CEO),C_SUITE,EXECUTIVE,fmorales@transformadoradelp.mx,VERIFIED,85,+528257967693,2026-09-06T14:31:01.442688+00:00
Industrial Manufacturing & Transformation,TRANSFORMADORA DEL NORTE S.A. DE C.V.,transformadoradeln.mx,Javier Vega,Founder,FOUNDER,EXECUTIVE,jvega@transformadoradeln.mx,VERIFIED,85,+529052148476,2026-09-06T14:31:01.442688+00:00
Industrial Manufacturing & Transformation,TRANSFORMADORA DEL NORTE S.A. DE C.V.,transformadoradeln.mx,Jorge Dominguez,Founder,FOUNDER,EXECUTIVE,jdominguez@transformadoradeln.mx,VERIFIED,85,+524088452159,2026-09-06T14:31:01.442688+00:00
Industrial Manufacturing & Transformation,TRANSFORMADORA DEL BAJIO S.A.B. DE C.V.,transformadoradelb.com,Andrea Dominguez,Chief Technology Officer (CTO),C_SUITE,ENGINEERING_IT,adominguez@transformadoradelb.com,VERIFIED,85,+528440416394,2026-09-06T14:31:01.442688+00:00
Industrial Manufacturing & Transformation,TRANSFORMADORA DEL BAJIO S.A.B. DE C.V.,transformadoradelb.com,Hector Castro,Chief Operating Officer (COO),C_SUITE,OPERATIONS,hcastro@transformadoradelb.mx,VERIFIED,85,+527679949502,2026-09-06T14:31:01.442688+00:00
Industrial Manufacturing & Transformation,TRANSFORMADORA DEL CENTRO 95 S.A.S.,transformadoradelc.com,Sofia Alarcón,Chief Operating Officer (COO),C_SUITE,OPERATIONS,salarcón@transformadoradelc.com,VERIFIED,85,+525847413246,2026-09-06T14:31:01.442688+00:00
Industrial Manufacturing & Transformation,TRANSFORMADORA DEL CENTRO 95 S.A.S.,transformadoradelc.com,Carlos Benítez,Chief Financial Officer (CFO),C_SUITE,FINANCE,cbenítez@transformadoradelc.com,VERIFIED,85,+528516898473,2026-09-06T14:31:01.442688+00:00
Industrial Manufacturing & Transformation,TRANSFORMADORA DEL CENTRO 95 S.A.S.,transformadoradelc.com,Alejandro López,Chief Technology Officer (CTO),C_SUITE,ENGINEERING_IT,alópez@transformadoradelc.com,VERIFIED,85,+526160437391,2026-09-06T14:31:01.442688+00:00
Industrial Manufacturing & Transformation,TRANSFORMADORA DEL CENTRO 95 S.A.S.,transformadoradelc.com,Guillermo Ruiz,Founder,FOUNDER,EXECUTIVE,gruiz@transformadoradelc.com,VERIFIED,85,+524491800359,2026-09-06T14:31:01.442688+00:00
Industrial Manufacturing & Transformation,TRANSFORMADORA DEL CENTRO S.A.S.,transformadoradelc.mx,Alejandro Valenzuela,Chief Technology Officer (CTO),C_SUITE,ENGINEERING_IT,avalenzuela@transformadoradelc.mx,VERIFIED,85,+529124448248,2026-09-06T14:31:01.442688+00:00
Industrial Manufacturing & Transformation,TRANSFORMADORA DEL NORTE S.A.P.I. DE C.V.,transformadoradeln.com.mx,David González,Founder,FOUNDER,EXECUTIVE,dgonzález@transformadoradeln.com.mx,VERIFIED,85,+526537708353,2026-09-06T14:31:01.442688+00:00
Industrial Manufacturing & Transformation,TRANSFORMADORA DEL NORTE S.A. DE C.V.,transformadoradeln.com,Guillermo Morales,Chief Executive Officer (CEO),C_SUITE,EXECUTIVE,gmorales@transformadoradeln.com,VERIFIED,85,+524613901243,2026-09-06T14:31:01.442688+00:00
Industrial Manufacturing & Transformation,TRANSFORMADORA DEL PACIFICO 41 S.A.B. DE C.V.,transformadoradelp.com.mx,Patricia Benítez,Chief Human Resources Officer (CHRO),C_SUITE,HR_PEOPLE,pbenítez@transformadoradelp.com.mx,VERIFIED,85,+525475209534,2026-09-06T14:31:01.442688+00:00
Industrial Manufacturing & Transformation,TRANSFORMADORA DEL NORTE 98 S.A.B. DE C.V.,transformadoradeln.com,Mariana Salinas,Founder,FOUNDER,EXECUTIVE,msalinas@transformadoradeln.com,VERIFIED,85,+527536190195,2026-09-06T14:31:01.442688+00:00
Industrial Manufacturing & Transformation,TRANSFORMADORA DEL BAJIO S.A.S.,transformadoradelb.mx,Claudia Valenzuela,Chief Technology Officer (CTO),C_SUITE,ENGINEERING_IT,cvalenzuela@transformadoradelb.mx,VERIFIED,85,+524981706522,2026-09-06T14:31:01.442688+00:00
Industrial Manufacturing & Transformation,TRANSFORMADORA DEL BAJIO S.A.S.,transformadoradelb.mx,Jorge Vega,Chief Operating Officer (COO),C_SUITE,OPERATIONS,jvega@transformadoradelb.mx,VERIFIED,85,+527434061885,2026-09-06T14:31:01.442688+00:00
Industrial Manufacturing & Transformation,TRANSFORMADORA DEL BAJIO S.A.S.,transformadoradelb.mx,Gabriel Ruiz,Chief Revenue Officer (CRO),C_SUITE,SALES_MARKETING,gruiz@transformadoradelb.mx,VERIFIED,85,+529083085501,2026-09-06T14:31:01.442688+00:00
Industrial Manufacturing & Transformation,TRANSFORMADORA DEL BAJIO S.C.,transformadoradelb.com.mx,Adriana Dominguez,Chief Technology Officer (CTO),C_SUITE,ENGINEERING_IT,adominguez@transformadoradelb.com.mx,VERIFIED,85,+528489996699,2026-09-06T14:31:01.442688+00:00
Industrial Manufacturing & Transformation,TRANSFORMADORA DEL BAJIO S.C.,transformadoradelb.com.mx,Guillermo García,Chief Executive Officer (CEO),C_SUITE,EXECUTIVE,ggarcía@transformadoradelb.com.mx,VERIFIED,85,+524132177034,2026-09-06T14:31:01.442688+00:00
Industrial Manufacturing & Transformation,TRANSFORMADORA DEL CENTRO S.A.B. DE C.V.,transformadoradelc.com,Fernando Valenzuela,Chief Executive Officer (CEO),C_SUITE,EXECUTIVE,fvalenzuela@transformadoradelc.com,VERIFIED,85,+529753928363,2026-09-06T14:31:01.442688+00:00
Industrial Manufacturing & Transformation,TRANSFORMADORA DEL CENTRO S.A.B. DE C.V.,transformadoradelc.com,Gabriel Garza,Chief Operating Officer (COO),C_SUITE,OPERATIONS,ggarza@transformadoradelc.com,VERIFIED,85,+527279627962,2026-09-06T14:31:01.442688+00:00
Industrial Manufacturing & Transformation,TRANSFORMADORA DEL NORTE 3 S.A. DE C.V.,transformadoradeln.mx,Alejandro Villaseñor,Chief Operating Officer (COO),C_SUITE,OPERATIONS,avillaseñor@transformadoradeln.mx,VERIFIED,85,+525463627184,2026-09-06T14:31:01.442688+00:00
Industrial Manufacturing & Transformation,TRANSFORMADORA DEL NORTE 3 S.A. DE C.V.,transformadoradeln.mx,Gabriel Ruiz,Chief Revenue Officer (CRO),C_SUITE,SALES_MARKETING,gruiz@transformadoradeln.mx,VERIFIED,85,+526060737459,2026-09-06T14:31:01.442688+00:00
Industrial Manufacturing & Transformation,TRANSFORMADORA DEL NORTE 3 S.A. DE C.V.,transformadoradeln.mx,Daniel Morales,Chief Revenue Officer (CRO),C_SUITE,SALES_MARKETING,dmorales@transformadoradeln.mx,VERIFIED,85,+526932236230,2026-09-06T14:31:01.442688+00:00
Industrial Manufacturing & Transformation,TRANSFORMADORA DEL NORTE 3 S.A. DE C.V.,transformadoradeln.mx,Javier Martínez,Chief Financial Officer (CFO),C_SUITE,FINANCE,jmartínez@transformadoradeln.mx,VERIFIED,85,+524139825672,2026-09-06T14:31:01.442688+00:00
Industrial Manufacturing & Transformation,TRANSFORMADORA DEL PACIFICO S.A.B. DE C.V.,transformadoradelp.mx,Patricia Salinas,Chief Revenue Officer (CRO),C_SUITE,SALES_MARKETING,psalinas@transformadoradelp.mx,VERIFIED,85,+524482961480,2026-09-06T14:31:01.442688+00:00
Industrial Manufacturing & Transformation,TRANSFORMADORA DEL NORTE S. DE R.L. DE C.V.,transformadoradeln.com.mx,Carlos García,Chief Executive Officer (CEO),C_SUITE,EXECUTIVE,cgarcía@transformadoradeln.com.mx,VERIFIED,85,+527754849621,2026-09-06T14:31:01.442688+00:00
Industrial Manufacturing & Transformation,TRANSFORMADORA DEL NORTE S. DE R.L. DE C.V.,transformadoradeln.com.mx,Claudia Ruiz,Chief Revenue Officer (CRO),C_SUITE,SALES_MARKETING,cruiz@transformadoradeln.com.mx,VERIFIED,85,+526437696593,2026-09-06T14:31:01.442688+00:00
Industrial Manufacturing & Transformation,TRANSFORMADORA DEL CENTRO S.A.P.I. DE C.V.,transformadoradelc.mx,Mariana Martínez,Chief Revenue Officer (CRO),C_SUITE,SALES_MARKETING,mmartínez@transformadoradelc.mx,VERIFIED,85,+526147474954,2026-09-06T14:31:01.442688+00:00
Industrial Manufacturing & Transformation,GRUPO INDUSTRIAL MODERNA S.A. DE C.V.,grupoindustrialmod.com,Daniel Garza,Chief Executive Officer (CEO),C_SUITE,EXECUTIVE,dgarza@grupoindustrialmod.com,VERIFIED,85,+525920009856,2026-09-06T14:31:01.442688+00:00
Industrial Manufacturing & Transformation,GRUPO INDUSTRIAL MODERNA S.A. DE C.V.,grupoindustrialmod.com,Adriana Salinas,Chief Revenue Officer (CRO),C_SUITE,SALES_MARKETING,asalinas@grupoindustrialmod.com,VERIFIED,85,+524078412682,2026-09-06T14:31:01.442688+00:00
Industrial Manufacturing & Transformation,GRUPO INDUSTRIAL MODERNA S.A. DE C.V.,grupoindustrialmod.com,Guillermo García,Chief Operating Officer (COO),C_SUITE,OPERATIONS,ggarcía@grupoindustrialmod.com,VERIFIED,85,+526515629653,2026-09-06T14:31:01.442688+00:00
Industrial Manufacturing & Transformation,GRUPO INDUSTRIAL MODERNA S.A. DE C.V.,grupoindustrialmod.com,Fernando García,Chief Financial Officer (CFO),C_SUITE,FINANCE,fgarcía@grupoindustrialmod.com,VERIFIED,85,+524354694609,2026-09-06T14:31:01.442688+00:00
Industrial Manufacturing & Transformation,GRUPO INDUSTRIAL DE OCCIDENTE S.A. DE C.V.,grupoindustrialdeo.com.mx,Mariana Benítez,Founder,FOUNDER,EXECUTIVE,mbenítez@grupoindustrialdeo.com.mx,VERIFIED,85,+525685597930,2026-09-06T14:31:01.442688+00:00
Industrial Manufacturing & Transformation,GRUPO INDUSTRIAL DE OCCIDENTE S.A. DE C.V.,grupoindustrialdeo.com.mx,Luis Mendoza,Chief Operating Officer (COO),C_SUITE,OPERATIONS,lmendoza@grupoindustrialdeo.com.mx,VERIFIED,85,+526794161304,2026-09-06T14:31:01.442688+00:00
Industrial Manufacturing & Transformation,GRUPO INDUSTRIAL AVANZADA S.A.P.I. DE C.V.,grupoindustrialava.mx,Miguel Navarro,Chief Executive Officer (CEO),C_SUITE,EXECUTIVE,mnavarro@grupoindustrialava.mx,VERIFIED,85,+527363349620,2026-09-06T14:31:01.442688+00:00
Industrial Manufacturing & Transformation,GRUPO INDUSTRIAL AVANZADA S.A.P.I. DE C.V.,grupoindustrialava.mx,Luis Castro,Chief Executive Officer (CEO),C_SUITE,EXECUTIVE,lcastro@grupoindustrialava.mx,VERIFIED,85,+528635757989,2026-09-06T14:31:01.442688+00:00
Industrial Manufacturing & Transformation,GRUPO INDUSTRIAL MEXICANA S. DE R.L. DE C.V.,grupoindustrialmex.mx,Miguel Treviño,Founder,FOUNDER,EXECUTIVE,mtreviño@grupoindustrialmex.mx,VERIFIED,85,+525960866892,2026-09-06T14:31:01.442688+00:00
Industrial Manufacturing & Transformation,GRUPO INDUSTRIAL MEXICANA S. DE R.L. DE C.V.,grupoindustrialmex.mx,Daniel Dominguez,Founder,FOUNDER,EXECUTIVE,ddominguez@grupoindustrialmex.mx,VERIFIED,85,+525429846274,2026-09-06T14:31:01.442688+00:00
Industrial Manufacturing & Transformation,GRUPO INDUSTRIAL MEXICANA S. DE R.L. DE C.V.,grupoindustrialmex.mx,Javier Morales,Founder,FOUNDER,EXECUTIVE,jmorales@grupoindustrialmex.com.mx,VERIFIED,85,+529788215420,2026-09-06T14:31:01.442688+00:00
Industrial Manufacturing & Transformation,GRUPO INDUSTRIAL MEXICANA S. DE R.L. DE C.V.,grupoindustrialmex.mx,Eduardo García,Chief Operating Officer (COO),C_SUITE,OPERATIONS,egarcía@grupoindustrialmex.mx,VERIFIED,85,+528861810322,2026-09-06T14:31:01.442688+00:00
Industrial Manufacturing & Transformation,GRUPO INDUSTRIAL INTEGRAL S.A.P.I. DE C.V.,grupoindustrialint.com,Gabriel Alarcón,Chief Technology Officer (CTO),C_SUITE,ENGINEERING_IT,galarcón@grupoindustrialint.com,VERIFIED,85,+524260519031,2026-09-06T14:31:01.442688+00:00
Industrial Manufacturing & Transformation,GRUPO INDUSTRIAL INTEGRAL S.A.P.I. DE C.V.,grupoindustrialint.com,Miguel Hernández,Chief Human Resources Officer (CHRO),C_SUITE,HR_PEOPLE,mhernández@grupoindustrialint.com,VERIFIED,85,+525736929347,2026-09-06T14:31:01.442688+00:00
Industrial Manufacturing & Transformation,GRUPO INDUSTRIAL INTEGRAL S.A.P.I. DE C.V.,grupoindustrialint.com,Gabriel Treviño,Founder,FOUNDER,EXECUTIVE,gtreviño@grupoindustrialint.com,VERIFIED,85,+528965682868,2026-09-06T14:31:01.442688+00:00
Industrial Manufacturing & Transformation,GRUPO INDUSTRIAL INTEGRAL S.A.P.I. DE C.V.,grupoindustrialint.com,Patricia Ruiz,Chief Human Resources Officer (CHRO),C_SUITE,HR_PEOPLE,pruiz@grupoindustrialint.com,VERIFIED,85,+524595956736,2026-09-06T14:31:01.442688+00:00
Industrial Manufacturing & Transformation,GRUPO INDUSTRIAL INTEGRAL S.A.P.I. DE C.V.,grupoindustrialint.com,Hector Hernández,Chief Executive Officer (CEO),C_SUITE,EXECUTIVE,hhernández@grupoindustrialint.com,VERIFIED,85,+526846776210,2026-09-06T14:31:01.442688+00:00
Industrial Manufacturing & Transformation,GRUPO INDUSTRIAL INTEGRAL S.A. DE C.V.,grupoindustrialint.mx,Roberto Morales,Chief Revenue Officer (CRO),C_SUITE,SALES_MARKETING,rmorales@grupoindustrialint.mx,VERIFIED,85,+525041528089,2026-09-06T14:31:01.442688+00:00
Industrial Manufacturing & Transformation,GRUPO INDUSTRIAL INTEGRAL S.A. DE C.V.,grupoindustrialint.mx,Guillermo González,Founder,FOUNDER,EXECUTIVE,ggonzález@grupoindustrialint.mx,VERIFIED,85,+526658607198,2026-09-06T14:31:01.442688+00:00
Industrial Manufacturing & Transformation,GRUPO INDUSTRIAL INTEGRAL S.A. DE C.V.,grupoindustrialint.mx,Rodrigo Morales,Chief Human Resources Officer (CHRO),C_SUITE,HR_PEOPLE,rmorales@grupoindustrialint.mx,VERIFIED,85,+526499009845,2026-09-06T14:31:01.442688+00:00
Industrial Manufacturing & Transformation,GRUPO INDUSTRIAL INTEGRAL S.A. DE C.V.,grupoindustrialint.mx,Eduardo Garza,Chief Revenue Officer (CRO),C_SUITE,SALES_MARKETING,egarza@grupoindustrialint.mx,VERIFIED,85,+526344272761,2026-09-06T14:31:01.442688+00:00
Industrial Manufacturing & Transformation,GRUPO INDUSTRIAL INTEGRAL S.A. DE C.V.,grupoindustrialint.mx,Daniel Dominguez,Chief Executive Officer (CEO),C_SUITE,EXECUTIVE,ddominguez@grupoindustrialint.mx,VERIFIED,85,+529128073684,2026-09-06T14:31:01.442688+00:00
Industrial Manufacturing & Transformation,GRUPO INDUSTRIAL INTERNACIONAL S.A.P.I. DE C.V.,grupoindustrialint.com.mx,Jorge Vega,Chief Executive Officer (CEO),C_SUITE,EXECUTIVE,jvega@grupoindustrialint.com.mx,VERIFIED,85,+524316381849,2026-09-06T14:31:01.442688+00:00
Industrial Manufacturing & Transformation,GRUPO INDUSTRIAL CENTRAL S.A.S.,grupoindustrialcen.com,Guillermo Benítez,Chief Executive Officer (CEO),C_SUITE,EXECUTIVE,gbenítez@grupoindustrialcen.com,VERIFIED,85,+524725095353,2026-09-06T14:31:01.442688+00:00
Industrial Manufacturing & Transformation,GRUPO INDUSTRIAL ESTRATEGICA S.A.B. DE C.V.,grupoindustrialest.com,Sofia González,Founder,FOUNDER,EXECUTIVE,sgonzález@grupoindustrialest.com,VERIFIED,85,+525340385250,2026-09-06T14:31:01.442688+00:00
Industrial Manufacturing & Transformation,GRUPO INDUSTRIAL ESTRATEGICA S.A.B. DE C.V.,grupoindustrialest.com,Alejandro Dominguez,Chief Executive Officer (CEO),C_SUITE,EXECUTIVE,adominguez@grupoindustrialest.com.mx,VERIFIED,85,+524362257794,2026-09-06T14:31:01.442688+00:00
Industrial Manufacturing & Transformation,GRUPO INDUSTRIAL DE LAS AMERICAS S. DE R.L. DE C.V.,grupoindustrialdel.com,Javier Treviño,Chief Human Resources Officer (CHRO),C_SUITE,HR_PEOPLE,jtreviño@grupoindustrialdel.com,VERIFIED,85,+528824767474,2026-09-06T14:31:01.442688+00:00
Industrial Manufacturing & Transformation,GRUPO INDUSTRIAL DE LAS AMERICAS S. DE R.L. DE C.V.,grupoindustrialdel.com,Adriana Valenzuela,Chief Executive Officer (CEO),C_SUITE,EXECUTIVE,avalenzuela@grupoindustrialdel.com,VERIFIED,85,+528096594178,2026-09-06T14:31:01.442688+00:00
Industrial Manufacturing & Transformation,GRUPO INDUSTRIAL DE LAS AMERICAS S. DE R.L. DE C.V.,grupoindustrialdel.com,Guillermo González,Chief Human Resources Officer (CHRO),C_SUITE,HR_PEOPLE,ggonzález@grupoindustrialdel.com,VERIFIED,85,+528065825329,2026-09-06T14:31:01.442688+00:00
Industrial Manufacturing & Transformation,GRUPO INDUSTRIAL DE LAS AMERICAS S. DE R.L. DE C.V.,grupoindustrialdel.com,Guillermo García,Chief Financial Officer (CFO),C_SUITE,FINANCE,ggarcía@grupoindustrialdel.com,VERIFIED,85,+525876617812,2026-09-06T14:31:01.442688+00:00
Industrial Manufacturing & Transformation,GRUPO INDUSTRIAL DE LAS AMERICAS S. DE R.L. DE C.V.,grupoindustrialdel.com,Roberto González,Chief Executive Officer (CEO),C_SUITE,EXECUTIVE,rgonzález@grupoindustrialdel.com,VERIFIED,85,+529374167344,2026-09-06T14:31:01.442688+00:00
Industrial Manufacturing & Transformation,GRUPO INDUSTRIAL DE LAS AMERICAS S. DE R.L. DE C.V.,grupoindustrialdel.com,Eduardo Ruiz,Founder,FOUNDER,EXECUTIVE,eruiz@grupoindustrialdel.com,VERIFIED,85,+527151912298,2026-09-06T14:31:01.442688+00:00
Industrial Manufacturing & Transformation,GRUPO INDUSTRIAL DE LAS AMERICAS S. DE R.L. DE C.V.,grupoindustrialdel.com,Rodrigo Treviño,Chief Financial Officer (CFO),C_SUITE,FINANCE,rtreviño@grupoindustrialdel.com,VERIFIED,85,+527656785996,2026-09-06T14:31:01.442688+00:00
Industrial Manufacturing & Transformation,GRUPO INDUSTRIAL GLOBAL S. DE R.L. DE C.V.,grupoindustrialglo.mx,Carlos Dominguez,Chief Human Resources Officer (CHRO),C_SUITE,HR_PEOPLE,cdominguez@grupoindustrialglo.mx,VERIFIED,85,+525573028889,2026-09-06T14:31:01.442688+00:00
Industrial Manufacturing & Transformation,GRUPO INDUSTRIAL GLOBAL S. DE R.L. DE C.V.,grupoindustrialglo.mx,Rodrigo Villaseñor,Chief Financial Officer (CFO),C_SUITE,FINANCE,rvillaseñor@grupoindustrialglo.mx,VERIFIED,85,+528650874426,2026-09-06T14:31:01.442688+00:00
Industrial Manufacturing & Transformation,GRUPO INDUSTRIAL GLOBAL S. DE R.L. DE C.V.,grupoindustrialglo.mx,Andrea Valenzuela,Chief Technology Officer (CTO),C_SUITE,ENGINEERING_IT,avalenzuela@grupoindustrialglo.mx,VERIFIED,85,+526217294025,2026-09-06T14:31:01.442688+00:00
Industrial Manufacturing & Transformation,GRUPO INDUSTRIAL NACIONAL S. DE R.L. DE C.V.,grupoindustrialnac.com.mx,Alejandro Garza,Chief Human Resources Officer (CHRO),C_SUITE,HR_PEOPLE,agarza@grupoindustrialnac.com.mx,VERIFIED,85,+524882060084,2026-09-06T14:31:01.442688+00:00
Industrial Manufacturing & Transformation,GRUPO INDUSTRIAL EMPRESARIAL S. DE R.L. DE C.V.,grupoindustrialemp.com,Mariana García,Founder,FOUNDER,EXECUTIVE,mgarcía@grupoindustrialemp.com,VERIFIED,85,+526223972353,2026-09-06T14:31:01.442688+00:00
Industrial Manufacturing & Transformation,GRUPO INDUSTRIAL EMPRESARIAL S. DE R.L. DE C.V.,grupoindustrialemp.com,Carlos Ruiz,Chief Executive Officer (CEO),C_SUITE,EXECUTIVE,cruiz@grupoindustrialemp.com,VERIFIED,85,+526195390859,2026-09-06T14:31:01.442688+00:00
Industrial Manufacturing & Transformation,GRUPO INDUSTRIAL EMPRESARIAL S. DE R.L. DE C.V.,grupoindustrialemp.com,Sofia López,Chief Revenue Officer (CRO),C_SUITE,SALES_MARKETING,slópez@grupoindustrialemp.com,VERIFIED,85,+528915061222,2026-09-06T14:31:01.442688+00:00
Industrial Manufacturing & Transformation,GRUPO INDUSTRIAL EMPRESARIAL S. DE R.L. DE C.V.,grupoindustrialemp.com,Guillermo Villaseñor,Chief Human Resources Officer (CHRO),C_SUITE,HR_PEOPLE,gvillaseñor@grupoindustrialemp.com,VERIFIED,85,+528621584281,2026-09-06T14:31:01.442688+00:00
Industrial Manufacturing & Transformation,GRUPO INDUSTRIAL EMPRESARIAL S. DE R.L. DE C.V.,grupoindustrialemp.com,Andrea González,Chief Financial Officer (CFO),C_SUITE,FINANCE,agonzález@grupoindustrialemp.com,VERIFIED,85,+526756912561,2026-09-06T14:31:01.442688+00:00
Industrial Manufacturing & Transformation,GRUPO INDUSTRIAL ESTRATEGICA S.C.,grupoindustrialest.com.mx,Jorge García,Founder,FOUNDER,EXECUTIVE,jgarcía@grupoindustrialest.com.mx,VERIFIED,85,+528637889458,2026-09-06T14:31:01.442688+00:00
Industrial Manufacturing & Transformation,GRUPO INDUSTRIAL ESTRATEGICA S.C.,grupoindustrialest.com.mx,Guillermo Ruiz,Chief Executive Officer (CEO),C_SUITE,EXECUTIVE,gruiz@grupoindustrialest.com.mx,VERIFIED,85,+527496423067,2026-09-06T14:31:01.442688+00:00
Industrial Manufacturing & Transformation,GRUPO INDUSTRIAL ESTRATEGICA S.C.,grupoindustrialest.com.mx,Eduardo Vega,Chief Executive Officer (CEO),C_SUITE,EXECUTIVE,evega@grupoindustrialest.mx,VERIFIED,85,+525146154150,2026-09-06T14:31:01.442688+00:00
Industrial Manufacturing & Transformation,GRUPO INDUSTRIAL ESTRATEGICA S.C.,grupoindustrialest.com.mx,Adriana López,Chief Technology Officer (CTO),C_SUITE,ENGINEERING_IT,alópez@grupoindustrialest.mx,VERIFIED,85,+527963764427,2026-09-06T14:31:01.442688+00:00
Industrial Manufacturing & Transformation,GRUPO INDUSTRIAL LATINOAMERICANA S. DE R.L. DE C.V.,grupoindustriallat.com,Roberto Villaseñor,Chief Financial Officer (CFO),C_SUITE,FINANCE,rvillaseñor@grupoindustriallat.com,VERIFIED,85,+528824793299,2026-09-06T14:31:01.442688+00:00
Industrial Manufacturing & Transformation,GRUPO INDUSTRIAL DEL NORTE S.A.S.,grupoindustrialdel.com.mx,Jorge Treviño,Chief Executive Officer (CEO),C_SUITE,EXECUTIVE,jtreviño@grupoindustrialdel.com.mx,VERIFIED,85,+524656561942,2026-09-06T14:31:01.442688+00:00
Industrial Manufacturing & Transformation,GRUPO INDUSTRIAL DEL NORTE S.A.S.,grupoindustrialdel.com.mx,Gabriel Morales,Chief Financial Officer (CFO),C_SUITE,FINANCE,gmorales@grupoindustrialdel.com.mx,VERIFIED,85,+528369395392,2026-09-06T14:31:01.442688+00:00
Industrial Manufacturing & Transformation,GRUPO INDUSTRIAL DEL NORTE S.A.S.,grupoindustrialdel.com.mx,Roberto Martínez,Founder,FOUNDER,EXECUTIVE,rmartínez@grupoindustrialdel.com.mx,VERIFIED,85,+526861152859,2026-09-06T14:31:01.442688+00:00
Industrial Manufacturing & Transformation,GRUPO INDUSTRIAL DEL NORTE S.A.S.,grupoindustrialdel.com.mx,Hector Villaseñor,Chief Human Resources Officer (CHRO),C_SUITE,HR_PEOPLE,hvillaseñor@grupoindustrialdel.com.mx,VERIFIED,85,+524683028515,2026-09-06T14:31:01.442688+00:00
Industrial Manufacturing & Transformation,GRUPO INDUSTRIAL DEL NORTE S.A.S.,grupoindustrialdel.com.mx,Patricia Valenzuela,Chief Financial Officer (CFO),C_SUITE,FINANCE,pvalenzuela@grupoindustrialdel.com.mx,VERIFIED,85,+525744671626,2026-09-06T14:31:01.442688+00:00
Industrial Manufacturing & Transformation,GRUPO INDUSTRIAL DEL PACIFICO S.A. DE C.V.,grupoindustrialdel.mx,Adriana Valenzuela,Chief Revenue Officer (CRO),C_SUITE,SALES_MARKETING,avalenzuela@grupoindustrialdel.mx,VERIFIED,85,+526598506648,2026-09-06T14:31:01.442688+00:00
Industrial Manufacturing & Transformation,GRUPO INDUSTRIAL DEL PACIFICO S.A. DE C.V.,grupoindustrialdel.mx,Andrea Garza,Chief Technology Officer (CTO),C_SUITE,ENGINEERING_IT,agarza@grupoindustrialdel.mx,VERIFIED,85,+527619120512,2026-09-06T14:31:01.442688+00:00
Industrial Manufacturing & Transformation,GRUPO INDUSTRIAL DEL PACIFICO S.A. DE C.V.,grupoindustrialdel.mx,Miguel Ruiz,Chief Operating Officer (COO),C_SUITE,OPERATIONS,mruiz@grupoindustrialdel.mx,VERIFIED,85,+529934557909,2026-09-06T14:31:01.442688+00:00
Industrial Manufacturing & Transformation,GRUPO INDUSTRIAL MODERNA S.C.,grupoindustrialmod.com.mx,Patricia Benítez,Chief Technology Officer (CTO),C_SUITE,ENGINEERING_IT,pbenítez@grupoindustrialmod.com.mx,VERIFIED,85,+529962738668,2026-09-06T14:31:01.442688+00:00
Industrial Manufacturing & Transformation,GRUPO INDUSTRIAL DINAMICA S.A.B. DE C.V.,grupoindustrialdin.com,Gabriel García,Chief Human Resources Officer (CHRO),C_SUITE,HR_PEOPLE,ggarcía@grupoindustrialdin.com,VERIFIED,85,+528295015657,2026-09-06T14:31:01.442688+00:00
Industrial Manufacturing & Transformation,GRUPO INDUSTRIAL ESPECIALIZADA S. DE R.L. DE C.V.,grupoindustrialesp.mx,Patricia Treviño,Chief Executive Officer (CEO),C_SUITE,EXECUTIVE,ptreviño@grupoindustrialesp.mx,VERIFIED,85,+525430067358,2026-09-06T14:31:01.442688+00:00
Industrial Manufacturing & Transformation,GRUPO INDUSTRIAL ESPECIALIZADA S.A. DE C.V.,grupoindustrialesp.com,Guillermo Hernández,Chief Technology Officer (CTO),C_SUITE,ENGINEERING_IT,ghernández@grupoindustrialesp.com,VERIFIED,85,+528948596357,2026-09-06T14:31:01.442688+00:00
Industrial Manufacturing & Transformation,GRUPO INDUSTRIAL ESPECIALIZADA S.A. DE C.V.,grupoindustrialesp.com,Carlos Mendoza,Founder,FOUNDER,EXECUTIVE,cmendoza@grupoindustrialesp.com,VERIFIED,85,+525035357765,2026-09-06T14:31:01.442688+00:00
Industrial Manufacturing & Transformation,GRUPO INDUSTRIAL INDUSTRIAL 36 S. DE R.L. DE C.V.,grupoindustrialind.com,Andrea Navarro,Chief Technology Officer (CTO),C_SUITE,ENGINEERING_IT,anavarro@grupoindustrialind.com,VERIFIED,85,+529075292168,2026-09-06T14:31:01.442688+00:00
Industrial Manufacturing & Transformation,GRUPO INDUSTRIAL MEXICANA 83 S. DE R.L. DE C.V.,grupoindustrialmex.com.mx,Javier Navarro,Chief Revenue Officer (CRO),C_SUITE,SALES_MARKETING,jnavarro@grupoindustrialmex.com.mx,VERIFIED,85,+528231495543,2026-09-06T14:31:01.442688+00:00
Industrial Manufacturing & Transformation,GRUPO INDUSTRIAL MEXICANA 83 S. DE R.L. DE C.V.,grupoindustrialmex.com.mx,Rodrigo Benítez,Chief Technology Officer (CTO),C_SUITE,ENGINEERING_IT,rbenítez@grupoindustrialmex.com.mx,VERIFIED,85,+528763510471,2026-09-06T14:31:01.442688+00:00
Industrial Manufacturing & Transformation,GRUPO INDUSTRIAL INDUSTRIAL S.A.P.I. DE C.V.,grupoindustrialind.com.mx,Andrea Salinas,Founder,FOUNDER,EXECUTIVE,asalinas@grupoindustrialind.com.mx,VERIFIED,85,+525993261647,2026-09-06T14:31:01.442688+00:00
Industrial Manufacturing & Transformation,GRUPO INDUSTRIAL DINAMICA 42 S.A. DE C.V.,grupoindustrialdin.com.mx,Eduardo González,Chief Executive Officer (CEO),C_SUITE,EXECUTIVE,egonzález@grupoindustrialdin.com.mx,VERIFIED,85,+528657785476,2026-09-06T14:31:01.442688+00:00
Industrial Manufacturing & Transformation,GRUPO INDUSTRIAL CENTRAL S.A.B. DE C.V.,grupoindustrialcen.com.mx,Eduardo Valenzuela,Chief Executive Officer (CEO),C_SUITE,EXECUTIVE,evalenzuela@grupoindustrialcen.com.mx,VERIFIED,85,+527234606174,2026-09-06T14:31:01.442688+00:00
Industrial Manufacturing & Transformation,GRUPO INDUSTRIAL NACIONAL S. DE R.L. DE C.V.,grupoindustrialnac.mx,Rodrigo González,Chief Financial Officer (CFO),C_SUITE,FINANCE,rgonzález@grupoindustrialnac.mx,VERIFIED,85,+527889882202,2026-09-06T14:31:01.442688+00:00
Industrial Manufacturing & Transformation,GRUPO INDUSTRIAL NACIONAL S. DE R.L. DE C.V.,grupoindustrialnac.mx,Luis Dominguez,Chief Executive Officer (CEO),C_SUITE,EXECUTIVE,ldominguez@grupoindustrialnac.mx,VERIFIED,85,+528658415466,2026-09-06T14:31:01.442688+00:00
Industrial Manufacturing & Transformation,GRUPO INDUSTRIAL LATINOAMERICANA S.A.S.,grupoindustriallat.com.mx,David Martínez,Chief Financial Officer (CFO),C_SUITE,FINANCE,dmartínez@grupoindustriallat.com.mx,VERIFIED,85,+528384604155,2026-09-06T14:31:01.442688+00:00
Industrial Manufacturing & Transformation,GRUPO INDUSTRIAL AVANZADA 88 S.C.,grupoindustrialava.com,Carlos Martínez,Chief Revenue Officer (CRO),C_SUITE,SALES_MARKETING,cmartínez@grupoindustrialava.com,VERIFIED,85,+527855195725,2026-09-06T14:31:01.442688+00:00
Industrial Manufacturing & Transformation,GRUPO INDUSTRIAL INDUSTRIAL S.A.S.,grupoindustrialind.com,Carlos Vega,Chief Executive Officer (CEO),C_SUITE,EXECUTIVE,cvega@grupoindustrialind.com,VERIFIED,85,+525044002455,2026-09-06T14:31:01.442688+00:00
Industrial Manufacturing & Transformation,GRUPO INDUSTRIAL INDUSTRIAL S.A.S.,grupoindustrialind.com,Javier Navarro,Chief Financial Officer (CFO),C_SUITE,FINANCE,jnavarro@grupoindustrialind.com,VERIFIED,85,+527534678583,2026-09-06T14:31:01.442688+00:00
Industrial Manufacturing & Transformation,GRUPO INDUSTRIAL DE OCCIDENTE S.C.,grupoindustrialdeo.mx,Andrea Dominguez,Founder,FOUNDER,EXECUTIVE,adominguez@grupoindustrialdeo.mx,VERIFIED,85,+526786347364,2026-09-06T14:31:01.442688+00:00
Industrial Manufacturing & Transformation,GRUPO INDUSTRIAL DE OCCIDENTE S.C.,grupoindustrialdeo.mx,Rodrigo Dominguez,Chief Technology Officer (CTO),C_SUITE,ENGINEERING_IT,rdominguez@grupoindustrialdeo.mx,VERIFIED,85,+524057875559,2026-09-06T14:31:01.442688+00:00
Industrial Manufacturing & Transformation,GRUPO INDUSTRIAL CENTRAL S.A.S.,grupoindustrialcen.com,Luis Ruiz,Chief Technology Officer (CTO),C_SUITE,ENGINEERING_IT,lruiz@grupoindustrialcen.com,VERIFIED,85,+526587502055,2026-09-06T14:31:01.442688+00:00
Industrial Manufacturing & Transformation,GRUPO INDUSTRIAL CENTRAL S.A.S.,grupoindustrialcen.com,Daniel Garza,Chief Human Resources Officer (CHRO),C_SUITE,HR_PEOPLE,dgarza@grupoindustrialcen.com,VERIFIED,85,+525547465827,2026-09-06T14:31:01.442688+00:00
Industrial Manufacturing & Transformation,GRUPO INDUSTRIAL CENTRAL S.A.S.,grupoindustrialcen.com,Eduardo Morales,Chief Executive Officer (CEO),C_SUITE,EXECUTIVE,emorales@grupoindustrialcen.com,VERIFIED,85,+529616195532,2026-09-06T14:31:01.442688+00:00
Industrial Manufacturing & Transformation,GRUPO INDUSTRIAL NACIONAL S.C.,grupoindustrialnac.mx,Javier Mendoza,Chief Operating Officer (COO),C_SUITE,OPERATIONS,jmendoza@grupoindustrialnac.mx,VERIFIED,85,+529048547884,2026-09-06T14:31:01.442688+00:00
Industrial Manufacturing & Transformation,GRUPO INDUSTRIAL NACIONAL S.C.,grupoindustrialnac.mx,Andrea Castro,Chief Executive Officer (CEO),C_SUITE,EXECUTIVE,acastro@grupoindustrialnac.mx,VERIFIED,85,+527950352351,2026-09-06T14:31:01.442688+00:00
Industrial Manufacturing & Transformation,GRUPO INDUSTRIAL DINAMICA S. DE R.L. DE C.V.,grupoindustrialdin.com.mx,Adriana Vega,Chief Financial Officer (CFO),C_SUITE,FINANCE,avega@grupoindustrialdin.com.mx,VERIFIED,85,+527659280864,2026-09-06T14:31:01.442688+00:00
Industrial Manufacturing & Transformation,GRUPO INDUSTRIAL DINAMICA S. DE R.L. DE C.V.,grupoindustrialdin.com.mx,Adriana López,Chief Human Resources Officer (CHRO),C_SUITE,HR_PEOPLE,alópez@grupoindustrialdin.com,VERIFIED,85,+525693445745,2026-09-06T14:31:01.442688+00:00
Industrial Manufacturing & Transformation,GRUPO INDUSTRIAL CENTRAL S.A.B. DE C.V.,grupoindustrialcen.mx,Daniel Garza,Chief Operating Officer (COO),C_SUITE,OPERATIONS,dgarza@grupoindustrialcen.mx,VERIFIED,85,+524676329143,2026-09-06T14:31:01.442688+00:00
Industrial Manufacturing & Transformation,GRUPO INDUSTRIAL CENTRAL S.A.B. DE C.V.,grupoindustrialcen.mx,Fernando Navarro,Founder,FOUNDER,EXECUTIVE,fnavarro@grupoindustrialcen.mx,VERIFIED,85,+527656353948,2026-09-06T14:31:01.442688+00:00
Industrial Manufacturing & Transformation,GRUPO INDUSTRIAL EMPRESARIAL S.C.,grupoindustrialemp.com,David Ruiz,Chief Executive Officer (CEO),C_SUITE,EXECUTIVE,druiz@grupoindustrialemp.com,VERIFIED,85,+525174655774,2026-09-06T14:31:01.442688+00:00
Industrial Manufacturing & Transformation,GRUPO INDUSTRIAL EMPRESARIAL S.C.,grupoindustrialemp.com,Adriana Navarro,Chief Operating Officer (COO),C_SUITE,OPERATIONS,anavarro@grupoindustrialemp.com,VERIFIED,85,+526490520005,2026-09-06T14:31:01.442688+00:00
Industrial Manufacturing & Transformation,GRUPO INDUSTRIAL ESTRATEGICA S.C.,grupoindustrialest.com,Rodrigo García,Chief Executive Officer (CEO),C_SUITE,EXECUTIVE,rgarcía@grupoindustrialest.com,VERIFIED,85,+527944658431,2026-09-06T14:31:01.442688+00:00
Industrial Manufacturing & Transformation,GRUPO INDUSTRIAL ESTRATEGICA S.C.,grupoindustrialest.com,David García,Chief Human Resources Officer (CHRO),C_SUITE,HR_PEOPLE,dgarcía@grupoindustrialest.com,VERIFIED,85,+529856328852,2026-09-06T14:31:01.442688+00:00
Industrial Manufacturing & Transformation,GRUPO INDUSTRIAL DE OCCIDENTE S.A. DE C.V.,grupoindustrialdeo.com.mx,David Dominguez,Chief Revenue Officer (CRO),C_SUITE,SALES_MARKETING,ddominguez@grupoindustrialdeo.com.mx,VERIFIED,85,+526282802595,2026-09-06T14:31:01.442688+00:00
Industrial Manufacturing & Transformation,GRUPO INDUSTRIAL DE OCCIDENTE S.A. DE C.V.,grupoindustrialdeo.com.mx,Miguel Navarro,Chief Executive Officer (CEO),C_SUITE,EXECUTIVE,mnavarro@grupoindustrialdeo.com.mx,VERIFIED,85,+524577873627,2026-09-06T14:31:01.442688+00:00
Industrial Manufacturing & Transformation,GRUPO INDUSTRIAL DE OCCIDENTE S.A. DE C.V.,grupoindustrialdeo.com.mx,David Benítez,Chief Operating Officer (COO),C_SUITE,OPERATIONS,dbenítez@grupoindustrialdeo.com.mx,VERIFIED,85,+528627823128,2026-09-06T14:31:01.442688+00:00
Industrial Manufacturing & Transformation,GRUPO INDUSTRIAL DEL PACIFICO S.A.B. DE C.V.,grupoindustrialdel.com,Guillermo García,Founder,FOUNDER,EXECUTIVE,ggarcía@grupoindustrialdel.com,VERIFIED,85,+526568736847,2026-09-06T14:31:01.442688+00:00
Industrial Manufacturing & Transformation,GRUPO INDUSTRIAL DEL PACIFICO S.A.B. DE C.V.,grupoindustrialdel.com,Luis Mendoza,Chief Executive Officer (CEO),C_SUITE,EXECUTIVE,lmendoza@grupoindustrialdel.com,VERIFIED,85,+526840603122,2026-09-06T14:31:01.442688+00:00
Industrial Manufacturing & Transformation,GRUPO INDUSTRIAL DEL PACIFICO S.A.B. DE C.V.,grupoindustrialdel.com,Carlos Salinas,Chief Human Resources Officer (CHRO),C_SUITE,HR_PEOPLE,csalinas@grupoindustrialdel.com,VERIFIED,85,+527451569923,2026-09-06T14:31:01.442688+00:00
Industrial Manufacturing & Transformation,GRUPO INDUSTRIAL DEL PACIFICO S.A.B. DE C.V.,grupoindustrialdel.com,Hector Alarcón,Chief Financial Officer (CFO),C_SUITE,FINANCE,halarcón@grupoindustrialdel.com,VERIFIED,85,+527350020283,2026-09-06T14:31:01.442688+00:00
Industrial Manufacturing & Transformation,GRUPO INDUSTRIAL DEL PACIFICO S.A.B. DE C.V.,grupoindustrialdel.com,Fernando Treviño,Chief Operating Officer (COO),C_SUITE,OPERATIONS,ftreviño@grupoindustrialdel.com,VERIFIED,85,+525892024556,2026-09-06T14:31:01.442688+00:00
Industrial Manufacturing & Transformation,GRUPO INDUSTRIAL DEL PACIFICO S.A.B. DE C.V.,grupoindustrialdel.com,Claudia Salinas,Chief Executive Officer (CEO),C_SUITE,EXECUTIVE,csalinas@grupoindustrialdel.com,VERIFIED,85,+527244537101,2026-09-06T14:31:01.442688+00:00
Industrial Manufacturing & Transformation,GRUPO INDUSTRIAL DEL PACIFICO S.A.B. DE C.V.,grupoindustrialdel.com,Daniel Garza,Chief Human Resources Officer (CHRO),C_SUITE,HR_PEOPLE,dgarza@grupoindustrialdel.com,VERIFIED,85,+528419782179,2026-09-06T14:31:01.442688+00:00
Industrial Manufacturing & Transformation,GRUPO INDUSTRIAL DEL PACIFICO S. DE R.L. DE C.V.,grupoindustrialdel.mx,Javier Villaseñor,Chief Executive Officer (CEO),C_SUITE,EXECUTIVE,jvillaseñor@grupoindustrialdel.mx,VERIFIED,85,+527728595259,2026-09-06T14:31:01.442688+00:00
Industrial Manufacturing & Transformation,GRUPO INDUSTRIAL DEL PACIFICO S. DE R.L. DE C.V.,grupoindustrialdel.mx,Miguel Dominguez,Chief Revenue Officer (CRO),C_SUITE,SALES_MARKETING,mdominguez@grupoindustrialdel.mx,VERIFIED,85,+529830322325,2026-09-06T14:31:01.442688+00:00
Industrial Manufacturing & Transformation,GRUPO INDUSTRIAL DEL PACIFICO S. DE R.L. DE C.V.,grupoindustrialdel.mx,Jorge Ruiz,Chief Human Resources Officer (CHRO),C_SUITE,HR_PEOPLE,jruiz@grupoindustrialdel.com.mx,VERIFIED,85,+528397156158,2026-09-06T14:31:01.442688+00:00
Industrial Manufacturing & Transformation,GRUPO INDUSTRIAL DEL PACIFICO S. DE R.L. DE C.V.,grupoindustrialdel.mx,Guillermo Valenzuela,Chief Human Resources Officer (CHRO),C_SUITE,HR_PEOPLE,gvalenzuela@grupoindustrialdel.mx,VERIFIED,85,+524172535037,2026-09-06T14:31:01.442688+00:00
Industrial Manufacturing & Transformation,GRUPO INDUSTRIAL DEL PACIFICO S. DE R.L. DE C.V.,grupoindustrialdel.mx,Mariana Morales,Chief Technology Officer (CTO),C_SUITE,ENGINEERING_IT,mmorales@grupoindustrialdel.mx,VERIFIED,85,+528072451594,2026-09-06T14:31:01.442688+00:00
Industrial Manufacturing & Transformation,GRUPO INDUSTRIAL DEL PACIFICO S. DE R.L. DE C.V.,grupoindustrialdel.mx,Roberto Morales,Chief Executive Officer (CEO),C_SUITE,EXECUTIVE,rmorales@grupoindustrialdel.mx,VERIFIED,85,+526093478560,2026-09-06T14:31:01.442688+00:00
Industrial Manufacturing & Transformation,GRUPO INDUSTRIAL DEL CENTRO S.A.P.I. DE C.V.,grupoindustrialdel.com.mx,Miguel García,Chief Executive Officer (CEO),C_SUITE,EXECUTIVE,mgarcía@grupoindustrialdel.com.mx,VERIFIED,85,+529428514360,2026-09-06T14:31:01.442688+00:00
Industrial Manufacturing & Transformation,GRUPO INDUSTRIAL DEL CENTRO S.A.P.I. DE C.V.,grupoindustrialdel.com.mx,Fernando Dominguez,Chief Human Resources Officer (CHRO),C_SUITE,HR_PEOPLE,fdominguez@grupoindustrialdel.com.mx,VERIFIED,85,+528214717296,2026-09-06T14:31:01.442688+00:00
Industrial Manufacturing & Transformation,GRUPO INDUSTRIAL DEL CENTRO S.A.P.I. DE C.V.,grupoindustrialdel.com.mx,Luis Castro,Chief Executive Officer (CEO),C_SUITE,EXECUTIVE,lcastro@grupoindustrialdel.com.mx,VERIFIED,85,+524210911679,2026-09-06T14:31:01.442688+00:00
Industrial Manufacturing & Transformation,GRUPO INDUSTRIAL DEL CENTRO S.A.P.I. DE C.V.,grupoindustrialdel.com.mx,Guillermo Castro,Chief Financial Officer (CFO),C_SUITE,FINANCE,gcastro@grupoindustrialdel.com.mx,VERIFIED,85,+528165616669,2026-09-06T14:31:01.442688+00:00
Industrial Manufacturing & Transformation,GRUPO INDUSTRIAL AVANZADA S.A.S.,grupoindustrialava.com,Claudia González,Chief Executive Officer (CEO),C_SUITE,EXECUTIVE,cgonzález@grupoindustrialava.com,VERIFIED,85,+524611225288,2026-09-06T14:31:01.442688+00:00
Industrial Manufacturing & Transformation,GRUPO INDUSTRIAL INTEGRAL S.A.P.I. DE C.V.,grupoindustrialint.com.mx,Claudia Martínez,Chief Revenue Officer (CRO),C_SUITE,SALES_MARKETING,cmartínez@grupoindustrialint.com.mx,VERIFIED,85,+529097142668,2026-09-06T14:31:01.442688+00:00
Industrial Manufacturing & Transformation,GRUPO INDUSTRIAL INTEGRAL S.A.P.I. DE C.V.,grupoindustrialint.com.mx,Javier Villaseñor,Chief Operating Officer (COO),C_SUITE,OPERATIONS,jvillaseñor@grupoindustrialint.com.mx,VERIFIED,85,+524131594207,2026-09-06T14:31:01.442688+00:00
Industrial Manufacturing & Transformation,GRUPO INDUSTRIAL ESPECIALIZADA S.C.,grupoindustrialesp.mx,Patricia Martínez,Founder,FOUNDER,EXECUTIVE,pmartínez@grupoindustrialesp.mx,VERIFIED,85,+529554735445,2026-09-06T14:31:01.442688+00:00
Industrial Manufacturing & Transformation,GRUPO INDUSTRIAL CENTRAL S. DE R.L. DE C.V.,grupoindustrialcen.com.mx,Adriana Dominguez,Chief Human Resources Officer (CHRO),C_SUITE,HR_PEOPLE,adominguez@grupoindustrialcen.com.mx,VERIFIED,85,+529038857295,2026-09-06T14:31:01.442688+00:00
Industrial Manufacturing & Transformation,GRUPO INDUSTRIAL CENTRAL S. DE R.L. DE C.V.,grupoindustrialcen.com.mx,Miguel Castro,Chief Operating Officer (COO),C_SUITE,OPERATIONS,mcastro@grupoindustrialcen.com.mx,VERIFIED,85,+526868246486,2026-09-06T14:31:01.442688+00:00
Industrial Manufacturing & Transformation,GRUPO INDUSTRIAL MODERNA S.A.P.I. DE C.V.,grupoindustrialmod.com,Carlos Garza,Chief Executive Officer (CEO),C_SUITE,EXECUTIVE,cgarza@grupoindustrialmod.com,VERIFIED,85,+527369364595,2026-09-06T14:31:01.442688+00:00
Industrial Manufacturing & Transformation,GRUPO INDUSTRIAL MODERNA S.A.P.I. DE C.V.,grupoindustrialmod.com,Javier Mendoza,Chief Executive Officer (CEO),C_SUITE,EXECUTIVE,jmendoza@grupoindustrialmod.com,VERIFIED,85,+529777435336,2026-09-06T14:31:01.442688+00:00
Industrial Manufacturing & Transformation,GRUPO INDUSTRIAL MODERNA S.A.P.I. DE C.V.,grupoindustrialmod.com,Eduardo Salinas,Chief Revenue Officer (CRO),C_SUITE,SALES_MARKETING,esalinas@grupoindustrialmod.mx,VERIFIED,85,+526648743501,2026-09-06T14:31:01.442688+00:00
Industrial Manufacturing & Transformation,GRUPO INDUSTRIAL GLOBAL S.C.,grupoindustrialglo.mx,Roberto Garza,Chief Executive Officer (CEO),C_SUITE,EXECUTIVE,rgarza@grupoindustrialglo.mx,VERIFIED,85,+527666102566,2026-09-06T14:31:01.442688+00:00
Industrial Manufacturing & Transformation,GRUPO INDUSTRIAL NACIONAL 19 S.C.,grupoindustrialnac.com,Hector Garza,Chief Human Resources Officer (CHRO),C_SUITE,HR_PEOPLE,hgarza@grupoindustrialnac.com,VERIFIED,85,+524955946997,2026-09-06T14:31:01.442688+00:00
Industrial Manufacturing & Transformation,GRUPO INDUSTRIAL AVANZADA 64 S. DE R.L. DE C.V.,grupoindustrialava.com.mx,Daniel Hernández,Chief Technology Officer (CTO),C_SUITE,ENGINEERING_IT,dhernández@grupoindustrialava.com.mx,VERIFIED,85,+527428784747,2026-09-06T14:31:01.442688+00:00
Industrial Manufacturing & Transformation,GRUPO INDUSTRIAL AVANZADA 64 S. DE R.L. DE C.V.,grupoindustrialava.com.mx,Miguel López,Chief Human Resources Officer (CHRO),C_SUITE,HR_PEOPLE,mlópez@grupoindustrialava.com.mx,VERIFIED,85,+525281249493,2026-09-06T14:31:01.442688+00:00
Industrial Manufacturing & Transformation,GRUPO INDUSTRIAL NACIONAL 7 S.A. DE C.V.,grupoindustrialnac.com.mx,Mariana García,Chief Revenue Officer (CRO),C_SUITE,SALES_MARKETING,mgarcía@grupoindustrialnac.com.mx,VERIFIED,85,+526530162148,2026-09-06T14:31:01.442688+00:00
Industrial Manufacturing & Transformation,GRUPO INDUSTRIAL LATINOAMERICANA 14 S.A.P.I. DE C.V.,grupoindustriallat.mx,Carlos López,Founder,FOUNDER,EXECUTIVE,clópez@grupoindustriallat.mx,VERIFIED,85,+526598103889,2026-09-06T14:31:01.442688+00:00
Industrial Manufacturing & Transformation,GRUPO INDUSTRIAL LATINOAMERICANA 14 S.A.P.I. DE C.V.,grupoindustriallat.mx,Patricia Dominguez,Chief Human Resources Officer (CHRO),C_SUITE,HR_PEOPLE,pdominguez@grupoindustriallat.mx,VERIFIED,85,+526166907513,2026-09-06T14:31:01.442688+00:00
Industrial Manufacturing & Transformation,GRUPO INDUSTRIAL INDUSTRIAL S.A.P.I. DE C.V.,grupoindustrialind.com.mx,Alejandro Mendoza,Chief Revenue Officer (CRO),C_SUITE,SALES_MARKETING,amendoza@grupoindustrialind.com.mx,VERIFIED,85,+526630547606,2026-09-06T14:31:01.442688+00:00
Industrial Manufacturing & Transformation,GRUPO INDUSTRIAL INTERNACIONAL 19 S.A. DE C.V.,grupoindustrialint.mx,Carlos Navarro,Chief Revenue Officer (CRO),C_SUITE,SALES_MARKETING,cnavarro@grupoindustrialint.mx,VERIFIED,85,+528669186689,2026-09-06T14:31:01.442688+00:00
Industrial Manufacturing & Transformation,GRUPO INDUSTRIAL GLOBAL S.A.B. DE C.V.,grupoindustrialglo.com.mx,Adriana Dominguez,Chief Executive Officer (CEO),C_SUITE,EXECUTIVE,adominguez@grupoindustrialglo.com.mx,VERIFIED,85,+524645986406,2026-09-06T14:31:01.442688+00:00
Industrial Manufacturing & Transformation,GRUPO INDUSTRIAL EMPRESARIAL S.A.B. DE C.V.,grupoindustrialemp.mx,Guillermo Salinas,Chief Technology Officer (CTO),C_SUITE,ENGINEERING_IT,gsalinas@grupoindustrialemp.mx,VERIFIED,85,+526496082179,2026-09-06T14:31:01.442688+00:00
Industrial Manufacturing & Transformation,GRUPO INDUSTRIAL INTEGRAL S.A.B. DE C.V.,grupoindustrialint.com,Miguel Hernández,Chief Human Resources Officer (CHRO),C_SUITE,HR_PEOPLE,mhernández@grupoindustrialint.com,VERIFIED,85,+524439334673,2026-09-06T14:31:01.442688+00:00
Industrial Manufacturing & Transformation,GRUPO INDUSTRIAL DINAMICA S.A.S.,grupoindustrialdin.com,Luis Vega,Chief Executive Officer (CEO),C_SUITE,EXECUTIVE,lvega@grupoindustrialdin.com,VERIFIED,85,+527199617202,2026-09-06T14:31:01.442688+00:00
Industrial Manufacturing & Transformation,GRUPO INDUSTRIAL LATINOAMERICANA S.A.S.,grupoindustriallat.com.mx,Alejandro Castro,Chief Executive Officer (CEO),C_SUITE,EXECUTIVE,acastro@grupoindustriallat.com.mx,VERIFIED,85,+524197356275,2026-09-06T14:31:01.442688+00:00
Industrial Manufacturing & Transformation,TRANSFORMADORA DE LAS AMERICAS S.A.P.I. DE C.V.,transformadoradela.com,Fernando Castro,Chief Executive Officer (CEO),C_SUITE,EXECUTIVE,fcastro@transformadoradela.com,VERIFIED,85,+526132806252,2026-09-06T14:31:01.442688+00:00
Industrial Manufacturing & Transformation,TRANSFORMADORA DE LAS AMERICAS S.A.P.I. DE C.V.,transformadoradela.com,Rodrigo Dominguez,Chief Executive Officer (CEO),C_SUITE,EXECUTIVE,rdominguez@transformadoradela.com,VERIFIED,85,+524916543635,2026-09-06T14:31:01.442688+00:00
Industrial Manufacturing & Transformation,TRANSFORMADORA DE LAS AMERICAS S.A. DE C.V.,transformadoradela.mx,Miguel Salinas,Chief Financial Officer (CFO),C_SUITE,FINANCE,msalinas@transformadoradela.mx,VERIFIED,85,+527014777235,2026-09-06T14:31:01.442688+00:00
Industrial Manufacturing & Transformation,TRANSFORMADORA DE OCCIDENTE S.A.B. DE C.V.,transformadoradeoc.com,Claudia Vega,Chief Operating Officer (COO),C_SUITE,OPERATIONS,cvega@transformadoradeoc.com,VERIFIED,85,+525428589063,2026-09-06T14:31:01.442688+00:00
Industrial Manufacturing & Transformation,TRANSFORMADORA DE OCCIDENTE S.A.B. DE C.V.,transformadoradeoc.com,Javier Hernández,Chief Revenue Officer (CRO),C_SUITE,SALES_MARKETING,jhernández@transformadoradeoc.mx,VERIFIED,85,+529589412237,2026-09-06T14:31:01.442688+00:00
Industrial Manufacturing & Transformation,TRANSFORMADORA DE OCCIDENTE S.A.B. DE C.V.,transformadoradeoc.com,Rodrigo Castro,Chief Technology Officer (CTO),C_SUITE,ENGINEERING_IT,rcastro@transformadoradeoc.com,VERIFIED,85,+525536266322,2026-09-06T14:31:01.442688+00:00
Industrial Manufacturing & Transformation,TRANSFORMADORA DE LAS AMERICAS 1 S.A.B. DE C.V.,transformadoradela.com.mx,Miguel Benítez,Chief Executive Officer (CEO),C_SUITE,EXECUTIVE,mbenítez@transformadoradela.com.mx,VERIFIED,85,+526712777542,2026-09-06T14:31:01.442688+00:00
Industrial Manufacturing & Transformation,TRANSFORMADORA DE OCCIDENTE S.C.,transformadoradeoc.com.mx,Fernando Garza,Chief Revenue Officer (CRO),C_SUITE,SALES_MARKETING,fgarza@transformadoradeoc.com.mx,VERIFIED,85,+525997547185,2026-09-06T14:31:01.442688+00:00
Industrial Manufacturing & Transformation,TRANSFORMADORA DE OCCIDENTE S.C.,transformadoradeoc.com.mx,Javier Salinas,Chief Operating Officer (COO),C_SUITE,OPERATIONS,jsalinas@transformadoradeoc.com.mx,VERIFIED,85,+526532480534,2026-09-06T14:31:01.442688+00:00
Industrial Manufacturing & Transformation,TRANSFORMADORA LATINOAMERICANA S.A.P.I. DE C.V.,transformadoralati.com.mx,Daniel López,Chief Operating Officer (COO),C_SUITE,OPERATIONS,dlópez@transformadoralati.com.mx,VERIFIED,85,+523311516537,2026-09-06T14:31:01.442688+00:00
Industrial Manufacturing & Transformation,TRANSFORMADORA LATINOAMERICANA S.A.P.I. DE C.V.,transformadoralati.com.mx,Mariana Villaseñor,Chief Technology Officer (CTO),C_SUITE,ENGINEERING_IT,mvillaseñor@transformadoralati.com.mx,VERIFIED,85,+523360323901,2026-09-06T14:31:01.442688+00:00
Industrial Manufacturing & Transformation,TRANSFORMADORA LATINOAMERICANA S.A.P.I. DE C.V.,transformadoralati.com.mx,Fernando Hernández,Chief Executive Officer (CEO),C_SUITE,EXECUTIVE,fhernández@transformadoralati.com.mx,VERIFIED,85,+523387885318,2026-09-06T14:31:01.442688+00:00
Industrial Manufacturing & Transformation,TRANSFORMADORA LATINOAMERICANA S.A.S.,transformadoralati.com,Javier Dominguez,Founder,FOUNDER,EXECUTIVE,jdominguez@transformadoralati.com,VERIFIED,85,+523344145675,2026-09-06T14:31:01.442688+00:00
Industrial Manufacturing & Transformation,TRANSFORMADORA LATINOAMERICANA S.A.S.,transformadoralati.com,Adriana González,Chief Executive Officer (CEO),C_SUITE,EXECUTIVE,agonzález@transformadoralati.com,VERIFIED,85,+523350086574,2026-09-06T14:31:01.442688+00:00
Industrial Manufacturing & Transformation,METALURGICA CENTRAL S.A.P.I. DE C.V.,metalurgicacentral.com,Rodrigo Dominguez,Chief Executive Officer (CEO),C_SUITE,EXECUTIVE,rdominguez@metalurgicacentral.com,VERIFIED,85,+528185318037,2026-09-06T14:31:01.442688+00:00
Industrial Manufacturing & Transformation,METALURGICA CENTRAL S.A.P.I. DE C.V.,metalurgicacentral.com,Claudia Mendoza,Chief Revenue Officer (CRO),C_SUITE,SALES_MARKETING,cmendoza@metalurgicacentral.com,VERIFIED,85,+528169911484,2026-09-06T14:31:01.442688+00:00
Industrial Manufacturing & Transformation,METALURGICA CENTRAL S.A.P.I. DE C.V.,metalurgicacentral.com,Alejandro Villaseñor,Chief Operating Officer (COO),C_SUITE,OPERATIONS,avillaseñor@metalurgicacentral.com.mx,VERIFIED,85,+528147459949,2026-09-06T14:31:01.442688+00:00
Industrial Manufacturing & Transformation,METALURGICA CENTRAL S.A.P.I. DE C.V.,metalurgicacentral.com,Guillermo Alarcón,Chief Executive Officer (CEO),C_SUITE,EXECUTIVE,galarcón@metalurgicacentral.mx,VERIFIED,85,+528179941907,2026-09-06T14:31:01.442688+00:00
Industrial Manufacturing & Transformation,METALURGICA CENTRAL 88 S.A. DE C.V.,metalurgicacentral.mx,Adriana Valenzuela,Founder,FOUNDER,EXECUTIVE,avalenzuela@metalurgicacentral.mx,VERIFIED,85,+528145658987,2026-09-06T14:31:01.442688+00:00
Industrial Manufacturing & Transformation,TRANSFORMADORA DINAMICA S.A.B. DE C.V.,transformadoradina.com.mx,Patricia Villaseñor,Chief Technology Officer (CTO),C_SUITE,ENGINEERING_IT,pvillaseñor@transformadoradina.com.mx,VERIFIED,85,+523320305253,2026-09-06T14:31:01.442688+00:00
Industrial Manufacturing & Transformation,TRANSFORMADORA DINAMICA S.A.B. DE C.V.,transformadoradina.com.mx,Adriana Valenzuela,Chief Executive Officer (CEO),C_SUITE,EXECUTIVE,avalenzuela@transformadoradina.com.mx,VERIFIED,85,+523326519736,2026-09-06T14:31:01.442688+00:00
Industrial Manufacturing & Transformation,TRANSFORMADORA DINAMICA 45 S.A.P.I. DE C.V.,transformadoradina.mx,Patricia Navarro,Chief Technology Officer (CTO),C_SUITE,ENGINEERING_IT,pnavarro@transformadoradina.mx,VERIFIED,85,+523334171012,2026-09-06T14:31:01.442688+00:00
Industrial Manufacturing & Transformation,TRANSFORMADORA DINAMICA 45 S.A.P.I. DE C.V.,transformadoradina.mx,Gabriel Villaseñor,Chief Technology Officer (CTO),C_SUITE,ENGINEERING_IT,gvillaseñor@transformadoradina.mx,VERIFIED,85,+523391955374,2026-09-06T14:31:01.442688+00:00
Industrial Manufacturing & Transformation,TRANSFORMADORA DINAMICA 45 S.A.P.I. DE C.V.,transformadoradina.mx,Guillermo Salinas,Chief Executive Officer (CEO),C_SUITE,EXECUTIVE,gsalinas@transformadoradina.mx,VERIFIED,85,+523367785382,2026-09-06T14:31:01.442688+00:00
Industrial Manufacturing & Transformation,TRANSFORMADORA DINAMICA 45 S.A.P.I. DE C.V.,transformadoradina.mx,Patricia González,Chief Executive Officer (CEO),C_SUITE,EXECUTIVE,pgonzález@transformadoradina.mx,VERIFIED,85,+523340076153,2026-09-06T14:31:01.442688+00:00
Industrial Manufacturing & Transformation,TRANSFORMADORA DINAMICA S.C.,transformadoradina.com,Adriana Morales,Chief Operating Officer (COO),C_SUITE,OPERATIONS,amorales@transformadoradina.com,VERIFIED,85,+523395816326,2026-09-06T14:31:01.442688+00:00
Industrial Manufacturing & Transformation,TRANSFORMADORA DINAMICA S.C.,transformadoradina.com,Hector Ruiz,Chief Revenue Officer (CRO),C_SUITE,SALES_MARKETING,hruiz@transformadoradina.com,VERIFIED,85,+523317464276,2026-09-06T14:31:01.442688+00:00
Industrial Manufacturing & Transformation,TRANSFORMADORA DE OCCIDENTE S.A.B. DE C.V.,transformadoradeoc.mx,Mariana López,Chief Executive Officer (CEO),C_SUITE,EXECUTIVE,mlópez@transformadoradeoc.mx,VERIFIED,85,+528159456553,2026-09-06T14:31:01.442688+00:00
Industrial Manufacturing & Transformation,TRANSFORMADORA DE LAS AMERICAS S.A. DE C.V.,transformadoradela.com,Adriana Villaseñor,Chief Technology Officer (CTO),C_SUITE,ENGINEERING_IT,avillaseñor@transformadoradela.com,VERIFIED,85,+528149541678,2026-09-06T14:31:01.442688+00:00
Industrial Manufacturing & Transformation,TRANSFORMADORA DE LAS AMERICAS S.A. DE C.V.,transformadoradela.com,Alejandro Valenzuela,Chief Executive Officer (CEO),C_SUITE,EXECUTIVE,avalenzuela@transformadoradela.com,VERIFIED,85,+528127728408,2026-09-06T14:31:01.442688+00:00
Industrial Manufacturing & Transformation,TRANSFORMADORA DE LAS AMERICAS S.A. DE C.V.,transformadoradela.com,Claudia García,Chief Operating Officer (COO),C_SUITE,OPERATIONS,cgarcía@transformadoradela.com,VERIFIED,85,+528188635645,2026-09-06T14:31:01.442688+00:00
Industrial Manufacturing & Transformation,TRANSFORMADORA DE OCCIDENTE S.A.S.,transformadoradeoc.com,Gabriel Martínez,Chief Operating Officer (COO),C_SUITE,OPERATIONS,gmartínez@transformadoradeoc.com,VERIFIED,85,+528184420107,2026-09-06T14:31:01.442688+00:00
Industrial Manufacturing & Transformation,TRANSFORMADORA DE OCCIDENTE S.C.,transformadoradeoc.com.mx,Miguel Navarro,Chief Revenue Officer (CRO),C_SUITE,SALES_MARKETING,mnavarro@transformadoradeoc.com.mx,VERIFIED,85,+528137154393,2026-09-06T14:31:01.442688+00:00
Industrial Manufacturing & Transformation,METALURGICA EMPRESARIAL S. DE R.L. DE C.V.,metalurgicaempresa.com.mx,Sofia Ruiz,Chief Executive Officer (CEO),C_SUITE,EXECUTIVE,sruiz@metalurgicaempresa.com.mx,VERIFIED,85,+527179578938,2026-09-06T14:31:01.452959+00:00
Industrial Manufacturing & Transformation,METALURGICA EMPRESARIAL S.C.,metalurgicaempresa.mx,Guillermo Castro,Chief Executive Officer (CEO),C_SUITE,EXECUTIVE,gcastro@metalurgicaempresa.mx,VERIFIED,85,+525612281277,2026-09-06T14:31:01.452959+00:00
Industrial Manufacturing & Transformation,METALURGICA EMPRESARIAL S.C.,metalurgicaempresa.mx,Roberto Martínez,Chief Executive Officer (CEO),C_SUITE,EXECUTIVE,rmartínez@metalurgicaempresa.mx,VERIFIED,85,+524542907336,2026-09-06T14:31:01.452959+00:00
Industrial Manufacturing & Transformation,METALURGICA INTERNACIONAL S. DE R.L. DE C.V.,metalurgicainterna.com.mx,Guillermo Morales,Chief Executive Officer (CEO),C_SUITE,EXECUTIVE,gmorales@metalurgicainterna.com.mx,VERIFIED,85,+529611442273,2026-09-06T14:31:01.452959+00:00
Industrial Manufacturing & Transformation,METALURGICA INTERNACIONAL S. DE R.L. DE C.V.,metalurgicainterna.com.mx,Gabriel Hernández,Chief Technology Officer (CTO),C_SUITE,ENGINEERING_IT,ghernández@metalurgicainterna.com,VERIFIED,85,+527720706890,2026-09-06T14:31:01.452959+00:00
Industrial Manufacturing & Transformation,TRANSFORMADORA INTEGRAL S.C.,transformadorainte.com.mx,Fernando López,Chief Operating Officer (COO),C_SUITE,OPERATIONS,flópez@transformadorainte.com.mx,VERIFIED,85,+528198657042,2026-09-06T14:31:01.459264+00:00
Industrial Manufacturing & Transformation,TRANSFORMADORA INTEGRAL S.C.,transformadorainte.com.mx,Eduardo Alarcón,Chief Executive Officer (CEO),C_SUITE,EXECUTIVE,ealarcón@transformadorainte.com.mx,VERIFIED,85,+528162384671,2026-09-06T14:31:01.459264+00:00
Industrial Manufacturing & Transformation,TRANSFORMADORA INTEGRAL S.A.B. DE C.V.,transformadorainte.com,Mariana González,Chief Financial Officer (CFO),C_SUITE,FINANCE,mgonzález@transformadorainte.com,VERIFIED,85,+528175460576,2026-09-06T14:31:01.459264+00:00
Industrial Manufacturing & Transformation,TRANSFORMADORA INTEGRAL S.A. DE C.V.,transformadorainte.mx,Daniel González,Chief Revenue Officer (CRO),C_SUITE,SALES_MARKETING,dgonzález@transformadorainte.mx,VERIFIED,85,+528135346357,2026-09-06T14:31:01.459264+00:00
Industrial Manufacturing & Transformation,TRANSFORMADORA MODERNA S.C.,transformadoramode.mx,Miguel Valenzuela,Chief Executive Officer (CEO),C_SUITE,EXECUTIVE,mvalenzuela@transformadoramode.mx,VERIFIED,85,+528214514629,2026-09-06T14:31:01.459264+00:00
Industrial Manufacturing & Transformation,TRANSFORMADORA MODERNA S.C.,transformadoramode.mx,David Morales,Chief Executive Officer (CEO),C_SUITE,EXECUTIVE,dmorales@transformadoramode.mx,VERIFIED,85,+526376869755,2026-09-06T14:31:01.459264+00:00
Industrial Manufacturing & Transformation,TRANSFORMADORA MODERNA S.C.,transformadoramode.mx,Eduardo Dominguez,Chief Executive Officer (CEO),C_SUITE,EXECUTIVE,edominguez@transformadoramode.com.mx,VERIFIED,85,+528450177748,2026-09-06T14:31:01.459264+00:00
Industrial Manufacturing & Transformation,TRANSFORMADORA MODERNA 41 S. DE R.L. DE C.V.,transformadoramode.com.mx,Carlos Navarro,Chief Technology Officer (CTO),C_SUITE,ENGINEERING_IT,cnavarro@transformadoramode.com.mx,VERIFIED,85,+529926531580,2026-09-06T14:31:01.459264+00:00
Industrial Manufacturing & Transformation,GRUPO INDUSTRIAL DE LAS AMERICAS 69 S. DE R.L. DE C.V.,grupoindustrialdel.com,David Mendoza,Chief Operating Officer (COO),C_SUITE,OPERATIONS,dmendoza@grupoindustrialdel.com,VERIFIED,85,+526498531913,2026-09-06T14:31:01.459264+00:00
Industrial Manufacturing & Transformation,GRUPO INDUSTRIAL DE LAS AMERICAS 69 S. DE R.L. DE C.V.,grupoindustrialdel.com,Guillermo Dominguez,Chief Executive Officer (CEO),C_SUITE,EXECUTIVE,gdominguez@grupoindustrialdel.com,VERIFIED,85,+524358701842,2026-09-06T14:31:01.459264+00:00
Industrial Manufacturing & Transformation,GRUPO INDUSTRIAL DE LAS AMERICAS 69 S. DE R.L. DE C.V.,grupoindustrialdel.com,Guillermo Valenzuela,Chief Financial Officer (CFO),C_SUITE,FINANCE,gvalenzuela@grupoindustrialdel.com,VERIFIED,85,+529482600823,2026-09-06T14:31:01.459264+00:00
Industrial Manufacturing & Transformation,GRUPO INDUSTRIAL DE LAS AMERICAS 69 S. DE R.L. DE C.V.,grupoindustrialdel.com,Javier Treviño,Chief Executive Officer (CEO),C_SUITE,EXECUTIVE,jtreviño@grupoindustrialdel.com,VERIFIED,85,+526212640603,2026-09-06T14:31:01.459264+00:00
Industrial Manufacturing & Transformation,GRUPO INDUSTRIAL DE LAS AMERICAS 69 S. DE R.L. DE C.V.,grupoindustrialdel.com,Javier Ruiz,Chief Executive Officer (CEO),C_SUITE,EXECUTIVE,jruiz@grupoindustrialdel.com,VERIFIED,85,+527492475006,2026-09-06T14:31:01.459264+00:00
Industrial Manufacturing & Transformation,GRUPO INDUSTRIAL DE LAS AMERICAS 69 S. DE R.L. DE C.V.,grupoindustrialdel.com,Guillermo Treviño,Chief Technology Officer (CTO),C_SUITE,ENGINEERING_IT,gtreviño@grupoindustrialdel.com,VERIFIED,85,+526753957116,2026-09-06T14:31:01.459264+00:00
Industrial Manufacturing & Transformation,GRUPO INDUSTRIAL INTEGRAL S.A.B. DE C.V.,grupoindustrialint.mx,Rodrigo Dominguez,Chief Operating Officer (COO),C_SUITE,OPERATIONS,rdominguez@grupoindustrialint.mx,VERIFIED,85,+525098458311,2026-09-06T14:31:01.459264+00:00
Industrial Manufacturing & Transformation,GRUPO INDUSTRIAL INTEGRAL S.A.B. DE C.V.,grupoindustrialint.mx,Alejandro Ruiz,Chief Human Resources Officer (CHRO),C_SUITE,HR_PEOPLE,aruiz@grupoindustrialint.mx,VERIFIED,85,+528831102435,2026-09-06T14:31:01.459264+00:00
Industrial Manufacturing & Transformation,GRUPO INDUSTRIAL INTEGRAL S.A.B. DE C.V.,grupoindustrialint.mx,Roberto Benítez,Chief Operating Officer (COO),C_SUITE,OPERATIONS,rbenítez@grupoindustrialint.mx,VERIFIED,85,+528580275142,2026-09-06T14:31:01.459264+00:00
Industrial Manufacturing & Transformation,GRUPO INDUSTRIAL MEXICANA 67 S.A.P.I. DE C.V.,grupoindustrialmex.mx,Roberto Salinas,Chief Human Resources Officer (CHRO),C_SUITE,HR_PEOPLE,rsalinas@grupoindustrialmex.mx,VERIFIED,85,+527076514816,2026-09-06T14:31:01.459264+00:00
Industrial Manufacturing & Transformation,GRUPO INDUSTRIAL MEXICANA 67 S.A.P.I. DE C.V.,grupoindustrialmex.mx,David Hernández,Chief Financial Officer (CFO),C_SUITE,FINANCE,dhernández@grupoindustrialmex.mx,VERIFIED,85,+528253020482,2026-09-06T14:31:01.459264+00:00
Industrial Manufacturing & Transformation,GRUPO INDUSTRIAL DE OCCIDENTE S.C.,grupoindustrialdeo.mx,Patricia González,Chief Human Resources Officer (CHRO),C_SUITE,HR_PEOPLE,pgonzález@grupoindustrialdeo.mx,VERIFIED,85,+527653581627,2026-09-06T14:31:01.459264+00:00
Industrial Manufacturing & Transformation,GRUPO INDUSTRIAL INTEGRAL S.A.S.,grupoindustrialint.com.mx,Andrea Alarcón,Chief Technology Officer (CTO),C_SUITE,ENGINEERING_IT,aalarcón@grupoindustrialint.com.mx,VERIFIED,85,+527115170311,2026-09-06T14:31:01.459264+00:00
Industrial Manufacturing & Transformation,GRUPO INDUSTRIAL INTEGRAL S.A.S.,grupoindustrialint.com.mx,Gabriel González,Chief Revenue Officer (CRO),C_SUITE,SALES_MARKETING,ggonzález@grupoindustrialint.com.mx,VERIFIED,85,+527131097901,2026-09-06T14:31:01.459264+00:00
Industrial Manufacturing & Transformation,GRUPO INDUSTRIAL DEL NORTE S. DE R.L. DE C.V.,grupoindustrialdel.com.mx,Mariana Castro,Chief Financial Officer (CFO),C_SUITE,FINANCE,mcastro@grupoindustrialdel.com.mx,VERIFIED,85,+525195099249,2026-09-06T14:31:01.459264+00:00
Industrial Manufacturing & Transformation,GRUPO INDUSTRIAL DEL NORTE S. DE R.L. DE C.V.,grupoindustrialdel.com.mx,Miguel Hernández,Chief Revenue Officer (CRO),C_SUITE,SALES_MARKETING,mhernández@grupoindustrialdel.com.mx,VERIFIED,85,+524348595747,2026-09-06T14:31:01.459264+00:00
Industrial Manufacturing & Transformation,GRUPO INDUSTRIAL DEL NORTE S. DE R.L. DE C.V.,grupoindustrialdel.com.mx,Luis Vega,Founder,FOUNDER,EXECUTIVE,lvega@grupoindustrialdel.com.mx,VERIFIED,85,+525239247295,2026-09-06T14:31:01.459264+00:00
Industrial Manufacturing & Transformation,GRUPO INDUSTRIAL DEL NORTE S. DE R.L. DE C.V.,grupoindustrialdel.com.mx,Rodrigo Martínez,Chief Human Resources Officer (CHRO),C_SUITE,HR_PEOPLE,rmartínez@grupoindustrialdel.com.mx,VERIFIED,85,+529081888461,2026-09-06T14:31:01.459264+00:00
Industrial Manufacturing & Transformation,GRUPO INDUSTRIAL ESTRATEGICA 20 S.C.,grupoindustrialest.com.mx,Sofia Valenzuela,Chief Executive Officer (CEO),C_SUITE,EXECUTIVE,svalenzuela@grupoindustrialest.com.mx,VERIFIED,85,+526968627618,2026-09-06T14:31:01.459264+00:00
Industrial Manufacturing & Transformation,GRUPO INDUSTRIAL DINAMICA 17 S.C.,grupoindustrialdin.mx,Rodrigo Martínez,Chief Executive Officer (CEO),C_SUITE,EXECUTIVE,rmartínez@grupoindustrialdin.mx,VERIFIED,85,+528425661081,2026-09-06T14:31:01.459264+00:00
Industrial Manufacturing & Transformation,GRUPO INDUSTRIAL MODERNA S.A.B. DE C.V.,grupoindustrialmod.com.mx,Jorge Vega,Chief Revenue Officer (CRO),C_SUITE,SALES_MARKETING,jvega@grupoindustrialmod.com.mx,VERIFIED,85,+527544523885,2026-09-06T14:31:01.459264+00:00
Industrial Manufacturing & Transformation,GRUPO INDUSTRIAL MODERNA S.A.B. DE C.V.,grupoindustrialmod.com.mx,Andrea Valenzuela,Chief Human Resources Officer (CHRO),C_SUITE,HR_PEOPLE,avalenzuela@grupoindustrialmod.com.mx,VERIFIED,85,+527537480156,2026-09-06T14:31:01.459264+00:00
Industrial Manufacturing & Transformation,GRUPO INDUSTRIAL GLOBAL S. DE R.L. DE C.V.,grupoindustrialglo.com.mx,Eduardo Hernández,Chief Human Resources Officer (CHRO),C_SUITE,HR_PEOPLE,ehernández@grupoindustrialglo.com.mx,VERIFIED,85,+528321240261,2026-09-06T14:31:01.459264+00:00
Industrial Manufacturing & Transformation,GRUPO INDUSTRIAL GLOBAL S. DE R.L. DE C.V.,grupoindustrialglo.com.mx,Daniel González,Chief Operating Officer (COO),C_SUITE,OPERATIONS,dgonzález@grupoindustrialglo.com,VERIFIED,85,+524394872859,2026-09-06T14:31:01.459264+00:00
Industrial Manufacturing & Transformation,GRUPO INDUSTRIAL GLOBAL S. DE R.L. DE C.V.,grupoindustrialglo.com.mx,Hector Treviño,Chief Revenue Officer (CRO),C_SUITE,SALES_MARKETING,htreviño@grupoindustrialglo.com.mx,VERIFIED,85,+529167744925,2026-09-06T14:31:01.459264+00:00
Industrial Manufacturing & Transformation,GRUPO INDUSTRIAL DE OCCIDENTE S.A.B. DE C.V.,grupoindustrialdeo.com.mx,Gabriel García,Chief Executive Officer (CEO),C_SUITE,EXECUTIVE,ggarcía@grupoindustrialdeo.com.mx,VERIFIED,85,+525229976692,2026-09-06T14:31:01.459264+00:00
Industrial Manufacturing & Transformation,GRUPO INDUSTRIAL DE OCCIDENTE S.A.B. DE C.V.,grupoindustrialdeo.com.mx,Andrea Villaseñor,Chief Executive Officer (CEO),C_SUITE,EXECUTIVE,avillaseñor@grupoindustrialdeo.com.mx,VERIFIED,85,+526873992351,2026-09-06T14:31:01.459264+00:00
Industrial Manufacturing & Transformation,GRUPO INDUSTRIAL DEL BAJIO S.C.,grupoindustrialdel.mx,Jorge Hernández,Chief Financial Officer (CFO),C_SUITE,FINANCE,jhernández@grupoindustrialdel.mx,VERIFIED,85,+529760932757,2026-09-06T14:31:01.459264+00:00
Industrial Manufacturing & Transformation,GRUPO INDUSTRIAL DEL BAJIO S.C.,grupoindustrialdel.mx,Mariana Salinas,Chief Technology Officer (CTO),C_SUITE,ENGINEERING_IT,msalinas@grupoindustrialdel.mx,VERIFIED,85,+525494209892,2026-09-06T14:31:01.459264+00:00
Industrial Manufacturing & Transformation,GRUPO INDUSTRIAL DEL BAJIO S.C.,grupoindustrialdel.mx,Sofia Mendoza,Chief Executive Officer (CEO),C_SUITE,EXECUTIVE,smendoza@grupoindustrialdel.mx,VERIFIED,85,+528725295518,2026-09-06T14:31:01.459264+00:00
Industrial Manufacturing & Transformation,GRUPO INDUSTRIAL DEL BAJIO S.C.,grupoindustrialdel.mx,Claudia Garza,Chief Technology Officer (CTO),C_SUITE,ENGINEERING_IT,cgarza@grupoindustrialdel.mx,VERIFIED,85,+526622598876,2026-09-06T14:31:01.459264+00:00
Industrial Manufacturing & Transformation,GRUPO INDUSTRIAL LATINOAMERICANA S.A.B. DE C.V.,grupoindustriallat.com.mx,Sofia García,Chief Revenue Officer (CRO),C_SUITE,SALES_MARKETING,sgarcía@grupoindustriallat.com.mx,VERIFIED,85,+529620519479,2026-09-06T14:31:01.459264+00:00
Industrial Manufacturing & Transformation,GRUPO INDUSTRIAL LATINOAMERICANA S.A.B. DE C.V.,grupoindustriallat.com.mx,Hector Valenzuela,Chief Financial Officer (CFO),C_SUITE,FINANCE,hvalenzuela@grupoindustriallat.com.mx,VERIFIED,85,+526711779556,2026-09-06T14:31:01.459264+00:00
Industrial Manufacturing & Transformation,GRUPO INDUSTRIAL LATINOAMERICANA S.A.B. DE C.V.,grupoindustriallat.com.mx,Fernando Villaseñor,Chief Technology Officer (CTO),C_SUITE,ENGINEERING_IT,fvillaseñor@grupoindustriallat.com.mx,VERIFIED,85,+529039504318,2026-09-06T14:31:01.459264+00:00
Industrial Manufacturing & Transformation,GRUPO INDUSTRIAL NACIONAL S.A. DE C.V.,grupoindustrialnac.com.mx,Claudia Martínez,Chief Financial Officer (CFO),C_SUITE,FINANCE,cmartínez@grupoindustrialnac.com.mx,VERIFIED,85,+527835498607,2026-09-06T14:31:01.459264+00:00
Industrial Manufacturing & Transformation,GRUPO INDUSTRIAL NACIONAL S.A. DE C.V.,grupoindustrialnac.com.mx,Mariana González,Chief Technology Officer (CTO),C_SUITE,ENGINEERING_IT,mgonzález@grupoindustrialnac.com.mx,VERIFIED,85,+527896232080,2026-09-06T14:31:01.459264+00:00
Industrial Manufacturing & Transformation,GRUPO INDUSTRIAL NACIONAL S.A. DE C.V.,grupoindustrialnac.com.mx,Jorge Garza,Chief Technology Officer (CTO),C_SUITE,ENGINEERING_IT,jgarza@grupoindustrialnac.com.mx,VERIFIED,85,+528436358629,2026-09-06T14:31:01.459264+00:00
Industrial Manufacturing & Transformation,GRUPO INDUSTRIAL NACIONAL S.A. DE C.V.,grupoindustrialnac.com.mx,Luis Dominguez,Chief Executive Officer (CEO),C_SUITE,EXECUTIVE,ldominguez@grupoindustrialnac.com.mx,VERIFIED,85,+524574528846,2026-09-06T14:31:01.459264+00:00
Industrial Manufacturing & Transformation,GRUPO INDUSTRIAL ESTRATEGICA S.A.B. DE C.V.,grupoindustrialest.com,David Morales,Founder,FOUNDER,EXECUTIVE,dmorales@grupoindustrialest.com,VERIFIED,85,+527855393539,2026-09-06T14:31:01.459264+00:00
Industrial Manufacturing & Transformation,GRUPO INDUSTRIAL ESTRATEGICA S.A.B. DE C.V.,grupoindustrialest.com,Luis Vega,Chief Executive Officer (CEO),C_SUITE,EXECUTIVE,lvega@grupoindustrialest.com,VERIFIED,85,+525181533029,2026-09-06T14:31:01.459264+00:00
Industrial Manufacturing & Transformation,GRUPO INDUSTRIAL GLOBAL S.A.B. DE C.V.,grupoindustrialglo.mx,Miguel Navarro,Chief Financial Officer (CFO),C_SUITE,FINANCE,mnavarro@grupoindustrialglo.mx,VERIFIED,85,+527211088230,2026-09-06T14:31:01.459264+00:00
Industrial Manufacturing & Transformation,GRUPO INDUSTRIAL ESPECIALIZADA S.A. DE C.V.,grupoindustrialesp.com.mx,Sofia Vega,Chief Revenue Officer (CRO),C_SUITE,SALES_MARKETING,svega@grupoindustrialesp.com.mx,VERIFIED,85,+525817982949,2026-09-06T14:31:01.459264+00:00
Industrial Manufacturing & Transformation,GRUPO INDUSTRIAL ESPECIALIZADA S.A. DE C.V.,grupoindustrialesp.com.mx,Carlos Ruiz,Chief Executive Officer (CEO),C_SUITE,EXECUTIVE,cruiz@grupoindustrialesp.com.mx,VERIFIED,85,+527959132288,2026-09-06T14:31:01.459264+00:00
Industrial Manufacturing & Transformation,GRUPO INDUSTRIAL LATINOAMERICANA 31 S.A.P.I. DE C.V.,grupoindustriallat.com,Sofia Morales,Chief Executive Officer (CEO),C_SUITE,EXECUTIVE,smorales@grupoindustriallat.com,VERIFIED,85,+527590767025,2026-09-06T14:31:01.459264+00:00
Industrial Manufacturing & Transformation,GRUPO INDUSTRIAL LATINOAMERICANA 31 S.A.P.I. DE C.V.,grupoindustriallat.com,Rodrigo Valenzuela,Chief Technology Officer (CTO),C_SUITE,ENGINEERING_IT,rvalenzuela@grupoindustriallat.com,VERIFIED,85,+529627591658,2026-09-06T14:31:01.459264+00:00
Industrial Manufacturing & Transformation,GRUPO INDUSTRIAL LATINOAMERICANA 31 S.A.P.I. DE C.V.,grupoindustriallat.com,Andrea Benítez,Founder,FOUNDER,EXECUTIVE,abenítez@grupoindustriallat.com,VERIFIED,85,+529477119498,2026-09-06T14:31:01.459264+00:00
Industrial Manufacturing & Transformation,GRUPO INDUSTRIAL INDUSTRIAL S.C.,grupoindustrialind.mx,Mariana Villaseñor,Chief Operating Officer (COO),C_SUITE,OPERATIONS,mvillaseñor@grupoindustrialind.mx,VERIFIED,85,+526665303701,2026-09-06T14:31:01.459264+00:00
Industrial Manufacturing & Transformation,GRUPO INDUSTRIAL NACIONAL S.C.,grupoindustrialnac.com,Roberto López,Chief Executive Officer (CEO),C_SUITE,EXECUTIVE,rlópez@grupoindustrialnac.com,VERIFIED,85,+525647080381,2026-09-06T14:31:01.459264+00:00
Industrial Manufacturing & Transformation,GRUPO INDUSTRIAL MEXICANA S.A. DE C.V.,grupoindustrialmex.com,Guillermo Ruiz,Founder,FOUNDER,EXECUTIVE,gruiz@grupoindustrialmex.com,VERIFIED,85,+528250236773,2026-09-06T14:31:01.459264+00:00
Industrial Manufacturing & Transformation,GRUPO INDUSTRIAL CENTRAL S. DE R.L. DE C.V.,grupoindustrialcen.com.mx,Mariana González,Chief Operating Officer (COO),C_SUITE,OPERATIONS,mgonzález@grupoindustrialcen.com.mx,VERIFIED,85,+525042895015,2026-09-06T14:31:01.459264+00:00
Industrial Manufacturing & Transformation,GRUPO INDUSTRIAL INTERNACIONAL S. DE R.L. DE C.V.,grupoindustrialint.com,Mariana Dominguez,Chief Human Resources Officer (CHRO),C_SUITE,HR_PEOPLE,mdominguez@grupoindustrialint.com,VERIFIED,85,+527742433460,2026-09-06T14:31:01.459264+00:00
Industrial Manufacturing & Transformation,GRUPO INDUSTRIAL DINAMICA S.A.B. DE C.V.,grupoindustrialdin.com,Fernando Mendoza,Chief Technology Officer (CTO),C_SUITE,ENGINEERING_IT,fmendoza@grupoindustrialdin.com,VERIFIED,85,+527277714361,2026-09-06T14:31:01.459264+00:00
Industrial Manufacturing & Transformation,GRUPO INDUSTRIAL DINAMICA S.A.B. DE C.V.,grupoindustrialdin.com,Claudia Treviño,Chief Technology Officer (CTO),C_SUITE,ENGINEERING_IT,ctreviño@grupoindustrialdin.com,VERIFIED,85,+529043119703,2026-09-06T14:31:01.459264+00:00
Industrial Manufacturing & Transformation,GRUPO INDUSTRIAL DINAMICA S.A.B. DE C.V.,grupoindustrialdin.com.mx,Miguel Treviño,Chief Executive Officer (CEO),C_SUITE,EXECUTIVE,mtreviño@grupoindustrialdin.com.mx,VERIFIED,85,+529146467266,2026-09-06T14:31:01.459264+00:00
Industrial Manufacturing & Transformation,GRUPO INDUSTRIAL DINAMICA S.A.B. DE C.V.,grupoindustrialdin.com.mx,Carlos Navarro,Chief Technology Officer (CTO),C_SUITE,ENGINEERING_IT,cnavarro@grupoindustrialdin.com.mx,VERIFIED,85,+525383710580,2026-09-06T14:31:01.459264+00:00
Industrial Manufacturing & Transformation,GRUPO INDUSTRIAL LATINOAMERICANA S.A.B. DE C.V.,grupoindustriallat.mx,Hector Dominguez,Chief Executive Officer (CEO),C_SUITE,EXECUTIVE,hdominguez@grupoindustriallat.mx,VERIFIED,85,+524290355989,2026-09-06T14:31:01.459264+00:00
Industrial Manufacturing & Transformation,GRUPO INDUSTRIAL CENTRAL S.A.S.,grupoindustrialcen.mx,Patricia Hernández,Chief Revenue Officer (CRO),C_SUITE,SALES_MARKETING,phernández@grupoindustrialcen.mx,VERIFIED,85,+526521840381,2026-09-06T14:31:01.459264+00:00
Industrial Manufacturing & Transformation,GRUPO INDUSTRIAL CENTRAL S.A.S.,grupoindustrialcen.mx,Mariana González,Founder,FOUNDER,EXECUTIVE,mgonzález@grupoindustrialcen.mx,VERIFIED,85,+526535744262,2026-09-06T14:31:01.459264+00:00
Industrial Manufacturing & Transformation,GRUPO INDUSTRIAL AVANZADA S.A.B. DE C.V.,grupoindustrialava.com,Miguel Valenzuela,Chief Executive Officer (CEO),C_SUITE,EXECUTIVE,mvalenzuela@grupoindustrialava.com,VERIFIED,85,+524267118108,2026-09-06T14:31:01.459264+00:00
Industrial Manufacturing & Transformation,GRUPO INDUSTRIAL AVANZADA S.A.B. DE C.V.,grupoindustrialava.com,Claudia Garza,Chief Executive Officer (CEO),C_SUITE,EXECUTIVE,cgarza@grupoindustrialava.com.mx,VERIFIED,85,+526856777630,2026-09-06T14:31:01.459264+00:00
Industrial Manufacturing & Transformation,GRUPO INDUSTRIAL ESPECIALIZADA S.A.S.,grupoindustrialesp.com,Rodrigo Valenzuela,Chief Executive Officer (CEO),C_SUITE,EXECUTIVE,rvalenzuela@grupoindustrialesp.com,VERIFIED,85,+524735647696,2026-09-06T14:31:01.459264+00:00
Industrial Manufacturing & Transformation,GRUPO INDUSTRIAL ESPECIALIZADA S.A.S.,grupoindustrialesp.com,Fernando Garza,Chief Executive Officer (CEO),C_SUITE,EXECUTIVE,fgarza@grupoindustrialesp.com,VERIFIED,85,+529659070868,2026-09-06T14:31:01.459264+00:00
Industrial Manufacturing & Transformation,GRUPO INDUSTRIAL AVANZADA 4 S.A.S.,grupoindustrialava.mx,Luis López,Founder,FOUNDER,EXECUTIVE,llópez@grupoindustrialava.mx,VERIFIED,85,+526925452873,2026-09-06T14:31:01.459264+00:00
Industrial Manufacturing & Transformation,GRUPO INDUSTRIAL CENTRAL S.A. DE C.V.,grupoindustrialcen.com,Gabriel Valenzuela,Chief Executive Officer (CEO),C_SUITE,EXECUTIVE,gvalenzuela@grupoindustrialcen.com,VERIFIED,85,+529155028725,2026-09-06T14:31:01.459264+00:00
Industrial Manufacturing & Transformation,GRUPO INDUSTRIAL EMPRESARIAL S.A. DE C.V.,grupoindustrialemp.com.mx,Eduardo Villaseñor,Chief Executive Officer (CEO),C_SUITE,EXECUTIVE,evillaseñor@grupoindustrialemp.com.mx,VERIFIED,85,+528463880197,2026-09-06T14:31:01.459264+00:00
Industrial Manufacturing & Transformation,METALURGICA NACIONAL S. DE R.L. DE C.V.,metalurgicanaciona.mx,Fernando Villaseñor,Chief Executive Officer (CEO),C_SUITE,EXECUTIVE,fvillaseñor@metalurgicanaciona.mx,VERIFIED,85,+523336110675,2026-09-06T14:31:01.459264+00:00
Industrial Manufacturing & Transformation,METALURGICA NACIONAL S. DE R.L. DE C.V.,metalurgicanaciona.mx,Rodrigo Morales,Chief Human Resources Officer (CHRO),C_SUITE,HR_PEOPLE,rmorales@metalurgicanaciona.mx,VERIFIED,85,+523370463276,2026-09-06T14:31:01.459264+00:00
Industrial Manufacturing & Transformation,METALURGICA NACIONAL S.A.S.,metalurgicanaciona.com.mx,Javier Valenzuela,Chief Human Resources Officer (CHRO),C_SUITE,HR_PEOPLE,jvalenzuela@metalurgicanaciona.com.mx,VERIFIED,85,+523319669440,2026-09-06T14:31:01.459264+00:00
Industrial Manufacturing & Transformation,METALURGICA NACIONAL S.A.S.,metalurgicanaciona.com.mx,Gabriel Dominguez,Chief Executive Officer (CEO),C_SUITE,EXECUTIVE,gdominguez@metalurgicanaciona.com.mx,VERIFIED,85,+523328878963,2026-09-06T14:31:01.459264+00:00
Industrial Manufacturing & Transformation,TRANSFORMADORA AVANZADA S.A.B. DE C.V.,transformadoraavan.com.mx,Eduardo Castro,Chief Executive Officer (CEO),C_SUITE,EXECUTIVE,ecastro@transformadoraavan.com.mx,VERIFIED,85,+527094237367,2026-09-06T14:31:01.459264+00:00
Industrial Manufacturing & Transformation,TRANSFORMADORA AVANZADA S.A.B. DE C.V.,transformadoraavan.com.mx,Mariana Mendoza,Founder,FOUNDER,EXECUTIVE,mmendoza@transformadoraavan.com.mx,VERIFIED,85,+528328687646,2026-09-06T14:31:01.459264+00:00
Industrial Manufacturing & Transformation,METALURGICA DE OCCIDENTE S.A.P.I. DE C.V.,metalurgicadeoccid.com.mx,Rodrigo González,Chief Executive Officer (CEO),C_SUITE,EXECUTIVE,rgonzález@metalurgicadeoccid.com.mx,VERIFIED,85,+525379639028,2026-09-06T14:31:01.468827+00:00
Industrial Manufacturing & Transformation,METALURGICA DE OCCIDENTE S.A.P.I. DE C.V.,metalurgicadeoccid.com.mx,Jorge González,Chief Technology Officer (CTO),C_SUITE,ENGINEERING_IT,jgonzález@metalurgicadeoccid.com.mx,VERIFIED,85,+527615943052,2026-09-06T14:31:01.468827+00:00
Industrial Manufacturing & Transformation,METALURGICA DE LAS AMERICAS 88 S.A.P.I. DE C.V.,metalurgicadelasam.com,Eduardo López,Chief Revenue Officer (CRO),C_SUITE,SALES_MARKETING,elópez@metalurgicadelasam.com,VERIFIED,85,+524749507929,2026-09-06T14:31:01.468827+00:00
Industrial Manufacturing & Transformation,METALURGICA DE LAS AMERICAS 88 S.A.P.I. DE C.V.,metalurgicadelasam.com,Alejandro Hernández,Chief Technology Officer (CTO),C_SUITE,ENGINEERING_IT,ahernández@metalurgicadelasam.com,VERIFIED,85,+524785970417,2026-09-06T14:31:01.468827+00:00
Industrial Manufacturing & Transformation,METALURGICA DE LAS AMERICAS S.A. DE C.V.,metalurgicadelasam.com.mx,Mariana Valenzuela,Chief Executive Officer (CEO),C_SUITE,EXECUTIVE,mvalenzuela@metalurgicadelasam.com.mx,VERIFIED,85,+527155195234,2026-09-06T14:31:01.468827+00:00
Industrial Manufacturing & Transformation,METALURGICA DE OCCIDENTE 83 S.C.,metalurgicadeoccid.mx,Miguel Garza,Chief Financial Officer (CFO),C_SUITE,FINANCE,mgarza@metalurgicadeoccid.mx,VERIFIED,85,+529531635840,2026-09-06T14:31:01.468827+00:00
Industrial Manufacturing & Transformation,TRANSFORMADORA INTERNACIONAL S.A. DE C.V.,transformadorainte.com,Luis Castro,Chief Technology Officer (CTO),C_SUITE,ENGINEERING_IT,lcastro@transformadorainte.com,VERIFIED,85,+528379390168,2026-09-06T14:31:01.468827+00:00
Industrial Manufacturing & Transformation,TRANSFORMADORA INTERNACIONAL S.A. DE C.V.,transformadorainte.com,Andrea Hernández,Chief Revenue Officer (CRO),C_SUITE,SALES_MARKETING,ahernández@transformadorainte.com,VERIFIED,85,+527894377868,2026-09-06T14:31:01.468827+00:00
Industrial Manufacturing & Transformation,TRANSFORMADORA INTERNACIONAL S.A. DE C.V.,transformadorainte.com,Mariana Vega,Chief Revenue Officer (CRO),C_SUITE,SALES_MARKETING,mvega@transformadorainte.com,VERIFIED,85,+525549398405,2026-09-06T14:31:01.468827+00:00
Industrial Manufacturing & Transformation,TRANSFORMADORA INTERNACIONAL S.A. DE C.V.,transformadorainte.com.mx,Sofia Villaseñor,Chief Operating Officer (COO),C_SUITE,OPERATIONS,svillaseñor@transformadorainte.com.mx,VERIFIED,85,+525914420497,2026-09-06T14:31:01.468827+00:00
Industrial Manufacturing & Transformation,TRANSFORMADORA INTERNACIONAL S.A. DE C.V.,transformadorainte.com.mx,Luis Morales,Chief Financial Officer (CFO),C_SUITE,FINANCE,lmorales@transformadorainte.mx,VERIFIED,85,+525578840189,2026-09-06T14:31:01.468827+00:00
Industrial Manufacturing & Transformation,TRANSFORMADORA INTERNACIONAL S.A. DE C.V.,transformadorainte.com.mx,Roberto Hernández,Chief Human Resources Officer (CHRO),C_SUITE,HR_PEOPLE,rhernández@transformadorainte.com.mx,VERIFIED,85,+528398666663,2026-09-06T14:31:01.468827+00:00
Industrial Manufacturing & Transformation,TRANSFORMADORA DEL NORTE 67 S.A.P.I. DE C.V.,transformadoradeln.com.mx,Adriana Valenzuela,Chief Executive Officer (CEO),C_SUITE,EXECUTIVE,avalenzuela@transformadoradeln.com.mx,VERIFIED,85,+528140899145,2026-09-06T14:31:01.468827+00:00
Industrial Manufacturing & Transformation,TRANSFORMADORA DEL BAJIO S.C.,transformadoradelb.mx,Daniel Navarro,Chief Technology Officer (CTO),C_SUITE,ENGINEERING_IT,dnavarro@transformadoradelb.mx,VERIFIED,85,+525122825630,2026-09-06T14:31:01.468827+00:00
Industrial Manufacturing & Transformation,TRANSFORMADORA DEL BAJIO S.C.,transformadoradelb.mx,Mariana Dominguez,Chief Executive Officer (CEO),C_SUITE,EXECUTIVE,mdominguez@transformadoradelb.com,VERIFIED,85,+527548587532,2026-09-06T14:31:01.468827+00:00
Industrial Manufacturing & Transformation,TRANSFORMADORA DEL PACIFICO S.A.P.I. DE C.V.,transformadoradelp.com,Mariana Benítez,Chief Human Resources Officer (CHRO),C_SUITE,HR_PEOPLE,mbenítez@transformadoradelp.com,VERIFIED,85,+527153351427,2026-09-06T14:31:01.468827+00:00
Industrial Manufacturing & Transformation,TRANSFORMADORA DEL CENTRO 36 S.C.,transformadoradelc.com.mx,Claudia Garza,Chief Executive Officer (CEO),C_SUITE,EXECUTIVE,cgarza@transformadoradelc.com.mx,VERIFIED,85,+529674802813,2026-09-06T14:31:01.468827+00:00
Industrial Manufacturing & Transformation,TRANSFORMADORA DEL CENTRO S.A.B. DE C.V.,transformadoradelc.mx,Daniel Treviño,Founder,FOUNDER,EXECUTIVE,dtreviño@transformadoradelc.mx,VERIFIED,85,+529043452085,2026-09-06T14:31:01.468827+00:00
Industrial Manufacturing & Transformation,TRANSFORMADORA DEL PACIFICO S.A.S.,transformadoradelp.com.mx,Patricia López,Chief Executive Officer (CEO),C_SUITE,EXECUTIVE,plópez@transformadoradelp.com.mx,VERIFIED,85,+527915947499,2026-09-06T14:31:01.468827+00:00
Industrial Manufacturing & Transformation,METALURGICA INDUSTRIAL S.C.,metalurgicaindustr.com,Guillermo Alarcón,Chief Operating Officer (COO),C_SUITE,OPERATIONS,galarcón@metalurgicaindustr.com,VERIFIED,85,+525594808713,2026-09-06T14:31:01.468827+00:00
Industrial Manufacturing & Transformation,METALURGICA INDUSTRIAL S.C.,metalurgicaindustr.com,Carlos Hernández,Chief Technology Officer (CTO),C_SUITE,ENGINEERING_IT,chernández@metalurgicaindustr.com,VERIFIED,85,+525539791280,2026-09-06T14:31:01.468827+00:00
Industrial Manufacturing & Transformation,METALURGICA INDUSTRIAL S.A.S.,metalurgicaindustr.com.mx,Rodrigo Ruiz,Chief Revenue Officer (CRO),C_SUITE,SALES_MARKETING,rruiz@metalurgicaindustr.com.mx,VERIFIED,85,+525582736737,2026-09-06T14:31:01.468827+00:00
Industrial Manufacturing & Transformation,METALURGICA INDUSTRIAL S.A.S.,metalurgicaindustr.com.mx,Daniel Martínez,Chief Executive Officer (CEO),C_SUITE,EXECUTIVE,dmartínez@metalurgicaindustr.com.mx,VERIFIED,85,+525564767845,2026-09-06T14:31:01.468827+00:00
Industrial Manufacturing & Transformation,METALURGICA INDUSTRIAL S.A.S.,metalurgicaindustr.com.mx,Fernando Alarcón,Founder,FOUNDER,EXECUTIVE,falarcón@metalurgicaindustr.com.mx,VERIFIED,85,+525589094922,2026-09-06T14:31:01.468827+00:00
Industrial Manufacturing & Transformation,TRANSFORMADORA DINAMICA S.A.B. DE C.V.,transformadoradina.com.mx,Fernando López,Chief Executive Officer (CEO),C_SUITE,EXECUTIVE,flópez@transformadoradina.com.mx,VERIFIED,85,+524565724560,2026-09-06T14:31:01.468827+00:00
Industrial Manufacturing & Transformation,TRANSFORMADORA DINAMICA S.A.B. DE C.V.,transformadoradina.com.mx,Gabriel Benítez,Chief Executive Officer (CEO),C_SUITE,EXECUTIVE,gbenítez@transformadoradina.com.mx,VERIFIED,85,+525760545425,2026-09-06T14:31:01.468827+00:00
Industrial Manufacturing & Transformation,TRANSFORMADORA DINAMICA S.A.B. DE C.V.,transformadoradina.com.mx,Rodrigo Dominguez,Chief Revenue Officer (CRO),C_SUITE,SALES_MARKETING,rdominguez@transformadoradina.com.mx,VERIFIED,85,+528261776639,2026-09-06T14:31:01.468827+00:00
Industrial Manufacturing & Transformation,TRANSFORMADORA DINAMICA S.A.B. DE C.V.,transformadoradina.mx,Sofia Alarcón,Chief Executive Officer (CEO),C_SUITE,EXECUTIVE,salarcón@transformadoradina.mx,VERIFIED,85,+527977797140,2026-09-06T14:31:01.468827+00:00
Industrial Manufacturing & Transformation,TRANSFORMADORA DINAMICA S.A.B. DE C.V.,transformadoradina.mx,Eduardo Alarcón,Chief Operating Officer (COO),C_SUITE,OPERATIONS,ealarcón@transformadoradina.mx,VERIFIED,85,+525893100274,2026-09-06T14:31:01.468827+00:00
Industrial Manufacturing & Transformation,TRANSFORMADORA INTEGRAL S.A.P.I. DE C.V.,transformadorainte.com.mx,Adriana Castro,Chief Revenue Officer (CRO),C_SUITE,SALES_MARKETING,acastro@transformadorainte.com.mx,VERIFIED,85,+529752916526,2026-09-06T14:31:01.476104+00:00
Industrial Manufacturing & Transformation,TRANSFORMADORA INTEGRAL 51 S.A.B. DE C.V.,transformadorainte.mx,Patricia Villaseñor,Chief Human Resources Officer (CHRO),C_SUITE,HR_PEOPLE,pvillaseñor@transformadorainte.mx,VERIFIED,85,+528372067373,2026-09-06T14:31:01.476104+00:00
Industrial Manufacturing & Transformation,TRANSFORMADORA INTEGRAL 51 S.A.B. DE C.V.,transformadorainte.mx,Patricia Mendoza,Chief Executive Officer (CEO),C_SUITE,EXECUTIVE,pmendoza@transformadorainte.mx,VERIFIED,85,+527648367744,2026-09-06T14:31:01.476104+00:00
Industrial Manufacturing & Transformation,TRANSFORMADORA INTERNACIONAL S.A.S.,transformadorainte.mx,Gabriel Hernández,Chief Executive Officer (CEO),C_SUITE,EXECUTIVE,ghernández@transformadorainte.mx,VERIFIED,85,+526322848106,2026-09-06T14:31:01.476104+00:00
Industrial Manufacturing & Transformation,TRANSFORMADORA INTERNACIONAL S.A.S.,transformadorainte.com,Hector Vega,Founder,FOUNDER,EXECUTIVE,hvega@transformadorainte.com,VERIFIED,85,+525112727020,2026-09-06T14:31:01.476104+00:00
Industrial Manufacturing & Transformation,METALURGICA DE OCCIDENTE S.A.B. DE C.V.,metalurgicadeoccid.mx,Jorge Castro,Chief Executive Officer (CEO),C_SUITE,EXECUTIVE,jcastro@metalurgicadeoccid.mx,VERIFIED,85,+524744440569,2026-09-06T14:31:01.476104+00:00
Industrial Manufacturing & Transformation,TRANSFORMADORA DE OCCIDENTE S.C.,transformadoradeoc.com,David González,Chief Executive Officer (CEO),C_SUITE,EXECUTIVE,dgonzález@transformadoradeoc.com,VERIFIED,85,+526691809968,2026-09-06T14:31:01.476104+00:00
Industrial Manufacturing & Transformation,TRANSFORMADORA DE OCCIDENTE S.C.,transformadoradeoc.com,Roberto Treviño,Chief Executive Officer (CEO),C_SUITE,EXECUTIVE,rtreviño@transformadoradeoc.com,VERIFIED,85,+524978980338,2026-09-06T14:31:01.476104+00:00
Industrial Manufacturing & Transformation,TRANSFORMADORA DE OCCIDENTE S.C.,transformadoradeoc.com,Fernando Salinas,Chief Executive Officer (CEO),C_SUITE,EXECUTIVE,fsalinas@transformadoradeoc.com,VERIFIED,85,+524619771596,2026-09-06T14:31:01.476104+00:00
Industrial Manufacturing & Transformation,TRANSFORMADORA DE OCCIDENTE S.C.,transformadoradeoc.com,Eduardo García,Chief Operating Officer (COO),C_SUITE,OPERATIONS,egarcía@transformadoradeoc.com,VERIFIED,85,+527946693640,2026-09-06T14:31:01.476104+00:00
Industrial Manufacturing & Transformation,TRANSFORMADORA DE LAS AMERICAS S.A.S.,transformadoradela.com,Andrea López,Chief Revenue Officer (CRO),C_SUITE,SALES_MARKETING,alópez@transformadoradela.com,VERIFIED,85,+529783978977,2026-09-06T14:31:01.476104+00:00
Industrial Manufacturing & Transformation,TRANSFORMADORA DE LAS AMERICAS S.A.S.,transformadoradela.com,David González,Chief Financial Officer (CFO),C_SUITE,FINANCE,dgonzález@transformadoradela.com,VERIFIED,85,+528336204066,2026-09-06T14:31:01.476104+00:00
Industrial Manufacturing & Transformation,TRANSFORMADORA DE LAS AMERICAS 13 S.A. DE C.V.,transformadoradela.com.mx,Hector López,Chief Human Resources Officer (CHRO),C_SUITE,HR_PEOPLE,hlópez@transformadoradela.com.mx,VERIFIED,85,+527668341329,2026-09-06T14:31:01.476104+00:00
Industrial Manufacturing & Transformation,TRANSFORMADORA EMPRESARIAL S.A.B. DE C.V.,transformadoraempr.com,Hector Treviño,Founder,FOUNDER,EXECUTIVE,htreviño@transformadoraempr.com,VERIFIED,85,+527629506171,2026-09-06T14:31:01.476104+00:00
Industrial Manufacturing & Transformation,TRANSFORMADORA EMPRESARIAL S.A.B. DE C.V.,transformadoraempr.com,Fernando López,Founder,FOUNDER,EXECUTIVE,flópez@transformadoraempr.com,VERIFIED,85,+524924901079,2026-09-06T14:31:01.476104+00:00
Industrial Manufacturing & Transformation,TRANSFORMADORA EMPRESARIAL S.A.B. DE C.V.,transformadoraempr.com,Fernando Morales,Chief Revenue Officer (CRO),C_SUITE,SALES_MARKETING,fmorales@transformadoraempr.com,VERIFIED,85,+526455806537,2026-09-06T14:31:01.476104+00:00
Industrial Manufacturing & Transformation,TRANSFORMADORA EMPRESARIAL S. DE R.L. DE C.V.,transformadoraempr.mx,Rodrigo Benítez,Chief Human Resources Officer (CHRO),C_SUITE,HR_PEOPLE,rbenítez@transformadoraempr.mx,VERIFIED,85,+526966843164,2026-09-06T14:31:01.476104+00:00
Industrial Manufacturing & Transformation,METALURGICA CENTRAL S.A. DE C.V.,metalurgicacentral.com,Adriana Mendoza,Chief Executive Officer (CEO),C_SUITE,EXECUTIVE,amendoza@metalurgicacentral.com,VERIFIED,85,+527878059004,2026-09-06T14:31:01.476104+00:00
Industrial Manufacturing & Transformation,METALURGICA CENTRAL S.A. DE C.V.,metalurgicacentral.com,Adriana Castro,Chief Executive Officer (CEO),C_SUITE,EXECUTIVE,acastro@metalurgicacentral.mx,VERIFIED,85,+524632211885,2026-09-06T14:31:01.476104+00:00
Industrial Manufacturing & Transformation,METALURGICA CENTRAL S.A.S.,metalurgicacentral.mx,Guillermo Treviño,Chief Technology Officer (CTO),C_SUITE,ENGINEERING_IT,gtreviño@metalurgicacentral.mx,VERIFIED,85,+524373017341,2026-09-06T14:31:01.476104+00:00
Industrial Manufacturing & Transformation,METALURGICA CENTRAL S.A.S.,metalurgicacentral.mx,Sofia Navarro,Chief Executive Officer (CEO),C_SUITE,EXECUTIVE,snavarro@metalurgicacentral.mx,VERIFIED,85,+524582958573,2026-09-06T14:31:01.476104+00:00
Industrial Manufacturing & Transformation,METALURGICA CENTRAL S.A.P.I. DE C.V.,metalurgicacentral.com.mx,Luis González,Founder,FOUNDER,EXECUTIVE,lgonzález@metalurgicacentral.com.mx,VERIFIED,85,+529765968387,2026-09-06T14:31:01.476104+00:00
Industrial Manufacturing & Transformation,METALURGICA DINAMICA S.A.B. DE C.V.,metalurgicadinamic.com,Daniel Navarro,Chief Revenue Officer (CRO),C_SUITE,SALES_MARKETING,dnavarro@metalurgicadinamic.com,VERIFIED,85,+524845072107,2026-09-06T14:31:01.476104+00:00
Industrial Manufacturing & Transformation,METALURGICA DINAMICA S.A.B. DE C.V.,metalurgicadinamic.com,Guillermo Valenzuela,Chief Human Resources Officer (CHRO),C_SUITE,HR_PEOPLE,gvalenzuela@metalurgicadinamic.com,VERIFIED,85,+528036855331,2026-09-06T14:31:01.476104+00:00
Industrial Manufacturing & Transformation,METALURGICA DINAMICA S.A.S.,metalurgicadinamic.com.mx,Jorge Benítez,Chief Executive Officer (CEO),C_SUITE,EXECUTIVE,jbenítez@metalurgicadinamic.com.mx,VERIFIED,85,+529954760788,2026-09-06T14:31:01.476104+00:00
Industrial Manufacturing & Transformation,GRUPO INDUSTRIAL DINAMICA S.A.B. DE C.V.,grupoindustrialdin.com,Carlos Treviño,Chief Financial Officer (CFO),C_SUITE,FINANCE,ctreviño@grupoindustrialdin.com,VERIFIED,85,+523352049438,2026-09-06T14:31:01.476104+00:00
Industrial Manufacturing & Transformation,GRUPO INDUSTRIAL DINAMICA S.A.B. DE C.V.,grupoindustrialdin.com,Daniel Mendoza,Chief Revenue Officer (CRO),C_SUITE,SALES_MARKETING,dmendoza@grupoindustrialdin.com,VERIFIED,85,+523317204353,2026-09-06T14:31:01.476104+00:00
Industrial Manufacturing & Transformation,GRUPO INDUSTRIAL DEL CENTRO S.A.P.I. DE C.V.,grupoindustrialdel.com,Luis Garza,Founder,FOUNDER,EXECUTIVE,lgarza@grupoindustrialdel.com,VERIFIED,85,+523332585759,2026-09-06T14:31:01.476104+00:00
Industrial Manufacturing & Transformation,GRUPO INDUSTRIAL DEL CENTRO S.A.P.I. DE C.V.,grupoindustrialdel.com,Jorge Hernández,Chief Executive Officer (CEO),C_SUITE,EXECUTIVE,jhernández@grupoindustrialdel.com,VERIFIED,85,+523395081986,2026-09-06T14:31:01.476104+00:00
Industrial Manufacturing & Transformation,GRUPO INDUSTRIAL DEL CENTRO S.A.P.I. DE C.V.,grupoindustrialdel.com,Andrea Ruiz,Chief Financial Officer (CFO),C_SUITE,FINANCE,aruiz@grupoindustrialdel.com,VERIFIED,85,+523366981211,2026-09-06T14:31:01.476104+00:00
Industrial Manufacturing & Transformation,GRUPO INDUSTRIAL DEL CENTRO S.A.P.I. DE C.V.,grupoindustrialdel.com,Sofia Valenzuela,Chief Operating Officer (COO),C_SUITE,OPERATIONS,svalenzuela@grupoindustrialdel.com,VERIFIED,85,+523392232992,2026-09-06T14:31:01.476104+00:00
Industrial Manufacturing & Transformation,GRUPO INDUSTRIAL DEL CENTRO S.A.P.I. DE C.V.,grupoindustrialdel.com,Roberto López,Chief Executive Officer (CEO),C_SUITE,EXECUTIVE,rlópez@grupoindustrialdel.com,VERIFIED,85,+523344858430,2026-09-06T14:31:01.476104+00:00
Industrial Manufacturing & Transformation,GRUPO INDUSTRIAL DEL CENTRO S.A.P.I. DE C.V.,grupoindustrialdel.com,Eduardo Mendoza,Chief Technology Officer (CTO),C_SUITE,ENGINEERING_IT,emendoza@grupoindustrialdel.com,VERIFIED,85,+523397459522,2026-09-06T14:31:01.476104+00:00
Industrial Manufacturing & Transformation,GRUPO INDUSTRIAL ESTRATEGICA S.A.B. DE C.V.,grupoindustrialest.com.mx,Gabriel García,Founder,FOUNDER,EXECUTIVE,ggarcía@grupoindustrialest.com.mx,VERIFIED,85,+523389193600,2026-09-06T14:31:01.476104+00:00
Industrial Manufacturing & Transformation,GRUPO INDUSTRIAL ESTRATEGICA S.A.B. DE C.V.,grupoindustrialest.com.mx,Daniel Dominguez,Chief Financial Officer (CFO),C_SUITE,FINANCE,ddominguez@grupoindustrialest.com,VERIFIED,85,+523348582654,2026-09-06T14:31:01.476104+00:00
Industrial Manufacturing & Transformation,GRUPO INDUSTRIAL ESTRATEGICA S.A.B. DE C.V.,grupoindustrialest.com.mx,Carlos Alarcón,Chief Operating Officer (COO),C_SUITE,OPERATIONS,calarcón@grupoindustrialest.com.mx,VERIFIED,85,+523320817242,2026-09-06T14:31:01.476104+00:00
Industrial Manufacturing & Transformation,GRUPO INDUSTRIAL ESTRATEGICA S.A.B. DE C.V.,grupoindustrialest.com.mx,Guillermo Castro,Chief Executive Officer (CEO),C_SUITE,EXECUTIVE,gcastro@grupoindustrialest.com.mx,VERIFIED,85,+523385531880,2026-09-06T14:31:01.476104+00:00
Industrial Manufacturing & Transformation,GRUPO INDUSTRIAL NACIONAL 83 S. DE R.L. DE C.V.,grupoindustrialnac.com.mx,Rodrigo Castro,Chief Technology Officer (CTO),C_SUITE,ENGINEERING_IT,rcastro@grupoindustrialnac.com.mx,VERIFIED,85,+523330251320,2026-09-06T14:31:01.476104+00:00
Industrial Manufacturing & Transformation,GRUPO INDUSTRIAL NACIONAL 83 S. DE R.L. DE C.V.,grupoindustrialnac.com.mx,Andrea Treviño,Founder,FOUNDER,EXECUTIVE,atreviño@grupoindustrialnac.com.mx,VERIFIED,85,+523346504365,2026-09-06T14:31:01.476104+00:00
Industrial Manufacturing & Transformation,GRUPO INDUSTRIAL DEL PACIFICO 62 S.A.B. DE C.V.,grupoindustrialdel.mx,Adriana Mendoza,Chief Operating Officer (COO),C_SUITE,OPERATIONS,amendoza@grupoindustrialdel.mx,VERIFIED,85,+523354471989,2026-09-06T14:31:01.476104+00:00
Industrial Manufacturing & Transformation,GRUPO INDUSTRIAL DEL PACIFICO 62 S.A.B. DE C.V.,grupoindustrialdel.mx,Javier García,Chief Executive Officer (CEO),C_SUITE,EXECUTIVE,jgarcía@grupoindustrialdel.mx,VERIFIED,85,+523358637758,2026-09-06T14:31:01.476104+00:00
Industrial Manufacturing & Transformation,GRUPO INDUSTRIAL DEL PACIFICO 62 S.A.B. DE C.V.,grupoindustrialdel.mx,David Benítez,Chief Operating Officer (COO),C_SUITE,OPERATIONS,dbenítez@grupoindustrialdel.mx,VERIFIED,85,+523374642053,2026-09-06T14:31:01.476104+00:00
Industrial Manufacturing & Transformation,GRUPO INDUSTRIAL DEL PACIFICO 62 S.A.B. DE C.V.,grupoindustrialdel.mx,Mariana Mendoza,Chief Technology Officer (CTO),C_SUITE,ENGINEERING_IT,mmendoza@grupoindustrialdel.mx,VERIFIED,85,+523334555848,2026-09-06T14:31:01.476104+00:00
Industrial Manufacturing & Transformation,GRUPO INDUSTRIAL ESPECIALIZADA S.A.P.I. DE C.V.,grupoindustrialesp.mx,Guillermo García,Founder,FOUNDER,EXECUTIVE,ggarcía@grupoindustrialesp.mx,VERIFIED,85,+523323773167,2026-09-06T14:31:01.476104+00:00
Industrial Manufacturing & Transformation,GRUPO INDUSTRIAL DEL PACIFICO S. DE R.L. DE C.V.,grupoindustrialdel.com.mx,Guillermo Mendoza,Chief Revenue Officer (CRO),C_SUITE,SALES_MARKETING,gmendoza@grupoindustrialdel.com.mx,VERIFIED,85,+523310811751,2026-09-06T14:31:01.476104+00:00
Industrial Manufacturing & Transformation,GRUPO INDUSTRIAL DEL PACIFICO S. DE R.L. DE C.V.,grupoindustrialdel.com.mx,Carlos Vega,Chief Executive Officer (CEO),C_SUITE,EXECUTIVE,cvega@grupoindustrialdel.com.mx,VERIFIED,85,+523399365954,2026-09-06T14:31:01.476104+00:00
Industrial Manufacturing & Transformation,GRUPO INDUSTRIAL DEL PACIFICO S. DE R.L. DE C.V.,grupoindustrialdel.com.mx,Jorge Castro,Chief Executive Officer (CEO),C_SUITE,EXECUTIVE,jcastro@grupoindustrialdel.com.mx,VERIFIED,85,+523372462751,2026-09-06T14:31:01.476104+00:00
Industrial Manufacturing & Transformation,GRUPO INDUSTRIAL DEL PACIFICO S. DE R.L. DE C.V.,grupoindustrialdel.com.mx,Guillermo López,Chief Executive Officer (CEO),C_SUITE,EXECUTIVE,glópez@grupoindustrialdel.com.mx,VERIFIED,85,+523385821898,2026-09-06T14:31:01.476104+00:00
Industrial Manufacturing & Transformation,GRUPO INDUSTRIAL DEL PACIFICO S. DE R.L. DE C.V.,grupoindustrialdel.com.mx,David Salinas,Founder,FOUNDER,EXECUTIVE,dsalinas@grupoindustrialdel.com.mx,VERIFIED,85,+523342227330,2026-09-06T14:31:01.476104+00:00
Industrial Manufacturing & Transformation,GRUPO INDUSTRIAL DEL PACIFICO S. DE R.L. DE C.V.,grupoindustrialdel.com.mx,Patricia López,Chief Financial Officer (CFO),C_SUITE,FINANCE,plópez@grupoindustrialdel.com.mx,VERIFIED,85,+523329743382,2026-09-06T14:31:01.476104+00:00
Industrial Manufacturing & Transformation,GRUPO INDUSTRIAL DEL PACIFICO S. DE R.L. DE C.V.,grupoindustrialdel.com.mx,Javier Martínez,Chief Technology Officer (CTO),C_SUITE,ENGINEERING_IT,jmartínez@grupoindustrialdel.com.mx,VERIFIED,85,+523347586974,2026-09-06T14:31:01.476104+00:00
Industrial Manufacturing & Transformation,GRUPO INDUSTRIAL NACIONAL S.C.,grupoindustrialnac.com,Hector Treviño,Chief Executive Officer (CEO),C_SUITE,EXECUTIVE,htreviño@grupoindustrialnac.com,VERIFIED,85,+523347170637,2026-09-06T14:31:01.476104+00:00
Industrial Manufacturing & Transformation,GRUPO INDUSTRIAL LATINOAMERICANA S.A.B. DE C.V.,grupoindustriallat.com,Claudia Valenzuela,Chief Human Resources Officer (CHRO),C_SUITE,HR_PEOPLE,cvalenzuela@grupoindustriallat.com,VERIFIED,85,+523377139659,2026-09-06T14:31:01.476104+00:00
Industrial Manufacturing & Transformation,GRUPO INDUSTRIAL LATINOAMERICANA S.A.B. DE C.V.,grupoindustriallat.com,Guillermo Treviño,Chief Operating Officer (COO),C_SUITE,OPERATIONS,gtreviño@grupoindustriallat.com,VERIFIED,85,+523376791409,2026-09-06T14:31:01.476104+00:00
Industrial Manufacturing & Transformation,GRUPO INDUSTRIAL INTEGRAL S.A.S.,grupoindustrialint.mx,Claudia Alarcón,Chief Executive Officer (CEO),C_SUITE,EXECUTIVE,calarcón@grupoindustrialint.mx,VERIFIED,85,+523322615340,2026-09-06T14:31:01.476104+00:00
Industrial Manufacturing & Transformation,GRUPO INDUSTRIAL INTEGRAL S.A.S.,grupoindustrialint.mx,David García,Founder,FOUNDER,EXECUTIVE,dgarcía@grupoindustrialint.mx,VERIFIED,85,+523312314623,2026-09-06T14:31:01.476104+00:00
Industrial Manufacturing & Transformation,GRUPO INDUSTRIAL LATINOAMERICANA S. DE R.L. DE C.V.,grupoindustriallat.mx,Miguel Morales,Chief Executive Officer (CEO),C_SUITE,EXECUTIVE,mmorales@grupoindustriallat.mx,VERIFIED,85,+523352900928,2026-09-06T14:31:01.476104+00:00
Industrial Manufacturing & Transformation,GRUPO INDUSTRIAL ESTRATEGICA S.A.P.I. DE C.V.,grupoindustrialest.com,Rodrigo Morales,Chief Executive Officer (CEO),C_SUITE,EXECUTIVE,rmorales@grupoindustrialest.com,VERIFIED,85,+523336799826,2026-09-06T14:31:01.476104+00:00
Industrial Manufacturing & Transformation,GRUPO INDUSTRIAL ESTRATEGICA S.A.P.I. DE C.V.,grupoindustrialest.com,Alejandro Martínez,Chief Financial Officer (CFO),C_SUITE,FINANCE,amartínez@grupoindustrialest.com,VERIFIED,85,+523328707697,2026-09-06T14:31:01.476104+00:00
Industrial Manufacturing & Transformation,GRUPO INDUSTRIAL ESTRATEGICA S.A.P.I. DE C.V.,grupoindustrialest.com,Adriana Villaseñor,Chief Financial Officer (CFO),C_SUITE,FINANCE,avillaseñor@grupoindustrialest.com,VERIFIED,85,+523385693903,2026-09-06T14:31:01.476104+00:00
Industrial Manufacturing & Transformation,GRUPO INDUSTRIAL ESTRATEGICA S.A.P.I. DE C.V.,grupoindustrialest.com,Claudia Vega,Founder,FOUNDER,EXECUTIVE,cvega@grupoindustrialest.com,VERIFIED,85,+523373002615,2026-09-06T14:31:01.476104+00:00
Industrial Manufacturing & Transformation,GRUPO INDUSTRIAL ESTRATEGICA 69 S.A.P.I. DE C.V.,grupoindustrialest.mx,Fernando Salinas,Chief Operating Officer (COO),C_SUITE,OPERATIONS,fsalinas@grupoindustrialest.mx,VERIFIED,85,+523317825145,2026-09-06T14:31:01.476104+00:00
Industrial Manufacturing & Transformation,GRUPO INDUSTRIAL ESTRATEGICA 69 S.A.P.I. DE C.V.,grupoindustrialest.mx,Javier Vega,Chief Executive Officer (CEO),C_SUITE,EXECUTIVE,jvega@grupoindustrialest.mx,VERIFIED,85,+523353201722,2026-09-06T14:31:01.476104+00:00
Industrial Manufacturing & Transformation,GRUPO INDUSTRIAL INTEGRAL S.A.P.I. DE C.V.,grupoindustrialint.com,Guillermo Vega,Chief Human Resources Officer (CHRO),C_SUITE,HR_PEOPLE,gvega@grupoindustrialint.com,VERIFIED,85,+523343252724,2026-09-06T14:31:01.476104+00:00
Industrial Manufacturing & Transformation,GRUPO INDUSTRIAL LATINOAMERICANA S.A.P.I. DE C.V.,grupoindustriallat.com.mx,Rodrigo García,Chief Operating Officer (COO),C_SUITE,OPERATIONS,rgarcía@grupoindustriallat.com.mx,VERIFIED,85,+523344275807,2026-09-06T14:31:01.476104+00:00
Industrial Manufacturing & Transformation,GRUPO INDUSTRIAL LATINOAMERICANA S.A.P.I. DE C.V.,grupoindustriallat.com.mx,Hector Treviño,Founder,FOUNDER,EXECUTIVE,htreviño@grupoindustriallat.com.mx,VERIFIED,85,+523314930143,2026-09-06T14:31:01.476104+00:00
Industrial Manufacturing & Transformation,GRUPO INDUSTRIAL LATINOAMERICANA S.A.P.I. DE C.V.,grupoindustriallat.com.mx,Luis Benítez,Chief Human Resources Officer (CHRO),C_SUITE,HR_PEOPLE,lbenítez@grupoindustriallat.com.mx,VERIFIED,85,+523373311672,2026-09-06T14:31:01.476104+00:00
Industrial Manufacturing & Transformation,GRUPO INDUSTRIAL INTERNACIONAL S.C.,grupoindustrialint.com.mx,Javier Castro,Chief Revenue Officer (CRO),C_SUITE,SALES_MARKETING,jcastro@grupoindustrialint.com.mx,VERIFIED,85,+523347299582,2026-09-06T14:31:01.476104+00:00
Industrial Manufacturing & Transformation,GRUPO INDUSTRIAL INTERNACIONAL S.C.,grupoindustrialint.com.mx,Alejandro Ruiz,Chief Executive Officer (CEO),C_SUITE,EXECUTIVE,aruiz@grupoindustrialint.com.mx,VERIFIED,85,+523312101292,2026-09-06T14:31:01.476104+00:00
Industrial Manufacturing & Transformation,GRUPO INDUSTRIAL INTERNACIONAL S.C.,grupoindustrialint.com.mx,Javier García,Chief Human Resources Officer (CHRO),C_SUITE,HR_PEOPLE,jgarcía@grupoindustrialint.com.mx,VERIFIED,85,+523385891970,2026-09-06T14:31:01.476104+00:00
Industrial Manufacturing & Transformation,GRUPO INDUSTRIAL GLOBAL S. DE R.L. DE C.V.,grupoindustrialglo.mx,Miguel Ruiz,Chief Executive Officer (CEO),C_SUITE,EXECUTIVE,mruiz@grupoindustrialglo.mx,VERIFIED,85,+523380634406,2026-09-06T14:31:01.476104+00:00
Industrial Manufacturing & Transformation,GRUPO INDUSTRIAL GLOBAL S. DE R.L. DE C.V.,grupoindustrialglo.mx,Jorge López,Chief Human Resources Officer (CHRO),C_SUITE,HR_PEOPLE,jlópez@grupoindustrialglo.mx,VERIFIED,85,+523391840435,2026-09-06T14:31:01.476104+00:00
Industrial Manufacturing & Transformation,GRUPO INDUSTRIAL INDUSTRIAL S. DE R.L. DE C.V.,grupoindustrialind.com.mx,Andrea Villaseñor,Chief Executive Officer (CEO),C_SUITE,EXECUTIVE,avillaseñor@grupoindustrialind.com.mx,VERIFIED,85,+523354278349,2026-09-06T14:31:01.476104+00:00
Industrial Manufacturing & Transformation,GRUPO INDUSTRIAL INDUSTRIAL S. DE R.L. DE C.V.,grupoindustrialind.com.mx,Patricia Alarcón,Chief Technology Officer (CTO),C_SUITE,ENGINEERING_IT,palarcón@grupoindustrialind.com.mx,VERIFIED,85,+523393004092,2026-09-06T14:31:01.476104+00:00
Industrial Manufacturing & Transformation,GRUPO INDUSTRIAL INDUSTRIAL S. DE R.L. DE C.V.,grupoindustrialind.com.mx,Guillermo López,Chief Operating Officer (COO),C_SUITE,OPERATIONS,glópez@grupoindustrialind.com.mx,VERIFIED,85,+523326002610,2026-09-06T14:31:01.476104+00:00
Industrial Manufacturing & Transformation,GRUPO INDUSTRIAL MODERNA S.A.S.,grupoindustrialmod.com.mx,Andrea Ruiz,Chief Technology Officer (CTO),C_SUITE,ENGINEERING_IT,aruiz@grupoindustrialmod.com.mx,VERIFIED,85,+523387318387,2026-09-06T14:31:01.476104+00:00
Industrial Manufacturing & Transformation,GRUPO INDUSTRIAL MODERNA S.A.S.,grupoindustrialmod.com.mx,Carlos Vega,Chief Operating Officer (COO),C_SUITE,OPERATIONS,cvega@grupoindustrialmod.com.mx,VERIFIED,85,+523356881637,2026-09-06T14:31:01.476104+00:00
Industrial Manufacturing & Transformation,GRUPO INDUSTRIAL MODERNA S.A.S.,grupoindustrialmod.com,Luis Vega,Chief Technology Officer (CTO),C_SUITE,ENGINEERING_IT,lvega@grupoindustrialmod.com,VERIFIED,85,+523358186148,2026-09-06T14:31:01.476104+00:00
Industrial Manufacturing & Transformation,GRUPO INDUSTRIAL MODERNA S.A.S.,grupoindustrialmod.com,Javier Garza,Chief Financial Officer (CFO),C_SUITE,FINANCE,jgarza@grupoindustrialmod.com,VERIFIED,85,+523380574137,2026-09-06T14:31:01.476104+00:00
Industrial Manufacturing & Transformation,GRUPO INDUSTRIAL DE OCCIDENTE S.A.B. DE C.V.,grupoindustrialdeo.mx,Patricia Treviño,Founder,FOUNDER,EXECUTIVE,ptreviño@grupoindustrialdeo.mx,VERIFIED,85,+523383751186,2026-09-06T14:31:01.476104+00:00
Industrial Manufacturing & Transformation,GRUPO INDUSTRIAL AVANZADA S.A.S.,grupoindustrialava.com.mx,Guillermo Martínez,Founder,FOUNDER,EXECUTIVE,gmartínez@grupoindustrialava.com.mx,VERIFIED,85,+523388779629,2026-09-06T14:31:01.476104+00:00
Industrial Manufacturing & Transformation,GRUPO INDUSTRIAL DE OCCIDENTE S. DE R.L. DE C.V.,grupoindustrialdeo.com,Eduardo Ruiz,Chief Human Resources Officer (CHRO),C_SUITE,HR_PEOPLE,eruiz@grupoindustrialdeo.com,VERIFIED,85,+523333554106,2026-09-06T14:31:01.476104+00:00
Industrial Manufacturing & Transformation,GRUPO INDUSTRIAL EMPRESARIAL 38 S.A. DE C.V.,grupoindustrialemp.com.mx,Alejandro González,Founder,FOUNDER,EXECUTIVE,agonzález@grupoindustrialemp.com.mx,VERIFIED,85,+523379075218,2026-09-06T14:31:01.476104+00:00
Industrial Manufacturing & Transformation,GRUPO INDUSTRIAL MODERNA S.A.B. DE C.V.,grupoindustrialmod.mx,Claudia Martínez,Founder,FOUNDER,EXECUTIVE,cmartínez@grupoindustrialmod.mx,VERIFIED,85,+523316260412,2026-09-06T14:31:01.476104+00:00
Industrial Manufacturing & Transformation,TRANSFORMADORA MODERNA S.C.,transformadoramode.com.mx,Jorge Treviño,Chief Revenue Officer (CRO),C_SUITE,SALES_MARKETING,jtreviño@transformadoramode.com.mx,VERIFIED,85,+526922042326,2026-09-06T14:31:01.476104+00:00
Industrial Manufacturing & Transformation,TRANSFORMADORA MODERNA S.C.,transformadoramode.com.mx,Alejandro García,Chief Executive Officer (CEO),C_SUITE,EXECUTIVE,agarcía@transformadoramode.com.mx,VERIFIED,85,+528148213523,2026-09-06T14:31:01.476104+00:00
Industrial Manufacturing & Transformation,TRANSFORMADORA MODERNA S.C.,transformadoramode.com.mx,Hector Vega,Chief Financial Officer (CFO),C_SUITE,FINANCE,hvega@transformadoramode.mx,VERIFIED,85,+524180975409,2026-09-06T14:31:01.476104+00:00
Industrial Manufacturing & Transformation,TRANSFORMADORA MODERNA S.A.B. DE C.V.,transformadoramode.mx,Javier Benítez,Chief Operating Officer (COO),C_SUITE,OPERATIONS,jbenítez@transformadoramode.mx,VERIFIED,85,+528275188783,2026-09-06T14:31:01.476104+00:00
Industrial Manufacturing & Transformation,TRANSFORMADORA EMPRESARIAL S.A.P.I. DE C.V.,transformadoraempr.com.mx,Patricia López,Chief Revenue Officer (CRO),C_SUITE,SALES_MARKETING,plópez@transformadoraempr.com.mx,VERIFIED,85,+524644256550,2026-09-06T14:31:01.476104+00:00
Industrial Manufacturing & Transformation,TRANSFORMADORA EMPRESARIAL S.A.P.I. DE C.V.,transformadoraempr.com.mx,Eduardo Hernández,Chief Technology Officer (CTO),C_SUITE,ENGINEERING_IT,ehernández@transformadoraempr.mx,VERIFIED,85,+528671724889,2026-09-06T14:31:01.476104+00:00
Industrial Manufacturing & Transformation,TRANSFORMADORA EMPRESARIAL S.A. DE C.V.,transformadoraempr.com,Eduardo Vega,Chief Executive Officer (CEO),C_SUITE,EXECUTIVE,evega@transformadoraempr.com,VERIFIED,85,+527834710392,2026-09-06T14:31:01.476104+00:00
Industrial Manufacturing & Transformation,TRANSFORMADORA CENTRAL S. DE R.L. DE C.V.,transformadoracent.mx,Patricia Hernández,Chief Revenue Officer (CRO),C_SUITE,SALES_MARKETING,phernández@transformadoracent.mx,VERIFIED,85,+528717565418,2026-09-06T14:31:01.484680+00:00
Industrial Manufacturing & Transformation,TRANSFORMADORA CENTRAL S.A.P.I. DE C.V.,transformadoracent.com,Claudia Dominguez,Chief Revenue Officer (CRO),C_SUITE,SALES_MARKETING,cdominguez@transformadoracent.com,VERIFIED,85,+524791851433,2026-09-06T14:31:01.484680+00:00
Industrial Manufacturing & Transformation,TRANSFORMADORA CENTRAL S. DE R.L. DE C.V.,transformadoracent.com.mx,Eduardo Salinas,Chief Operating Officer (COO),C_SUITE,OPERATIONS,esalinas@transformadoracent.com.mx,VERIFIED,85,+526626062740,2026-09-06T14:31:01.484680+00:00
Industrial Manufacturing & Transformation,METALURGICA EMPRESARIAL S.A.B. DE C.V.,metalurgicaempresa.com,Eduardo Morales,Chief Executive Officer (CEO),C_SUITE,EXECUTIVE,emorales@metalurgicaempresa.com,VERIFIED,85,+528431039924,2026-09-06T14:31:01.484680+00:00
Industrial Manufacturing & Transformation,METALURGICA EMPRESARIAL S.A.B. DE C.V.,metalurgicaempresa.mx,Alejandro Vega,Chief Human Resources Officer (CHRO),C_SUITE,HR_PEOPLE,avega@metalurgicaempresa.mx,VERIFIED,85,+527492241693,2026-09-06T14:31:01.484680+00:00
Industrial Manufacturing & Transformation,METALURGICA EMPRESARIAL S. DE R.L. DE C.V.,metalurgicaempresa.com.mx,Mariana González,Chief Revenue Officer (CRO),C_SUITE,SALES_MARKETING,mgonzález@metalurgicaempresa.com.mx,VERIFIED,85,+528618055415,2026-09-06T14:31:01.484680+00:00
Industrial Manufacturing & Transformation,METALURGICA EMPRESARIAL S. DE R.L. DE C.V.,metalurgicaempresa.com.mx,Adriana Martínez,Chief Operating Officer (COO),C_SUITE,OPERATIONS,amartínez@metalurgicaempresa.com.mx,VERIFIED,85,+524362340328,2026-09-06T14:31:01.484680+00:00
Industrial Manufacturing & Transformation,TRANSFORMADORA INDUSTRIAL S. DE R.L. DE C.V.,transformadoraindu.mx,David Valenzuela,Chief Operating Officer (COO),C_SUITE,OPERATIONS,dvalenzuela@transformadoraindu.mx,VERIFIED,85,+528425745145,2026-09-06T14:31:01.489191+00:00
Industrial Manufacturing & Transformation,TRANSFORMADORA INDUSTRIAL S.A.S.,transformadoraindu.com,Adriana Navarro,Chief Operating Officer (COO),C_SUITE,OPERATIONS,anavarro@transformadoraindu.com,VERIFIED,85,+524150086936,2026-09-06T14:31:01.489191+00:00
Industrial Manufacturing & Transformation,TRANSFORMADORA INDUSTRIAL S.A.S.,transformadoraindu.com,Carlos Morales,Chief Financial Officer (CFO),C_SUITE,FINANCE,cmorales@transformadoraindu.com,VERIFIED,85,+526523276150,2026-09-06T14:31:01.489191+00:00
Industrial Manufacturing & Transformation,TRANSFORMADORA INDUSTRIAL S.A.S.,transformadoraindu.com,Patricia López,Chief Operating Officer (COO),C_SUITE,OPERATIONS,plópez@transformadoraindu.com,VERIFIED,85,+529467230580,2026-09-06T14:31:01.489191+00:00
Industrial Manufacturing & Transformation,METALURGICA ESTRATEGICA S.A.S.,metalurgicaestrate.mx,Alejandro Garza,Chief Revenue Officer (CRO),C_SUITE,SALES_MARKETING,agarza@metalurgicaestrate.mx,VERIFIED,85,+525021843894,2026-09-06T14:31:01.489191+00:00
Industrial Manufacturing & Transformation,METALURGICA ESTRATEGICA S.C.,metalurgicaestrate.com,Sofia Hernández,Chief Financial Officer (CFO),C_SUITE,FINANCE,shernández@metalurgicaestrate.com,VERIFIED,85,+526525017527,2026-09-06T14:31:01.489191+00:00
Industrial Manufacturing & Transformation,METALURGICA ESTRATEGICA S.C.,metalurgicaestrate.com,Javier González,Chief Executive Officer (CEO),C_SUITE,EXECUTIVE,jgonzález@metalurgicaestrate.com.mx,VERIFIED,85,+527323399392,2026-09-06T14:31:01.489191+00:00
Industrial Manufacturing & Transformation,METALURGICA GLOBAL S.A.S.,metalurgicaglobal.com.mx,Carlos González,Chief Executive Officer (CEO),C_SUITE,EXECUTIVE,cgonzález@metalurgicaglobal.com.mx,VERIFIED,85,+528439353477,2026-09-06T14:31:01.489191+00:00
Industrial Manufacturing & Transformation,METALURGICA GLOBAL S.A.S.,metalurgicaglobal.com.mx,Claudia Martínez,Chief Executive Officer (CEO),C_SUITE,EXECUTIVE,cmartínez@metalurgicaglobal6.com.mx,VERIFIED,85,+529324172231,2026-09-06T14:31:01.489191+00:00
Industrial Manufacturing & Transformation,METALURGICA GLOBAL S.A.S.,metalurgicaglobal.com.mx,Mariana Navarro,Chief Technology Officer (CTO),C_SUITE,ENGINEERING_IT,mnavarro@metalurgicaglobal.com.mx,VERIFIED,85,+527111689700,2026-09-06T14:31:01.489191+00:00
Industrial Manufacturing & Transformation,METALURGICA GLOBAL S.A. DE C.V.,metalurgicaglobal6.com,Fernando López,Chief Executive Officer (CEO),C_SUITE,EXECUTIVE,flópez@metalurgicaglobal6.com,VERIFIED,85,+527592042878,2026-09-06T14:31:01.489191+00:00
Industrial Manufacturing & Transformation,METALURGICA DEL BAJIO S.A. DE C.V.,metalurgicadelbaji.mx,David Benítez,Chief Revenue Officer (CRO),C_SUITE,SALES_MARKETING,dbenítez@metalurgicadelbaji.mx,VERIFIED,85,+529735652232,2026-09-06T14:31:01.489191+00:00
Industrial Manufacturing & Transformation,METALURGICA DEL BAJIO S.A. DE C.V.,metalurgicadelbaji.mx,Jorge García,Chief Human Resources Officer (CHRO),C_SUITE,HR_PEOPLE,jgarcía@metalurgicadelbaji.mx,VERIFIED,85,+525993027568,2026-09-06T14:31:01.489191+00:00
Industrial Manufacturing & Transformation,METALURGICA DEL BAJIO S.A. DE C.V.,metalurgicadelbaji.mx,Javier Benítez,Chief Revenue Officer (CRO),C_SUITE,SALES_MARKETING,jbenítez@metalurgicadelbaji.com.mx,VERIFIED,85,+525213327630,2026-09-06T14:31:01.489191+00:00
Industrial Manufacturing & Transformation,METALURGICA DEL BAJIO S.A. DE C.V.,metalurgicadelbaji.mx,Roberto Villaseñor,Chief Financial Officer (CFO),C_SUITE,FINANCE,rvillaseñor@metalurgicadelbaji.mx,VERIFIED,85,+524126393520,2026-09-06T14:31:01.489191+00:00
Industrial Manufacturing & Transformation,METALURGICA DEL CENTRO S.A. DE C.V.,metalurgicadelcent.com.mx,Andrea García,Chief Executive Officer (CEO),C_SUITE,EXECUTIVE,agarcía@metalurgicadelcent.com.mx,VERIFIED,85,+525263591097,2026-09-06T14:31:01.489191+00:00
Industrial Manufacturing & Transformation,METALURGICA DEL NORTE S.A. DE C.V.,metalurgicadelnort.com.mx,Patricia Alarcón,Founder,FOUNDER,EXECUTIVE,palarcón@metalurgicadelnort.com.mx,VERIFIED,85,+525798239425,2026-09-06T14:31:01.489191+00:00
Industrial Manufacturing & Transformation,METALURGICA DEL NORTE S.A. DE C.V.,metalurgicadelnort.com.mx,Daniel García,Chief Executive Officer (CEO),C_SUITE,EXECUTIVE,dgarcía@metalurgicadelnort.com.mx,VERIFIED,85,+529512671761,2026-09-06T14:31:01.489191+00:00
Industrial Manufacturing & Transformation,METALURGICA DEL NORTE S.A. DE C.V.,metalurgicadelnort.com.mx,David Vega,Chief Executive Officer (CEO),C_SUITE,EXECUTIVE,dvega@metalurgicadelnort.com.mx,VERIFIED,85,+527857475537,2026-09-06T14:31:01.489191+00:00
Industrial Manufacturing & Transformation,METALURGICA DEL NORTE S.A. DE C.V.,metalurgicadelnort.com.mx,Alejandro Mendoza,Chief Revenue Officer (CRO),C_SUITE,SALES_MARKETING,amendoza@metalurgicadelnort.com.mx,VERIFIED,85,+528588243186,2026-09-06T14:31:01.489191+00:00
Industrial Manufacturing & Transformation,METALURGICA DEL NORTE S.A. DE C.V.,metalurgicadelnort.com.mx,Alejandro González,Chief Executive Officer (CEO),C_SUITE,EXECUTIVE,agonzález@metalurgicadelnort.com.mx,VERIFIED,85,+529574688663,2026-09-06T14:31:01.489191+00:00
Industrial Manufacturing & Transformation,METALURGICA DEL CENTRO S.C.,metalurgicadelcent.com,Daniel Castro,Chief Technology Officer (CTO),C_SUITE,ENGINEERING_IT,dcastro@metalurgicadelcent.com,VERIFIED,85,+528963116369,2026-09-06T14:31:01.489191+00:00
Industrial Manufacturing & Transformation,METALURGICA DEL BAJIO S.A.P.I. DE C.V.,metalurgicadelbaji.com,Gabriel Vega,Chief Operating Officer (COO),C_SUITE,OPERATIONS,gvega@metalurgicadelbaji.com,VERIFIED,85,+525911910825,2026-09-06T14:31:01.489191+00:00
Industrial Manufacturing & Transformation,METALURGICA DEL BAJIO S.A.P.I. DE C.V.,metalurgicadelbaji.com,Alejandro Castro,Chief Financial Officer (CFO),C_SUITE,FINANCE,acastro@metalurgicadelbaji.com,VERIFIED,85,+525130499666,2026-09-06T14:31:01.492059+00:00
Industrial Manufacturing & Transformation,METALURGICA DEL PACIFICO S.A.B. DE C.V.,metalurgicadelpaci.com.mx,Mariana Alarcón,Chief Executive Officer (CEO),C_SUITE,EXECUTIVE,malarcón@metalurgicadelpaci.com.mx,VERIFIED,85,+527775493335,2026-09-06T14:31:01.492059+00:00
Industrial Manufacturing & Transformation,METALURGICA AVANZADA S.A.B. DE C.V.,metalurgicaavanzad.com.mx,Alejandro García,Chief Technology Officer (CTO),C_SUITE,ENGINEERING_IT,agarcía@metalurgicaavanzad.com.mx,VERIFIED,85,+525648573888,2026-09-06T14:31:01.492787+00:00
Industrial Manufacturing & Transformation,METALURGICA AVANZADA S.A.S.,metalurgicaavanzad.com,Mariana Villaseñor,Chief Financial Officer (CFO),C_SUITE,FINANCE,mvillaseñor@metalurgicaavanzad.com,VERIFIED,85,+527157183285,2026-09-06T14:31:01.492787+00:00
Industrial Manufacturing & Transformation,METALURGICA AVANZADA S.A.S.,metalurgicaavanzad.com,Sofia Ruiz,Chief Human Resources Officer (CHRO),C_SUITE,HR_PEOPLE,sruiz@metalurgicaavanzad.com,VERIFIED,85,+526646850488,2026-09-06T14:31:01.492787+00:00
Industrial Manufacturing & Transformation,METALURGICA AVANZADA S.A. DE C.V.,metalurgicaavanzad.mx,Hector Mendoza,Founder,FOUNDER,EXECUTIVE,hmendoza@metalurgicaavanzad.mx,VERIFIED,85,+528152441847,2026-09-06T14:31:01.492787+00:00
Industrial Manufacturing & Transformation,METALURGICA AVANZADA S.A. DE C.V.,metalurgicaavanzad.mx,Hector Valenzuela,Chief Executive Officer (CEO),C_SUITE,EXECUTIVE,hvalenzuela@metalurgicaavanzad.mx,VERIFIED,85,+529376638338,2026-09-06T14:31:01.492787+00:00
Industrial Manufacturing & Transformation,TRANSFORMADORA INDUSTRIAL S.A.B. DE C.V.,transformadoraindu.com.mx,Rodrigo Dominguez,Chief Financial Officer (CFO),C_SUITE,FINANCE,rdominguez@transformadoraindu.com.mx,VERIFIED,85,+529794851497,2026-09-06T14:31:01.492787+00:00
Industrial Manufacturing & Transformation,TRANSFORMADORA INDUSTRIAL S.A.B. DE C.V.,transformadoraindu.com,Hector Garza,Chief Human Resources Officer (CHRO),C_SUITE,HR_PEOPLE,hgarza@transformadoraindu.com,VERIFIED,85,+529292521269,2026-09-06T14:31:01.492787+00:00
Industrial Manufacturing & Transformation,TRANSFORMADORA INDUSTRIAL 70 S. DE R.L. DE C.V.,transformadoraindu.mx,Daniel Garza,Chief Executive Officer (CEO),C_SUITE,EXECUTIVE,dgarza@transformadoraindu.mx,VERIFIED,85,+524417112290,2026-09-06T14:31:01.492787+00:00
Industrial Manufacturing & Transformation,TRANSFORMADORA DE LAS AMERICAS S.A.P.I. DE C.V.,transformadoradela.com,Gabriel Alarcón,Chief Revenue Officer (CRO),C_SUITE,SALES_MARKETING,galarcón@transformadoradela.com,VERIFIED,85,+527958384981,2026-09-06T14:31:01.492787+00:00
Industrial Manufacturing & Transformation,TRANSFORMADORA DE OCCIDENTE S. DE R.L. DE C.V.,transformadoradeoc.com,David Mendoza,Chief Operating Officer (COO),C_SUITE,OPERATIONS,dmendoza@transformadoradeoc.com,VERIFIED,85,+526571360129,2026-09-06T14:31:01.492787+00:00
Industrial Manufacturing & Transformation,TRANSFORMADORA DE OCCIDENTE S.C.,transformadoradeoc.com.mx,Alejandro Navarro,Founder,FOUNDER,EXECUTIVE,anavarro@transformadoradeoc.com.mx,VERIFIED,85,+527071729649,2026-09-06T14:31:01.492787+00:00
Industrial Manufacturing & Transformation,TRANSFORMADORA DE LAS AMERICAS S.A.B. DE C.V.,transformadoradela.com.mx,Sofia Villaseñor,Chief Revenue Officer (CRO),C_SUITE,SALES_MARKETING,svillaseñor@transformadoradela.com.mx,VERIFIED,85,+528047681318,2026-09-06T14:31:01.492787+00:00
Industrial Manufacturing & Transformation,METALURGICA LATINOAMERICANA S.A.B. DE C.V.,metalurgicalatinoa.com,Daniel Hernández,Chief Operating Officer (COO),C_SUITE,OPERATIONS,dhernández@metalurgicalatinoa.com,VERIFIED,85,+526066949453,2026-09-06T14:31:01.492787+00:00
Industrial Manufacturing & Transformation,TRANSFORMADORA DE LAS AMERICAS S.A. DE C.V.,transformadoradela.mx,Fernando Salinas,Chief Technology Officer (CTO),C_SUITE,ENGINEERING_IT,fsalinas@transformadoradela.mx,VERIFIED,85,+526374218504,2026-09-06T14:31:01.500365+00:00
Industrial Manufacturing & Transformation,TRANSFORMADORA DE OCCIDENTE S.A.B. DE C.V.,transformadoradeoc.com.mx,Jorge Mendoza,Chief Executive Officer (CEO),C_SUITE,EXECUTIVE,jmendoza@transformadoradeoc.com.mx,VERIFIED,85,+526925429329,2026-09-06T14:31:01.500365+00:00
Industrial Manufacturing & Transformation,TRANSFORMADORA DE OCCIDENTE S.A.B. DE C.V.,transformadoradeoc.com.mx,David Alarcón,Chief Operating Officer (COO),C_SUITE,OPERATIONS,dalarcón@transformadoradeoc.com.mx,VERIFIED,85,+528247569956,2026-09-06T14:31:01.500365+00:00
Industrial Manufacturing & Transformation,TRANSFORMADORA DE OCCIDENTE S.A.B. DE C.V.,transformadoradeoc.mx,Rodrigo Garza,Chief Human Resources Officer (CHRO),C_SUITE,HR_PEOPLE,rgarza@transformadoradeoc.mx,VERIFIED,85,+526117664354,2026-09-06T14:31:01.500365+00:00
Industrial Manufacturing & Transformation,TRANSFORMADORA DE OCCIDENTE S.A.B. DE C.V.,transformadoradeoc.mx,Hector Benítez,Chief Financial Officer (CFO),C_SUITE,FINANCE,hbenítez@transformadoradeoc.mx,VERIFIED,85,+529367737496,2026-09-06T14:31:01.500365+00:00
Industrial Manufacturing & Transformation,TRANSFORMADORA DE LAS AMERICAS S.A. DE C.V.,transformadoradela.com.mx,Jorge Garza,Chief Executive Officer (CEO),C_SUITE,EXECUTIVE,jgarza@transformadoradela.com.mx,VERIFIED,85,+524858068438,2026-09-06T14:31:01.500365+00:00
Industrial Manufacturing & Transformation,TRANSFORMADORA INTEGRAL S.C.,transformadorainte.com,Daniel Hernández,Chief Human Resources Officer (CHRO),C_SUITE,HR_PEOPLE,dhernández@transformadorainte.com,VERIFIED,85,+524324844758,2026-09-06T14:31:01.500365+00:00
Industrial Manufacturing & Transformation,TRANSFORMADORA INTEGRAL S.C.,transformadorainte.com.mx,Andrea Hernández,Chief Revenue Officer (CRO),C_SUITE,SALES_MARKETING,ahernández@transformadorainte.com.mx,VERIFIED,85,+528079398518,2026-09-06T14:31:01.500976+00:00
Industrial Manufacturing & Transformation,TRANSFORMADORA INTEGRAL S.A. DE C.V.,transformadorainte.mx,Jorge Dominguez,Chief Operating Officer (COO),C_SUITE,OPERATIONS,jdominguez@transformadorainte.mx,VERIFIED,85,+528860996932,2026-09-06T14:31:01.500976+00:00
Industrial Manufacturing & Transformation,TRANSFORMADORA NACIONAL S.A.B. DE C.V.,transformadoranaci.com.mx,Fernando Garza,Chief Technology Officer (CTO),C_SUITE,ENGINEERING_IT,fgarza@transformadoranaci.com.mx,VERIFIED,85,+525117822297,2026-09-06T14:31:01.500976+00:00
Industrial Manufacturing & Transformation,TRANSFORMADORA NACIONAL S.A.B. DE C.V.,transformadoranaci.com.mx,David Villaseñor,Chief Human Resources Officer (CHRO),C_SUITE,HR_PEOPLE,dvillaseñor@transformadoranaci.mx,VERIFIED,85,+526365850362,2026-09-06T14:31:01.500976+00:00
Industrial Manufacturing & Transformation,TRANSFORMADORA NACIONAL S.A.B. DE C.V.,transformadoranaci.com.mx,Roberto Villaseñor,Chief Executive Officer (CEO),C_SUITE,EXECUTIVE,rvillaseñor@transformadoranaci.com.mx,VERIFIED,85,+529987607219,2026-09-06T14:31:01.500976+00:00
Industrial Manufacturing & Transformation,TRANSFORMADORA NACIONAL S.A.B. DE C.V.,transformadoranaci.com.mx,Eduardo Alarcón,Chief Operating Officer (COO),C_SUITE,OPERATIONS,ealarcón@transformadoranaci.com,VERIFIED,85,+525160530320,2026-09-06T14:31:01.500976+00:00
Industrial Manufacturing & Transformation,GRUPO INDUSTRIAL DEL PACIFICO S.C.,grupoindustrialdel.com.mx,Miguel Salinas,Chief Executive Officer (CEO),C_SUITE,EXECUTIVE,msalinas@grupoindustrialdel.com.mx,VERIFIED,85,+528820671040,2026-09-06T14:31:01.500976+00:00
Industrial Manufacturing & Transformation,GRUPO INDUSTRIAL DEL PACIFICO S.C.,grupoindustrialdel.com.mx,Eduardo Mendoza,Chief Revenue Officer (CRO),C_SUITE,SALES_MARKETING,emendoza@grupoindustrialdel.com.mx,VERIFIED,85,+528174827512,2026-09-06T14:31:01.500976+00:00
Industrial Manufacturing & Transformation,GRUPO INDUSTRIAL DEL PACIFICO S.C.,grupoindustrialdel.com.mx,Daniel Vega,Chief Technology Officer (CTO),C_SUITE,ENGINEERING_IT,dvega@grupoindustrialdel.mx,VERIFIED,85,+526155509300,2026-09-06T14:31:01.500976+00:00
Industrial Manufacturing & Transformation,GRUPO INDUSTRIAL DEL PACIFICO S.C.,grupoindustrialdel.com.mx,Fernando Mendoza,Founder,FOUNDER,EXECUTIVE,fmendoza@grupoindustrialdel.com.mx,VERIFIED,85,+525680404552,2026-09-06T14:31:01.500976+00:00
Industrial Manufacturing & Transformation,GRUPO INDUSTRIAL DEL PACIFICO S.C.,grupoindustrialdel.com.mx,Rodrigo Castro,Chief Executive Officer (CEO),C_SUITE,EXECUTIVE,rcastro@grupoindustrialdel.com.mx,VERIFIED,85,+525817297363,2026-09-06T14:31:01.500976+00:00
Industrial Manufacturing & Transformation,GRUPO INDUSTRIAL DEL PACIFICO S.C.,grupoindustrialdel.com.mx,Adriana Castro,Chief Human Resources Officer (CHRO),C_SUITE,HR_PEOPLE,acastro@grupoindustrialdel.com.mx,VERIFIED,85,+527884486964,2026-09-06T14:31:01.500976+00:00
Industrial Manufacturing & Transformation,GRUPO INDUSTRIAL DEL PACIFICO S.C.,grupoindustrialdel.com.mx,Carlos Vega,Chief Financial Officer (CFO),C_SUITE,FINANCE,cvega@grupoindustrialdel.mx,VERIFIED,85,+527128867598,2026-09-06T14:31:01.500976+00:00
Industrial Manufacturing & Transformation,GRUPO INDUSTRIAL MEXICANA S.A. DE C.V.,grupoindustrialmex.com,Adriana Vega,Chief Revenue Officer (CRO),C_SUITE,SALES_MARKETING,avega@grupoindustrialmex.com,VERIFIED,85,+524747712688,2026-09-06T14:31:01.500976+00:00
Industrial Manufacturing & Transformation,GRUPO INDUSTRIAL DINAMICA S.A. DE C.V.,grupoindustrialdin.com,Roberto Navarro,Chief Operating Officer (COO),C_SUITE,OPERATIONS,rnavarro@grupoindustrialdin.com,VERIFIED,85,+525649809220,2026-09-06T14:31:01.500976+00:00
Industrial Manufacturing & Transformation,GRUPO INDUSTRIAL EMPRESARIAL S.A.P.I. DE C.V.,grupoindustrialemp.mx,Rodrigo Navarro,Founder,FOUNDER,EXECUTIVE,rnavarro@grupoindustrialemp.mx,VERIFIED,85,+524582273814,2026-09-06T14:31:01.500976+00:00
Industrial Manufacturing & Transformation,GRUPO INDUSTRIAL DE LAS AMERICAS S.A. DE C.V.,grupoindustrialdel.mx,Luis Hernández,Chief Operating Officer (COO),C_SUITE,OPERATIONS,lhernández@grupoindustrialdel.mx,VERIFIED,85,+527156272178,2026-09-06T14:31:01.500976+00:00
Industrial Manufacturing & Transformation,GRUPO INDUSTRIAL DE LAS AMERICAS S.A. DE C.V.,grupoindustrialdel.mx,Alejandro Hernández,Chief Revenue Officer (CRO),C_SUITE,SALES_MARKETING,ahernández@grupoindustrialdel.mx,VERIFIED,85,+527065493912,2026-09-06T14:31:01.500976+00:00
Industrial Manufacturing & Transformation,GRUPO INDUSTRIAL DE LAS AMERICAS S.A. DE C.V.,grupoindustrialdel.mx,Daniel Ruiz,Chief Operating Officer (COO),C_SUITE,OPERATIONS,druiz@grupoindustrialdel.mx,VERIFIED,85,+524475595225,2026-09-06T14:31:01.500976+00:00
Industrial Manufacturing & Transformation,GRUPO INDUSTRIAL DE LAS AMERICAS S.A. DE C.V.,grupoindustrialdel.mx,Adriana Valenzuela,Chief Revenue Officer (CRO),C_SUITE,SALES_MARKETING,avalenzuela@grupoindustrialdel.com,VERIFIED,85,+528999749664,2026-09-06T14:31:01.500976+00:00
Industrial Manufacturing & Transformation,GRUPO INDUSTRIAL DE LAS AMERICAS S.A. DE C.V.,grupoindustrialdel.mx,Daniel González,Chief Executive Officer (CEO),C_SUITE,EXECUTIVE,dgonzález@grupoindustrialdel.mx,VERIFIED,85,+529894428669,2026-09-06T14:31:01.500976+00:00
Industrial Manufacturing & Transformation,GRUPO INDUSTRIAL DE LAS AMERICAS S.A. DE C.V.,grupoindustrialdel.mx,David Navarro,Chief Human Resources Officer (CHRO),C_SUITE,HR_PEOPLE,dnavarro@grupoindustrialdel.mx,VERIFIED,85,+527112762747,2026-09-06T14:31:01.500976+00:00
Industrial Manufacturing & Transformation,GRUPO INDUSTRIAL DE LAS AMERICAS S.A. DE C.V.,grupoindustrialdel.mx,Eduardo García,Chief Executive Officer (CEO),C_SUITE,EXECUTIVE,egarcía@grupoindustrialdel.mx,VERIFIED,85,+527119916839,2026-09-06T14:31:01.500976+00:00
Industrial Manufacturing & Transformation,GRUPO INDUSTRIAL DEL PACIFICO 60 S.C.,grupoindustrialdel.com,Gabriel López,Chief Executive Officer (CEO),C_SUITE,EXECUTIVE,glópez@grupoindustrialdel.com,VERIFIED,85,+524412686544,2026-09-06T14:31:01.500976+00:00
Industrial Manufacturing & Transformation,GRUPO INDUSTRIAL DEL PACIFICO 60 S.C.,grupoindustrialdel.com,Adriana Morales,Chief Executive Officer (CEO),C_SUITE,EXECUTIVE,amorales@grupoindustrialdel.com,VERIFIED,85,+529924292719,2026-09-06T14:31:01.500976+00:00
Industrial Manufacturing & Transformation,GRUPO INDUSTRIAL DE OCCIDENTE S.A.B. DE C.V.,grupoindustrialdeo.mx,Patricia Valenzuela,Chief Technology Officer (CTO),C_SUITE,ENGINEERING_IT,pvalenzuela@grupoindustrialdeo.mx,VERIFIED,85,+526751847970,2026-09-06T14:31:01.500976+00:00
Industrial Manufacturing & Transformation,GRUPO INDUSTRIAL DE OCCIDENTE S.A.B. DE C.V.,grupoindustrialdeo.mx,Guillermo Ruiz,Chief Technology Officer (CTO),C_SUITE,ENGINEERING_IT,gruiz@grupoindustrialdeo.mx,VERIFIED,85,+529439344101,2026-09-06T14:31:01.500976+00:00
Industrial Manufacturing & Transformation,GRUPO INDUSTRIAL GLOBAL S.A.B. DE C.V.,grupoindustrialglo.com,Daniel Villaseñor,Chief Technology Officer (CTO),C_SUITE,ENGINEERING_IT,dvillaseñor@grupoindustrialglo.com,VERIFIED,85,+526355070145,2026-09-06T14:31:01.500976+00:00
Industrial Manufacturing & Transformation,GRUPO INDUSTRIAL GLOBAL S.A.B. DE C.V.,grupoindustrialglo.com,David Benítez,Chief Executive Officer (CEO),C_SUITE,EXECUTIVE,dbenítez@grupoindustrialglo.mx,VERIFIED,85,+529767823641,2026-09-06T14:31:01.500976+00:00
Industrial Manufacturing & Transformation,GRUPO INDUSTRIAL GLOBAL S.A.B. DE C.V.,grupoindustrialglo.com,Eduardo Hernández,Chief Financial Officer (CFO),C_SUITE,FINANCE,ehernández@grupoindustrialglo.mx,VERIFIED,85,+529939116779,2026-09-06T14:31:01.500976+00:00
Industrial Manufacturing & Transformation,GRUPO INDUSTRIAL GLOBAL S.A.B. DE C.V.,grupoindustrialglo.com,Gabriel Castro,Chief Revenue Officer (CRO),C_SUITE,SALES_MARKETING,gcastro@grupoindustrialglo.com,VERIFIED,85,+529835388060,2026-09-06T14:31:01.500976+00:00
Industrial Manufacturing & Transformation,GRUPO INDUSTRIAL MODERNA S.A.S.,grupoindustrialmod.com.mx,Jorge Benítez,Chief Human Resources Officer (CHRO),C_SUITE,HR_PEOPLE,jbenítez@grupoindustrialmod.com.mx,VERIFIED,85,+524650359467,2026-09-06T14:31:01.500976+00:00
Industrial Manufacturing & Transformation,GRUPO INDUSTRIAL MODERNA S.A.S.,grupoindustrialmod.com.mx,Daniel Dominguez,Chief Executive Officer (CEO),C_SUITE,EXECUTIVE,ddominguez@grupoindustrialmod.com.mx,VERIFIED,85,+524598720940,2026-09-06T14:31:01.500976+00:00
Industrial Manufacturing & Transformation,GRUPO INDUSTRIAL AVANZADA S.A. DE C.V.,grupoindustrialava.com.mx,Javier Garza,Chief Revenue Officer (CRO),C_SUITE,SALES_MARKETING,jgarza@grupoindustrialava.com.mx,VERIFIED,85,+524973178130,2026-09-06T14:31:01.500976+00:00
Industrial Manufacturing & Transformation,GRUPO INDUSTRIAL AVANZADA S.A. DE C.V.,grupoindustrialava.com.mx,David Valenzuela,Chief Financial Officer (CFO),C_SUITE,FINANCE,dvalenzuela@grupoindustrialava.com.mx,VERIFIED,85,+525163111740,2026-09-06T14:31:01.500976+00:00
Industrial Manufacturing & Transformation,GRUPO INDUSTRIAL INTEGRAL S.A.P.I. DE C.V.,grupoindustrialint.mx,Alejandro Castro,Chief Executive Officer (CEO),C_SUITE,EXECUTIVE,acastro@grupoindustrialint.mx,VERIFIED,85,+527220007623,2026-09-06T14:31:01.500976+00:00
Industrial Manufacturing & Transformation,GRUPO INDUSTRIAL INTEGRAL S.A.P.I. DE C.V.,grupoindustrialint.mx,Daniel Alarcón,Chief Human Resources Officer (CHRO),C_SUITE,HR_PEOPLE,dalarcón@grupoindustrialint.mx,VERIFIED,85,+526861954278,2026-09-06T14:31:01.500976+00:00
Industrial Manufacturing & Transformation,GRUPO INDUSTRIAL AVANZADA S.A.S.,grupoindustrialava.mx,Gabriel López,Chief Human Resources Officer (CHRO),C_SUITE,HR_PEOPLE,glópez@grupoindustrialava.mx,VERIFIED,85,+526145271212,2026-09-06T14:31:01.500976+00:00
Industrial Manufacturing & Transformation,GRUPO INDUSTRIAL INDUSTRIAL S.A. DE C.V.,grupoindustrialind.com.mx,David Salinas,Founder,FOUNDER,EXECUTIVE,dsalinas@grupoindustrialind.com.mx,VERIFIED,85,+528520930731,2026-09-06T14:31:01.500976+00:00
Industrial Manufacturing & Transformation,GRUPO INDUSTRIAL INDUSTRIAL S.A. DE C.V.,grupoindustrialind.com.mx,Patricia Ruiz,Chief Executive Officer (CEO),C_SUITE,EXECUTIVE,pruiz@grupoindustrialind.com,VERIFIED,85,+525092737974,2026-09-06T14:31:01.500976+00:00
Industrial Manufacturing & Transformation,GRUPO INDUSTRIAL MEXICANA S.A.P.I. DE C.V.,grupoindustrialmex.com.mx,Andrea Valenzuela,Chief Executive Officer (CEO),C_SUITE,EXECUTIVE,avalenzuela@grupoindustrialmex.com.mx,VERIFIED,85,+526569957270,2026-09-06T14:31:01.500976+00:00
Industrial Manufacturing & Transformation,GRUPO INDUSTRIAL MEXICANA S.A.P.I. DE C.V.,grupoindustrialmex.com.mx,Hector Morales,Chief Human Resources Officer (CHRO),C_SUITE,HR_PEOPLE,hmorales@grupoindustrialmex.com.mx,VERIFIED,85,+524499490693,2026-09-06T14:31:01.500976+00:00
Industrial Manufacturing & Transformation,GRUPO INDUSTRIAL MEXICANA S.A.P.I. DE C.V.,grupoindustrialmex.com.mx,Patricia Dominguez,Chief Human Resources Officer (CHRO),C_SUITE,HR_PEOPLE,pdominguez@grupoindustrialmex.com.mx,VERIFIED,85,+525058178869,2026-09-06T14:31:01.500976+00:00
Industrial Manufacturing & Transformation,GRUPO INDUSTRIAL NACIONAL S. DE R.L. DE C.V.,grupoindustrialnac.mx,Alejandro Ruiz,Chief Financial Officer (CFO),C_SUITE,FINANCE,aruiz@grupoindustrialnac.mx,VERIFIED,85,+528975569237,2026-09-06T14:31:01.500976+00:00
Industrial Manufacturing & Transformation,GRUPO INDUSTRIAL NACIONAL S. DE R.L. DE C.V.,grupoindustrialnac.mx,David Treviño,Chief Revenue Officer (CRO),C_SUITE,SALES_MARKETING,dtreviño@grupoindustrialnac.mx,VERIFIED,85,+529833653068,2026-09-06T14:31:01.500976+00:00
Industrial Manufacturing & Transformation,GRUPO INDUSTRIAL NACIONAL S. DE R.L. DE C.V.,grupoindustrialnac.mx,Fernando Benítez,Chief Executive Officer (CEO),C_SUITE,EXECUTIVE,fbenítez@grupoindustrialnac.mx,VERIFIED,85,+527566136893,2026-09-06T14:31:01.500976+00:00
Industrial Manufacturing & Transformation,GRUPO INDUSTRIAL INDUSTRIAL 76 S.A. DE C.V.,grupoindustrialind.com,Guillermo Dominguez,Chief Financial Officer (CFO),C_SUITE,FINANCE,gdominguez@grupoindustrialind.com,VERIFIED,85,+524775670734,2026-09-06T14:31:01.500976+00:00
Industrial Manufacturing & Transformation,GRUPO INDUSTRIAL LATINOAMERICANA S.A.S.,grupoindustriallat.mx,Sofia Valenzuela,Chief Human Resources Officer (CHRO),C_SUITE,HR_PEOPLE,svalenzuela@grupoindustriallat.mx,VERIFIED,85,+529788807416,2026-09-06T14:31:01.500976+00:00
Industrial Manufacturing & Transformation,GRUPO INDUSTRIAL LATINOAMERICANA S.A.S.,grupoindustriallat.mx,Gabriel Benítez,Chief Executive Officer (CEO),C_SUITE,EXECUTIVE,gbenítez@grupoindustriallat.mx,VERIFIED,85,+525337368433,2026-09-06T14:31:01.500976+00:00
Industrial Manufacturing & Transformation,GRUPO INDUSTRIAL ESPECIALIZADA S.A. DE C.V.,grupoindustrialesp.com.mx,Carlos García,Chief Revenue Officer (CRO),C_SUITE,SALES_MARKETING,cgarcía@grupoindustrialesp.com.mx,VERIFIED,85,+524899693549,2026-09-06T14:31:01.500976+00:00
Industrial Manufacturing & Transformation,GRUPO INDUSTRIAL ESPECIALIZADA S.A. DE C.V.,grupoindustrialesp.com.mx,Adriana Valenzuela,Chief Technology Officer (CTO),C_SUITE,ENGINEERING_IT,avalenzuela@grupoindustrialesp.com.mx,VERIFIED,85,+526231586603,2026-09-06T14:31:01.500976+00:00
Industrial Manufacturing & Transformation,GRUPO INDUSTRIAL ESPECIALIZADA S.A. DE C.V.,grupoindustrialesp.com.mx,Adriana Hernández,Chief Human Resources Officer (CHRO),C_SUITE,HR_PEOPLE,ahernández@grupoindustrialesp.com.mx,VERIFIED,85,+528979676021,2026-09-06T14:31:01.500976+00:00
Industrial Manufacturing & Transformation,GRUPO INDUSTRIAL NACIONAL S.A. DE C.V.,grupoindustrialnac.com,Andrea Dominguez,Chief Revenue Officer (CRO),C_SUITE,SALES_MARKETING,adominguez@grupoindustrialnac.com,VERIFIED,85,+526811855391,2026-09-06T14:31:01.500976+00:00
Industrial Manufacturing & Transformation,GRUPO INDUSTRIAL EMPRESARIAL S.A.B. DE C.V.,grupoindustrialemp.com.mx,Miguel Garza,Chief Human Resources Officer (CHRO),C_SUITE,HR_PEOPLE,mgarza@grupoindustrialemp.com.mx,VERIFIED,85,+528513489611,2026-09-06T14:31:01.500976+00:00
Industrial Manufacturing & Transformation,GRUPO INDUSTRIAL EMPRESARIAL S.A.B. DE C.V.,grupoindustrialemp.com.mx,Roberto Morales,Chief Revenue Officer (CRO),C_SUITE,SALES_MARKETING,rmorales@grupoindustrialemp.com.mx,VERIFIED,85,+525385034275,2026-09-06T14:31:01.500976+00:00
Industrial Manufacturing & Transformation,GRUPO INDUSTRIAL LATINOAMERICANA S.A.B. DE C.V.,grupoindustriallat.com,Gabriel García,Chief Executive Officer (CEO),C_SUITE,EXECUTIVE,ggarcía@grupoindustriallat.com,VERIFIED,85,+528272367863,2026-09-06T14:31:01.500976+00:00
Industrial Manufacturing & Transformation,GRUPO INDUSTRIAL LATINOAMERICANA S.A.B. DE C.V.,grupoindustriallat.com,Fernando Salinas,Chief Financial Officer (CFO),C_SUITE,FINANCE,fsalinas@grupoindustriallat.com,VERIFIED,85,+525395756700,2026-09-06T14:31:01.500976+00:00
Industrial Manufacturing & Transformation,GRUPO INDUSTRIAL EMPRESARIAL 82 S.C.,grupoindustrialemp.com,Patricia Mendoza,Chief Financial Officer (CFO),C_SUITE,FINANCE,pmendoza@grupoindustrialemp.com,VERIFIED,85,+528631788044,2026-09-06T14:31:01.500976+00:00
Industrial Manufacturing & Transformation,GRUPO INDUSTRIAL EMPRESARIAL 82 S.C.,grupoindustrialemp.com,Rodrigo Salinas,Founder,FOUNDER,EXECUTIVE,rsalinas@grupoindustrialemp.com,VERIFIED,85,+527891547908,2026-09-06T14:31:01.500976+00:00
Industrial Manufacturing & Transformation,GRUPO INDUSTRIAL DINAMICA S.A. DE C.V.,grupoindustrialdin.com.mx,Adriana García,Chief Revenue Officer (CRO),C_SUITE,SALES_MARKETING,agarcía@grupoindustrialdin.com.mx,VERIFIED,85,+526557759362,2026-09-06T14:31:01.500976+00:00
Industrial Manufacturing & Transformation,GRUPO INDUSTRIAL CENTRAL S.A.S.,grupoindustrialcen.mx,Mariana López,Chief Executive Officer (CEO),C_SUITE,EXECUTIVE,mlópez@grupoindustrialcen.mx,VERIFIED,85,+525617758883,2026-09-06T14:31:01.500976+00:00
Industrial Manufacturing & Transformation,GRUPO INDUSTRIAL CENTRAL S.A.S.,grupoindustrialcen.mx,David Villaseñor,Chief Revenue Officer (CRO),C_SUITE,SALES_MARKETING,dvillaseñor@grupoindustrialcen.mx,VERIFIED,85,+525150882537,2026-09-06T14:31:01.500976+00:00
Industrial Manufacturing & Transformation,GRUPO INDUSTRIAL DINAMICA S.A.P.I. DE C.V.,grupoindustrialdin.mx,Jorge García,Chief Executive Officer (CEO),C_SUITE,EXECUTIVE,jgarcía@grupoindustrialdin.mx,VERIFIED,85,+527135704863,2026-09-06T14:31:01.500976+00:00
Industrial Manufacturing & Transformation,METALURGICA INTERNACIONAL S.C.,metalurgicainterna.com,David Mendoza,Chief Revenue Officer (CRO),C_SUITE,SALES_MARKETING,dmendoza@metalurgicainterna.com,VERIFIED,85,+529219545035,2026-09-06T14:31:01.500976+00:00
Industrial Manufacturing & Transformation,METALURGICA INTERNACIONAL S.C.,metalurgicainterna.com,Javier Treviño,Founder,FOUNDER,EXECUTIVE,jtreviño@metalurgicainterna.com,VERIFIED,85,+528827720618,2026-09-06T14:31:01.500976+00:00
Industrial Manufacturing & Transformation,METALURGICA INTERNACIONAL S.C.,metalurgicainterna.com,Mariana Vega,Chief Human Resources Officer (CHRO),C_SUITE,HR_PEOPLE,mvega@metalurgicainterna.mx,VERIFIED,85,+528270486503,2026-09-06T14:31:01.500976+00:00
Industrial Manufacturing & Transformation,METALURGICA INTERNACIONAL S.C.,metalurgicainterna.com.mx,Roberto Garza,Chief Revenue Officer (CRO),C_SUITE,SALES_MARKETING,rgarza@metalurgicainterna.com.mx,VERIFIED,85,+526427452318,2026-09-06T14:31:01.500976+00:00
Industrial Manufacturing & Transformation,METALURGICA CENTRAL 54 S.C.,metalurgicacentral.com.mx,Alejandro López,Chief Executive Officer (CEO),C_SUITE,EXECUTIVE,alópez@metalurgicacentral.com.mx,VERIFIED,85,+528145229602,2026-09-06T14:31:01.500976+00:00
Industrial Manufacturing & Transformation,METALURGICA CENTRAL S.C.,metalurgicacentral.com,Roberto Hernández,Chief Human Resources Officer (CHRO),C_SUITE,HR_PEOPLE,rhernández@metalurgicacentral.com,VERIFIED,85,+525350694431,2026-09-06T14:31:01.500976+00:00
Industrial Manufacturing & Transformation,METALURGICA CENTRAL S.C.,metalurgicacentral.com,Miguel Dominguez,Founder,FOUNDER,EXECUTIVE,mdominguez@metalurgicacentral.com,VERIFIED,85,+529050321449,2026-09-06T14:31:01.500976+00:00
Industrial Manufacturing & Transformation,METALURGICA CENTRAL S.C.,metalurgicacentral.com,Adriana Salinas,Chief Operating Officer (COO),C_SUITE,OPERATIONS,asalinas@metalurgicacentral.mx,VERIFIED,85,+529336037708,2026-09-06T14:31:01.500976+00:00
Industrial Manufacturing & Transformation,GRUPO INDUSTRIAL ESTRATEGICA S. DE R.L. DE C.V.,grupoindustrialest.mx,Rodrigo García,Chief Technology Officer (CTO),C_SUITE,ENGINEERING_IT,rgarcía@grupoindustrialest.mx,VERIFIED,85,+527982401694,2026-09-06T14:31:01.500976+00:00
Industrial Manufacturing & Transformation,GRUPO INDUSTRIAL MODERNA S.A.S.,grupoindustrialmod.com,Adriana Mendoza,Chief Technology Officer (CTO),C_SUITE,ENGINEERING_IT,amendoza@grupoindustrialmod.com,VERIFIED,85,+527221192212,2026-09-06T14:31:01.500976+00:00
Industrial Manufacturing & Transformation,GRUPO INDUSTRIAL MODERNA S.A.S.,grupoindustrialmod.com,Roberto Garza,Chief Executive Officer (CEO),C_SUITE,EXECUTIVE,rgarza@grupoindustrialmod.com,VERIFIED,85,+529150099067,2026-09-06T14:31:01.500976+00:00
Industrial Manufacturing & Transformation,GRUPO INDUSTRIAL MODERNA S.A.S.,grupoindustrialmod.com,David Valenzuela,Chief Revenue Officer (CRO),C_SUITE,SALES_MARKETING,dvalenzuela@grupoindustrialmod.com,VERIFIED,85,+527231192715,2026-09-06T14:31:01.500976+00:00
Industrial Manufacturing & Transformation,GRUPO INDUSTRIAL MODERNA S.A.S.,grupoindustrialmod.com,Sofia Valenzuela,Chief Executive Officer (CEO),C_SUITE,EXECUTIVE,svalenzuela@grupoindustrialmod.com,VERIFIED,85,+524841509029,2026-09-06T14:31:01.500976+00:00
Industrial Manufacturing & Transformation,GRUPO INDUSTRIAL INTERNACIONAL S.A.S.,grupoindustrialint.com.mx,Daniel López,Chief Operating Officer (COO),C_SUITE,OPERATIONS,dlópez@grupoindustrialint.com.mx,VERIFIED,85,+528547879943,2026-09-06T14:31:01.500976+00:00
Industrial Manufacturing & Transformation,GRUPO INDUSTRIAL INTERNACIONAL S.A.S.,grupoindustrialint.com.mx,Carlos Ruiz,Chief Operating Officer (COO),C_SUITE,OPERATIONS,cruiz@grupoindustrialint.com.mx,VERIFIED,85,+529496529197,2026-09-06T14:31:01.500976+00:00
Industrial Manufacturing & Transformation,GRUPO INDUSTRIAL INTERNACIONAL S.A.S.,grupoindustrialint.com.mx,Patricia González,Chief Executive Officer (CEO),C_SUITE,EXECUTIVE,pgonzález@grupoindustrialint.com.mx,VERIFIED,85,+524520966139,2026-09-06T14:31:01.500976+00:00
Industrial Manufacturing & Transformation,GRUPO INDUSTRIAL GLOBAL S. DE R.L. DE C.V.,grupoindustrialglo.com.mx,Fernando Castro,Chief Financial Officer (CFO),C_SUITE,FINANCE,fcastro@grupoindustrialglo.com.mx,VERIFIED,85,+527350859420,2026-09-06T14:31:01.500976+00:00
Industrial Manufacturing & Transformation,GRUPO INDUSTRIAL GLOBAL S. DE R.L. DE C.V.,grupoindustrialglo.com.mx,Adriana Castro,Chief Technology Officer (CTO),C_SUITE,ENGINEERING_IT,acastro@grupoindustrialglo.com.mx,VERIFIED,85,+528452780643,2026-09-06T14:31:01.500976+00:00
Industrial Manufacturing & Transformation,GRUPO INDUSTRIAL GLOBAL S. DE R.L. DE C.V.,grupoindustrialglo.com.mx,Rodrigo González,Chief Financial Officer (CFO),C_SUITE,FINANCE,rgonzález@grupoindustrialglo.com.mx,VERIFIED,85,+526265811389,2026-09-06T14:31:01.500976+00:00
Industrial Manufacturing & Transformation,GRUPO INDUSTRIAL LATINOAMERICANA S.A.P.I. DE C.V.,grupoindustriallat.mx,Eduardo López,Chief Financial Officer (CFO),C_SUITE,FINANCE,elópez@grupoindustriallat.mx,VERIFIED,85,+525460438461,2026-09-06T14:31:01.500976+00:00
Industrial Manufacturing & Transformation,GRUPO INDUSTRIAL DINAMICA 81 S.A.P.I. DE C.V.,grupoindustrialdin.com,Adriana Salinas,Chief Revenue Officer (CRO),C_SUITE,SALES_MARKETING,asalinas@grupoindustrialdin.com,VERIFIED,85,+528082383506,2026-09-06T14:31:01.500976+00:00
Industrial Manufacturing & Transformation,GRUPO INDUSTRIAL DINAMICA 81 S.A.P.I. DE C.V.,grupoindustrialdin.com,Patricia Hernández,Chief Executive Officer (CEO),C_SUITE,EXECUTIVE,phernández@grupoindustrialdin.com,VERIFIED,85,+524765619021,2026-09-06T14:31:01.500976+00:00
Industrial Manufacturing & Transformation,GRUPO INDUSTRIAL DE OCCIDENTE S.A.P.I. DE C.V.,grupoindustrialdeo.mx,Roberto Mendoza,Chief Revenue Officer (CRO),C_SUITE,SALES_MARKETING,rmendoza@grupoindustrialdeo.mx,VERIFIED,85,+529723244820,2026-09-06T14:31:01.500976+00:00
Industrial Manufacturing & Transformation,GRUPO INDUSTRIAL ESPECIALIZADA S.A. DE C.V.,grupoindustrialesp.mx,Guillermo González,Chief Operating Officer (COO),C_SUITE,OPERATIONS,ggonzález@grupoindustrialesp.mx,VERIFIED,85,+525685290666,2026-09-06T14:31:01.500976+00:00
Industrial Manufacturing & Transformation,GRUPO INDUSTRIAL AVANZADA 99 S.A. DE C.V.,grupoindustrialava.com,Carlos Castro,Chief Operating Officer (COO),C_SUITE,OPERATIONS,ccastro@grupoindustrialava.com,VERIFIED,85,+527030723872,2026-09-06T14:31:01.500976+00:00
Industrial Manufacturing & Transformation,GRUPO INDUSTRIAL AVANZADA 99 S.A. DE C.V.,grupoindustrialava.com,Hector Garza,Chief Technology Officer (CTO),C_SUITE,ENGINEERING_IT,hgarza@grupoindustrialava.com,VERIFIED,85,+529598823432,2026-09-06T14:31:01.500976+00:00
Industrial Manufacturing & Transformation,GRUPO INDUSTRIAL NACIONAL S.A. DE C.V.,grupoindustrialnac.com,Mariana Dominguez,Chief Human Resources Officer (CHRO),C_SUITE,HR_PEOPLE,mdominguez@grupoindustrialnac.com,VERIFIED,85,+525841510424,2026-09-06T14:31:01.500976+00:00
Industrial Manufacturing & Transformation,GRUPO INDUSTRIAL NACIONAL S.A. DE C.V.,grupoindustrialnac.com,Adriana González,Chief Executive Officer (CEO),C_SUITE,EXECUTIVE,agonzález@grupoindustrialnac.com,VERIFIED,85,+525328647243,2026-09-06T14:31:01.500976+00:00
Industrial Manufacturing & Transformation,GRUPO INDUSTRIAL DEL BAJIO S. DE R.L. DE C.V.,grupoindustrialdel.com,Alejandro Benítez,Chief Operating Officer (COO),C_SUITE,OPERATIONS,abenítez@grupoindustrialdel.com,VERIFIED,85,+528250231635,2026-09-06T14:31:01.500976+00:00
Industrial Manufacturing & Transformation,GRUPO INDUSTRIAL DEL BAJIO S. DE R.L. DE C.V.,grupoindustrialdel.com,Guillermo Navarro,Chief Technology Officer (CTO),C_SUITE,ENGINEERING_IT,gnavarro@grupoindustrialdel.com,VERIFIED,85,+525778189652,2026-09-06T14:31:01.500976+00:00
Industrial Manufacturing & Transformation,GRUPO INDUSTRIAL DEL BAJIO S. DE R.L. DE C.V.,grupoindustrialdel.com,Luis Navarro,Chief Executive Officer (CEO),C_SUITE,EXECUTIVE,lnavarro@grupoindustrialdel.com,VERIFIED,85,+526278415490,2026-09-06T14:31:01.500976+00:00
Industrial Manufacturing & Transformation,GRUPO INDUSTRIAL DEL BAJIO S. DE R.L. DE C.V.,grupoindustrialdel.com,Patricia García,Chief Revenue Officer (CRO),C_SUITE,SALES_MARKETING,pgarcía@grupoindustrialdel.com,VERIFIED,85,+529054087454,2026-09-06T14:31:01.500976+00:00
Industrial Manufacturing & Transformation,GRUPO INDUSTRIAL INTEGRAL S.A.P.I. DE C.V.,grupoindustrialint.com,Roberto Alarcón,Chief Technology Officer (CTO),C_SUITE,ENGINEERING_IT,ralarcón@grupoindustrialint.com,VERIFIED,85,+524667491330,2026-09-06T14:31:01.500976+00:00
Industrial Manufacturing & Transformation,GRUPO INDUSTRIAL CENTRAL S.A. DE C.V.,grupoindustrialcen.mx,Rodrigo Navarro,Chief Revenue Officer (CRO),C_SUITE,SALES_MARKETING,rnavarro@grupoindustrialcen.mx,VERIFIED,85,+527543759604,2026-09-06T14:31:01.500976+00:00
Industrial Manufacturing & Transformation,GRUPO INDUSTRIAL CENTRAL S.A. DE C.V.,grupoindustrialcen.mx,Gabriel Martínez,Chief Human Resources Officer (CHRO),C_SUITE,HR_PEOPLE,gmartínez@grupoindustrialcen.mx,VERIFIED,85,+524866468154,2026-09-06T14:31:01.500976+00:00
Industrial Manufacturing & Transformation,GRUPO INDUSTRIAL CENTRAL S.A. DE C.V.,grupoindustrialcen.mx,Adriana Morales,Chief Human Resources Officer (CHRO),C_SUITE,HR_PEOPLE,amorales@grupoindustrialcen.mx,VERIFIED,85,+527536109615,2026-09-06T14:31:01.500976+00:00
Industrial Manufacturing & Transformation,GRUPO INDUSTRIAL CENTRAL S.A. DE C.V.,grupoindustrialcen.mx,Luis García,Chief Executive Officer (CEO),C_SUITE,EXECUTIVE,lgarcía@grupoindustrialcen.com,VERIFIED,85,+529952968346,2026-09-06T14:31:01.500976+00:00
Industrial Manufacturing & Transformation,GRUPO INDUSTRIAL CENTRAL S.A. DE C.V.,grupoindustrialcen.mx,Sofia González,Chief Executive Officer (CEO),C_SUITE,EXECUTIVE,sgonzález@grupoindustrialcen.mx,VERIFIED,85,+524349326507,2026-09-06T14:31:01.500976+00:00
Industrial Manufacturing & Transformation,GRUPO INDUSTRIAL INDUSTRIAL S.A. DE C.V.,grupoindustrialind.mx,Jorge Benítez,Founder,FOUNDER,EXECUTIVE,jbenítez@grupoindustrialind.mx,VERIFIED,85,+527968375281,2026-09-06T14:31:01.500976+00:00
Industrial Manufacturing & Transformation,GRUPO INDUSTRIAL INTERNACIONAL S.A.P.I. DE C.V.,grupoindustrialint.mx,Roberto Ruiz,Chief Executive Officer (CEO),C_SUITE,EXECUTIVE,rruiz@grupoindustrialint.mx,VERIFIED,85,+528124153223,2026-09-06T14:31:01.500976+00:00
Industrial Manufacturing & Transformation,GRUPO INDUSTRIAL INTERNACIONAL S.A.P.I. DE C.V.,grupoindustrialint.mx,Eduardo González,Chief Technology Officer (CTO),C_SUITE,ENGINEERING_IT,egonzález@grupoindustrialint.mx,VERIFIED,85,+527071626759,2026-09-06T14:31:01.500976+00:00
Industrial Manufacturing & Transformation,GRUPO INDUSTRIAL INTERNACIONAL S.A.P.I. DE C.V.,grupoindustrialint.mx,Adriana Morales,Chief Human Resources Officer (CHRO),C_SUITE,HR_PEOPLE,amorales@grupoindustrialint.mx,VERIFIED,85,+525163427699,2026-09-06T14:31:01.500976+00:00
Industrial Manufacturing & Transformation,GRUPO INDUSTRIAL INTERNACIONAL S.A.P.I. DE C.V.,grupoindustrialint.mx,Alejandro Castro,Chief Financial Officer (CFO),C_SUITE,FINANCE,acastro@grupoindustrialint.mx,VERIFIED,85,+526094146474,2026-09-06T14:31:01.500976+00:00
Industrial Manufacturing & Transformation,GRUPO INDUSTRIAL MODERNA S.A. DE C.V.,grupoindustrialmod.mx,Eduardo Valenzuela,Chief Revenue Officer (CRO),C_SUITE,SALES_MARKETING,evalenzuela@grupoindustrialmod.mx,VERIFIED,85,+526965612551,2026-09-06T14:31:01.500976+00:00
Industrial Manufacturing & Transformation,GRUPO INDUSTRIAL AVANZADA 21 S.A.S.,grupoindustrialava.mx,Patricia Treviño,Chief Financial Officer (CFO),C_SUITE,FINANCE,ptreviño@grupoindustrialava.mx,VERIFIED,85,+526018670060,2026-09-06T14:31:01.500976+00:00
Industrial Manufacturing & Transformation,GRUPO INDUSTRIAL AVANZADA 21 S.A.S.,grupoindustrialava.mx,Eduardo Mendoza,Chief Human Resources Officer (CHRO),C_SUITE,HR_PEOPLE,emendoza@grupoindustrialava.mx,VERIFIED,85,+528650328378,2026-09-06T14:31:01.500976+00:00
Industrial Manufacturing & Transformation,GRUPO INDUSTRIAL DE OCCIDENTE S. DE R.L. DE C.V.,grupoindustrialdeo.com.mx,David Treviño,Chief Executive Officer (CEO),C_SUITE,EXECUTIVE,dtreviño@grupoindustrialdeo.com.mx,VERIFIED,85,+526398588743,2026-09-06T14:31:01.500976+00:00
Industrial Manufacturing & Transformation,GRUPO INDUSTRIAL DE OCCIDENTE S. DE R.L. DE C.V.,grupoindustrialdeo.com.mx,Rodrigo Navarro,Founder,FOUNDER,EXECUTIVE,rnavarro@grupoindustrialdeo.com.mx,VERIFIED,85,+526776918243,2026-09-06T14:31:01.500976+00:00
Industrial Manufacturing & Transformation,GRUPO INDUSTRIAL ESPECIALIZADA S.A. DE C.V.,grupoindustrialesp.com,Sofia Ruiz,Chief Operating Officer (COO),C_SUITE,OPERATIONS,sruiz@grupoindustrialesp.com,VERIFIED,85,+525998603570,2026-09-06T14:31:01.500976+00:00
Industrial Manufacturing & Transformation,GRUPO INDUSTRIAL ESPECIALIZADA S.A. DE C.V.,grupoindustrialesp.com,Patricia Benítez,Chief Executive Officer (CEO),C_SUITE,EXECUTIVE,pbenítez@grupoindustrialesp.com,VERIFIED,85,+526058921088,2026-09-06T14:31:01.500976+00:00
Industrial Manufacturing & Transformation,GRUPO INDUSTRIAL CENTRAL S. DE R.L. DE C.V.,grupoindustrialcen.com.mx,Sofia Hernández,Chief Human Resources Officer (CHRO),C_SUITE,HR_PEOPLE,shernández@grupoindustrialcen.com.mx,VERIFIED,85,+529213998593,2026-09-06T14:31:01.500976+00:00
Industrial Manufacturing & Transformation,GRUPO INDUSTRIAL DEL BAJIO 76 S.A. DE C.V.,grupoindustrialdel.com.mx,David Salinas,Chief Financial Officer (CFO),C_SUITE,FINANCE,dsalinas@grupoindustrialdel.com.mx,VERIFIED,85,+527440377296,2026-09-06T14:31:01.500976+00:00
Industrial Manufacturing & Transformation,GRUPO INDUSTRIAL DEL BAJIO 76 S.A. DE C.V.,grupoindustrialdel.com.mx,Mariana Morales,Chief Financial Officer (CFO),C_SUITE,FINANCE,mmorales@grupoindustrialdel.com.mx,VERIFIED,85,+527657399442,2026-09-06T14:31:01.500976+00:00
Industrial Manufacturing & Transformation,GRUPO INDUSTRIAL DEL BAJIO 76 S.A. DE C.V.,grupoindustrialdel.com.mx,Rodrigo González,Chief Executive Officer (CEO),C_SUITE,EXECUTIVE,rgonzález@grupoindustrialdel.com.mx,VERIFIED,85,+529221986079,2026-09-06T14:31:01.500976+00:00
Industrial Manufacturing & Transformation,GRUPO INDUSTRIAL DEL BAJIO 76 S.A. DE C.V.,grupoindustrialdel.com.mx,Andrea Morales,Chief Revenue Officer (CRO),C_SUITE,SALES_MARKETING,amorales@grupoindustrialdel.com.mx,VERIFIED,85,+528131045028,2026-09-06T14:31:01.500976+00:00
Industrial Manufacturing & Transformation,GRUPO INDUSTRIAL DEL BAJIO 76 S.A. DE C.V.,grupoindustrialdel.com.mx,Carlos Ruiz,Chief Revenue Officer (CRO),C_SUITE,SALES_MARKETING,cruiz@grupoindustrialdel.com.mx,VERIFIED,85,+529635481405,2026-09-06T14:31:01.500976+00:00
Industrial Manufacturing & Transformation,GRUPO INDUSTRIAL LATINOAMERICANA S.A.P.I. DE C.V.,grupoindustriallat.com.mx,Luis Navarro,Chief Human Resources Officer (CHRO),C_SUITE,HR_PEOPLE,lnavarro@grupoindustriallat.com.mx,VERIFIED,85,+524293408203,2026-09-06T14:31:01.500976+00:00
Industrial Manufacturing & Transformation,GRUPO INDUSTRIAL EMPRESARIAL S.A.P.I. DE C.V.,grupoindustrialemp.com.mx,Javier López,Chief Executive Officer (CEO),C_SUITE,EXECUTIVE,jlópez@grupoindustrialemp.com.mx,VERIFIED,85,+529912384759,2026-09-06T14:31:01.500976+00:00
Industrial Manufacturing & Transformation,GRUPO INDUSTRIAL EMPRESARIAL S.A.P.I. DE C.V.,grupoindustrialemp.com.mx,Gabriel Benítez,Chief Operating Officer (COO),C_SUITE,OPERATIONS,gbenítez@grupoindustrialemp.mx,VERIFIED,85,+529312514208,2026-09-06T14:31:01.500976+00:00
Industrial Manufacturing & Transformation,GRUPO INDUSTRIAL EMPRESARIAL S.A.P.I. DE C.V.,grupoindustrialemp.com.mx,Andrea Mendoza,Chief Executive Officer (CEO),C_SUITE,EXECUTIVE,amendoza@grupoindustrialemp.com.mx,VERIFIED,85,+528332092029,2026-09-06T14:31:01.500976+00:00
Industrial Manufacturing & Transformation,GRUPO INDUSTRIAL DEL PACIFICO S.A. DE C.V.,grupoindustrialdel.mx,Roberto González,Chief Executive Officer (CEO),C_SUITE,EXECUTIVE,rgonzález@grupoindustrialdel.mx,VERIFIED,85,+526555384494,2026-09-06T14:31:01.500976+00:00
Industrial Manufacturing & Transformation,GRUPO INDUSTRIAL INDUSTRIAL 87 S.A.S.,grupoindustrialind.com,Patricia Castro,Chief Human Resources Officer (CHRO),C_SUITE,HR_PEOPLE,pcastro@grupoindustrialind.com,VERIFIED,85,+524194455241,2026-09-06T14:31:01.500976+00:00
Industrial Manufacturing & Transformation,GRUPO INDUSTRIAL DINAMICA S.A.P.I. DE C.V.,grupoindustrialdin.mx,Adriana Garza,Chief Operating Officer (COO),C_SUITE,OPERATIONS,agarza@grupoindustrialdin.mx,VERIFIED,85,+528629435915,2026-09-06T14:31:01.500976+00:00
Industrial Manufacturing & Transformation,GRUPO INDUSTRIAL ESPECIALIZADA S.A.S.,grupoindustrialesp.com.mx,Patricia López,Founder,FOUNDER,EXECUTIVE,plópez@grupoindustrialesp.com.mx,VERIFIED,85,+528147110520,2026-09-06T14:31:01.500976+00:00
Industrial Manufacturing & Transformation,GRUPO INDUSTRIAL MODERNA S.A.P.I. DE C.V.,grupoindustrialmod.com.mx,Carlos Martínez,Chief Revenue Officer (CRO),C_SUITE,SALES_MARKETING,cmartínez@grupoindustrialmod.com.mx,VERIFIED,85,+524986394286,2026-09-06T14:31:01.500976+00:00
Industrial Manufacturing & Transformation,GRUPO INDUSTRIAL NACIONAL 67 S.A.P.I. DE C.V.,grupoindustrialnac.com.mx,Jorge López,Chief Human Resources Officer (CHRO),C_SUITE,HR_PEOPLE,jlópez@grupoindustrialnac.com.mx,VERIFIED,85,+529137397746,2026-09-06T14:31:01.500976+00:00
Industrial Manufacturing & Transformation,METALURGICA LATINOAMERICANA S. DE R.L. DE C.V.,metalurgicalatinoa.com,Carlos Treviño,Chief Executive Officer (CEO),C_SUITE,EXECUTIVE,ctreviño@metalurgicalatinoa.com,VERIFIED,85,+528328689870,2026-09-06T14:31:01.500976+00:00
Industrial Manufacturing & Transformation,METALURGICA LATINOAMERICANA S. DE R.L. DE C.V.,metalurgicalatinoa.com,Daniel Ruiz,Chief Operating Officer (COO),C_SUITE,OPERATIONS,druiz@metalurgicalatinoa.com,VERIFIED,85,+525212007337,2026-09-06T14:31:01.500976+00:00
Industrial Manufacturing & Transformation,METALURGICA LATINOAMERICANA S.A.P.I. DE C.V.,metalurgicalatinoa.com.mx,Jorge Navarro,Founder,FOUNDER,EXECUTIVE,jnavarro@metalurgicalatinoa.com.mx,VERIFIED,85,+529585996286,2026-09-06T14:31:01.500976+00:00
Industrial Manufacturing & Transformation,METALURGICA LATINOAMERICANA S.A. DE C.V.,metalurgicalatinoa.mx,Hector Navarro,Chief Financial Officer (CFO),C_SUITE,FINANCE,hnavarro@metalurgicalatinoa.mx,VERIFIED,85,+528946099362,2026-09-06T14:31:01.500976+00:00
Industrial Manufacturing & Transformation,METALURGICA GLOBAL S.A.B. DE C.V.,metalurgicaglobal.com.mx,Mariana Dominguez,Chief Executive Officer (CEO),C_SUITE,EXECUTIVE,mdominguez@metalurgicaglobal.com.mx,VERIFIED,85,+526940689571,2026-09-06T14:31:01.500976+00:00
Industrial Manufacturing & Transformation,METALURGICA GLOBAL S.A.B. DE C.V.,metalurgicaglobal.com.mx,Patricia González,Chief Revenue Officer (CRO),C_SUITE,SALES_MARKETING,pgonzález@metalurgicaglobal.com,VERIFIED,85,+525637658487,2026-09-06T14:31:01.500976+00:00
Industrial Manufacturing & Transformation,TRANSFORMADORA CENTRAL S.A.B. DE C.V.,transformadoracent.com,Rodrigo Villaseñor,Founder,FOUNDER,EXECUTIVE,rvillaseñor@transformadoracent.com,VERIFIED,85,+525969366100,2026-09-06T14:31:01.500976+00:00
Industrial Manufacturing & Transformation,TRANSFORMADORA DEL PACIFICO S.A.S.,transformadoradelp.com.mx,Gabriel Ruiz,Chief Executive Officer (CEO),C_SUITE,EXECUTIVE,gruiz@transformadoradelp.com.mx,VERIFIED,85,+524052401051,2026-09-06T14:31:01.500976+00:00
Industrial Manufacturing & Transformation,TRANSFORMADORA DEL PACIFICO S.A.S.,transformadoradelp.com.mx,Daniel Alarcón,Chief Financial Officer (CFO),C_SUITE,FINANCE,dalarcón@transformadoradelp.com.mx,VERIFIED,85,+526817636565,2026-09-06T14:31:01.500976+00:00
Industrial Manufacturing & Transformation,TRANSFORMADORA DEL PACIFICO S.A.S.,transformadoradelp.com.mx,Fernando Navarro,Chief Financial Officer (CFO),C_SUITE,FINANCE,fnavarro@transformadoradelp.com.mx,VERIFIED,85,+525562129041,2026-09-06T14:31:01.500976+00:00
Industrial Manufacturing & Transformation,TRANSFORMADORA DEL NORTE S.A.S.,transformadoradeln.com.mx,Mariana Alarcón,Chief Executive Officer (CEO),C_SUITE,EXECUTIVE,malarcón@transformadoradeln.com.mx,VERIFIED,85,+527017605197,2026-09-06T14:31:01.500976+00:00
Industrial Manufacturing & Transformation,TRANSFORMADORA DEL NORTE S.A.S.,transformadoradeln.com.mx,Andrea Alarcón,Chief Financial Officer (CFO),C_SUITE,FINANCE,aalarcón@transformadoradeln.com.mx,VERIFIED,85,+529660879023,2026-09-06T14:31:01.500976+00:00
Industrial Manufacturing & Transformation,TRANSFORMADORA DEL PACIFICO S.A.B. DE C.V.,transformadoradelp.com,Alejandro Benítez,Chief Technology Officer (CTO),C_SUITE,ENGINEERING_IT,abenítez@transformadoradelp.com,VERIFIED,85,+527511642777,2026-09-06T14:31:01.500976+00:00
Industrial Manufacturing & Transformation,TRANSFORMADORA DEL PACIFICO S.A.B. DE C.V.,transformadoradelp.com,Patricia Castro,Founder,FOUNDER,EXECUTIVE,pcastro@transformadoradelp.com,VERIFIED,85,+527072903226,2026-09-06T14:31:01.500976+00:00
Industrial Manufacturing & Transformation,TRANSFORMADORA DEL PACIFICO S.A.B. DE C.V.,transformadoradelp.com,Rodrigo Alarcón,Chief Technology Officer (CTO),C_SUITE,ENGINEERING_IT,ralarcón@transformadoradelp.com,VERIFIED,85,+528570796833,2026-09-06T14:31:01.500976+00:00
Industrial Manufacturing & Transformation,TRANSFORMADORA DEL PACIFICO S.A.B. DE C.V.,transformadoradelp.com,Miguel Benítez,Chief Technology Officer (CTO),C_SUITE,ENGINEERING_IT,mbenítez@transformadoradelp.com,VERIFIED,85,+528034397216,2026-09-06T14:31:01.500976+00:00
Industrial Manufacturing & Transformation,TRANSFORMADORA DEL BAJIO S.A.P.I. DE C.V.,transformadoradelb.mx,Luis Ruiz,Chief Executive Officer (CEO),C_SUITE,EXECUTIVE,lruiz@transformadoradelb.mx,VERIFIED,85,+528265573220,2026-09-06T14:31:01.500976+00:00
Industrial Manufacturing & Transformation,TRANSFORMADORA DEL BAJIO S.A.P.I. DE C.V.,transformadoradelb.mx,Javier González,Chief Technology Officer (CTO),C_SUITE,ENGINEERING_IT,jgonzález@transformadoradelb.com.mx,VERIFIED,85,+529490816026,2026-09-06T14:31:01.500976+00:00
Industrial Manufacturing & Transformation,TRANSFORMADORA DEL BAJIO S.A.P.I. DE C.V.,transformadoradelb.mx,Adriana Morales,Founder,FOUNDER,EXECUTIVE,amorales@transformadoradelb.mx,VERIFIED,85,+525466433615,2026-09-06T14:31:01.500976+00:00
Industrial Manufacturing & Transformation,TRANSFORMADORA DEL BAJIO S.A.P.I. DE C.V.,transformadoradelb.mx,Guillermo Navarro,Chief Operating Officer (COO),C_SUITE,OPERATIONS,gnavarro@transformadoradelb.com,VERIFIED,85,+527667514001,2026-09-06T14:31:01.500976+00:00
Industrial Manufacturing & Transformation,TRANSFORMADORA DEL BAJIO S.A.P.I. DE C.V.,transformadoradelb.mx,Andrea Morales,Chief Operating Officer (COO),C_SUITE,OPERATIONS,amorales@transformadoradelb.com,VERIFIED,85,+527643436129,2026-09-06T14:31:01.500976+00:00
Industrial Manufacturing & Transformation,TRANSFORMADORA DEL CENTRO S.A.S.,transformadoradelc.mx,Guillermo Morales,Chief Executive Officer (CEO),C_SUITE,EXECUTIVE,gmorales@transformadoradelc.mx,VERIFIED,85,+525490527126,2026-09-06T14:31:01.500976+00:00
Industrial Manufacturing & Transformation,TRANSFORMADORA DEL CENTRO S.A.S.,transformadoradelc.mx,Jorge Benítez,Founder,FOUNDER,EXECUTIVE,jbenítez@transformadoradelc.com,VERIFIED,85,+526844137827,2026-09-06T14:31:01.500976+00:00
Industrial Manufacturing & Transformation,METALURGICA DEL PACIFICO S.C.,metalurgicadelpaci.com.mx,Miguel Salinas,Chief Financial Officer (CFO),C_SUITE,FINANCE,msalinas@metalurgicadelpaci.com.mx,VERIFIED,85,+526344664158,2026-09-06T14:31:01.500976+00:00
Industrial Manufacturing & Transformation,METALURGICA DEL CENTRO S.C.,metalurgicadelcent.com,Patricia Valenzuela,Chief Financial Officer (CFO),C_SUITE,FINANCE,pvalenzuela@metalurgicadelcent.com,VERIFIED,85,+528866858245,2026-09-06T14:31:01.500976+00:00
Industrial Manufacturing & Transformation,METALURGICA DEL CENTRO S.C.,metalurgicadelcent.com,Adriana Navarro,Chief Technology Officer (CTO),C_SUITE,ENGINEERING_IT,anavarro@metalurgicadelcent.com,VERIFIED,85,+524899574001,2026-09-06T14:31:01.500976+00:00
Industrial Manufacturing & Transformation,METALURGICA DEL CENTRO S.C.,metalurgicadelcent.com,Alejandro Benítez,Chief Executive Officer (CEO),C_SUITE,EXECUTIVE,abenítez@metalurgicadelcent.com,VERIFIED,85,+527294835747,2026-09-06T14:31:01.500976+00:00
Industrial Manufacturing & Transformation,METALURGICA DEL NORTE S. DE R.L. DE C.V.,metalurgicadelnort.com,Daniel Alarcón,Chief Operating Officer (COO),C_SUITE,OPERATIONS,dalarcón@metalurgicadelnort.com,VERIFIED,85,+528276009650,2026-09-06T14:31:01.500976+00:00
Industrial Manufacturing & Transformation,METALURGICA DEL NORTE S. DE R.L. DE C.V.,metalurgicadelnort.com,Carlos Salinas,Chief Human Resources Officer (CHRO),C_SUITE,HR_PEOPLE,csalinas@metalurgicadelnort.com,VERIFIED,85,+528793031582,2026-09-06T14:31:01.500976+00:00
Industrial Manufacturing & Transformation,METALURGICA DEL NORTE S. DE R.L. DE C.V.,metalurgicadelnort.com,Jorge Ruiz,Chief Revenue Officer (CRO),C_SUITE,SALES_MARKETING,jruiz@metalurgicadelnort.com,VERIFIED,85,+528860126942,2026-09-06T14:31:01.500976+00:00
Industrial Manufacturing & Transformation,METALURGICA DEL NORTE S. DE R.L. DE C.V.,metalurgicadelnort.com,Guillermo Hernández,Chief Financial Officer (CFO),C_SUITE,FINANCE,ghernández@metalurgicadelnort.com.mx,VERIFIED,85,+527731871085,2026-09-06T14:31:01.500976+00:00
Industrial Manufacturing & Transformation,METALURGICA DEL BAJIO S. DE R.L. DE C.V.,metalurgicadelbaji.com.mx,Daniel González,Chief Operating Officer (COO),C_SUITE,OPERATIONS,dgonzález@metalurgicadelbaji.com.mx,VERIFIED,85,+525471472874,2026-09-06T14:31:01.508673+00:00
Industrial Manufacturing & Transformation,METALURGICA DEL BAJIO S. DE R.L. DE C.V.,metalurgicadelbaji.com.mx,Guillermo Alarcón,Chief Executive Officer (CEO),C_SUITE,EXECUTIVE,galarcón@metalurgicadelbaji.mx,VERIFIED,85,+529620617856,2026-09-06T14:31:01.508673+00:00
Industrial Manufacturing & Transformation,METALURGICA DEL BAJIO S. DE R.L. DE C.V.,metalurgicadelbaji.com.mx,Andrea Benítez,Chief Technology Officer (CTO),C_SUITE,ENGINEERING_IT,abenítez@metalurgicadelbaji.com.mx,VERIFIED,85,+525141138054,2026-09-06T14:31:01.508673+00:00
Industrial Manufacturing & Transformation,METALURGICA DEL CENTRO S.A.S.,metalurgicadelcent.mx,Gabriel López,Chief Human Resources Officer (CHRO),C_SUITE,HR_PEOPLE,glópez@metalurgicadelcent.mx,VERIFIED,85,+528773444136,2026-09-06T14:31:01.508673+00:00
Industrial Manufacturing & Transformation,METALURGICA DEL CENTRO S.A.S.,metalurgicadelcent.mx,Jorge García,Founder,FOUNDER,EXECUTIVE,jgarcía@metalurgicadelcent.mx,VERIFIED,85,+528231010272,2026-09-06T14:31:01.508673+00:00
Industrial Manufacturing & Transformation,METALURGICA DEL NORTE 1 S. DE R.L. DE C.V.,metalurgicadelnort.com.mx,Sofia González,Chief Executive Officer (CEO),C_SUITE,EXECUTIVE,sgonzález@metalurgicadelnort.com.mx,VERIFIED,85,+524068225060,2026-09-06T14:31:01.508673+00:00
Industrial Manufacturing & Transformation,METALURGICA DEL PACIFICO S.A.B. DE C.V.,metalurgicadelpaci.mx,David Valenzuela,Founder,FOUNDER,EXECUTIVE,dvalenzuela@metalurgicadelpaci.mx,VERIFIED,85,+525647933923,2026-09-06T14:31:01.508673+00:00
Industrial Manufacturing & Transformation,METALURGICA ESTRATEGICA S.A.S.,metalurgicaestrate.com.mx,Hector Treviño,Founder,FOUNDER,EXECUTIVE,htreviño@metalurgicaestrate.com.mx,VERIFIED,85,+523319161287,2026-09-06T14:31:01.508673+00:00
Industrial Manufacturing & Transformation,METALURGICA ESTRATEGICA S.A.S.,metalurgicaestrate.com.mx,Eduardo Martínez,Chief Technology Officer (CTO),C_SUITE,ENGINEERING_IT,emartínez@metalurgicaestrate.com,VERIFIED,85,+523381779461,2026-09-06T14:31:01.508673+00:00
Industrial Manufacturing & Transformation,METALURGICA ESTRATEGICA S.A.S.,metalurgicaestrate.mx,Mariana Hernández,Chief Human Resources Officer (CHRO),C_SUITE,HR_PEOPLE,mhernández@metalurgicaestrate.mx,VERIFIED,85,+523371286670,2026-09-06T14:31:01.508673+00:00
Industrial Manufacturing & Transformation,METALURGICA ESTRATEGICA S.A.S.,metalurgicaestrate.mx,Andrea Garza,Chief Technology Officer (CTO),C_SUITE,ENGINEERING_IT,agarza@metalurgicaestrate.mx,VERIFIED,85,+523330763069,2026-09-06T14:31:01.508673+00:00
Industrial Manufacturing & Transformation,METALURGICA ESTRATEGICA S.A.S.,metalurgicaestrate.mx,Miguel Martínez,Chief Executive Officer (CEO),C_SUITE,EXECUTIVE,mmartínez@metalurgicaestrate.mx,VERIFIED,85,+523361758019,2026-09-06T14:31:01.508673+00:00
Industrial Manufacturing & Transformation,METALURGICA ESTRATEGICA S.A.S.,metalurgicaestrate.mx,Patricia Alarcón,Chief Financial Officer (CFO),C_SUITE,FINANCE,palarcón@metalurgicaestrate.mx,VERIFIED,85,+523342921409,2026-09-06T14:31:01.508673+00:00
Industrial Manufacturing & Transformation,METALURGICA INTERNACIONAL S.A. DE C.V.,metalurgicainterna.com.mx,Claudia Salinas,Chief Executive Officer (CEO),C_SUITE,EXECUTIVE,csalinas@metalurgicainterna.com.mx,VERIFIED,85,+527759097422,2026-09-06T14:31:01.509294+00:00
Industrial Manufacturing & Transformation,METALURGICA INTERNACIONAL S.A. DE C.V.,metalurgicainterna.com.mx,Javier Benítez,Chief Financial Officer (CFO),C_SUITE,FINANCE,jbenítez@metalurgicainterna.com.mx,VERIFIED,85,+525381027316,2026-09-06T14:31:01.509294+00:00
Industrial Manufacturing & Transformation,METALURGICA INTERNACIONAL S.A. DE C.V.,metalurgicainterna.com.mx,Eduardo Castro,Chief Financial Officer (CFO),C_SUITE,FINANCE,ecastro@metalurgicainterna.com.mx,VERIFIED,85,+525686783672,2026-09-06T14:31:01.509294+00:00
Industrial Manufacturing & Transformation,METALURGICA INTERNACIONAL S.A. DE C.V.,metalurgicainterna.com.mx,Sofia Garza,Chief Revenue Officer (CRO),C_SUITE,SALES_MARKETING,sgarza@metalurgicainterna.com.mx,VERIFIED,85,+528046597953,2026-09-06T14:31:01.509294+00:00
Industrial Manufacturing & Transformation,METALURGICA INTERNACIONAL S.A.S.,metalurgicainterna.mx,Rodrigo Morales,Founder,FOUNDER,EXECUTIVE,rmorales@metalurgicainterna.mx,VERIFIED,85,+526159841114,2026-09-06T14:31:01.509294+00:00
Industrial Manufacturing & Transformation,METALURGICA INTERNACIONAL S.A.S.,metalurgicainterna.mx,Javier Hernández,Founder,FOUNDER,EXECUTIVE,jhernández@metalurgicainterna.mx,VERIFIED,85,+524822346573,2026-09-06T14:31:01.509294+00:00
Industrial Manufacturing & Transformation,TRANSFORMADORA ESPECIALIZADA S.C.,transformadoraespe.com,Rodrigo Salinas,Chief Technology Officer (CTO),C_SUITE,ENGINEERING_IT,rsalinas@transformadoraespe.com,VERIFIED,85,+524197749472,2026-09-06T14:31:01.509294+00:00
Industrial Manufacturing & Transformation,TRANSFORMADORA ESPECIALIZADA S.C.,transformadoraespe.com,Roberto Dominguez,Chief Executive Officer (CEO),C_SUITE,EXECUTIVE,rdominguez@transformadoraespe.com.mx,VERIFIED,85,+528760363204,2026-09-06T14:31:01.509294+00:00
Industrial Manufacturing & Transformation,TRANSFORMADORA ESPECIALIZADA S.C.,transformadoraespe.com,Eduardo Valenzuela,Founder,FOUNDER,EXECUTIVE,evalenzuela@transformadoraespe.com,VERIFIED,85,+526333944809,2026-09-06T14:31:01.509294+00:00
Industrial Manufacturing & Transformation,METALURGICA NACIONAL S.C.,metalurgicanaciona.com.mx,Roberto Castro,Founder,FOUNDER,EXECUTIVE,rcastro@metalurgicanaciona.com.mx,VERIFIED,85,+524280577193,2026-09-06T14:31:01.509294+00:00
Industrial Manufacturing & Transformation,METALURGICA NACIONAL S.C.,metalurgicanaciona.com.mx,Patricia García,Chief Executive Officer (CEO),C_SUITE,EXECUTIVE,pgarcía@metalurgicanaciona.com.mx,VERIFIED,85,+524847849586,2026-09-06T14:31:01.509294+00:00
Industrial Manufacturing & Transformation,METALURGICA NACIONAL S.C.,metalurgicanaciona.com.mx,Luis Hernández,Chief Human Resources Officer (CHRO),C_SUITE,HR_PEOPLE,lhernández@metalurgicanaciona.com.mx,VERIFIED,85,+529225475323,2026-09-06T14:31:01.509294+00:00
Industrial Manufacturing & Transformation,METALURGICA NACIONAL S.C.,metalurgicanaciona.com.mx,Roberto Benítez,Chief Executive Officer (CEO),C_SUITE,EXECUTIVE,rbenítez@metalurgicanaciona.com.mx,VERIFIED,85,+528046188541,2026-09-06T14:31:01.509294+00:00
Industrial Manufacturing & Transformation,METALURGICA NACIONAL S.A.S.,metalurgicanaciona.mx,Hector Benítez,Chief Financial Officer (CFO),C_SUITE,FINANCE,hbenítez@metalurgicanaciona.mx,VERIFIED,85,+524649186850,2026-09-06T14:31:01.509294+00:00
Industrial Manufacturing & Transformation,METALURGICA NACIONAL 69 S.C.,metalurgicanaciona.com,Miguel Castro,Chief Technology Officer (CTO),C_SUITE,ENGINEERING_IT,mcastro@metalurgicanaciona.com,VERIFIED,85,+526527242127,2026-09-06T14:31:01.509294+00:00
Industrial Manufacturing & Transformation,METALURGICA NACIONAL 69 S.C.,metalurgicanaciona.com,Carlos Vega,Chief Operating Officer (COO),C_SUITE,OPERATIONS,cvega@metalurgicanaciona.com,VERIFIED,85,+528647542503,2026-09-06T14:31:01.509294+00:00
Industrial Manufacturing & Transformation,TRANSFORMADORA EMPRESARIAL S.C.,transformadoraempr.com.mx,Carlos Vega,Chief Operating Officer (COO),C_SUITE,OPERATIONS,cvega@transformadoraempr.com.mx,VERIFIED,85,+527932327809,2026-09-06T14:31:01.509294+00:00
Industrial Manufacturing & Transformation,TRANSFORMADORA EMPRESARIAL S.C.,transformadoraempr.com.mx,Miguel Martínez,Chief Executive Officer (CEO),C_SUITE,EXECUTIVE,mmartínez@transformadoraempr.com.mx,VERIFIED,85,+529743202161,2026-09-06T14:31:01.509294+00:00
Industrial Manufacturing & Transformation,TRANSFORMADORA EMPRESARIAL S.C.,transformadoraempr.com.mx,Jorge Castro,Chief Revenue Officer (CRO),C_SUITE,SALES_MARKETING,jcastro@transformadoraempr.com,VERIFIED,85,+529227117328,2026-09-06T14:31:01.509294+00:00
Industrial Manufacturing & Transformation,TRANSFORMADORA EMPRESARIAL S.C.,transformadoraempr.com.mx,Mariana Benítez,Founder,FOUNDER,EXECUTIVE,mbenítez@transformadoraempr.mx,VERIFIED,85,+525948872885,2026-09-06T14:31:01.509294+00:00
Industrial Manufacturing & Transformation,TRANSFORMADORA EMPRESARIAL S.C.,transformadoraempr.com.mx,David García,Chief Financial Officer (CFO),C_SUITE,FINANCE,dgarcía@transformadoraempr.mx,VERIFIED,85,+524415287338,2026-09-06T14:31:01.509294+00:00
Industrial Manufacturing & Transformation,TRANSFORMADORA EMPRESARIAL S.C.,transformadoraempr.com.mx,Eduardo Ruiz,Chief Financial Officer (CFO),C_SUITE,FINANCE,eruiz@transformadoraempr.com.mx,VERIFIED,85,+526451475885,2026-09-06T14:31:01.509294+00:00
Industrial Manufacturing & Transformation,TRANSFORMADORA EMPRESARIAL 27 S.A.B. DE C.V.,transformadoraempr.com,Sofia Mendoza,Chief Executive Officer (CEO),C_SUITE,EXECUTIVE,smendoza@transformadoraempr.com,VERIFIED,85,+526993142345,2026-09-06T14:31:01.509294+00:00
Industrial Manufacturing & Transformation,TRANSFORMADORA EMPRESARIAL S.A.B. DE C.V.,transformadoraempr.mx,David Alarcón,Chief Executive Officer (CEO),C_SUITE,EXECUTIVE,dalarcón@transformadoraempr.mx,VERIFIED,85,+526285924226,2026-09-06T14:31:01.509294+00:00
Industrial Manufacturing & Transformation,METALURGICA DEL PACIFICO S. DE R.L. DE C.V.,metalurgicadelpaci.mx,Alejandro Morales,Chief Executive Officer (CEO),C_SUITE,EXECUTIVE,amorales@metalurgicadelpaci.mx,VERIFIED,85,+528617738550,2026-09-06T14:31:01.509294+00:00
Industrial Manufacturing & Transformation,METALURGICA DEL PACIFICO S. DE R.L. DE C.V.,metalurgicadelpaci.mx,Luis Castro,Chief Financial Officer (CFO),C_SUITE,FINANCE,lcastro@metalurgicadelpaci.mx,VERIFIED,85,+527431619286,2026-09-06T14:31:01.509294+00:00
Industrial Manufacturing & Transformation,METALURGICA DEL PACIFICO S. DE R.L. DE C.V.,metalurgicadelpaci.mx,Guillermo Hernández,Chief Executive Officer (CEO),C_SUITE,EXECUTIVE,ghernández@metalurgicadelpaci.mx,VERIFIED,85,+527390115459,2026-09-06T14:31:01.509294+00:00
Industrial Manufacturing & Transformation,METALURGICA DEL BAJIO S. DE R.L. DE C.V.,metalurgicadelbaji.mx,David Ruiz,Chief Financial Officer (CFO),C_SUITE,FINANCE,druiz@metalurgicadelbaji.mx,VERIFIED,85,+524720006743,2026-09-06T14:31:01.509294+00:00
Industrial Manufacturing & Transformation,METALURGICA DEL BAJIO S. DE R.L. DE C.V.,metalurgicadelbaji.mx,Claudia García,Founder,FOUNDER,EXECUTIVE,cgarcía@metalurgicadelbaji.com.mx,VERIFIED,85,+526167885548,2026-09-06T14:31:01.509294+00:00
Industrial Manufacturing & Transformation,METALURGICA DEL BAJIO S. DE R.L. DE C.V.,metalurgicadelbaji.mx,Luis Benítez,Chief Executive Officer (CEO),C_SUITE,EXECUTIVE,lbenítez@metalurgicadelbaji.com,VERIFIED,85,+526412849288,2026-09-06T14:31:01.509294+00:00
Industrial Manufacturing & Transformation,METALURGICA DEL NORTE S.A.P.I. DE C.V.,metalurgicadelnort.com.mx,Adriana López,Chief Technology Officer (CTO),C_SUITE,ENGINEERING_IT,alópez@metalurgicadelnort.com.mx,VERIFIED,85,+524635332466,2026-09-06T14:31:01.509294+00:00
Industrial Manufacturing & Transformation,METALURGICA DEL NORTE S.A.P.I. DE C.V.,metalurgicadelnort.com.mx,Eduardo Martínez,Chief Revenue Officer (CRO),C_SUITE,SALES_MARKETING,emartínez@metalurgicadelnort.com.mx,VERIFIED,85,+524846695444,2026-09-06T14:31:01.509294+00:00
Industrial Manufacturing & Transformation,METALURGICA DEL NORTE S.A.P.I. DE C.V.,metalurgicadelnort.com.mx,Daniel Vega,Chief Operating Officer (COO),C_SUITE,OPERATIONS,dvega@metalurgicadelnort.mx,VERIFIED,85,+527057687535,2026-09-06T14:31:01.509294+00:00
Industrial Manufacturing & Transformation,METALURGICA DEL NORTE S.A. DE C.V.,metalurgicadelnort.mx,Adriana Castro,Founder,FOUNDER,EXECUTIVE,acastro@metalurgicadelnort.mx,VERIFIED,85,+526290547980,2026-09-06T14:31:01.509294+00:00
Industrial Manufacturing & Transformation,METALURGICA DEL CENTRO S.A.S.,metalurgicadelcent.mx,Hector Salinas,Chief Revenue Officer (CRO),C_SUITE,SALES_MARKETING,hsalinas@metalurgicadelcent.mx,VERIFIED,85,+524871913740,2026-09-06T14:31:01.509294+00:00
Industrial Manufacturing & Transformation,METALURGICA DEL BAJIO S.A.B. DE C.V.,metalurgicadelbaji.com,Andrea Garza,Chief Operating Officer (COO),C_SUITE,OPERATIONS,agarza@metalurgicadelbaji.com,VERIFIED,85,+526579778547,2026-09-06T14:31:01.509294+00:00
Industrial Manufacturing & Transformation,METALURGICA DEL BAJIO S.A.B. DE C.V.,metalurgicadelbaji.com,Eduardo Martínez,Chief Operating Officer (COO),C_SUITE,OPERATIONS,emartínez@metalurgicadelbaji.com.mx,VERIFIED,85,+527494509264,2026-09-06T14:31:01.509294+00:00
Industrial Manufacturing & Transformation,METALURGICA DEL BAJIO 59 S. DE R.L. DE C.V.,metalurgicadelbaji.com.mx,Patricia González,Chief Revenue Officer (CRO),C_SUITE,SALES_MARKETING,pgonzález@metalurgicadelbaji.com.mx,VERIFIED,85,+526839127349,2026-09-06T14:31:01.509294+00:00
Industrial Manufacturing & Transformation,TRANSFORMADORA INDUSTRIAL S.A.B. DE C.V.,transformadoraindu.com.mx,Patricia Morales,Chief Human Resources Officer (CHRO),C_SUITE,HR_PEOPLE,pmorales@transformadoraindu.com.mx,VERIFIED,85,+525593108556,2026-09-06T14:31:01.509294+00:00
Industrial Manufacturing & Transformation,TRANSFORMADORA INDUSTRIAL S.A.B. DE C.V.,transformadoraindu.com.mx,Patricia Martínez,Chief Human Resources Officer (CHRO),C_SUITE,HR_PEOPLE,pmartínez@transformadoraindu.com.mx,VERIFIED,85,+525217124279,2026-09-06T14:31:01.509294+00:00
Industrial Manufacturing & Transformation,TRANSFORMADORA INDUSTRIAL 81 S.A. DE C.V.,transformadoraindu.mx,Daniel García,Chief Operating Officer (COO),C_SUITE,OPERATIONS,dgarcía@transformadoraindu.mx,VERIFIED,85,+527417377276,2026-09-06T14:31:01.509294+00:00
Industrial Manufacturing & Transformation,TRANSFORMADORA GLOBAL 6 S.C.,transformadoraglob.com,Rodrigo Alarcón,Chief Financial Officer (CFO),C_SUITE,FINANCE,ralarcón@transformadoraglob.com,VERIFIED,85,+525979909871,2026-09-06T14:31:01.509294+00:00
Industrial Manufacturing & Transformation,TRANSFORMADORA GLOBAL 6 S.C.,transformadoraglob.com,Fernando López,Chief Financial Officer (CFO),C_SUITE,FINANCE,flópez@transformadoraglob.com,VERIFIED,85,+526827760348,2026-09-06T14:31:01.509294+00:00
Industrial Manufacturing & Transformation,TRANSFORMADORA GLOBAL 6 S.C.,transformadoraglob.com,Hector González,Chief Human Resources Officer (CHRO),C_SUITE,HR_PEOPLE,hgonzález@transformadoraglob.com,VERIFIED,85,+524511491881,2026-09-06T14:31:01.509294+00:00
Industrial Manufacturing & Transformation,TRANSFORMADORA GLOBAL S.A.S.,transformadoraglob.com.mx,Mariana Garza,Chief Revenue Officer (CRO),C_SUITE,SALES_MARKETING,mgarza@transformadoraglob.com.mx,VERIFIED,85,+528793296601,2026-09-06T14:31:01.509294+00:00
Industrial Manufacturing & Transformation,TRANSFORMADORA MODERNA S.A. DE C.V.,transformadoramode.mx,Rodrigo Alarcón,Chief Operating Officer (COO),C_SUITE,OPERATIONS,ralarcón@transformadoramode.mx,VERIFIED,85,+524179847933,2026-09-06T14:31:01.509294+00:00
Industrial Manufacturing & Transformation,TRANSFORMADORA MODERNA S.A. DE C.V.,transformadoramode.mx,Javier López,Founder,FOUNDER,EXECUTIVE,jlópez@transformadoramode.mx,VERIFIED,85,+527749856171,2026-09-06T14:31:01.509294+00:00
Industrial Manufacturing & Transformation,TRANSFORMADORA DEL NORTE 64 S. DE R.L. DE C.V.,transformadoradeln.mx,Andrea Valenzuela,Chief Human Resources Officer (CHRO),C_SUITE,HR_PEOPLE,avalenzuela@transformadoradeln.mx,VERIFIED,85,+524018940396,2026-09-06T14:31:01.509294+00:00
Industrial Manufacturing & Transformation,TRANSFORMADORA DEL NORTE 64 S. DE R.L. DE C.V.,transformadoradeln.mx,Carlos Salinas,Chief Executive Officer (CEO),C_SUITE,EXECUTIVE,csalinas@transformadoradeln.mx,VERIFIED,85,+528850489779,2026-09-06T14:31:01.509294+00:00
Industrial Manufacturing & Transformation,TRANSFORMADORA DEL NORTE 64 S. DE R.L. DE C.V.,transformadoradeln.mx,Miguel Navarro,Chief Human Resources Officer (CHRO),C_SUITE,HR_PEOPLE,mnavarro@transformadoradeln.mx,VERIFIED,85,+528618691959,2026-09-06T14:31:01.509294+00:00
Industrial Manufacturing & Transformation,TRANSFORMADORA DEL NORTE 64 S. DE R.L. DE C.V.,transformadoradeln.mx,Guillermo Garza,Chief Executive Officer (CEO),C_SUITE,EXECUTIVE,ggarza@transformadoradeln.mx,VERIFIED,85,+527420480387,2026-09-06T14:31:01.509294+00:00
Industrial Manufacturing & Transformation,TRANSFORMADORA DEL NORTE 64 S. DE R.L. DE C.V.,transformadoradeln.mx,Luis Castro,Founder,FOUNDER,EXECUTIVE,lcastro@transformadoradeln.mx,VERIFIED,85,+528218937316,2026-09-06T14:31:01.509294+00:00
Industrial Manufacturing & Transformation,TRANSFORMADORA DEL NORTE 64 S. DE R.L. DE C.V.,transformadoradeln.mx,Jorge Morales,Chief Human Resources Officer (CHRO),C_SUITE,HR_PEOPLE,jmorales@transformadoradeln.mx,VERIFIED,85,+528613315309,2026-09-06T14:31:01.509294+00:00
Industrial Manufacturing & Transformation,TRANSFORMADORA DEL NORTE S.A. DE C.V.,transformadoradeln.com.mx,Rodrigo Treviño,Chief Financial Officer (CFO),C_SUITE,FINANCE,rtreviño@transformadoradeln.com.mx,VERIFIED,85,+527471071215,2026-09-06T14:31:01.509294+00:00
Industrial Manufacturing & Transformation,TRANSFORMADORA DEL NORTE S.A. DE C.V.,transformadoradeln.com.mx,Andrea Vega,Chief Financial Officer (CFO),C_SUITE,FINANCE,avega@transformadoradeln.com,VERIFIED,85,+528827190109,2026-09-06T14:31:01.509294+00:00
Industrial Manufacturing & Transformation,TRANSFORMADORA DEL NORTE S.A. DE C.V.,transformadoradeln.com.mx,Roberto Castro,Chief Operating Officer (COO),C_SUITE,OPERATIONS,rcastro@transformadoradeln.com.mx,VERIFIED,85,+524274367676,2026-09-06T14:31:01.509294+00:00
Industrial Manufacturing & Transformation,TRANSFORMADORA DEL BAJIO S.A. DE C.V.,transformadoradelb.com,Sofia Castro,Chief Technology Officer (CTO),C_SUITE,ENGINEERING_IT,scastro@transformadoradelb.com,VERIFIED,85,+526254919083,2026-09-06T14:31:01.509294+00:00
Industrial Manufacturing & Transformation,TRANSFORMADORA DEL BAJIO S.A. DE C.V.,transformadoradelb.com,Hector Ruiz,Chief Human Resources Officer (CHRO),C_SUITE,HR_PEOPLE,hruiz@transformadoradelb.com,VERIFIED,85,+525627561224,2026-09-06T14:31:01.509294+00:00
Industrial Manufacturing & Transformation,TRANSFORMADORA DEL CENTRO S.A. DE C.V.,transformadoradelc.com,Luis González,Founder,FOUNDER,EXECUTIVE,lgonzález@transformadoradelc.com,VERIFIED,85,+525568423577,2026-09-06T14:31:01.509294+00:00
Industrial Manufacturing & Transformation,TRANSFORMADORA DEL CENTRO S.A. DE C.V.,transformadoradelc.com,Luis García,Chief Executive Officer (CEO),C_SUITE,EXECUTIVE,lgarcía@transformadoradelc.com,VERIFIED,85,+529067406772,2026-09-06T14:31:01.509294+00:00
Industrial Manufacturing & Transformation,TRANSFORMADORA DEL CENTRO S.A.P.I. DE C.V.,transformadoradelc.mx,Andrea Hernández,Chief Technology Officer (CTO),C_SUITE,ENGINEERING_IT,ahernández@transformadoradelc.mx,VERIFIED,85,+528917877682,2026-09-06T14:31:01.509294+00:00
Industrial Manufacturing & Transformation,TRANSFORMADORA DEL CENTRO S.A.P.I. DE C.V.,transformadoradelc.mx,Hector Vega,Chief Revenue Officer (CRO),C_SUITE,SALES_MARKETING,hvega@transformadoradelc.mx,VERIFIED,85,+528114845942,2026-09-06T14:31:01.509294+00:00
Industrial Manufacturing & Transformation,TRANSFORMADORA DEL BAJIO 84 S.A.S.,transformadoradelb.com.mx,Rodrigo Morales,Chief Technology Officer (CTO),C_SUITE,ENGINEERING_IT,rmorales@transformadoradelb.com.mx,VERIFIED,85,+527573363316,2026-09-06T14:31:01.509294+00:00
Industrial Manufacturing & Transformation,TRANSFORMADORA DEL BAJIO 84 S.A.S.,transformadoradelb.com.mx,Alejandro Treviño,Chief Financial Officer (CFO),C_SUITE,FINANCE,atreviño@transformadoradelb.com.mx,VERIFIED,85,+528630376069,2026-09-06T14:31:01.509294+00:00
Industrial Manufacturing & Transformation,TRANSFORMADORA DEL PACIFICO S.A. DE C.V.,transformadoradelp.mx,Adriana Martínez,Chief Financial Officer (CFO),C_SUITE,FINANCE,amartínez@transformadoradelp.mx,VERIFIED,85,+526265682893,2026-09-06T14:31:01.509294+00:00
Industrial Manufacturing & Transformation,TRANSFORMADORA DINAMICA S.A.B. DE C.V.,transformadoradina.com.mx,Guillermo Vega,Chief Operating Officer (COO),C_SUITE,OPERATIONS,gvega@transformadoradina.com.mx,VERIFIED,85,+527632324630,2026-09-06T14:31:01.526508+00:00
Industrial Manufacturing & Transformation,TRANSFORMADORA DINAMICA S.A.B. DE C.V.,transformadoradina.com.mx,Jorge Salinas,Chief Financial Officer (CFO),C_SUITE,FINANCE,jsalinas@transformadoradina.com.mx,VERIFIED,85,+527650669656,2026-09-06T14:31:01.526508+00:00
Industrial Manufacturing & Transformation,TRANSFORMADORA DINAMICA S.A.P.I. DE C.V.,transformadoradina.com,Alejandro Martínez,Chief Human Resources Officer (CHRO),C_SUITE,HR_PEOPLE,amartínez@transformadoradina.com,VERIFIED,85,+528832811974,2026-09-06T14:31:01.526508+00:00
Industrial Manufacturing & Transformation,METALURGICA MODERNA S.A.S.,metalurgicamoderna.com,Miguel Martínez,Chief Technology Officer (CTO),C_SUITE,ENGINEERING_IT,mmartínez@metalurgicamoderna.com,VERIFIED,85,+525521883266,2026-09-06T14:31:01.529445+00:00
Industrial Manufacturing & Transformation,METALURGICA MODERNA S.A.P.I. DE C.V.,metalurgicamoderna.mx,Sofia González,Chief Financial Officer (CFO),C_SUITE,FINANCE,sgonzález@metalurgicamoderna.mx,VERIFIED,85,+525514190015,2026-09-06T14:31:01.529445+00:00
Industrial Manufacturing & Transformation,METALURGICA MODERNA S.A.P.I. DE C.V.,metalurgicamoderna.mx,Guillermo Martínez,Chief Human Resources Officer (CHRO),C_SUITE,HR_PEOPLE,gmartínez@metalurgicamoderna.mx,VERIFIED,85,+525545600146,2026-09-06T14:31:01.529445+00:00
Industrial Manufacturing & Transformation,METALURGICA MODERNA S.C.,metalurgicamoderna.com.mx,Miguel Morales,Chief Financial Officer (CFO),C_SUITE,FINANCE,mmorales@metalurgicamoderna.com.mx,VERIFIED,85,+525530564928,2026-09-06T14:31:01.529445+00:00
Industrial Manufacturing & Transformation,TRANSFORMADORA DEL CENTRO S.A.B. DE C.V.,transformadoradelc.com.mx,Carlos López,Chief Financial Officer (CFO),C_SUITE,FINANCE,clópez@transformadoradelc.com.mx,VERIFIED,85,+528723758246,2026-09-06T14:31:01.532586+00:00
Industrial Manufacturing & Transformation,TRANSFORMADORA DEL CENTRO S.A.B. DE C.V.,transformadoradelc.com.mx,Fernando Vega,Chief Financial Officer (CFO),C_SUITE,FINANCE,fvega@transformadoradelc.com.mx,VERIFIED,85,+529241998184,2026-09-06T14:31:01.532586+00:00
Industrial Manufacturing & Transformation,TRANSFORMADORA DEL PACIFICO S. DE R.L. DE C.V.,transformadoradelp.com,David González,Chief Financial Officer (CFO),C_SUITE,FINANCE,dgonzález@transformadoradelp.com,VERIFIED,85,+528898268392,2026-09-06T14:31:01.532586+00:00
Industrial Manufacturing & Transformation,TRANSFORMADORA DEL PACIFICO S. DE R.L. DE C.V.,transformadoradelp.com,Rodrigo Vega,Founder,FOUNDER,EXECUTIVE,rvega@transformadoradelp.com,VERIFIED,85,+525289722204,2026-09-06T14:31:01.532586+00:00
Industrial Manufacturing & Transformation,TRANSFORMADORA DEL PACIFICO S.A.P.I. DE C.V.,transformadoradelp.com.mx,Carlos Morales,Chief Technology Officer (CTO),C_SUITE,ENGINEERING_IT,cmorales@transformadoradelp.com.mx,VERIFIED,85,+527445998363,2026-09-06T14:31:01.532586+00:00
Industrial Manufacturing & Transformation,TRANSFORMADORA DEL PACIFICO S.A.S.,transformadoradelp.mx,Hector López,Chief Revenue Officer (CRO),C_SUITE,SALES_MARKETING,hlópez@transformadoradelp.mx,VERIFIED,85,+528165120419,2026-09-06T14:31:01.532586+00:00
Industrial Manufacturing & Transformation,TRANSFORMADORA DEL PACIFICO S.A.S.,transformadoradelp.mx,Sofia Treviño,Founder,FOUNDER,EXECUTIVE,streviño@transformadoradelp.mx,VERIFIED,85,+526310198842,2026-09-06T14:31:01.532586+00:00
Industrial Manufacturing & Transformation,TRANSFORMADORA DEL PACIFICO S.A.S.,transformadoradelp.mx,Miguel Alarcón,Chief Operating Officer (COO),C_SUITE,OPERATIONS,malarcón@transformadoradelp.mx,VERIFIED,85,+527236167821,2026-09-06T14:31:01.532586+00:00
Industrial Manufacturing & Transformation,TRANSFORMADORA DEL PACIFICO S.A.S.,transformadoradelp.mx,David Castro,Chief Operating Officer (COO),C_SUITE,OPERATIONS,dcastro@transformadoradelp.mx,VERIFIED,85,+527151971629,2026-09-06T14:31:01.532586+00:00
Industrial Manufacturing & Transformation,TRANSFORMADORA DEL BAJIO S. DE R.L. DE C.V.,transformadoradelb.com,Hector Alarcón,Chief Revenue Officer (CRO),C_SUITE,SALES_MARKETING,halarcón@transformadoradelb.com,VERIFIED,85,+526596496479,2026-09-06T14:31:01.532586+00:00
Industrial Manufacturing & Transformation,TRANSFORMADORA DEL NORTE S. DE R.L. DE C.V.,transformadoradeln.mx,Alejandro Hernández,Chief Executive Officer (CEO),C_SUITE,EXECUTIVE,ahernández@transformadoradeln.mx,VERIFIED,85,+527694797646,2026-09-06T14:31:01.532586+00:00
Industrial Manufacturing & Transformation,TRANSFORMADORA INTERNACIONAL S.A. DE C.V.,transformadorainte.com,Sofia Vega,Chief Executive Officer (CEO),C_SUITE,EXECUTIVE,svega@transformadorainte.com,VERIFIED,85,+528117607862,2026-09-06T14:31:01.534594+00:00
Industrial Manufacturing & Transformation,TRANSFORMADORA INTERNACIONAL S.A. DE C.V.,transformadorainte.com,Rodrigo Castro,Chief Executive Officer (CEO),C_SUITE,EXECUTIVE,rcastro@transformadorainte.mx,VERIFIED,85,+528461895336,2026-09-06T14:31:01.534594+00:00
Industrial Manufacturing & Transformation,TRANSFORMADORA INTERNACIONAL S.A. DE C.V.,transformadorainte.com,Claudia Treviño,Chief Operating Officer (COO),C_SUITE,OPERATIONS,ctreviño@transformadorainte.com,VERIFIED,85,+527024669334,2026-09-06T14:31:01.534594+00:00
Industrial Manufacturing & Transformation,TRANSFORMADORA INTERNACIONAL S.A. DE C.V.,transformadorainte.com,Gabriel Villaseñor,Chief Financial Officer (CFO),C_SUITE,FINANCE,gvillaseñor@transformadorainte.com,VERIFIED,85,+525321062088,2026-09-06T14:31:01.534594+00:00
Industrial Manufacturing & Transformation,TRANSFORMADORA INTERNACIONAL S. DE R.L. DE C.V.,transformadorainte.com.mx,Jorge Navarro,Chief Executive Officer (CEO),C_SUITE,EXECUTIVE,jnavarro@transformadorainte.com.mx,VERIFIED,85,+528541799504,2026-09-06T14:31:01.534594+00:00
Industrial Manufacturing & Transformation,TRANSFORMADORA ESTRATEGICA 87 S.A. DE C.V.,transformadoraestr.com,Hector Treviño,Chief Executive Officer (CEO),C_SUITE,EXECUTIVE,htreviño@transformadoraestr.com,VERIFIED,85,+525558419596,2026-09-06T14:31:01.534594+00:00
Industrial Manufacturing & Transformation,TRANSFORMADORA ESTRATEGICA S. DE R.L. DE C.V.,transformadoraestr.com.mx,Eduardo Benítez,Chief Technology Officer (CTO),C_SUITE,ENGINEERING_IT,ebenítez@transformadoraestr.com.mx,VERIFIED,85,+525520883710,2026-09-06T14:31:01.534594+00:00
Industrial Manufacturing & Transformation,TRANSFORMADORA ESTRATEGICA S. DE R.L. DE C.V.,transformadoraestr.com.mx,Andrea Mendoza,Chief Financial Officer (CFO),C_SUITE,FINANCE,amendoza@transformadoraestr.com.mx,VERIFIED,85,+525562248592,2026-09-06T14:31:01.534594+00:00
Industrial Manufacturing & Transformation,TRANSFORMADORA ESTRATEGICA S.A.S.,transformadoraestr.mx,Claudia Vega,Chief Executive Officer (CEO),C_SUITE,EXECUTIVE,cvega@transformadoraestr.mx,VERIFIED,85,+525537083243,2026-09-06T14:31:01.534594+00:00
Industrial Manufacturing & Transformation,TRANSFORMADORA DEL NORTE S.C.,transformadoradeln.com,Guillermo Dominguez,Chief Executive Officer (CEO),C_SUITE,EXECUTIVE,gdominguez@transformadoradeln.com,VERIFIED,85,+527790989421,2026-09-06T14:31:01.534594+00:00
Industrial Manufacturing & Transformation,TRANSFORMADORA DEL BAJIO S. DE R.L. DE C.V.,transformadoradelb.mx,Andrea Dominguez,Chief Technology Officer (CTO),C_SUITE,ENGINEERING_IT,adominguez@transformadoradelb.mx,VERIFIED,85,+528650374949,2026-09-06T14:31:01.534594+00:00
Industrial Manufacturing & Transformation,TRANSFORMADORA DEL BAJIO S. DE R.L. DE C.V.,transformadoradelb.mx,Miguel Garza,Chief Technology Officer (CTO),C_SUITE,ENGINEERING_IT,mgarza@transformadoradelb.mx,VERIFIED,85,+527876403259,2026-09-06T14:31:01.534594+00:00
Industrial Manufacturing & Transformation,TRANSFORMADORA DEL BAJIO S.A.B. DE C.V.,transformadoradelb.com.mx,Alejandro Benítez,Chief Operating Officer (COO),C_SUITE,OPERATIONS,abenítez@transformadoradelb.com.mx,VERIFIED,85,+526697967678,2026-09-06T14:31:01.534594+00:00
Industrial Manufacturing & Transformation,TRANSFORMADORA DEL BAJIO S.A.B. DE C.V.,transformadoradelb.com.mx,Javier Vega,Chief Executive Officer (CEO),C_SUITE,EXECUTIVE,jvega@transformadoradelb.com.mx,VERIFIED,85,+529783986638,2026-09-06T14:31:01.534594+00:00
Industrial Manufacturing & Transformation,TRANSFORMADORA DEL NORTE S.A.P.I. DE C.V.,transformadoradeln.com.mx,Daniel Valenzuela,Founder,FOUNDER,EXECUTIVE,dvalenzuela@transformadoradeln.com.mx,VERIFIED,85,+526093081486,2026-09-06T14:31:01.534594+00:00
Industrial Manufacturing & Transformation,TRANSFORMADORA DEL NORTE S.A.P.I. DE C.V.,transformadoradeln.com.mx,Miguel Ruiz,Chief Operating Officer (COO),C_SUITE,OPERATIONS,mruiz@transformadoradeln.mx,VERIFIED,85,+528150543776,2026-09-06T14:31:01.534594+00:00
Industrial Manufacturing & Transformation,TRANSFORMADORA DEL CENTRO S.A.B. DE C.V.,transformadoradelc.com,Patricia Treviño,Chief Financial Officer (CFO),C_SUITE,FINANCE,ptreviño@transformadoradelc.com,VERIFIED,85,+526643389942,2026-09-06T14:31:01.534594+00:00
Industrial Manufacturing & Transformation,TRANSFORMADORA DEL CENTRO S.A.B. DE C.V.,transformadoradelc.com,Roberto Morales,Chief Revenue Officer (CRO),C_SUITE,SALES_MARKETING,rmorales@transformadoradelc.com,VERIFIED,85,+527370319081,2026-09-06T14:31:01.534594+00:00
Industrial Manufacturing & Transformation,TRANSFORMADORA DEL NORTE S.A.S.,transformadoradeln.mx,Mariana Valenzuela,Chief Human Resources Officer (CHRO),C_SUITE,HR_PEOPLE,mvalenzuela@transformadoradeln.mx,VERIFIED,85,+527258088782,2026-09-06T14:31:01.534594+00:00
Industrial Manufacturing & Transformation,TRANSFORMADORA DEL NORTE S.A.S.,transformadoradeln.mx,Adriana García,Chief Technology Officer (CTO),C_SUITE,ENGINEERING_IT,agarcía@transformadoradeln.mx,VERIFIED,85,+528941604932,2026-09-06T14:31:01.534594+00:00
Industrial Manufacturing & Transformation,TRANSFORMADORA DEL CENTRO 27 S.A.P.I. DE C.V.,transformadoradelc.com.mx,Rodrigo Valenzuela,Chief Executive Officer (CEO),C_SUITE,EXECUTIVE,rvalenzuela@transformadoradelc.com.mx,VERIFIED,85,+529148565056,2026-09-06T14:31:01.534594+00:00
Industrial Manufacturing & Transformation,TRANSFORMADORA DEL CENTRO 27 S.A.P.I. DE C.V.,transformadoradelc.com.mx,Javier Benítez,Chief Human Resources Officer (CHRO),C_SUITE,HR_PEOPLE,jbenítez@transformadoradelc.com.mx,VERIFIED,85,+529196449577,2026-09-06T14:31:01.534594+00:00
Industrial Manufacturing & Transformation,TRANSFORMADORA DEL PACIFICO S.A. DE C.V.,transformadoradelp.com.mx,David Navarro,Chief Revenue Officer (CRO),C_SUITE,SALES_MARKETING,dnavarro@transformadoradelp.com.mx,VERIFIED,85,+526876680842,2026-09-06T14:31:01.534594+00:00
Industrial Manufacturing & Transformation,TRANSFORMADORA DEL PACIFICO S.A. DE C.V.,transformadoradelp.com.mx,Rodrigo Benítez,Chief Technology Officer (CTO),C_SUITE,ENGINEERING_IT,rbenítez@transformadoradelp.com.mx,VERIFIED,85,+527831940064,2026-09-06T14:31:01.534594+00:00
Industrial Manufacturing & Transformation,TRANSFORMADORA DEL PACIFICO 70 S.A. DE C.V.,transformadoradelp.mx,Daniel Ruiz,Chief Operating Officer (COO),C_SUITE,OPERATIONS,druiz@transformadoradelp.mx,VERIFIED,85,+527559271251,2026-09-06T14:31:01.534594+00:00
Industrial Manufacturing & Transformation,TRANSFORMADORA DEL PACIFICO S.C.,transformadoradelp.com,Hector Salinas,Chief Human Resources Officer (CHRO),C_SUITE,HR_PEOPLE,hsalinas@transformadoradelp.com,VERIFIED,85,+527946348987,2026-09-06T14:31:01.534594+00:00
Industrial Manufacturing & Transformation,METALURGICA ESTRATEGICA S. DE R.L. DE C.V.,metalurgicaestrate.mx,Sofia López,Chief Executive Officer (CEO),C_SUITE,EXECUTIVE,slópez@metalurgicaestrate.mx,VERIFIED,85,+525751522301,2026-09-06T14:31:01.536600+00:00
Industrial Manufacturing & Transformation,METALURGICA ESTRATEGICA S. DE R.L. DE C.V.,metalurgicaestrate.mx,Andrea Morales,Founder,FOUNDER,EXECUTIVE,amorales@metalurgicaestrate.mx,VERIFIED,85,+524819405284,2026-09-06T14:31:01.536600+00:00
Industrial Manufacturing & Transformation,METALURGICA ESTRATEGICA S.A. DE C.V.,metalurgicaestrate.com.mx,Gabriel Castro,Chief Executive Officer (CEO),C_SUITE,EXECUTIVE,gcastro@metalurgicaestrate.com.mx,VERIFIED,85,+529021552582,2026-09-06T14:31:01.536600+00:00
Industrial Manufacturing & Transformation,TRANSFORMADORA INTEGRAL S.A.S.,transformadorainte.mx,Carlos Hernández,Founder,FOUNDER,EXECUTIVE,chernández@transformadorainte.mx,VERIFIED,85,+527251925211,2026-09-06T14:31:01.538605+00:00
Industrial Manufacturing & Transformation,TRANSFORMADORA INTEGRAL S.A.S.,transformadorainte.com,Sofia Navarro,Chief Revenue Officer (CRO),C_SUITE,SALES_MARKETING,snavarro@transformadorainte.com,VERIFIED,85,+526065952630,2026-09-06T14:31:01.538605+00:00
Industrial Manufacturing & Transformation,TRANSFORMADORA INTEGRAL S.A.S.,transformadorainte.com,Eduardo López,Founder,FOUNDER,EXECUTIVE,elópez@transformadorainte.com,VERIFIED,85,+527435817090,2026-09-06T14:31:01.538605+00:00
Industrial Manufacturing & Transformation,METALURGICA GLOBAL S.A.S.,metalurgicaglobal7.mx,Eduardo Hernández,Founder,FOUNDER,EXECUTIVE,ehernández@metalurgicaglobal7.mx,VERIFIED,85,+524347222941,2026-09-06T14:31:01.538605+00:00
Industrial Manufacturing & Transformation,METALURGICA GLOBAL 52 S.A. DE C.V.,metalurgicaglobal9.mx,Adriana Villaseñor,Chief Technology Officer (CTO),C_SUITE,ENGINEERING_IT,avillaseñor@metalurgicaglobal9.mx,VERIFIED,85,+525590290334,2026-09-06T14:31:01.538605+00:00
Industrial Manufacturing & Transformation,METALURGICA GLOBAL S.A. DE C.V.,metalurgicaglobal2.com.mx,Gabriel Dominguez,Chief Financial Officer (CFO),C_SUITE,FINANCE,gdominguez@metalurgicaglobal2.com.mx,VERIFIED,85,+527530534597,2026-09-06T14:31:01.538605+00:00
Industrial Manufacturing & Transformation,METALURGICA GLOBAL S.A. DE C.V.,metalurgicaglobal2.com.mx,Rodrigo Valenzuela,Chief Executive Officer (CEO),C_SUITE,EXECUTIVE,rvalenzuela@metalurgicaglobal.com,VERIFIED,85,+529742311179,2026-09-06T14:31:01.538605+00:00
Industrial Manufacturing & Transformation,METALURGICA GLOBAL S.A. DE C.V.,metalurgicaglobal.com.mx,Gabriel Castro,Chief Revenue Officer (CRO),C_SUITE,SALES_MARKETING,gcastro@metalurgicaglobal.com.mx,VERIFIED,85,+525540718216,2026-09-06T14:31:01.538605+00:00
Industrial Manufacturing & Transformation,METALURGICA ESTRATEGICA S.A. DE C.V.,metalurgicaestrate.com,Claudia Benítez,Chief Revenue Officer (CRO),C_SUITE,SALES_MARKETING,cbenítez@metalurgicaestrate.com,VERIFIED,85,+528189162266,2026-09-06T14:31:01.538605+00:00
Industrial Manufacturing & Transformation,METALURGICA ESTRATEGICA S.A. DE C.V.,metalurgicaestrate.com,Mariana Villaseñor,Chief Executive Officer (CEO),C_SUITE,EXECUTIVE,mvillaseñor@metalurgicaestrate.com,VERIFIED,85,+528133199663,2026-09-06T14:31:01.538605+00:00
Industrial Manufacturing & Transformation,METALURGICA ESTRATEGICA S.C.,metalurgicaestrate.mx,Claudia Valenzuela,Chief Human Resources Officer (CHRO),C_SUITE,HR_PEOPLE,cvalenzuela@metalurgicaestrate.mx,VERIFIED,85,+528148496385,2026-09-06T14:31:01.540350+00:00
Industrial Manufacturing & Transformation,METALURGICA ESTRATEGICA S.C.,metalurgicaestrate.mx,Carlos Valenzuela,Founder,FOUNDER,EXECUTIVE,cvalenzuela@metalurgicaestrate.mx,VERIFIED,85,+528173549769,2026-09-06T14:31:01.540350+00:00
Industrial Manufacturing & Transformation,METALURGICA ESTRATEGICA S.A.B. DE C.V.,metalurgicaestrate.com.mx,Claudia Alarcón,Chief Executive Officer (CEO),C_SUITE,EXECUTIVE,calarcón@metalurgicaestrate.com.mx,VERIFIED,85,+528120744308,2026-09-06T14:31:01.540350+00:00
Industrial Manufacturing & Transformation,METALURGICA ESTRATEGICA S.A.B. DE C.V.,metalurgicaestrate.com.mx,Patricia González,Chief Operating Officer (COO),C_SUITE,OPERATIONS,pgonzález@metalurgicaestrate.com.mx,VERIFIED,85,+528138704836,2026-09-06T14:31:01.540350+00:00
Industrial Manufacturing & Transformation,TRANSFORMADORA DEL PACIFICO S.A.B. DE C.V.,transformadoradelp.mx,Daniel Garza,Chief Revenue Officer (CRO),C_SUITE,SALES_MARKETING,dgarza@transformadoradelp.mx,VERIFIED,85,+523349722056,2026-09-06T14:31:01.540350+00:00
Industrial Manufacturing & Transformation,TRANSFORMADORA DEL PACIFICO S.A.B. DE C.V.,transformadoradelp.mx,Claudia Morales,Chief Operating Officer (COO),C_SUITE,OPERATIONS,cmorales@transformadoradelp.mx,VERIFIED,85,+523381878108,2026-09-06T14:31:01.540350+00:00
Industrial Manufacturing & Transformation,TRANSFORMADORA DEL CENTRO 16 S.A.P.I. DE C.V.,transformadoradelc.mx,Gabriel Villaseñor,Chief Operating Officer (COO),C_SUITE,OPERATIONS,gvillaseñor@transformadoradelc.mx,VERIFIED,85,+523359718869,2026-09-06T14:31:01.540350+00:00
Industrial Manufacturing & Transformation,TRANSFORMADORA DEL CENTRO 16 S.A.P.I. DE C.V.,transformadoradelc.mx,Roberto Hernández,Chief Technology Officer (CTO),C_SUITE,ENGINEERING_IT,rhernández@transformadoradelc.mx,VERIFIED,85,+523347755510,2026-09-06T14:31:01.540350+00:00
Industrial Manufacturing & Transformation,TRANSFORMADORA DEL BAJIO S.A.P.I. DE C.V.,transformadoradelb.com,Mariana Treviño,Chief Operating Officer (COO),C_SUITE,OPERATIONS,mtreviño@transformadoradelb.com,VERIFIED,85,+523367865553,2026-09-06T14:31:01.540350+00:00
Industrial Manufacturing & Transformation,TRANSFORMADORA DEL NORTE S.A.P.I. DE C.V.,transformadoradeln.com,Alejandro Dominguez,Chief Human Resources Officer (CHRO),C_SUITE,HR_PEOPLE,adominguez@transformadoradeln.com,VERIFIED,85,+523325042216,2026-09-06T14:31:01.540350+00:00
Industrial Manufacturing & Transformation,TRANSFORMADORA DEL NORTE 46 S.A.P.I. DE C.V.,transformadoradeln.mx,Carlos Valenzuela,Chief Financial Officer (CFO),C_SUITE,FINANCE,cvalenzuela@transformadoradeln.mx,VERIFIED,85,+523310742674,2026-09-06T14:31:01.540350+00:00
Industrial Manufacturing & Transformation,TRANSFORMADORA DEL BAJIO S.A.S.,transformadoradelb.com.mx,Rodrigo Alarcón,Chief Financial Officer (CFO),C_SUITE,FINANCE,ralarcón@transformadoradelb.com.mx,VERIFIED,85,+523391613772,2026-09-06T14:31:01.540350+00:00
Industrial Manufacturing & Transformation,TRANSFORMADORA DEL BAJIO S.A.S.,transformadoradelb.com.mx,Andrea Navarro,Chief Operating Officer (COO),C_SUITE,OPERATIONS,anavarro@transformadoradelb.com.mx,VERIFIED,85,+523344116578,2026-09-06T14:31:01.540350+00:00
Industrial Manufacturing & Transformation,TRANSFORMADORA DEL BAJIO S.A.P.I. DE C.V.,transformadoradelb.mx,Hector Salinas,Chief Executive Officer (CEO),C_SUITE,EXECUTIVE,hsalinas@transformadoradelb.mx,VERIFIED,85,+523340313208,2026-09-06T14:31:01.540350+00:00
Industrial Manufacturing & Transformation,TRANSFORMADORA DEL CENTRO 50 S.A.B. DE C.V.,transformadoradelc.com,Fernando Garza,Chief Human Resources Officer (CHRO),C_SUITE,HR_PEOPLE,fgarza@transformadoradelc.com,VERIFIED,85,+523364956086,2026-09-06T14:31:01.540350+00:00
Industrial Manufacturing & Transformation,TRANSFORMADORA DEL CENTRO 50 S.A.B. DE C.V.,transformadoradelc.com,Miguel Alarcón,Chief Technology Officer (CTO),C_SUITE,ENGINEERING_IT,malarcón@transformadoradelc.com,VERIFIED,85,+523329566128,2026-09-06T14:31:01.540350+00:00
Industrial Manufacturing & Transformation,TRANSFORMADORA DEL PACIFICO S.A.P.I. DE C.V.,transformadoradelp.com,Fernando Morales,Chief Human Resources Officer (CHRO),C_SUITE,HR_PEOPLE,fmorales@transformadoradelp.com,VERIFIED,85,+523352036906,2026-09-06T14:31:01.540350+00:00
Industrial Manufacturing & Transformation,TRANSFORMADORA ESTRATEGICA S.A. DE C.V.,transformadoraestr.com,Gabriel Navarro,Chief Technology Officer (CTO),C_SUITE,ENGINEERING_IT,gnavarro@transformadoraestr.com,VERIFIED,85,+526433318471,2026-09-06T14:31:01.542655+00:00
Industrial Manufacturing & Transformation,TRANSFORMADORA ESTRATEGICA S.A. DE C.V.,transformadoraestr.com,Alejandro Villaseñor,Chief Operating Officer (COO),C_SUITE,OPERATIONS,avillaseñor@transformadoraestr.com.mx,VERIFIED,85,+525217647152,2026-09-06T14:31:01.542655+00:00
Industrial Manufacturing & Transformation,TRANSFORMADORA ESTRATEGICA S.A. DE C.V.,transformadoraestr.com,David Hernández,Chief Executive Officer (CEO),C_SUITE,EXECUTIVE,dhernández@transformadoraestr.com,VERIFIED,85,+525089333317,2026-09-06T14:31:01.542655+00:00
Industrial Manufacturing & Transformation,TRANSFORMADORA ESTRATEGICA S.A. DE C.V.,transformadoraestr.com,Gabriel Morales,Chief Operating Officer (COO),C_SUITE,OPERATIONS,gmorales@transformadoraestr.com,VERIFIED,85,+525967399382,2026-09-06T14:31:01.542655+00:00
Industrial Manufacturing & Transformation,TRANSFORMADORA ESTRATEGICA S.A. DE C.V.,transformadoraestr.mx,Fernando Navarro,Chief Revenue Officer (CRO),C_SUITE,SALES_MARKETING,fnavarro@transformadoraestr.mx,VERIFIED,85,+525234237820,2026-09-06T14:31:01.542655+00:00
Industrial Manufacturing & Transformation,TRANSFORMADORA ESTRATEGICA S.A. DE C.V.,transformadoraestr.mx,Eduardo García,Chief Operating Officer (COO),C_SUITE,OPERATIONS,egarcía@transformadoraestr.com.mx,VERIFIED,85,+524765504378,2026-09-06T14:31:01.542655+00:00
Industrial Manufacturing & Transformation,TRANSFORMADORA ESTRATEGICA S.A. DE C.V.,transformadoraestr.mx,Rodrigo Treviño,Chief Revenue Officer (CRO),C_SUITE,SALES_MARKETING,rtreviño@transformadoraestr.mx,VERIFIED,85,+524432871625,2026-09-06T14:31:01.542655+00:00
Industrial Manufacturing & Transformation,METALURGICA LATINOAMERICANA S.C.,metalurgicalatinoa.com.mx,Carlos Hernández,Chief Executive Officer (CEO),C_SUITE,EXECUTIVE,chernández@metalurgicalatinoa.com.mx,VERIFIED,85,+523360157882,2026-09-06T14:31:01.542655+00:00
Industrial Manufacturing & Transformation,METALURGICA LATINOAMERICANA S.C.,metalurgicalatinoa.com.mx,Jorge Martínez,Chief Revenue Officer (CRO),C_SUITE,SALES_MARKETING,jmartínez@metalurgicalatinoa.com,VERIFIED,85,+523324368607,2026-09-06T14:31:01.542655+00:00
Industrial Manufacturing & Transformation,METALURGICA LATINOAMERICANA S.C.,metalurgicalatinoa.mx,Javier López,Founder,FOUNDER,EXECUTIVE,jlópez@metalurgicalatinoa.mx,VERIFIED,85,+523317155885,2026-09-06T14:31:01.542655+00:00
Industrial Manufacturing & Transformation,METALURGICA DEL CENTRO S.A.B. DE C.V.,metalurgicadelcent.com,Alejandro Vega,Chief Technology Officer (CTO),C_SUITE,ENGINEERING_IT,avega@metalurgicadelcent.com,VERIFIED,85,+524262560687,2026-09-06T14:31:01.542655+00:00
Industrial Manufacturing & Transformation,METALURGICA DEL CENTRO S.A.B. DE C.V.,metalurgicadelcent.com,Carlos Alarcón,Founder,FOUNDER,EXECUTIVE,calarcón@metalurgicadelcent.com.mx,VERIFIED,85,+524054987886,2026-09-06T14:31:01.542655+00:00
Industrial Manufacturing & Transformation,METALURGICA DEL CENTRO S.A.B. DE C.V.,metalurgicadelcent.com,Hector López,Chief Executive Officer (CEO),C_SUITE,EXECUTIVE,hlópez@metalurgicadelcent.com,VERIFIED,85,+529275726185,2026-09-06T14:31:01.542655+00:00
Industrial Manufacturing & Transformation,METALURGICA DEL BAJIO S.A. DE C.V.,metalurgicadelbaji.com.mx,Carlos Mendoza,Chief Executive Officer (CEO),C_SUITE,EXECUTIVE,cmendoza@metalurgicadelbaji.com.mx,VERIFIED,85,+527493963635,2026-09-06T14:31:01.542655+00:00
Industrial Manufacturing & Transformation,METALURGICA DEL BAJIO S.A. DE C.V.,metalurgicadelbaji.com.mx,Guillermo Martínez,Chief Technology Officer (CTO),C_SUITE,ENGINEERING_IT,gmartínez@metalurgicadelbaji.mx,VERIFIED,85,+526885525540,2026-09-06T14:31:01.542655+00:00
Industrial Manufacturing & Transformation,METALURGICA DEL PACIFICO S. DE R.L. DE C.V.,metalurgicadelpaci.com,Hector Salinas,Chief Operating Officer (COO),C_SUITE,OPERATIONS,hsalinas@metalurgicadelpaci.com,VERIFIED,85,+526718759251,2026-09-06T14:31:01.542655+00:00
Industrial Manufacturing & Transformation,METALURGICA DEL PACIFICO S. DE R.L. DE C.V.,metalurgicadelpaci.com,Patricia Valenzuela,Chief Executive Officer (CEO),C_SUITE,EXECUTIVE,pvalenzuela@metalurgicadelpaci.com,VERIFIED,85,+525975029947,2026-09-06T14:31:01.542655+00:00
Industrial Manufacturing & Transformation,METALURGICA DEL PACIFICO S. DE R.L. DE C.V.,metalurgicadelpaci.com,Alejandro García,Chief Operating Officer (COO),C_SUITE,OPERATIONS,agarcía@metalurgicadelpaci.com,VERIFIED,85,+526835696999,2026-09-06T14:31:01.542655+00:00
Industrial Manufacturing & Transformation,METALURGICA DEL PACIFICO S.C.,metalurgicadelpaci.mx,Fernando Morales,Chief Human Resources Officer (CHRO),C_SUITE,HR_PEOPLE,fmorales@metalurgicadelpaci.mx,VERIFIED,85,+525538029142,2026-09-06T14:31:01.542655+00:00
Industrial Manufacturing & Transformation,METALURGICA DEL NORTE S.A. DE C.V.,metalurgicadelnort.com,Eduardo López,Chief Financial Officer (CFO),C_SUITE,FINANCE,elópez@metalurgicadelnort.com,VERIFIED,85,+527936488969,2026-09-06T14:31:01.542655+00:00
Industrial Manufacturing & Transformation,METALURGICA DEL CENTRO S.A. DE C.V.,metalurgicadelcent.com.mx,Guillermo Garza,Chief Operating Officer (COO),C_SUITE,OPERATIONS,ggarza@metalurgicadelcent.com.mx,VERIFIED,85,+526130699799,2026-09-06T14:31:01.542655+00:00
Industrial Manufacturing & Transformation,METALURGICA DEL CENTRO S.A.B. DE C.V.,metalurgicadelcent.mx,Sofia Morales,Chief Executive Officer (CEO),C_SUITE,EXECUTIVE,smorales@metalurgicadelcent.mx,VERIFIED,85,+525531004274,2026-09-06T14:31:01.544589+00:00
Industrial Manufacturing & Transformation,METALURGICA DEL CENTRO S.A.B. DE C.V.,metalurgicadelcent.mx,Gabriel Vega,Chief Technology Officer (CTO),C_SUITE,ENGINEERING_IT,gvega@metalurgicadelcent.com.mx,VERIFIED,85,+525523812946,2026-09-06T14:31:01.544589+00:00
Industrial Manufacturing & Transformation,METALURGICA DEL PACIFICO S.A.S.,metalurgicadelpaci.com.mx,Roberto Valenzuela,Chief Revenue Officer (CRO),C_SUITE,SALES_MARKETING,rvalenzuela@metalurgicadelpaci.com.mx,VERIFIED,85,+525570010667,2026-09-06T14:31:01.544589+00:00
Industrial Manufacturing & Transformation,METALURGICA DEL CENTRO S.A.S.,metalurgicadelcent.com,Carlos Dominguez,Chief Technology Officer (CTO),C_SUITE,ENGINEERING_IT,cdominguez@metalurgicadelcent.com,VERIFIED,85,+525587709934,2026-09-06T14:31:01.544589+00:00
Industrial Manufacturing & Transformation,METALURGICA DEL PACIFICO S.C.,metalurgicadelpaci.com,Hector González,Chief Revenue Officer (CRO),C_SUITE,SALES_MARKETING,hgonzález@metalurgicadelpaci.com,VERIFIED,85,+525598686217,2026-09-06T14:31:01.544589+00:00
Industrial Manufacturing & Transformation,METALURGICA DEL PACIFICO S.C.,metalurgicadelpaci.com,Patricia Morales,Chief Operating Officer (COO),C_SUITE,OPERATIONS,pmorales@metalurgicadelpaci.com,VERIFIED,85,+525569177606,2026-09-06T14:31:01.544589+00:00
Industrial Manufacturing & Transformation,METALURGICA DEL NORTE S.C.,metalurgicadelnort.mx,Fernando Villaseñor,Chief Executive Officer (CEO),C_SUITE,EXECUTIVE,fvillaseñor@metalurgicadelnort.mx,VERIFIED,85,+525597171084,2026-09-06T14:31:01.544589+00:00
Industrial Manufacturing & Transformation,METALURGICA DEL NORTE S.C.,metalurgicadelnort.mx,Gabriel Alarcón,Chief Executive Officer (CEO),C_SUITE,EXECUTIVE,galarcón@metalurgicadelnort.mx,VERIFIED,85,+525551585759,2026-09-06T14:31:01.544589+00:00
Industrial Manufacturing & Transformation,METALURGICA DEL BAJIO S. DE R.L. DE C.V.,metalurgicadelbaji.mx,Roberto Garza,Chief Human Resources Officer (CHRO),C_SUITE,HR_PEOPLE,rgarza@metalurgicadelbaji.mx,VERIFIED,85,+525572822674,2026-09-06T14:31:01.544589+00:00
Industrial Manufacturing & Transformation,METALURGICA DEL BAJIO S. DE R.L. DE C.V.,metalurgicadelbaji.mx,Miguel Morales,Chief Executive Officer (CEO),C_SUITE,EXECUTIVE,mmorales@metalurgicadelbaji.mx,VERIFIED,85,+525540476180,2026-09-06T14:31:01.544589+00:00
Industrial Manufacturing & Transformation,METALURGICA DEL PACIFICO S.A.B. DE C.V.,metalurgicadelpaci.mx,Roberto Mendoza,Chief Executive Officer (CEO),C_SUITE,EXECUTIVE,rmendoza@metalurgicadelpaci.mx,VERIFIED,85,+525580232363,2026-09-06T14:31:01.544589+00:00
Industrial Manufacturing & Transformation,METALURGICA DEL NORTE 38 S.A. DE C.V.,metalurgicadelnort.com.mx,Patricia Navarro,Chief Technology Officer (CTO),C_SUITE,ENGINEERING_IT,pnavarro@metalurgicadelnort.com.mx,VERIFIED,85,+525537354843,2026-09-06T14:31:01.544589+00:00
Industrial Manufacturing & Transformation,METALURGICA DEL BAJIO S.A.B. DE C.V.,metalurgicadelbaji.com.mx,Sofia Vega,Chief Financial Officer (CFO),C_SUITE,FINANCE,svega@metalurgicadelbaji.com.mx,VERIFIED,85,+525547389967,2026-09-06T14:31:01.544589+00:00
Industrial Manufacturing & Transformation,METALURGICA DEL BAJIO S.A.B. DE C.V.,metalurgicadelbaji.com.mx,Patricia Alarcón,Chief Executive Officer (CEO),C_SUITE,EXECUTIVE,palarcón@metalurgicadelbaji.com.mx,VERIFIED,85,+525523118098,2026-09-06T14:31:01.544589+00:00
Industrial Manufacturing & Transformation,METALURGICA DEL NORTE S.C.,metalurgicadelnort.com,Carlos Ruiz,Chief Operating Officer (COO),C_SUITE,OPERATIONS,cruiz@metalurgicadelnort.com,VERIFIED,85,+525555900740,2026-09-06T14:31:01.544589+00:00
Industrial Manufacturing & Transformation,TRANSFORMADORA LATINOAMERICANA 25 S.A.S.,transformadoralati.com.mx,Carlos Benítez,Chief Financial Officer (CFO),C_SUITE,FINANCE,cbenítez@transformadoralati.com.mx,VERIFIED,85,+529133834896,2026-09-06T14:31:01.544589+00:00
Industrial Manufacturing & Transformation,TRANSFORMADORA LATINOAMERICANA S.A.B. DE C.V.,transformadoralati.mx,Carlos Dominguez,Chief Financial Officer (CFO),C_SUITE,FINANCE,cdominguez@transformadoralati.mx,VERIFIED,85,+527043097691,2026-09-06T14:31:01.544589+00:00
Industrial Manufacturing & Transformation,METALURGICA EMPRESARIAL S.C.,metalurgicaempresa.com.mx,Jorge Valenzuela,Chief Technology Officer (CTO),C_SUITE,ENGINEERING_IT,jvalenzuela@metalurgicaempresa.com.mx,VERIFIED,85,+525053229035,2026-09-06T14:31:01.544589+00:00
Industrial Manufacturing & Transformation,METALURGICA EMPRESARIAL S.C.,metalurgicaempresa.com.mx,Roberto González,Chief Human Resources Officer (CHRO),C_SUITE,HR_PEOPLE,rgonzález@metalurgicaempresa.com.mx,VERIFIED,85,+527999227013,2026-09-06T14:31:01.544589+00:00
Industrial Manufacturing & Transformation,METALURGICA EMPRESARIAL 13 S. DE R.L. DE C.V.,metalurgicaempresa.mx,Daniel Navarro,Chief Executive Officer (CEO),C_SUITE,EXECUTIVE,dnavarro@metalurgicaempresa.mx,VERIFIED,85,+525095887600,2026-09-06T14:31:01.544589+00:00
Industrial Manufacturing & Transformation,METALURGICA INDUSTRIAL S.A. DE C.V.,metalurgicaindustr.com,Javier Benítez,Chief Human Resources Officer (CHRO),C_SUITE,HR_PEOPLE,jbenítez@metalurgicaindustr.com,VERIFIED,85,+524830549805,2026-09-06T14:31:01.544589+00:00
Industrial Manufacturing & Transformation,METALURGICA INDUSTRIAL S.A. DE C.V.,metalurgicaindustr.com.mx,Jorge Alarcón,Chief Financial Officer (CFO),C_SUITE,FINANCE,jalarcón@metalurgicaindustr.com.mx,VERIFIED,85,+526052624022,2026-09-06T14:31:01.544589+00:00
Industrial Manufacturing & Transformation,TRANSFORMADORA CENTRAL S.A.S.,transformadoracent.mx,Gabriel González,Founder,FOUNDER,EXECUTIVE,ggonzález@transformadoracent.mx,VERIFIED,85,+528189813546,2026-09-06T14:31:01.544589+00:00
Industrial Manufacturing & Transformation,TRANSFORMADORA CENTRAL S.A.P.I. DE C.V.,transformadoracent.com.mx,Eduardo Navarro,Chief Operating Officer (COO),C_SUITE,OPERATIONS,enavarro@transformadoracent.com.mx,VERIFIED,85,+528133510586,2026-09-06T14:31:01.544589+00:00
Industrial Manufacturing & Transformation,METALURGICA INTEGRAL S.C.,metalurgicaintegra.com,Patricia Benítez,Chief Financial Officer (CFO),C_SUITE,FINANCE,pbenítez@metalurgicaintegra.com,VERIFIED,85,+528115367642,2026-09-06T14:31:01.544589+00:00
Industrial Manufacturing & Transformation,METALURGICA INTEGRAL S.A.S.,metalurgicaintegra.mx,Luis Valenzuela,Chief Operating Officer (COO),C_SUITE,OPERATIONS,lvalenzuela@metalurgicaintegra.mx,VERIFIED,85,+528195351384,2026-09-06T14:31:01.544589+00:00
Industrial Manufacturing & Transformation,METALURGICA INTEGRAL S.A.S.,metalurgicaintegra.mx,Jorge Dominguez,Chief Revenue Officer (CRO),C_SUITE,SALES_MARKETING,jdominguez@metalurgicaintegra.mx,VERIFIED,85,+528156391619,2026-09-06T14:31:01.544589+00:00
Industrial Manufacturing & Transformation,METALURGICA INTEGRAL S. DE R.L. DE C.V.,metalurgicaintegra.com.mx,Luis Ruiz,Founder,FOUNDER,EXECUTIVE,lruiz@metalurgicaintegra.com.mx,VERIFIED,85,+528122594294,2026-09-06T14:31:01.544589+00:00
Industrial Manufacturing & Transformation,METALURGICA ESTRATEGICA S.A.B. DE C.V.,metalurgicaestrate.mx,Eduardo Vega,Chief Executive Officer (CEO),C_SUITE,EXECUTIVE,evega@metalurgicaestrate.mx,VERIFIED,85,+526683339380,2026-09-06T14:31:01.544589+00:00
Industrial Manufacturing & Transformation,METALURGICA ESTRATEGICA S.A.B. DE C.V.,metalurgicaestrate.mx,Jorge Castro,Chief Human Resources Officer (CHRO),C_SUITE,HR_PEOPLE,jcastro@metalurgicaestrate.mx,VERIFIED,85,+528282756019,2026-09-06T14:31:01.544589+00:00
Industrial Manufacturing & Transformation,METALURGICA ESTRATEGICA S.A.B. DE C.V.,metalurgicaestrate.mx,Rodrigo Hernández,Chief Operating Officer (COO),C_SUITE,OPERATIONS,rhernández@metalurgicaestrate.com.mx,VERIFIED,85,+525377828105,2026-09-06T14:31:01.544589+00:00
Industrial Manufacturing & Transformation,METALURGICA ESTRATEGICA S.A.S.,metalurgicaestrate.com,Patricia Garza,Chief Executive Officer (CEO),C_SUITE,EXECUTIVE,pgarza@metalurgicaestrate.com,VERIFIED,85,+529086646332,2026-09-06T14:31:01.544589+00:00
Industrial Manufacturing & Transformation,METALURGICA ESTRATEGICA S.A.S.,metalurgicaestrate.com.mx,Fernando López,Chief Executive Officer (CEO),C_SUITE,EXECUTIVE,flópez@metalurgicaestrate.com.mx,VERIFIED,85,+529484543385,2026-09-06T14:31:01.544589+00:00
Industrial Manufacturing & Transformation,TRANSFORMADORA MEXICANA S.A.P.I. DE C.V.,transformadoramexi.com,Guillermo Villaseñor,Chief Executive Officer (CEO),C_SUITE,EXECUTIVE,gvillaseñor@transformadoramexi.com,VERIFIED,85,+527740111286,2026-09-06T14:31:01.556277+00:00
Industrial Manufacturing & Transformation,TRANSFORMADORA MEXICANA S.C.,transformadoramexi.mx,Alejandro Vega,Founder,FOUNDER,EXECUTIVE,avega@transformadoramexi.mx,VERIFIED,85,+527474096799,2026-09-06T14:31:01.556277+00:00
Industrial Manufacturing & Transformation,METALURGICA MODERNA S.A. DE C.V.,metalurgicamoderna.com.mx,Miguel Martínez,Chief Human Resources Officer (CHRO),C_SUITE,HR_PEOPLE,mmartínez@metalurgicamoderna.com.mx,VERIFIED,85,+528848922718,2026-09-06T14:31:01.556277+00:00
Industrial Manufacturing & Transformation,METALURGICA MODERNA S.A. DE C.V.,metalurgicamoderna.com.mx,Claudia Valenzuela,Chief Executive Officer (CEO),C_SUITE,EXECUTIVE,cvalenzuela@metalurgicamoderna.com.mx,VERIFIED,85,+524033100723,2026-09-06T14:31:01.556277+00:00
Industrial Manufacturing & Transformation,TRANSFORMADORA LATINOAMERICANA S.A.S.,transformadoralati.com,Gabriel Morales,Chief Financial Officer (CFO),C_SUITE,FINANCE,gmorales@transformadoralati.com,VERIFIED,85,+528725325768,2026-09-06T14:31:01.556277+00:00
Industrial Manufacturing & Transformation,TRANSFORMADORA LATINOAMERICANA S.A.S.,transformadoralati.com,Mariana López,Chief Executive Officer (CEO),C_SUITE,EXECUTIVE,mlópez@transformadoralati.com,VERIFIED,85,+525768558616,2026-09-06T14:31:01.556277+00:00
Industrial Manufacturing & Transformation,TRANSFORMADORA LATINOAMERICANA S.A. DE C.V.,transformadoralati.com.mx,Sofia Mendoza,Chief Revenue Officer (CRO),C_SUITE,SALES_MARKETING,smendoza@transformadoralati.com.mx,VERIFIED,85,+527484107913,2026-09-06T14:31:01.556277+00:00
Industrial Manufacturing & Transformation,TRANSFORMADORA LATINOAMERICANA S.A. DE C.V.,transformadoralati.com.mx,Roberto Garza,Chief Executive Officer (CEO),C_SUITE,EXECUTIVE,rgarza@transformadoralati.com.mx,VERIFIED,85,+529989376859,2026-09-06T14:31:01.556277+00:00
Industrial Manufacturing & Transformation,TRANSFORMADORA LATINOAMERICANA S.A. DE C.V.,transformadoralati.com.mx,Javier Vega,Chief Revenue Officer (CRO),C_SUITE,SALES_MARKETING,jvega@transformadoralati.com.mx,VERIFIED,85,+527994004021,2026-09-06T14:31:01.556277+00:00
Industrial Manufacturing & Transformation,METALURGICA DINAMICA S.A. DE C.V.,metalurgicadinamic.com.mx,Andrea López,Chief Financial Officer (CFO),C_SUITE,FINANCE,alópez@metalurgicadinamic.com.mx,VERIFIED,85,+523362406301,2026-09-06T14:31:01.558769+00:00
Industrial Manufacturing & Transformation,METALURGICA DINAMICA 68 S.A.P.I. DE C.V.,metalurgicadinamic.mx,Alejandro Morales,Chief Executive Officer (CEO),C_SUITE,EXECUTIVE,amorales@metalurgicadinamic.mx,VERIFIED,85,+523379396785,2026-09-06T14:31:01.558769+00:00
Industrial Manufacturing & Transformation,METALURGICA DINAMICA 68 S.A.P.I. DE C.V.,metalurgicadinamic.mx,Jorge Morales,Founder,FOUNDER,EXECUTIVE,jmorales@metalurgicadinamic.mx,VERIFIED,85,+523385373789,2026-09-06T14:31:01.558769+00:00
Industrial Manufacturing & Transformation,TRANSFORMADORA INTERNACIONAL S.A.P.I. DE C.V.,transformadorainte.com.mx,Fernando López,Chief Technology Officer (CTO),C_SUITE,ENGINEERING_IT,flópez@transformadorainte.com.mx,VERIFIED,85,+529274604485,2026-09-06T14:31:01.559726+00:00
Industrial Manufacturing & Transformation,TRANSFORMADORA INTERNACIONAL S.A.P.I. DE C.V.,transformadorainte.com.mx,Roberto Martínez,Chief Executive Officer (CEO),C_SUITE,EXECUTIVE,rmartínez@transformadorainte.com,VERIFIED,85,+527068279895,2026-09-06T14:31:01.559726+00:00
Industrial Manufacturing & Transformation,TRANSFORMADORA INTERNACIONAL S.A.P.I. DE C.V.,transformadorainte.com.mx,Jorge López,Chief Human Resources Officer (CHRO),C_SUITE,HR_PEOPLE,jlópez@transformadorainte.com.mx,VERIFIED,85,+528418823360,2026-09-06T14:31:01.559726+00:00
Industrial Manufacturing & Transformation,TRANSFORMADORA INTERNACIONAL S.A.P.I. DE C.V.,transformadorainte.com.mx,Hector Vega,Chief Operating Officer (COO),C_SUITE,OPERATIONS,hvega@transformadorainte.com.mx,VERIFIED,85,+527931230461,2026-09-06T14:31:01.559726+00:00
Industrial Manufacturing & Transformation,TRANSFORMADORA INTERNACIONAL S.A.P.I. DE C.V.,transformadorainte.com.mx,Claudia Valenzuela,Chief Revenue Officer (CRO),C_SUITE,SALES_MARKETING,cvalenzuela@transformadorainte.com.mx,VERIFIED,85,+526035224915,2026-09-06T14:31:01.559726+00:00
Industrial Manufacturing & Transformation,TRANSFORMADORA INTERNACIONAL S.A.B. DE C.V.,transformadorainte.mx,Javier López,Chief Operating Officer (COO),C_SUITE,OPERATIONS,jlópez@transformadorainte.mx,VERIFIED,85,+526616074805,2026-09-06T14:31:01.559726+00:00
Industrial Manufacturing & Transformation,METALURGICA INDUSTRIAL S.A. DE C.V.,metalurgicaindustr.com.mx,Miguel Morales,Chief Financial Officer (CFO),C_SUITE,FINANCE,mmorales@metalurgicaindustr.com.mx,VERIFIED,85,+526879353654,2026-09-06T14:31:01.559726+00:00
Industrial Manufacturing & Transformation,METALURGICA INDUSTRIAL S.A. DE C.V.,metalurgicaindustr.com.mx,Carlos López,Chief Executive Officer (CEO),C_SUITE,EXECUTIVE,clópez@metalurgicaindustr.com.mx,VERIFIED,85,+524316431628,2026-09-06T14:31:01.559726+00:00
Industrial Manufacturing & Transformation,METALURGICA INDUSTRIAL S.A.S.,metalurgicaindustr.com,Alejandro Garza,Chief Technology Officer (CTO),C_SUITE,ENGINEERING_IT,agarza@metalurgicaindustr.com,VERIFIED,85,+529426558201,2026-09-06T14:31:01.559726+00:00
Industrial Manufacturing & Transformation,METALURGICA INDUSTRIAL S.A.S.,metalurgicaindustr.com,Guillermo Navarro,Chief Technology Officer (CTO),C_SUITE,ENGINEERING_IT,gnavarro@metalurgicaindustr.com,VERIFIED,85,+528646655291,2026-09-06T14:31:01.559726+00:00
Industrial Manufacturing & Transformation,METALURGICA INDUSTRIAL S.A.S.,metalurgicaindustr.com,Fernando García,Chief Technology Officer (CTO),C_SUITE,ENGINEERING_IT,fgarcía@metalurgicaindustr.com,VERIFIED,85,+524850295713,2026-09-06T14:31:01.559726+00:00
Industrial Manufacturing & Transformation,METALURGICA INTEGRAL 20 S.C.,metalurgicaintegra.mx,Andrea Treviño,Chief Financial Officer (CFO),C_SUITE,FINANCE,atreviño@metalurgicaintegra.mx,VERIFIED,85,+527121619771,2026-09-06T14:31:01.562120+00:00
Industrial Manufacturing & Transformation,METALURGICA INTEGRAL 20 S.C.,metalurgicaintegra.mx,Miguel Garza,Chief Human Resources Officer (CHRO),C_SUITE,HR_PEOPLE,mgarza@metalurgicaintegra.mx,VERIFIED,85,+527989856462,2026-09-06T14:31:01.562120+00:00
Industrial Manufacturing & Transformation,METALURGICA INTEGRAL 57 S.A. DE C.V.,metalurgicaintegra.com.mx,Andrea Benítez,Founder,FOUNDER,EXECUTIVE,abenítez@metalurgicaintegra.com.mx,VERIFIED,85,+528755724873,2026-09-06T14:31:01.562120+00:00
Industrial Manufacturing & Transformation,METALURGICA INTEGRAL 57 S.A. DE C.V.,metalurgicaintegra.com.mx,Jorge Valenzuela,Founder,FOUNDER,EXECUTIVE,jvalenzuela@metalurgicaintegra.com.mx,VERIFIED,85,+525998648001,2026-09-06T14:31:01.562120+00:00
Industrial Manufacturing & Transformation,METALURGICA INTEGRAL 57 S.A. DE C.V.,metalurgicaintegra.com.mx,Daniel Hernández,Chief Executive Officer (CEO),C_SUITE,EXECUTIVE,dhernández@metalurgicaintegra.com.mx,VERIFIED,85,+526218520928,2026-09-06T14:31:01.562120+00:00
Industrial Manufacturing & Transformation,TRANSFORMADORA NACIONAL S.C.,transformadoranaci.mx,Gabriel Martínez,Chief Executive Officer (CEO),C_SUITE,EXECUTIVE,gmartínez@transformadoranaci.mx,VERIFIED,85,+528857142018,2026-09-06T14:31:01.562120+00:00
Industrial Manufacturing & Transformation,TRANSFORMADORA NACIONAL S.C.,transformadoranaci.mx,Guillermo Vega,Chief Revenue Officer (CRO),C_SUITE,SALES_MARKETING,gvega@transformadoranaci.com,VERIFIED,85,+529964495679,2026-09-06T14:31:01.562120+00:00
Industrial Manufacturing & Transformation,TRANSFORMADORA NACIONAL S.C.,transformadoranaci.mx,Rodrigo Morales,Chief Executive Officer (CEO),C_SUITE,EXECUTIVE,rmorales@transformadoranaci.mx,VERIFIED,85,+528077661331,2026-09-06T14:31:01.562120+00:00
Industrial Manufacturing & Transformation,TRANSFORMADORA NACIONAL S.C.,transformadoranaci.mx,Roberto Villaseñor,Chief Revenue Officer (CRO),C_SUITE,SALES_MARKETING,rvillaseñor@transformadoranaci.com,VERIFIED,85,+526936804203,2026-09-06T14:31:01.562120+00:00
Industrial Manufacturing & Transformation,TRANSFORMADORA NACIONAL S.A. DE C.V.,transformadoranaci.com,Adriana Mendoza,Chief Human Resources Officer (CHRO),C_SUITE,HR_PEOPLE,amendoza@transformadoranaci.com,VERIFIED,85,+526588257143,2026-09-06T14:31:01.562120+00:00
Industrial Manufacturing & Transformation,TRANSFORMADORA CENTRAL S. DE R.L. DE C.V.,transformadoracent.com,Andrea García,Chief Financial Officer (CFO),C_SUITE,FINANCE,agarcía@transformadoracent.com,VERIFIED,85,+529854126892,2026-09-06T14:31:01.562120+00:00
Industrial Manufacturing & Transformation,TRANSFORMADORA CENTRAL S. DE R.L. DE C.V.,transformadoracent.com,Patricia Alarcón,Chief Technology Officer (CTO),C_SUITE,ENGINEERING_IT,palarcón@transformadoracent.com,VERIFIED,85,+524438772965,2026-09-06T14:31:01.562120+00:00
Industrial Manufacturing & Transformation,TRANSFORMADORA CENTRAL S.A.P.I. DE C.V.,transformadoracent.mx,Carlos Hernández,Chief Operating Officer (COO),C_SUITE,OPERATIONS,chernández@transformadoracent.mx,VERIFIED,85,+524163788462,2026-09-06T14:31:01.562120+00:00
Industrial Manufacturing & Transformation,TRANSFORMADORA CENTRAL S.A.S.,transformadoracent.com.mx,Daniel Dominguez,Founder,FOUNDER,EXECUTIVE,ddominguez@transformadoracent.com.mx,VERIFIED,85,+525625170336,2026-09-06T14:31:01.562120+00:00
Industrial Manufacturing & Transformation,TRANSFORMADORA CENTRAL S.A.S.,transformadoracent.com.mx,David Alarcón,Chief Technology Officer (CTO),C_SUITE,ENGINEERING_IT,dalarcón@transformadoracent.com.mx,VERIFIED,85,+524776128884,2026-09-06T14:31:01.562120+00:00
Industrial Manufacturing & Transformation,METALURGICA DE LAS AMERICAS S.A.S.,metalurgicadelasam.mx,Andrea López,Chief Operating Officer (COO),C_SUITE,OPERATIONS,alópez@metalurgicadelasam.mx,VERIFIED,85,+528616616058,2026-09-06T14:31:01.562120+00:00
Industrial Manufacturing & Transformation,METALURGICA DE OCCIDENTE S.A.P.I. DE C.V.,metalurgicadeoccid.com.mx,Carlos Ruiz,Founder,FOUNDER,EXECUTIVE,cruiz@metalurgicadeoccid.com.mx,VERIFIED,85,+529987882877,2026-09-06T14:31:01.562120+00:00
Industrial Manufacturing & Transformation,METALURGICA DE OCCIDENTE S.A.P.I. DE C.V.,metalurgicadeoccid.com.mx,David García,Chief Technology Officer (CTO),C_SUITE,ENGINEERING_IT,dgarcía@metalurgicadeoccid.com.mx,VERIFIED,85,+529179256416,2026-09-06T14:31:01.562120+00:00
Industrial Manufacturing & Transformation,METALURGICA DE OCCIDENTE 9 S.A. DE C.V.,metalurgicadeoccid.com,Roberto López,Founder,FOUNDER,EXECUTIVE,rlópez@metalurgicadeoccid.com,VERIFIED,85,+528613830510,2026-09-06T14:31:01.562120+00:00
Industrial Manufacturing & Transformation,METALURGICA DE LAS AMERICAS S.A.B. DE C.V.,metalurgicadelasam.com.mx,Mariana Navarro,Chief Revenue Officer (CRO),C_SUITE,SALES_MARKETING,mnavarro@metalurgicadelasam.com.mx,VERIFIED,85,+526479812360,2026-09-06T14:31:01.562120+00:00
Industrial Manufacturing & Transformation,METALURGICA DE LAS AMERICAS S.A.B. DE C.V.,metalurgicadelasam.com.mx,Luis González,Chief Human Resources Officer (CHRO),C_SUITE,HR_PEOPLE,lgonzález@metalurgicadelasam.com.mx,VERIFIED,85,+525049206634,2026-09-06T14:31:01.562120+00:00
Industrial Manufacturing & Transformation,METALURGICA DE LAS AMERICAS S.C.,metalurgicadelasam.com,Andrea Treviño,Chief Technology Officer (CTO),C_SUITE,ENGINEERING_IT,atreviño@metalurgicadelasam.com,VERIFIED,85,+528948919006,2026-09-06T14:31:01.562120+00:00
Industrial Manufacturing & Transformation,METALURGICA INTERNACIONAL 75 S. DE R.L. DE C.V.,metalurgicainterna.com.mx,Fernando Salinas,Chief Financial Officer (CFO),C_SUITE,FINANCE,fsalinas@metalurgicainterna.com.mx,VERIFIED,85,+527837764236,2026-09-06T14:31:01.572056+00:00
Industrial Manufacturing & Transformation,METALURGICA INTERNACIONAL 75 S. DE R.L. DE C.V.,metalurgicainterna.com.mx,Hector Dominguez,Chief Executive Officer (CEO),C_SUITE,EXECUTIVE,hdominguez@metalurgicainterna.com.mx,VERIFIED,85,+528472197860,2026-09-06T14:31:01.572056+00:00
Industrial Manufacturing & Transformation,METALURGICA INTERNACIONAL S.A.S.,metalurgicainterna.com,Mariana Alarcón,Chief Revenue Officer (CRO),C_SUITE,SALES_MARKETING,malarcón@metalurgicainterna.com,VERIFIED,85,+526777332476,2026-09-06T14:31:01.572056+00:00
Industrial Manufacturing & Transformation,METALURGICA INTERNACIONAL 30 S.C.,metalurgicainterna.mx,Javier Ruiz,Chief Operating Officer (COO),C_SUITE,OPERATIONS,jruiz@metalurgicainterna.mx,VERIFIED,85,+529474744215,2026-09-06T14:31:01.572056+00:00
Industrial Manufacturing & Transformation,METALURGICA INTERNACIONAL 30 S.C.,metalurgicainterna.mx,David Valenzuela,Chief Human Resources Officer (CHRO),C_SUITE,HR_PEOPLE,dvalenzuela@metalurgicainterna.mx,VERIFIED,85,+528725801156,2026-09-06T14:31:01.572056+00:00
Industrial Manufacturing & Transformation,METALURGICA DEL NORTE S.A. DE C.V.,metalurgicadelnort.com.mx,Adriana Alarcón,Chief Executive Officer (CEO),C_SUITE,EXECUTIVE,aalarcón@metalurgicadelnort.com.mx,VERIFIED,85,+527849464651,2026-09-06T14:31:01.572056+00:00
Industrial Manufacturing & Transformation,METALURGICA DEL NORTE S.A. DE C.V.,metalurgicadelnort.com.mx,Javier Garza,Chief Technology Officer (CTO),C_SUITE,ENGINEERING_IT,jgarza@metalurgicadelnort.com,VERIFIED,85,+525055969482,2026-09-06T14:31:01.572056+00:00
Industrial Manufacturing & Transformation,METALURGICA DEL NORTE S.A. DE C.V.,metalurgicadelnort.com.mx,Eduardo Ruiz,Chief Executive Officer (CEO),C_SUITE,EXECUTIVE,eruiz@metalurgicadelnort.com,VERIFIED,85,+529254465667,2026-09-06T14:31:01.572056+00:00
Industrial Manufacturing & Transformation,METALURGICA DEL BAJIO S.A.S.,metalurgicadelbaji.com.mx,Carlos Ruiz,Chief Financial Officer (CFO),C_SUITE,FINANCE,cruiz@metalurgicadelbaji.com.mx,VERIFIED,85,+525510194471,2026-09-06T14:31:01.572056+00:00
Industrial Manufacturing & Transformation,METALURGICA DEL BAJIO S.A.S.,metalurgicadelbaji.com.mx,Alejandro Alarcón,Chief Executive Officer (CEO),C_SUITE,EXECUTIVE,aalarcón@metalurgicadelbaji.com.mx,VERIFIED,85,+525550187847,2026-09-06T14:31:01.572056+00:00
Industrial Manufacturing & Transformation,METALURGICA DEL BAJIO S.A.S.,metalurgicadelbaji.com.mx,Carlos Villaseñor,Chief Technology Officer (CTO),C_SUITE,ENGINEERING_IT,cvillaseñor@metalurgicadelbaji.com.mx,VERIFIED,85,+524857004764,2026-09-06T14:31:01.572056+00:00
Industrial Manufacturing & Transformation,METALURGICA DEL BAJIO S.A.S.,metalurgicadelbaji.com.mx,Daniel López,Chief Technology Officer (CTO),C_SUITE,ENGINEERING_IT,dlópez@metalurgicadelbaji.com.mx,VERIFIED,85,+526777747574,2026-09-06T14:31:01.572056+00:00
Industrial Manufacturing & Transformation,METALURGICA DEL BAJIO S.A.S.,metalurgicadelbaji.com.mx,Hector Villaseñor,Chief Technology Officer (CTO),C_SUITE,ENGINEERING_IT,hvillaseñor@metalurgicadelbaji.com.mx,VERIFIED,85,+528754962154,2026-09-06T14:31:01.572056+00:00
Industrial Manufacturing & Transformation,METALURGICA DEL BAJIO 95 S.A.P.I. DE C.V.,metalurgicadelbaji.com,Eduardo López,Chief Executive Officer (CEO),C_SUITE,EXECUTIVE,elópez@metalurgicadelbaji.com,VERIFIED,85,+524890294821,2026-09-06T14:31:01.572056+00:00
Industrial Manufacturing & Transformation,METALURGICA DEL BAJIO 95 S.A.P.I. DE C.V.,metalurgicadelbaji.com,Claudia Garza,Chief Technology Officer (CTO),C_SUITE,ENGINEERING_IT,cgarza@metalurgicadelbaji.com,VERIFIED,85,+527864475137,2026-09-06T14:31:01.572056+00:00
Industrial Manufacturing & Transformation,METALURGICA DEL BAJIO 95 S.A.P.I. DE C.V.,metalurgicadelbaji.com,Miguel González,Chief Executive Officer (CEO),C_SUITE,EXECUTIVE,mgonzález@metalurgicadelbaji.com,VERIFIED,85,+524964349155,2026-09-06T14:31:01.572056+00:00
Industrial Manufacturing & Transformation,METALURGICA DEL CENTRO S.A.B. DE C.V.,metalurgicadelcent.mx,Roberto Vega,Chief Financial Officer (CFO),C_SUITE,FINANCE,rvega@metalurgicadelcent.mx,VERIFIED,85,+525021794019,2026-09-06T14:31:01.572056+00:00
Industrial Manufacturing & Transformation,METALURGICA DEL CENTRO S.A.B. DE C.V.,metalurgicadelcent.mx,Fernando Navarro,Chief Revenue Officer (CRO),C_SUITE,SALES_MARKETING,fnavarro@metalurgicadelcent.com.mx,VERIFIED,85,+525495855985,2026-09-06T14:31:01.572056+00:00
Industrial Manufacturing & Transformation,METALURGICA DEL NORTE S.A.S.,metalurgicadelnort.mx,Roberto Morales,Chief Operating Officer (COO),C_SUITE,OPERATIONS,rmorales@metalurgicadelnort.mx,VERIFIED,85,+524850860295,2026-09-06T14:31:01.572056+00:00
Industrial Manufacturing & Transformation,METALURGICA DEL BAJIO S. DE R.L. DE C.V.,metalurgicadelbaji.mx,Javier García,Chief Financial Officer (CFO),C_SUITE,FINANCE,jgarcía@metalurgicadelbaji.mx,VERIFIED,85,+526661641084,2026-09-06T14:31:01.572056+00:00
Industrial Manufacturing & Transformation,METALURGICA DEL PACIFICO 52 S.A.B. DE C.V.,metalurgicadelpaci.com.mx,Javier Ruiz,Chief Executive Officer (CEO),C_SUITE,EXECUTIVE,jruiz@metalurgicadelpaci.com.mx,VERIFIED,85,+526546531837,2026-09-06T14:31:01.572056+00:00
Industrial Manufacturing & Transformation,METALURGICA DEL CENTRO S.A.B. DE C.V.,metalurgicadelcent.com,Gabriel Castro,Chief Technology Officer (CTO),C_SUITE,ENGINEERING_IT,gcastro@metalurgicadelcent.com,VERIFIED,85,+524969556401,2026-09-06T14:31:01.572056+00:00
Industrial Manufacturing & Transformation,METALURGICA DEL PACIFICO 35 S.A.S.,metalurgicadelpaci.com,Gabriel Ruiz,Chief Financial Officer (CFO),C_SUITE,FINANCE,gruiz@metalurgicadelpaci.com,VERIFIED,85,+526577240580,2026-09-06T14:31:01.572056+00:00
Industrial Manufacturing & Transformation,TRANSFORMADORA EMPRESARIAL S.C.,transformadoraempr.com.mx,Daniel Vega,Chief Human Resources Officer (CHRO),C_SUITE,HR_PEOPLE,dvega@transformadoraempr.com.mx,VERIFIED,85,+524164417596,2026-09-06T14:31:01.572056+00:00
Industrial Manufacturing & Transformation,TRANSFORMADORA EMPRESARIAL S.C.,transformadoraempr.com.mx,Sofia Benítez,Chief Operating Officer (COO),C_SUITE,OPERATIONS,sbenítez@transformadoraempr.com,VERIFIED,85,+527495087857,2026-09-06T14:31:01.572056+00:00
Industrial Manufacturing & Transformation,TRANSFORMADORA EMPRESARIAL S.C.,transformadoraempr.com.mx,Daniel Treviño,Chief Executive Officer (CEO),C_SUITE,EXECUTIVE,dtreviño@transformadoraempr.com.mx,VERIFIED,85,+524972883659,2026-09-06T14:31:01.572056+00:00
Industrial Manufacturing & Transformation,TRANSFORMADORA EMPRESARIAL S. DE R.L. DE C.V.,transformadoraempr.mx,Miguel Valenzuela,Chief Executive Officer (CEO),C_SUITE,EXECUTIVE,mvalenzuela@transformadoraempr.mx,VERIFIED,85,+528924836051,2026-09-06T14:31:01.575385+00:00
Industrial Manufacturing & Transformation,TRANSFORMADORA EMPRESARIAL S.A.S.,transformadoraempr.com,Patricia González,Chief Executive Officer (CEO),C_SUITE,EXECUTIVE,pgonzález@transformadoraempr.com,VERIFIED,85,+525947620926,2026-09-06T14:31:01.575385+00:00
Industrial Manufacturing & Transformation,TRANSFORMADORA LATINOAMERICANA S.A.P.I. DE C.V.,transformadoralati.mx,Adriana Villaseñor,Founder,FOUNDER,EXECUTIVE,avillaseñor@transformadoralati.mx,VERIFIED,85,+528191777161,2026-09-06T14:31:01.575385+00:00
Industrial Manufacturing & Transformation,TRANSFORMADORA LATINOAMERICANA S.A. DE C.V.,transformadoralati.com,Sofia González,Chief Technology Officer (CTO),C_SUITE,ENGINEERING_IT,sgonzález@transformadoralati.com,VERIFIED,85,+528190143957,2026-09-06T14:31:01.575385+00:00
Industrial Manufacturing & Transformation,TRANSFORMADORA LATINOAMERICANA S.A.S.,transformadoralati.com.mx,Andrea Hernández,Founder,FOUNDER,EXECUTIVE,ahernández@transformadoralati.com.mx,VERIFIED,85,+528172363989,2026-09-06T14:31:01.576119+00:00
Industrial Manufacturing & Transformation,TRANSFORMADORA LATINOAMERICANA S.A.S.,transformadoralati.com.mx,Guillermo Castro,Founder,FOUNDER,EXECUTIVE,gcastro@transformadoralati.com.mx,VERIFIED,85,+528177736633,2026-09-06T14:31:01.576119+00:00
Industrial Manufacturing & Transformation,METALURGICA CENTRAL S. DE R.L. DE C.V.,metalurgicacentral.mx,Javier González,Founder,FOUNDER,EXECUTIVE,jgonzález@metalurgicacentral.mx,VERIFIED,85,+528916221376,2026-09-06T14:31:01.576775+00:00
Industrial Manufacturing & Transformation,METALURGICA CENTRAL S. DE R.L. DE C.V.,metalurgicacentral.mx,Andrea Martínez,Founder,FOUNDER,EXECUTIVE,amartínez@metalurgicacentral.com,VERIFIED,85,+525166216455,2026-09-06T14:31:01.576775+00:00
Industrial Manufacturing & Transformation,METALURGICA CENTRAL S.A. DE C.V.,metalurgicacentral.com.mx,Luis Navarro,Chief Operating Officer (COO),C_SUITE,OPERATIONS,lnavarro@metalurgicacentral.com.mx,VERIFIED,85,+528469914728,2026-09-06T14:31:01.576775+00:00
Industrial Manufacturing & Transformation,METALURGICA INTERNACIONAL 84 S. DE R.L. DE C.V.,metalurgicainterna.mx,David Dominguez,Chief Executive Officer (CEO),C_SUITE,EXECUTIVE,ddominguez@metalurgicainterna.mx,VERIFIED,85,+526396115046,2026-09-06T14:31:01.576775+00:00
Industrial Manufacturing & Transformation,METALURGICA INTERNACIONAL S.A.B. DE C.V.,metalurgicainterna.com.mx,Adriana Alarcón,Chief Technology Officer (CTO),C_SUITE,ENGINEERING_IT,aalarcón@metalurgicainterna.com.mx,VERIFIED,85,+527193529711,2026-09-06T14:31:01.576775+00:00
Industrial Manufacturing & Transformation,METALURGICA INTERNACIONAL S.A.B. DE C.V.,metalurgicainterna.com.mx,Rodrigo Ruiz,Chief Executive Officer (CEO),C_SUITE,EXECUTIVE,rruiz@metalurgicainterna.com.mx,VERIFIED,85,+529426338116,2026-09-06T14:31:01.576775+00:00
Industrial Manufacturing & Transformation,TRANSFORMADORA DE LAS AMERICAS S.A.S.,transformadoradela.com.mx,Carlos Valenzuela,Chief Operating Officer (COO),C_SUITE,OPERATIONS,cvalenzuela@transformadoradela.com.mx,VERIFIED,85,+524772000327,2026-09-06T14:31:01.576775+00:00
Industrial Manufacturing & Transformation,TRANSFORMADORA DE LAS AMERICAS S.A.S.,transformadoradela.com.mx,Gabriel Martínez,Founder,FOUNDER,EXECUTIVE,gmartínez@transformadoradela.mx,VERIFIED,85,+524838460710,2026-09-06T14:31:01.576775+00:00
Industrial Manufacturing & Transformation,TRANSFORMADORA DE LAS AMERICAS S. DE R.L. DE C.V.,transformadoradela.com,Fernando Salinas,Chief Technology Officer (CTO),C_SUITE,ENGINEERING_IT,fsalinas@transformadoradela.com,VERIFIED,85,+525757231907,2026-09-06T14:31:01.576775+00:00
Industrial Manufacturing & Transformation,TRANSFORMADORA DE OCCIDENTE 41 S.A.B. DE C.V.,transformadoradeoc.com,Eduardo Mendoza,Chief Operating Officer (COO),C_SUITE,OPERATIONS,emendoza@transformadoradeoc.com,VERIFIED,85,+524432241759,2026-09-06T14:31:01.576775+00:00
Industrial Manufacturing & Transformation,TRANSFORMADORA ESTRATEGICA 47 S.A.S.,transformadoraestr.com,Mariana Garza,Chief Human Resources Officer (CHRO),C_SUITE,HR_PEOPLE,mgarza@transformadoraestr.com,VERIFIED,85,+524060827614,2026-09-06T14:31:01.576775+00:00
Industrial Manufacturing & Transformation,TRANSFORMADORA ESTRATEGICA 47 S.A.S.,transformadoraestr.com,David López,Chief Human Resources Officer (CHRO),C_SUITE,HR_PEOPLE,dlópez@transformadoraestr.com,VERIFIED,85,+528130300973,2026-09-06T14:31:01.576775+00:00
Industrial Manufacturing & Transformation,TRANSFORMADORA ESTRATEGICA 47 S.A.S.,transformadoraestr.com,Miguel Salinas,Chief Operating Officer (COO),C_SUITE,OPERATIONS,msalinas@transformadoraestr.com,VERIFIED,85,+528099024811,2026-09-06T14:31:01.576775+00:00
Industrial Manufacturing & Transformation,TRANSFORMADORA ESTRATEGICA 47 S.A.S.,transformadoraestr.com,Luis Vega,Chief Financial Officer (CFO),C_SUITE,FINANCE,lvega@transformadoraestr.com,VERIFIED,85,+527884292891,2026-09-06T14:31:01.576775+00:00
Industrial Manufacturing & Transformation,METALURGICA MODERNA S. DE R.L. DE C.V.,metalurgicamoderna.mx,Daniel López,Chief Financial Officer (CFO),C_SUITE,FINANCE,dlópez@metalurgicamoderna.mx,VERIFIED,85,+526176941877,2026-09-06T14:31:01.578860+00:00
Industrial Manufacturing & Transformation,METALURGICA MODERNA S.C.,metalurgicamoderna.com.mx,Miguel Alarcón,Chief Human Resources Officer (CHRO),C_SUITE,HR_PEOPLE,malarcón@metalurgicamoderna.com.mx,VERIFIED,85,+526343017772,2026-09-06T14:31:01.578860+00:00
Industrial Manufacturing & Transformation,TRANSFORMADORA MODERNA S. DE R.L. DE C.V.,transformadoramode.mx,Carlos Martínez,Chief Financial Officer (CFO),C_SUITE,FINANCE,cmartínez@transformadoramode.mx,VERIFIED,85,+526548651244,2026-09-06T14:31:01.580870+00:00
Industrial Manufacturing & Transformation,TRANSFORMADORA MODERNA S.C.,transformadoramode.com.mx,Javier Garza,Chief Human Resources Officer (CHRO),C_SUITE,HR_PEOPLE,jgarza@transformadoramode.com.mx,VERIFIED,85,+528926200106,2026-09-06T14:31:01.580870+00:00
Industrial Manufacturing & Transformation,TRANSFORMADORA MODERNA S.C.,transformadoramode.com.mx,Andrea Alarcón,Chief Financial Officer (CFO),C_SUITE,FINANCE,aalarcón@transformadoramode.com,VERIFIED,85,+525953500410,2026-09-06T14:31:01.580870+00:00
Industrial Manufacturing & Transformation,TRANSFORMADORA MODERNA S.A.P.I. DE C.V.,transformadoramode.com,Carlos Navarro,Chief Revenue Officer (CRO),C_SUITE,SALES_MARKETING,cnavarro@transformadoramode.com,VERIFIED,85,+527386052487,2026-09-06T14:31:01.580870+00:00
Industrial Manufacturing & Transformation,METALURGICA INDUSTRIAL S.C.,metalurgicaindustr.com.mx,Fernando Martínez,Chief Operating Officer (COO),C_SUITE,OPERATIONS,fmartínez@metalurgicaindustr.com.mx,VERIFIED,85,+524228077928,2026-09-06T14:31:01.582874+00:00
Industrial Manufacturing & Transformation,METALURGICA INDUSTRIAL S.C.,metalurgicaindustr.com.mx,Mariana Villaseñor,Chief Technology Officer (CTO),C_SUITE,ENGINEERING_IT,mvillaseñor@metalurgicaindustr.com,VERIFIED,85,+526253656536,2026-09-06T14:31:01.582874+00:00
Industrial Manufacturing & Transformation,METALURGICA INDUSTRIAL S.C.,metalurgicaindustr.com.mx,Fernando López,Chief Revenue Officer (CRO),C_SUITE,SALES_MARKETING,flópez@metalurgicaindustr.mx,VERIFIED,85,+525198411622,2026-09-06T14:31:01.582874+00:00
Industrial Manufacturing & Transformation,METALURGICA INDUSTRIAL S.A.S.,metalurgicaindustr.com,Javier Benítez,Chief Financial Officer (CFO),C_SUITE,FINANCE,jbenítez@metalurgicaindustr.com,VERIFIED,85,+529519609144,2026-09-06T14:31:01.582874+00:00
Industrial Manufacturing & Transformation,METALURGICA ESTRATEGICA S.A.B. DE C.V.,metalurgicaestrate.com.mx,Andrea Morales,Chief Operating Officer (COO),C_SUITE,OPERATIONS,amorales@metalurgicaestrate.com.mx,VERIFIED,85,+527685251262,2026-09-06T14:31:01.584879+00:00
Industrial Manufacturing & Transformation,METALURGICA ESTRATEGICA S.A.B. DE C.V.,metalurgicaestrate.com.mx,Guillermo Castro,Chief Executive Officer (CEO),C_SUITE,EXECUTIVE,gcastro@metalurgicaestrate.mx,VERIFIED,85,+525964742251,2026-09-06T14:31:01.584879+00:00
Industrial Manufacturing & Transformation,METALURGICA ESTRATEGICA S.A.B. DE C.V.,metalurgicaestrate.com.mx,Luis Castro,Chief Technology Officer (CTO),C_SUITE,ENGINEERING_IT,lcastro@metalurgicaestrate.com.mx,VERIFIED,85,+524318778702,2026-09-06T14:31:01.584879+00:00
Industrial Manufacturing & Transformation,METALURGICA ESTRATEGICA S.A.B. DE C.V.,metalurgicaestrate.com.mx,Alejandro Mendoza,Chief Revenue Officer (CRO),C_SUITE,SALES_MARKETING,amendoza@metalurgicaestrate.mx,VERIFIED,85,+524696145793,2026-09-06T14:31:01.584879+00:00
Industrial Manufacturing & Transformation,METALURGICA ESTRATEGICA S.A.B. DE C.V.,metalurgicaestrate.com.mx,Carlos Mendoza,Chief Executive Officer (CEO),C_SUITE,EXECUTIVE,cmendoza@metalurgicaestrate.com.mx,VERIFIED,85,+524690792662,2026-09-06T14:31:01.584879+00:00
Industrial Manufacturing & Transformation,METALURGICA ESTRATEGICA S.A.B. DE C.V.,metalurgicaestrate.mx,Adriana Garza,Chief Financial Officer (CFO),C_SUITE,FINANCE,agarza@metalurgicaestrate.mx,VERIFIED,85,+527269974454,2026-09-06T14:31:01.584879+00:00
Industrial Manufacturing & Transformation,METALURGICA AVANZADA S. DE R.L. DE C.V.,metalurgicaavanzad.com.mx,Hector Valenzuela,Chief Human Resources Officer (CHRO),C_SUITE,HR_PEOPLE,hvalenzuela@metalurgicaavanzad.com.mx,VERIFIED,85,+528151467293,2026-09-06T14:31:01.586885+00:00
Industrial Manufacturing & Transformation,METALURGICA AVANZADA S.A.B. DE C.V.,metalurgicaavanzad.mx,Jorge Treviño,Founder,FOUNDER,EXECUTIVE,jtreviño@metalurgicaavanzad.mx,VERIFIED,85,+528199698743,2026-09-06T14:31:01.586885+00:00
Industrial Manufacturing & Transformation,METALURGICA DE OCCIDENTE S.A.P.I. DE C.V.,metalurgicadeoccid.com.mx,Fernando Hernández,Chief Operating Officer (COO),C_SUITE,OPERATIONS,fhernández@metalurgicadeoccid.com.mx,VERIFIED,85,+527742737317,2026-09-06T14:31:01.586885+00:00
Industrial Manufacturing & Transformation,METALURGICA DE OCCIDENTE S.A.P.I. DE C.V.,metalurgicadeoccid.com.mx,Sofia Benítez,Chief Operating Officer (COO),C_SUITE,OPERATIONS,sbenítez@metalurgicadeoccid.com.mx,VERIFIED,85,+527015436269,2026-09-06T14:31:01.586885+00:00
Industrial Manufacturing & Transformation,METALURGICA DE LAS AMERICAS S.A.S.,metalurgicadelasam.com,Javier Benítez,Chief Executive Officer (CEO),C_SUITE,EXECUTIVE,jbenítez@metalurgicadelasam.com,VERIFIED,85,+528345523371,2026-09-06T14:31:01.586885+00:00
Industrial Manufacturing & Transformation,METALURGICA DE LAS AMERICAS S.A.S.,metalurgicadelasam.com,Rodrigo Vega,Chief Revenue Officer (CRO),C_SUITE,SALES_MARKETING,rvega@metalurgicadelasam.com,VERIFIED,85,+528324994227,2026-09-06T14:31:01.586885+00:00
Industrial Manufacturing & Transformation,METALURGICA DE LAS AMERICAS S.A.S.,metalurgicadelasam.com,Hector Salinas,Chief Executive Officer (CEO),C_SUITE,EXECUTIVE,hsalinas@metalurgicadelasam.com,VERIFIED,85,+526810563822,2026-09-06T14:31:01.586885+00:00
Industrial Manufacturing & Transformation,METALURGICA DE OCCIDENTE S.A.S.,metalurgicadeoccid.mx,Fernando Salinas,Chief Executive Officer (CEO),C_SUITE,EXECUTIVE,fsalinas@metalurgicadeoccid.mx,VERIFIED,85,+526288919055,2026-09-06T14:31:01.586885+00:00
Industrial Manufacturing & Transformation,METALURGICA DE OCCIDENTE S.A.S.,metalurgicadeoccid.mx,Luis Mendoza,Chief Financial Officer (CFO),C_SUITE,FINANCE,lmendoza@metalurgicadeoccid.mx,VERIFIED,85,+526857293630,2026-09-06T14:31:01.586885+00:00
Industrial Manufacturing & Transformation,METALURGICA DE LAS AMERICAS S.C.,metalurgicadelasam.mx,Adriana Villaseñor,Chief Executive Officer (CEO),C_SUITE,EXECUTIVE,avillaseñor@metalurgicadelasam.mx,VERIFIED,85,+529524492944,2026-09-06T14:31:01.586885+00:00
Industrial Manufacturing & Transformation,METALURGICA DE LAS AMERICAS S.C.,metalurgicadelasam.mx,Javier Ruiz,Chief Executive Officer (CEO),C_SUITE,EXECUTIVE,jruiz@metalurgicadelasam.mx,VERIFIED,85,+528062468535,2026-09-06T14:31:01.587887+00:00
Industrial Manufacturing & Transformation,METALURGICA DE LAS AMERICAS S.C.,metalurgicadelasam.mx,Gabriel López,Chief Technology Officer (CTO),C_SUITE,ENGINEERING_IT,glópez@metalurgicadelasam.mx,VERIFIED,85,+527989743229,2026-09-06T14:31:01.587887+00:00
Industrial Manufacturing & Transformation,METALURGICA MEXICANA S.A.S.,metalurgicamexican.mx,Sofia Valenzuela,Chief Executive Officer (CEO),C_SUITE,EXECUTIVE,svalenzuela@metalurgicamexican.mx,VERIFIED,85,+525583746836,2026-09-06T14:31:01.587887+00:00
Industrial Manufacturing & Transformation,METALURGICA MEXICANA 27 S.C.,metalurgicamexican.com.mx,Javier Dominguez,Founder,FOUNDER,EXECUTIVE,jdominguez@metalurgicamexican.com.mx,VERIFIED,85,+525533380982,2026-09-06T14:31:01.587887+00:00
Industrial Manufacturing & Transformation,METALURGICA EMPRESARIAL S.A.B. DE C.V.,metalurgicaempresa.com,Guillermo López,Chief Revenue Officer (CRO),C_SUITE,SALES_MARKETING,glópez@metalurgicaempresa.com,VERIFIED,85,+526331461989,2026-09-06T14:31:01.587887+00:00
Industrial Manufacturing & Transformation,METALURGICA EMPRESARIAL S.A.B. DE C.V.,metalurgicaempresa.com,Adriana Villaseñor,Founder,FOUNDER,EXECUTIVE,avillaseñor@metalurgicaempresa.com.mx,VERIFIED,85,+526554133769,2026-09-06T14:31:01.587887+00:00
Industrial Manufacturing & Transformation,METALURGICA EMPRESARIAL S.A.S.,metalurgicaempresa.com.mx,Miguel González,Chief Executive Officer (CEO),C_SUITE,EXECUTIVE,mgonzález@metalurgicaempresa.com.mx,VERIFIED,85,+526542681380,2026-09-06T14:31:01.587887+00:00
Industrial Manufacturing & Transformation,METALURGICA EMPRESARIAL S.A.S.,metalurgicaempresa.com.mx,Fernando Mendoza,Chief Revenue Officer (CRO),C_SUITE,SALES_MARKETING,fmendoza@metalurgicaempresa.com.mx,VERIFIED,85,+529129356908,2026-09-06T14:31:01.587887+00:00
Industrial Manufacturing & Transformation,METALURGICA INTERNACIONAL S. DE R.L. DE C.V.,metalurgicainterna.mx,Adriana García,Chief Executive Officer (CEO),C_SUITE,EXECUTIVE,agarcía@metalurgicainterna.mx,VERIFIED,85,+529236270649,2026-09-06T14:31:01.587887+00:00
Industrial Manufacturing & Transformation,METALURGICA INTERNACIONAL S.A.B. DE C.V.,metalurgicainterna.com,Carlos López,Chief Technology Officer (CTO),C_SUITE,ENGINEERING_IT,clópez@metalurgicainterna.com,VERIFIED,85,+527982154598,2026-09-06T14:31:01.587887+00:00
Industrial Manufacturing & Transformation,METALURGICA INTERNACIONAL S.A.B. DE C.V.,metalurgicainterna.com,Adriana Benítez,Chief Revenue Officer (CRO),C_SUITE,SALES_MARKETING,abenítez@metalurgicainterna.com,VERIFIED,85,+528355717187,2026-09-06T14:31:01.587887+00:00
Industrial Manufacturing & Transformation,METALURGICA INTERNACIONAL S.A.B. DE C.V.,metalurgicainterna.com,Luis Castro,Chief Technology Officer (CTO),C_SUITE,ENGINEERING_IT,lcastro@metalurgicainterna.com,VERIFIED,85,+526061154611,2026-09-06T14:31:01.587887+00:00
Industrial Manufacturing & Transformation,METALURGICA INDUSTRIAL S.A.P.I. DE C.V.,metalurgicaindustr.com.mx,Rodrigo Vega,Chief Executive Officer (CEO),C_SUITE,EXECUTIVE,rvega@metalurgicaindustr.com.mx,VERIFIED,85,+528195398716,2026-09-06T14:31:01.587887+00:00
Industrial Manufacturing & Transformation,METALURGICA INDUSTRIAL S.A.P.I. DE C.V.,metalurgicaindustr.com.mx,Fernando Garza,Chief Revenue Officer (CRO),C_SUITE,SALES_MARKETING,fgarza@metalurgicaindustr.mx,VERIFIED,85,+528162643921,2026-09-06T14:31:01.587887+00:00
Industrial Manufacturing & Transformation,METALURGICA INDUSTRIAL 37 S.C.,metalurgicaindustr.mx,Miguel Ruiz,Founder,FOUNDER,EXECUTIVE,mruiz@metalurgicaindustr.mx,VERIFIED,85,+528163832797,2026-09-06T14:31:01.587887+00:00
Industrial Manufacturing & Transformation,TRANSFORMADORA EMPRESARIAL S.C.,transformadoraempr.com,Fernando Valenzuela,Founder,FOUNDER,EXECUTIVE,fvalenzuela@transformadoraempr.com,VERIFIED,85,+528129702507,2026-09-06T14:31:01.587887+00:00
Industrial Manufacturing & Transformation,TRANSFORMADORA EMPRESARIAL S.A.S.,transformadoraempr.mx,Carlos Garza,Chief Executive Officer (CEO),C_SUITE,EXECUTIVE,cgarza@transformadoraempr.mx,VERIFIED,85,+528148015413,2026-09-06T14:31:01.587887+00:00
Industrial Manufacturing & Transformation,TRANSFORMADORA EMPRESARIAL S.A.S.,transformadoraempr.com.mx,Adriana Dominguez,Chief Technology Officer (CTO),C_SUITE,ENGINEERING_IT,adominguez@transformadoraempr.com.mx,VERIFIED,85,+528183567110,2026-09-06T14:31:01.587887+00:00
Industrial Manufacturing & Transformation,TRANSFORMADORA CENTRAL S.A.P.I. DE C.V.,transformadoracent.com.mx,Sofia Morales,Chief Revenue Officer (CRO),C_SUITE,SALES_MARKETING,smorales@transformadoracent.com.mx,VERIFIED,85,+524219156018,2026-09-06T14:31:01.592600+00:00
Industrial Manufacturing & Transformation,TRANSFORMADORA CENTRAL S.A.P.I. DE C.V.,transformadoracent.com.mx,Jorge Benítez,Chief Financial Officer (CFO),C_SUITE,FINANCE,jbenítez@transformadoracent.mx,VERIFIED,85,+527538053136,2026-09-06T14:31:01.592600+00:00
Industrial Manufacturing & Transformation,TRANSFORMADORA CENTRAL S.A. DE C.V.,transformadoracent.mx,Jorge Dominguez,Chief Executive Officer (CEO),C_SUITE,EXECUTIVE,jdominguez@transformadoracent.mx,VERIFIED,85,+525368179657,2026-09-06T14:31:01.592600+00:00
Industrial Manufacturing & Transformation,TRANSFORMADORA CENTRAL S.A. DE C.V.,transformadoracent.mx,Carlos Benítez,Chief Technology Officer (CTO),C_SUITE,ENGINEERING_IT,cbenítez@transformadoracent.mx,VERIFIED,85,+527076268509,2026-09-06T14:31:01.592600+00:00
Industrial Manufacturing & Transformation,TRANSFORMADORA CENTRAL S. DE R.L. DE C.V.,transformadoracent.com,Sofia Mendoza,Chief Operating Officer (COO),C_SUITE,OPERATIONS,smendoza@transformadoracent.com,VERIFIED,85,+525962527538,2026-09-06T14:31:01.592600+00:00
Industrial Manufacturing & Transformation,TRANSFORMADORA DINAMICA S.A. DE C.V.,transformadoradina.com.mx,Carlos Navarro,Chief Executive Officer (CEO),C_SUITE,EXECUTIVE,cnavarro@transformadoradina.com.mx,VERIFIED,85,+527689923912,2026-09-06T14:31:01.592600+00:00
Industrial Manufacturing & Transformation,TRANSFORMADORA DINAMICA S.A. DE C.V.,transformadoradina.com.mx,Fernando García,Chief Executive Officer (CEO),C_SUITE,EXECUTIVE,fgarcía@transformadoradina.com.mx,VERIFIED,85,+524273983306,2026-09-06T14:31:01.592600+00:00
Industrial Manufacturing & Transformation,TRANSFORMADORA DINAMICA S.A. DE C.V.,transformadoradina.com.mx,Eduardo Mendoza,Chief Technology Officer (CTO),C_SUITE,ENGINEERING_IT,emendoza@transformadoradina.com,VERIFIED,85,+526784816619,2026-09-06T14:31:01.592600+00:00
Industrial Manufacturing & Transformation,TRANSFORMADORA DINAMICA S.C.,transformadoradina.mx,Daniel Treviño,Chief Human Resources Officer (CHRO),C_SUITE,HR_PEOPLE,dtreviño@transformadoradina.mx,VERIFIED,85,+527211455418,2026-09-06T14:31:01.592600+00:00
Industrial Manufacturing & Transformation,METALURGICA MODERNA 80 S.A.B. DE C.V.,metalurgicamoderna.com,Patricia Alarcón,Chief Executive Officer (CEO),C_SUITE,EXECUTIVE,palarcón@metalurgicamoderna.com,VERIFIED,85,+526932122637,2026-09-06T14:31:01.592600+00:00
Industrial Manufacturing & Transformation,METALURGICA MODERNA 80 S.A.B. DE C.V.,metalurgicamoderna.com,Guillermo Treviño,Chief Revenue Officer (CRO),C_SUITE,SALES_MARKETING,gtreviño@metalurgicamoderna.com,VERIFIED,85,+527069055605,2026-09-06T14:31:01.592600+00:00
Industrial Manufacturing & Transformation,METALURGICA MODERNA S.A.S.,metalurgicamoderna.mx,Andrea Morales,Chief Revenue Officer (CRO),C_SUITE,SALES_MARKETING,amorales@metalurgicamoderna.mx,VERIFIED,85,+526179070825,2026-09-06T14:31:01.592600+00:00
Industrial Manufacturing & Transformation,TRANSFORMADORA LATINOAMERICANA S.A.S.,transformadoralati.mx,Mariana Salinas,Chief Technology Officer (CTO),C_SUITE,ENGINEERING_IT,msalinas@transformadoralati.mx,VERIFIED,85,+529321003525,2026-09-06T14:31:01.592600+00:00
Industrial Manufacturing & Transformation,TRANSFORMADORA LATINOAMERICANA S.A.S.,transformadoralati.com.mx,Miguel García,Chief Human Resources Officer (CHRO),C_SUITE,HR_PEOPLE,mgarcía@transformadoralati.com.mx,VERIFIED,85,+528728615220,2026-09-06T14:31:01.592600+00:00
Industrial Manufacturing & Transformation,TRANSFORMADORA LATINOAMERICANA S.A. DE C.V.,transformadoralati.com,Eduardo Vega,Chief Executive Officer (CEO),C_SUITE,EXECUTIVE,evega@transformadoralati.com,VERIFIED,85,+529571893999,2026-09-06T14:31:01.592600+00:00
Industrial Manufacturing & Transformation,METALURGICA ESTRATEGICA S.C.,metalurgicaestrate.mx,Claudia Mendoza,Founder,FOUNDER,EXECUTIVE,cmendoza@metalurgicaestrate.mx,VERIFIED,85,+527854291140,2026-09-06T14:31:01.592600+00:00
Industrial Manufacturing & Transformation,METALURGICA ESTRATEGICA S.C.,metalurgicaestrate.mx,Rodrigo Benítez,Chief Executive Officer (CEO),C_SUITE,EXECUTIVE,rbenítez@metalurgicaestrate.com,VERIFIED,85,+527822371457,2026-09-06T14:31:01.592600+00:00
Industrial Manufacturing & Transformation,METALURGICA ESTRATEGICA S.C.,metalurgicaestrate.mx,Guillermo Navarro,Chief Technology Officer (CTO),C_SUITE,ENGINEERING_IT,gnavarro@metalurgicaestrate.mx,VERIFIED,85,+529368544185,2026-09-06T14:31:01.592600+00:00
Industrial Manufacturing & Transformation,METALURGICA ESTRATEGICA S.C.,metalurgicaestrate.mx,David Hernández,Chief Revenue Officer (CRO),C_SUITE,SALES_MARKETING,dhernández@metalurgicaestrate.mx,VERIFIED,85,+524558211922,2026-09-06T14:31:01.592600+00:00
Industrial Manufacturing & Transformation,METALURGICA ESTRATEGICA S.A.S.,metalurgicaestrate.com.mx,Rodrigo Vega,Chief Operating Officer (COO),C_SUITE,OPERATIONS,rvega@metalurgicaestrate.com.mx,VERIFIED,85,+525732031970,2026-09-06T14:31:01.592600+00:00
Industrial Manufacturing & Transformation,TRANSFORMADORA EMPRESARIAL S.C.,transformadoraempr.com.mx,Sofia Martínez,Chief Executive Officer (CEO),C_SUITE,EXECUTIVE,smartínez@transformadoraempr.com.mx,VERIFIED,85,+529640875508,2026-09-06T14:31:01.592600+00:00
Industrial Manufacturing & Transformation,TRANSFORMADORA EMPRESARIAL 59 S. DE R.L. DE C.V.,transformadoraempr.com,Mariana Ruiz,Founder,FOUNDER,EXECUTIVE,mruiz@transformadoraempr.com,VERIFIED,85,+524818985819,2026-09-06T14:31:01.592600+00:00
Industrial Manufacturing & Transformation,METALURGICA DE LAS AMERICAS S.C.,metalurgicadelasam.com.mx,Alejandro Navarro,Chief Executive Officer (CEO),C_SUITE,EXECUTIVE,anavarro@metalurgicadelasam.com.mx,VERIFIED,85,+529278418751,2026-09-06T14:31:01.594925+00:00
Industrial Manufacturing & Transformation,METALURGICA DE LAS AMERICAS S.C.,metalurgicadelasam.com.mx,Sofia Benítez,Chief Revenue Officer (CRO),C_SUITE,SALES_MARKETING,sbenítez@metalurgicadelasam.com.mx,VERIFIED,85,+524672977898,2026-09-06T14:31:01.594925+00:00
Industrial Manufacturing & Transformation,METALURGICA DE LAS AMERICAS 40 S.C.,metalurgicadelasam.com,David Morales,Chief Revenue Officer (CRO),C_SUITE,SALES_MARKETING,dmorales@metalurgicadelasam.com,VERIFIED,85,+524691160049,2026-09-06T14:31:01.594925+00:00
Industrial Manufacturing & Transformation,METALURGICA DE LAS AMERICAS S.A.S.,metalurgicadelasam.mx,Hector Castro,Chief Technology Officer (CTO),C_SUITE,ENGINEERING_IT,hcastro@metalurgicadelasam.mx,VERIFIED,85,+525856616619,2026-09-06T14:31:01.594925+00:00
Industrial Manufacturing & Transformation,METALURGICA DE OCCIDENTE S.A.B. DE C.V.,metalurgicadeoccid.mx,Rodrigo Valenzuela,Chief Financial Officer (CFO),C_SUITE,FINANCE,rvalenzuela@metalurgicadeoccid.mx,VERIFIED,85,+528289735343,2026-09-06T14:31:01.594925+00:00
Industrial Manufacturing & Transformation,METALURGICA DE OCCIDENTE S.A. DE C.V.,metalurgicadeoccid.com,Fernando García,Chief Operating Officer (COO),C_SUITE,OPERATIONS,fgarcía@metalurgicadeoccid.com,VERIFIED,85,+529741224364,2026-09-06T14:31:01.594925+00:00
Industrial Manufacturing & Transformation,METALURGICA DE OCCIDENTE 5 S.A.B. DE C.V.,metalurgicadeoccid.com,Alejandro González,Chief Revenue Officer (CRO),C_SUITE,SALES_MARKETING,agonzález@metalurgicadeoccid.com,VERIFIED,85,+529758506496,2026-09-06T14:31:01.594925+00:00
Industrial Manufacturing & Transformation,METALURGICA DE OCCIDENTE 5 S.A.B. DE C.V.,metalurgicadeoccid.com,Jorge Valenzuela,Chief Operating Officer (COO),C_SUITE,OPERATIONS,jvalenzuela@metalurgicadeoccid.com,VERIFIED,85,+525638315694,2026-09-06T14:31:01.594925+00:00
Industrial Manufacturing & Transformation,METALURGICA DE OCCIDENTE S.A.P.I. DE C.V.,metalurgicadeoccid.com.mx,Andrea Benítez,Founder,FOUNDER,EXECUTIVE,abenítez@metalurgicadeoccid.com.mx,VERIFIED,85,+525541239571,2026-09-06T14:31:01.594925+00:00
Industrial Manufacturing & Transformation,METALURGICA DE OCCIDENTE S.A.P.I. DE C.V.,metalurgicadeoccid.mx,Sofia Castro,Chief Technology Officer (CTO),C_SUITE,ENGINEERING_IT,scastro@metalurgicadeoccid.mx,VERIFIED,85,+528554416062,2026-09-06T14:31:01.594925+00:00
Industrial Manufacturing & Transformation,TRANSFORMADORA CENTRAL S.A. DE C.V.,transformadoracent.com,Luis Vega,Founder,FOUNDER,EXECUTIVE,lvega@transformadoracent.com,VERIFIED,85,+528250569567,2026-09-06T14:31:01.594925+00:00
Industrial Manufacturing & Transformation,TRANSFORMADORA CENTRAL S.A. DE C.V.,transformadoracent.com,Guillermo Villaseñor,Chief Human Resources Officer (CHRO),C_SUITE,HR_PEOPLE,gvillaseñor@transformadoracent.mx,VERIFIED,85,+529748996485,2026-09-06T14:31:01.594925+00:00
Industrial Manufacturing & Transformation,TRANSFORMADORA CENTRAL S.A. DE C.V.,transformadoracent.com,David Alarcón,Chief Human Resources Officer (CHRO),C_SUITE,HR_PEOPLE,dalarcón@transformadoracent.com,VERIFIED,85,+526429385379,2026-09-06T14:31:01.594925+00:00
Industrial Manufacturing & Transformation,TRANSFORMADORA CENTRAL S.A. DE C.V.,transformadoracent.com,Daniel González,Chief Executive Officer (CEO),C_SUITE,EXECUTIVE,dgonzález@transformadoracent.com,VERIFIED,85,+526268246358,2026-09-06T14:31:01.594925+00:00
Industrial Manufacturing & Transformation,TRANSFORMADORA CENTRAL S.A. DE C.V.,transformadoracent.com,Guillermo Treviño,Chief Executive Officer (CEO),C_SUITE,EXECUTIVE,gtreviño@transformadoracent.mx,VERIFIED,85,+524257102886,2026-09-06T14:31:01.594925+00:00
Industrial Manufacturing & Transformation,TRANSFORMADORA CENTRAL S.A. DE C.V.,transformadoracent.com,Patricia Salinas,Chief Human Resources Officer (CHRO),C_SUITE,HR_PEOPLE,psalinas@transformadoracent.com,VERIFIED,85,+529194065606,2026-09-06T14:31:01.594925+00:00
Industrial Manufacturing & Transformation,TRANSFORMADORA CENTRAL 84 S.A.S.,transformadoracent.mx,Gabriel González,Chief Operating Officer (COO),C_SUITE,OPERATIONS,ggonzález@transformadoracent.mx,VERIFIED,85,+528362108694,2026-09-06T14:31:01.594925+00:00
Industrial Manufacturing & Transformation,TRANSFORMADORA ESTRATEGICA S. DE R.L. DE C.V.,transformadoraestr.mx,Jorge Castro,Chief Operating Officer (COO),C_SUITE,OPERATIONS,jcastro@transformadoraestr.mx,VERIFIED,85,+529125795980,2026-09-06T14:31:01.594925+00:00
Industrial Manufacturing & Transformation,TRANSFORMADORA ESTRATEGICA S. DE R.L. DE C.V.,transformadoraestr.mx,Alejandro Vega,Chief Operating Officer (COO),C_SUITE,OPERATIONS,avega@transformadoraestr.com.mx,VERIFIED,85,+525322059271,2026-09-06T14:31:01.594925+00:00
Industrial Manufacturing & Transformation,TRANSFORMADORA ESTRATEGICA S. DE R.L. DE C.V.,transformadoraestr.mx,Andrea Garza,Chief Human Resources Officer (CHRO),C_SUITE,HR_PEOPLE,agarza@transformadoraestr.com,VERIFIED,85,+526883683845,2026-09-06T14:31:01.594925+00:00
Industrial Manufacturing & Transformation,METALURGICA CENTRAL S.A.B. DE C.V.,metalurgicacentral.com,Hector Hernández,Chief Executive Officer (CEO),C_SUITE,EXECUTIVE,hhernández@metalurgicacentral.com,VERIFIED,85,+529784606017,2026-09-06T14:31:01.596929+00:00
Industrial Manufacturing & Transformation,METALURGICA CENTRAL S.A. DE C.V.,metalurgicacentral.com.mx,Roberto Alarcón,Chief Revenue Officer (CRO),C_SUITE,SALES_MARKETING,ralarcón@metalurgicacentral.com.mx,VERIFIED,85,+529085577017,2026-09-06T14:31:01.596929+00:00
Industrial Manufacturing & Transformation,TRANSFORMADORA ESPECIALIZADA S.A.S.,transformadoraespe.com.mx,Fernando Hernández,Chief Executive Officer (CEO),C_SUITE,EXECUTIVE,fhernández@transformadoraespe.com.mx,VERIFIED,85,+525539774767,2026-09-06T14:31:01.598934+00:00
Industrial Manufacturing & Transformation,TRANSFORMADORA ESPECIALIZADA S.A.S.,transformadoraespe.com.mx,Carlos Castro,Chief Operating Officer (COO),C_SUITE,OPERATIONS,ccastro@transformadoraespe.com.mx,VERIFIED,85,+525586921882,2026-09-06T14:31:01.598934+00:00
Industrial Manufacturing & Transformation,TRANSFORMADORA ESPECIALIZADA S.A.S.,transformadoraespe.com.mx,Fernando González,Chief Executive Officer (CEO),C_SUITE,EXECUTIVE,fgonzález@transformadoraespe.com.mx,VERIFIED,85,+525575819418,2026-09-06T14:31:01.598934+00:00
Industrial Manufacturing & Transformation,TRANSFORMADORA ESPECIALIZADA S.A.S.,transformadoraespe.com.mx,Sofia Navarro,Chief Technology Officer (CTO),C_SUITE,ENGINEERING_IT,snavarro@transformadoraespe.com.mx,VERIFIED,85,+525560179137,2026-09-06T14:31:01.598934+00:00
Industrial Manufacturing & Transformation,TRANSFORMADORA ESPECIALIZADA 29 S.A.S.,transformadoraespe.mx,Javier Garza,Chief Technology Officer (CTO),C_SUITE,ENGINEERING_IT,jgarza@transformadoraespe.mx,VERIFIED,85,+525551820476,2026-09-06T14:31:01.598934+00:00
Industrial Manufacturing & Transformation,METALURGICA DEL CENTRO S.C.,metalurgicadelcent.com.mx,Javier Ruiz,Chief Revenue Officer (CRO),C_SUITE,SALES_MARKETING,jruiz@metalurgicadelcent.com.mx,VERIFIED,85,+528222888980,2026-09-06T14:31:01.598934+00:00
Industrial Manufacturing & Transformation,METALURGICA DEL CENTRO S.C.,metalurgicadelcent.com.mx,Gabriel Morales,Chief Human Resources Officer (CHRO),C_SUITE,HR_PEOPLE,gmorales@metalurgicadelcent.com,VERIFIED,85,+527128423363,2026-09-06T14:31:01.598934+00:00
Industrial Manufacturing & Transformation,METALURGICA DEL PACIFICO S.A.B. DE C.V.,metalurgicadelpaci.com.mx,Fernando Vega,Chief Operating Officer (COO),C_SUITE,OPERATIONS,fvega@metalurgicadelpaci.com.mx,VERIFIED,85,+528964185155,2026-09-06T14:31:01.598934+00:00
Industrial Manufacturing & Transformation,METALURGICA DEL PACIFICO S.A.B. DE C.V.,metalurgicadelpaci.com.mx,Patricia Dominguez,Chief Revenue Officer (CRO),C_SUITE,SALES_MARKETING,pdominguez@metalurgicadelpaci.com.mx,VERIFIED,85,+528182450303,2026-09-06T14:31:01.598934+00:00
Industrial Manufacturing & Transformation,METALURGICA DEL NORTE S. DE R.L. DE C.V.,metalurgicadelnort.mx,Fernando Martínez,Chief Executive Officer (CEO),C_SUITE,EXECUTIVE,fmartínez@metalurgicadelnort.mx,VERIFIED,85,+527438822041,2026-09-06T14:31:01.598934+00:00
Industrial Manufacturing & Transformation,METALURGICA DEL CENTRO 19 S.A.P.I. DE C.V.,metalurgicadelcent.mx,Fernando Treviño,Chief Financial Officer (CFO),C_SUITE,FINANCE,ftreviño@metalurgicadelcent.mx,VERIFIED,85,+524232467721,2026-09-06T14:31:01.598934+00:00
Industrial Manufacturing & Transformation,METALURGICA DEL CENTRO 19 S.A.P.I. DE C.V.,metalurgicadelcent.mx,Carlos Salinas,Chief Operating Officer (COO),C_SUITE,OPERATIONS,csalinas@metalurgicadelcent.mx,VERIFIED,85,+527078940321,2026-09-06T14:31:01.598934+00:00
Industrial Manufacturing & Transformation,METALURGICA DEL CENTRO 19 S.A.P.I. DE C.V.,metalurgicadelcent.mx,Eduardo Navarro,Chief Executive Officer (CEO),C_SUITE,EXECUTIVE,enavarro@metalurgicadelcent.mx,VERIFIED,85,+528690367813,2026-09-06T14:31:01.598934+00:00
Industrial Manufacturing & Transformation,METALURGICA DEL NORTE S.A.B. DE C.V.,metalurgicadelnort.com.mx,Javier Salinas,Chief Executive Officer (CEO),C_SUITE,EXECUTIVE,jsalinas@metalurgicadelnort.com.mx,VERIFIED,85,+527951005085,2026-09-06T14:31:01.598934+00:00
Industrial Manufacturing & Transformation,METALURGICA DEL BAJIO S.A.B. DE C.V.,metalurgicadelbaji.com.mx,Andrea Martínez,Chief Human Resources Officer (CHRO),C_SUITE,HR_PEOPLE,amartínez@metalurgicadelbaji.com.mx,VERIFIED,85,+524841502956,2026-09-06T14:31:01.598934+00:00
Industrial Manufacturing & Transformation,METALURGICA DEL CENTRO 65 S.A.P.I. DE C.V.,metalurgicadelcent.com,Alejandro Alarcón,Chief Operating Officer (COO),C_SUITE,OPERATIONS,aalarcón@metalurgicadelcent.com,VERIFIED,85,+526921709823,2026-09-06T14:31:01.598934+00:00
Industrial Manufacturing & Transformation,METALURGICA DEL PACIFICO S.A.S.,metalurgicadelpaci.mx,Andrea Vega,Chief Operating Officer (COO),C_SUITE,OPERATIONS,avega@metalurgicadelpaci.mx,VERIFIED,85,+525663315472,2026-09-06T14:31:01.598934+00:00
Industrial Manufacturing & Transformation,METALURGICA ESTRATEGICA S.A.B. DE C.V.,metalurgicaestrate.com.mx,Gabriel López,Chief Technology Officer (CTO),C_SUITE,ENGINEERING_IT,glópez@metalurgicaestrate.com.mx,VERIFIED,85,+526333922662,2026-09-06T14:31:01.603944+00:00
Industrial Manufacturing & Transformation,METALURGICA ESTRATEGICA S.A.B. DE C.V.,metalurgicaestrate.com.mx,Guillermo González,Chief Executive Officer (CEO),C_SUITE,EXECUTIVE,ggonzález@metalurgicaestrate.com.mx,VERIFIED,85,+525875431512,2026-09-06T14:31:01.603944+00:00
Industrial Manufacturing & Transformation,METALURGICA ESTRATEGICA 52 S.C.,metalurgicaestrate.mx,Guillermo Mendoza,Chief Revenue Officer (CRO),C_SUITE,SALES_MARKETING,gmendoza@metalurgicaestrate.mx,VERIFIED,85,+527618265619,2026-09-06T14:31:01.603944+00:00
Industrial Manufacturing & Transformation,TRANSFORMADORA AVANZADA S.C.,transformadoraavan.com,Jorge Castro,Chief Executive Officer (CEO),C_SUITE,EXECUTIVE,jcastro@transformadoraavan.com,VERIFIED,85,+523362800158,2026-09-06T14:31:01.603944+00:00
Industrial Manufacturing & Transformation,TRANSFORMADORA AVANZADA S.C.,transformadoraavan.mx,Daniel Ruiz,Chief Executive Officer (CEO),C_SUITE,EXECUTIVE,druiz@transformadoraavan.mx,VERIFIED,85,+523317185374,2026-09-06T14:31:01.603944+00:00
Industrial Manufacturing & Transformation,TRANSFORMADORA AVANZADA S.C.,transformadoraavan.mx,Daniel Dominguez,Chief Revenue Officer (CRO),C_SUITE,SALES_MARKETING,ddominguez@transformadoraavan.mx,VERIFIED,85,+523325117561,2026-09-06T14:31:01.603944+00:00
Industrial Manufacturing & Transformation,TRANSFORMADORA AVANZADA S. DE R.L. DE C.V.,transformadoraavan.com.mx,Miguel Navarro,Chief Executive Officer (CEO),C_SUITE,EXECUTIVE,mnavarro@transformadoraavan.com.mx,VERIFIED,85,+523312916885,2026-09-06T14:31:01.603944+00:00
Industrial Manufacturing & Transformation,METALURGICA MEXICANA S.A. DE C.V.,metalurgicamexican.com.mx,Luis Vega,Chief Executive Officer (CEO),C_SUITE,EXECUTIVE,lvega@metalurgicamexican.com.mx,VERIFIED,85,+529870875213,2026-09-06T14:31:01.603944+00:00
Industrial Manufacturing & Transformation,METALURGICA MEXICANA S.A. DE C.V.,metalurgicamexican.com.mx,Miguel García,Founder,FOUNDER,EXECUTIVE,mgarcía@metalurgicamexican.com.mx,VERIFIED,85,+525198193782,2026-09-06T14:31:01.603944+00:00
Industrial Manufacturing & Transformation,METALURGICA MEXICANA S.A.P.I. DE C.V.,metalurgicamexican.mx,Luis Martínez,Chief Human Resources Officer (CHRO),C_SUITE,HR_PEOPLE,lmartínez@metalurgicamexican.mx,VERIFIED,85,+528994493834,2026-09-06T14:31:01.603944+00:00
Industrial Manufacturing & Transformation,METALURGICA DINAMICA 32 S.A.P.I. DE C.V.,metalurgicadinamic.com,Alejandro Valenzuela,Chief Operating Officer (COO),C_SUITE,OPERATIONS,avalenzuela@metalurgicadinamic.com,VERIFIED,85,+527482560592,2026-09-06T14:31:01.607951+00:00
Industrial Manufacturing & Transformation,METALURGICA DEL CENTRO S.A.B. DE C.V.,metalurgicadelcent.com,Jorge Valenzuela,Founder,FOUNDER,EXECUTIVE,jvalenzuela@metalurgicadelcent.com,VERIFIED,85,+526775691161,2026-09-06T14:31:01.608679+00:00
Industrial Manufacturing & Transformation,METALURGICA DEL CENTRO S.A.B. DE C.V.,metalurgicadelcent.com,Claudia González,Chief Financial Officer (CFO),C_SUITE,FINANCE,cgonzález@metalurgicadelcent.com,VERIFIED,85,+526468159605,2026-09-06T14:31:01.608679+00:00
Industrial Manufacturing & Transformation,METALURGICA DEL PACIFICO S.A.P.I. DE C.V.,metalurgicadelpaci.com,Jorge Benítez,Chief Revenue Officer (CRO),C_SUITE,SALES_MARKETING,jbenítez@metalurgicadelpaci.com,VERIFIED,85,+527188591623,2026-09-06T14:31:01.608679+00:00
Industrial Manufacturing & Transformation,METALURGICA DEL PACIFICO S. DE R.L. DE C.V.,metalurgicadelpaci.mx,Gabriel Navarro,Chief Financial Officer (CFO),C_SUITE,FINANCE,gnavarro@metalurgicadelpaci.mx,VERIFIED,85,+524826205771,2026-09-06T14:31:01.608679+00:00
Industrial Manufacturing & Transformation,METALURGICA DEL PACIFICO S. DE R.L. DE C.V.,metalurgicadelpaci.mx,Guillermo Dominguez,Chief Financial Officer (CFO),C_SUITE,FINANCE,gdominguez@metalurgicadelpaci.mx,VERIFIED,85,+525593087637,2026-09-06T14:31:01.608679+00:00
Industrial Manufacturing & Transformation,METALURGICA DEL BAJIO 16 S.A.P.I. DE C.V.,metalurgicadelbaji.com,Guillermo García,Chief Executive Officer (CEO),C_SUITE,EXECUTIVE,ggarcía@metalurgicadelbaji.com,VERIFIED,85,+525869869595,2026-09-06T14:31:01.608679+00:00
Industrial Manufacturing & Transformation,METALURGICA DEL BAJIO 16 S.A.P.I. DE C.V.,metalurgicadelbaji.com,Alejandro Valenzuela,Chief Technology Officer (CTO),C_SUITE,ENGINEERING_IT,avalenzuela@metalurgicadelbaji.com,VERIFIED,85,+524378964930,2026-09-06T14:31:01.608679+00:00
Industrial Manufacturing & Transformation,METALURGICA DEL CENTRO S.A.P.I. DE C.V.,metalurgicadelcent.mx,Patricia Morales,Chief Operating Officer (COO),C_SUITE,OPERATIONS,pmorales@metalurgicadelcent.mx,VERIFIED,85,+529184354017,2026-09-06T14:31:01.608679+00:00
Industrial Manufacturing & Transformation,METALURGICA DEL CENTRO S.A.P.I. DE C.V.,metalurgicadelcent.mx,Jorge Benítez,Chief Financial Officer (CFO),C_SUITE,FINANCE,jbenítez@metalurgicadelcent.mx,VERIFIED,85,+524664726149,2026-09-06T14:31:01.608679+00:00
Industrial Manufacturing & Transformation,METALURGICA DEL CENTRO S.A.P.I. DE C.V.,metalurgicadelcent.mx,Hector Garza,Chief Executive Officer (CEO),C_SUITE,EXECUTIVE,hgarza@metalurgicadelcent.mx,VERIFIED,85,+528429350890,2026-09-06T14:31:01.608679+00:00
Industrial Manufacturing & Transformation,METALURGICA DEL BAJIO S. DE R.L. DE C.V.,metalurgicadelbaji.com.mx,Carlos Vega,Chief Executive Officer (CEO),C_SUITE,EXECUTIVE,cvega@metalurgicadelbaji.com.mx,VERIFIED,85,+524779010319,2026-09-06T14:31:01.608679+00:00
Industrial Manufacturing & Transformation,METALURGICA DEL CENTRO S.A.S.,metalurgicadelcent.com.mx,Hector Garza,Chief Revenue Officer (CRO),C_SUITE,SALES_MARKETING,hgarza@metalurgicadelcent.com.mx,VERIFIED,85,+529435942047,2026-09-06T14:31:01.608679+00:00
Industrial Manufacturing & Transformation,TRANSFORMADORA INTERNACIONAL 29 S.A.S.,transformadorainte.com,Jorge Benítez,Chief Technology Officer (CTO),C_SUITE,ENGINEERING_IT,jbenítez@transformadorainte.com,VERIFIED,85,+528156400811,2026-09-06T14:31:01.611348+00:00
Industrial Manufacturing & Transformation,TRANSFORMADORA INTERNACIONAL 29 S.A.S.,transformadorainte.com,Claudia Hernández,Chief Revenue Officer (CRO),C_SUITE,SALES_MARKETING,chernández@transformadorainte.com,VERIFIED,85,+528110028915,2026-09-06T14:31:01.611348+00:00
Industrial Manufacturing & Transformation,TRANSFORMADORA INTERNACIONAL S.A.B. DE C.V.,transformadorainte.com.mx,Miguel Hernández,Chief Executive Officer (CEO),C_SUITE,EXECUTIVE,mhernández@transformadorainte.com.mx,VERIFIED,85,+528178296110,2026-09-06T14:31:01.611348+00:00
Industrial Manufacturing & Transformation,TRANSFORMADORA INTERNACIONAL S.A.B. DE C.V.,transformadorainte.com.mx,Miguel Alarcón,Chief Human Resources Officer (CHRO),C_SUITE,HR_PEOPLE,malarcón@transformadorainte.com.mx,VERIFIED,85,+528143453589,2026-09-06T14:31:01.611348+00:00
Industrial Manufacturing & Transformation,TRANSFORMADORA INTERNACIONAL S.A.B. DE C.V.,transformadorainte.com.mx,Daniel Villaseñor,Chief Revenue Officer (CRO),C_SUITE,SALES_MARKETING,dvillaseñor@transformadorainte.com.mx,VERIFIED,85,+528188508449,2026-09-06T14:31:01.611348+00:00
Industrial Manufacturing & Transformation,TRANSFORMADORA INTERNACIONAL S.A.B. DE C.V.,transformadorainte.com.mx,Luis Morales,Chief Financial Officer (CFO),C_SUITE,FINANCE,lmorales@transformadorainte.com.mx,VERIFIED,85,+528176030581,2026-09-06T14:31:01.611348+00:00
Industrial Manufacturing & Transformation,TRANSFORMADORA INTERNACIONAL S. DE R.L. DE C.V.,transformadorainte.mx,Adriana Mendoza,Chief Human Resources Officer (CHRO),C_SUITE,HR_PEOPLE,amendoza@transformadorainte.mx,VERIFIED,85,+528189337825,2026-09-06T14:31:01.611348+00:00
Industrial Manufacturing & Transformation,TRANSFORMADORA INTERNACIONAL S. DE R.L. DE C.V.,transformadorainte.mx,Fernando Dominguez,Chief Human Resources Officer (CHRO),C_SUITE,HR_PEOPLE,fdominguez@transformadorainte.mx,VERIFIED,85,+528143569057,2026-09-06T14:31:01.611348+00:00
Industrial Manufacturing & Transformation,TRANSFORMADORA INTERNACIONAL S. DE R.L. DE C.V.,transformadorainte.mx,Luis Treviño,Chief Human Resources Officer (CHRO),C_SUITE,HR_PEOPLE,ltreviño@transformadorainte.mx,VERIFIED,85,+528131163532,2026-09-06T14:31:01.611348+00:00
Industrial Manufacturing & Transformation,METALURGICA DEL BAJIO S.A.B. DE C.V.,metalurgicadelbaji.mx,Claudia López,Chief Human Resources Officer (CHRO),C_SUITE,HR_PEOPLE,clópez@metalurgicadelbaji.mx,VERIFIED,85,+525786457845,2026-09-06T14:31:01.611348+00:00
Industrial Manufacturing & Transformation,METALURGICA DEL BAJIO S.A.B. DE C.V.,metalurgicadelbaji.mx,Guillermo Alarcón,Chief Human Resources Officer (CHRO),C_SUITE,HR_PEOPLE,galarcón@metalurgicadelbaji.mx,VERIFIED,85,+528532477041,2026-09-06T14:31:01.611348+00:00
Industrial Manufacturing & Transformation,METALURGICA DEL BAJIO S.A.B. DE C.V.,metalurgicadelbaji.mx,Carlos Garza,Chief Technology Officer (CTO),C_SUITE,ENGINEERING_IT,cgarza@metalurgicadelbaji.com.mx,VERIFIED,85,+528457100514,2026-09-06T14:31:01.611348+00:00
Industrial Manufacturing & Transformation,METALURGICA DEL BAJIO S.A.B. DE C.V.,metalurgicadelbaji.mx,David Navarro,Chief Executive Officer (CEO),C_SUITE,EXECUTIVE,dnavarro@metalurgicadelbaji.mx,VERIFIED,85,+527149998623,2026-09-06T14:31:01.611348+00:00
Industrial Manufacturing & Transformation,METALURGICA DEL BAJIO S.A.B. DE C.V.,metalurgicadelbaji.mx,Alejandro Dominguez,Chief Revenue Officer (CRO),C_SUITE,SALES_MARKETING,adominguez@metalurgicadelbaji.mx,VERIFIED,85,+525150973375,2026-09-06T14:31:01.611348+00:00
Industrial Manufacturing & Transformation,METALURGICA DEL BAJIO S. DE R.L. DE C.V.,metalurgicadelbaji.com.mx,Javier Navarro,Chief Revenue Officer (CRO),C_SUITE,SALES_MARKETING,jnavarro@metalurgicadelbaji.com.mx,VERIFIED,85,+529175136677,2026-09-06T14:31:01.611348+00:00
Industrial Manufacturing & Transformation,METALURGICA DEL BAJIO S. DE R.L. DE C.V.,metalurgicadelbaji.com.mx,Hector Castro,Chief Operating Officer (COO),C_SUITE,OPERATIONS,hcastro@metalurgicadelbaji.com.mx,VERIFIED,85,+527192920453,2026-09-06T14:31:01.611348+00:00
Industrial Manufacturing & Transformation,METALURGICA DEL PACIFICO S.A.B. DE C.V.,metalurgicadelpaci.com,Miguel Martínez,Chief Human Resources Officer (CHRO),C_SUITE,HR_PEOPLE,mmartínez@metalurgicadelpaci.com,VERIFIED,85,+528574370517,2026-09-06T14:31:01.611348+00:00
Industrial Manufacturing & Transformation,METALURGICA DEL PACIFICO S.A.B. DE C.V.,metalurgicadelpaci.com,Patricia Martínez,Chief Executive Officer (CEO),C_SUITE,EXECUTIVE,pmartínez@metalurgicadelpaci.com.mx,VERIFIED,85,+529186995121,2026-09-06T14:31:01.611348+00:00
Industrial Manufacturing & Transformation,METALURGICA DEL PACIFICO S.A.B. DE C.V.,metalurgicadelpaci.com,David López,Chief Executive Officer (CEO),C_SUITE,EXECUTIVE,dlópez@metalurgicadelpaci.com,VERIFIED,85,+529595607284,2026-09-06T14:31:01.611348+00:00
Industrial Manufacturing & Transformation,METALURGICA DEL PACIFICO S.A.B. DE C.V.,metalurgicadelpaci.com,Andrea Morales,Chief Executive Officer (CEO),C_SUITE,EXECUTIVE,amorales@metalurgicadelpaci.com,VERIFIED,85,+527235115862,2026-09-06T14:31:01.611348+00:00
Industrial Manufacturing & Transformation,METALURGICA DEL BAJIO 39 S. DE R.L. DE C.V.,metalurgicadelbaji.com,Gabriel Vega,Chief Executive Officer (CEO),C_SUITE,EXECUTIVE,gvega@metalurgicadelbaji.com,VERIFIED,85,+528957320242,2026-09-06T14:31:01.611348+00:00
Industrial Manufacturing & Transformation,METALURGICA DEL NORTE S.A.S.,metalurgicadelnort.mx,David Hernández,Chief Operating Officer (COO),C_SUITE,OPERATIONS,dhernández@metalurgicadelnort.mx,VERIFIED,85,+525935792061,2026-09-06T14:31:01.611348+00:00
Industrial Manufacturing & Transformation,METALURGICA DEL NORTE S.A.S.,metalurgicadelnort.mx,Alejandro Vega,Founder,FOUNDER,EXECUTIVE,avega@metalurgicadelnort.mx,VERIFIED,85,+525359181598,2026-09-06T14:31:01.611348+00:00
Industrial Manufacturing & Transformation,METALURGICA DEL CENTRO S.A.B. DE C.V.,metalurgicadelcent.mx,Rodrigo Martínez,Chief Technology Officer (CTO),C_SUITE,ENGINEERING_IT,rmartínez@metalurgicadelcent.mx,VERIFIED,85,+529134393115,2026-09-06T14:31:01.611348+00:00
Industrial Manufacturing & Transformation,METALURGICA DEL CENTRO S.A.B. DE C.V.,metalurgicadelcent.mx,Guillermo Alarcón,Chief Executive Officer (CEO),C_SUITE,EXECUTIVE,galarcón@metalurgicadelcent.mx,VERIFIED,85,+528796732061,2026-09-06T14:31:01.611348+00:00
Industrial Manufacturing & Transformation,METALURGICA DEL CENTRO S.A.B. DE C.V.,metalurgicadelcent.com,Roberto Hernández,Chief Operating Officer (COO),C_SUITE,OPERATIONS,rhernández@metalurgicadelcent.com,VERIFIED,85,+528122238765,2026-09-06T14:31:01.611348+00:00
Industrial Manufacturing & Transformation,METALURGICA NACIONAL S.C.,metalurgicanaciona.com,Claudia Ruiz,Chief Executive Officer (CEO),C_SUITE,EXECUTIVE,cruiz@metalurgicanaciona.com,VERIFIED,85,+529996857462,2026-09-06T14:31:01.611348+00:00
Industrial Manufacturing & Transformation,METALURGICA NACIONAL S.C.,metalurgicanaciona.com,Fernando Mendoza,Chief Technology Officer (CTO),C_SUITE,ENGINEERING_IT,fmendoza@metalurgicanaciona.com,VERIFIED,85,+527182617660,2026-09-06T14:31:01.611348+00:00
Industrial Manufacturing & Transformation,METALURGICA NACIONAL S.C.,metalurgicanaciona.com,Carlos Castro,Chief Technology Officer (CTO),C_SUITE,ENGINEERING_IT,ccastro@metalurgicanaciona.com,VERIFIED,85,+528185203415,2026-09-06T14:31:01.611348+00:00
Industrial Manufacturing & Transformation,METALURGICA NACIONAL S.C.,metalurgicanaciona.com,Gabriel Villaseñor,Founder,FOUNDER,EXECUTIVE,gvillaseñor@metalurgicanaciona.com,VERIFIED,85,+525014845420,2026-09-06T14:31:01.611348+00:00
Industrial Manufacturing & Transformation,METALURGICA NACIONAL S.C.,metalurgicanaciona.com,Roberto González,Chief Operating Officer (COO),C_SUITE,OPERATIONS,rgonzález@metalurgicanaciona.com,VERIFIED,85,+528062208831,2026-09-06T14:31:01.611348+00:00
Industrial Manufacturing & Transformation,METALURGICA AVANZADA S.A. DE C.V.,metalurgicaavanzad.com,Andrea Navarro,Chief Operating Officer (COO),C_SUITE,OPERATIONS,anavarro@metalurgicaavanzad.com,VERIFIED,85,+528262139299,2026-09-06T14:31:01.613354+00:00
Industrial Manufacturing & Transformation,METALURGICA AVANZADA S.A.S.,metalurgicaavanzad.com.mx,Claudia Vega,Chief Human Resources Officer (CHRO),C_SUITE,HR_PEOPLE,cvega@metalurgicaavanzad.com.mx,VERIFIED,85,+528914879072,2026-09-06T14:31:01.613354+00:00
Industrial Manufacturing & Transformation,METALURGICA CENTRAL S.A. DE C.V.,metalurgicacentral.mx,Jorge Castro,Chief Executive Officer (CEO),C_SUITE,EXECUTIVE,jcastro@metalurgicacentral.mx,VERIFIED,85,+527223977189,2026-09-06T14:31:01.613354+00:00
Industrial Manufacturing & Transformation,METALURGICA CENTRAL S.A. DE C.V.,metalurgicacentral.mx,Hector Valenzuela,Chief Revenue Officer (CRO),C_SUITE,SALES_MARKETING,hvalenzuela@metalurgicacentral.mx,VERIFIED,85,+527886560247,2026-09-06T14:31:01.613354+00:00
Industrial Manufacturing & Transformation,METALURGICA CENTRAL S.A.B. DE C.V.,metalurgicacentral.com.mx,Jorge Hernández,Chief Technology Officer (CTO),C_SUITE,ENGINEERING_IT,jhernández@metalurgicacentral.com.mx,VERIFIED,85,+525480283400,2026-09-06T14:31:01.613354+00:00
Industrial Manufacturing & Transformation,METALURGICA CENTRAL S.A.B. DE C.V.,metalurgicacentral.com.mx,Hector Hernández,Chief Executive Officer (CEO),C_SUITE,EXECUTIVE,hhernández@metalurgicacentral.com.mx,VERIFIED,85,+528441024827,2026-09-06T14:31:01.613354+00:00
Industrial Manufacturing & Transformation,METALURGICA CENTRAL S.A.B. DE C.V.,metalurgicacentral.com.mx,Jorge Alarcón,Chief Human Resources Officer (CHRO),C_SUITE,HR_PEOPLE,jalarcón@metalurgicacentral.com.mx,VERIFIED,85,+527357979381,2026-09-06T14:31:01.613354+00:00
Industrial Manufacturing & Transformation,METALURGICA CENTRAL S.A.P.I. DE C.V.,metalurgicacentral.com,Claudia Castro,Chief Financial Officer (CFO),C_SUITE,FINANCE,ccastro@metalurgicacentral.com,VERIFIED,85,+524560146232,2026-09-06T14:31:01.613354+00:00
Industrial Manufacturing & Transformation,METALURGICA EMPRESARIAL S. DE R.L. DE C.V.,metalurgicaempresa.mx,David Ruiz,Chief Revenue Officer (CRO),C_SUITE,SALES_MARKETING,druiz@metalurgicaempresa.mx,VERIFIED,85,+529972688127,2026-09-06T14:31:01.613354+00:00
Industrial Manufacturing & Transformation,METALURGICA EMPRESARIAL S. DE R.L. DE C.V.,metalurgicaempresa.mx,Gabriel Dominguez,Chief Executive Officer (CEO),C_SUITE,EXECUTIVE,gdominguez@metalurgicaempresa.mx,VERIFIED,85,+524081530287,2026-09-06T14:31:01.613354+00:00
Industrial Manufacturing & Transformation,METALURGICA EMPRESARIAL 84 S. DE R.L. DE C.V.,metalurgicaempresa.com,Roberto Ruiz,Chief Technology Officer (CTO),C_SUITE,ENGINEERING_IT,rruiz@metalurgicaempresa.com,VERIFIED,85,+527982129206,2026-09-06T14:31:01.613354+00:00
Industrial Manufacturing & Transformation,METALURGICA EMPRESARIAL S.A.B. DE C.V.,metalurgicaempresa.com.mx,Mariana García,Chief Human Resources Officer (CHRO),C_SUITE,HR_PEOPLE,mgarcía@metalurgicaempresa.com.mx,VERIFIED,85,+525669373292,2026-09-06T14:31:01.613354+00:00
Industrial Manufacturing & Transformation,TRANSFORMADORA AVANZADA S.C.,transformadoraavan.mx,Jorge Vega,Chief Operating Officer (COO),C_SUITE,OPERATIONS,jvega@transformadoraavan.mx,VERIFIED,85,+525442820040,2026-09-06T14:31:01.613354+00:00
Industrial Manufacturing & Transformation,TRANSFORMADORA AVANZADA S.C.,transformadoraavan.mx,Eduardo Salinas,Chief Revenue Officer (CRO),C_SUITE,SALES_MARKETING,esalinas@transformadoraavan.com.mx,VERIFIED,85,+527767420122,2026-09-06T14:31:01.613354+00:00
Industrial Manufacturing & Transformation,TRANSFORMADORA INTEGRAL S.A. DE C.V.,transformadorainte.com,Gabriel Alarcón,Chief Revenue Officer (CRO),C_SUITE,SALES_MARKETING,galarcón@transformadorainte.com,VERIFIED,85,+524611836029,2026-09-06T14:31:01.615359+00:00
Industrial Manufacturing & Transformation,TRANSFORMADORA INTEGRAL S.A. DE C.V.,transformadorainte.com,Roberto Garza,Chief Executive Officer (CEO),C_SUITE,EXECUTIVE,rgarza@transformadorainte.com,VERIFIED,85,+524818496035,2026-09-06T14:31:01.615359+00:00
Industrial Manufacturing & Transformation,TRANSFORMADORA INTEGRAL S.A. DE C.V.,transformadorainte.com,David Salinas,Chief Human Resources Officer (CHRO),C_SUITE,HR_PEOPLE,dsalinas@transformadorainte.com,VERIFIED,85,+527762222573,2026-09-06T14:31:01.615359+00:00
Industrial Manufacturing & Transformation,TRANSFORMADORA INTEGRAL S. DE R.L. DE C.V.,transformadorainte.mx,Alejandro Martínez,Chief Operating Officer (COO),C_SUITE,OPERATIONS,amartínez@transformadorainte.mx,VERIFIED,85,+524940883296,2026-09-06T14:31:01.615359+00:00
Industrial Manufacturing & Transformation,TRANSFORMADORA INTEGRAL S. DE R.L. DE C.V.,transformadorainte.mx,Sofia Morales,Chief Revenue Officer (CRO),C_SUITE,SALES_MARKETING,smorales@transformadorainte.mx,VERIFIED,85,+525414709845,2026-09-06T14:31:01.615359+00:00
Industrial Manufacturing & Transformation,TRANSFORMADORA INTEGRAL S. DE R.L. DE C.V.,transformadorainte.mx,Eduardo Ruiz,Chief Executive Officer (CEO),C_SUITE,EXECUTIVE,eruiz@transformadorainte.mx,VERIFIED,85,+526292219023,2026-09-06T14:31:01.615359+00:00
Industrial Manufacturing & Transformation,TRANSFORMADORA GLOBAL S.A. DE C.V.,transformadoraglob.com.mx,Daniel López,Chief Operating Officer (COO),C_SUITE,OPERATIONS,dlópez@transformadoraglob.com.mx,VERIFIED,85,+527686037449,2026-09-06T14:31:01.615359+00:00
Industrial Manufacturing & Transformation,TRANSFORMADORA GLOBAL S.A. DE C.V.,transformadoraglob.com.mx,Luis López,Chief Financial Officer (CFO),C_SUITE,FINANCE,llópez@transformadoraglob.com.mx,VERIFIED,85,+524998525153,2026-09-06T14:31:01.615359+00:00
Industrial Manufacturing & Transformation,TRANSFORMADORA GLOBAL S.A. DE C.V.,transformadoraglob.com.mx,Hector Hernández,Chief Revenue Officer (CRO),C_SUITE,SALES_MARKETING,hhernández@transformadoraglob.com.mx,VERIFIED,85,+528034898999,2026-09-06T14:31:01.615359+00:00
Industrial Manufacturing & Transformation,TRANSFORMADORA GLOBAL S.A. DE C.V.,transformadoraglob.com.mx,Daniel Salinas,Chief Revenue Officer (CRO),C_SUITE,SALES_MARKETING,dsalinas@transformadoraglob.com.mx,VERIFIED,85,+528055302240,2026-09-06T14:31:01.615359+00:00
Industrial Manufacturing & Transformation,TRANSFORMADORA GLOBAL S. DE R.L. DE C.V.,transformadoraglob.mx,Hector Navarro,Founder,FOUNDER,EXECUTIVE,hnavarro@transformadoraglob.mx,VERIFIED,85,+529429887680,2026-09-06T14:31:01.615359+00:00
Industrial Manufacturing & Transformation,TRANSFORMADORA GLOBAL S. DE R.L. DE C.V.,transformadoraglob.com,Miguel Alarcón,Chief Financial Officer (CFO),C_SUITE,FINANCE,malarcón@transformadoraglob.com,VERIFIED,85,+526398599520,2026-09-06T14:31:01.615359+00:00
Industrial Manufacturing & Transformation,METALURGICA ESTRATEGICA S.A. DE C.V.,metalurgicaestrate.mx,Daniel Navarro,Chief Technology Officer (CTO),C_SUITE,ENGINEERING_IT,dnavarro@metalurgicaestrate.mx,VERIFIED,85,+529991895125,2026-09-06T14:31:01.615359+00:00
Industrial Manufacturing & Transformation,METALURGICA ESTRATEGICA S.A.B. DE C.V.,metalurgicaestrate.com.mx,Daniel García,Chief Revenue Officer (CRO),C_SUITE,SALES_MARKETING,dgarcía@metalurgicaestrate.com.mx,VERIFIED,85,+528359084209,2026-09-06T14:31:01.615359+00:00
Industrial Manufacturing & Transformation,METALURGICA ESTRATEGICA S.A.B. DE C.V.,metalurgicaestrate.com.mx,Mariana López,Chief Revenue Officer (CRO),C_SUITE,SALES_MARKETING,mlópez@metalurgicaestrate.com,VERIFIED,85,+527021279952,2026-09-06T14:31:01.615359+00:00
Industrial Manufacturing & Transformation,METALURGICA AVANZADA S.A.S.,metalurgicaavanzad.com,Fernando Salinas,Founder,FOUNDER,EXECUTIVE,fsalinas@metalurgicaavanzad.com,VERIFIED,85,+523317445992,2026-09-06T14:31:01.617368+00:00
Industrial Manufacturing & Transformation,METALURGICA AVANZADA S.C.,metalurgicaavanzad.com.mx,Luis Hernández,Chief Operating Officer (COO),C_SUITE,OPERATIONS,lhernández@metalurgicaavanzad.com.mx,VERIFIED,85,+523346147329,2026-09-06T14:31:01.617368+00:00
Industrial Manufacturing & Transformation,METALURGICA AVANZADA S.C.,metalurgicaavanzad.com.mx,Gabriel Valenzuela,Founder,FOUNDER,EXECUTIVE,gvalenzuela@metalurgicaavanzad.com.mx,VERIFIED,85,+523356979129,2026-09-06T14:31:01.617368+00:00
Industrial Manufacturing & Transformation,METALURGICA AVANZADA S.A. DE C.V.,metalurgicaavanzad.mx,Roberto Villaseñor,Chief Operating Officer (COO),C_SUITE,OPERATIONS,rvillaseñor@metalurgicaavanzad.mx,VERIFIED,85,+523383300924,2026-09-06T14:31:01.617368+00:00
Industrial Manufacturing & Transformation,METALURGICA ESPECIALIZADA S.A.B. DE C.V.,metalurgicaespecia.com,Daniel Hernández,Founder,FOUNDER,EXECUTIVE,dhernández@metalurgicaespecia.com,VERIFIED,85,+527743181207,2026-09-06T14:31:01.617368+00:00
Industrial Manufacturing & Transformation,METALURGICA ESPECIALIZADA S.A.B. DE C.V.,metalurgicaespecia.com,Luis Castro,Founder,FOUNDER,EXECUTIVE,lcastro@metalurgicaespecia.com,VERIFIED,85,+525126969490,2026-09-06T14:31:01.617368+00:00
Industrial Manufacturing & Transformation,METALURGICA ESPECIALIZADA S.A.B. DE C.V.,metalurgicaespecia.com,Carlos García,Chief Executive Officer (CEO),C_SUITE,EXECUTIVE,cgarcía@metalurgicaespecia.com,VERIFIED,85,+525136004454,2026-09-06T14:31:01.617368+00:00
Industrial Manufacturing & Transformation,METALURGICA ESPECIALIZADA S.A.P.I. DE C.V.,metalurgicaespecia.com.mx,Fernando Castro,Chief Executive Officer (CEO),C_SUITE,EXECUTIVE,fcastro@metalurgicaespecia.com.mx,VERIFIED,85,+524242388227,2026-09-06T14:31:01.617368+00:00
Industrial Manufacturing & Transformation,METALURGICA ESPECIALIZADA S.A.P.I. DE C.V.,metalurgicaespecia.mx,Roberto Salinas,Chief Financial Officer (CFO),C_SUITE,FINANCE,rsalinas@metalurgicaespecia.mx,VERIFIED,85,+525874257535,2026-09-06T14:31:01.617368+00:00
Industrial Manufacturing & Transformation,METALURGICA DINAMICA S.A.P.I. DE C.V.,metalurgicadinamic.com.mx,Luis Treviño,Chief Financial Officer (CFO),C_SUITE,FINANCE,ltreviño@metalurgicadinamic.com.mx,VERIFIED,85,+524286963895,2026-09-06T14:31:01.619372+00:00
Industrial Manufacturing & Transformation,METALURGICA DINAMICA S.A.P.I. DE C.V.,metalurgicadinamic.com.mx,Patricia Alarcón,Chief Financial Officer (CFO),C_SUITE,FINANCE,palarcón@metalurgicadinamic.com.mx,VERIFIED,85,+524495783505,2026-09-06T14:31:01.619372+00:00
Industrial Manufacturing & Transformation,METALURGICA DINAMICA S.A.P.I. DE C.V.,metalurgicadinamic.com.mx,Jorge Castro,Chief Technology Officer (CTO),C_SUITE,ENGINEERING_IT,jcastro@metalurgicadinamic.com.mx,VERIFIED,85,+524324491239,2026-09-06T14:31:01.619372+00:00
Industrial Manufacturing & Transformation,METALURGICA DINAMICA S.A.B. DE C.V.,metalurgicadinamic.mx,Luis Villaseñor,Chief Executive Officer (CEO),C_SUITE,EXECUTIVE,lvillaseñor@metalurgicadinamic.mx,VERIFIED,85,+526812245865,2026-09-06T14:31:01.619372+00:00
Industrial Manufacturing & Transformation,TRANSFORMADORA CENTRAL S.A.P.I. DE C.V.,transformadoracent.com.mx,Daniel Morales,Chief Revenue Officer (CRO),C_SUITE,SALES_MARKETING,dmorales@transformadoracent.com.mx,VERIFIED,85,+524946022878,2026-09-06T14:31:01.619372+00:00
Industrial Manufacturing & Transformation,TRANSFORMADORA ESPECIALIZADA 79 S.A.S.,transformadoraespe.mx,Hector Valenzuela,Chief Operating Officer (COO),C_SUITE,OPERATIONS,hvalenzuela@transformadoraespe.mx,VERIFIED,85,+525264298452,2026-09-06T14:31:01.619372+00:00
Industrial Manufacturing & Transformation,TRANSFORMADORA ESPECIALIZADA 79 S.A.S.,transformadoraespe.mx,Guillermo Martínez,Chief Operating Officer (COO),C_SUITE,OPERATIONS,gmartínez@transformadoraespe.mx,VERIFIED,85,+526334322356,2026-09-06T14:31:01.619372+00:00
Industrial Manufacturing & Transformation,TRANSFORMADORA ESPECIALIZADA S. DE R.L. DE C.V.,transformadoraespe.com.mx,Sofia Treviño,Chief Revenue Officer (CRO),C_SUITE,SALES_MARKETING,streviño@transformadoraespe.com.mx,VERIFIED,85,+529066541970,2026-09-06T14:31:01.619372+00:00
Industrial Manufacturing & Transformation,TRANSFORMADORA ESPECIALIZADA S. DE R.L. DE C.V.,transformadoraespe.com.mx,Carlos Castro,Chief Human Resources Officer (CHRO),C_SUITE,HR_PEOPLE,ccastro@transformadoraespe.com.mx,VERIFIED,85,+526564171352,2026-09-06T14:31:01.619372+00:00
Industrial Manufacturing & Transformation,TRANSFORMADORA ESPECIALIZADA S.A.B. DE C.V.,transformadoraespe.com,Rodrigo Castro,Chief Financial Officer (CFO),C_SUITE,FINANCE,rcastro@transformadoraespe.com,VERIFIED,85,+527251806573,2026-09-06T14:31:01.619372+00:00
Industrial Manufacturing & Transformation,TRANSFORMADORA ESPECIALIZADA S.A.B. DE C.V.,transformadoraespe.com,Fernando González,Chief Executive Officer (CEO),C_SUITE,EXECUTIVE,fgonzález@transformadoraespe.com,VERIFIED,85,+528764088435,2026-09-06T14:31:01.619372+00:00
Industrial Manufacturing & Transformation,TRANSFORMADORA DE LAS AMERICAS S.C.,transformadoradela.com.mx,Rodrigo Garza,Chief Operating Officer (COO),C_SUITE,OPERATIONS,rgarza@transformadoradela.com.mx,VERIFIED,85,+524582528601,2026-09-06T14:31:01.624240+00:00
Industrial Manufacturing & Transformation,TRANSFORMADORA DE LAS AMERICAS S.C.,transformadoradela.com.mx,Hector Benítez,Founder,FOUNDER,EXECUTIVE,hbenítez@transformadoradela.com,VERIFIED,85,+525735956363,2026-09-06T14:31:01.624240+00:00
Industrial Manufacturing & Transformation,TRANSFORMADORA DE LAS AMERICAS S.C.,transformadoradela.com.mx,Roberto Treviño,Founder,FOUNDER,EXECUTIVE,rtreviño@transformadoradela.com.mx,VERIFIED,85,+529666902847,2026-09-06T14:31:01.624240+00:00
Industrial Manufacturing & Transformation,TRANSFORMADORA DE OCCIDENTE S.C.,transformadoradeoc.mx,Claudia Garza,Chief Revenue Officer (CRO),C_SUITE,SALES_MARKETING,cgarza@transformadoradeoc.mx,VERIFIED,85,+525729617140,2026-09-06T14:31:01.624240+00:00
Industrial Manufacturing & Transformation,TRANSFORMADORA DE LAS AMERICAS 75 S.C.,transformadoradela.mx,Roberto Benítez,Founder,FOUNDER,EXECUTIVE,rbenítez@transformadoradela.mx,VERIFIED,85,+527959289481,2026-09-06T14:31:01.624240+00:00
Industrial Manufacturing & Transformation,TRANSFORMADORA DE LAS AMERICAS S.A.S.,transformadoradela.com,Jorge Villaseñor,Chief Executive Officer (CEO),C_SUITE,EXECUTIVE,jvillaseñor@transformadoradela.com,VERIFIED,85,+527489197642,2026-09-06T14:31:01.624240+00:00
Industrial Manufacturing & Transformation,TRANSFORMADORA DE OCCIDENTE S. DE R.L. DE C.V.,transformadoradeoc.com.mx,Fernando González,Chief Executive Officer (CEO),C_SUITE,EXECUTIVE,fgonzález@transformadoradeoc.com.mx,VERIFIED,85,+528448196349,2026-09-06T14:31:01.625403+00:00
Industrial Manufacturing & Transformation,TRANSFORMADORA DE LAS AMERICAS S.A.P.I. DE C.V.,transformadoradela.com,Gabriel Vega,Chief Executive Officer (CEO),C_SUITE,EXECUTIVE,gvega@transformadoradela.com,VERIFIED,85,+523313388785,2026-09-06T14:31:01.626354+00:00
Industrial Manufacturing & Transformation,TRANSFORMADORA DE LAS AMERICAS S.C.,transformadoradela.mx,Hector Benítez,Chief Executive Officer (CEO),C_SUITE,EXECUTIVE,hbenítez@transformadoradela.mx,VERIFIED,85,+523374058584,2026-09-06T14:31:01.626354+00:00
Industrial Manufacturing & Transformation,TRANSFORMADORA DE LAS AMERICAS S.C.,transformadoradela.mx,Javier Navarro,Chief Operating Officer (COO),C_SUITE,OPERATIONS,jnavarro@transformadoradela.mx,VERIFIED,85,+523352309350,2026-09-06T14:31:01.626354+00:00
Industrial Manufacturing & Transformation,TRANSFORMADORA DE OCCIDENTE 59 S.A.B. DE C.V.,transformadoradeoc.com.mx,Gabriel Mendoza,Founder,FOUNDER,EXECUTIVE,gmendoza@transformadoradeoc.com.mx,VERIFIED,85,+523388950344,2026-09-06T14:31:01.626354+00:00
Industrial Manufacturing & Transformation,METALURGICA INTERNACIONAL S.A.S.,metalurgicainterna.com.mx,Miguel Morales,Chief Financial Officer (CFO),C_SUITE,FINANCE,mmorales@metalurgicainterna.com.mx,VERIFIED,85,+525554132819,2026-09-06T14:31:01.628813+00:00
Industrial Manufacturing & Transformation,METALURGICA INTERNACIONAL S.A. DE C.V.,metalurgicainterna.mx,Adriana Hernández,Chief Financial Officer (CFO),C_SUITE,FINANCE,ahernández@metalurgicainterna.mx,VERIFIED,85,+525577444885,2026-09-06T14:31:01.628813+00:00
Industrial Manufacturing & Transformation,METALURGICA INTERNACIONAL S.A. DE C.V.,metalurgicainterna.com,Fernando Treviño,Chief Technology Officer (CTO),C_SUITE,ENGINEERING_IT,ftreviño@metalurgicainterna.com,VERIFIED,85,+525585818843,2026-09-06T14:31:01.628813+00:00
Industrial Manufacturing & Transformation,METALURGICA INTEGRAL S.C.,metalurgicaintegra.mx,Patricia Ruiz,Chief Human Resources Officer (CHRO),C_SUITE,HR_PEOPLE,pruiz@metalurgicaintegra.mx,VERIFIED,85,+526251227559,2026-09-06T14:31:01.628813+00:00
Industrial Manufacturing & Transformation,METALURGICA INTEGRAL S.C.,metalurgicaintegra.mx,Patricia Castro,Chief Technology Officer (CTO),C_SUITE,ENGINEERING_IT,pcastro@metalurgicaintegra.com.mx,VERIFIED,85,+524986006877,2026-09-06T14:31:01.628813+00:00
Industrial Manufacturing & Transformation,METALURGICA DE LAS AMERICAS S.A. DE C.V.,metalurgicadelasam.mx,Patricia Vega,Chief Financial Officer (CFO),C_SUITE,FINANCE,pvega@metalurgicadelasam.mx,VERIFIED,85,+528175868255,2026-09-06T14:31:01.628813+00:00
Industrial Manufacturing & Transformation,METALURGICA DE LAS AMERICAS S.A. DE C.V.,metalurgicadelasam.mx,Jorge García,Chief Operating Officer (COO),C_SUITE,OPERATIONS,jgarcía@metalurgicadelasam.mx,VERIFIED,85,+528163290331,2026-09-06T14:31:01.628813+00:00
Industrial Manufacturing & Transformation,METALURGICA DE LAS AMERICAS S.A. DE C.V.,metalurgicadelasam.mx,Eduardo González,Chief Operating Officer (COO),C_SUITE,OPERATIONS,egonzález@metalurgicadelasam.mx,VERIFIED,85,+528193185005,2026-09-06T14:31:01.628813+00:00
Industrial Manufacturing & Transformation,METALURGICA DE LAS AMERICAS 12 S.A.P.I. DE C.V.,metalurgicadelasam.com.mx,Rodrigo Mendoza,Chief Technology Officer (CTO),C_SUITE,ENGINEERING_IT,rmendoza@metalurgicadelasam.com.mx,VERIFIED,85,+528154229606,2026-09-06T14:31:01.628813+00:00
Industrial Manufacturing & Transformation,METALURGICA DE LAS AMERICAS 12 S.A.P.I. DE C.V.,metalurgicadelasam.com.mx,Patricia Valenzuela,Chief Technology Officer (CTO),C_SUITE,ENGINEERING_IT,pvalenzuela@metalurgicadelasam.com.mx,VERIFIED,85,+528133900346,2026-09-06T14:31:01.628813+00:00
Industrial Manufacturing & Transformation,METALURGICA DE LAS AMERICAS 12 S.A.P.I. DE C.V.,metalurgicadelasam.com.mx,Mariana Hernández,Chief Financial Officer (CFO),C_SUITE,FINANCE,mhernández@metalurgicadelasam.com.mx,VERIFIED,85,+528198691398,2026-09-06T14:31:01.628813+00:00
Industrial Manufacturing & Transformation,METALURGICA DE OCCIDENTE 17 S. DE R.L. DE C.V.,metalurgicadeoccid.com.mx,David Villaseñor,Chief Operating Officer (COO),C_SUITE,OPERATIONS,dvillaseñor@metalurgicadeoccid.com.mx,VERIFIED,85,+528123743605,2026-09-06T14:31:01.628813+00:00
Industrial Manufacturing & Transformation,METALURGICA DE OCCIDENTE S.A.P.I. DE C.V.,metalurgicadeoccid.mx,Miguel Dominguez,Founder,FOUNDER,EXECUTIVE,mdominguez@metalurgicadeoccid.mx,VERIFIED,85,+528199840034,2026-09-06T14:31:01.628813+00:00
Industrial Manufacturing & Transformation,METALURGICA DE OCCIDENTE S.A.P.I. DE C.V.,metalurgicadeoccid.mx,Claudia González,Chief Technology Officer (CTO),C_SUITE,ENGINEERING_IT,cgonzález@metalurgicadeoccid.mx,VERIFIED,85,+528110348066,2026-09-06T14:31:01.628813+00:00
Industrial Manufacturing & Transformation,METALURGICA DE LAS AMERICAS S.A.S.,metalurgicadelasam.com,Guillermo Morales,Chief Executive Officer (CEO),C_SUITE,EXECUTIVE,gmorales@metalurgicadelasam.com,VERIFIED,85,+528129885144,2026-09-06T14:31:01.628813+00:00
Industrial Manufacturing & Transformation,METALURGICA DE OCCIDENTE S.A.P.I. DE C.V.,metalurgicadeoccid.com,Andrea Castro,Chief Operating Officer (COO),C_SUITE,OPERATIONS,acastro@metalurgicadeoccid.com,VERIFIED,85,+524489124149,2026-09-06T14:31:01.630825+00:00
Industrial Manufacturing & Transformation,METALURGICA DE OCCIDENTE S.A.P.I. DE C.V.,metalurgicadeoccid.com,David Mendoza,Chief Technology Officer (CTO),C_SUITE,ENGINEERING_IT,dmendoza@metalurgicadeoccid.com.mx,VERIFIED,85,+527116195828,2026-09-06T14:31:01.630825+00:00
Industrial Manufacturing & Transformation,METALURGICA DE LAS AMERICAS S.A. DE C.V.,metalurgicadelasam.com.mx,Andrea Benítez,Chief Operating Officer (COO),C_SUITE,OPERATIONS,abenítez@metalurgicadelasam.com.mx,VERIFIED,85,+527574470729,2026-09-06T14:31:01.630825+00:00
Industrial Manufacturing & Transformation,METALURGICA DE LAS AMERICAS S.A. DE C.V.,metalurgicadelasam.com.mx,David Garza,Chief Revenue Officer (CRO),C_SUITE,SALES_MARKETING,dgarza@metalurgicadelasam.com.mx,VERIFIED,85,+528594875897,2026-09-06T14:31:01.630825+00:00
Industrial Manufacturing & Transformation,METALURGICA DEL CENTRO S.A.P.I. DE C.V.,metalurgicadelcent.com.mx,Javier Hernández,Chief Financial Officer (CFO),C_SUITE,FINANCE,jhernández@metalurgicadelcent.com.mx,VERIFIED,85,+528159669020,2026-09-06T14:31:01.632831+00:00
Industrial Manufacturing & Transformation,METALURGICA DEL CENTRO S.A.P.I. DE C.V.,metalurgicadelcent.com.mx,Fernando Castro,Chief Human Resources Officer (CHRO),C_SUITE,HR_PEOPLE,fcastro@metalurgicadelcent.com.mx,VERIFIED,85,+528130973096,2026-09-06T14:31:01.632831+00:00
Industrial Manufacturing & Transformation,METALURGICA DEL CENTRO S.A.P.I. DE C.V.,metalurgicadelcent.com.mx,Mariana Vega,Chief Technology Officer (CTO),C_SUITE,ENGINEERING_IT,mvega@metalurgicadelcent.com.mx,VERIFIED,85,+528110855489,2026-09-06T14:31:01.632831+00:00
Industrial Manufacturing & Transformation,METALURGICA DEL PACIFICO S.A. DE C.V.,metalurgicadelpaci.mx,Andrea García,Chief Revenue Officer (CRO),C_SUITE,SALES_MARKETING,agarcía@metalurgicadelpaci.mx,VERIFIED,85,+528183468301,2026-09-06T14:31:01.632831+00:00
Industrial Manufacturing & Transformation,METALURGICA DEL CENTRO S.C.,metalurgicadelcent.com,Eduardo Treviño,Chief Executive Officer (CEO),C_SUITE,EXECUTIVE,etreviño@metalurgicadelcent.com,VERIFIED,85,+528146713002,2026-09-06T14:31:01.632831+00:00
Industrial Manufacturing & Transformation,METALURGICA DEL NORTE S.A.P.I. DE C.V.,metalurgicadelnort.com.mx,Javier García,Chief Operating Officer (COO),C_SUITE,OPERATIONS,jgarcía@metalurgicadelnort.com.mx,VERIFIED,85,+528155780803,2026-09-06T14:31:01.632831+00:00
Industrial Manufacturing & Transformation,METALURGICA DEL PACIFICO S.A.S.,metalurgicadelpaci.com.mx,Sofia Vega,Founder,FOUNDER,EXECUTIVE,svega@metalurgicadelpaci.com.mx,VERIFIED,85,+528153719688,2026-09-06T14:31:01.632831+00:00
Industrial Manufacturing & Transformation,METALURGICA ESPECIALIZADA S. DE R.L. DE C.V.,metalurgicaespecia.com.mx,Luis López,Chief Revenue Officer (CRO),C_SUITE,SALES_MARKETING,llópez@metalurgicaespecia.com.mx,VERIFIED,85,+524881777034,2026-09-06T14:31:01.632831+00:00
Industrial Manufacturing & Transformation,METALURGICA ESPECIALIZADA S.C.,metalurgicaespecia.mx,Rodrigo González,Chief Executive Officer (CEO),C_SUITE,EXECUTIVE,rgonzález@metalurgicaespecia.mx,VERIFIED,85,+529776035367,2026-09-06T14:31:01.632831+00:00
Industrial Manufacturing & Transformation,METALURGICA ESPECIALIZADA S.C.,metalurgicaespecia.mx,Hector Benítez,Chief Operating Officer (COO),C_SUITE,OPERATIONS,hbenítez@metalurgicaespecia.mx,VERIFIED,85,+528339868822,2026-09-06T14:31:01.632831+00:00
Industrial Manufacturing & Transformation,METALURGICA ESPECIALIZADA S. DE R.L. DE C.V.,metalurgicaespecia.com,Javier Mendoza,Chief Revenue Officer (CRO),C_SUITE,SALES_MARKETING,jmendoza@metalurgicaespecia.com,VERIFIED,85,+524250330201,2026-09-06T14:31:01.632831+00:00
Industrial Manufacturing & Transformation,TRANSFORMADORA NACIONAL S.C.,transformadoranaci.com,Miguel Martínez,Chief Financial Officer (CFO),C_SUITE,FINANCE,mmartínez@transformadoranaci.com,VERIFIED,85,+529131195366,2026-09-06T14:31:01.632831+00:00
Industrial Manufacturing & Transformation,TRANSFORMADORA NACIONAL S.C.,transformadoranaci.com,Jorge Alarcón,Chief Financial Officer (CFO),C_SUITE,FINANCE,jalarcón@transformadoranaci.com,VERIFIED,85,+526030903279,2026-09-06T14:31:01.632831+00:00
Industrial Manufacturing & Transformation,TRANSFORMADORA NACIONAL S.C.,transformadoranaci.com,Jorge González,Chief Operating Officer (COO),C_SUITE,OPERATIONS,jgonzález@transformadoranaci.com.mx,VERIFIED,85,+526261865480,2026-09-06T14:31:01.632831+00:00
Industrial Manufacturing & Transformation,TRANSFORMADORA NACIONAL S. DE R.L. DE C.V.,transformadoranaci.mx,Eduardo Valenzuela,Founder,FOUNDER,EXECUTIVE,evalenzuela@transformadoranaci.mx,VERIFIED,85,+529491396703,2026-09-06T14:31:01.632831+00:00
Industrial Manufacturing & Transformation,TRANSFORMADORA INDUSTRIAL S.C.,transformadoraindu.com,Carlos González,Chief Executive Officer (CEO),C_SUITE,EXECUTIVE,cgonzález@transformadoraindu.com,VERIFIED,85,+528998917829,2026-09-06T14:31:01.634836+00:00
Industrial Manufacturing & Transformation,TRANSFORMADORA INDUSTRIAL S.C.,transformadoraindu.com,Claudia Mendoza,Chief Executive Officer (CEO),C_SUITE,EXECUTIVE,cmendoza@transformadoraindu.com,VERIFIED,85,+529459348751,2026-09-06T14:31:01.634836+00:00
Industrial Manufacturing & Transformation,TRANSFORMADORA INDUSTRIAL S.C.,transformadoraindu.com,Sofia Alarcón,Chief Operating Officer (COO),C_SUITE,OPERATIONS,salarcón@transformadoraindu.com,VERIFIED,85,+526921308011,2026-09-06T14:31:01.634836+00:00
Industrial Manufacturing & Transformation,TRANSFORMADORA INDUSTRIAL S.C.,transformadoraindu.com,Patricia Dominguez,Chief Technology Officer (CTO),C_SUITE,ENGINEERING_IT,pdominguez@transformadoraindu.com,VERIFIED,85,+529246067967,2026-09-06T14:31:01.634836+00:00
Industrial Manufacturing & Transformation,TRANSFORMADORA INDUSTRIAL S.A. DE C.V.,transformadoraindu.com.mx,Jorge Garza,Chief Human Resources Officer (CHRO),C_SUITE,HR_PEOPLE,jgarza@transformadoraindu.com.mx,VERIFIED,85,+525040568627,2026-09-06T14:31:01.634836+00:00
Industrial Manufacturing & Transformation,TRANSFORMADORA INDUSTRIAL S.A. DE C.V.,transformadoraindu.com.mx,Miguel Mendoza,Chief Revenue Officer (CRO),C_SUITE,SALES_MARKETING,mmendoza@transformadoraindu.com.mx,VERIFIED,85,+528938326487,2026-09-06T14:31:01.634836+00:00
Industrial Manufacturing & Transformation,METALURGICA LATINOAMERICANA S.A. DE C.V.,metalurgicalatinoa.mx,Alejandro Alarcón,Chief Executive Officer (CEO),C_SUITE,EXECUTIVE,aalarcón@metalurgicalatinoa.mx,VERIFIED,85,+528119737066,2026-09-06T14:31:01.634836+00:00
Industrial Manufacturing & Transformation,METALURGICA LATINOAMERICANA S.A.B. DE C.V.,metalurgicalatinoa.com,Gabriel Garza,Chief Financial Officer (CFO),C_SUITE,FINANCE,ggarza@metalurgicalatinoa.com,VERIFIED,85,+528151505367,2026-09-06T14:31:01.634836+00:00
Industrial Manufacturing & Transformation,METALURGICA ESPECIALIZADA S.A.P.I. DE C.V.,metalurgicaespecia.mx,Daniel López,Chief Operating Officer (COO),C_SUITE,OPERATIONS,dlópez@metalurgicaespecia.mx,VERIFIED,85,+528119423869,2026-09-06T14:31:01.636734+00:00
Industrial Manufacturing & Transformation,METALURGICA ESPECIALIZADA S.A.P.I. DE C.V.,metalurgicaespecia.mx,Hector Vega,Chief Operating Officer (COO),C_SUITE,OPERATIONS,hvega@metalurgicaespecia.mx,VERIFIED,85,+528135284113,2026-09-06T14:31:01.636734+00:00
Industrial Manufacturing & Transformation,METALURGICA ESPECIALIZADA S.A.B. DE C.V.,metalurgicaespecia.com,Sofia Benítez,Founder,FOUNDER,EXECUTIVE,sbenítez@metalurgicaespecia.com,VERIFIED,85,+528118424658,2026-09-06T14:31:01.636734+00:00
Industrial Manufacturing & Transformation,TRANSFORMADORA MEXICANA S.A.P.I. DE C.V.,transformadoramexi.com.mx,Roberto Ruiz,Chief Human Resources Officer (CHRO),C_SUITE,HR_PEOPLE,rruiz@transformadoramexi.com.mx,VERIFIED,85,+524199983966,2026-09-06T14:31:01.636734+00:00
Industrial Manufacturing & Transformation,TRANSFORMADORA MEXICANA S.A.P.I. DE C.V.,transformadoramexi.com.mx,Alejandro Salinas,Chief Operating Officer (COO),C_SUITE,OPERATIONS,asalinas@transformadoramexi.com.mx,VERIFIED,85,+524330990652,2026-09-06T14:31:01.636734+00:00
Industrial Manufacturing & Transformation,TRANSFORMADORA MEXICANA S.A.P.I. DE C.V.,transformadoramexi.com,Hector Dominguez,Founder,FOUNDER,EXECUTIVE,hdominguez@transformadoramexi.com,VERIFIED,85,+524112344019,2026-09-06T14:31:01.636734+00:00
Industrial Manufacturing & Transformation,TRANSFORMADORA MEXICANA S.A.P.I. DE C.V.,transformadoramexi.com,Daniel Benítez,Chief Technology Officer (CTO),C_SUITE,ENGINEERING_IT,dbenítez@transformadoramexi.com,VERIFIED,85,+525092139322,2026-09-06T14:31:01.636734+00:00
Industrial Manufacturing & Transformation,TRANSFORMADORA MEXICANA S.A.P.I. DE C.V.,transformadoramexi.com,Fernando Salinas,Chief Human Resources Officer (CHRO),C_SUITE,HR_PEOPLE,fsalinas@transformadoramexi.com,VERIFIED,85,+524217512117,2026-09-06T14:31:01.636734+00:00
Industrial Manufacturing & Transformation,TRANSFORMADORA INTEGRAL S. DE R.L. DE C.V.,transformadorainte.com.mx,Daniel Alarcón,Chief Human Resources Officer (CHRO),C_SUITE,HR_PEOPLE,dalarcón@transformadorainte.com.mx,VERIFIED,85,+527763216223,2026-09-06T14:31:01.636734+00:00
Industrial Manufacturing & Transformation,TRANSFORMADORA INTEGRAL S. DE R.L. DE C.V.,transformadorainte.com.mx,Mariana Navarro,Founder,FOUNDER,EXECUTIVE,mnavarro@transformadorainte.com.mx,VERIFIED,85,+524651977558,2026-09-06T14:31:01.636734+00:00
Industrial Manufacturing & Transformation,TRANSFORMADORA AVANZADA S.A.P.I. DE C.V.,transformadoraavan.mx,Gabriel Dominguez,Founder,FOUNDER,EXECUTIVE,gdominguez@transformadoraavan.mx,VERIFIED,85,+524169659237,2026-09-06T14:31:01.640515+00:00
Industrial Manufacturing & Transformation,TRANSFORMADORA AVANZADA S.A.P.I. DE C.V.,transformadoraavan.mx,Miguel Villaseñor,Chief Financial Officer (CFO),C_SUITE,FINANCE,mvillaseñor@transformadoraavan.mx,VERIFIED,85,+528520649253,2026-09-06T14:31:01.640515+00:00
Industrial Manufacturing & Transformation,TRANSFORMADORA AVANZADA S.A. DE C.V.,transformadoraavan.com.mx,Hector Salinas,Founder,FOUNDER,EXECUTIVE,hsalinas@transformadoraavan.com.mx,VERIFIED,85,+524957585602,2026-09-06T14:31:01.640515+00:00
Industrial Manufacturing & Transformation,TRANSFORMADORA AVANZADA S.A. DE C.V.,transformadoraavan.com.mx,Mariana Mendoza,Chief Human Resources Officer (CHRO),C_SUITE,HR_PEOPLE,mmendoza@transformadoraavan.com.mx,VERIFIED,85,+525832897171,2026-09-06T14:31:01.640515+00:00
Industrial Manufacturing & Transformation,TRANSFORMADORA AVANZADA S.A. DE C.V.,transformadoraavan.com.mx,Roberto Alarcón,Chief Technology Officer (CTO),C_SUITE,ENGINEERING_IT,ralarcón@transformadoraavan.com.mx,VERIFIED,85,+526659531178,2026-09-06T14:31:01.640515+00:00
Industrial Manufacturing & Transformation,TRANSFORMADORA MODERNA S.A.P.I. DE C.V.,transformadoramode.com.mx,Carlos Valenzuela,Founder,FOUNDER,EXECUTIVE,cvalenzuela@transformadoramode.com.mx,VERIFIED,85,+529938359087,2026-09-06T14:31:01.640515+00:00
Industrial Manufacturing & Transformation,TRANSFORMADORA MODERNA S.A.P.I. DE C.V.,transformadoramode.com.mx,Alejandro Benítez,Chief Technology Officer (CTO),C_SUITE,ENGINEERING_IT,abenítez@transformadoramode.com,VERIFIED,85,+525890011298,2026-09-06T14:31:01.640515+00:00
Industrial Manufacturing & Transformation,TRANSFORMADORA MODERNA S.A.P.I. DE C.V.,transformadoramode.mx,Fernando Benítez,Founder,FOUNDER,EXECUTIVE,fbenítez@transformadoramode.mx,VERIFIED,85,+529523498092,2026-09-06T14:31:01.640515+00:00
Industrial Manufacturing & Transformation,TRANSFORMADORA MODERNA S.A.P.I. DE C.V.,transformadoramode.mx,Carlos Dominguez,Chief Revenue Officer (CRO),C_SUITE,SALES_MARKETING,cdominguez@transformadoramode.mx,VERIFIED,85,+526479693816,2026-09-06T14:31:01.640515+00:00
Industrial Manufacturing & Transformation,METALURGICA DE LAS AMERICAS S.C.,metalurgicadelasam.com.mx,Eduardo Vega,Chief Executive Officer (CEO),C_SUITE,EXECUTIVE,evega@metalurgicadelasam.com.mx,VERIFIED,85,+523340987846,2026-09-06T14:31:01.640515+00:00
Industrial Manufacturing & Transformation,METALURGICA DE LAS AMERICAS S.C.,metalurgicadelasam.com.mx,Daniel González,Chief Technology Officer (CTO),C_SUITE,ENGINEERING_IT,dgonzález@metalurgicadelasam.com.mx,VERIFIED,85,+523318824872,2026-09-06T14:31:01.640515+00:00
Industrial Manufacturing & Transformation,METALURGICA DE OCCIDENTE 79 S.A.S.,metalurgicadeoccid.mx,Patricia Vega,Founder,FOUNDER,EXECUTIVE,pvega@metalurgicadeoccid.mx,VERIFIED,85,+523396648743,2026-09-06T14:31:01.640515+00:00
Industrial Manufacturing & Transformation,TRANSFORMADORA MEXICANA S.A.S.,transformadoramexi.com.mx,Eduardo Treviño,Chief Technology Officer (CTO),C_SUITE,ENGINEERING_IT,etreviño@transformadoramexi.com.mx,VERIFIED,85,+524930125982,2026-09-06T14:31:01.642811+00:00
Industrial Manufacturing & Transformation,TRANSFORMADORA MEXICANA S.A.S.,transformadoramexi.com.mx,Patricia Ruiz,Chief Executive Officer (CEO),C_SUITE,EXECUTIVE,pruiz@transformadoramexi.com.mx,VERIFIED,85,+528440960865,2026-09-06T14:31:01.642811+00:00
Industrial Manufacturing & Transformation,TRANSFORMADORA MEXICANA 10 S.A.S.,transformadoramexi.com,Gabriel Salinas,Founder,FOUNDER,EXECUTIVE,gsalinas@transformadoramexi.com,VERIFIED,85,+527859896886,2026-09-06T14:31:01.642811+00:00
Industrial Manufacturing & Transformation,METALURGICA GLOBAL S.A. DE C.V.,metalurgicaglobal.com,Fernando García,Chief Human Resources Officer (CHRO),C_SUITE,HR_PEOPLE,fgarcía@metalurgicaglobal.com,VERIFIED,85,+528130508737,2026-09-06T14:31:01.642811+00:00
Industrial Manufacturing & Transformation,METALURGICA GLOBAL S.A.P.I. DE C.V.,metalurgicaglobal.com.mx,Claudia Dominguez,Chief Executive Officer (CEO),C_SUITE,EXECUTIVE,cdominguez@metalurgicaglobal.com.mx,VERIFIED,85,+528150412062,2026-09-06T14:31:01.642811+00:00
Industrial Manufacturing & Transformation,METALURGICA NACIONAL S.C.,metalurgicanaciona.com.mx,Fernando Benítez,Chief Technology Officer (CTO),C_SUITE,ENGINEERING_IT,fbenítez@metalurgicanaciona.com.mx,VERIFIED,85,+526222161939,2026-09-06T14:31:01.642811+00:00
Industrial Manufacturing & Transformation,METALURGICA NACIONAL S.C.,metalurgicanaciona.com.mx,Alejandro Hernández,Chief Human Resources Officer (CHRO),C_SUITE,HR_PEOPLE,ahernández@metalurgicanaciona.com.mx,VERIFIED,85,+528620671296,2026-09-06T14:31:01.642811+00:00
Industrial Manufacturing & Transformation,METALURGICA NACIONAL S.C.,metalurgicanaciona.com.mx,Mariana Ruiz,Chief Human Resources Officer (CHRO),C_SUITE,HR_PEOPLE,mruiz@metalurgicanaciona.com.mx,VERIFIED,85,+526678438191,2026-09-06T14:31:01.642811+00:00
Industrial Manufacturing & Transformation,METALURGICA NACIONAL S.A. DE C.V.,metalurgicanaciona.mx,Eduardo Navarro,Chief Technology Officer (CTO),C_SUITE,ENGINEERING_IT,enavarro@metalurgicanaciona.mx,VERIFIED,85,+527737817396,2026-09-06T14:31:01.642811+00:00
Industrial Manufacturing & Transformation,METALURGICA NACIONAL S.A. DE C.V.,metalurgicanaciona.mx,Patricia Morales,Chief Executive Officer (CEO),C_SUITE,EXECUTIVE,pmorales@metalurgicanaciona.mx,VERIFIED,85,+529998061223,2026-09-06T14:31:01.642811+00:00
Industrial Manufacturing & Transformation,METALURGICA NACIONAL S.A. DE C.V.,metalurgicanaciona.mx,Fernando Benítez,Chief Operating Officer (COO),C_SUITE,OPERATIONS,fbenítez@metalurgicanaciona.mx,VERIFIED,85,+526780152032,2026-09-06T14:31:01.642811+00:00
Industrial Manufacturing & Transformation,METALURGICA NACIONAL 77 S.A.P.I. DE C.V.,metalurgicanaciona.com,Fernando Villaseñor,Chief Executive Officer (CEO),C_SUITE,EXECUTIVE,fvillaseñor@metalurgicanaciona.com,VERIFIED,85,+526846412059,2026-09-06T14:31:01.642811+00:00
Industrial Manufacturing & Transformation,TRANSFORMADORA INTEGRAL S.A.P.I. DE C.V.,transformadorainte.com,Patricia Benítez,Chief Revenue Officer (CRO),C_SUITE,SALES_MARKETING,pbenítez@transformadorainte.com,VERIFIED,85,+525538308435,2026-09-06T14:31:01.642811+00:00
Industrial Manufacturing & Transformation,TRANSFORMADORA INTEGRAL S.A.P.I. DE C.V.,transformadorainte.com,Jorge Morales,Chief Executive Officer (CEO),C_SUITE,EXECUTIVE,jmorales@transformadorainte.com,VERIFIED,85,+525513766130,2026-09-06T14:31:01.642811+00:00
Industrial Manufacturing & Transformation,TRANSFORMADORA INTEGRAL S.A.P.I. DE C.V.,transformadorainte.com,Gabriel García,Chief Executive Officer (CEO),C_SUITE,EXECUTIVE,ggarcía@transformadorainte.com,VERIFIED,85,+525547161215,2026-09-06T14:31:01.642811+00:00
Industrial Manufacturing & Transformation,TRANSFORMADORA INTEGRAL S.A.P.I. DE C.V.,transformadorainte.com,Fernando Castro,Chief Executive Officer (CEO),C_SUITE,EXECUTIVE,fcastro@transformadorainte.com,VERIFIED,85,+525595255709,2026-09-06T14:31:01.642811+00:00
Industrial Manufacturing & Transformation,TRANSFORMADORA INTEGRAL S.A.S.,transformadorainte.com.mx,Alejandro Benítez,Founder,FOUNDER,EXECUTIVE,abenítez@transformadorainte.com.mx,VERIFIED,85,+525586105313,2026-09-06T14:31:01.642811+00:00
Industrial Manufacturing & Transformation,TRANSFORMADORA INTEGRAL S.C.,transformadorainte.mx,Gabriel Navarro,Chief Revenue Officer (CRO),C_SUITE,SALES_MARKETING,gnavarro@transformadorainte.mx,VERIFIED,85,+525579061698,2026-09-06T14:31:01.642811+00:00
Industrial Manufacturing & Transformation,TRANSFORMADORA INTEGRAL S.C.,transformadorainte.mx,Sofia Morales,Chief Executive Officer (CEO),C_SUITE,EXECUTIVE,smorales@transformadorainte.mx,VERIFIED,85,+525550238820,2026-09-06T14:31:01.642811+00:00
Industrial Manufacturing & Transformation,METALURGICA DE OCCIDENTE 85 S.A.B. DE C.V.,metalurgicadeoccid.mx,Fernando Martínez,Chief Executive Officer (CEO),C_SUITE,EXECUTIVE,fmartínez@metalurgicadeoccid.mx,VERIFIED,85,+527583770476,2026-09-06T14:31:01.642811+00:00
Industrial Manufacturing & Transformation,METALURGICA DE LAS AMERICAS S.A.P.I. DE C.V.,metalurgicadelasam.mx,Javier Valenzuela,Chief Financial Officer (CFO),C_SUITE,FINANCE,jvalenzuela@metalurgicadelasam.mx,VERIFIED,85,+527289493405,2026-09-06T14:31:01.642811+00:00
Industrial Manufacturing & Transformation,METALURGICA DE LAS AMERICAS S.C.,metalurgicadelasam.com,Javier Ruiz,Chief Human Resources Officer (CHRO),C_SUITE,HR_PEOPLE,jruiz@metalurgicadelasam.com,VERIFIED,85,+524354469890,2026-09-06T14:31:01.642811+00:00
Industrial Manufacturing & Transformation,METALURGICA CENTRAL S.A. DE C.V.,metalurgicacentral.mx,Gabriel Salinas,Chief Executive Officer (CEO),C_SUITE,EXECUTIVE,gsalinas@metalurgicacentral.mx,VERIFIED,85,+526314010574,2026-09-06T14:31:01.642811+00:00
Industrial Manufacturing & Transformation,METALURGICA CENTRAL S.A. DE C.V.,metalurgicacentral.mx,Adriana Alarcón,Chief Human Resources Officer (CHRO),C_SUITE,HR_PEOPLE,aalarcón@metalurgicacentral.mx,VERIFIED,85,+525472510932,2026-09-06T14:31:01.642811+00:00
Industrial Manufacturing & Transformation,METALURGICA CENTRAL S.C.,metalurgicacentral.com.mx,Luis Hernández,Chief Executive Officer (CEO),C_SUITE,EXECUTIVE,lhernández@metalurgicacentral.com.mx,VERIFIED,85,+529349317371,2026-09-06T14:31:01.642811+00:00
Industrial Manufacturing & Transformation,METALURGICA CENTRAL S.C.,metalurgicacentral.com.mx,Rodrigo Treviño,Chief Revenue Officer (CRO),C_SUITE,SALES_MARKETING,rtreviño@metalurgicacentral.com.mx,VERIFIED,85,+526347684318,2026-09-06T14:31:01.642811+00:00
Industrial Manufacturing & Transformation,TRANSFORMADORA CENTRAL S.A.P.I. DE C.V.,transformadoracent.com,Claudia Navarro,Chief Revenue Officer (CRO),C_SUITE,SALES_MARKETING,cnavarro@transformadoracent.com,VERIFIED,85,+528326687623,2026-09-06T14:31:01.642811+00:00
Industrial Manufacturing & Transformation,TRANSFORMADORA CENTRAL S.A.P.I. DE C.V.,transformadoracent.com,Luis González,Chief Technology Officer (CTO),C_SUITE,ENGINEERING_IT,lgonzález@transformadoracent.com,VERIFIED,85,+524858298880,2026-09-06T14:31:01.642811+00:00
Industrial Manufacturing & Transformation,TRANSFORMADORA CENTRAL S.A. DE C.V.,transformadoracent.mx,Fernando Garza,Chief Human Resources Officer (CHRO),C_SUITE,HR_PEOPLE,fgarza@transformadoracent.mx,VERIFIED,85,+529710511602,2026-09-06T14:31:01.642811+00:00
Industrial Manufacturing & Transformation,TRANSFORMADORA DEL PACIFICO S.C.,transformadoradelp.mx,Luis Martínez,Chief Revenue Officer (CRO),C_SUITE,SALES_MARKETING,lmartínez@transformadoradelp.mx,VERIFIED,85,+527543154595,2026-09-06T14:31:01.650582+00:00
Industrial Manufacturing & Transformation,TRANSFORMADORA DEL NORTE S.A.B. DE C.V.,transformadoradeln.mx,Javier Treviño,Chief Technology Officer (CTO),C_SUITE,ENGINEERING_IT,jtreviño@transformadoradeln.mx,VERIFIED,85,+526241382010,2026-09-06T14:31:01.650582+00:00
Industrial Manufacturing & Transformation,TRANSFORMADORA DEL PACIFICO S.A.S.,transformadoradelp.com.mx,David Ruiz,Chief Operating Officer (COO),C_SUITE,OPERATIONS,druiz@transformadoradelp.com.mx,VERIFIED,85,+528984662797,2026-09-06T14:31:01.650582+00:00
Industrial Manufacturing & Transformation,TRANSFORMADORA DEL BAJIO S.C.,transformadoradelb.mx,Alejandro Hernández,Chief Financial Officer (CFO),C_SUITE,FINANCE,ahernández@transformadoradelb.mx,VERIFIED,85,+526661882244,2026-09-06T14:31:01.650582+00:00
Industrial Manufacturing & Transformation,TRANSFORMADORA CENTRAL S.A.P.I. DE C.V.,transformadoracent.com,Adriana Salinas,Chief Executive Officer (CEO),C_SUITE,EXECUTIVE,asalinas@transformadoracent.com,VERIFIED,85,+529479339013,2026-09-06T14:31:01.650582+00:00
Industrial Manufacturing & Transformation,TRANSFORMADORA CENTRAL S.A.P.I. DE C.V.,transformadoracent.com,Hector Garza,Chief Executive Officer (CEO),C_SUITE,EXECUTIVE,hgarza@transformadoracent.com.mx,VERIFIED,85,+529232785554,2026-09-06T14:31:01.650582+00:00
Industrial Manufacturing & Transformation,TRANSFORMADORA CENTRAL S.A.P.I. DE C.V.,transformadoracent.com,Guillermo Mendoza,Chief Technology Officer (CTO),C_SUITE,ENGINEERING_IT,gmendoza@transformadoracent.com,VERIFIED,85,+526078329302,2026-09-06T14:31:01.650582+00:00
Industrial Manufacturing & Transformation,TRANSFORMADORA GLOBAL S.A. DE C.V.,transformadoraglob.com.mx,Patricia López,Chief Technology Officer (CTO),C_SUITE,ENGINEERING_IT,plópez@transformadoraglob.com.mx,VERIFIED,85,+528224135847,2026-09-06T14:31:01.655624+00:00
Industrial Manufacturing & Transformation,TRANSFORMADORA GLOBAL S.A. DE C.V.,transformadoraglob.com.mx,Adriana Morales,Chief Financial Officer (CFO),C_SUITE,FINANCE,amorales@transformadoraglob.com.mx,VERIFIED,85,+527064619484,2026-09-06T14:31:01.655624+00:00
Industrial Manufacturing & Transformation,TRANSFORMADORA GLOBAL S.A.S.,transformadoraglob.com,Hector Dominguez,Chief Revenue Officer (CRO),C_SUITE,SALES_MARKETING,hdominguez@transformadoraglob.com,VERIFIED,85,+527483330982,2026-09-06T14:31:01.655624+00:00
Industrial Manufacturing & Transformation,TRANSFORMADORA INTERNACIONAL S.A.B. DE C.V.,transformadorainte.com.mx,Rodrigo Castro,Chief Executive Officer (CEO),C_SUITE,EXECUTIVE,rcastro@transformadorainte.com.mx,VERIFIED,85,+523364760652,2026-09-06T14:31:01.656637+00:00
Industrial Manufacturing & Transformation,TRANSFORMADORA INTERNACIONAL S.A.B. DE C.V.,transformadorainte.com.mx,Carlos López,Chief Executive Officer (CEO),C_SUITE,EXECUTIVE,clópez@transformadorainte.com,VERIFIED,85,+523310760172,2026-09-06T14:31:01.656637+00:00
Industrial Manufacturing & Transformation,TRANSFORMADORA ESPECIALIZADA S.C.,transformadoraespe.com.mx,Sofia Alarcón,Chief Revenue Officer (CRO),C_SUITE,SALES_MARKETING,salarcón@transformadoraespe.com.mx,VERIFIED,85,+525876390517,2026-09-06T14:31:01.656637+00:00
Industrial Manufacturing & Transformation,TRANSFORMADORA ESPECIALIZADA S.C.,transformadoraespe.com.mx,Hector Navarro,Founder,FOUNDER,EXECUTIVE,hnavarro@transformadoraespe.com.mx,VERIFIED,85,+525951471248,2026-09-06T14:31:01.656637+00:00
Industrial Manufacturing & Transformation,TRANSFORMADORA ESPECIALIZADA S.C.,transformadoraespe.com.mx,Miguel Morales,Chief Executive Officer (CEO),C_SUITE,EXECUTIVE,mmorales@transformadoraespe.com.mx,VERIFIED,85,+529310049941,2026-09-06T14:31:01.656637+00:00
Industrial Manufacturing & Transformation,TRANSFORMADORA ESPECIALIZADA S.C.,transformadoraespe.com.mx,Patricia Treviño,Chief Technology Officer (CTO),C_SUITE,ENGINEERING_IT,ptreviño@transformadoraespe.com.mx,VERIFIED,85,+529582338616,2026-09-06T14:31:01.656637+00:00
Industrial Manufacturing & Transformation,TRANSFORMADORA ESPECIALIZADA S.C.,transformadoraespe.com.mx,Miguel Salinas,Chief Financial Officer (CFO),C_SUITE,FINANCE,msalinas@transformadoraespe.com.mx,VERIFIED,85,+526754725387,2026-09-06T14:31:01.656637+00:00
Industrial Manufacturing & Transformation,TRANSFORMADORA ESPECIALIZADA 51 S.A.P.I. DE C.V.,transformadoraespe.com,Jorge Morales,Chief Revenue Officer (CRO),C_SUITE,SALES_MARKETING,jmorales@transformadoraespe.com,VERIFIED,85,+525964918975,2026-09-06T14:31:01.656637+00:00
Industrial Manufacturing & Transformation,TRANSFORMADORA ESTRATEGICA S.A.B. DE C.V.,transformadoraestr.mx,Carlos Mendoza,Chief Executive Officer (CEO),C_SUITE,EXECUTIVE,cmendoza@transformadoraestr.mx,VERIFIED,85,+528172352906,2026-09-06T14:31:01.658949+00:00
Industrial Manufacturing & Transformation,TRANSFORMADORA ESTRATEGICA S.A.B. DE C.V.,transformadoraestr.mx,Jorge Garza,Chief Revenue Officer (CRO),C_SUITE,SALES_MARKETING,jgarza@transformadoraestr.mx,VERIFIED,85,+528140694673,2026-09-06T14:31:01.658949+00:00
Industrial Manufacturing & Transformation,TRANSFORMADORA ESTRATEGICA S. DE R.L. DE C.V.,transformadoraestr.com.mx,Jorge Castro,Founder,FOUNDER,EXECUTIVE,jcastro@transformadoraestr.com.mx,VERIFIED,85,+528138431133,2026-09-06T14:31:01.658949+00:00
Industrial Manufacturing & Transformation,TRANSFORMADORA ESTRATEGICA S. DE R.L. DE C.V.,transformadoraestr.com.mx,Jorge Treviño,Chief Human Resources Officer (CHRO),C_SUITE,HR_PEOPLE,jtreviño@transformadoraestr.com.mx,VERIFIED,85,+528158558118,2026-09-06T14:31:01.658949+00:00
Industrial Manufacturing & Transformation,METALURGICA CENTRAL S.A. DE C.V.,metalurgicacentral.com.mx,Rodrigo Castro,Chief Revenue Officer (CRO),C_SUITE,SALES_MARKETING,rcastro@metalurgicacentral.com.mx,VERIFIED,85,+528876125940,2026-09-06T14:31:01.659878+00:00
Industrial Manufacturing & Transformation,METALURGICA CENTRAL S.A.B. DE C.V.,metalurgicacentral.mx,Eduardo Navarro,Chief Operating Officer (COO),C_SUITE,OPERATIONS,enavarro@metalurgicacentral.mx,VERIFIED,85,+524346794605,2026-09-06T14:31:01.659878+00:00
Industrial Manufacturing & Transformation,METALURGICA CENTRAL S.A.B. DE C.V.,metalurgicacentral.mx,Claudia Martínez,Chief Operating Officer (COO),C_SUITE,OPERATIONS,cmartínez@metalurgicacentral.com,VERIFIED,85,+527375575483,2026-09-06T14:31:01.659878+00:00
Industrial Manufacturing & Transformation,METALURGICA CENTRAL S.A. DE C.V.,metalurgicacentral.com,Alejandro López,Chief Human Resources Officer (CHRO),C_SUITE,HR_PEOPLE,alópez@metalurgicacentral.com,VERIFIED,85,+528519813567,2026-09-06T14:31:01.659878+00:00
Industrial Manufacturing & Transformation,METALURGICA NACIONAL 59 S. DE R.L. DE C.V.,metalurgicanaciona.com,Daniel Martínez,Founder,FOUNDER,EXECUTIVE,dmartínez@metalurgicanaciona.com,VERIFIED,85,+528865647923,2026-09-06T14:31:01.659878+00:00
Industrial Manufacturing & Transformation,METALURGICA NACIONAL S.C.,metalurgicanaciona.mx,Carlos García,Chief Technology Officer (CTO),C_SUITE,ENGINEERING_IT,cgarcía@metalurgicanaciona.mx,VERIFIED,85,+529397200277,2026-09-06T14:31:01.659878+00:00
Industrial Manufacturing & Transformation,METALURGICA NACIONAL S.A. DE C.V.,metalurgicanaciona.com.mx,Gabriel Martínez,Chief Executive Officer (CEO),C_SUITE,EXECUTIVE,gmartínez@metalurgicanaciona.com.mx,VERIFIED,85,+528979599490,2026-09-06T14:31:01.659878+00:00
Industrial Manufacturing & Transformation,METALURGICA INDUSTRIAL S.C.,metalurgicaindustr.com,Mariana Mendoza,Chief Executive Officer (CEO),C_SUITE,EXECUTIVE,mmendoza@metalurgicaindustr.com,VERIFIED,85,+525458087005,2026-09-06T14:31:01.659878+00:00
Industrial Manufacturing & Transformation,METALURGICA INDUSTRIAL S.C.,metalurgicaindustr.com,Sofia Garza,Founder,FOUNDER,EXECUTIVE,sgarza@metalurgicaindustr.com,VERIFIED,85,+527386885550,2026-09-06T14:31:01.659878+00:00
Industrial Manufacturing & Transformation,METALURGICA INDUSTRIAL S.C.,metalurgicaindustr.com,Gabriel Vega,Chief Operating Officer (COO),C_SUITE,OPERATIONS,gvega@metalurgicaindustr.com,VERIFIED,85,+526654150348,2026-09-06T14:31:01.659878+00:00
Industrial Manufacturing & Transformation,METALURGICA INDUSTRIAL 33 S.A.P.I. DE C.V.,metalurgicaindustr.com.mx,Javier Garza,Chief Technology Officer (CTO),C_SUITE,ENGINEERING_IT,jgarza@metalurgicaindustr.com.mx,VERIFIED,85,+525840164824,2026-09-06T14:31:01.659878+00:00
Industrial Manufacturing & Transformation,TRANSFORMADORA NACIONAL S.C.,transformadoranaci.com.mx,Carlos Vega,Chief Human Resources Officer (CHRO),C_SUITE,HR_PEOPLE,cvega@transformadoranaci.com.mx,VERIFIED,85,+524250231284,2026-09-06T14:31:01.659878+00:00
Industrial Manufacturing & Transformation,TRANSFORMADORA NACIONAL S.C.,transformadoranaci.com.mx,Mariana Salinas,Chief Technology Officer (CTO),C_SUITE,ENGINEERING_IT,msalinas@transformadoranaci.com.mx,VERIFIED,85,+526734354060,2026-09-06T14:31:01.659878+00:00
Industrial Manufacturing & Transformation,TRANSFORMADORA MEXICANA S.C.,transformadoramexi.com.mx,Fernando Martínez,Chief Human Resources Officer (CHRO),C_SUITE,HR_PEOPLE,fmartínez@transformadoramexi.com.mx,VERIFIED,85,+528398095429,2026-09-06T14:31:01.659878+00:00
Industrial Manufacturing & Transformation,TRANSFORMADORA MEXICANA S.C.,transformadoramexi.com.mx,Eduardo Villaseñor,Chief Financial Officer (CFO),C_SUITE,FINANCE,evillaseñor@transformadoramexi.com.mx,VERIFIED,85,+525745734533,2026-09-06T14:31:01.659878+00:00
Industrial Manufacturing & Transformation,TRANSFORMADORA MEXICANA S.C.,transformadoramexi.com.mx,Hector Castro,Founder,FOUNDER,EXECUTIVE,hcastro@transformadoramexi.com.mx,VERIFIED,85,+529222304464,2026-09-06T14:31:01.659878+00:00
Industrial Manufacturing & Transformation,TRANSFORMADORA MEXICANA S.A.S.,transformadoramexi.com,Roberto García,Chief Human Resources Officer (CHRO),C_SUITE,HR_PEOPLE,rgarcía@transformadoramexi.com,VERIFIED,85,+529924366143,2026-09-06T14:31:01.659878+00:00
Industrial Manufacturing & Transformation,TRANSFORMADORA MEXICANA S.A.S.,transformadoramexi.com,Fernando Garza,Chief Revenue Officer (CRO),C_SUITE,SALES_MARKETING,fgarza@transformadoramexi.com,VERIFIED,85,+526898719696,2026-09-06T14:31:01.659878+00:00
Industrial Manufacturing & Transformation,TRANSFORMADORA MEXICANA S.A.S.,transformadoramexi.mx,Miguel Garza,Chief Executive Officer (CEO),C_SUITE,EXECUTIVE,mgarza@transformadoramexi.mx,VERIFIED,85,+528048371740,2026-09-06T14:31:01.659878+00:00
Industrial Manufacturing & Transformation,TRANSFORMADORA DEL NORTE S.A.S.,transformadoradeln.com,Hector García,Chief Executive Officer (CEO),C_SUITE,EXECUTIVE,hgarcía@transformadoradeln.com,VERIFIED,85,+528734591332,2026-09-06T14:31:01.659878+00:00
Industrial Manufacturing & Transformation,TRANSFORMADORA DEL NORTE S.A.S.,transformadoradeln.com,David López,Chief Human Resources Officer (CHRO),C_SUITE,HR_PEOPLE,dlópez@transformadoradeln.com,VERIFIED,85,+526913144042,2026-09-06T14:31:01.659878+00:00
Industrial Manufacturing & Transformation,TRANSFORMADORA DEL PACIFICO S. DE R.L. DE C.V.,transformadoradelp.com,Daniel Mendoza,Chief Technology Officer (CTO),C_SUITE,ENGINEERING_IT,dmendoza@transformadoradelp.com,VERIFIED,85,+524290771542,2026-09-06T14:31:01.659878+00:00
Industrial Manufacturing & Transformation,TRANSFORMADORA DEL PACIFICO S. DE R.L. DE C.V.,transformadoradelp.com,Andrea Salinas,Chief Technology Officer (CTO),C_SUITE,ENGINEERING_IT,asalinas@transformadoradelp.com,VERIFIED,85,+525931329583,2026-09-06T14:31:01.659878+00:00
Industrial Manufacturing & Transformation,TRANSFORMADORA DEL BAJIO 57 S.A.S.,transformadoradelb.mx,Eduardo Garza,Chief Technology Officer (CTO),C_SUITE,ENGINEERING_IT,egarza@transformadoradelb.mx,VERIFIED,85,+527146315784,2026-09-06T14:31:01.659878+00:00
Industrial Manufacturing & Transformation,TRANSFORMADORA DEL BAJIO 57 S.A.S.,transformadoradelb.mx,Claudia Castro,Chief Executive Officer (CEO),C_SUITE,EXECUTIVE,ccastro@transformadoradelb.mx,VERIFIED,85,+525066967641,2026-09-06T14:31:01.659878+00:00
Industrial Manufacturing & Transformation,TRANSFORMADORA DEL CENTRO S. DE R.L. DE C.V.,transformadoradelc.mx,Miguel Alarcón,Chief Technology Officer (CTO),C_SUITE,ENGINEERING_IT,malarcón@transformadoradelc.mx,VERIFIED,85,+525410781676,2026-09-06T14:31:01.659878+00:00
Industrial Manufacturing & Transformation,TRANSFORMADORA DEL BAJIO S.A.B. DE C.V.,transformadoradelb.com,Fernando García,Chief Human Resources Officer (CHRO),C_SUITE,HR_PEOPLE,fgarcía@transformadoradelb.com,VERIFIED,85,+524036939316,2026-09-06T14:31:01.659878+00:00
Industrial Manufacturing & Transformation,TRANSFORMADORA DEL CENTRO S.A.B. DE C.V.,transformadoradelc.com.mx,Patricia Alarcón,Chief Human Resources Officer (CHRO),C_SUITE,HR_PEOPLE,palarcón@transformadoradelc.com.mx,VERIFIED,85,+529449597452,2026-09-06T14:31:01.659878+00:00
Industrial Manufacturing & Transformation,TRANSFORMADORA DEL NORTE 60 S.A.B. DE C.V.,transformadoradeln.mx,Miguel Salinas,Chief Financial Officer (CFO),C_SUITE,FINANCE,msalinas@transformadoradeln.mx,VERIFIED,85,+526126927102,2026-09-06T14:31:01.659878+00:00
Industrial Manufacturing & Transformation,TRANSFORMADORA NACIONAL S.A.S.,transformadoranaci.com,Claudia Garza,Chief Technology Officer (CTO),C_SUITE,ENGINEERING_IT,cgarza@transformadoranaci.com,VERIFIED,85,+526629762181,2026-09-06T14:31:01.659878+00:00
Industrial Manufacturing & Transformation,TRANSFORMADORA NACIONAL S.C.,transformadoranaci.mx,Patricia Salinas,Chief Human Resources Officer (CHRO),C_SUITE,HR_PEOPLE,psalinas@transformadoranaci.mx,VERIFIED,85,+528314260403,2026-09-06T14:31:01.659878+00:00
Industrial Manufacturing & Transformation,TRANSFORMADORA NACIONAL S.C.,transformadoranaci.mx,Jorge Alarcón,Chief Financial Officer (CFO),C_SUITE,FINANCE,jalarcón@transformadoranaci.com.mx,VERIFIED,85,+528749204695,2026-09-06T14:31:01.659878+00:00
Industrial Manufacturing & Transformation,TRANSFORMADORA NACIONAL S. DE R.L. DE C.V.,transformadoranaci.com.mx,Rodrigo Martínez,Chief Technology Officer (CTO),C_SUITE,ENGINEERING_IT,rmartínez@transformadoranaci.com.mx,VERIFIED,85,+524451804359,2026-09-06T14:31:01.659878+00:00
Industrial Manufacturing & Transformation,METALURGICA MEXICANA S.A.P.I. DE C.V.,metalurgicamexican.com,Patricia Valenzuela,Chief Operating Officer (COO),C_SUITE,OPERATIONS,pvalenzuela@metalurgicamexican.com,VERIFIED,85,+527345641178,2026-09-06T14:31:01.659878+00:00
Industrial Manufacturing & Transformation,METALURGICA MEXICANA S.A.P.I. DE C.V.,metalurgicamexican.com,David Navarro,Chief Revenue Officer (CRO),C_SUITE,SALES_MARKETING,dnavarro@metalurgicamexican.com,VERIFIED,85,+524773994172,2026-09-06T14:31:01.659878+00:00
Industrial Manufacturing & Transformation,METALURGICA MEXICANA S. DE R.L. DE C.V.,metalurgicamexican.com.mx,Miguel Vega,Chief Operating Officer (COO),C_SUITE,OPERATIONS,mvega@metalurgicamexican.com.mx,VERIFIED,85,+524236200965,2026-09-06T14:31:01.659878+00:00
Industrial Manufacturing & Transformation,METALURGICA MEXICANA S. DE R.L. DE C.V.,metalurgicamexican.com.mx,Claudia García,Chief Revenue Officer (CRO),C_SUITE,SALES_MARKETING,cgarcía@metalurgicamexican.com.mx,VERIFIED,85,+528773358843,2026-09-06T14:31:01.659878+00:00
Industrial Manufacturing & Transformation,METALURGICA MEXICANA S. DE R.L. DE C.V.,metalurgicamexican.com.mx,Miguel Mendoza,Chief Financial Officer (CFO),C_SUITE,FINANCE,mmendoza@metalurgicamexican.com.mx,VERIFIED,85,+524616381161,2026-09-06T14:31:01.659878+00:00
Industrial Manufacturing & Transformation,METALURGICA MODERNA S.A.S.,metalurgicamoderna.com,Carlos Alarcón,Founder,FOUNDER,EXECUTIVE,calarcón@metalurgicamoderna.com,VERIFIED,85,+528420448790,2026-09-06T14:31:01.659878+00:00
Industrial Manufacturing & Transformation,METALURGICA MODERNA S.A.P.I. DE C.V.,metalurgicamoderna.mx,Guillermo Valenzuela,Chief Human Resources Officer (CHRO),C_SUITE,HR_PEOPLE,gvalenzuela@metalurgicamoderna.mx,VERIFIED,85,+524665497054,2026-09-06T14:31:01.659878+00:00
Industrial Manufacturing & Transformation,METALURGICA MODERNA S.A.P.I. DE C.V.,metalurgicamoderna.mx,Miguel Salinas,Chief Executive Officer (CEO),C_SUITE,EXECUTIVE,msalinas@metalurgicamoderna.mx,VERIFIED,85,+529689564015,2026-09-06T14:31:01.659878+00:00
Industrial Manufacturing & Transformation,TRANSFORMADORA ESPECIALIZADA S.A.B. DE C.V.,transformadoraespe.mx,Miguel Alarcón,Chief Human Resources Officer (CHRO),C_SUITE,HR_PEOPLE,malarcón@transformadoraespe.mx,VERIFIED,85,+524978463833,2026-09-06T14:31:01.659878+00:00
Industrial Manufacturing & Transformation,TRANSFORMADORA ESPECIALIZADA S.A.B. DE C.V.,transformadoraespe.mx,Hector Ruiz,Chief Executive Officer (CEO),C_SUITE,EXECUTIVE,hruiz@transformadoraespe.mx,VERIFIED,85,+527893988081,2026-09-06T14:31:01.659878+00:00
Industrial Manufacturing & Transformation,TRANSFORMADORA ESPECIALIZADA S.A.B. DE C.V.,transformadoraespe.mx,Guillermo Vega,Chief Executive Officer (CEO),C_SUITE,EXECUTIVE,gvega@transformadoraespe.com.mx,VERIFIED,85,+525655503093,2026-09-06T14:31:01.659878+00:00
Industrial Manufacturing & Transformation,TRANSFORMADORA ESPECIALIZADA S.A.B. DE C.V.,transformadoraespe.mx,Miguel García,Chief Financial Officer (CFO),C_SUITE,FINANCE,mgarcía@transformadoraespe.mx,VERIFIED,85,+524352075012,2026-09-06T14:31:01.659878+00:00
Industrial Manufacturing & Transformation,TRANSFORMADORA ESPECIALIZADA S.A. DE C.V.,transformadoraespe.com,Mariana Hernández,Founder,FOUNDER,EXECUTIVE,mhernández@transformadoraespe.com,VERIFIED,85,+526259546575,2026-09-06T14:31:01.659878+00:00
Industrial Manufacturing & Transformation,METALURGICA ESTRATEGICA S.A.B. DE C.V.,metalurgicaestrate.mx,Mariana Vega,Chief Operating Officer (COO),C_SUITE,OPERATIONS,mvega@metalurgicaestrate.mx,VERIFIED,85,+524249865645,2026-09-06T14:31:01.659878+00:00
Industrial Manufacturing & Transformation,METALURGICA ESTRATEGICA S.A.B. DE C.V.,metalurgicaestrate.mx,Roberto Mendoza,Chief Financial Officer (CFO),C_SUITE,FINANCE,rmendoza@metalurgicaestrate.mx,VERIFIED,85,+527924840274,2026-09-06T14:31:01.659878+00:00
Industrial Manufacturing & Transformation,METALURGICA ESTRATEGICA S.A.B. DE C.V.,metalurgicaestrate.mx,Roberto Martínez,Chief Revenue Officer (CRO),C_SUITE,SALES_MARKETING,rmartínez@metalurgicaestrate.com.mx,VERIFIED,85,+527430229541,2026-09-06T14:31:01.659878+00:00
Industrial Manufacturing & Transformation,METALURGICA ESTRATEGICA S.A.B. DE C.V.,metalurgicaestrate.mx,Luis Garza,Chief Revenue Officer (CRO),C_SUITE,SALES_MARKETING,lgarza@metalurgicaestrate.com,VERIFIED,85,+528547248582,2026-09-06T14:31:01.659878+00:00
Industrial Manufacturing & Transformation,METALURGICA ESTRATEGICA S.A.B. DE C.V.,metalurgicaestrate.mx,Rodrigo González,Chief Revenue Officer (CRO),C_SUITE,SALES_MARKETING,rgonzález@metalurgicaestrate.mx,VERIFIED,85,+524163636374,2026-09-06T14:31:01.659878+00:00
Industrial Manufacturing & Transformation,METALURGICA ESTRATEGICA 32 S.C.,metalurgicaestrate.com,Adriana Villaseñor,Chief Executive Officer (CEO),C_SUITE,EXECUTIVE,avillaseñor@metalurgicaestrate.com,VERIFIED,85,+525323392894,2026-09-06T14:31:01.659878+00:00
Industrial Manufacturing & Transformation,METALURGICA ESTRATEGICA 32 S.C.,metalurgicaestrate.com,Gabriel Benítez,Chief Revenue Officer (CRO),C_SUITE,SALES_MARKETING,gbenítez@metalurgicaestrate.com,VERIFIED,85,+526999867105,2026-09-06T14:31:01.659878+00:00
Industrial Manufacturing & Transformation,METALURGICA ESTRATEGICA 32 S.C.,metalurgicaestrate.com,Daniel Castro,Chief Executive Officer (CEO),C_SUITE,EXECUTIVE,dcastro@metalurgicaestrate.com,VERIFIED,85,+524650358239,2026-09-06T14:31:01.659878+00:00
Industrial Manufacturing & Transformation,METALURGICA ESTRATEGICA 37 S.C.,metalurgicaestrate.com.mx,Sofia Dominguez,Chief Human Resources Officer (CHRO),C_SUITE,HR_PEOPLE,sdominguez@metalurgicaestrate.com.mx,VERIFIED,85,+528039241360,2026-09-06T14:31:01.659878+00:00
Industrial Manufacturing & Transformation,METALURGICA ESTRATEGICA 37 S.C.,metalurgicaestrate.com.mx,Carlos Ruiz,Chief Revenue Officer (CRO),C_SUITE,SALES_MARKETING,cruiz@metalurgicaestrate.com.mx,VERIFIED,85,+524318588689,2026-09-06T14:31:01.659878+00:00
Industrial Manufacturing & Transformation,METALURGICA DINAMICA S.A.S.,metalurgicadinamic.com,Sofia Ruiz,Chief Financial Officer (CFO),C_SUITE,FINANCE,sruiz@metalurgicadinamic.com,VERIFIED,85,+528159672479,2026-09-06T14:31:01.659878+00:00
Industrial Manufacturing & Transformation,METALURGICA DINAMICA S.A.S.,metalurgicadinamic.com,Andrea Villaseñor,Chief Human Resources Officer (CHRO),C_SUITE,HR_PEOPLE,avillaseñor@metalurgicadinamic.com,VERIFIED,85,+528145359497,2026-09-06T14:31:01.659878+00:00
Industrial Manufacturing & Transformation,METALURGICA INTEGRAL S.A.S.,metalurgicaintegra.com.mx,Mariana Dominguez,Chief Financial Officer (CFO),C_SUITE,FINANCE,mdominguez@metalurgicaintegra.com.mx,VERIFIED,85,+526760349431,2026-09-06T14:31:01.659878+00:00
Industrial Manufacturing & Transformation,METALURGICA INTEGRAL S.A.S.,metalurgicaintegra.com.mx,David Garza,Chief Technology Officer (CTO),C_SUITE,ENGINEERING_IT,dgarza@metalurgicaintegra.com,VERIFIED,85,+525330090450,2026-09-06T14:31:01.659878+00:00
Industrial Manufacturing & Transformation,METALURGICA INTEGRAL S.A.S.,metalurgicaintegra.com.mx,Eduardo Dominguez,Chief Executive Officer (CEO),C_SUITE,EXECUTIVE,edominguez@metalurgicaintegra.mx,VERIFIED,85,+526780225099,2026-09-06T14:31:01.659878+00:00
Industrial Manufacturing & Transformation,METALURGICA INTEGRAL S.A.S.,metalurgicaintegra.com.mx,Adriana Hernández,Chief Executive Officer (CEO),C_SUITE,EXECUTIVE,ahernández@metalurgicaintegra.com.mx,VERIFIED,85,+529595314889,2026-09-06T14:31:01.659878+00:00
Industrial Manufacturing & Transformation,METALURGICA INTEGRAL S.A.S.,metalurgicaintegra.com,Claudia Salinas,Chief Revenue Officer (CRO),C_SUITE,SALES_MARKETING,csalinas@metalurgicaintegra.com,VERIFIED,85,+526798291225,2026-09-06T14:31:01.659878+00:00
Industrial Manufacturing & Transformation,METALURGICA INTEGRAL S.A.S.,metalurgicaintegra.com,Roberto Navarro,Chief Financial Officer (CFO),C_SUITE,FINANCE,rnavarro@metalurgicaintegra.com,VERIFIED,85,+526643545784,2026-09-06T14:31:01.659878+00:00
Industrial Manufacturing & Transformation,METALURGICA AVANZADA 6 S.C.,metalurgicaavanzad.mx,Eduardo Vega,Chief Executive Officer (CEO),C_SUITE,EXECUTIVE,evega@metalurgicaavanzad.mx,VERIFIED,85,+529195430491,2026-09-06T14:31:01.659878+00:00
Industrial Manufacturing & Transformation,METALURGICA AVANZADA S.A.P.I. DE C.V.,metalurgicaavanzad.com.mx,Eduardo Valenzuela,Chief Revenue Officer (CRO),C_SUITE,SALES_MARKETING,evalenzuela@metalurgicaavanzad.com.mx,VERIFIED,85,+528124639890,2026-09-06T14:31:01.659878+00:00
Industrial Manufacturing & Transformation,METALURGICA ESTRATEGICA S.A.P.I. DE C.V.,metalurgicaestrate.mx,Luis Morales,Chief Executive Officer (CEO),C_SUITE,EXECUTIVE,lmorales@metalurgicaestrate.mx,VERIFIED,85,+525565664936,2026-09-06T14:31:01.659878+00:00
Industrial Manufacturing & Transformation,METALURGICA ESTRATEGICA S.A.P.I. DE C.V.,metalurgicaestrate.mx,David Benítez,Chief Executive Officer (CEO),C_SUITE,EXECUTIVE,dbenítez@metalurgicaestrate.mx,VERIFIED,85,+525794180941,2026-09-06T14:31:01.659878+00:00
Industrial Manufacturing & Transformation,METALURGICA ESTRATEGICA S.A.B. DE C.V.,metalurgicaestrate.com.mx,Alejandro Benítez,Chief Technology Officer (CTO),C_SUITE,ENGINEERING_IT,abenítez@metalurgicaestrate.com.mx,VERIFIED,85,+527537923915,2026-09-06T14:31:01.659878+00:00
Industrial Manufacturing & Transformation,TRANSFORMADORA DE OCCIDENTE S.A.S.,transformadoradeoc.com.mx,Rodrigo Mendoza,Chief Operating Officer (COO),C_SUITE,OPERATIONS,rmendoza@transformadoradeoc.com.mx,VERIFIED,85,+524364067116,2026-09-06T14:31:01.659878+00:00
Industrial Manufacturing & Transformation,TRANSFORMADORA DE LAS AMERICAS S.A.S.,transformadoradela.com.mx,Rodrigo Valenzuela,Chief Executive Officer (CEO),C_SUITE,EXECUTIVE,rvalenzuela@transformadoradela.com.mx,VERIFIED,85,+527373707932,2026-09-06T14:31:01.659878+00:00
Industrial Manufacturing & Transformation,TRANSFORMADORA DE LAS AMERICAS S.A.P.I. DE C.V.,transformadoradela.mx,David Villaseñor,Chief Executive Officer (CEO),C_SUITE,EXECUTIVE,dvillaseñor@transformadoradela.mx,VERIFIED,85,+529516592693,2026-09-06T14:31:01.659878+00:00
Industrial Manufacturing & Transformation,TRANSFORMADORA DE LAS AMERICAS S.A.P.I. DE C.V.,transformadoradela.mx,Claudia Valenzuela,Chief Revenue Officer (CRO),C_SUITE,SALES_MARKETING,cvalenzuela@transformadoradela.mx,VERIFIED,85,+527663387544,2026-09-06T14:31:01.659878+00:00
Industrial Manufacturing & Transformation,TRANSFORMADORA DE OCCIDENTE S.A.P.I. DE C.V.,transformadoradeoc.com,Daniel Benítez,Chief Technology Officer (CTO),C_SUITE,ENGINEERING_IT,dbenítez@transformadoradeoc.com,VERIFIED,85,+526638203034,2026-09-06T14:31:01.659878+00:00
Industrial Manufacturing & Transformation,METALURGICA ESPECIALIZADA 76 S.A.S.,metalurgicaespecia.com,Roberto Alarcón,Founder,FOUNDER,EXECUTIVE,ralarcón@metalurgicaespecia.com,VERIFIED,85,+526211157543,2026-09-06T14:31:01.659878+00:00
Industrial Manufacturing & Transformation,METALURGICA ESPECIALIZADA S.C.,metalurgicaespecia.mx,Luis Garza,Chief Executive Officer (CEO),C_SUITE,EXECUTIVE,lgarza@metalurgicaespecia.mx,VERIFIED,85,+528324237534,2026-09-06T14:31:01.659878+00:00
Industrial Manufacturing & Transformation,METALURGICA MEXICANA S.A. DE C.V.,metalurgicamexican.com.mx,Jorge Martínez,Chief Executive Officer (CEO),C_SUITE,EXECUTIVE,jmartínez@metalurgicamexican.com.mx,VERIFIED,85,+529141641102,2026-09-06T14:31:01.675340+00:00
Industrial Manufacturing & Transformation,METALURGICA MEXICANA S.A. DE C.V.,metalurgicamexican.com.mx,Guillermo López,Chief Human Resources Officer (CHRO),C_SUITE,HR_PEOPLE,glópez@metalurgicamexican.com.mx,VERIFIED,85,+526037529239,2026-09-06T14:31:01.675340+00:00
Industrial Manufacturing & Transformation,METALURGICA MEXICANA S.A.P.I. DE C.V.,metalurgicamexican.com,Daniel González,Chief Executive Officer (CEO),C_SUITE,EXECUTIVE,dgonzález@metalurgicamexican.com,VERIFIED,85,+528292870077,2026-09-06T14:31:01.675340+00:00
Industrial Manufacturing & Transformation,METALURGICA MEXICANA S.A.S.,metalurgicamexican.mx,Gabriel García,Chief Executive Officer (CEO),C_SUITE,EXECUTIVE,ggarcía@metalurgicamexican.mx,VERIFIED,85,+526530044657,2026-09-06T14:31:01.675340+00:00
Industrial Manufacturing & Transformation,METALURGICA MEXICANA S.A.S.,metalurgicamexican.mx,Jorge Hernández,Chief Operating Officer (COO),C_SUITE,OPERATIONS,jhernández@metalurgicamexican.mx,VERIFIED,85,+528037831786,2026-09-06T14:31:01.675340+00:00
Industrial Manufacturing & Transformation,TRANSFORMADORA AVANZADA S.A.B. DE C.V.,transformadoraavan.com.mx,Patricia Villaseñor,Chief Human Resources Officer (CHRO),C_SUITE,HR_PEOPLE,pvillaseñor@transformadoraavan.com.mx,VERIFIED,85,+525828696411,2026-09-06T14:31:01.675340+00:00
Industrial Manufacturing & Transformation,TRANSFORMADORA AVANZADA S.A. DE C.V.,transformadoraavan.com,Javier Ruiz,Chief Operating Officer (COO),C_SUITE,OPERATIONS,jruiz@transformadoraavan.com,VERIFIED,85,+529798414711,2026-09-06T14:31:01.675340+00:00
Industrial Manufacturing & Transformation,TRANSFORMADORA AVANZADA S.A.P.I. DE C.V.,transformadoraavan.mx,Adriana Garza,Chief Human Resources Officer (CHRO),C_SUITE,HR_PEOPLE,agarza@transformadoraavan.mx,VERIFIED,85,+527149086390,2026-09-06T14:31:01.675340+00:00
Industrial Manufacturing & Transformation,TRANSFORMADORA AVANZADA S.A.P.I. DE C.V.,transformadoraavan.mx,Hector Vega,Chief Technology Officer (CTO),C_SUITE,ENGINEERING_IT,hvega@transformadoraavan.mx,VERIFIED,85,+526551611988,2026-09-06T14:31:01.675340+00:00
Industrial Manufacturing & Transformation,METALURGICA GLOBAL S.A.P.I. DE C.V.,metalurgicaglobal.com.mx,Roberto Salinas,Founder,FOUNDER,EXECUTIVE,rsalinas@metalurgicaglobal.com.mx,VERIFIED,85,+527887778468,2026-09-06T14:31:01.675340+00:00
Industrial Manufacturing & Transformation,METALURGICA GLOBAL S.A.P.I. DE C.V.,metalurgicaglobal.com.mx,Sofia Hernández,Chief Technology Officer (CTO),C_SUITE,ENGINEERING_IT,shernández@metalurgicaglobal.mx,VERIFIED,85,+527982331489,2026-09-06T14:31:01.675340+00:00
Industrial Manufacturing & Transformation,METALURGICA GLOBAL S.A.P.I. DE C.V.,metalurgicaglobal.com.mx,Fernando Navarro,Chief Executive Officer (CEO),C_SUITE,EXECUTIVE,fnavarro@metalurgicaglobal.mx,VERIFIED,85,+529010289588,2026-09-06T14:31:01.675340+00:00
Industrial Manufacturing & Transformation,METALURGICA GLOBAL S.A.P.I. DE C.V.,metalurgicaglobal4.com,David López,Chief Technology Officer (CTO),C_SUITE,ENGINEERING_IT,dlópez@metalurgicaglobal4.com,VERIFIED,85,+526219775972,2026-09-06T14:31:01.675340+00:00
Industrial Manufacturing & Transformation,METALURGICA GLOBAL S.A.P.I. DE C.V.,metalurgicaglobal4.com,Rodrigo Hernández,Chief Operating Officer (COO),C_SUITE,OPERATIONS,rhernández@metalurgicaglobal2.com,VERIFIED,85,+529668119999,2026-09-06T14:31:01.675340+00:00
Industrial Manufacturing & Transformation,METALURGICA ESPECIALIZADA S.A.S.,metalurgicaespecia.com,Jorge Navarro,Chief Executive Officer (CEO),C_SUITE,EXECUTIVE,jnavarro@metalurgicaespecia.com,VERIFIED,85,+523392638495,2026-09-06T14:31:01.675340+00:00
Industrial Manufacturing & Transformation,METALURGICA ESPECIALIZADA 46 S.A.B. DE C.V.,metalurgicaespecia.mx,Adriana Treviño,Chief Financial Officer (CFO),C_SUITE,FINANCE,atreviño@metalurgicaespecia.mx,VERIFIED,85,+523354832963,2026-09-06T14:31:01.675340+00:00
Industrial Manufacturing & Transformation,METALURGICA ESPECIALIZADA S. DE R.L. DE C.V.,metalurgicaespecia.com.mx,Roberto Dominguez,Founder,FOUNDER,EXECUTIVE,rdominguez@metalurgicaespecia.com.mx,VERIFIED,85,+523382964830,2026-09-06T14:31:01.675340+00:00
Industrial Manufacturing & Transformation,TRANSFORMADORA INTERNACIONAL S.A.S.,transformadorainte.com.mx,Luis Mendoza,Founder,FOUNDER,EXECUTIVE,lmendoza@transformadorainte.com.mx,VERIFIED,85,+526613348742,2026-09-06T14:31:01.678587+00:00
Industrial Manufacturing & Transformation,TRANSFORMADORA INTERNACIONAL S.A.S.,transformadorainte.com.mx,Jorge Mendoza,Chief Operating Officer (COO),C_SUITE,OPERATIONS,jmendoza@transformadorainte.mx,VERIFIED,85,+527239429237,2026-09-06T14:31:01.678587+00:00
Industrial Manufacturing & Transformation,TRANSFORMADORA INTERNACIONAL S. DE R.L. DE C.V.,transformadorainte.mx,Claudia Ruiz,Chief Executive Officer (CEO),C_SUITE,EXECUTIVE,cruiz@transformadorainte.mx,VERIFIED,85,+524094180911,2026-09-06T14:31:01.678587+00:00
Industrial Manufacturing & Transformation,TRANSFORMADORA INTERNACIONAL S.C.,transformadorainte.com,David Vega,Chief Financial Officer (CFO),C_SUITE,FINANCE,dvega@transformadorainte.com,VERIFIED,85,+524478415291,2026-09-06T14:31:01.678587+00:00
Industrial Manufacturing & Transformation,METALURGICA INDUSTRIAL S. DE R.L. DE C.V.,metalurgicaindustr.com.mx,Hector Martínez,Chief Financial Officer (CFO),C_SUITE,FINANCE,hmartínez@metalurgicaindustr.com.mx,VERIFIED,85,+527619937705,2026-09-06T14:31:01.680594+00:00
Industrial Manufacturing & Transformation,METALURGICA INDUSTRIAL S.A.S.,metalurgicaindustr.com,Daniel González,Chief Operating Officer (COO),C_SUITE,OPERATIONS,dgonzález@metalurgicaindustr.com,VERIFIED,85,+526019340022,2026-09-06T14:31:01.680594+00:00
Industrial Manufacturing & Transformation,METALURGICA INDUSTRIAL S.A.S.,metalurgicaindustr.com,Alejandro García,Founder,FOUNDER,EXECUTIVE,agarcía@metalurgicaindustr.com,VERIFIED,85,+527021590978,2026-09-06T14:31:01.680594+00:00
Industrial Manufacturing & Transformation,TRANSFORMADORA ESPECIALIZADA S.C.,transformadoraespe.com.mx,Andrea Valenzuela,Chief Executive Officer (CEO),C_SUITE,EXECUTIVE,avalenzuela@transformadoraespe.com.mx,VERIFIED,85,+525956034467,2026-09-06T14:31:01.680594+00:00
Industrial Manufacturing & Transformation,TRANSFORMADORA ESPECIALIZADA S.A.S.,transformadoraespe.mx,David López,Chief Technology Officer (CTO),C_SUITE,ENGINEERING_IT,dlópez@transformadoraespe.mx,VERIFIED,85,+528014453377,2026-09-06T14:31:01.680594+00:00
Industrial Manufacturing & Transformation,TRANSFORMADORA ESPECIALIZADA S.A.S.,transformadoraespe.mx,Gabriel Benítez,Chief Financial Officer (CFO),C_SUITE,FINANCE,gbenítez@transformadoraespe.mx,VERIFIED,85,+524149960190,2026-09-06T14:31:01.680594+00:00
Industrial Manufacturing & Transformation,TRANSFORMADORA ESTRATEGICA S.A. DE C.V.,transformadoraestr.com,Gabriel Mendoza,Chief Technology Officer (CTO),C_SUITE,ENGINEERING_IT,gmendoza@transformadoraestr.com,VERIFIED,85,+526688201648,2026-09-06T14:31:01.680594+00:00
Industrial Manufacturing & Transformation,TRANSFORMADORA ESTRATEGICA S.A. DE C.V.,transformadoraestr.com,Luis Mendoza,Chief Executive Officer (CEO),C_SUITE,EXECUTIVE,lmendoza@transformadoraestr.com,VERIFIED,85,+525295437102,2026-09-06T14:31:01.680594+00:00
Industrial Manufacturing & Transformation,TRANSFORMADORA ESTRATEGICA S.A.S.,transformadoraestr.com.mx,Roberto Mendoza,Chief Revenue Officer (CRO),C_SUITE,SALES_MARKETING,rmendoza@transformadoraestr.com.mx,VERIFIED,85,+524182112310,2026-09-06T14:31:01.680594+00:00
Industrial Manufacturing & Transformation,METALURGICA INTERNACIONAL S.A. DE C.V.,metalurgicainterna.com,Claudia Morales,Chief Human Resources Officer (CHRO),C_SUITE,HR_PEOPLE,cmorales@metalurgicainterna.com,VERIFIED,85,+523348033150,2026-09-06T14:31:01.680594+00:00
Industrial Manufacturing & Transformation,METALURGICA NACIONAL S.A.B. DE C.V.,metalurgicanaciona.com,Fernando Hernández,Chief Financial Officer (CFO),C_SUITE,FINANCE,fhernández@metalurgicanaciona.com,VERIFIED,85,+527419062260,2026-09-06T14:31:01.682599+00:00
Industrial Manufacturing & Transformation,METALURGICA NACIONAL S.C.,metalurgicanaciona.mx,Claudia Garza,Chief Operating Officer (COO),C_SUITE,OPERATIONS,cgarza@metalurgicanaciona.mx,VERIFIED,85,+529917666888,2026-09-06T14:31:01.682599+00:00
Industrial Manufacturing & Transformation,TRANSFORMADORA INDUSTRIAL S.A. DE C.V.,transformadoraindu.com,Claudia Treviño,Founder,FOUNDER,EXECUTIVE,ctreviño@transformadoraindu.com,VERIFIED,85,+528184653405,2026-09-06T14:31:01.682599+00:00
Industrial Manufacturing & Transformation,TRANSFORMADORA INDUSTRIAL S.A. DE C.V.,transformadoraindu.com,Javier Villaseñor,Chief Technology Officer (CTO),C_SUITE,ENGINEERING_IT,jvillaseñor@transformadoraindu.com.mx,VERIFIED,85,+528169918571,2026-09-06T14:31:01.682599+00:00
Industrial Manufacturing & Transformation,TRANSFORMADORA INDUSTRIAL S.A.S.,transformadoraindu.mx,Luis Mendoza,Founder,FOUNDER,EXECUTIVE,lmendoza@transformadoraindu.mx,VERIFIED,85,+528195069674,2026-09-06T14:31:01.682599+00:00
Industrial Manufacturing & Transformation,TRANSFORMADORA AVANZADA S. DE R.L. DE C.V.,transformadoraavan.mx,Luis Alarcón,Chief Revenue Officer (CRO),C_SUITE,SALES_MARKETING,lalarcón@transformadoraavan.mx,VERIFIED,85,+529026026196,2026-09-06T14:31:01.682599+00:00
Industrial Manufacturing & Transformation,TRANSFORMADORA AVANZADA S. DE R.L. DE C.V.,transformadoraavan.mx,Adriana Vega,Founder,FOUNDER,EXECUTIVE,avega@transformadoraavan.mx,VERIFIED,85,+525444600333,2026-09-06T14:31:01.682599+00:00
Industrial Manufacturing & Transformation,TRANSFORMADORA AVANZADA S. DE R.L. DE C.V.,transformadoraavan.mx,Carlos Dominguez,Chief Revenue Officer (CRO),C_SUITE,SALES_MARKETING,cdominguez@transformadoraavan.com,VERIFIED,85,+528857815113,2026-09-06T14:31:01.682599+00:00
Industrial Manufacturing & Transformation,TRANSFORMADORA AVANZADA S. DE R.L. DE C.V.,transformadoraavan.mx,Carlos Morales,Chief Revenue Officer (CRO),C_SUITE,SALES_MARKETING,cmorales@transformadoraavan.com,VERIFIED,85,+525774190806,2026-09-06T14:31:01.682599+00:00
Industrial Manufacturing & Transformation,TRANSFORMADORA ESTRATEGICA S.A.S.,transformadoraestr.com,Claudia Mendoza,Chief Human Resources Officer (CHRO),C_SUITE,HR_PEOPLE,cmendoza@transformadoraestr.com,VERIFIED,85,+526311145242,2026-09-06T14:31:01.682599+00:00
Industrial Manufacturing & Transformation,TRANSFORMADORA ESTRATEGICA S.A.S.,transformadoraestr.com,Andrea Villaseñor,Founder,FOUNDER,EXECUTIVE,avillaseñor@transformadoraestr.com,VERIFIED,85,+525025121083,2026-09-06T14:31:01.682599+00:00
Industrial Manufacturing & Transformation,TRANSFORMADORA ESTRATEGICA S.A.S.,transformadoraestr.com,Andrea Benítez,Chief Executive Officer (CEO),C_SUITE,EXECUTIVE,abenítez@transformadoraestr.com,VERIFIED,85,+525629468510,2026-09-06T14:31:01.684606+00:00
Industrial Manufacturing & Transformation,TRANSFORMADORA DINAMICA 34 S.C.,transformadoradina.mx,David Navarro,Chief Executive Officer (CEO),C_SUITE,EXECUTIVE,dnavarro@transformadoradina.mx,VERIFIED,85,+529648305879,2026-09-06T14:31:01.684606+00:00
Industrial Manufacturing & Transformation,TRANSFORMADORA DINAMICA 34 S.C.,transformadoradina.mx,Carlos Vega,Chief Technology Officer (CTO),C_SUITE,ENGINEERING_IT,cvega@transformadoradina.mx,VERIFIED,85,+529794932431,2026-09-06T14:31:01.684606+00:00
Industrial Manufacturing & Transformation,TRANSFORMADORA DINAMICA S.A. DE C.V.,transformadoradina.com,Javier Navarro,Chief Technology Officer (CTO),C_SUITE,ENGINEERING_IT,jnavarro@transformadoradina.com,VERIFIED,85,+526422603546,2026-09-06T14:31:01.684606+00:00
Industrial Manufacturing & Transformation,TRANSFORMADORA DINAMICA S.A. DE C.V.,transformadoradina.com,Hector Navarro,Chief Executive Officer (CEO),C_SUITE,EXECUTIVE,hnavarro@transformadoradina.com,VERIFIED,85,+529657266235,2026-09-06T14:31:01.684606+00:00
Industrial Manufacturing & Transformation,TRANSFORMADORA DINAMICA S.A.B. DE C.V.,transformadoradina.com.mx,Hector Vega,Chief Human Resources Officer (CHRO),C_SUITE,HR_PEOPLE,hvega@transformadoradina.com.mx,VERIFIED,85,+524586241934,2026-09-06T14:31:01.684606+00:00
Industrial Manufacturing & Transformation,METALURGICA MEXICANA 46 S.A.B. DE C.V.,metalurgicamexican.com,Sofia González,Founder,FOUNDER,EXECUTIVE,sgonzález@metalurgicamexican.com,VERIFIED,85,+525313804133,2026-09-06T14:31:01.684606+00:00
Industrial Manufacturing & Transformation,METALURGICA MEXICANA S.C.,metalurgicamexican.mx,Guillermo González,Chief Revenue Officer (CRO),C_SUITE,SALES_MARKETING,ggonzález@metalurgicamexican.mx,VERIFIED,85,+527288334524,2026-09-06T14:31:01.684606+00:00
Industrial Manufacturing & Transformation,METALURGICA MEXICANA S.C.,metalurgicamexican.mx,Carlos Treviño,Chief Technology Officer (CTO),C_SUITE,ENGINEERING_IT,ctreviño@metalurgicamexican.mx,VERIFIED,85,+526349129700,2026-09-06T14:31:01.684606+00:00
Industrial Manufacturing & Transformation,METALURGICA ESPECIALIZADA S.A.S.,metalurgicaespecia.com.mx,Gabriel López,Chief Executive Officer (CEO),C_SUITE,EXECUTIVE,glópez@metalurgicaespecia.com.mx,VERIFIED,85,+524497043656,2026-09-06T14:31:01.684606+00:00
Industrial Manufacturing & Transformation,METALURGICA ESPECIALIZADA S.A. DE C.V.,metalurgicaespecia.mx,Adriana Morales,Founder,FOUNDER,EXECUTIVE,amorales@metalurgicaespecia.mx,VERIFIED,85,+524133742456,2026-09-06T14:31:01.684606+00:00
Industrial Manufacturing & Transformation,TRANSFORMADORA DE OCCIDENTE S.C.,transformadoradeoc.com.mx,Guillermo López,Founder,FOUNDER,EXECUTIVE,glópez@transformadoradeoc.com.mx,VERIFIED,85,+529171359437,2026-09-06T14:31:01.686610+00:00
Industrial Manufacturing & Transformation,TRANSFORMADORA DE OCCIDENTE S. DE R.L. DE C.V.,transformadoradeoc.mx,Roberto Valenzuela,Founder,FOUNDER,EXECUTIVE,rvalenzuela@transformadoradeoc.mx,VERIFIED,85,+528017748759,2026-09-06T14:31:01.686610+00:00
Industrial Manufacturing & Transformation,TRANSFORMADORA DE OCCIDENTE S. DE R.L. DE C.V.,transformadoradeoc.mx,Hector Ruiz,Founder,FOUNDER,EXECUTIVE,hruiz@transformadoradeoc.com,VERIFIED,85,+528419736816,2026-09-06T14:31:01.686610+00:00
Industrial Manufacturing & Transformation,TRANSFORMADORA DE LAS AMERICAS S.C.,transformadoradela.com.mx,Carlos Navarro,Chief Revenue Officer (CRO),C_SUITE,SALES_MARKETING,cnavarro@transformadoradela.com.mx,VERIFIED,85,+529450095989,2026-09-06T14:31:01.686610+00:00
Industrial Manufacturing & Transformation,TRANSFORMADORA DE LAS AMERICAS S.C.,transformadoradela.com.mx,Sofia Morales,Chief Human Resources Officer (CHRO),C_SUITE,HR_PEOPLE,smorales@transformadoradela.com.mx,VERIFIED,85,+529628161772,2026-09-06T14:31:01.686610+00:00
Industrial Manufacturing & Transformation,TRANSFORMADORA DE LAS AMERICAS S.A.B. DE C.V.,transformadoradela.com,Carlos Garza,Founder,FOUNDER,EXECUTIVE,cgarza@transformadoradela.com,VERIFIED,85,+529196894038,2026-09-06T14:31:01.686610+00:00
Industrial Manufacturing & Transformation,METALURGICA INTERNACIONAL S.A.P.I. DE C.V.,metalurgicainterna.mx,Eduardo Ruiz,Chief Human Resources Officer (CHRO),C_SUITE,HR_PEOPLE,eruiz@metalurgicainterna.mx,VERIFIED,85,+529631124895,2026-09-06T14:31:01.686610+00:00
Industrial Manufacturing & Transformation,METALURGICA INTERNACIONAL S.A.P.I. DE C.V.,metalurgicainterna.mx,Patricia Alarcón,Chief Financial Officer (CFO),C_SUITE,FINANCE,palarcón@metalurgicainterna.mx,VERIFIED,85,+528537638019,2026-09-06T14:31:01.686610+00:00
Industrial Manufacturing & Transformation,METALURGICA INTERNACIONAL S.A. DE C.V.,metalurgicainterna.com,Sofia Villaseñor,Chief Operating Officer (COO),C_SUITE,OPERATIONS,svillaseñor@metalurgicainterna.com,VERIFIED,85,+525022894302,2026-09-06T14:31:01.686610+00:00
Industrial Manufacturing & Transformation,METALURGICA INTERNACIONAL S.A. DE C.V.,metalurgicainterna.com,Mariana Ruiz,Chief Executive Officer (CEO),C_SUITE,EXECUTIVE,mruiz@metalurgicainterna.com,VERIFIED,85,+528244272215,2026-09-06T14:31:01.686610+00:00
Industrial Manufacturing & Transformation,METALURGICA INTERNACIONAL S.A. DE C.V.,metalurgicainterna.com,Carlos Hernández,Chief Technology Officer (CTO),C_SUITE,ENGINEERING_IT,chernández@metalurgicainterna.com.mx,VERIFIED,85,+528161461944,2026-09-06T14:31:01.686610+00:00
Industrial Manufacturing & Transformation,METALURGICA INTERNACIONAL S.A. DE C.V.,metalurgicainterna.com,Miguel Castro,Chief Executive Officer (CEO),C_SUITE,EXECUTIVE,mcastro@metalurgicainterna.com.mx,VERIFIED,85,+527025351675,2026-09-06T14:31:01.686610+00:00
Industrial Manufacturing & Transformation,TRANSFORMADORA DINAMICA S.A.B. DE C.V.,transformadoradina.mx,Javier Alarcón,Chief Executive Officer (CEO),C_SUITE,EXECUTIVE,jalarcón@transformadoradina.mx,VERIFIED,85,+524322340327,2026-09-06T14:31:01.688619+00:00
Industrial Manufacturing & Transformation,TRANSFORMADORA MEXICANA S.A.B. DE C.V.,transformadoramexi.mx,Rodrigo Dominguez,Chief Technology Officer (CTO),C_SUITE,ENGINEERING_IT,rdominguez@transformadoramexi.mx,VERIFIED,85,+523354938841,2026-09-06T14:31:01.690622+00:00
Industrial Manufacturing & Transformation,TRANSFORMADORA MEXICANA S.A.B. DE C.V.,transformadoramexi.mx,David Salinas,Chief Human Resources Officer (CHRO),C_SUITE,HR_PEOPLE,dsalinas@transformadoramexi.mx,VERIFIED,85,+523372708745,2026-09-06T14:31:01.690622+00:00
Industrial Manufacturing & Transformation,TRANSFORMADORA MEXICANA S.A.P.I. DE C.V.,transformadoramexi.com.mx,Claudia Castro,Chief Executive Officer (CEO),C_SUITE,EXECUTIVE,ccastro@transformadoramexi.com.mx,VERIFIED,85,+523357308447,2026-09-06T14:31:01.690622+00:00
Industrial Manufacturing & Transformation,TRANSFORMADORA MEXICANA S.A.B. DE C.V.,transformadoramexi.com,Daniel Ruiz,Chief Technology Officer (CTO),C_SUITE,ENGINEERING_IT,druiz@transformadoramexi.com,VERIFIED,85,+523329884569,2026-09-06T14:31:01.690622+00:00
Industrial Manufacturing & Transformation,METALURGICA DE LAS AMERICAS S. DE R.L. DE C.V.,metalurgicadelasam.com.mx,Daniel Garza,Chief Executive Officer (CEO),C_SUITE,EXECUTIVE,dgarza@metalurgicadelasam.com.mx,VERIFIED,85,+525474865887,2026-09-06T14:31:01.690622+00:00
Industrial Manufacturing & Transformation,METALURGICA DE LAS AMERICAS S. DE R.L. DE C.V.,metalurgicadelasam.com,Luis Mendoza,Chief Executive Officer (CEO),C_SUITE,EXECUTIVE,lmendoza@metalurgicadelasam.com,VERIFIED,85,+525643940100,2026-09-06T14:31:01.690622+00:00
Industrial Manufacturing & Transformation,METALURGICA DE OCCIDENTE 96 S.A. DE C.V.,metalurgicadeoccid.com,Gabriel Ruiz,Chief Executive Officer (CEO),C_SUITE,EXECUTIVE,gruiz@metalurgicadeoccid.com,VERIFIED,85,+528597163774,2026-09-06T14:31:01.690622+00:00
Industrial Manufacturing & Transformation,METALURGICA DE OCCIDENTE S.A. DE C.V.,metalurgicadeoccid.com.mx,Eduardo Castro,Chief Technology Officer (CTO),C_SUITE,ENGINEERING_IT,ecastro@metalurgicadeoccid.com.mx,VERIFIED,85,+526860281281,2026-09-06T14:31:01.690622+00:00
Industrial Manufacturing & Transformation,METALURGICA DE OCCIDENTE S.A. DE C.V.,metalurgicadeoccid.com.mx,Adriana Castro,Founder,FOUNDER,EXECUTIVE,acastro@metalurgicadeoccid.mx,VERIFIED,85,+529253440206,2026-09-06T14:31:01.690622+00:00
Industrial Manufacturing & Transformation,TRANSFORMADORA CENTRAL S.A.S.,transformadoracent.com.mx,Mariana Garza,Chief Executive Officer (CEO),C_SUITE,EXECUTIVE,mgarza@transformadoracent.com.mx,VERIFIED,85,+528123830666,2026-09-06T14:31:01.692827+00:00
Industrial Manufacturing & Transformation,TRANSFORMADORA CENTRAL S.A.S.,transformadoracent.com.mx,Miguel García,Chief Executive Officer (CEO),C_SUITE,EXECUTIVE,mgarcía@transformadoracent.com.mx,VERIFIED,85,+524022474588,2026-09-06T14:31:01.692827+00:00
Industrial Manufacturing & Transformation,TRANSFORMADORA CENTRAL S.A.P.I. DE C.V.,transformadoracent.mx,Rodrigo Villaseñor,Founder,FOUNDER,EXECUTIVE,rvillaseñor@transformadoracent.mx,VERIFIED,85,+528146103818,2026-09-06T14:31:01.692827+00:00
Industrial Manufacturing & Transformation,TRANSFORMADORA CENTRAL S.A.P.I. DE C.V.,transformadoracent.mx,Luis Hernández,Chief Financial Officer (CFO),C_SUITE,FINANCE,lhernández@transformadoracent.mx,VERIFIED,85,+527992338466,2026-09-06T14:31:01.692827+00:00
Industrial Manufacturing & Transformation,METALURGICA EMPRESARIAL S.A. DE C.V.,metalurgicaempresa.mx,Gabriel Dominguez,Chief Executive Officer (CEO),C_SUITE,EXECUTIVE,gdominguez@metalurgicaempresa.mx,VERIFIED,85,+528440631151,2026-09-06T14:31:01.692827+00:00
Industrial Manufacturing & Transformation,METALURGICA EMPRESARIAL S.A. DE C.V.,metalurgicaempresa.mx,Miguel Navarro,Chief Financial Officer (CFO),C_SUITE,FINANCE,mnavarro@metalurgicaempresa.mx,VERIFIED,85,+528326755778,2026-09-06T14:31:01.692827+00:00
Industrial Manufacturing & Transformation,METALURGICA EMPRESARIAL S.A.S.,metalurgicaempresa.com,Andrea Benítez,Chief Revenue Officer (CRO),C_SUITE,SALES_MARKETING,abenítez@metalurgicaempresa.com,VERIFIED,85,+525015263741,2026-09-06T14:31:01.692827+00:00
Industrial Manufacturing & Transformation,TRANSFORMADORA DINAMICA S. DE R.L. DE C.V.,transformadoradina.com.mx,Mariana Morales,Founder,FOUNDER,EXECUTIVE,mmorales@transformadoradina.com.mx,VERIFIED,85,+527521660723,2026-09-06T14:31:01.694588+00:00
Industrial Manufacturing & Transformation,TRANSFORMADORA DINAMICA S.A.P.I. DE C.V.,transformadoradina.mx,Eduardo Valenzuela,Chief Technology Officer (CTO),C_SUITE,ENGINEERING_IT,evalenzuela@transformadoradina.mx,VERIFIED,85,+524311579840,2026-09-06T14:31:01.694588+00:00
Industrial Manufacturing & Transformation,TRANSFORMADORA MEXICANA S.A.S.,transformadoramexi.com.mx,Roberto Ruiz,Chief Technology Officer (CTO),C_SUITE,ENGINEERING_IT,rruiz@transformadoramexi.com.mx,VERIFIED,85,+528886670233,2026-09-06T14:31:01.694588+00:00
Industrial Manufacturing & Transformation,TRANSFORMADORA MEXICANA S.A.S.,transformadoramexi.com.mx,Hector Benítez,Chief Human Resources Officer (CHRO),C_SUITE,HR_PEOPLE,hbenítez@transformadoramexi.com.mx,VERIFIED,85,+527052143404,2026-09-06T14:31:01.694588+00:00
Industrial Manufacturing & Transformation,TRANSFORMADORA MEXICANA 7 S.C.,transformadoramexi.com,Fernando Vega,Chief Operating Officer (COO),C_SUITE,OPERATIONS,fvega@transformadoramexi.com,VERIFIED,85,+526878096070,2026-09-06T14:31:01.694588+00:00
Industrial Manufacturing & Transformation,TRANSFORMADORA MEXICANA 7 S.C.,transformadoramexi.com,Fernando Alarcón,Chief Executive Officer (CEO),C_SUITE,EXECUTIVE,falarcón@transformadoramexi.com,VERIFIED,85,+524637535730,2026-09-06T14:31:01.694588+00:00
Industrial Manufacturing & Transformation,TRANSFORMADORA MEXICANA 7 S.C.,transformadoramexi.com,Carlos Hernández,Chief Technology Officer (CTO),C_SUITE,ENGINEERING_IT,chernández@transformadoramexi.com,VERIFIED,85,+525632367539,2026-09-06T14:31:01.694588+00:00
Industrial Manufacturing & Transformation,TRANSFORMADORA MEXICANA S.A.P.I. DE C.V.,transformadoramexi.mx,Andrea Valenzuela,Chief Technology Officer (CTO),C_SUITE,ENGINEERING_IT,avalenzuela@transformadoramexi.mx,VERIFIED,85,+525426258804,2026-09-06T14:31:01.694588+00:00
Industrial Manufacturing & Transformation,METALURGICA INTEGRAL S.A.S.,metalurgicaintegra.mx,Roberto Vega,Chief Operating Officer (COO),C_SUITE,OPERATIONS,rvega@metalurgicaintegra.mx,VERIFIED,85,+527420428599,2026-09-06T14:31:01.697554+00:00
Industrial Manufacturing & Transformation,METALURGICA INTEGRAL 26 S. DE R.L. DE C.V.,metalurgicaintegra.com,Rodrigo Treviño,Chief Operating Officer (COO),C_SUITE,OPERATIONS,rtreviño@metalurgicaintegra.com,VERIFIED,85,+525140092948,2026-09-06T14:31:01.697554+00:00
Industrial Manufacturing & Transformation,METALURGICA INTEGRAL 26 S. DE R.L. DE C.V.,metalurgicaintegra.com,Roberto Morales,Chief Human Resources Officer (CHRO),C_SUITE,HR_PEOPLE,rmorales@metalurgicaintegra.com,VERIFIED,85,+527187160136,2026-09-06T14:31:01.697554+00:00
Industrial Manufacturing & Transformation,TRANSFORMADORA NACIONAL S.A. DE C.V.,transformadoranaci.com.mx,Claudia Navarro,Founder,FOUNDER,EXECUTIVE,cnavarro@transformadoranaci.com.mx,VERIFIED,85,+525456543504,2026-09-06T14:31:01.697554+00:00
Industrial Manufacturing & Transformation,TRANSFORMADORA NACIONAL S.A. DE C.V.,transformadoranaci.com.mx,Patricia Mendoza,Chief Technology Officer (CTO),C_SUITE,ENGINEERING_IT,pmendoza@transformadoranaci.com.mx,VERIFIED,85,+525554506911,2026-09-06T14:31:01.697554+00:00
Industrial Manufacturing & Transformation,TRANSFORMADORA NACIONAL S. DE R.L. DE C.V.,transformadoranaci.mx,Adriana Morales,Chief Human Resources Officer (CHRO),C_SUITE,HR_PEOPLE,amorales@transformadoranaci.mx,VERIFIED,85,+525441501288,2026-09-06T14:31:01.697554+00:00
Industrial Manufacturing & Transformation,TRANSFORMADORA NACIONAL S. DE R.L. DE C.V.,transformadoranaci.mx,Jorge Villaseñor,Chief Financial Officer (CFO),C_SUITE,FINANCE,jvillaseñor@transformadoranaci.mx,VERIFIED,85,+527536253674,2026-09-06T14:31:01.697554+00:00
Industrial Manufacturing & Transformation,TRANSFORMADORA NACIONAL S. DE R.L. DE C.V.,transformadoranaci.mx,Andrea Navarro,Chief Operating Officer (COO),C_SUITE,OPERATIONS,anavarro@transformadoranaci.mx,VERIFIED,85,+526888888072,2026-09-06T14:31:01.697554+00:00
Industrial Manufacturing & Transformation,METALURGICA ESPECIALIZADA S.A.P.I. DE C.V.,metalurgicaespecia.com.mx,Adriana Benítez,Chief Revenue Officer (CRO),C_SUITE,SALES_MARKETING,abenítez@metalurgicaespecia.com.mx,VERIFIED,85,+529224060977,2026-09-06T14:31:01.697554+00:00
Industrial Manufacturing & Transformation,METALURGICA NACIONAL S.A.B. DE C.V.,metalurgicanaciona.mx,Daniel Ruiz,Founder,FOUNDER,EXECUTIVE,druiz@metalurgicanaciona.mx,VERIFIED,85,+528169252577,2026-09-06T14:31:01.697554+00:00
Industrial Manufacturing & Transformation,METALURGICA NACIONAL S.A.B. DE C.V.,metalurgicanaciona.mx,Carlos García,Founder,FOUNDER,EXECUTIVE,cgarcía@metalurgicanaciona.mx,VERIFIED,85,+528133740187,2026-09-06T14:31:01.697554+00:00
Industrial Manufacturing & Transformation,METALURGICA NACIONAL S.A.P.I. DE C.V.,metalurgicanaciona.com,Miguel Alarcón,Chief Operating Officer (COO),C_SUITE,OPERATIONS,malarcón@metalurgicanaciona.com,VERIFIED,85,+528159229045,2026-09-06T14:31:01.697554+00:00
Industrial Manufacturing & Transformation,METALURGICA NACIONAL S.A.B. DE C.V.,metalurgicanaciona.com.mx,Mariana Treviño,Chief Executive Officer (CEO),C_SUITE,EXECUTIVE,mtreviño@metalurgicanaciona.com.mx,VERIFIED,85,+528163486719,2026-09-06T14:31:01.697554+00:00
Industrial Manufacturing & Transformation,TRANSFORMADORA ESTRATEGICA S.A.P.I. DE C.V.,transformadoraestr.mx,Gabriel Benítez,Chief Financial Officer (CFO),C_SUITE,FINANCE,gbenítez@transformadoraestr.mx,VERIFIED,85,+524021840414,2026-09-06T14:31:01.697554+00:00
Industrial Manufacturing & Transformation,TRANSFORMADORA ESTRATEGICA S.A.P.I. DE C.V.,transformadoraestr.mx,Mariana Garza,Chief Executive Officer (CEO),C_SUITE,EXECUTIVE,mgarza@transformadoraestr.mx,VERIFIED,85,+527254620233,2026-09-06T14:31:01.697554+00:00
Industrial Manufacturing & Transformation,TRANSFORMADORA ESTRATEGICA S.A.P.I. DE C.V.,transformadoraestr.mx,Guillermo Ruiz,Chief Operating Officer (COO),C_SUITE,OPERATIONS,gruiz@transformadoraestr.com,VERIFIED,85,+525872485440,2026-09-06T14:31:01.697554+00:00
Industrial Manufacturing & Transformation,TRANSFORMADORA ESTRATEGICA S.A.P.I. DE C.V.,transformadoraestr.mx,Alejandro Villaseñor,Chief Operating Officer (COO),C_SUITE,OPERATIONS,avillaseñor@transformadoraestr.com.mx,VERIFIED,85,+526033104422,2026-09-06T14:31:01.697554+00:00
Industrial Manufacturing & Transformation,TRANSFORMADORA ESTRATEGICA S.A.P.I. DE C.V.,transformadoraestr.com.mx,Guillermo Martínez,Chief Revenue Officer (CRO),C_SUITE,SALES_MARKETING,gmartínez@transformadoraestr.com.mx,VERIFIED,85,+529572313146,2026-09-06T14:31:01.697554+00:00
Industrial Manufacturing & Transformation,METALURGICA EMPRESARIAL S. DE R.L. DE C.V.,metalurgicaempresa.mx,Eduardo Martínez,Chief Revenue Officer (CRO),C_SUITE,SALES_MARKETING,emartínez@metalurgicaempresa.mx,VERIFIED,85,+528124423706,2026-09-06T14:31:01.697554+00:00
Industrial Manufacturing & Transformation,METALURGICA EMPRESARIAL S. DE R.L. DE C.V.,metalurgicaempresa.mx,Rodrigo Benítez,Chief Financial Officer (CFO),C_SUITE,FINANCE,rbenítez@metalurgicaempresa.mx,VERIFIED,85,+528187811340,2026-09-06T14:31:01.697554+00:00
Industrial Manufacturing & Transformation,METALURGICA EMPRESARIAL S. DE R.L. DE C.V.,metalurgicaempresa.mx,Hector García,Chief Human Resources Officer (CHRO),C_SUITE,HR_PEOPLE,hgarcía@metalurgicaempresa.com.mx,VERIFIED,85,+528139032980,2026-09-06T14:31:01.697554+00:00
Industrial Manufacturing & Transformation,METALURGICA EMPRESARIAL S. DE R.L. DE C.V.,metalurgicaempresa.com.mx,Mariana Hernández,Chief Human Resources Officer (CHRO),C_SUITE,HR_PEOPLE,mhernández@metalurgicaempresa.com.mx,VERIFIED,85,+528128724491,2026-09-06T14:31:01.697554+00:00
Industrial Manufacturing & Transformation,METALURGICA EMPRESARIAL S. DE R.L. DE C.V.,metalurgicaempresa.com.mx,Sofia Castro,Chief Financial Officer (CFO),C_SUITE,FINANCE,scastro@metalurgicaempresa.com.mx,VERIFIED,85,+528193593140,2026-09-06T14:31:01.697554+00:00
Industrial Manufacturing & Transformation,TRANSFORMADORA EMPRESARIAL S.A. DE C.V.,transformadoraempr.mx,Andrea López,Chief Human Resources Officer (CHRO),C_SUITE,HR_PEOPLE,alópez@transformadoraempr.mx,VERIFIED,85,+528136780831,2026-09-06T14:31:01.697554+00:00
Industrial Manufacturing & Transformation,TRANSFORMADORA EMPRESARIAL S.A. DE C.V.,transformadoraempr.mx,Guillermo López,Chief Technology Officer (CTO),C_SUITE,ENGINEERING_IT,glópez@transformadoraempr.com,VERIFIED,85,+524395528704,2026-09-06T14:31:01.697554+00:00
Industrial Manufacturing & Transformation,TRANSFORMADORA EMPRESARIAL S.A. DE C.V.,transformadoraempr.mx,Alejandro García,Chief Revenue Officer (CRO),C_SUITE,SALES_MARKETING,agarcía@transformadoraempr.mx,VERIFIED,85,+524453556390,2026-09-06T14:31:01.697554+00:00
Industrial Manufacturing & Transformation,TRANSFORMADORA EMPRESARIAL S.A. DE C.V.,transformadoraempr.com,Carlos Treviño,Chief Operating Officer (COO),C_SUITE,OPERATIONS,ctreviño@transformadoraempr.com,VERIFIED,85,+527924587604,2026-09-06T14:31:01.697554+00:00
Industrial Manufacturing & Transformation,TRANSFORMADORA EMPRESARIAL S.A. DE C.V.,transformadoraempr.com,Sofia Salinas,Chief Operating Officer (COO),C_SUITE,OPERATIONS,ssalinas@transformadoraempr.com.mx,VERIFIED,85,+525972098748,2026-09-06T14:31:01.697554+00:00
Industrial Manufacturing & Transformation,TRANSFORMADORA EMPRESARIAL S.A. DE C.V.,transformadoraempr.com,Sofia Treviño,Chief Executive Officer (CEO),C_SUITE,EXECUTIVE,streviño@transformadoraempr.com.mx,VERIFIED,85,+527084324278,2026-09-06T14:31:01.697554+00:00
Industrial Manufacturing & Transformation,TRANSFORMADORA EMPRESARIAL S.A.S.,transformadoraempr.com.mx,Gabriel López,Chief Technology Officer (CTO),C_SUITE,ENGINEERING_IT,glópez@transformadoraempr.com.mx,VERIFIED,85,+525913826167,2026-09-06T14:31:01.697554+00:00
Industrial Manufacturing & Transformation,TRANSFORMADORA EMPRESARIAL S.A.S.,transformadoraempr.com.mx,Andrea Treviño,Chief Executive Officer (CEO),C_SUITE,EXECUTIVE,atreviño@transformadoraempr.com.mx,VERIFIED,85,+525617797602,2026-09-06T14:31:01.697554+00:00
Industrial Manufacturing & Transformation,METALURGICA INDUSTRIAL S.C.,metalurgicaindustr.com.mx,Javier González,Chief Executive Officer (CEO),C_SUITE,EXECUTIVE,jgonzález@metalurgicaindustr.com.mx,VERIFIED,85,+526983603051,2026-09-06T14:31:01.697554+00:00
Industrial Manufacturing & Transformation,METALURGICA INDUSTRIAL S.C.,metalurgicaindustr.com.mx,Luis Valenzuela,Founder,FOUNDER,EXECUTIVE,lvalenzuela@metalurgicaindustr.com.mx,VERIFIED,85,+525180898298,2026-09-06T14:31:01.697554+00:00
Industrial Manufacturing & Transformation,METALURGICA INDUSTRIAL S.C.,metalurgicaindustr.com.mx,Jorge Mendoza,Chief Operating Officer (COO),C_SUITE,OPERATIONS,jmendoza@metalurgicaindustr.com.mx,VERIFIED,85,+529310326162,2026-09-06T14:31:01.697554+00:00
Industrial Manufacturing & Transformation,METALURGICA INDUSTRIAL S.C.,metalurgicaindustr.com.mx,Claudia Villaseñor,Chief Technology Officer (CTO),C_SUITE,ENGINEERING_IT,cvillaseñor@metalurgicaindustr.com.mx,VERIFIED,85,+527859250734,2026-09-06T14:31:01.697554+00:00
Industrial Manufacturing & Transformation,METALURGICA EMPRESARIAL S.C.,metalurgicaempresa.com,Daniel Hernández,Chief Executive Officer (CEO),C_SUITE,EXECUTIVE,dhernández@metalurgicaempresa.com,VERIFIED,85,+526921369548,2026-09-06T14:31:01.697554+00:00
Industrial Manufacturing & Transformation,METALURGICA EMPRESARIAL S.C.,metalurgicaempresa.com,Hector Hernández,Chief Executive Officer (CEO),C_SUITE,EXECUTIVE,hhernández@metalurgicaempresa.com,VERIFIED,85,+526230562117,2026-09-06T14:31:01.697554+00:00
Industrial Manufacturing & Transformation,METALURGICA EMPRESARIAL 85 S.A.S.,metalurgicaempresa.mx,David García,Chief Human Resources Officer (CHRO),C_SUITE,HR_PEOPLE,dgarcía@metalurgicaempresa.mx,VERIFIED,85,+529210156493,2026-09-06T14:31:01.697554+00:00
Industrial Manufacturing & Transformation,METALURGICA MODERNA S. DE R.L. DE C.V.,metalurgicamoderna.com,Daniel Castro,Chief Technology Officer (CTO),C_SUITE,ENGINEERING_IT,dcastro@metalurgicamoderna.com,VERIFIED,85,+524333096084,2026-09-06T14:31:01.697554+00:00
Industrial Manufacturing & Transformation,METALURGICA MODERNA S. DE R.L. DE C.V.,metalurgicamoderna.com,Daniel Martínez,Chief Human Resources Officer (CHRO),C_SUITE,HR_PEOPLE,dmartínez@metalurgicamoderna.com,VERIFIED,85,+525458798369,2026-09-06T14:31:01.697554+00:00
Industrial Manufacturing & Transformation,METALURGICA MODERNA S. DE R.L. DE C.V.,metalurgicamoderna.com,Roberto Benítez,Chief Executive Officer (CEO),C_SUITE,EXECUTIVE,rbenítez@metalurgicamoderna.com,VERIFIED,85,+525329003958,2026-09-06T14:31:01.697554+00:00
Industrial Manufacturing & Transformation,METALURGICA MODERNA S. DE R.L. DE C.V.,metalurgicamoderna.com,Andrea Martínez,Chief Revenue Officer (CRO),C_SUITE,SALES_MARKETING,amartínez@metalurgicamoderna.mx,VERIFIED,85,+525858296915,2026-09-06T14:31:01.697554+00:00
Industrial Manufacturing & Transformation,METALURGICA MODERNA S.A.P.I. DE C.V.,metalurgicamoderna.mx,Hector Valenzuela,Chief Revenue Officer (CRO),C_SUITE,SALES_MARKETING,hvalenzuela@metalurgicamoderna.mx,VERIFIED,85,+525360469770,2026-09-06T14:31:01.697554+00:00
Industrial Manufacturing & Transformation,METALURGICA MODERNA S.A.P.I. DE C.V.,metalurgicamoderna.mx,Sofia Martínez,Founder,FOUNDER,EXECUTIVE,smartínez@metalurgicamoderna.mx,VERIFIED,85,+525295340015,2026-09-06T14:31:01.697554+00:00
Industrial Manufacturing & Transformation,METALURGICA MODERNA S.A.P.I. DE C.V.,metalurgicamoderna.mx,Claudia Hernández,Chief Revenue Officer (CRO),C_SUITE,SALES_MARKETING,chernández@metalurgicamoderna.com.mx,VERIFIED,85,+525668306427,2026-09-06T14:31:01.697554+00:00
Industrial Manufacturing & Transformation,TRANSFORMADORA LATINOAMERICANA S. DE R.L. DE C.V.,transformadoralati.com.mx,Fernando Mendoza,Chief Operating Officer (COO),C_SUITE,OPERATIONS,fmendoza@transformadoralati.com.mx,VERIFIED,85,+529580993260,2026-09-06T14:31:01.697554+00:00
Industrial Manufacturing & Transformation,TRANSFORMADORA LATINOAMERICANA S. DE R.L. DE C.V.,transformadoralati.com.mx,Fernando Salinas,Founder,FOUNDER,EXECUTIVE,fsalinas@transformadoralati.mx,VERIFIED,85,+525183096473,2026-09-06T14:31:01.697554+00:00
Industrial Manufacturing & Transformation,TRANSFORMADORA LATINOAMERICANA S. DE R.L. DE C.V.,transformadoralati.com.mx,David Mendoza,Chief Executive Officer (CEO),C_SUITE,EXECUTIVE,dmendoza@transformadoralati.com.mx,VERIFIED,85,+527084621713,2026-09-06T14:31:01.697554+00:00
Industrial Manufacturing & Transformation,TRANSFORMADORA LATINOAMERICANA S.A.B. DE C.V.,transformadoralati.com,Rodrigo Benítez,Chief Operating Officer (COO),C_SUITE,OPERATIONS,rbenítez@transformadoralati.com,VERIFIED,85,+524730240431,2026-09-06T14:31:01.697554+00:00
Industrial Manufacturing & Transformation,TRANSFORMADORA NACIONAL 42 S.C.,transformadoranaci.com.mx,Luis Alarcón,Chief Operating Officer (COO),C_SUITE,OPERATIONS,lalarcón@transformadoranaci.com.mx,VERIFIED,85,+528122732617,2026-09-06T14:31:01.697554+00:00
Industrial Manufacturing & Transformation,TRANSFORMADORA NACIONAL 42 S.C.,transformadoranaci.com.mx,Sofia Mendoza,Chief Human Resources Officer (CHRO),C_SUITE,HR_PEOPLE,smendoza@transformadoranaci.com.mx,VERIFIED,85,+525959782089,2026-09-06T14:31:01.697554+00:00
Industrial Manufacturing & Transformation,METALURGICA INDUSTRIAL 99 S. DE R.L. DE C.V.,metalurgicaindustr.mx,Mariana Dominguez,Chief Technology Officer (CTO),C_SUITE,ENGINEERING_IT,mdominguez@metalurgicaindustr.mx,VERIFIED,85,+526123254716,2026-09-06T14:31:01.697554+00:00
Industrial Manufacturing & Transformation,TRANSFORMADORA ESTRATEGICA S.A.S.,transformadoraestr.com.mx,Javier García,Chief Human Resources Officer (CHRO),C_SUITE,HR_PEOPLE,jgarcía@transformadoraestr.com.mx,VERIFIED,85,+529792876931,2026-09-06T14:31:01.697554+00:00
Industrial Manufacturing & Transformation,TRANSFORMADORA ESTRATEGICA S.A.B. DE C.V.,transformadoraestr.mx,Fernando Salinas,Chief Operating Officer (COO),C_SUITE,OPERATIONS,fsalinas@transformadoraestr.mx,VERIFIED,85,+527542787176,2026-09-06T14:31:01.697554+00:00
Industrial Manufacturing & Transformation,TRANSFORMADORA NACIONAL S. DE R.L. DE C.V.,transformadoranaci.mx,Sofia Navarro,Chief Financial Officer (CFO),C_SUITE,FINANCE,snavarro@transformadoranaci.mx,VERIFIED,85,+523333671028,2026-09-06T14:31:01.697554+00:00
Industrial Manufacturing & Transformation,TRANSFORMADORA NACIONAL S. DE R.L. DE C.V.,transformadoranaci.mx,Daniel Navarro,Chief Human Resources Officer (CHRO),C_SUITE,HR_PEOPLE,dnavarro@transformadoranaci.mx,VERIFIED,85,+523357347813,2026-09-06T14:31:01.697554+00:00
Industrial Manufacturing & Transformation,TRANSFORMADORA NACIONAL S. DE R.L. DE C.V.,transformadoranaci.mx,Miguel Garza,Chief Executive Officer (CEO),C_SUITE,EXECUTIVE,mgarza@transformadoranaci.mx,VERIFIED,85,+523315831985,2026-09-06T14:31:01.697554+00:00
Industrial Manufacturing & Transformation,TRANSFORMADORA NACIONAL 73 S.A.P.I. DE C.V.,transformadoranaci.com.mx,Jorge Castro,Chief Executive Officer (CEO),C_SUITE,EXECUTIVE,jcastro@transformadoranaci.com.mx,VERIFIED,85,+523329323086,2026-09-06T14:31:01.697554+00:00
Industrial Manufacturing & Transformation,TRANSFORMADORA EMPRESARIAL S.A.S.,transformadoraempr.com.mx,Jorge Garza,Chief Executive Officer (CEO),C_SUITE,EXECUTIVE,jgarza@transformadoraempr.com.mx,VERIFIED,85,+526126792730,2026-09-06T14:31:01.697554+00:00
Industrial Manufacturing & Transformation,TRANSFORMADORA MEXICANA 53 S.A.S.,transformadoramexi.mx,Hector Ruiz,Chief Operating Officer (COO),C_SUITE,OPERATIONS,hruiz@transformadoramexi.mx,VERIFIED,85,+526362466604,2026-09-06T14:31:01.697554+00:00
Industrial Manufacturing & Transformation,TRANSFORMADORA MEXICANA 53 S.A.S.,transformadoramexi.mx,Javier Navarro,Chief Technology Officer (CTO),C_SUITE,ENGINEERING_IT,jnavarro@transformadoramexi.mx,VERIFIED,85,+525242633543,2026-09-06T14:31:01.697554+00:00
Industrial Manufacturing & Transformation,TRANSFORMADORA MEXICANA 80 S.A.B. DE C.V.,transformadoramexi.com,Andrea Hernández,Chief Financial Officer (CFO),C_SUITE,FINANCE,ahernández@transformadoramexi.com,VERIFIED,85,+529632976963,2026-09-06T14:31:01.697554+00:00
Industrial Manufacturing & Transformation,METALURGICA DE OCCIDENTE S. DE R.L. DE C.V.,metalurgicadeoccid.com.mx,Luis García,Chief Revenue Officer (CRO),C_SUITE,SALES_MARKETING,lgarcía@metalurgicadeoccid.com.mx,VERIFIED,85,+524834210880,2026-09-06T14:31:01.697554+00:00
Industrial Manufacturing & Transformation,METALURGICA DE LAS AMERICAS S.A.S.,metalurgicadelasam.com.mx,Rodrigo Mendoza,Chief Executive Officer (CEO),C_SUITE,EXECUTIVE,rmendoza@metalurgicadelasam.com.mx,VERIFIED,85,+524235294587,2026-09-06T14:31:01.697554+00:00
Industrial Manufacturing & Transformation,METALURGICA DE OCCIDENTE S.A. DE C.V.,metalurgicadeoccid.com,Adriana Navarro,Founder,FOUNDER,EXECUTIVE,anavarro@metalurgicadeoccid.com,VERIFIED,85,+526711765436,2026-09-06T14:31:01.697554+00:00
Industrial Manufacturing & Transformation,TRANSFORMADORA ESPECIALIZADA S.A.S.,transformadoraespe.mx,David Castro,Chief Revenue Officer (CRO),C_SUITE,SALES_MARKETING,dcastro@transformadoraespe.mx,VERIFIED,85,+526590308969,2026-09-06T14:31:01.697554+00:00
Industrial Manufacturing & Transformation,TRANSFORMADORA ESPECIALIZADA S.A.S.,transformadoraespe.mx,Luis López,Chief Human Resources Officer (CHRO),C_SUITE,HR_PEOPLE,llópez@transformadoraespe.com.mx,VERIFIED,85,+526081947758,2026-09-06T14:31:01.697554+00:00
Industrial Manufacturing & Transformation,TRANSFORMADORA ESPECIALIZADA S.A. DE C.V.,transformadoraespe.com.mx,Jorge Treviño,Chief Financial Officer (CFO),C_SUITE,FINANCE,jtreviño@transformadoraespe.com.mx,VERIFIED,85,+525773485944,2026-09-06T14:31:01.706792+00:00
Industrial Manufacturing & Transformation,TRANSFORMADORA ESPECIALIZADA S. DE R.L. DE C.V.,transformadoraespe.com,Andrea Treviño,Chief Human Resources Officer (CHRO),C_SUITE,HR_PEOPLE,atreviño@transformadoraespe.com,VERIFIED,85,+524895419446,2026-09-06T14:31:01.706792+00:00
Industrial Manufacturing & Transformation,METALURGICA MEXICANA S.A. DE C.V.,metalurgicamexican.com,Rodrigo Villaseñor,Chief Technology Officer (CTO),C_SUITE,ENGINEERING_IT,rvillaseñor@metalurgicamexican.com,VERIFIED,85,+526190781678,2026-09-06T14:31:01.706792+00:00
Industrial Manufacturing & Transformation,METALURGICA MEXICANA S.A. DE C.V.,metalurgicamexican.com,Alejandro García,Chief Executive Officer (CEO),C_SUITE,EXECUTIVE,agarcía@metalurgicamexican.com,VERIFIED,85,+526642921406,2026-09-06T14:31:01.706792+00:00
Industrial Manufacturing & Transformation,METALURGICA MEXICANA S.A. DE C.V.,metalurgicamexican.com,Patricia Navarro,Chief Operating Officer (COO),C_SUITE,OPERATIONS,pnavarro@metalurgicamexican.mx,VERIFIED,85,+526261336915,2026-09-06T14:31:01.706792+00:00
Industrial Manufacturing & Transformation,METALURGICA MEXICANA S.A.P.I. DE C.V.,metalurgicamexican.com.mx,Carlos Mendoza,Chief Executive Officer (CEO),C_SUITE,EXECUTIVE,cmendoza@metalurgicamexican.com.mx,VERIFIED,85,+529078319572,2026-09-06T14:31:01.706792+00:00
Industrial Manufacturing & Transformation,METALURGICA ESPECIALIZADA 19 S.A.S.,metalurgicaespecia.com,Hector Salinas,Chief Technology Officer (CTO),C_SUITE,ENGINEERING_IT,hsalinas@metalurgicaespecia.com,VERIFIED,85,+524040581343,2026-09-06T14:31:01.706792+00:00
Industrial Manufacturing & Transformation,METALURGICA ESPECIALIZADA 19 S.A.S.,metalurgicaespecia.com,Jorge Alarcón,Chief Executive Officer (CEO),C_SUITE,EXECUTIVE,jalarcón@metalurgicaespecia.com,VERIFIED,85,+527448774621,2026-09-06T14:31:01.706792+00:00
Industrial Manufacturing & Transformation,METALURGICA ESPECIALIZADA S.C.,metalurgicaespecia.mx,Eduardo González,Chief Operating Officer (COO),C_SUITE,OPERATIONS,egonzález@metalurgicaespecia.mx,VERIFIED,85,+529168429461,2026-09-06T14:31:01.706792+00:00
Industrial Manufacturing & Transformation,METALURGICA LATINOAMERICANA 85 S.A.P.I. DE C.V.,metalurgicalatinoa.com,Alejandro Ruiz,Chief Financial Officer (CFO),C_SUITE,FINANCE,aruiz@metalurgicalatinoa.com,VERIFIED,85,+529923432224,2026-09-06T14:31:01.706792+00:00
Industrial Manufacturing & Transformation,METALURGICA LATINOAMERICANA S. DE R.L. DE C.V.,metalurgicalatinoa.mx,Hector Treviño,Chief Revenue Officer (CRO),C_SUITE,SALES_MARKETING,htreviño@metalurgicalatinoa.mx,VERIFIED,85,+526558731289,2026-09-06T14:31:01.706792+00:00
Industrial Manufacturing & Transformation,METALURGICA LATINOAMERICANA S. DE R.L. DE C.V.,metalurgicalatinoa.mx,Luis Valenzuela,Founder,FOUNDER,EXECUTIVE,lvalenzuela@metalurgicalatinoa.mx,VERIFIED,85,+529387231379,2026-09-06T14:31:01.706792+00:00
Industrial Manufacturing & Transformation,METALURGICA LATINOAMERICANA S. DE R.L. DE C.V.,metalurgicalatinoa.mx,Fernando Ruiz,Chief Operating Officer (COO),C_SUITE,OPERATIONS,fruiz@metalurgicalatinoa.mx,VERIFIED,85,+526054841335,2026-09-06T14:31:01.706792+00:00
Industrial Manufacturing & Transformation,METALURGICA LATINOAMERICANA S. DE R.L. DE C.V.,metalurgicalatinoa.mx,Daniel Villaseñor,Chief Revenue Officer (CRO),C_SUITE,SALES_MARKETING,dvillaseñor@metalurgicalatinoa.mx,VERIFIED,85,+529847595939,2026-09-06T14:31:01.706792+00:00
Industrial Manufacturing & Transformation,TRANSFORMADORA DE OCCIDENTE S.A.P.I. DE C.V.,transformadoradeoc.com,Jorge Martínez,Chief Human Resources Officer (CHRO),C_SUITE,HR_PEOPLE,jmartínez@transformadoradeoc.com,VERIFIED,85,+525590844568,2026-09-06T14:31:01.706792+00:00
Industrial Manufacturing & Transformation,TRANSFORMADORA DE OCCIDENTE S.C.,transformadoradeoc.mx,Alejandro Dominguez,Chief Executive Officer (CEO),C_SUITE,EXECUTIVE,adominguez@transformadoradeoc.mx,VERIFIED,85,+525539517507,2026-09-06T14:31:01.706792+00:00
Industrial Manufacturing & Transformation,TRANSFORMADORA DE OCCIDENTE S.C.,transformadoradeoc.mx,Luis Valenzuela,Founder,FOUNDER,EXECUTIVE,lvalenzuela@transformadoradeoc.mx,VERIFIED,85,+525580607383,2026-09-06T14:31:01.706792+00:00
Industrial Manufacturing & Transformation,TRANSFORMADORA DE OCCIDENTE S.C.,transformadoradeoc.mx,Mariana Vega,Chief Financial Officer (CFO),C_SUITE,FINANCE,mvega@transformadoradeoc.mx,VERIFIED,85,+525527774907,2026-09-06T14:31:01.706792+00:00
Industrial Manufacturing & Transformation,TRANSFORMADORA DE LAS AMERICAS S. DE R.L. DE C.V.,transformadoradela.mx,Rodrigo Treviño,Chief Revenue Officer (CRO),C_SUITE,SALES_MARKETING,rtreviño@transformadoradela.mx,VERIFIED,85,+525574566061,2026-09-06T14:31:01.706792+00:00
Industrial Manufacturing & Transformation,TRANSFORMADORA GLOBAL S.C.,transformadoraglob.com.mx,Luis Martínez,Chief Financial Officer (CFO),C_SUITE,FINANCE,lmartínez@transformadoraglob.com.mx,VERIFIED,85,+528938835644,2026-09-06T14:31:01.708798+00:00
Industrial Manufacturing & Transformation,TRANSFORMADORA GLOBAL S.C.,transformadoraglob.com.mx,Miguel García,Chief Technology Officer (CTO),C_SUITE,ENGINEERING_IT,mgarcía@transformadoraglob.com.mx,VERIFIED,85,+528496864172,2026-09-06T14:31:01.708798+00:00
Industrial Manufacturing & Transformation,TRANSFORMADORA GLOBAL S.C.,transformadoraglob.com,Roberto Castro,Chief Operating Officer (COO),C_SUITE,OPERATIONS,rcastro@transformadoraglob.com,VERIFIED,85,+528920649664,2026-09-06T14:31:01.708798+00:00
Industrial Manufacturing & Transformation,TRANSFORMADORA GLOBAL S.C.,transformadoraglob.com,Guillermo Mendoza,Chief Operating Officer (COO),C_SUITE,OPERATIONS,gmendoza@transformadoraglob.com,VERIFIED,85,+529382618120,2026-09-06T14:31:01.708798+00:00
Industrial Manufacturing & Transformation,METALURGICA ESPECIALIZADA S.A.B. DE C.V.,metalurgicaespecia.com.mx,Patricia Valenzuela,Chief Operating Officer (COO),C_SUITE,OPERATIONS,pvalenzuela@metalurgicaespecia.com.mx,VERIFIED,85,+526990809229,2026-09-06T14:31:01.709585+00:00
Industrial Manufacturing & Transformation,METALURGICA ESPECIALIZADA S.A.B. DE C.V.,metalurgicaespecia.mx,Sofia Morales,Chief Financial Officer (CFO),C_SUITE,FINANCE,smorales@metalurgicaespecia.mx,VERIFIED,85,+524358755551,2026-09-06T14:31:01.709585+00:00
Industrial Manufacturing & Transformation,METALURGICA ESPECIALIZADA S.A.B. DE C.V.,metalurgicaespecia.mx,Adriana Martínez,Chief Human Resources Officer (CHRO),C_SUITE,HR_PEOPLE,amartínez@metalurgicaespecia.com,VERIFIED,85,+529383544378,2026-09-06T14:31:01.709585+00:00
Industrial Manufacturing & Transformation,METALURGICA ESPECIALIZADA S.A.B. DE C.V.,metalurgicaespecia.com.mx,Fernando Morales,Chief Technology Officer (CTO),C_SUITE,ENGINEERING_IT,fmorales@metalurgicaespecia.com.mx,VERIFIED,85,+527392263797,2026-09-06T14:31:01.709585+00:00
Industrial Manufacturing & Transformation,METALURGICA DEL PACIFICO S.A. DE C.V.,metalurgicadelpaci.com.mx,Gabriel Valenzuela,Chief Executive Officer (CEO),C_SUITE,EXECUTIVE,gvalenzuela@metalurgicadelpaci.com.mx,VERIFIED,85,+523334697811,2026-09-06T14:31:01.709585+00:00
Industrial Manufacturing & Transformation,METALURGICA DEL PACIFICO S.A. DE C.V.,metalurgicadelpaci.com.mx,Mariana Vega,Chief Executive Officer (CEO),C_SUITE,EXECUTIVE,mvega@metalurgicadelpaci.com.mx,VERIFIED,85,+523341341625,2026-09-06T14:31:01.709585+00:00
Industrial Manufacturing & Transformation,METALURGICA DEL PACIFICO S.A. DE C.V.,metalurgicadelpaci.com.mx,Eduardo Garza,Founder,FOUNDER,EXECUTIVE,egarza@metalurgicadelpaci.com.mx,VERIFIED,85,+523323534217,2026-09-06T14:31:01.709585+00:00
Industrial Manufacturing & Transformation,METALURGICA DEL BAJIO S.A.P.I. DE C.V.,metalurgicadelbaji.com,Fernando Mendoza,Chief Executive Officer (CEO),C_SUITE,EXECUTIVE,fmendoza@metalurgicadelbaji.com,VERIFIED,85,+523370866056,2026-09-06T14:31:01.709585+00:00
Industrial Manufacturing & Transformation,METALURGICA DEL BAJIO S.A.P.I. DE C.V.,metalurgicadelbaji.com,Sofia Benítez,Chief Revenue Officer (CRO),C_SUITE,SALES_MARKETING,sbenítez@metalurgicadelbaji.com,VERIFIED,85,+523350054958,2026-09-06T14:31:01.709585+00:00
Industrial Manufacturing & Transformation,METALURGICA DEL PACIFICO S. DE R.L. DE C.V.,metalurgicadelpaci.com,Jorge Garza,Chief Revenue Officer (CRO),C_SUITE,SALES_MARKETING,jgarza@metalurgicadelpaci.com,VERIFIED,85,+523372860415,2026-09-06T14:31:01.709585+00:00
Industrial Manufacturing & Transformation,METALURGICA DEL BAJIO S.A.B. DE C.V.,metalurgicadelbaji.com.mx,Hector Valenzuela,Chief Revenue Officer (CRO),C_SUITE,SALES_MARKETING,hvalenzuela@metalurgicadelbaji.com.mx,VERIFIED,85,+523343713235,2026-09-06T14:31:01.709585+00:00
Industrial Manufacturing & Transformation,METALURGICA DEL BAJIO S.A.B. DE C.V.,metalurgicadelbaji.com.mx,Alejandro Vega,Chief Human Resources Officer (CHRO),C_SUITE,HR_PEOPLE,avega@metalurgicadelbaji.com.mx,VERIFIED,85,+523380118828,2026-09-06T14:31:01.709585+00:00
Industrial Manufacturing & Transformation,METALURGICA DEL NORTE 53 S.A.S.,metalurgicadelnort.com.mx,Adriana García,Chief Revenue Officer (CRO),C_SUITE,SALES_MARKETING,agarcía@metalurgicadelnort.com.mx,VERIFIED,85,+523384892935,2026-09-06T14:31:01.709585+00:00
Industrial Manufacturing & Transformation,METALURGICA NACIONAL 61 S.A.S.,metalurgicanaciona.com,Jorge Castro,Chief Human Resources Officer (CHRO),C_SUITE,HR_PEOPLE,jcastro@metalurgicanaciona.com,VERIFIED,85,+525341162445,2026-09-06T14:31:01.709585+00:00
Industrial Manufacturing & Transformation,METALURGICA NACIONAL 61 S.A.S.,metalurgicanaciona.com,Mariana García,Chief Executive Officer (CEO),C_SUITE,EXECUTIVE,mgarcía@metalurgicanaciona.com,VERIFIED,85,+524172038153,2026-09-06T14:31:01.709585+00:00
Industrial Manufacturing & Transformation,METALURGICA NACIONAL S.A. DE C.V.,metalurgicanaciona.mx,Claudia Vega,Chief Financial Officer (CFO),C_SUITE,FINANCE,cvega@metalurgicanaciona.mx,VERIFIED,85,+527558472094,2026-09-06T14:31:01.709585+00:00
Industrial Manufacturing & Transformation,METALURGICA NACIONAL 26 S.A.S.,metalurgicanaciona.com.mx,Gabriel García,Chief Financial Officer (CFO),C_SUITE,FINANCE,ggarcía@metalurgicanaciona.com.mx,VERIFIED,85,+526718106229,2026-09-06T14:31:01.709585+00:00
Industrial Manufacturing & Transformation,METALURGICA NACIONAL 26 S.A.S.,metalurgicanaciona.com.mx,Fernando Garza,Chief Revenue Officer (CRO),C_SUITE,SALES_MARKETING,fgarza@metalurgicanaciona.com.mx,VERIFIED,85,+525372366708,2026-09-06T14:31:01.709585+00:00
Industrial Manufacturing & Transformation,TRANSFORMADORA NACIONAL S.C.,transformadoranaci.com,Eduardo Valenzuela,Chief Financial Officer (CFO),C_SUITE,FINANCE,evalenzuela@transformadoranaci.com,VERIFIED,85,+529361129808,2026-09-06T14:31:01.709585+00:00
Industrial Manufacturing & Transformation,TRANSFORMADORA NACIONAL S.A. DE C.V.,transformadoranaci.mx,Patricia Vega,Chief Operating Officer (COO),C_SUITE,OPERATIONS,pvega@transformadoranaci.mx,VERIFIED,85,+529316389667,2026-09-06T14:31:01.709585+00:00
Industrial Manufacturing & Transformation,TRANSFORMADORA NACIONAL 29 S.A.B. DE C.V.,transformadoranaci.com.mx,Sofia Morales,Chief Human Resources Officer (CHRO),C_SUITE,HR_PEOPLE,smorales@transformadoranaci.com.mx,VERIFIED,85,+526940832527,2026-09-06T14:31:01.709585+00:00
Industrial Manufacturing & Transformation,TRANSFORMADORA GLOBAL S.A.P.I. DE C.V.,transformadoraglob.com,Mariana Castro,Chief Technology Officer (CTO),C_SUITE,ENGINEERING_IT,mcastro@transformadoraglob.com,VERIFIED,85,+525842177800,2026-09-06T14:31:01.709585+00:00
Industrial Manufacturing & Transformation,TRANSFORMADORA GLOBAL S.A.P.I. DE C.V.,transformadoraglob.com,Eduardo López,Chief Executive Officer (CEO),C_SUITE,EXECUTIVE,elópez@transformadoraglob.com,VERIFIED,85,+529033893966,2026-09-06T14:31:01.709585+00:00
Industrial Manufacturing & Transformation,TRANSFORMADORA GLOBAL S.A.P.I. DE C.V.,transformadoraglob.com,Adriana Morales,Chief Revenue Officer (CRO),C_SUITE,SALES_MARKETING,amorales@transformadoraglob.com,VERIFIED,85,+525971319383,2026-09-06T14:31:01.709585+00:00
Industrial Manufacturing & Transformation,TRANSFORMADORA MEXICANA 85 S.A.P.I. DE C.V.,transformadoramexi.com,Roberto Salinas,Chief Revenue Officer (CRO),C_SUITE,SALES_MARKETING,rsalinas@transformadoramexi.com,VERIFIED,85,+528941318651,2026-09-06T14:31:01.709585+00:00
Industrial Manufacturing & Transformation,TRANSFORMADORA MEXICANA 85 S.A.P.I. DE C.V.,transformadoramexi.com,Jorge Villaseñor,Chief Financial Officer (CFO),C_SUITE,FINANCE,jvillaseñor@transformadoramexi.com,VERIFIED,85,+527282359517,2026-09-06T14:31:01.709585+00:00
Industrial Manufacturing & Transformation,METALURGICA ESTRATEGICA 5 S.A.P.I. DE C.V.,metalurgicaestrate.com,Mariana Martínez,Chief Human Resources Officer (CHRO),C_SUITE,HR_PEOPLE,mmartínez@metalurgicaestrate.com,VERIFIED,85,+524098289112,2026-09-06T14:31:01.709585+00:00
Industrial Manufacturing & Transformation,METALURGICA ESTRATEGICA 5 S.A.P.I. DE C.V.,metalurgicaestrate.com,Daniel Salinas,Chief Technology Officer (CTO),C_SUITE,ENGINEERING_IT,dsalinas@metalurgicaestrate.com,VERIFIED,85,+524771391309,2026-09-06T14:31:01.709585+00:00
Industrial Manufacturing & Transformation,METALURGICA ESTRATEGICA 5 S.A.P.I. DE C.V.,metalurgicaestrate.com,Miguel Mendoza,Chief Technology Officer (CTO),C_SUITE,ENGINEERING_IT,mmendoza@metalurgicaestrate.com,VERIFIED,85,+527211092940,2026-09-06T14:31:01.709585+00:00
Industrial Manufacturing & Transformation,METALURGICA ESTRATEGICA S. DE R.L. DE C.V.,metalurgicaestrate.com.mx,Mariana Benítez,Founder,FOUNDER,EXECUTIVE,mbenítez@metalurgicaestrate.com.mx,VERIFIED,85,+528380948258,2026-09-06T14:31:01.709585+00:00
Industrial Manufacturing & Transformation,METALURGICA ESTRATEGICA S. DE R.L. DE C.V.,metalurgicaestrate.com.mx,Carlos Martínez,Founder,FOUNDER,EXECUTIVE,cmartínez@metalurgicaestrate.com.mx,VERIFIED,85,+526040035967,2026-09-06T14:31:01.709585+00:00
Industrial Manufacturing & Transformation,METALURGICA ESTRATEGICA S.A.P.I. DE C.V.,metalurgicaestrate.mx,Eduardo Valenzuela,Chief Executive Officer (CEO),C_SUITE,EXECUTIVE,evalenzuela@metalurgicaestrate.mx,VERIFIED,85,+525285821748,2026-09-06T14:31:01.709585+00:00
Industrial Manufacturing & Transformation,TRANSFORMADORA DE OCCIDENTE S.A.B. DE C.V.,transformadoradeoc.com,Guillermo Morales,Chief Technology Officer (CTO),C_SUITE,ENGINEERING_IT,gmorales@transformadoradeoc.com,VERIFIED,85,+525454742094,2026-09-06T14:31:01.709585+00:00
Industrial Manufacturing & Transformation,TRANSFORMADORA DE OCCIDENTE S.A.B. DE C.V.,transformadoradeoc.com,David Valenzuela,Chief Revenue Officer (CRO),C_SUITE,SALES_MARKETING,dvalenzuela@transformadoradeoc.com.mx,VERIFIED,85,+527610953139,2026-09-06T14:31:01.709585+00:00
Industrial Manufacturing & Transformation,TRANSFORMADORA DE OCCIDENTE S.A.B. DE C.V.,transformadoradeoc.com,Patricia Castro,Chief Financial Officer (CFO),C_SUITE,FINANCE,pcastro@transformadoradeoc.com,VERIFIED,85,+529810115559,2026-09-06T14:31:01.709585+00:00
Industrial Manufacturing & Transformation,TRANSFORMADORA DE LAS AMERICAS S.A. DE C.V.,transformadoradela.com.mx,Javier López,Chief Financial Officer (CFO),C_SUITE,FINANCE,jlópez@transformadoradela.com.mx,VERIFIED,85,+525711049018,2026-09-06T14:31:01.709585+00:00
Industrial Manufacturing & Transformation,TRANSFORMADORA DE LAS AMERICAS S.A. DE C.V.,transformadoradela.com.mx,Eduardo Villaseñor,Chief Revenue Officer (CRO),C_SUITE,SALES_MARKETING,evillaseñor@transformadoradela.com.mx,VERIFIED,85,+529062824825,2026-09-06T14:31:01.709585+00:00
Industrial Manufacturing & Transformation,TRANSFORMADORA DE OCCIDENTE S. DE R.L. DE C.V.,transformadoradeoc.mx,Adriana Hernández,Founder,FOUNDER,EXECUTIVE,ahernández@transformadoradeoc.mx,VERIFIED,85,+528188066440,2026-09-06T14:31:01.709585+00:00
Industrial Manufacturing & Transformation,TRANSFORMADORA DE LAS AMERICAS S. DE R.L. DE C.V.,transformadoradela.mx,Fernando Alarcón,Chief Executive Officer (CEO),C_SUITE,EXECUTIVE,falarcón@transformadoradela.mx,VERIFIED,85,+527035149550,2026-09-06T14:31:01.709585+00:00
Industrial Manufacturing & Transformation,TRANSFORMADORA LATINOAMERICANA 47 S. DE R.L. DE C.V.,transformadoralati.com.mx,Gabriel Alarcón,Chief Revenue Officer (CRO),C_SUITE,SALES_MARKETING,galarcón@transformadoralati.com.mx,VERIFIED,85,+529027048461,2026-09-06T14:31:01.709585+00:00
Industrial Manufacturing & Transformation,TRANSFORMADORA LATINOAMERICANA 47 S. DE R.L. DE C.V.,transformadoralati.com.mx,Sofia Martínez,Chief Technology Officer (CTO),C_SUITE,ENGINEERING_IT,smartínez@transformadoralati.com.mx,VERIFIED,85,+527073305317,2026-09-06T14:31:01.709585+00:00
Industrial Manufacturing & Transformation,TRANSFORMADORA LATINOAMERICANA S.A.P.I. DE C.V.,transformadoralati.com,Guillermo Hernández,Chief Financial Officer (CFO),C_SUITE,FINANCE,ghernández@transformadoralati.com,VERIFIED,85,+526464009235,2026-09-06T14:31:01.709585+00:00
Industrial Manufacturing & Transformation,TRANSFORMADORA LATINOAMERICANA S.A.P.I. DE C.V.,transformadoralati.mx,Hector Treviño,Chief Human Resources Officer (CHRO),C_SUITE,HR_PEOPLE,htreviño@transformadoralati.mx,VERIFIED,85,+526598659902,2026-09-06T14:31:01.709585+00:00
Industrial Manufacturing & Transformation,TRANSFORMADORA LATINOAMERICANA S.A.P.I. DE C.V.,transformadoralati.mx,Miguel Alarcón,Founder,FOUNDER,EXECUTIVE,malarcón@transformadoralati.mx,VERIFIED,85,+525624468061,2026-09-06T14:31:01.709585+00:00
Industrial Manufacturing & Transformation,TRANSFORMADORA INTEGRAL S. DE R.L. DE C.V.,transformadorainte.mx,Claudia Ruiz,Chief Financial Officer (CFO),C_SUITE,FINANCE,cruiz@transformadorainte.mx,VERIFIED,85,+529957588040,2026-09-06T14:31:01.709585+00:00
Industrial Manufacturing & Transformation,TRANSFORMADORA INTEGRAL 29 S.A.B. DE C.V.,transformadorainte.com,Jorge Dominguez,Chief Operating Officer (COO),C_SUITE,OPERATIONS,jdominguez@transformadorainte.com,VERIFIED,85,+526433102892,2026-09-06T14:31:01.709585+00:00
Industrial Manufacturing & Transformation,TRANSFORMADORA AVANZADA S.A. DE C.V.,transformadoraavan.com.mx,David García,Founder,FOUNDER,EXECUTIVE,dgarcía@transformadoraavan.com.mx,VERIFIED,85,+528132970649,2026-09-06T14:31:01.709585+00:00
Industrial Manufacturing & Transformation,TRANSFORMADORA AVANZADA S.A.B. DE C.V.,transformadoraavan.com,Roberto Hernández,Chief Human Resources Officer (CHRO),C_SUITE,HR_PEOPLE,rhernández@transformadoraavan.com,VERIFIED,85,+528136882055,2026-09-06T14:31:01.709585+00:00
Industrial Manufacturing & Transformation,TRANSFORMADORA DINAMICA S.A. DE C.V.,transformadoradina.mx,Andrea Treviño,Chief Financial Officer (CFO),C_SUITE,FINANCE,atreviño@transformadoradina.mx,VERIFIED,85,+524572318490,2026-09-06T14:31:01.709585+00:00
Industrial Manufacturing & Transformation,TRANSFORMADORA DINAMICA S.A. DE C.V.,transformadoradina.mx,Jorge Dominguez,Chief Operating Officer (COO),C_SUITE,OPERATIONS,jdominguez@transformadoradina.mx,VERIFIED,85,+524646080578,2026-09-06T14:31:01.709585+00:00
Industrial Manufacturing & Transformation,TRANSFORMADORA DINAMICA S.A. DE C.V.,transformadoradina.mx,David Vega,Chief Operating Officer (COO),C_SUITE,OPERATIONS,dvega@transformadoradina.mx,VERIFIED,85,+529090005213,2026-09-06T14:31:01.709585+00:00
Industrial Manufacturing & Transformation,TRANSFORMADORA DINAMICA S.A. DE C.V.,transformadoradina.mx,Hector Morales,Chief Executive Officer (CEO),C_SUITE,EXECUTIVE,hmorales@transformadoradina.mx,VERIFIED,85,+526860907462,2026-09-06T14:31:01.709585+00:00
Industrial Manufacturing & Transformation,TRANSFORMADORA INTEGRAL S.C.,transformadorainte.mx,Patricia Salinas,Chief Financial Officer (CFO),C_SUITE,FINANCE,psalinas@transformadorainte.mx,VERIFIED,85,+523339932545,2026-09-06T14:31:01.725551+00:00
Industrial Manufacturing & Transformation,TRANSFORMADORA INTEGRAL 62 S.A. DE C.V.,transformadorainte.com.mx,Mariana García,Chief Executive Officer (CEO),C_SUITE,EXECUTIVE,mgarcía@transformadorainte.com.mx,VERIFIED,85,+523320099838,2026-09-06T14:31:01.725551+00:00
Industrial Manufacturing & Transformation,TRANSFORMADORA INDUSTRIAL S.A.P.I. DE C.V.,transformadoraindu.com,Daniel Benítez,Chief Human Resources Officer (CHRO),C_SUITE,HR_PEOPLE,dbenítez@transformadoraindu.com,VERIFIED,85,+528432134989,2026-09-06T14:31:01.725551+00:00
Industrial Manufacturing & Transformation,TRANSFORMADORA INDUSTRIAL S.A.P.I. DE C.V.,transformadoraindu.com,Andrea García,Chief Financial Officer (CFO),C_SUITE,FINANCE,agarcía@transformadoraindu.com.mx,VERIFIED,85,+527736688977,2026-09-06T14:31:01.725551+00:00
Industrial Manufacturing & Transformation,TRANSFORMADORA INDUSTRIAL 95 S. DE R.L. DE C.V.,transformadoraindu.com.mx,Rodrigo Villaseñor,Founder,FOUNDER,EXECUTIVE,rvillaseñor@transformadoraindu.com.mx,VERIFIED,85,+526486057304,2026-09-06T14:31:01.725551+00:00
Industrial Manufacturing & Transformation,TRANSFORMADORA INDUSTRIAL S.A.S.,transformadoraindu.mx,Andrea Martínez,Chief Operating Officer (COO),C_SUITE,OPERATIONS,amartínez@transformadoraindu.mx,VERIFIED,85,+525111483897,2026-09-06T14:31:01.725551+00:00
Industrial Manufacturing & Transformation,TRANSFORMADORA LATINOAMERICANA 53 S. DE R.L. DE C.V.,transformadoralati.com.mx,David López,Chief Operating Officer (COO),C_SUITE,OPERATIONS,dlópez@transformadoralati.com.mx,VERIFIED,85,+528164547189,2026-09-06T14:31:01.725551+00:00
Industrial Manufacturing & Transformation,TRANSFORMADORA LATINOAMERICANA 53 S. DE R.L. DE C.V.,transformadoralati.com.mx,Claudia Valenzuela,Founder,FOUNDER,EXECUTIVE,cvalenzuela@transformadoralati.com.mx,VERIFIED,85,+529896192655,2026-09-06T14:31:01.725551+00:00
Industrial Manufacturing & Transformation,TRANSFORMADORA LATINOAMERICANA 53 S. DE R.L. DE C.V.,transformadoralati.com.mx,Sofia Ruiz,Chief Operating Officer (COO),C_SUITE,OPERATIONS,sruiz@transformadoralati.com.mx,VERIFIED,85,+526134281778,2026-09-06T14:31:01.725551+00:00
Industrial Manufacturing & Transformation,TRANSFORMADORA LATINOAMERICANA S.C.,transformadoralati.mx,Roberto Dominguez,Chief Revenue Officer (CRO),C_SUITE,SALES_MARKETING,rdominguez@transformadoralati.mx,VERIFIED,85,+525145694657,2026-09-06T14:31:01.725551+00:00
Industrial Manufacturing & Transformation,TRANSFORMADORA LATINOAMERICANA S.A.S.,transformadoralati.com,Jorge Valenzuela,Chief Technology Officer (CTO),C_SUITE,ENGINEERING_IT,jvalenzuela@transformadoralati.com,VERIFIED,85,+525590565346,2026-09-06T14:31:01.725551+00:00
Industrial Manufacturing & Transformation,TRANSFORMADORA EMPRESARIAL S.A. DE C.V.,transformadoraempr.com,Rodrigo González,Chief Revenue Officer (CRO),C_SUITE,SALES_MARKETING,rgonzález@transformadoraempr.com,VERIFIED,85,+526490326748,2026-09-06T14:31:01.726847+00:00
Industrial Manufacturing & Transformation,TRANSFORMADORA EMPRESARIAL S.A. DE C.V.,transformadoraempr.com,Alejandro Garza,Chief Human Resources Officer (CHRO),C_SUITE,HR_PEOPLE,agarza@transformadoraempr.com,VERIFIED,85,+524824048465,2026-09-06T14:31:01.726847+00:00
Industrial Manufacturing & Transformation,TRANSFORMADORA EMPRESARIAL S.A.P.I. DE C.V.,transformadoraempr.mx,Miguel Vega,Chief Revenue Officer (CRO),C_SUITE,SALES_MARKETING,mvega@transformadoraempr.mx,VERIFIED,85,+526428420904,2026-09-06T14:31:01.726847+00:00
Industrial Manufacturing & Transformation,TRANSFORMADORA EMPRESARIAL S.A.P.I. DE C.V.,transformadoraempr.mx,Hector Martínez,Chief Technology Officer (CTO),C_SUITE,ENGINEERING_IT,hmartínez@transformadoraempr.mx,VERIFIED,85,+526750860876,2026-09-06T14:31:01.726847+00:00
Industrial Manufacturing & Transformation,TRANSFORMADORA CENTRAL S.A.S.,transformadoracent.com,Jorge Garza,Chief Human Resources Officer (CHRO),C_SUITE,HR_PEOPLE,jgarza@transformadoracent.com,VERIFIED,85,+525972799224,2026-09-06T14:31:01.726847+00:00
Industrial Manufacturing & Transformation,TRANSFORMADORA CENTRAL S.A.S.,transformadoracent.com,Carlos Valenzuela,Founder,FOUNDER,EXECUTIVE,cvalenzuela@transformadoracent.com,VERIFIED,85,+527815908311,2026-09-06T14:31:01.726847+00:00
Industrial Manufacturing & Transformation,TRANSFORMADORA CENTRAL S.A. DE C.V.,transformadoracent.mx,Patricia Morales,Chief Financial Officer (CFO),C_SUITE,FINANCE,pmorales@transformadoracent.mx,VERIFIED,85,+528641132713,2026-09-06T14:31:01.726847+00:00
Industrial Manufacturing & Transformation,METALURGICA INDUSTRIAL S.A.B. DE C.V.,metalurgicaindustr.com.mx,Hector Castro,Chief Executive Officer (CEO),C_SUITE,EXECUTIVE,hcastro@metalurgicaindustr.com.mx,VERIFIED,85,+529284083264,2026-09-06T14:31:01.726847+00:00
Industrial Manufacturing & Transformation,METALURGICA INDUSTRIAL S.A.B. DE C.V.,metalurgicaindustr.com.mx,Claudia Mendoza,Chief Operating Officer (COO),C_SUITE,OPERATIONS,cmendoza@metalurgicaindustr.com.mx,VERIFIED,85,+525562043956,2026-09-06T14:31:01.726847+00:00
Industrial Manufacturing & Transformation,METALURGICA INDUSTRIAL S.C.,metalurgicaindustr.com,Andrea Mendoza,Chief Financial Officer (CFO),C_SUITE,FINANCE,amendoza@metalurgicaindustr.com,VERIFIED,85,+527573350237,2026-09-06T14:31:01.726847+00:00
Industrial Manufacturing & Transformation,METALURGICA INDUSTRIAL S.C.,metalurgicaindustr.com,Alejandro Vega,Chief Financial Officer (CFO),C_SUITE,FINANCE,avega@metalurgicaindustr.com,VERIFIED,85,+529317619001,2026-09-06T14:31:01.726847+00:00
Industrial Manufacturing & Transformation,TRANSFORMADORA DE OCCIDENTE S.A.S.,transformadoradeoc.com.mx,Patricia Ruiz,Chief Operating Officer (COO),C_SUITE,OPERATIONS,pruiz@transformadoradeoc.com.mx,VERIFIED,85,+528588359983,2026-09-06T14:31:01.728422+00:00
Industrial Manufacturing & Transformation,TRANSFORMADORA DE OCCIDENTE S. DE R.L. DE C.V.,transformadoradeoc.mx,Andrea Garza,Chief Executive Officer (CEO),C_SUITE,EXECUTIVE,agarza@transformadoradeoc.mx,VERIFIED,85,+527487776062,2026-09-06T14:31:01.728422+00:00
Industrial Manufacturing & Transformation,TRANSFORMADORA DE OCCIDENTE S. DE R.L. DE C.V.,transformadoradeoc.mx,Roberto Morales,Chief Technology Officer (CTO),C_SUITE,ENGINEERING_IT,rmorales@transformadoradeoc.mx,VERIFIED,85,+529567122828,2026-09-06T14:31:01.728422+00:00
Industrial Manufacturing & Transformation,TRANSFORMADORA DE LAS AMERICAS S.A. DE C.V.,transformadoradela.mx,Adriana Ruiz,Chief Financial Officer (CFO),C_SUITE,FINANCE,aruiz@transformadoradela.mx,VERIFIED,85,+529055162412,2026-09-06T14:31:01.728422+00:00
Industrial Manufacturing & Transformation,TRANSFORMADORA DE LAS AMERICAS S.A. DE C.V.,transformadoradela.mx,Gabriel Morales,Chief Revenue Officer (CRO),C_SUITE,SALES_MARKETING,gmorales@transformadoradela.mx,VERIFIED,85,+529714300077,2026-09-06T14:31:01.728422+00:00
Industrial Manufacturing & Transformation,TRANSFORMADORA DEL NORTE S.A.S.,transformadoradeln.com.mx,Gabriel Martínez,Chief Technology Officer (CTO),C_SUITE,ENGINEERING_IT,gmartínez@transformadoradeln.com.mx,VERIFIED,85,+526523888524,2026-09-06T14:31:01.728422+00:00
Industrial Manufacturing & Transformation,TRANSFORMADORA DEL NORTE S.A.S.,transformadoradeln.com.mx,Fernando Hernández,Chief Human Resources Officer (CHRO),C_SUITE,HR_PEOPLE,fhernández@transformadoradeln.com.mx,VERIFIED,85,+524663923671,2026-09-06T14:31:01.728422+00:00
Industrial Manufacturing & Transformation,TRANSFORMADORA DEL CENTRO S. DE R.L. DE C.V.,transformadoradelc.com.mx,Alejandro Navarro,Chief Executive Officer (CEO),C_SUITE,EXECUTIVE,anavarro@transformadoradelc.com.mx,VERIFIED,85,+524822930496,2026-09-06T14:31:01.728422+00:00
Industrial Manufacturing & Transformation,TRANSFORMADORA DEL BAJIO S.A.S.,transformadoradelb.com,Patricia Alarcón,Chief Operating Officer (COO),C_SUITE,OPERATIONS,palarcón@transformadoradelb.com,VERIFIED,85,+526494205708,2026-09-06T14:31:01.728422+00:00
Industrial Manufacturing & Transformation,TRANSFORMADORA DEL PACIFICO S.A.P.I. DE C.V.,transformadoradelp.mx,Andrea González,Chief Executive Officer (CEO),C_SUITE,EXECUTIVE,agonzález@transformadoradelp.mx,VERIFIED,85,+525773696856,2026-09-06T14:31:01.728422+00:00
Industrial Manufacturing & Transformation,TRANSFORMADORA DEL PACIFICO S.A.P.I. DE C.V.,transformadoradelp.mx,Eduardo Benítez,Chief Revenue Officer (CRO),C_SUITE,SALES_MARKETING,ebenítez@transformadoradelp.mx,VERIFIED,85,+529921282968,2026-09-06T14:31:01.728422+00:00
Industrial Manufacturing & Transformation,TRANSFORMADORA DEL CENTRO S.C.,transformadoradelc.mx,Carlos Hernández,Chief Technology Officer (CTO),C_SUITE,ENGINEERING_IT,chernández@transformadoradelc.mx,VERIFIED,85,+525666018658,2026-09-06T14:31:01.728422+00:00
Industrial Manufacturing & Transformation,TRANSFORMADORA DEL CENTRO S.C.,transformadoradelc.mx,Patricia Garza,Chief Executive Officer (CEO),C_SUITE,EXECUTIVE,pgarza@transformadoradelc.mx,VERIFIED,85,+526968046960,2026-09-06T14:31:01.728422+00:00
Industrial Manufacturing & Transformation,TRANSFORMADORA DEL NORTE S.A.B. DE C.V.,transformadoradeln.com,Carlos Vega,Chief Executive Officer (CEO),C_SUITE,EXECUTIVE,cvega@transformadoradeln.com,VERIFIED,85,+528991734373,2026-09-06T14:31:01.728422+00:00
Industrial Manufacturing & Transformation,TRANSFORMADORA DEL PACIFICO S.A.S.,transformadoradelp.com.mx,Gabriel García,Founder,FOUNDER,EXECUTIVE,ggarcía@transformadoradelp.com.mx,VERIFIED,85,+529015051907,2026-09-06T14:31:01.728422+00:00
Industrial Manufacturing & Transformation,TRANSFORMADORA EMPRESARIAL S.C.,transformadoraempr.com,Miguel Alarcón,Chief Operating Officer (COO),C_SUITE,OPERATIONS,malarcón@transformadoraempr.com,VERIFIED,85,+528343242518,2026-09-06T14:31:01.728422+00:00
Industrial Manufacturing & Transformation,TRANSFORMADORA LATINOAMERICANA S.C.,transformadoralati.com.mx,Rodrigo Alarcón,Chief Financial Officer (CFO),C_SUITE,FINANCE,ralarcón@transformadoralati.com.mx,VERIFIED,85,+528059567266,2026-09-06T14:31:01.728422+00:00
Industrial Manufacturing & Transformation,TRANSFORMADORA LATINOAMERICANA S.A.B. DE C.V.,transformadoralati.mx,Fernando Alarcón,Chief Executive Officer (CEO),C_SUITE,EXECUTIVE,falarcón@transformadoralati.mx,VERIFIED,85,+527583265371,2026-09-06T14:31:01.728422+00:00
Industrial Manufacturing & Transformation,TRANSFORMADORA INDUSTRIAL S.A.S.,transformadoraindu.mx,Jorge Castro,Chief Executive Officer (CEO),C_SUITE,EXECUTIVE,jcastro@transformadoraindu.mx,VERIFIED,85,+526173625352,2026-09-06T14:31:01.728422+00:00
Industrial Manufacturing & Transformation,TRANSFORMADORA INDUSTRIAL S.A.P.I. DE C.V.,transformadoraindu.com.mx,Sofia García,Chief Human Resources Officer (CHRO),C_SUITE,HR_PEOPLE,sgarcía@transformadoraindu.com.mx,VERIFIED,85,+529349755260,2026-09-06T14:31:01.728422+00:00
Industrial Manufacturing & Transformation,TRANSFORMADORA CENTRAL S.C.,transformadoracent.com.mx,Roberto Martínez,Chief Human Resources Officer (CHRO),C_SUITE,HR_PEOPLE,rmartínez@transformadoracent.com.mx,VERIFIED,85,+527656251313,2026-09-06T14:31:01.728422+00:00
Industrial Manufacturing & Transformation,TRANSFORMADORA CENTRAL S.C.,transformadoracent.com.mx,Alejandro Valenzuela,Chief Financial Officer (CFO),C_SUITE,FINANCE,avalenzuela@transformadoracent.com.mx,VERIFIED,85,+529442934697,2026-09-06T14:31:01.728422+00:00
Industrial Manufacturing & Transformation,TRANSFORMADORA CENTRAL S.A.P.I. DE C.V.,transformadoracent.com,Luis Hernández,Founder,FOUNDER,EXECUTIVE,lhernández@transformadoracent.com,VERIFIED,85,+525961567655,2026-09-06T14:31:01.728422+00:00
Industrial Manufacturing & Transformation,TRANSFORMADORA CENTRAL S.A.P.I. DE C.V.,transformadoracent.mx,Roberto Vega,Chief Operating Officer (COO),C_SUITE,OPERATIONS,rvega@transformadoracent.mx,VERIFIED,85,+527539640497,2026-09-06T14:31:01.728422+00:00
Industrial Manufacturing & Transformation,METALURGICA DINAMICA S.A.P.I. DE C.V.,metalurgicadinamic.com.mx,Gabriel Valenzuela,Chief Operating Officer (COO),C_SUITE,OPERATIONS,gvalenzuela@metalurgicadinamic.com.mx,VERIFIED,85,+527395936860,2026-09-06T14:31:01.728422+00:00
Industrial Manufacturing & Transformation,METALURGICA DINAMICA S.A.P.I. DE C.V.,metalurgicadinamic.com.mx,Eduardo Martínez,Chief Revenue Officer (CRO),C_SUITE,SALES_MARKETING,emartínez@metalurgicadinamic.com.mx,VERIFIED,85,+525532462092,2026-09-06T14:31:01.728422+00:00
Industrial Manufacturing & Transformation,METALURGICA DINAMICA S.A. DE C.V.,metalurgicadinamic.com,Guillermo Alarcón,Chief Technology Officer (CTO),C_SUITE,ENGINEERING_IT,galarcón@metalurgicadinamic.com,VERIFIED,85,+524021037605,2026-09-06T14:31:01.728422+00:00
Industrial Manufacturing & Transformation,METALURGICA DINAMICA S.A. DE C.V.,metalurgicadinamic.com,Sofia Treviño,Chief Financial Officer (CFO),C_SUITE,FINANCE,streviño@metalurgicadinamic.com,VERIFIED,85,+526443400620,2026-09-06T14:31:01.728422+00:00
Industrial Manufacturing & Transformation,TRANSFORMADORA EMPRESARIAL S.A. DE C.V.,transformadoraempr.com.mx,Jorge García,Chief Human Resources Officer (CHRO),C_SUITE,HR_PEOPLE,jgarcía@transformadoraempr.com.mx,VERIFIED,85,+527044804368,2026-09-06T14:31:01.728422+00:00
Industrial Manufacturing & Transformation,TRANSFORMADORA EMPRESARIAL S.A. DE C.V.,transformadoraempr.com.mx,Fernando Castro,Chief Technology Officer (CTO),C_SUITE,ENGINEERING_IT,fcastro@transformadoraempr.com.mx,VERIFIED,85,+526554632028,2026-09-06T14:31:01.728422+00:00
Industrial Manufacturing & Transformation,TRANSFORMADORA EMPRESARIAL 7 S.A.B. DE C.V.,transformadoraempr.mx,Hector Treviño,Chief Executive Officer (CEO),C_SUITE,EXECUTIVE,htreviño@transformadoraempr.mx,VERIFIED,85,+524766504631,2026-09-06T14:31:01.728422+00:00
Industrial Manufacturing & Transformation,TRANSFORMADORA EMPRESARIAL 7 S.A.B. DE C.V.,transformadoraempr.mx,Claudia Dominguez,Chief Human Resources Officer (CHRO),C_SUITE,HR_PEOPLE,cdominguez@transformadoraempr.mx,VERIFIED,85,+529283527759,2026-09-06T14:31:01.728422+00:00
Industrial Manufacturing & Transformation,TRANSFORMADORA EMPRESARIAL S.A. DE C.V.,transformadoraempr.com.mx,Jorge Morales,Chief Operating Officer (COO),C_SUITE,OPERATIONS,jmorales@transformadoraempr.com.mx,VERIFIED,85,+525469981105,2026-09-06T14:31:01.732956+00:00
Industrial Manufacturing & Transformation,TRANSFORMADORA EMPRESARIAL S.A.B. DE C.V.,transformadoraempr.com,Luis Garza,Chief Financial Officer (CFO),C_SUITE,FINANCE,lgarza@transformadoraempr.com,VERIFIED,85,+526995236633,2026-09-06T14:31:01.732956+00:00
Industrial Manufacturing & Transformation,TRANSFORMADORA EMPRESARIAL S.A.B. DE C.V.,transformadoraempr.com,Luis González,Chief Operating Officer (COO),C_SUITE,OPERATIONS,lgonzález@transformadoraempr.mx,VERIFIED,85,+529767691054,2026-09-06T14:31:01.732956+00:00
Industrial Manufacturing & Transformation,TRANSFORMADORA CENTRAL 62 S.C.,transformadoracent.com.mx,Sofia Morales,Chief Revenue Officer (CRO),C_SUITE,SALES_MARKETING,smorales@transformadoracent.com.mx,VERIFIED,85,+528250848485,2026-09-06T14:31:01.732956+00:00
Industrial Manufacturing & Transformation,TRANSFORMADORA CENTRAL 62 S.C.,transformadoracent.com.mx,Carlos Dominguez,Chief Human Resources Officer (CHRO),C_SUITE,HR_PEOPLE,cdominguez@transformadoracent.com.mx,VERIFIED,85,+526430077093,2026-09-06T14:31:01.732956+00:00
Industrial Manufacturing & Transformation,TRANSFORMADORA CENTRAL 62 S.C.,transformadoracent.com.mx,Luis Navarro,Chief Revenue Officer (CRO),C_SUITE,SALES_MARKETING,lnavarro@transformadoracent.com.mx,VERIFIED,85,+526744627400,2026-09-06T14:31:01.732956+00:00
Industrial Manufacturing & Transformation,TRANSFORMADORA CENTRAL 89 S. DE R.L. DE C.V.,transformadoracent.com,Carlos Dominguez,Chief Executive Officer (CEO),C_SUITE,EXECUTIVE,cdominguez@transformadoracent.com,VERIFIED,85,+528065022848,2026-09-06T14:31:01.732956+00:00
Industrial Manufacturing & Transformation,TRANSFORMADORA CENTRAL S.A.P.I. DE C.V.,transformadoracent.mx,Alejandro Villaseñor,Chief Executive Officer (CEO),C_SUITE,EXECUTIVE,avillaseñor@transformadoracent.mx,VERIFIED,85,+528571994003,2026-09-06T14:31:01.732956+00:00
Industrial Manufacturing & Transformation,METALURGICA EMPRESARIAL S.C.,metalurgicaempresa.com.mx,Carlos González,Chief Executive Officer (CEO),C_SUITE,EXECUTIVE,cgonzález@metalurgicaempresa.com.mx,VERIFIED,85,+528448692908,2026-09-06T14:31:01.732956+00:00
Industrial Manufacturing & Transformation,METALURGICA EMPRESARIAL S.C.,metalurgicaempresa.com.mx,Roberto Treviño,Chief Technology Officer (CTO),C_SUITE,ENGINEERING_IT,rtreviño@metalurgicaempresa.com.mx,VERIFIED,85,+526140311693,2026-09-06T14:31:01.732956+00:00
Industrial Manufacturing & Transformation,METALURGICA INDUSTRIAL S.A.S.,metalurgicaindustr.mx,Rodrigo González,Chief Financial Officer (CFO),C_SUITE,FINANCE,rgonzález@metalurgicaindustr.mx,VERIFIED,85,+523375748580,2026-09-06T14:31:01.732956+00:00
Industrial Manufacturing & Transformation,METALURGICA INDUSTRIAL S.C.,metalurgicaindustr.com.mx,Fernando Vega,Chief Executive Officer (CEO),C_SUITE,EXECUTIVE,fvega@metalurgicaindustr.com.mx,VERIFIED,85,+523325075541,2026-09-06T14:31:01.732956+00:00
Industrial Manufacturing & Transformation,METALURGICA INDUSTRIAL S.C.,metalurgicaindustr.com.mx,Hector Morales,Chief Revenue Officer (CRO),C_SUITE,SALES_MARKETING,hmorales@metalurgicaindustr.com.mx,VERIFIED,85,+523331176773,2026-09-06T14:31:01.732956+00:00
Industrial Manufacturing & Transformation,METALURGICA INDUSTRIAL S.C.,metalurgicaindustr.com,Claudia Castro,Chief Human Resources Officer (CHRO),C_SUITE,HR_PEOPLE,ccastro@metalurgicaindustr.com,VERIFIED,85,+523395673814,2026-09-06T14:31:01.732956+00:00
Industrial Manufacturing & Transformation,METALURGICA MODERNA S.A.S.,metalurgicamoderna.com.mx,Luis Ruiz,Chief Financial Officer (CFO),C_SUITE,FINANCE,lruiz@metalurgicamoderna.com.mx,VERIFIED,85,+526571437857,2026-09-06T14:31:01.732956+00:00
Industrial Manufacturing & Transformation,METALURGICA MODERNA S. DE R.L. DE C.V.,metalurgicamoderna.mx,Daniel González,Chief Executive Officer (CEO),C_SUITE,EXECUTIVE,dgonzález@metalurgicamoderna.mx,VERIFIED,85,+528718789605,2026-09-06T14:31:01.732956+00:00
Industrial Manufacturing & Transformation,METALURGICA MODERNA S. DE R.L. DE C.V.,metalurgicamoderna.mx,Hector Garza,Chief Operating Officer (COO),C_SUITE,OPERATIONS,hgarza@metalurgicamoderna.mx,VERIFIED,85,+524620526149,2026-09-06T14:31:01.732956+00:00
Industrial Manufacturing & Transformation,METALURGICA GLOBAL S. DE R.L. DE C.V.,metalurgicaglobal.mx,Eduardo Villaseñor,Chief Executive Officer (CEO),C_SUITE,EXECUTIVE,evillaseñor@metalurgicaglobal.mx,VERIFIED,85,+525584077751,2026-09-06T14:31:01.732956+00:00
Industrial Manufacturing & Transformation,METALURGICA GLOBAL S.A.B. DE C.V.,metalurgicaglobal.com.mx,David Vega,Chief Executive Officer (CEO),C_SUITE,EXECUTIVE,dvega@metalurgicaglobal.com.mx,VERIFIED,85,+525582733902,2026-09-06T14:31:01.732956+00:00
Industrial Manufacturing & Transformation,METALURGICA AVANZADA S.A.P.I. DE C.V.,metalurgicaavanzad.mx,Eduardo González,Chief Executive Officer (CEO),C_SUITE,EXECUTIVE,egonzález@metalurgicaavanzad.mx,VERIFIED,85,+529179718008,2026-09-06T14:31:01.738523+00:00
Industrial Manufacturing & Transformation,METALURGICA AVANZADA S.A.P.I. DE C.V.,metalurgicaavanzad.mx,Miguel López,Chief Revenue Officer (CRO),C_SUITE,SALES_MARKETING,mlópez@metalurgicaavanzad.com,VERIFIED,85,+527967605635,2026-09-06T14:31:01.738523+00:00
Industrial Manufacturing & Transformation,METALURGICA AVANZADA S.A.P.I. DE C.V.,metalurgicaavanzad.mx,Luis Treviño,Chief Financial Officer (CFO),C_SUITE,FINANCE,ltreviño@metalurgicaavanzad.mx,VERIFIED,85,+527250941682,2026-09-06T14:31:01.738523+00:00
Industrial Manufacturing & Transformation,METALURGICA AVANZADA S.C.,metalurgicaavanzad.com,Claudia Mendoza,Chief Executive Officer (CEO),C_SUITE,EXECUTIVE,cmendoza@metalurgicaavanzad.com,VERIFIED,85,+524358657653,2026-09-06T14:31:01.738523+00:00
Industrial Manufacturing & Transformation,METALURGICA INTERNACIONAL 38 S.A. DE C.V.,metalurgicainterna.mx,Rodrigo Hernández,Chief Financial Officer (CFO),C_SUITE,FINANCE,rhernández@metalurgicainterna.mx,VERIFIED,85,+527040524870,2026-09-06T14:31:01.738523+00:00
Industrial Manufacturing & Transformation,METALURGICA INTERNACIONAL 38 S.A. DE C.V.,metalurgicainterna.mx,Daniel Martínez,Chief Financial Officer (CFO),C_SUITE,FINANCE,dmartínez@metalurgicainterna.mx,VERIFIED,85,+524949848226,2026-09-06T14:31:01.738523+00:00
Industrial Manufacturing & Transformation,METALURGICA INTERNACIONAL S.A.P.I. DE C.V.,metalurgicainterna.com,Carlos Ruiz,Founder,FOUNDER,EXECUTIVE,cruiz@metalurgicainterna.com,VERIFIED,85,+526880406314,2026-09-06T14:31:01.738523+00:00
Industrial Manufacturing & Transformation,METALURGICA INTERNACIONAL S.A.P.I. DE C.V.,metalurgicainterna.com,Daniel Salinas,Chief Financial Officer (CFO),C_SUITE,FINANCE,dsalinas@metalurgicainterna.com,VERIFIED,85,+524545264249,2026-09-06T14:31:01.738523+00:00
Industrial Manufacturing & Transformation,METALURGICA INTERNACIONAL S.A.S.,metalurgicainterna.com.mx,Carlos Navarro,Chief Executive Officer (CEO),C_SUITE,EXECUTIVE,cnavarro@metalurgicainterna.com.mx,VERIFIED,85,+526193467567,2026-09-06T14:31:01.738523+00:00
Industrial Manufacturing & Transformation,TRANSFORMADORA NACIONAL S.A.P.I. DE C.V.,transformadoranaci.com,Alejandro Dominguez,Chief Revenue Officer (CRO),C_SUITE,SALES_MARKETING,adominguez@transformadoranaci.com,VERIFIED,85,+528161316044,2026-09-06T14:31:01.742373+00:00
Industrial Manufacturing & Transformation,METALURGICA MEXICANA S.A.B. DE C.V.,metalurgicamexican.mx,Carlos Dominguez,Chief Executive Officer (CEO),C_SUITE,EXECUTIVE,cdominguez@metalurgicamexican.mx,VERIFIED,85,+527011414158,2026-09-06T14:31:01.743988+00:00
Industrial Manufacturing & Transformation,METALURGICA MEXICANA S.A.B. DE C.V.,metalurgicamexican.mx,Gabriel López,Founder,FOUNDER,EXECUTIVE,glópez@metalurgicamexican.mx,VERIFIED,85,+529095833259,2026-09-06T14:31:01.743988+00:00
Industrial Manufacturing & Transformation,METALURGICA MEXICANA S.A.B. DE C.V.,metalurgicamexican.mx,Rodrigo Navarro,Chief Revenue Officer (CRO),C_SUITE,SALES_MARKETING,rnavarro@metalurgicamexican.mx,VERIFIED,85,+529730378159,2026-09-06T14:31:01.743988+00:00
Industrial Manufacturing & Transformation,METALURGICA ESPECIALIZADA S.A.P.I. DE C.V.,metalurgicaespecia.com,Jorge Navarro,Chief Executive Officer (CEO),C_SUITE,EXECUTIVE,jnavarro@metalurgicaespecia.com,VERIFIED,85,+526248410240,2026-09-06T14:31:01.743988+00:00
Industrial Manufacturing & Transformation,METALURGICA ESPECIALIZADA S.A.B. DE C.V.,metalurgicaespecia.com.mx,Javier Vega,Chief Technology Officer (CTO),C_SUITE,ENGINEERING_IT,jvega@metalurgicaespecia.com.mx,VERIFIED,85,+526013391532,2026-09-06T14:31:01.743988+00:00
Industrial Manufacturing & Transformation,METALURGICA ESPECIALIZADA S.A.P.I. DE C.V.,metalurgicaespecia.com,Fernando Mendoza,Chief Executive Officer (CEO),C_SUITE,EXECUTIVE,fmendoza@metalurgicaespecia.com,VERIFIED,85,+528126981889,2026-09-06T14:31:01.744992+00:00
Industrial Manufacturing & Transformation,METALURGICA ESPECIALIZADA S.A.P.I. DE C.V.,metalurgicaespecia.com,Javier Benítez,Chief Executive Officer (CEO),C_SUITE,EXECUTIVE,jbenítez@metalurgicaespecia.com,VERIFIED,85,+528442385150,2026-09-06T14:31:01.744992+00:00
Industrial Manufacturing & Transformation,METALURGICA ESPECIALIZADA S.A.P.I. DE C.V.,metalurgicaespecia.com,Patricia Valenzuela,Founder,FOUNDER,EXECUTIVE,pvalenzuela@metalurgicaespecia.com,VERIFIED,85,+524418460909,2026-09-06T14:31:01.744992+00:00
Industrial Manufacturing & Transformation,METALURGICA ESPECIALIZADA S.A.P.I. DE C.V.,metalurgicaespecia.com,Mariana Ruiz,Founder,FOUNDER,EXECUTIVE,mruiz@metalurgicaespecia.com,VERIFIED,85,+524164483182,2026-09-06T14:31:01.744992+00:00
Industrial Manufacturing & Transformation,METALURGICA AVANZADA 27 S. DE R.L. DE C.V.,metalurgicaavanzad.com,Roberto Castro,Chief Technology Officer (CTO),C_SUITE,ENGINEERING_IT,rcastro@metalurgicaavanzad.com,VERIFIED,85,+529844118359,2026-09-06T14:31:01.744992+00:00
Industrial Manufacturing & Transformation,METALURGICA AVANZADA 27 S. DE R.L. DE C.V.,metalurgicaavanzad.com,Miguel Martínez,Chief Human Resources Officer (CHRO),C_SUITE,HR_PEOPLE,mmartínez@metalurgicaavanzad.com,VERIFIED,85,+524819408014,2026-09-06T14:31:01.744992+00:00
Industrial Manufacturing & Transformation,METALURGICA AVANZADA 27 S. DE R.L. DE C.V.,metalurgicaavanzad.com,Javier Villaseñor,Chief Financial Officer (CFO),C_SUITE,FINANCE,jvillaseñor@metalurgicaavanzad.com,VERIFIED,85,+527273329450,2026-09-06T14:31:01.744992+00:00
Industrial Manufacturing & Transformation,METALURGICA AVANZADA 27 S. DE R.L. DE C.V.,metalurgicaavanzad.com,David Villaseñor,Chief Revenue Officer (CRO),C_SUITE,SALES_MARKETING,dvillaseñor@metalurgicaavanzad.com,VERIFIED,85,+529187505490,2026-09-06T14:31:01.744992+00:00
Industrial Manufacturing & Transformation,METALURGICA AVANZADA S.A.B. DE C.V.,metalurgicaavanzad.com.mx,Daniel Navarro,Chief Executive Officer (CEO),C_SUITE,EXECUTIVE,dnavarro@metalurgicaavanzad.com.mx,VERIFIED,85,+526282098099,2026-09-06T14:31:01.744992+00:00
Industrial Manufacturing & Transformation,METALURGICA NACIONAL S. DE R.L. DE C.V.,metalurgicanaciona.com.mx,Gabriel Dominguez,Chief Technology Officer (CTO),C_SUITE,ENGINEERING_IT,gdominguez@metalurgicanaciona.com.mx,VERIFIED,85,+525195499788,2026-09-06T14:31:01.744992+00:00
Industrial Manufacturing & Transformation,METALURGICA NACIONAL S.A.S.,metalurgicanaciona.mx,Rodrigo Ruiz,Chief Financial Officer (CFO),C_SUITE,FINANCE,rruiz@metalurgicanaciona.mx,VERIFIED,85,+528996751002,2026-09-06T14:31:01.744992+00:00
Industrial Manufacturing & Transformation,METALURGICA NACIONAL S.A.S.,metalurgicanaciona.mx,Claudia Garza,Chief Executive Officer (CEO),C_SUITE,EXECUTIVE,cgarza@metalurgicanaciona.mx,VERIFIED,85,+526184042234,2026-09-06T14:31:01.744992+00:00
Industrial Manufacturing & Transformation,METALURGICA CENTRAL S.A.P.I. DE C.V.,metalurgicacentral.mx,Javier Castro,Chief Operating Officer (COO),C_SUITE,OPERATIONS,jcastro@metalurgicacentral.mx,VERIFIED,85,+524877783844,2026-09-06T14:31:01.746734+00:00
Industrial Manufacturing & Transformation,METALURGICA CENTRAL S.A.P.I. DE C.V.,metalurgicacentral.mx,Javier Hernández,Founder,FOUNDER,EXECUTIVE,jhernández@metalurgicacentral.mx,VERIFIED,85,+529760772069,2026-09-06T14:31:01.746734+00:00
Industrial Manufacturing & Transformation,METALURGICA CENTRAL S.A.P.I. DE C.V.,metalurgicacentral.mx,Roberto Dominguez,Founder,FOUNDER,EXECUTIVE,rdominguez@metalurgicacentral.com,VERIFIED,85,+525068980999,2026-09-06T14:31:01.746734+00:00
Industrial Manufacturing & Transformation,METALURGICA MODERNA S. DE R.L. DE C.V.,metalurgicamoderna.com,Eduardo Ruiz,Chief Human Resources Officer (CHRO),C_SUITE,HR_PEOPLE,eruiz@metalurgicamoderna.com,VERIFIED,85,+528077306043,2026-09-06T14:31:01.747516+00:00
Industrial Manufacturing & Transformation,METALURGICA MODERNA S. DE R.L. DE C.V.,metalurgicamoderna.com,Alejandro Garza,Founder,FOUNDER,EXECUTIVE,agarza@metalurgicamoderna.com,VERIFIED,85,+529317207257,2026-09-06T14:31:01.747516+00:00
Industrial Manufacturing & Transformation,METALURGICA MODERNA S. DE R.L. DE C.V.,metalurgicamoderna.com,Gabriel Vega,Chief Executive Officer (CEO),C_SUITE,EXECUTIVE,gvega@metalurgicamoderna.com.mx,VERIFIED,85,+527876150951,2026-09-06T14:31:01.747516+00:00
Industrial Manufacturing & Transformation,METALURGICA MODERNA S.A.P.I. DE C.V.,metalurgicamoderna.mx,Alejandro Martínez,Chief Financial Officer (CFO),C_SUITE,FINANCE,amartínez@metalurgicamoderna.mx,VERIFIED,85,+529737572869,2026-09-06T14:31:01.747516+00:00
Industrial Manufacturing & Transformation,TRANSFORMADORA LATINOAMERICANA S.A.B. DE C.V.,transformadoralati.mx,David Martínez,Chief Executive Officer (CEO),C_SUITE,EXECUTIVE,dmartínez@transformadoralati.mx,VERIFIED,85,+526934786886,2026-09-06T14:31:01.747516+00:00
Industrial Manufacturing & Transformation,TRANSFORMADORA LATINOAMERICANA S. DE R.L. DE C.V.,transformadoralati.com.mx,Fernando Navarro,Chief Operating Officer (COO),C_SUITE,OPERATIONS,fnavarro@transformadoralati.com.mx,VERIFIED,85,+525847716620,2026-09-06T14:31:01.747516+00:00
Industrial Manufacturing & Transformation,TRANSFORMADORA AVANZADA S.A.S.,transformadoraavan.mx,Fernando Benítez,Chief Operating Officer (COO),C_SUITE,OPERATIONS,fbenítez@transformadoraavan.mx,VERIFIED,85,+525592183068,2026-09-06T14:31:01.747516+00:00
Industrial Manufacturing & Transformation,TRANSFORMADORA AVANZADA S.A.S.,transformadoraavan.mx,Jorge Salinas,Founder,FOUNDER,EXECUTIVE,jsalinas@transformadoraavan.mx,VERIFIED,85,+525542559623,2026-09-06T14:31:01.747516+00:00
Industrial Manufacturing & Transformation,METALURGICA DEL NORTE S.C.,metalurgicadelnort.com,Roberto Mendoza,Chief Revenue Officer (CRO),C_SUITE,SALES_MARKETING,rmendoza@metalurgicadelnort.com,VERIFIED,85,+528387162655,2026-09-06T14:31:01.747516+00:00
Industrial Manufacturing & Transformation,METALURGICA DEL CENTRO 27 S.A.B. DE C.V.,metalurgicadelcent.com,Fernando Hernández,Chief Revenue Officer (CRO),C_SUITE,SALES_MARKETING,fhernández@metalurgicadelcent.com,VERIFIED,85,+527878953214,2026-09-06T14:31:01.747516+00:00
Industrial Manufacturing & Transformation,METALURGICA DEL CENTRO 27 S.A.B. DE C.V.,metalurgicadelcent.com,Patricia Ruiz,Chief Operating Officer (COO),C_SUITE,OPERATIONS,pruiz@metalurgicadelcent.com,VERIFIED,85,+525918619131,2026-09-06T14:31:01.747516+00:00
Industrial Manufacturing & Transformation,METALURGICA DEL CENTRO S.A. DE C.V.,metalurgicadelcent.com.mx,Alejandro Dominguez,Chief Revenue Officer (CRO),C_SUITE,SALES_MARKETING,adominguez@metalurgicadelcent.com.mx,VERIFIED,85,+528927629050,2026-09-06T14:31:01.747516+00:00
Industrial Manufacturing & Transformation,METALURGICA DEL NORTE S. DE R.L. DE C.V.,metalurgicadelnort.com.mx,Sofia Hernández,Chief Technology Officer (CTO),C_SUITE,ENGINEERING_IT,shernández@metalurgicadelnort.com.mx,VERIFIED,85,+524480231783,2026-09-06T14:31:01.747516+00:00
Industrial Manufacturing & Transformation,METALURGICA DEL PACIFICO S.A.P.I. DE C.V.,metalurgicadelpaci.com,Sofia Salinas,Founder,FOUNDER,EXECUTIVE,ssalinas@metalurgicadelpaci.com,VERIFIED,85,+525048006883,2026-09-06T14:31:01.747516+00:00
Industrial Manufacturing & Transformation,METALURGICA DEL PACIFICO S.A.P.I. DE C.V.,metalurgicadelpaci.com,Jorge Alarcón,Chief Human Resources Officer (CHRO),C_SUITE,HR_PEOPLE,jalarcón@metalurgicadelpaci.com.mx,VERIFIED,85,+529498880801,2026-09-06T14:31:01.747516+00:00
Industrial Manufacturing & Transformation,METALURGICA DEL PACIFICO S.C.,metalurgicadelpaci.mx,Eduardo Alarcón,Chief Financial Officer (CFO),C_SUITE,FINANCE,ealarcón@metalurgicadelpaci.mx,VERIFIED,85,+527114219512,2026-09-06T14:31:01.747516+00:00
Industrial Manufacturing & Transformation,METALURGICA DEL NORTE S.A.S.,metalurgicadelnort.mx,Hector Morales,Chief Executive Officer (CEO),C_SUITE,EXECUTIVE,hmorales@metalurgicadelnort.mx,VERIFIED,85,+524819349395,2026-09-06T14:31:01.747516+00:00
Industrial Manufacturing & Transformation,METALURGICA DEL BAJIO S.A.S.,metalurgicadelbaji.com.mx,Miguel Salinas,Chief Human Resources Officer (CHRO),C_SUITE,HR_PEOPLE,msalinas@metalurgicadelbaji.com.mx,VERIFIED,85,+527357127833,2026-09-06T14:31:01.747516+00:00
Industrial Manufacturing & Transformation,METALURGICA DEL BAJIO S.A.S.,metalurgicadelbaji.com.mx,Miguel Hernández,Chief Technology Officer (CTO),C_SUITE,ENGINEERING_IT,mhernández@metalurgicadelbaji.com.mx,VERIFIED,85,+527358729037,2026-09-06T14:31:01.747516+00:00
Industrial Manufacturing & Transformation,METALURGICA DEL BAJIO S.A. DE C.V.,metalurgicadelbaji.mx,Andrea Castro,Chief Financial Officer (CFO),C_SUITE,FINANCE,acastro@metalurgicadelbaji.mx,VERIFIED,85,+529911643114,2026-09-06T14:31:01.747516+00:00
Industrial Manufacturing & Transformation,TRANSFORMADORA ESTRATEGICA S.A. DE C.V.,transformadoraestr.com,Rodrigo Villaseñor,Chief Financial Officer (CFO),C_SUITE,FINANCE,rvillaseñor@transformadoraestr.com,VERIFIED,85,+528752253251,2026-09-06T14:31:01.747516+00:00
Industrial Manufacturing & Transformation,TRANSFORMADORA ESTRATEGICA S.C.,transformadoraestr.mx,Adriana González,Chief Operating Officer (COO),C_SUITE,OPERATIONS,agonzález@transformadoraestr.mx,VERIFIED,85,+528075825025,2026-09-06T14:31:01.747516+00:00
Industrial Manufacturing & Transformation,TRANSFORMADORA DINAMICA S.A. DE C.V.,transformadoradina.com.mx,Patricia García,Chief Operating Officer (COO),C_SUITE,OPERATIONS,pgarcía@transformadoradina.com.mx,VERIFIED,85,+529018648308,2026-09-06T14:31:01.747516+00:00
Industrial Manufacturing & Transformation,TRANSFORMADORA DINAMICA S.A. DE C.V.,transformadoradina.com.mx,Miguel Martínez,Chief Executive Officer (CEO),C_SUITE,EXECUTIVE,mmartínez@transformadoradina.com.mx,VERIFIED,85,+524353411134,2026-09-06T14:31:01.747516+00:00
Industrial Manufacturing & Transformation,METALURGICA LATINOAMERICANA S.C.,metalurgicalatinoa.mx,Javier Mendoza,Chief Executive Officer (CEO),C_SUITE,EXECUTIVE,jmendoza@metalurgicalatinoa.mx,VERIFIED,85,+525583258980,2026-09-06T14:31:01.747516+00:00
Industrial Manufacturing & Transformation,METALURGICA LATINOAMERICANA S.C.,metalurgicalatinoa.mx,Rodrigo Ruiz,Founder,FOUNDER,EXECUTIVE,rruiz@metalurgicalatinoa.com.mx,VERIFIED,85,+525573571332,2026-09-06T14:31:01.747516+00:00
Industrial Manufacturing & Transformation,METALURGICA LATINOAMERICANA S.C.,metalurgicalatinoa.mx,Roberto Villaseñor,Chief Operating Officer (COO),C_SUITE,OPERATIONS,rvillaseñor@metalurgicalatinoa.mx,VERIFIED,85,+525552574980,2026-09-06T14:31:01.747516+00:00
Industrial Manufacturing & Transformation,METALURGICA LATINOAMERICANA S.C.,metalurgicalatinoa.mx,Guillermo Castro,Founder,FOUNDER,EXECUTIVE,gcastro@metalurgicalatinoa.mx,VERIFIED,85,+525575929761,2026-09-06T14:31:01.747516+00:00
Industrial Manufacturing & Transformation,METALURGICA LATINOAMERICANA S.C.,metalurgicalatinoa.com,Hector Vega,Chief Revenue Officer (CRO),C_SUITE,SALES_MARKETING,hvega@metalurgicalatinoa.com,VERIFIED,85,+525550977752,2026-09-06T14:31:01.747516+00:00
Industrial Manufacturing & Transformation,METALURGICA EMPRESARIAL S.A.P.I. DE C.V.,metalurgicaempresa.mx,Miguel Salinas,Chief Financial Officer (CFO),C_SUITE,FINANCE,msalinas@metalurgicaempresa.mx,VERIFIED,85,+525510763106,2026-09-06T14:31:01.747516+00:00
Industrial Manufacturing & Transformation,METALURGICA EMPRESARIAL S.A.P.I. DE C.V.,metalurgicaempresa.mx,Patricia Alarcón,Founder,FOUNDER,EXECUTIVE,palarcón@metalurgicaempresa.mx,VERIFIED,85,+525558523400,2026-09-06T14:31:01.747516+00:00
Industrial Manufacturing & Transformation,METALURGICA EMPRESARIAL 26 S.A.B. DE C.V.,metalurgicaempresa.com.mx,Hector Treviño,Chief Financial Officer (CFO),C_SUITE,FINANCE,htreviño@metalurgicaempresa.com.mx,VERIFIED,85,+525588787711,2026-09-06T14:31:01.747516+00:00
Industrial Manufacturing & Transformation,METALURGICA EMPRESARIAL S.A.S.,metalurgicaempresa.com,Roberto Morales,Chief Human Resources Officer (CHRO),C_SUITE,HR_PEOPLE,rmorales@metalurgicaempresa.com,VERIFIED,85,+525572743465,2026-09-06T14:31:01.747516+00:00
Industrial Manufacturing & Transformation,METALURGICA EMPRESARIAL S.A.S.,metalurgicaempresa.com,Andrea López,Chief Human Resources Officer (CHRO),C_SUITE,HR_PEOPLE,alópez@metalurgicaempresa.com,VERIFIED,85,+525529386194,2026-09-06T14:31:01.747516+00:00
Industrial Manufacturing & Transformation,METALURGICA DINAMICA S. DE R.L. DE C.V.,metalurgicadinamic.com.mx,Fernando Navarro,Chief Operating Officer (COO),C_SUITE,OPERATIONS,fnavarro@metalurgicadinamic.com.mx,VERIFIED,85,+527538750838,2026-09-06T14:31:01.747516+00:00
Industrial Manufacturing & Transformation,METALURGICA DINAMICA S. DE R.L. DE C.V.,metalurgicadinamic.com.mx,Miguel Castro,Chief Operating Officer (COO),C_SUITE,OPERATIONS,mcastro@metalurgicadinamic.com.mx,VERIFIED,85,+525120959671,2026-09-06T14:31:01.747516+00:00
Industrial Manufacturing & Transformation,METALURGICA DINAMICA S.A.S.,metalurgicadinamic.mx,Adriana Garza,Chief Human Resources Officer (CHRO),C_SUITE,HR_PEOPLE,agarza@metalurgicadinamic.mx,VERIFIED,85,+524242358795,2026-09-06T14:31:01.747516+00:00
Industrial Manufacturing & Transformation,METALURGICA DE LAS AMERICAS S. DE R.L. DE C.V.,metalurgicadelasam.mx,Luis Dominguez,Chief Financial Officer (CFO),C_SUITE,FINANCE,ldominguez@metalurgicadelasam.mx,VERIFIED,85,+525149153800,2026-09-06T14:31:01.747516+00:00
Industrial Manufacturing & Transformation,METALURGICA DE LAS AMERICAS S. DE R.L. DE C.V.,metalurgicadelasam.mx,Jorge Valenzuela,Chief Financial Officer (CFO),C_SUITE,FINANCE,jvalenzuela@metalurgicadelasam.mx,VERIFIED,85,+525680355979,2026-09-06T14:31:01.747516+00:00
Industrial Manufacturing & Transformation,METALURGICA DE OCCIDENTE S.A.P.I. DE C.V.,metalurgicadeoccid.com.mx,Javier López,Chief Revenue Officer (CRO),C_SUITE,SALES_MARKETING,jlópez@metalurgicadeoccid.com.mx,VERIFIED,85,+525695552885,2026-09-06T14:31:01.747516+00:00
Industrial Manufacturing & Transformation,METALURGICA DE OCCIDENTE S.A.P.I. DE C.V.,metalurgicadeoccid.mx,Mariana Villaseñor,Chief Operating Officer (COO),C_SUITE,OPERATIONS,mvillaseñor@metalurgicadeoccid.mx,VERIFIED,85,+527814025616,2026-09-06T14:31:01.747516+00:00
Industrial Manufacturing & Transformation,METALURGICA DE OCCIDENTE S.A.P.I. DE C.V.,metalurgicadeoccid.mx,Hector Mendoza,Chief Executive Officer (CEO),C_SUITE,EXECUTIVE,hmendoza@metalurgicadeoccid.mx,VERIFIED,85,+524171310472,2026-09-06T14:31:01.747516+00:00
Industrial Manufacturing & Transformation,TRANSFORMADORA MODERNA S.A. DE C.V.,transformadoramode.com,Mariana Valenzuela,Founder,FOUNDER,EXECUTIVE,mvalenzuela@transformadoramode.com,VERIFIED,85,+526682797933,2026-09-06T14:31:01.747516+00:00
Industrial Manufacturing & Transformation,TRANSFORMADORA MODERNA S.A. DE C.V.,transformadoramode.com,Eduardo Villaseñor,Chief Financial Officer (CFO),C_SUITE,FINANCE,evillaseñor@transformadoramode.com,VERIFIED,85,+527779787557,2026-09-06T14:31:01.747516+00:00
Industrial Manufacturing & Transformation,TRANSFORMADORA MODERNA S.A. DE C.V.,transformadoramode.com,Javier Mendoza,Chief Operating Officer (COO),C_SUITE,OPERATIONS,jmendoza@transformadoramode.mx,VERIFIED,85,+526675190124,2026-09-06T14:31:01.747516+00:00
Industrial Manufacturing & Transformation,TRANSFORMADORA MODERNA S.A.P.I. DE C.V.,transformadoramode.com.mx,Rodrigo Valenzuela,Chief Human Resources Officer (CHRO),C_SUITE,HR_PEOPLE,rvalenzuela@transformadoramode.com.mx,VERIFIED,85,+525797348549,2026-09-06T14:31:01.747516+00:00
Industrial Manufacturing & Transformation,TRANSFORMADORA GLOBAL S.A. DE C.V.,transformadoraglob.com.mx,Miguel Garza,Chief Executive Officer (CEO),C_SUITE,EXECUTIVE,mgarza@transformadoraglob.com.mx,VERIFIED,85,+526860533614,2026-09-06T14:31:01.747516+00:00
Industrial Manufacturing & Transformation,TRANSFORMADORA GLOBAL S.A. DE C.V.,transformadoraglob.com.mx,Claudia Valenzuela,Founder,FOUNDER,EXECUTIVE,cvalenzuela@transformadoraglob.com.mx,VERIFIED,85,+524896788269,2026-09-06T14:31:01.747516+00:00
Industrial Manufacturing & Transformation,TRANSFORMADORA GLOBAL S.A. DE C.V.,transformadoraglob.com.mx,David Valenzuela,Chief Technology Officer (CTO),C_SUITE,ENGINEERING_IT,dvalenzuela@transformadoraglob.com,VERIFIED,85,+529310938162,2026-09-06T14:31:01.747516+00:00
Industrial Manufacturing & Transformation,TRANSFORMADORA GLOBAL S.A. DE C.V.,transformadoraglob.com.mx,Carlos Martínez,Founder,FOUNDER,EXECUTIVE,cmartínez@transformadoraglob.com.mx,VERIFIED,85,+526428819315,2026-09-06T14:31:01.747516+00:00
Industrial Manufacturing & Transformation,TRANSFORMADORA GLOBAL S.A.P.I. DE C.V.,transformadoraglob.com,Daniel Vega,Founder,FOUNDER,EXECUTIVE,dvega@transformadoraglob.com,VERIFIED,85,+527242100969,2026-09-06T14:31:01.747516+00:00
Industrial Manufacturing & Transformation,METALURGICA EMPRESARIAL S. DE R.L. DE C.V.,metalurgicaempresa.mx,Eduardo Alarcón,Chief Financial Officer (CFO),C_SUITE,FINANCE,ealarcón@metalurgicaempresa.mx,VERIFIED,85,+526152194330,2026-09-06T14:31:01.747516+00:00
Industrial Manufacturing & Transformation,METALURGICA EMPRESARIAL 34 S.A.S.,metalurgicaempresa.com,Roberto Navarro,Founder,FOUNDER,EXECUTIVE,rnavarro@metalurgicaempresa.com,VERIFIED,85,+529880500485,2026-09-06T14:31:01.747516+00:00
Industrial Manufacturing & Transformation,METALURGICA MEXICANA S.A.B. DE C.V.,metalurgicamexican.com,Hector Castro,Chief Financial Officer (CFO),C_SUITE,FINANCE,hcastro@metalurgicamexican.com,VERIFIED,85,+529767144329,2026-09-06T14:31:01.747516+00:00
Industrial Manufacturing & Transformation,METALURGICA MEXICANA S.A.S.,metalurgicamexican.com.mx,Hector Benítez,Chief Human Resources Officer (CHRO),C_SUITE,HR_PEOPLE,hbenítez@metalurgicamexican.com.mx,VERIFIED,85,+524397654518,2026-09-06T14:31:01.747516+00:00
Industrial Manufacturing & Transformation,METALURGICA MEXICANA S.A.S.,metalurgicamexican.com.mx,Alejandro Salinas,Chief Executive Officer (CEO),C_SUITE,EXECUTIVE,asalinas@metalurgicamexican.com.mx,VERIFIED,85,+527748746004,2026-09-06T14:31:01.747516+00:00
Industrial Manufacturing & Transformation,METALURGICA NACIONAL S.C.,metalurgicanaciona.com,Guillermo López,Chief Human Resources Officer (CHRO),C_SUITE,HR_PEOPLE,glópez@metalurgicanaciona.com,VERIFIED,85,+528613570879,2026-09-06T14:31:01.747516+00:00
Industrial Manufacturing & Transformation,METALURGICA NACIONAL S.C.,metalurgicanaciona.com,Eduardo Villaseñor,Founder,FOUNDER,EXECUTIVE,evillaseñor@metalurgicanaciona.com,VERIFIED,85,+525710778279,2026-09-06T14:31:01.747516+00:00
Industrial Manufacturing & Transformation,METALURGICA NACIONAL S.A.S.,metalurgicanaciona.com.mx,Miguel García,Chief Technology Officer (CTO),C_SUITE,ENGINEERING_IT,mgarcía@metalurgicanaciona.com.mx,VERIFIED,85,+525627989969,2026-09-06T14:31:01.747516+00:00
Industrial Manufacturing & Transformation,METALURGICA NACIONAL S.C.,metalurgicanaciona.mx,Alejandro González,Chief Executive Officer (CEO),C_SUITE,EXECUTIVE,agonzález@metalurgicanaciona.mx,VERIFIED,85,+524863263139,2026-09-06T14:31:01.747516+00:00
Industrial Manufacturing & Transformation,METALURGICA MEXICANA S.A.P.I. DE C.V.,metalurgicamexican.mx,Adriana Hernández,Founder,FOUNDER,EXECUTIVE,ahernández@metalurgicamexican.mx,VERIFIED,85,+528798691939,2026-09-06T14:31:01.747516+00:00
Industrial Manufacturing & Transformation,METALURGICA MEXICANA 79 S.C.,metalurgicamexican.com,Daniel Treviño,Chief Operating Officer (COO),C_SUITE,OPERATIONS,dtreviño@metalurgicamexican.com,VERIFIED,85,+525770204718,2026-09-06T14:31:01.747516+00:00
Industrial Manufacturing & Transformation,TRANSFORMADORA DE LAS AMERICAS 86 S. DE R.L. DE C.V.,transformadoradela.com,Mariana Castro,Chief Executive Officer (CEO),C_SUITE,EXECUTIVE,mcastro@transformadoradela.com,VERIFIED,85,+529377158400,2026-09-06T14:31:01.747516+00:00
Industrial Manufacturing & Transformation,TRANSFORMADORA DE LAS AMERICAS 86 S. DE R.L. DE C.V.,transformadoradela.com,Guillermo Benítez,Chief Executive Officer (CEO),C_SUITE,EXECUTIVE,gbenítez@transformadoradela.com,VERIFIED,85,+525665847310,2026-09-06T14:31:01.747516+00:00
Industrial Manufacturing & Transformation,TRANSFORMADORA DE LAS AMERICAS S.A. DE C.V.,transformadoradela.mx,Gabriel Garza,Chief Human Resources Officer (CHRO),C_SUITE,HR_PEOPLE,ggarza@transformadoradela.mx,VERIFIED,85,+526730439907,2026-09-06T14:31:01.747516+00:00
Industrial Manufacturing & Transformation,TRANSFORMADORA DE LAS AMERICAS S.A. DE C.V.,transformadoradela.mx,Rodrigo García,Chief Operating Officer (COO),C_SUITE,OPERATIONS,rgarcía@transformadoradela.mx,VERIFIED,85,+524982441628,2026-09-06T14:31:01.747516+00:00
Industrial Manufacturing & Transformation,METALURGICA CENTRAL S.A. DE C.V.,metalurgicacentral.com,Claudia Benítez,Founder,FOUNDER,EXECUTIVE,cbenítez@metalurgicacentral.com,VERIFIED,85,+529423141007,2026-09-06T14:31:01.747516+00:00
Industrial Manufacturing & Transformation,METALURGICA CENTRAL S.A. DE C.V.,metalurgicacentral.com,Eduardo Treviño,Chief Executive Officer (CEO),C_SUITE,EXECUTIVE,etreviño@metalurgicacentral.com,VERIFIED,85,+528165576296,2026-09-06T14:31:01.747516+00:00
Industrial Manufacturing & Transformation,METALURGICA CENTRAL S.A. DE C.V.,metalurgicacentral.mx,Daniel Garza,Chief Executive Officer (CEO),C_SUITE,EXECUTIVE,dgarza@metalurgicacentral.mx,VERIFIED,85,+529781626803,2026-09-06T14:31:01.747516+00:00
Industrial Manufacturing & Transformation,METALURGICA CENTRAL S.A.B. DE C.V.,metalurgicacentral.com.mx,Carlos Benítez,Chief Technology Officer (CTO),C_SUITE,ENGINEERING_IT,cbenítez@metalurgicacentral.com.mx,VERIFIED,85,+525080531646,2026-09-06T14:31:01.747516+00:00
Industrial Manufacturing & Transformation,METALURGICA INTERNACIONAL S.C.,metalurgicainterna.com,Adriana Valenzuela,Chief Executive Officer (CEO),C_SUITE,EXECUTIVE,avalenzuela@metalurgicainterna.com,VERIFIED,85,+525351511599,2026-09-06T14:31:01.747516+00:00
Industrial Manufacturing & Transformation,METALURGICA INTERNACIONAL S.C.,metalurgicainterna.com,Guillermo Navarro,Chief Technology Officer (CTO),C_SUITE,ENGINEERING_IT,gnavarro@metalurgicainterna.com,VERIFIED,85,+528534440464,2026-09-06T14:31:01.747516+00:00
Industrial Manufacturing & Transformation,METALURGICA INTERNACIONAL S.C.,metalurgicainterna.com,Sofia Vega,Chief Technology Officer (CTO),C_SUITE,ENGINEERING_IT,svega@metalurgicainterna.com,VERIFIED,85,+528798804495,2026-09-06T14:31:01.747516+00:00
Industrial Manufacturing & Transformation,METALURGICA INTERNACIONAL S. DE R.L. DE C.V.,metalurgicainterna.com.mx,Patricia Villaseñor,Founder,FOUNDER,EXECUTIVE,pvillaseñor@metalurgicainterna.com.mx,VERIFIED,85,+526846032396,2026-09-06T14:31:01.747516+00:00
Industrial Manufacturing & Transformation,METALURGICA INTERNACIONAL S. DE R.L. DE C.V.,metalurgicainterna.com.mx,Roberto Navarro,Chief Operating Officer (COO),C_SUITE,OPERATIONS,rnavarro@metalurgicainterna.com.mx,VERIFIED,85,+526041417088,2026-09-06T14:31:01.747516+00:00
Industrial Manufacturing & Transformation,TRANSFORMADORA DE LAS AMERICAS S.A.S.,transformadoradela.com,David Salinas,Chief Technology Officer (CTO),C_SUITE,ENGINEERING_IT,dsalinas@transformadoradela.com,VERIFIED,85,+526960778232,2026-09-06T14:31:01.747516+00:00
Industrial Manufacturing & Transformation,TRANSFORMADORA DE OCCIDENTE S. DE R.L. DE C.V.,transformadoradeoc.mx,Claudia Morales,Chief Executive Officer (CEO),C_SUITE,EXECUTIVE,cmorales@transformadoradeoc.mx,VERIFIED,85,+528661009467,2026-09-06T14:31:01.747516+00:00
Industrial Manufacturing & Transformation,TRANSFORMADORA DE OCCIDENTE S. DE R.L. DE C.V.,transformadoradeoc.mx,Patricia Treviño,Chief Executive Officer (CEO),C_SUITE,EXECUTIVE,ptreviño@transformadoradeoc.mx,VERIFIED,85,+525864530444,2026-09-06T14:31:01.747516+00:00
Industrial Manufacturing & Transformation,TRANSFORMADORA DE LAS AMERICAS S.A.P.I. DE C.V.,transformadoradela.com.mx,Rodrigo Morales,Founder,FOUNDER,EXECUTIVE,rmorales@transformadoradela.com.mx,VERIFIED,85,+524281989588,2026-09-06T14:31:01.747516+00:00
Industrial Manufacturing & Transformation,TRANSFORMADORA DE OCCIDENTE S. DE R.L. DE C.V.,transformadoradeoc.com.mx,Javier López,Founder,FOUNDER,EXECUTIVE,jlópez@transformadoradeoc.com.mx,VERIFIED,85,+527645816506,2026-09-06T14:31:01.747516+00:00
Industrial Manufacturing & Transformation,METALURGICA LATINOAMERICANA 6 S.C.,metalurgicalatinoa.mx,David López,Chief Executive Officer (CEO),C_SUITE,EXECUTIVE,dlópez@metalurgicalatinoa.mx,VERIFIED,85,+524998677841,2026-09-06T14:31:01.758718+00:00
Industrial Manufacturing & Transformation,METALURGICA LATINOAMERICANA 6 S.C.,metalurgicalatinoa.mx,Miguel Vega,Chief Technology Officer (CTO),C_SUITE,ENGINEERING_IT,mvega@metalurgicalatinoa.mx,VERIFIED,85,+527721714008,2026-09-06T14:31:01.758718+00:00
Industrial Manufacturing & Transformation,METALURGICA LATINOAMERICANA S. DE R.L. DE C.V.,metalurgicalatinoa.com.mx,Gabriel Alarcón,Chief Financial Officer (CFO),C_SUITE,FINANCE,galarcón@metalurgicalatinoa.com.mx,VERIFIED,85,+525188045908,2026-09-06T14:31:01.758718+00:00
Industrial Manufacturing & Transformation,TRANSFORMADORA INTEGRAL 95 S.A.B. DE C.V.,transformadorainte.com.mx,Miguel Navarro,Chief Human Resources Officer (CHRO),C_SUITE,HR_PEOPLE,mnavarro@transformadorainte.com.mx,VERIFIED,85,+526272763186,2026-09-06T14:31:01.758718+00:00
Industrial Manufacturing & Transformation,TRANSFORMADORA INTEGRAL 95 S.A.B. DE C.V.,transformadorainte.com.mx,Alejandro García,Chief Executive Officer (CEO),C_SUITE,EXECUTIVE,agarcía@transformadorainte.com.mx,VERIFIED,85,+527835537892,2026-09-06T14:31:01.759433+00:00
Industrial Manufacturing & Transformation,TRANSFORMADORA INTEGRAL S.C.,transformadorainte.mx,Rodrigo Navarro,Chief Financial Officer (CFO),C_SUITE,FINANCE,rnavarro@transformadorainte.mx,VERIFIED,85,+527518536943,2026-09-06T14:31:01.759433+00:00
Industrial Manufacturing & Transformation,METALURGICA ESTRATEGICA S. DE R.L. DE C.V.,metalurgicaestrate.mx,David González,Chief Human Resources Officer (CHRO),C_SUITE,HR_PEOPLE,dgonzález@metalurgicaestrate.mx,VERIFIED,85,+529942136302,2026-09-06T14:31:01.760926+00:00
Industrial Manufacturing & Transformation,METALURGICA ESTRATEGICA S.A.P.I. DE C.V.,metalurgicaestrate.com,Hector González,Chief Operating Officer (COO),C_SUITE,OPERATIONS,hgonzález@metalurgicaestrate.com,VERIFIED,85,+528117947425,2026-09-06T14:31:01.760926+00:00
Industrial Manufacturing & Transformation,METALURGICA ESTRATEGICA 19 S.A.P.I. DE C.V.,metalurgicaestrate.com.mx,Claudia Treviño,Chief Financial Officer (CFO),C_SUITE,FINANCE,ctreviño@metalurgicaestrate.com.mx,VERIFIED,85,+528489207838,2026-09-06T14:31:01.760926+00:00
Industrial Manufacturing & Transformation,METALURGICA DINAMICA S.A.B. DE C.V.,metalurgicadinamic.com.mx,Gabriel Benítez,Chief Executive Officer (CEO),C_SUITE,EXECUTIVE,gbenítez@metalurgicadinamic.com.mx,VERIFIED,85,+527071434962,2026-09-06T14:31:01.760926+00:00
Industrial Manufacturing & Transformation,TRANSFORMADORA DINAMICA S.C.,transformadoradina.com,Eduardo López,Chief Operating Officer (COO),C_SUITE,OPERATIONS,elópez@transformadoradina.com,VERIFIED,85,+529494314787,2026-09-06T14:31:01.760926+00:00
Industrial Manufacturing & Transformation,TRANSFORMADORA DINAMICA S.C.,transformadoradina.com,Roberto Villaseñor,Chief Operating Officer (COO),C_SUITE,OPERATIONS,rvillaseñor@transformadoradina.com,VERIFIED,85,+524253071464,2026-09-06T14:31:01.760926+00:00
Industrial Manufacturing & Transformation,TRANSFORMADORA DINAMICA S.C.,transformadoradina.com,David Garza,Chief Revenue Officer (CRO),C_SUITE,SALES_MARKETING,dgarza@transformadoradina.com,VERIFIED,85,+528170478598,2026-09-06T14:31:01.760926+00:00
Industrial Manufacturing & Transformation,TRANSFORMADORA DINAMICA S.A. DE C.V.,transformadoradina.mx,Alejandro Navarro,Chief Technology Officer (CTO),C_SUITE,ENGINEERING_IT,anavarro@transformadoradina.mx,VERIFIED,85,+525364590328,2026-09-06T14:31:01.760926+00:00
Industrial Manufacturing & Transformation,TRANSFORMADORA MODERNA S.A.P.I. DE C.V.,transformadoramode.com.mx,Fernando Navarro,Founder,FOUNDER,EXECUTIVE,fnavarro@transformadoramode.com.mx,VERIFIED,85,+528119740276,2026-09-06T14:31:01.760926+00:00
Industrial Manufacturing & Transformation,TRANSFORMADORA MODERNA S.A.P.I. DE C.V.,transformadoramode.com.mx,Daniel Garza,Chief Technology Officer (CTO),C_SUITE,ENGINEERING_IT,dgarza@transformadoramode.com.mx,VERIFIED,85,+528198286117,2026-09-06T14:31:01.760926+00:00
Industrial Manufacturing & Transformation,TRANSFORMADORA MODERNA S.A.P.I. DE C.V.,transformadoramode.com.mx,Patricia Castro,Chief Operating Officer (COO),C_SUITE,OPERATIONS,pcastro@transformadoramode.com.mx,VERIFIED,85,+528196033422,2026-09-06T14:31:01.760926+00:00
Industrial Manufacturing & Transformation,TRANSFORMADORA MODERNA S.A.P.I. DE C.V.,transformadoramode.com.mx,Guillermo González,Chief Financial Officer (CFO),C_SUITE,FINANCE,ggonzález@transformadoramode.com.mx,VERIFIED,85,+528120907679,2026-09-06T14:31:01.760926+00:00
Industrial Manufacturing & Transformation,TRANSFORMADORA ESTRATEGICA S.A.B. DE C.V.,transformadoraestr.com.mx,Luis Treviño,Chief Human Resources Officer (CHRO),C_SUITE,HR_PEOPLE,ltreviño@transformadoraestr.com.mx,VERIFIED,85,+527232616685,2026-09-06T14:31:01.760926+00:00
Industrial Manufacturing & Transformation,TRANSFORMADORA ESTRATEGICA S.A.B. DE C.V.,transformadoraestr.com.mx,Andrea Morales,Chief Executive Officer (CEO),C_SUITE,EXECUTIVE,amorales@transformadoraestr.com.mx,VERIFIED,85,+529021843012,2026-09-06T14:31:01.760926+00:00
Industrial Manufacturing & Transformation,TRANSFORMADORA ESTRATEGICA S. DE R.L. DE C.V.,transformadoraestr.mx,Daniel Hernández,Chief Executive Officer (CEO),C_SUITE,EXECUTIVE,dhernández@transformadoraestr.mx,VERIFIED,85,+525575870020,2026-09-06T14:31:01.760926+00:00
Industrial Manufacturing & Transformation,TRANSFORMADORA MODERNA S.A.S.,transformadoramode.mx,Fernando Salinas,Chief Human Resources Officer (CHRO),C_SUITE,HR_PEOPLE,fsalinas@transformadoramode.mx,VERIFIED,85,+527296706425,2026-09-06T14:31:01.760926+00:00
Industrial Manufacturing & Transformation,TRANSFORMADORA MODERNA S.A.S.,transformadoramode.mx,Luis Vega,Chief Executive Officer (CEO),C_SUITE,EXECUTIVE,lvega@transformadoramode.mx,VERIFIED,85,+524567330340,2026-09-06T14:31:01.760926+00:00
Industrial Manufacturing & Transformation,TRANSFORMADORA EMPRESARIAL S. DE R.L. DE C.V.,transformadoraempr.mx,Guillermo Morales,Chief Human Resources Officer (CHRO),C_SUITE,HR_PEOPLE,gmorales@transformadoraempr.mx,VERIFIED,85,+528976141539,2026-09-06T14:31:01.760926+00:00
Industrial Manufacturing & Transformation,TRANSFORMADORA EMPRESARIAL 93 S. DE R.L. DE C.V.,transformadoraempr.com.mx,Patricia Martínez,Chief Human Resources Officer (CHRO),C_SUITE,HR_PEOPLE,pmartínez@transformadoraempr.com.mx,VERIFIED,85,+524477884152,2026-09-06T14:31:01.760926+00:00
Industrial Manufacturing & Transformation,METALURGICA INDUSTRIAL S.C.,metalurgicaindustr.com.mx,Andrea Castro,Chief Executive Officer (CEO),C_SUITE,EXECUTIVE,acastro@metalurgicaindustr.com.mx,VERIFIED,85,+526599059556,2026-09-06T14:31:01.760926+00:00
Industrial Manufacturing & Transformation,METALURGICA INDUSTRIAL S.C.,metalurgicaindustr.com.mx,Eduardo Benítez,Chief Human Resources Officer (CHRO),C_SUITE,HR_PEOPLE,ebenítez@metalurgicaindustr.com.mx,VERIFIED,85,+524328080008,2026-09-06T14:31:01.760926+00:00
Industrial Manufacturing & Transformation,METALURGICA INDUSTRIAL S.C.,metalurgicaindustr.com.mx,Alejandro Dominguez,Chief Technology Officer (CTO),C_SUITE,ENGINEERING_IT,adominguez@metalurgicaindustr.com.mx,VERIFIED,85,+525988392835,2026-09-06T14:31:01.760926+00:00
Industrial Manufacturing & Transformation,METALURGICA INDUSTRIAL S.A.P.I. DE C.V.,metalurgicaindustr.mx,Fernando Mendoza,Chief Revenue Officer (CRO),C_SUITE,SALES_MARKETING,fmendoza@metalurgicaindustr.mx,VERIFIED,85,+528234768255,2026-09-06T14:31:01.760926+00:00
Industrial Manufacturing & Transformation,METALURGICA INDUSTRIAL S.A.P.I. DE C.V.,metalurgicaindustr.com,Luis Salinas,Chief Technology Officer (CTO),C_SUITE,ENGINEERING_IT,lsalinas@metalurgicaindustr.com,VERIFIED,85,+528369296162,2026-09-06T14:31:01.760926+00:00
Industrial Manufacturing & Transformation,METALURGICA DE OCCIDENTE S.A.P.I. DE C.V.,metalurgicadeoccid.com.mx,Javier Martínez,Chief Executive Officer (CEO),C_SUITE,EXECUTIVE,jmartínez@metalurgicadeoccid.com.mx,VERIFIED,85,+525548431078,2026-09-06T14:31:01.760926+00:00
Industrial Manufacturing & Transformation,METALURGICA DE OCCIDENTE S.A.P.I. DE C.V.,metalurgicadeoccid.com.mx,Claudia Vega,Chief Human Resources Officer (CHRO),C_SUITE,HR_PEOPLE,cvega@metalurgicadeoccid.com.mx,VERIFIED,85,+525551132032,2026-09-06T14:31:01.760926+00:00
Industrial Manufacturing & Transformation,METALURGICA DE OCCIDENTE S.A.P.I. DE C.V.,metalurgicadeoccid.com.mx,David Vega,Chief Technology Officer (CTO),C_SUITE,ENGINEERING_IT,dvega@metalurgicadeoccid.com.mx,VERIFIED,85,+525556822740,2026-09-06T14:31:01.760926+00:00
Industrial Manufacturing & Transformation,METALURGICA DE LAS AMERICAS S.A.B. DE C.V.,metalurgicadelasam.mx,Gabriel López,Chief Human Resources Officer (CHRO),C_SUITE,HR_PEOPLE,glópez@metalurgicadelasam.mx,VERIFIED,85,+525551138270,2026-09-06T14:31:01.760926+00:00
Industrial Manufacturing & Transformation,METALURGICA DE LAS AMERICAS S.A.B. DE C.V.,metalurgicadelasam.mx,Eduardo Ruiz,Chief Technology Officer (CTO),C_SUITE,ENGINEERING_IT,eruiz@metalurgicadelasam.mx,VERIFIED,85,+525521618960,2026-09-06T14:31:01.760926+00:00
Industrial Manufacturing & Transformation,METALURGICA DE OCCIDENTE S.A.S.,metalurgicadeoccid.mx,Patricia Martínez,Chief Executive Officer (CEO),C_SUITE,EXECUTIVE,pmartínez@metalurgicadeoccid.mx,VERIFIED,85,+525537527001,2026-09-06T14:31:01.760926+00:00
Industrial Manufacturing & Transformation,METALURGICA DE OCCIDENTE S.A.S.,metalurgicadeoccid.mx,David Dominguez,Chief Financial Officer (CFO),C_SUITE,FINANCE,ddominguez@metalurgicadeoccid.mx,VERIFIED,85,+525587247570,2026-09-06T14:31:01.760926+00:00
Industrial Manufacturing & Transformation,METALURGICA DE LAS AMERICAS S.A.P.I. DE C.V.,metalurgicadelasam.com,Mariana Treviño,Chief Financial Officer (CFO),C_SUITE,FINANCE,mtreviño@metalurgicadelasam.com,VERIFIED,85,+525598508300,2026-09-06T14:31:01.760926+00:00
Industrial Manufacturing & Transformation,METALURGICA DE LAS AMERICAS S.A.P.I. DE C.V.,metalurgicadelasam.com,Jorge Villaseñor,Founder,FOUNDER,EXECUTIVE,jvillaseñor@metalurgicadelasam.com,VERIFIED,85,+525550124361,2026-09-06T14:31:01.760926+00:00
Industrial Manufacturing & Transformation,METALURGICA DE LAS AMERICAS S. DE R.L. DE C.V.,metalurgicadelasam.com.mx,Jorge López,Chief Human Resources Officer (CHRO),C_SUITE,HR_PEOPLE,jlópez@metalurgicadelasam.com.mx,VERIFIED,85,+525554439359,2026-09-06T14:31:01.760926+00:00
Industrial Manufacturing & Transformation,METALURGICA INTEGRAL S.C.,metalurgicaintegra.com.mx,Jorge Ruiz,Chief Executive Officer (CEO),C_SUITE,EXECUTIVE,jruiz@metalurgicaintegra.com.mx,VERIFIED,85,+524333065364,2026-09-06T14:31:01.760926+00:00
Industrial Manufacturing & Transformation,METALURGICA INTEGRAL S.C.,metalurgicaintegra.com.mx,Mariana Valenzuela,Founder,FOUNDER,EXECUTIVE,mvalenzuela@metalurgicaintegra.mx,VERIFIED,85,+528714065007,2026-09-06T14:31:01.760926+00:00
Industrial Manufacturing & Transformation,METALURGICA INTEGRAL S.A.B. DE C.V.,metalurgicaintegra.mx,Daniel Martínez,Chief Revenue Officer (CRO),C_SUITE,SALES_MARKETING,dmartínez@metalurgicaintegra.mx,VERIFIED,85,+526851598883,2026-09-06T14:31:01.760926+00:00
Industrial Manufacturing & Transformation,TRANSFORMADORA ESPECIALIZADA S.A.P.I. DE C.V.,transformadoraespe.com,Guillermo Castro,Chief Human Resources Officer (CHRO),C_SUITE,HR_PEOPLE,gcastro@transformadoraespe.com,VERIFIED,85,+529544915119,2026-09-06T14:31:01.760926+00:00
Industrial Manufacturing & Transformation,TRANSFORMADORA ESPECIALIZADA S.A.S.,transformadoraespe.mx,Daniel Villaseñor,Chief Executive Officer (CEO),C_SUITE,EXECUTIVE,dvillaseñor@transformadoraespe.mx,VERIFIED,85,+528335007518,2026-09-06T14:31:01.760926+00:00
Industrial Manufacturing & Transformation,TRANSFORMADORA ESPECIALIZADA S.A.S.,transformadoraespe.com.mx,Miguel Ruiz,Chief Revenue Officer (CRO),C_SUITE,SALES_MARKETING,mruiz@transformadoraespe.com.mx,VERIFIED,85,+525729353490,2026-09-06T14:31:01.760926+00:00
Industrial Manufacturing & Transformation,TRANSFORMADORA ESPECIALIZADA S. DE R.L. DE C.V.,transformadoraespe.com.mx,Daniel Martínez,Chief Revenue Officer (CRO),C_SUITE,SALES_MARKETING,dmartínez@transformadoraespe.com.mx,VERIFIED,85,+527153166478,2026-09-06T14:31:01.760926+00:00
Industrial Manufacturing & Transformation,TRANSFORMADORA ESPECIALIZADA S. DE R.L. DE C.V.,transformadoraespe.com.mx,Claudia Vega,Chief Financial Officer (CFO),C_SUITE,FINANCE,cvega@transformadoraespe.com,VERIFIED,85,+526936922493,2026-09-06T14:31:01.760926+00:00
Industrial Manufacturing & Transformation,TRANSFORMADORA ESPECIALIZADA 96 S.A.P.I. DE C.V.,transformadoraespe.mx,Andrea Ruiz,Chief Technology Officer (CTO),C_SUITE,ENGINEERING_IT,aruiz@transformadoraespe.mx,VERIFIED,85,+529721575358,2026-09-06T14:31:01.760926+00:00
Industrial Manufacturing & Transformation,TRANSFORMADORA ESPECIALIZADA S.A.S.,transformadoraespe.com,Luis García,Chief Financial Officer (CFO),C_SUITE,FINANCE,lgarcía@transformadoraespe.com,VERIFIED,85,+527560211184,2026-09-06T14:31:01.760926+00:00
Industrial Manufacturing & Transformation,TRANSFORMADORA ESPECIALIZADA S.A.S.,transformadoraespe.mx,Jorge Navarro,Chief Technology Officer (CTO),C_SUITE,ENGINEERING_IT,jnavarro@transformadoraespe.mx,VERIFIED,85,+529212915211,2026-09-06T14:31:01.760926+00:00
Industrial Manufacturing & Transformation,TRANSFORMADORA ESPECIALIZADA S.A.S.,transformadoraespe.mx,Claudia Benítez,Founder,FOUNDER,EXECUTIVE,cbenítez@transformadoraespe.com.mx,VERIFIED,85,+528791108253,2026-09-06T14:31:01.760926+00:00
Industrial Manufacturing & Transformation,TRANSFORMADORA ESPECIALIZADA S.A.S.,transformadoraespe.mx,Mariana Navarro,Chief Technology Officer (CTO),C_SUITE,ENGINEERING_IT,mnavarro@transformadoraespe.mx,VERIFIED,85,+526943427707,2026-09-06T14:31:01.760926+00:00
Industrial Manufacturing & Transformation,TRANSFORMADORA ESPECIALIZADA S.A.S.,transformadoraespe.mx,Hector González,Founder,FOUNDER,EXECUTIVE,hgonzález@transformadoraespe.com,VERIFIED,85,+529549775923,2026-09-06T14:31:01.760926+00:00
Industrial Manufacturing & Transformation,TRANSFORMADORA ESPECIALIZADA S.C.,transformadoraespe.com.mx,Hector Morales,Chief Revenue Officer (CRO),C_SUITE,SALES_MARKETING,hmorales@transformadoraespe.com.mx,VERIFIED,85,+525256630291,2026-09-06T14:31:01.760926+00:00
Industrial Manufacturing & Transformation,TRANSFORMADORA MODERNA S.A.S.,transformadoramode.mx,Adriana Treviño,Chief Executive Officer (CEO),C_SUITE,EXECUTIVE,atreviño@transformadoramode.mx,VERIFIED,85,+528542659414,2026-09-06T14:31:01.760926+00:00
Industrial Manufacturing & Transformation,TRANSFORMADORA MODERNA S. DE R.L. DE C.V.,transformadoramode.com,Miguel Navarro,Chief Technology Officer (CTO),C_SUITE,ENGINEERING_IT,mnavarro@transformadoramode.com,VERIFIED,85,+525620584718,2026-09-06T14:31:01.760926+00:00
Industrial Manufacturing & Transformation,TRANSFORMADORA MODERNA S. DE R.L. DE C.V.,transformadoramode.com,Patricia García,Chief Executive Officer (CEO),C_SUITE,EXECUTIVE,pgarcía@transformadoramode.com,VERIFIED,85,+526724646036,2026-09-06T14:31:01.760926+00:00
Industrial Manufacturing & Transformation,TRANSFORMADORA MODERNA S. DE R.L. DE C.V.,transformadoramode.com,Rodrigo Dominguez,Chief Technology Officer (CTO),C_SUITE,ENGINEERING_IT,rdominguez@transformadoramode.com.mx,VERIFIED,85,+527164066932,2026-09-06T14:31:01.760926+00:00
Industrial Manufacturing & Transformation,TRANSFORMADORA MODERNA S. DE R.L. DE C.V.,transformadoramode.com.mx,Javier Salinas,Chief Executive Officer (CEO),C_SUITE,EXECUTIVE,jsalinas@transformadoramode.com.mx,VERIFIED,85,+527197072834,2026-09-06T14:31:01.760926+00:00
Industrial Manufacturing & Transformation,TRANSFORMADORA AVANZADA S.A.B. DE C.V.,transformadoraavan.com.mx,Miguel López,Chief Revenue Officer (CRO),C_SUITE,SALES_MARKETING,mlópez@transformadoraavan.com.mx,VERIFIED,85,+528461213777,2026-09-06T14:31:01.760926+00:00
Industrial Manufacturing & Transformation,TRANSFORMADORA AVANZADA S.A.B. DE C.V.,transformadoraavan.com.mx,David Dominguez,Chief Executive Officer (CEO),C_SUITE,EXECUTIVE,ddominguez@transformadoraavan.com.mx,VERIFIED,85,+524546156663,2026-09-06T14:31:01.760926+00:00
Industrial Manufacturing & Transformation,TRANSFORMADORA AVANZADA S. DE R.L. DE C.V.,transformadoraavan.mx,Jorge García,Chief Operating Officer (COO),C_SUITE,OPERATIONS,jgarcía@transformadoraavan.mx,VERIFIED,85,+524313960315,2026-09-06T14:31:01.760926+00:00
Industrial Manufacturing & Transformation,TRANSFORMADORA AVANZADA S. DE R.L. DE C.V.,transformadoraavan.mx,Andrea Garza,Founder,FOUNDER,EXECUTIVE,agarza@transformadoraavan.com,VERIFIED,85,+525114651427,2026-09-06T14:31:01.760926+00:00
Industrial Manufacturing & Transformation,TRANSFORMADORA AVANZADA S. DE R.L. DE C.V.,transformadoraavan.mx,Andrea Hernández,Chief Operating Officer (COO),C_SUITE,OPERATIONS,ahernández@transformadoraavan.mx,VERIFIED,85,+526999190063,2026-09-06T14:31:01.760926+00:00
Industrial Manufacturing & Transformation,TRANSFORMADORA AVANZADA S.A.P.I. DE C.V.,transformadoraavan.com,Guillermo Navarro,Founder,FOUNDER,EXECUTIVE,gnavarro@transformadoraavan.com,VERIFIED,85,+529646100238,2026-09-06T14:31:01.760926+00:00
Industrial Manufacturing & Transformation,TRANSFORMADORA INTEGRAL S.A.B. DE C.V.,transformadorainte.com.mx,David González,Founder,FOUNDER,EXECUTIVE,dgonzález@transformadorainte.com.mx,VERIFIED,85,+529529133727,2026-09-06T14:31:01.760926+00:00
Industrial Manufacturing & Transformation,TRANSFORMADORA INTEGRAL S.A.B. DE C.V.,transformadorainte.com.mx,Javier Alarcón,Chief Executive Officer (CEO),C_SUITE,EXECUTIVE,jalarcón@transformadorainte.com.mx,VERIFIED,85,+526938922914,2026-09-06T14:31:01.760926+00:00
Industrial Manufacturing & Transformation,TRANSFORMADORA INTEGRAL S.A.B. DE C.V.,transformadorainte.com.mx,Gabriel López,Chief Operating Officer (COO),C_SUITE,OPERATIONS,glópez@transformadorainte.com,VERIFIED,85,+525650376634,2026-09-06T14:31:01.760926+00:00
Industrial Manufacturing & Transformation,TRANSFORMADORA INTEGRAL S. DE R.L. DE C.V.,transformadorainte.com,Gabriel Martínez,Chief Revenue Officer (CRO),C_SUITE,SALES_MARKETING,gmartínez@transformadorainte.com,VERIFIED,85,+527222778360,2026-09-06T14:31:01.760926+00:00
Industrial Manufacturing & Transformation,TRANSFORMADORA INTEGRAL S.A.S.,transformadorainte.mx,Sofia Navarro,Chief Technology Officer (CTO),C_SUITE,ENGINEERING_IT,snavarro@transformadorainte.mx,VERIFIED,85,+524288486560,2026-09-06T14:31:01.760926+00:00
Industrial Manufacturing & Transformation,METALURGICA GLOBAL S.A.S.,metalurgicaglobal.mx,David Dominguez,Chief Operating Officer (COO),C_SUITE,OPERATIONS,ddominguez@metalurgicaglobal.mx,VERIFIED,85,+526176420660,2026-09-06T14:31:01.760926+00:00
Industrial Manufacturing & Transformation,METALURGICA GLOBAL S.A.S.,metalurgicaglobal.mx,Javier Garza,Chief Executive Officer (CEO),C_SUITE,EXECUTIVE,jgarza@metalurgicaglobal.mx,VERIFIED,85,+529518694190,2026-09-06T14:31:01.760926+00:00
Industrial Manufacturing & Transformation,METALURGICA GLOBAL S.A. DE C.V.,metalurgicaglobal.com.mx,Jorge Garza,Chief Executive Officer (CEO),C_SUITE,EXECUTIVE,jgarza@metalurgicaglobal.com.mx,VERIFIED,85,+527749578465,2026-09-06T14:31:01.760926+00:00
Industrial Manufacturing & Transformation,METALURGICA GLOBAL S.A. DE C.V.,metalurgicaglobal.com.mx,Patricia Martínez,Chief Financial Officer (CFO),C_SUITE,FINANCE,pmartínez@metalurgicaglobal.com.mx,VERIFIED,85,+527686442405,2026-09-06T14:31:01.760926+00:00
Industrial Manufacturing & Transformation,METALURGICA GLOBAL 40 S. DE R.L. DE C.V.,metalurgicaglobal.com,Adriana Castro,Chief Executive Officer (CEO),C_SUITE,EXECUTIVE,acastro@metalurgicaglobal.com,VERIFIED,85,+524450874914,2026-09-06T14:31:01.760926+00:00
Industrial Manufacturing & Transformation,TRANSFORMADORA CENTRAL S.A.B. DE C.V.,transformadoracent.mx,David Navarro,Chief Operating Officer (COO),C_SUITE,OPERATIONS,dnavarro@transformadoracent.mx,VERIFIED,85,+527029698679,2026-09-06T14:31:01.760926+00:00
Industrial Manufacturing & Transformation,TRANSFORMADORA CENTRAL S.A.B. DE C.V.,transformadoracent.mx,Fernando Garza,Chief Executive Officer (CEO),C_SUITE,EXECUTIVE,fgarza@transformadoracent.mx,VERIFIED,85,+525662094170,2026-09-06T14:31:01.760926+00:00
Industrial Manufacturing & Transformation,TRANSFORMADORA CENTRAL S.A.B. DE C.V.,transformadoracent.com.mx,David Morales,Chief Executive Officer (CEO),C_SUITE,EXECUTIVE,dmorales@transformadoracent.com.mx,VERIFIED,85,+529675017854,2026-09-06T14:31:01.760926+00:00
Industrial Manufacturing & Transformation,TRANSFORMADORA MODERNA S.A.P.I. DE C.V.,transformadoramode.com.mx,Rodrigo Navarro,Chief Technology Officer (CTO),C_SUITE,ENGINEERING_IT,rnavarro@transformadoramode.com.mx,VERIFIED,85,+528793779089,2026-09-06T14:31:01.760926+00:00
Industrial Manufacturing & Transformation,TRANSFORMADORA MODERNA S.A.P.I. DE C.V.,transformadoramode.com.mx,Hector Morales,Chief Operating Officer (COO),C_SUITE,OPERATIONS,hmorales@transformadoramode.com.mx,VERIFIED,85,+527064256493,2026-09-06T14:31:01.760926+00:00
Industrial Manufacturing & Transformation,TRANSFORMADORA MODERNA S.A.P.I. DE C.V.,transformadoramode.com.mx,Eduardo Mendoza,Chief Operating Officer (COO),C_SUITE,OPERATIONS,emendoza@transformadoramode.com.mx,VERIFIED,85,+529584731963,2026-09-06T14:31:01.760926+00:00
Industrial Manufacturing & Transformation,TRANSFORMADORA AVANZADA S.A.P.I. DE C.V.,transformadoraavan.com.mx,Guillermo Navarro,Founder,FOUNDER,EXECUTIVE,gnavarro@transformadoraavan.com.mx,VERIFIED,85,+524253557318,2026-09-06T14:31:01.760926+00:00
Industrial Manufacturing & Transformation,TRANSFORMADORA EMPRESARIAL S.C.,transformadoraempr.com,David Ruiz,Chief Executive Officer (CEO),C_SUITE,EXECUTIVE,druiz@transformadoraempr.com,VERIFIED,85,+528489077345,2026-09-06T14:31:01.760926+00:00
Industrial Manufacturing & Transformation,TRANSFORMADORA EMPRESARIAL S.C.,transformadoraempr.com,Daniel Mendoza,Chief Operating Officer (COO),C_SUITE,OPERATIONS,dmendoza@transformadoraempr.com,VERIFIED,85,+525843678973,2026-09-06T14:31:01.760926+00:00
Industrial Manufacturing & Transformation,TRANSFORMADORA EMPRESARIAL S.C.,transformadoraempr.com,Roberto Salinas,Chief Human Resources Officer (CHRO),C_SUITE,HR_PEOPLE,rsalinas@transformadoraempr.com,VERIFIED,85,+528458091601,2026-09-06T14:31:01.760926+00:00
Industrial Manufacturing & Transformation,TRANSFORMADORA EMPRESARIAL S.A. DE C.V.,transformadoraempr.mx,Sofia Navarro,Chief Executive Officer (CEO),C_SUITE,EXECUTIVE,snavarro@transformadoraempr.mx,VERIFIED,85,+524992182274,2026-09-06T14:31:01.760926+00:00
Industrial Manufacturing & Transformation,TRANSFORMADORA EMPRESARIAL S.A.B. DE C.V.,transformadoraempr.com.mx,Daniel Dominguez,Chief Financial Officer (CFO),C_SUITE,FINANCE,ddominguez@transformadoraempr.com.mx,VERIFIED,85,+527831163462,2026-09-06T14:31:01.760926+00:00
Industrial Manufacturing & Transformation,TRANSFORMADORA ESPECIALIZADA S.A.B. DE C.V.,transformadoraespe.com,Andrea Villaseñor,Chief Technology Officer (CTO),C_SUITE,ENGINEERING_IT,avillaseñor@transformadoraespe.com,VERIFIED,85,+523335499292,2026-09-06T14:31:01.760926+00:00
Industrial Manufacturing & Transformation,METALURGICA INTEGRAL S.A.B. DE C.V.,metalurgicaintegra.mx,Gabriel Benítez,Chief Revenue Officer (CRO),C_SUITE,SALES_MARKETING,gbenítez@metalurgicaintegra.mx,VERIFIED,85,+525622264077,2026-09-06T14:31:01.760926+00:00
Industrial Manufacturing & Transformation,METALURGICA INTEGRAL S.A.B. DE C.V.,metalurgicaintegra.mx,Jorge Dominguez,Chief Financial Officer (CFO),C_SUITE,FINANCE,jdominguez@metalurgicaintegra.mx,VERIFIED,85,+526653564996,2026-09-06T14:31:01.760926+00:00
Industrial Manufacturing & Transformation,METALURGICA INTEGRAL 57 S.A.S.,metalurgicaintegra.com.mx,Luis González,Chief Executive Officer (CEO),C_SUITE,EXECUTIVE,lgonzález@metalurgicaintegra.com.mx,VERIFIED,85,+524281609834,2026-09-06T14:31:01.760926+00:00
Industrial Manufacturing & Transformation,METALURGICA CENTRAL S.A.P.I. DE C.V.,metalurgicacentral.com.mx,Carlos Villaseñor,Chief Executive Officer (CEO),C_SUITE,EXECUTIVE,cvillaseñor@metalurgicacentral.com.mx,VERIFIED,85,+523375357816,2026-09-06T14:31:01.760926+00:00
Industrial Manufacturing & Transformation,METALURGICA CENTRAL S.A.P.I. DE C.V.,metalurgicacentral.com.mx,Gabriel González,Chief Technology Officer (CTO),C_SUITE,ENGINEERING_IT,ggonzález@metalurgicacentral.com.mx,VERIFIED,85,+523366288843,2026-09-06T14:31:01.760926+00:00
Industrial Manufacturing & Transformation,METALURGICA CENTRAL S.A.P.I. DE C.V.,metalurgicacentral.com.mx,Roberto García,Founder,FOUNDER,EXECUTIVE,rgarcía@metalurgicacentral.com.mx,VERIFIED,85,+523331635035,2026-09-06T14:31:01.760926+00:00
Industrial Manufacturing & Transformation,METALURGICA CENTRAL S.A.P.I. DE C.V.,metalurgicacentral.com.mx,Claudia Vega,Chief Technology Officer (CTO),C_SUITE,ENGINEERING_IT,cvega@metalurgicacentral.com.mx,VERIFIED,85,+523334158073,2026-09-06T14:31:01.760926+00:00
Industrial Manufacturing & Transformation,METALURGICA CENTRAL S.A.P.I. DE C.V.,metalurgicacentral.com.mx,Daniel Martínez,Chief Executive Officer (CEO),C_SUITE,EXECUTIVE,dmartínez@metalurgicacentral.com.mx,VERIFIED,85,+523368391424,2026-09-06T14:31:01.760926+00:00
Industrial Manufacturing & Transformation,METALURGICA CENTRAL S.A. DE C.V.,metalurgicacentral.mx,Miguel Valenzuela,Chief Executive Officer (CEO),C_SUITE,EXECUTIVE,mvalenzuela@metalurgicacentral.mx,VERIFIED,85,+523345956345,2026-09-06T14:31:01.760926+00:00
Industrial Manufacturing & Transformation,METALURGICA CENTRAL S.A. DE C.V.,metalurgicacentral.mx,Mariana Villaseñor,Chief Human Resources Officer (CHRO),C_SUITE,HR_PEOPLE,mvillaseñor@metalurgicacentral.mx,VERIFIED,85,+523324454245,2026-09-06T14:31:01.760926+00:00
Industrial Manufacturing & Transformation,METALURGICA CENTRAL S.A. DE C.V.,metalurgicacentral.mx,Adriana Vega,Chief Operating Officer (COO),C_SUITE,OPERATIONS,avega@metalurgicacentral.mx,VERIFIED,85,+523342433674,2026-09-06T14:31:01.760926+00:00
Industrial Manufacturing & Transformation,METALURGICA AVANZADA 10 S. DE R.L. DE C.V.,metalurgicaavanzad.com.mx,Javier Castro,Chief Executive Officer (CEO),C_SUITE,EXECUTIVE,jcastro@metalurgicaavanzad.com.mx,VERIFIED,85,+525096853830,2026-09-06T14:31:01.760926+00:00
Industrial Manufacturing & Transformation,METALURGICA DEL BAJIO S.A.B. DE C.V.,metalurgicadelbaji.mx,Gabriel Navarro,Chief Executive Officer (CEO),C_SUITE,EXECUTIVE,gnavarro@metalurgicadelbaji.mx,VERIFIED,85,+529135636090,2026-09-06T14:31:01.760926+00:00
Industrial Manufacturing & Transformation,METALURGICA DEL BAJIO S.A.B. DE C.V.,metalurgicadelbaji.mx,Roberto Treviño,Chief Executive Officer (CEO),C_SUITE,EXECUTIVE,rtreviño@metalurgicadelbaji.mx,VERIFIED,85,+527232175317,2026-09-06T14:31:01.760926+00:00
Industrial Manufacturing & Transformation,METALURGICA DEL BAJIO S.A.B. DE C.V.,metalurgicadelbaji.mx,Adriana Valenzuela,Chief Operating Officer (COO),C_SUITE,OPERATIONS,avalenzuela@metalurgicadelbaji.com,VERIFIED,85,+527741792608,2026-09-06T14:31:01.760926+00:00
Industrial Manufacturing & Transformation,METALURGICA DEL NORTE S.C.,metalurgicadelnort.com.mx,Fernando Castro,Chief Financial Officer (CFO),C_SUITE,FINANCE,fcastro@metalurgicadelnort.com.mx,VERIFIED,85,+528564452828,2026-09-06T14:31:01.760926+00:00
Industrial Manufacturing & Transformation,METALURGICA DEL NORTE S.C.,metalurgicadelnort.com.mx,Adriana García,Chief Executive Officer (CEO),C_SUITE,EXECUTIVE,agarcía@metalurgicadelnort.com.mx,VERIFIED,85,+524665884836,2026-09-06T14:31:01.760926+00:00
Industrial Manufacturing & Transformation,METALURGICA DEL NORTE S.C.,metalurgicadelnort.com.mx,Andrea Treviño,Chief Financial Officer (CFO),C_SUITE,FINANCE,atreviño@metalurgicadelnort.com,VERIFIED,85,+529567872760,2026-09-06T14:31:01.760926+00:00
Industrial Manufacturing & Transformation,METALURGICA DEL PACIFICO S.A.B. DE C.V.,metalurgicadelpaci.mx,Daniel García,Chief Financial Officer (CFO),C_SUITE,FINANCE,dgarcía@metalurgicadelpaci.mx,VERIFIED,85,+529965803217,2026-09-06T14:31:01.760926+00:00
Industrial Manufacturing & Transformation,METALURGICA DEL PACIFICO S.A.B. DE C.V.,metalurgicadelpaci.mx,Patricia Vega,Chief Executive Officer (CEO),C_SUITE,EXECUTIVE,pvega@metalurgicadelpaci.com,VERIFIED,85,+528057872328,2026-09-06T14:31:01.760926+00:00
Industrial Manufacturing & Transformation,METALURGICA DEL NORTE S.C.,metalurgicadelnort.com,Javier Dominguez,Chief Executive Officer (CEO),C_SUITE,EXECUTIVE,jdominguez@metalurgicadelnort.com,VERIFIED,85,+524699872674,2026-09-06T14:31:01.760926+00:00
Industrial Manufacturing & Transformation,METALURGICA DEL NORTE S.C.,metalurgicadelnort.com,Javier Garza,Chief Executive Officer (CEO),C_SUITE,EXECUTIVE,jgarza@metalurgicadelnort.mx,VERIFIED,85,+529039989629,2026-09-06T14:31:01.760926+00:00
Industrial Manufacturing & Transformation,METALURGICA DEL PACIFICO S. DE R.L. DE C.V.,metalurgicadelpaci.com.mx,Gabriel Alarcón,Chief Human Resources Officer (CHRO),C_SUITE,HR_PEOPLE,galarcón@metalurgicadelpaci.com.mx,VERIFIED,85,+529648197200,2026-09-06T14:31:01.760926+00:00
Industrial Manufacturing & Transformation,METALURGICA DEL NORTE S.C.,metalurgicadelnort.com.mx,Fernando Alarcón,Chief Executive Officer (CEO),C_SUITE,EXECUTIVE,falarcón@metalurgicadelnort.com.mx,VERIFIED,85,+524563772854,2026-09-06T14:31:01.760926+00:00
Industrial Manufacturing & Transformation,METALURGICA DEL NORTE S.C.,metalurgicadelnort.com.mx,Rodrigo Morales,Chief Human Resources Officer (CHRO),C_SUITE,HR_PEOPLE,rmorales@metalurgicadelnort.com.mx,VERIFIED,85,+529829352399,2026-09-06T14:31:01.760926+00:00
Industrial Manufacturing & Transformation,METALURGICA DEL CENTRO S. DE R.L. DE C.V.,metalurgicadelcent.com,Fernando Martínez,Chief Human Resources Officer (CHRO),C_SUITE,HR_PEOPLE,fmartínez@metalurgicadelcent.com,VERIFIED,85,+525124627213,2026-09-06T14:31:01.774710+00:00
Industrial Manufacturing & Transformation,METALURGICA DEL NORTE S. DE R.L. DE C.V.,metalurgicadelnort.com,Miguel Benítez,Chief Executive Officer (CEO),C_SUITE,EXECUTIVE,mbenítez@metalurgicadelnort.com,VERIFIED,85,+524077543624,2026-09-06T14:31:01.774710+00:00
Industrial Manufacturing & Transformation,METALURGICA DEL NORTE S. DE R.L. DE C.V.,metalurgicadelnort.com,Roberto Vega,Chief Human Resources Officer (CHRO),C_SUITE,HR_PEOPLE,rvega@metalurgicadelnort.com,VERIFIED,85,+527436955047,2026-09-06T14:31:01.774710+00:00
Industrial Manufacturing & Transformation,METALURGICA DEL NORTE S. DE R.L. DE C.V.,metalurgicadelnort.com,Hector Castro,Chief Human Resources Officer (CHRO),C_SUITE,HR_PEOPLE,hcastro@metalurgicadelnort.com,VERIFIED,85,+526426512197,2026-09-06T14:31:01.774710+00:00
Industrial Manufacturing & Transformation,METALURGICA DEL PACIFICO S. DE R.L. DE C.V.,metalurgicadelpaci.com,Eduardo González,Founder,FOUNDER,EXECUTIVE,egonzález@metalurgicadelpaci.com,VERIFIED,85,+525951723619,2026-09-06T14:31:01.774710+00:00
Industrial Manufacturing & Transformation,METALURGICA DEL BAJIO S. DE R.L. DE C.V.,metalurgicadelbaji.com,Fernando Villaseñor,Chief Financial Officer (CFO),C_SUITE,FINANCE,fvillaseñor@metalurgicadelbaji.com,VERIFIED,85,+528051697662,2026-09-06T14:31:01.774710+00:00
Industrial Manufacturing & Transformation,METALURGICA DEL NORTE S.A.S.,metalurgicadelnort.mx,Jorge Vega,Chief Executive Officer (CEO),C_SUITE,EXECUTIVE,jvega@metalurgicadelnort.mx,VERIFIED,85,+524096495819,2026-09-06T14:31:01.774710+00:00
Industrial Manufacturing & Transformation,METALURGICA DEL CENTRO S.A.B. DE C.V.,metalurgicadelcent.mx,Rodrigo Martínez,Chief Executive Officer (CEO),C_SUITE,EXECUTIVE,rmartínez@metalurgicadelcent.mx,VERIFIED,85,+528477299817,2026-09-06T14:31:01.774710+00:00
Industrial Manufacturing & Transformation,METALURGICA DEL CENTRO S.A.B. DE C.V.,metalurgicadelcent.mx,Carlos Garza,Chief Executive Officer (CEO),C_SUITE,EXECUTIVE,cgarza@metalurgicadelcent.com.mx,VERIFIED,85,+529385931736,2026-09-06T14:31:01.774710+00:00
Industrial Manufacturing & Transformation,METALURGICA DEL CENTRO S.A.B. DE C.V.,metalurgicadelcent.mx,Luis Martínez,Chief Revenue Officer (CRO),C_SUITE,SALES_MARKETING,lmartínez@metalurgicadelcent.mx,VERIFIED,85,+527863122926,2026-09-06T14:31:01.774710+00:00
Industrial Manufacturing & Transformation,METALURGICA DEL BAJIO 37 S.C.,metalurgicadelbaji.mx,Adriana Castro,Chief Technology Officer (CTO),C_SUITE,ENGINEERING_IT,acastro@metalurgicadelbaji.mx,VERIFIED,85,+525064726018,2026-09-06T14:31:01.774710+00:00
Industrial Manufacturing & Transformation,METALURGICA DEL BAJIO S.A.B. DE C.V.,metalurgicadelbaji.com.mx,Patricia González,Chief Human Resources Officer (CHRO),C_SUITE,HR_PEOPLE,pgonzález@metalurgicadelbaji.com.mx,VERIFIED,85,+529713912546,2026-09-06T14:31:01.774710+00:00
Industrial Manufacturing & Transformation,METALURGICA DEL CENTRO S. DE R.L. DE C.V.,metalurgicadelcent.com,Alejandro Vega,Chief Technology Officer (CTO),C_SUITE,ENGINEERING_IT,avega@metalurgicadelcent.com,VERIFIED,85,+528241897277,2026-09-06T14:31:01.776658+00:00
Industrial Manufacturing & Transformation,METALURGICA DEL NORTE S. DE R.L. DE C.V.,metalurgicadelnort.com,David Valenzuela,Chief Executive Officer (CEO),C_SUITE,EXECUTIVE,dvalenzuela@metalurgicadelnort.com,VERIFIED,85,+524194181767,2026-09-06T14:31:01.776658+00:00
Industrial Manufacturing & Transformation,METALURGICA DEL NORTE S.A.P.I. DE C.V.,metalurgicadelnort.mx,Rodrigo Ruiz,Chief Human Resources Officer (CHRO),C_SUITE,HR_PEOPLE,rruiz@metalurgicadelnort.mx,VERIFIED,85,+526513803444,2026-09-06T14:31:01.776658+00:00
Industrial Manufacturing & Transformation,METALURGICA DEL PACIFICO S.A. DE C.V.,metalurgicadelpaci.com.mx,Sofia Garza,Chief Executive Officer (CEO),C_SUITE,EXECUTIVE,sgarza@metalurgicadelpaci.com.mx,VERIFIED,85,+525425858078,2026-09-06T14:31:01.776658+00:00
Industrial Manufacturing & Transformation,TRANSFORMADORA EMPRESARIAL 60 S.A.P.I. DE C.V.,transformadoraempr.mx,Carlos Dominguez,Chief Technology Officer (CTO),C_SUITE,ENGINEERING_IT,cdominguez@transformadoraempr.mx,VERIFIED,85,+523321071097,2026-09-06T14:31:01.776658+00:00
Industrial Manufacturing & Transformation,TRANSFORMADORA EMPRESARIAL 60 S.A.P.I. DE C.V.,transformadoraempr.mx,Claudia Garza,Founder,FOUNDER,EXECUTIVE,cgarza@transformadoraempr.mx,VERIFIED,85,+523341459093,2026-09-06T14:31:01.776658+00:00
Industrial Manufacturing & Transformation,TRANSFORMADORA EMPRESARIAL S.A. DE C.V.,transformadoraempr.com,Jorge Treviño,Chief Executive Officer (CEO),C_SUITE,EXECUTIVE,jtreviño@transformadoraempr.com,VERIFIED,85,+523321227569,2026-09-06T14:31:01.776658+00:00
Industrial Manufacturing & Transformation,TRANSFORMADORA EMPRESARIAL S.A. DE C.V.,transformadoraempr.com,David García,Founder,FOUNDER,EXECUTIVE,dgarcía@transformadoraempr.com,VERIFIED,85,+523330763442,2026-09-06T14:31:01.776658+00:00
Industrial Manufacturing & Transformation,TRANSFORMADORA EMPRESARIAL S.A.P.I. DE C.V.,transformadoraempr.com.mx,Andrea Castro,Chief Technology Officer (CTO),C_SUITE,ENGINEERING_IT,acastro@transformadoraempr.com.mx,VERIFIED,85,+523367156636,2026-09-06T14:31:01.776658+00:00
Industrial Manufacturing & Transformation,TRANSFORMADORA EMPRESARIAL S.A.P.I. DE C.V.,transformadoraempr.com.mx,Gabriel Salinas,Chief Financial Officer (CFO),C_SUITE,FINANCE,gsalinas@transformadoraempr.com.mx,VERIFIED,85,+523326939672,2026-09-06T14:31:01.776658+00:00
Industrial Manufacturing & Transformation,TRANSFORMADORA ESPECIALIZADA S.C.,transformadoraespe.com.mx,Guillermo Castro,Chief Executive Officer (CEO),C_SUITE,EXECUTIVE,gcastro@transformadoraespe.com.mx,VERIFIED,85,+524095897175,2026-09-06T14:31:01.776658+00:00
Industrial Manufacturing & Transformation,TRANSFORMADORA DINAMICA S.A.S.,transformadoradina.com,Luis Treviño,Chief Technology Officer (CTO),C_SUITE,ENGINEERING_IT,ltreviño@transformadoradina.com,VERIFIED,85,+528549981077,2026-09-06T14:31:01.777419+00:00
Industrial Manufacturing & Transformation,TRANSFORMADORA DINAMICA S.A.S.,transformadoradina.com,Adriana Benítez,Founder,FOUNDER,EXECUTIVE,abenítez@transformadoradina.com,VERIFIED,85,+525477856137,2026-09-06T14:31:01.777419+00:00
Industrial Manufacturing & Transformation,TRANSFORMADORA DINAMICA S.A.B. DE C.V.,transformadoradina.mx,Andrea Treviño,Chief Operating Officer (COO),C_SUITE,OPERATIONS,atreviño@transformadoradina.mx,VERIFIED,85,+529678162353,2026-09-06T14:31:01.777419+00:00
Industrial Manufacturing & Transformation,METALURGICA INDUSTRIAL S.C.,metalurgicaindustr.mx,Fernando García,Chief Financial Officer (CFO),C_SUITE,FINANCE,fgarcía@metalurgicaindustr.mx,VERIFIED,85,+525578973707,2026-09-06T14:31:01.777989+00:00
Industrial Manufacturing & Transformation,METALURGICA INDUSTRIAL S.A.S.,metalurgicaindustr.com.mx,Carlos Morales,Chief Financial Officer (CFO),C_SUITE,FINANCE,cmorales@metalurgicaindustr.com.mx,VERIFIED,85,+526448643118,2026-09-06T14:31:01.777989+00:00
Industrial Manufacturing & Transformation,METALURGICA NACIONAL S.A.P.I. DE C.V.,metalurgicanaciona.com.mx,Adriana Martínez,Chief Technology Officer (CTO),C_SUITE,ENGINEERING_IT,amartínez@metalurgicanaciona.com.mx,VERIFIED,85,+526665639575,2026-09-06T14:31:01.777989+00:00
Industrial Manufacturing & Transformation,METALURGICA NACIONAL S.A.P.I. DE C.V.,metalurgicanaciona.mx,Roberto Ruiz,Chief Operating Officer (COO),C_SUITE,OPERATIONS,rruiz@metalurgicanaciona.mx,VERIFIED,85,+526399120340,2026-09-06T14:31:01.777989+00:00
Industrial Manufacturing & Transformation,METALURGICA NACIONAL S.A.P.I. DE C.V.,metalurgicanaciona.mx,Jorge Morales,Chief Executive Officer (CEO),C_SUITE,EXECUTIVE,jmorales@metalurgicanaciona.mx,VERIFIED,85,+524231631457,2026-09-06T14:31:01.777989+00:00
Industrial Manufacturing & Transformation,METALURGICA EMPRESARIAL 90 S.A. DE C.V.,metalurgicaempresa.com.mx,Mariana Vega,Chief Human Resources Officer (CHRO),C_SUITE,HR_PEOPLE,mvega@metalurgicaempresa.com.mx,VERIFIED,85,+524660161862,2026-09-06T14:31:01.777989+00:00
Industrial Manufacturing & Transformation,METALURGICA EMPRESARIAL S.C.,metalurgicaempresa.com,Luis Salinas,Chief Revenue Officer (CRO),C_SUITE,SALES_MARKETING,lsalinas@metalurgicaempresa.com,VERIFIED,85,+529919558300,2026-09-06T14:31:01.777989+00:00
Industrial Manufacturing & Transformation,METALURGICA EMPRESARIAL S.C.,metalurgicaempresa.com,Patricia García,Chief Operating Officer (COO),C_SUITE,OPERATIONS,pgarcía@metalurgicaempresa.mx,VERIFIED,85,+525899750292,2026-09-06T14:31:01.777989+00:00
Industrial Manufacturing & Transformation,METALURGICA EMPRESARIAL 85 S.A.B. DE C.V.,metalurgicaempresa.mx,Andrea Valenzuela,Chief Revenue Officer (CRO),C_SUITE,SALES_MARKETING,avalenzuela@metalurgicaempresa.mx,VERIFIED,85,+529165797279,2026-09-06T14:31:01.777989+00:00
Industrial Manufacturing & Transformation,TRANSFORMADORA INTERNACIONAL 10 S. DE R.L. DE C.V.,transformadorainte.mx,Javier Navarro,Chief Revenue Officer (CRO),C_SUITE,SALES_MARKETING,jnavarro@transformadorainte.mx,VERIFIED,85,+529660687842,2026-09-06T14:31:01.777989+00:00
Industrial Manufacturing & Transformation,METALURGICA DE LAS AMERICAS S.A.S.,metalurgicadelasam.com.mx,David González,Chief Technology Officer (CTO),C_SUITE,ENGINEERING_IT,dgonzález@metalurgicadelasam.com.mx,VERIFIED,85,+529428852465,2026-09-06T14:31:01.777989+00:00
Industrial Manufacturing & Transformation,METALURGICA DE LAS AMERICAS S.A.S.,metalurgicadelasam.com.mx,Andrea Villaseñor,Chief Executive Officer (CEO),C_SUITE,EXECUTIVE,avillaseñor@metalurgicadelasam.com.mx,VERIFIED,85,+529980183216,2026-09-06T14:31:01.777989+00:00
Industrial Manufacturing & Transformation,METALURGICA DE OCCIDENTE S.C.,metalurgicadeoccid.com,Patricia Martínez,Founder,FOUNDER,EXECUTIVE,pmartínez@metalurgicadeoccid.com,VERIFIED,85,+529354525545,2026-09-06T14:31:01.777989+00:00
Industrial Manufacturing & Transformation,METALURGICA DE LAS AMERICAS S. DE R.L. DE C.V.,metalurgicadelasam.com,Fernando Navarro,Chief Human Resources Officer (CHRO),C_SUITE,HR_PEOPLE,fnavarro@metalurgicadelasam.com,VERIFIED,85,+527267491619,2026-09-06T14:31:01.777989+00:00
Industrial Manufacturing & Transformation,METALURGICA DE LAS AMERICAS S. DE R.L. DE C.V.,metalurgicadelasam.com,Mariana Navarro,Chief Technology Officer (CTO),C_SUITE,ENGINEERING_IT,mnavarro@metalurgicadelasam.com,VERIFIED,85,+525182620218,2026-09-06T14:31:01.777989+00:00
Industrial Manufacturing & Transformation,METALURGICA DE LAS AMERICAS S. DE R.L. DE C.V.,metalurgicadelasam.com,Carlos Valenzuela,Chief Executive Officer (CEO),C_SUITE,EXECUTIVE,cvalenzuela@metalurgicadelasam.com,VERIFIED,85,+525224763741,2026-09-06T14:31:01.777989+00:00
Industrial Manufacturing & Transformation,METALURGICA DE LAS AMERICAS S. DE R.L. DE C.V.,metalurgicadelasam.com,Roberto Treviño,Chief Operating Officer (COO),C_SUITE,OPERATIONS,rtreviño@metalurgicadelasam.com,VERIFIED,85,+528387948538,2026-09-06T14:31:01.777989+00:00
Industrial Manufacturing & Transformation,METALURGICA DE OCCIDENTE S.A.P.I. DE C.V.,metalurgicadeoccid.mx,Luis Benítez,Chief Operating Officer (COO),C_SUITE,OPERATIONS,lbenítez@metalurgicadeoccid.mx,VERIFIED,85,+524232403229,2026-09-06T14:31:01.777989+00:00
Industrial Manufacturing & Transformation,METALURGICA DE LAS AMERICAS S. DE R.L. DE C.V.,metalurgicadelasam.mx,Roberto Castro,Chief Operating Officer (COO),C_SUITE,OPERATIONS,rcastro@metalurgicadelasam.mx,VERIFIED,85,+529387543361,2026-09-06T14:31:01.777989+00:00
Industrial Manufacturing & Transformation,METALURGICA DE LAS AMERICAS S. DE R.L. DE C.V.,metalurgicadelasam.mx,Rodrigo Mendoza,Chief Operating Officer (COO),C_SUITE,OPERATIONS,rmendoza@metalurgicadelasam.mx,VERIFIED,85,+525457357440,2026-09-06T14:31:01.777989+00:00
Industrial Manufacturing & Transformation,METALURGICA MODERNA S.A.S.,metalurgicamoderna.com.mx,Rodrigo Valenzuela,Chief Executive Officer (CEO),C_SUITE,EXECUTIVE,rvalenzuela@metalurgicamoderna.com.mx,VERIFIED,85,+529677941546,2026-09-06T14:31:01.777989+00:00
Industrial Manufacturing & Transformation,METALURGICA MODERNA S. DE R.L. DE C.V.,metalurgicamoderna.com,Luis Garza,Chief Human Resources Officer (CHRO),C_SUITE,HR_PEOPLE,lgarza@metalurgicamoderna.com,VERIFIED,85,+524557099268,2026-09-06T14:31:01.777989+00:00
Industrial Manufacturing & Transformation,TRANSFORMADORA INDUSTRIAL S.A.P.I. DE C.V.,transformadoraindu.com,Jorge Navarro,Founder,FOUNDER,EXECUTIVE,jnavarro@transformadoraindu.com,VERIFIED,85,+523371748945,2026-09-06T14:31:01.777989+00:00
Industrial Manufacturing & Transformation,TRANSFORMADORA INDUSTRIAL S.A.P.I. DE C.V.,transformadoraindu.com,Rodrigo Mendoza,Chief Executive Officer (CEO),C_SUITE,EXECUTIVE,rmendoza@transformadoraindu.com,VERIFIED,85,+523333819950,2026-09-06T14:31:01.777989+00:00
Industrial Manufacturing & Transformation,METALURGICA GLOBAL S.C.,metalurgicaglobal8.mx,Sofia Benítez,Chief Revenue Officer (CRO),C_SUITE,SALES_MARKETING,sbenítez@metalurgicaglobal8.mx,VERIFIED,85,+529453377221,2026-09-06T14:31:01.777989+00:00
Industrial Manufacturing & Transformation,METALURGICA GLOBAL S. DE R.L. DE C.V.,metalurgicaglobal.com,Roberto García,Chief Revenue Officer (CRO),C_SUITE,SALES_MARKETING,rgarcía@metalurgicaglobal.com,VERIFIED,85,+524597538753,2026-09-06T14:31:01.777989+00:00
Industrial Manufacturing & Transformation,METALURGICA ESPECIALIZADA 30 S.A.P.I. DE C.V.,metalurgicaespecia.com,Roberto Hernández,Chief Executive Officer (CEO),C_SUITE,EXECUTIVE,rhernández@metalurgicaespecia.com,VERIFIED,85,+526368420292,2026-09-06T14:31:01.777989+00:00
Industrial Manufacturing & Transformation,METALURGICA ESPECIALIZADA 30 S.A.P.I. DE C.V.,metalurgicaespecia.com,Sofia Dominguez,Chief Revenue Officer (CRO),C_SUITE,SALES_MARKETING,sdominguez@metalurgicaespecia.com,VERIFIED,85,+527588050898,2026-09-06T14:31:01.777989+00:00
Industrial Manufacturing & Transformation,METALURGICA ESPECIALIZADA S.A.P.I. DE C.V.,metalurgicaespecia.mx,Mariana Vega,Chief Executive Officer (CEO),C_SUITE,EXECUTIVE,mvega@metalurgicaespecia.mx,VERIFIED,85,+524383556608,2026-09-06T14:31:01.777989+00:00
Industrial Manufacturing & Transformation,METALURGICA EMPRESARIAL 51 S. DE R.L. DE C.V.,metalurgicaempresa.com,Miguel Hernández,Chief Executive Officer (CEO),C_SUITE,EXECUTIVE,mhernández@metalurgicaempresa.com,VERIFIED,85,+526948920964,2026-09-06T14:31:01.777989+00:00
Industrial Manufacturing & Transformation,TRANSFORMADORA ESTRATEGICA 67 S.A.P.I. DE C.V.,transformadoraestr.com,Adriana Valenzuela,Chief Executive Officer (CEO),C_SUITE,EXECUTIVE,avalenzuela@transformadoraestr.com,VERIFIED,85,+525672938497,2026-09-06T14:31:01.777989+00:00
Industrial Manufacturing & Transformation,TRANSFORMADORA ESTRATEGICA 67 S.A.P.I. DE C.V.,transformadoraestr.com,Luis Alarcón,Chief Operating Officer (COO),C_SUITE,OPERATIONS,lalarcón@transformadoraestr.com,VERIFIED,85,+529724519741,2026-09-06T14:31:01.777989+00:00
Industrial Manufacturing & Transformation,TRANSFORMADORA ESTRATEGICA S.A. DE C.V.,transformadoraestr.com.mx,Eduardo Garza,Chief Technology Officer (CTO),C_SUITE,ENGINEERING_IT,egarza@transformadoraestr.com.mx,VERIFIED,85,+528577824802,2026-09-06T14:31:01.777989+00:00
Industrial Manufacturing & Transformation,METALURGICA INDUSTRIAL S.A.S.,metalurgicaindustr.com,Claudia Benítez,Chief Revenue Officer (CRO),C_SUITE,SALES_MARKETING,cbenítez@metalurgicaindustr.com,VERIFIED,85,+528647500206,2026-09-06T14:31:01.790521+00:00
Industrial Manufacturing & Transformation,METALURGICA INDUSTRIAL S.A.S.,metalurgicaindustr.com,Roberto Castro,Chief Financial Officer (CFO),C_SUITE,FINANCE,rcastro@metalurgicaindustr.com,VERIFIED,85,+527226760704,2026-09-06T14:31:01.790521+00:00
Industrial Manufacturing & Transformation,METALURGICA INDUSTRIAL 53 S.A. DE C.V.,metalurgicaindustr.mx,Mariana Mendoza,Chief Financial Officer (CFO),C_SUITE,FINANCE,mmendoza@metalurgicaindustr.mx,VERIFIED,85,+529117737037,2026-09-06T14:31:01.790521+00:00
Industrial Manufacturing & Transformation,METALURGICA INDUSTRIAL S.C.,metalurgicaindustr.com.mx,Carlos Navarro,Chief Financial Officer (CFO),C_SUITE,FINANCE,cnavarro@metalurgicaindustr.com.mx,VERIFIED,85,+527699212089,2026-09-06T14:31:01.790521+00:00
Industrial Manufacturing & Transformation,METALURGICA INDUSTRIAL S.C.,metalurgicaindustr.com.mx,Hector López,Chief Human Resources Officer (CHRO),C_SUITE,HR_PEOPLE,hlópez@metalurgicaindustr.com.mx,VERIFIED,85,+527095350599,2026-09-06T14:31:01.790521+00:00
Industrial Manufacturing & Transformation,METALURGICA DINAMICA S.A.S.,metalurgicadinamic.mx,Luis Ruiz,Chief Executive Officer (CEO),C_SUITE,EXECUTIVE,lruiz@metalurgicadinamic.mx,VERIFIED,85,+525546279012,2026-09-06T14:31:01.790521+00:00
Industrial Manufacturing & Transformation,METALURGICA DINAMICA S.A.B. DE C.V.,metalurgicadinamic.com.mx,Alejandro Mendoza,Chief Revenue Officer (CRO),C_SUITE,SALES_MARKETING,amendoza@metalurgicadinamic.com.mx,VERIFIED,85,+525561506511,2026-09-06T14:31:01.790521+00:00
Industrial Manufacturing & Transformation,TRANSFORMADORA AVANZADA 81 S.A. DE C.V.,transformadoraavan.com.mx,Rodrigo Morales,Founder,FOUNDER,EXECUTIVE,rmorales@transformadoraavan.com.mx,VERIFIED,85,+526137787472,2026-09-06T14:31:01.790521+00:00
Industrial Manufacturing & Transformation,TRANSFORMADORA AVANZADA S. DE R.L. DE C.V.,transformadoraavan.com,Sofia Vega,Chief Operating Officer (COO),C_SUITE,OPERATIONS,svega@transformadoraavan.com,VERIFIED,85,+529348387226,2026-09-06T14:31:01.790521+00:00
Industrial Manufacturing & Transformation,METALURGICA AVANZADA S.A.P.I. DE C.V.,metalurgicaavanzad.com,Adriana García,Chief Human Resources Officer (CHRO),C_SUITE,HR_PEOPLE,agarcía@metalurgicaavanzad.com,VERIFIED,85,+525122993668,2026-09-06T14:31:01.792843+00:00
Industrial Manufacturing & Transformation,METALURGICA AVANZADA S.A.P.I. DE C.V.,metalurgicaavanzad.com,Adriana Salinas,Chief Financial Officer (CFO),C_SUITE,FINANCE,asalinas@metalurgicaavanzad.com.mx,VERIFIED,85,+528795610597,2026-09-06T14:31:01.792843+00:00
Industrial Manufacturing & Transformation,METALURGICA EMPRESARIAL S.A.S.,metalurgicaempresa.com.mx,Roberto Garza,Chief Human Resources Officer (CHRO),C_SUITE,HR_PEOPLE,rgarza@metalurgicaempresa.com.mx,VERIFIED,85,+523350549540,2026-09-06T14:31:01.792843+00:00
Industrial Manufacturing & Transformation,METALURGICA EMPRESARIAL S.A.S.,metalurgicaempresa.com.mx,Mariana Salinas,Chief Financial Officer (CFO),C_SUITE,FINANCE,msalinas@metalurgicaempresa.com.mx,VERIFIED,85,+523351250562,2026-09-06T14:31:01.792843+00:00
Industrial Manufacturing & Transformation,METALURGICA EMPRESARIAL S.A. DE C.V.,metalurgicaempresa.com,Roberto García,Chief Executive Officer (CEO),C_SUITE,EXECUTIVE,rgarcía@metalurgicaempresa.com,VERIFIED,85,+523320917334,2026-09-06T14:31:01.792843+00:00
Industrial Manufacturing & Transformation,METALURGICA EMPRESARIAL S.A. DE C.V.,metalurgicaempresa.com,Claudia Salinas,Chief Operating Officer (COO),C_SUITE,OPERATIONS,csalinas@metalurgicaempresa.com,VERIFIED,85,+523388301214,2026-09-06T14:31:01.792843+00:00
Industrial Manufacturing & Transformation,METALURGICA EMPRESARIAL S.A. DE C.V.,metalurgicaempresa.com,Eduardo Ruiz,Chief Human Resources Officer (CHRO),C_SUITE,HR_PEOPLE,eruiz@metalurgicaempresa.com,VERIFIED,85,+523372106102,2026-09-06T14:31:01.792843+00:00
Industrial Manufacturing & Transformation,METALURGICA EMPRESARIAL S.A.P.I. DE C.V.,metalurgicaempresa.mx,Guillermo Hernández,Chief Executive Officer (CEO),C_SUITE,EXECUTIVE,ghernández@metalurgicaempresa.mx,VERIFIED,85,+523399943209,2026-09-06T14:31:01.792843+00:00
Industrial Manufacturing & Transformation,METALURGICA EMPRESARIAL S.A.P.I. DE C.V.,metalurgicaempresa.mx,Patricia García,Chief Operating Officer (COO),C_SUITE,OPERATIONS,pgarcía@metalurgicaempresa.mx,VERIFIED,85,+523357212185,2026-09-06T14:31:01.792843+00:00
Industrial Manufacturing & Transformation,METALURGICA DE OCCIDENTE S.A.B. DE C.V.,metalurgicadeoccid.com,Daniel Alarcón,Chief Revenue Officer (CRO),C_SUITE,SALES_MARKETING,dalarcón@metalurgicadeoccid.com,VERIFIED,85,+525250657933,2026-09-06T14:31:01.793898+00:00
Industrial Manufacturing & Transformation,METALURGICA DE OCCIDENTE S.A.B. DE C.V.,metalurgicadeoccid.com,Luis García,Chief Revenue Officer (CRO),C_SUITE,SALES_MARKETING,lgarcía@metalurgicadeoccid.com,VERIFIED,85,+524579241429,2026-09-06T14:31:01.793898+00:00
Industrial Manufacturing & Transformation,METALURGICA DE LAS AMERICAS S.A. DE C.V.,metalurgicadelasam.com.mx,Roberto González,Chief Technology Officer (CTO),C_SUITE,ENGINEERING_IT,rgonzález@metalurgicadelasam.com.mx,VERIFIED,85,+525029091555,2026-09-06T14:31:01.793898+00:00
Industrial Manufacturing & Transformation,METALURGICA DE OCCIDENTE S.A.P.I. DE C.V.,metalurgicadeoccid.mx,Carlos Navarro,Chief Executive Officer (CEO),C_SUITE,EXECUTIVE,cnavarro@metalurgicadeoccid.mx,VERIFIED,85,+529020776321,2026-09-06T14:31:01.793898+00:00
Industrial Manufacturing & Transformation,METALURGICA INTEGRAL 50 S.A.B. DE C.V.,metalurgicaintegra.com,Javier Morales,Chief Revenue Officer (CRO),C_SUITE,SALES_MARKETING,jmorales@metalurgicaintegra.com,VERIFIED,85,+529087778570,2026-09-06T14:31:01.793898+00:00
Industrial Manufacturing & Transformation,METALURGICA INTEGRAL 50 S.A.B. DE C.V.,metalurgicaintegra.com,Claudia González,Chief Executive Officer (CEO),C_SUITE,EXECUTIVE,cgonzález@metalurgicaintegra.com,VERIFIED,85,+527667142915,2026-09-06T14:31:01.793898+00:00
Industrial Manufacturing & Transformation,METALURGICA INTEGRAL 50 S.A.B. DE C.V.,metalurgicaintegra.com,Carlos González,Chief Executive Officer (CEO),C_SUITE,EXECUTIVE,cgonzález@metalurgicaintegra.com,VERIFIED,85,+528036450358,2026-09-06T14:31:01.793898+00:00
Industrial Manufacturing & Transformation,METALURGICA GLOBAL S.A.B. DE C.V.,metalurgicaglobal.com.mx,Luis Alarcón,Founder,FOUNDER,EXECUTIVE,lalarcón@metalurgicaglobal.com.mx,VERIFIED,85,+527867122771,2026-09-06T14:31:01.793898+00:00
Industrial Manufacturing & Transformation,TRANSFORMADORA DINAMICA 91 S.C.,transformadoradina.com,Claudia Salinas,Chief Operating Officer (COO),C_SUITE,OPERATIONS,csalinas@transformadoradina.com,VERIFIED,85,+527064989624,2026-09-06T14:31:01.793898+00:00
Industrial Manufacturing & Transformation,TRANSFORMADORA DINAMICA 91 S.C.,transformadoradina.com,Daniel García,Chief Revenue Officer (CRO),C_SUITE,SALES_MARKETING,dgarcía@transformadoradina.com,VERIFIED,85,+529127923382,2026-09-06T14:31:01.793898+00:00
Industrial Manufacturing & Transformation,TRANSFORMADORA DINAMICA 91 S.C.,transformadoradina.com,Andrea Dominguez,Chief Human Resources Officer (CHRO),C_SUITE,HR_PEOPLE,adominguez@transformadoradina.com,VERIFIED,85,+527241272065,2026-09-06T14:31:01.793898+00:00
Industrial Manufacturing & Transformation,TRANSFORMADORA DEL PACIFICO S.A.B. DE C.V.,transformadoradelp.com.mx,Patricia Mendoza,Founder,FOUNDER,EXECUTIVE,pmendoza@transformadoradelp.com.mx,VERIFIED,85,+526572334184,2026-09-06T14:31:01.793898+00:00
Industrial Manufacturing & Transformation,TRANSFORMADORA DEL PACIFICO S.A.B. DE C.V.,transformadoradelp.com.mx,Daniel Alarcón,Founder,FOUNDER,EXECUTIVE,dalarcón@transformadoradelp.mx,VERIFIED,85,+527723044964,2026-09-06T14:31:01.793898+00:00
Industrial Manufacturing & Transformation,TRANSFORMADORA DEL PACIFICO S.A.B. DE C.V.,transformadoradelp.com.mx,Luis Treviño,Founder,FOUNDER,EXECUTIVE,ltreviño@transformadoradelp.com.mx,VERIFIED,85,+526997666265,2026-09-06T14:31:01.793898+00:00
Industrial Manufacturing & Transformation,TRANSFORMADORA DEL PACIFICO S.A.P.I. DE C.V.,transformadoradelp.mx,Javier Castro,Chief Financial Officer (CFO),C_SUITE,FINANCE,jcastro@transformadoradelp.mx,VERIFIED,85,+528284085040,2026-09-06T14:31:01.793898+00:00
Industrial Manufacturing & Transformation,TRANSFORMADORA DEL NORTE S.A. DE C.V.,transformadoradeln.mx,Rodrigo Dominguez,Chief Financial Officer (CFO),C_SUITE,FINANCE,rdominguez@transformadoradeln.mx,VERIFIED,85,+526043544902,2026-09-06T14:31:01.793898+00:00
Industrial Manufacturing & Transformation,TRANSFORMADORA DEL NORTE S.A. DE C.V.,transformadoradeln.mx,Guillermo Martínez,Chief Executive Officer (CEO),C_SUITE,EXECUTIVE,gmartínez@transformadoradeln.mx,VERIFIED,85,+529567906363,2026-09-06T14:31:01.793898+00:00
Industrial Manufacturing & Transformation,TRANSFORMADORA DEL CENTRO 47 S. DE R.L. DE C.V.,transformadoradelc.mx,Gabriel Benítez,Chief Executive Officer (CEO),C_SUITE,EXECUTIVE,gbenítez@transformadoradelc.mx,VERIFIED,85,+525031104231,2026-09-06T14:31:01.793898+00:00
Industrial Manufacturing & Transformation,TRANSFORMADORA DEL CENTRO 47 S. DE R.L. DE C.V.,transformadoradelc.mx,Carlos Valenzuela,Chief Executive Officer (CEO),C_SUITE,EXECUTIVE,cvalenzuela@transformadoradelc.mx,VERIFIED,85,+528289079132,2026-09-06T14:31:01.793898+00:00
Industrial Manufacturing & Transformation,TRANSFORMADORA DEL CENTRO S. DE R.L. DE C.V.,transformadoradelc.com,Patricia Villaseñor,Chief Executive Officer (CEO),C_SUITE,EXECUTIVE,pvillaseñor@transformadoradelc.com,VERIFIED,85,+529024277060,2026-09-06T14:31:01.793898+00:00
Industrial Manufacturing & Transformation,TRANSFORMADORA DEL NORTE 24 S.A.S.,transformadoradeln.com.mx,Alejandro Salinas,Chief Technology Officer (CTO),C_SUITE,ENGINEERING_IT,asalinas@transformadoradeln.com.mx,VERIFIED,85,+527471562825,2026-09-06T14:31:01.793898+00:00
Industrial Manufacturing & Transformation,TRANSFORMADORA DEL BAJIO 14 S.C.,transformadoradelb.mx,Claudia González,Chief Technology Officer (CTO),C_SUITE,ENGINEERING_IT,cgonzález@transformadoradelb.mx,VERIFIED,85,+528519255297,2026-09-06T14:31:01.793898+00:00
Industrial Manufacturing & Transformation,TRANSFORMADORA DEL PACIFICO 8 S.A.P.I. DE C.V.,transformadoradelp.com,Daniel Valenzuela,Chief Executive Officer (CEO),C_SUITE,EXECUTIVE,dvalenzuela@transformadoradelp.com,VERIFIED,85,+524246414602,2026-09-06T14:31:01.793898+00:00
Industrial Manufacturing & Transformation,METALURGICA MEXICANA S.A.P.I. DE C.V.,metalurgicamexican.com.mx,Eduardo Garza,Chief Executive Officer (CEO),C_SUITE,EXECUTIVE,egarza@metalurgicamexican.com.mx,VERIFIED,85,+526984631879,2026-09-06T14:31:01.793898+00:00
Industrial Manufacturing & Transformation,METALURGICA MEXICANA S.A.P.I. DE C.V.,metalurgicamexican.com.mx,Andrea Morales,Chief Revenue Officer (CRO),C_SUITE,SALES_MARKETING,amorales@metalurgicamexican.com.mx,VERIFIED,85,+526749599274,2026-09-06T14:31:01.793898+00:00
Industrial Manufacturing & Transformation,METALURGICA MEXICANA S.A.P.I. DE C.V.,metalurgicamexican.com.mx,Adriana Navarro,Chief Executive Officer (CEO),C_SUITE,EXECUTIVE,anavarro@metalurgicamexican.mx,VERIFIED,85,+528846460191,2026-09-06T14:31:01.793898+00:00
Industrial Manufacturing & Transformation,TRANSFORMADORA INTERNACIONAL S. DE R.L. DE C.V.,transformadorainte.com,Luis Salinas,Chief Human Resources Officer (CHRO),C_SUITE,HR_PEOPLE,lsalinas@transformadorainte.com,VERIFIED,85,+525581235070,2026-09-06T14:31:01.793898+00:00
Industrial Manufacturing & Transformation,TRANSFORMADORA INTERNACIONAL S. DE R.L. DE C.V.,transformadorainte.com,Andrea Morales,Chief Executive Officer (CEO),C_SUITE,EXECUTIVE,amorales@transformadorainte.com,VERIFIED,85,+529072443538,2026-09-06T14:31:01.793898+00:00
Industrial Manufacturing & Transformation,TRANSFORMADORA INTERNACIONAL S.A. DE C.V.,transformadorainte.com.mx,Eduardo López,Chief Revenue Officer (CRO),C_SUITE,SALES_MARKETING,elópez@transformadorainte.com.mx,VERIFIED,85,+527362171357,2026-09-06T14:31:01.793898+00:00
Industrial Manufacturing & Transformation,TRANSFORMADORA INTERNACIONAL S.A.S.,transformadorainte.mx,Rodrigo López,Chief Executive Officer (CEO),C_SUITE,EXECUTIVE,rlópez@transformadorainte.mx,VERIFIED,85,+529269649472,2026-09-06T14:31:01.793898+00:00
Industrial Manufacturing & Transformation,TRANSFORMADORA AVANZADA S.A.P.I. DE C.V.,transformadoraavan.com,Daniel Vega,Chief Revenue Officer (CRO),C_SUITE,SALES_MARKETING,dvega@transformadoraavan.com,VERIFIED,85,+525891850685,2026-09-06T14:31:01.793898+00:00
Industrial Manufacturing & Transformation,TRANSFORMADORA AVANZADA S.A.P.I. DE C.V.,transformadoraavan.com,Jorge Mendoza,Chief Human Resources Officer (CHRO),C_SUITE,HR_PEOPLE,jmendoza@transformadoraavan.com,VERIFIED,85,+529065374495,2026-09-06T14:31:01.793898+00:00
Industrial Manufacturing & Transformation,TRANSFORMADORA AVANZADA S.A.P.I. DE C.V.,transformadoraavan.com,Claudia García,Chief Operating Officer (COO),C_SUITE,OPERATIONS,cgarcía@transformadoraavan.com,VERIFIED,85,+524728790405,2026-09-06T14:31:01.793898+00:00
Industrial Manufacturing & Transformation,TRANSFORMADORA MODERNA S.A.P.I. DE C.V.,transformadoramode.com,Sofia Treviño,Chief Executive Officer (CEO),C_SUITE,EXECUTIVE,streviño@transformadoramode.com,VERIFIED,85,+527854824151,2026-09-06T14:31:01.793898+00:00
Industrial Manufacturing & Transformation,TRANSFORMADORA MODERNA S.A.P.I. DE C.V.,transformadoramode.com,Mariana Villaseñor,Chief Financial Officer (CFO),C_SUITE,FINANCE,mvillaseñor@transformadoramode.com,VERIFIED,85,+529339121856,2026-09-06T14:31:01.793898+00:00
Industrial Manufacturing & Transformation,TRANSFORMADORA MODERNA S.A. DE C.V.,transformadoramode.com.mx,Fernando Ruiz,Founder,FOUNDER,EXECUTIVE,fruiz@transformadoramode.com.mx,VERIFIED,85,+527940158179,2026-09-06T14:31:01.793898+00:00
Industrial Manufacturing & Transformation,METALURGICA DE OCCIDENTE S.A. DE C.V.,metalurgicadeoccid.com,Alejandro Alarcón,Chief Revenue Officer (CRO),C_SUITE,SALES_MARKETING,aalarcón@metalurgicadeoccid.com,VERIFIED,85,+529454364638,2026-09-06T14:31:01.793898+00:00
Industrial Manufacturing & Transformation,METALURGICA DE OCCIDENTE S.A. DE C.V.,metalurgicadeoccid.com,Alejandro Treviño,Chief Human Resources Officer (CHRO),C_SUITE,HR_PEOPLE,atreviño@metalurgicadeoccid.com,VERIFIED,85,+524364856923,2026-09-06T14:31:01.793898+00:00
Industrial Manufacturing & Transformation,METALURGICA DE LAS AMERICAS 81 S.A.P.I. DE C.V.,metalurgicadelasam.mx,Mariana Dominguez,Founder,FOUNDER,EXECUTIVE,mdominguez@metalurgicadelasam.mx,VERIFIED,85,+524272060122,2026-09-06T14:31:01.793898+00:00
Industrial Manufacturing & Transformation,METALURGICA DE LAS AMERICAS 81 S.A.P.I. DE C.V.,metalurgicadelasam.mx,Adriana Navarro,Founder,FOUNDER,EXECUTIVE,anavarro@metalurgicadelasam.mx,VERIFIED,85,+525819308244,2026-09-06T14:31:01.793898+00:00
Industrial Manufacturing & Transformation,METALURGICA INTERNACIONAL S.A.S.,metalurgicainterna.com,Guillermo Morales,Founder,FOUNDER,EXECUTIVE,gmorales@metalurgicainterna.com,VERIFIED,85,+528176550558,2026-09-06T14:31:01.793898+00:00
Industrial Manufacturing & Transformation,METALURGICA INTERNACIONAL S.A.S.,metalurgicainterna.com,David Dominguez,Chief Executive Officer (CEO),C_SUITE,EXECUTIVE,ddominguez@metalurgicainterna.com,VERIFIED,85,+528132019116,2026-09-06T14:31:01.793898+00:00
Industrial Manufacturing & Transformation,TRANSFORMADORA INDUSTRIAL S.A.B. DE C.V.,transformadoraindu.com.mx,Adriana Alarcón,Chief Executive Officer (CEO),C_SUITE,EXECUTIVE,aalarcón@transformadoraindu.com.mx,VERIFIED,85,+525738919588,2026-09-06T14:31:01.793898+00:00
Industrial Manufacturing & Transformation,TRANSFORMADORA INDUSTRIAL S. DE R.L. DE C.V.,transformadoraindu.mx,Guillermo Hernández,Chief Financial Officer (CFO),C_SUITE,FINANCE,ghernández@transformadoraindu.mx,VERIFIED,85,+526619923312,2026-09-06T14:31:01.793898+00:00
Industrial Manufacturing & Transformation,TRANSFORMADORA INDUSTRIAL S.A.P.I. DE C.V.,transformadoraindu.com,Carlos Castro,Chief Revenue Officer (CRO),C_SUITE,SALES_MARKETING,ccastro@transformadoraindu.com,VERIFIED,85,+527228339717,2026-09-06T14:31:01.793898+00:00
Industrial Manufacturing & Transformation,METALURGICA MEXICANA S.C.,metalurgicamexican.com,Andrea Treviño,Chief Human Resources Officer (CHRO),C_SUITE,HR_PEOPLE,atreviño@metalurgicamexican.com,VERIFIED,85,+527251100062,2026-09-06T14:31:01.793898+00:00
Industrial Manufacturing & Transformation,METALURGICA MEXICANA S.C.,metalurgicamexican.com,Gabriel Martínez,Chief Executive Officer (CEO),C_SUITE,EXECUTIVE,gmartínez@metalurgicamexican.mx,VERIFIED,85,+524990944336,2026-09-06T14:31:01.793898+00:00
Industrial Manufacturing & Transformation,METALURGICA MEXICANA S.C.,metalurgicamexican.com,Miguel Garza,Chief Financial Officer (CFO),C_SUITE,FINANCE,mgarza@metalurgicamexican.com.mx,VERIFIED,85,+525660755275,2026-09-06T14:31:01.793898+00:00
Industrial Manufacturing & Transformation,TRANSFORMADORA DINAMICA S.A.B. DE C.V.,transformadoradina.mx,Jorge Alarcón,Chief Executive Officer (CEO),C_SUITE,EXECUTIVE,jalarcón@transformadoradina.mx,VERIFIED,85,+529439637673,2026-09-06T14:31:01.793898+00:00
Industrial Manufacturing & Transformation,TRANSFORMADORA DINAMICA S.A.S.,transformadoradina.com.mx,Mariana Garza,Founder,FOUNDER,EXECUTIVE,mgarza@transformadoradina.com.mx,VERIFIED,85,+527551563084,2026-09-06T14:31:01.793898+00:00
Industrial Manufacturing & Transformation,TRANSFORMADORA LATINOAMERICANA S.A.B. DE C.V.,transformadoralati.com,Patricia Treviño,Founder,FOUNDER,EXECUTIVE,ptreviño@transformadoralati.com,VERIFIED,85,+525519266319,2026-09-06T14:31:01.793898+00:00
Industrial Manufacturing & Transformation,TRANSFORMADORA LATINOAMERICANA S.A. DE C.V.,transformadoralati.com.mx,Patricia Mendoza,Chief Executive Officer (CEO),C_SUITE,EXECUTIVE,pmendoza@transformadoralati.com.mx,VERIFIED,85,+525541779052,2026-09-06T14:31:01.793898+00:00
Industrial Manufacturing & Transformation,TRANSFORMADORA NACIONAL S.A.P.I. DE C.V.,transformadoranaci.mx,Daniel Ruiz,Chief Executive Officer (CEO),C_SUITE,EXECUTIVE,druiz@transformadoranaci.mx,VERIFIED,85,+525884513806,2026-09-06T14:31:01.793898+00:00
Industrial Manufacturing & Transformation,TRANSFORMADORA NACIONAL S.A.P.I. DE C.V.,transformadoranaci.mx,Luis Martínez,Chief Financial Officer (CFO),C_SUITE,FINANCE,lmartínez@transformadoranaci.mx,VERIFIED,85,+525569616819,2026-09-06T14:31:01.793898+00:00
Industrial Manufacturing & Transformation,TRANSFORMADORA NACIONAL S.A.P.I. DE C.V.,transformadoranaci.mx,Alejandro Villaseñor,Founder,FOUNDER,EXECUTIVE,avillaseñor@transformadoranaci.mx,VERIFIED,85,+527028903653,2026-09-06T14:31:01.793898+00:00
Industrial Manufacturing & Transformation,TRANSFORMADORA NACIONAL S.A.P.I. DE C.V.,transformadoranaci.com.mx,Luis Valenzuela,Chief Human Resources Officer (CHRO),C_SUITE,HR_PEOPLE,lvalenzuela@transformadoranaci.com.mx,VERIFIED,85,+525127604913,2026-09-06T14:31:01.793898+00:00
Industrial Manufacturing & Transformation,TRANSFORMADORA NACIONAL S.A.P.I. DE C.V.,transformadoranaci.com.mx,Andrea Mendoza,Chief Technology Officer (CTO),C_SUITE,ENGINEERING_IT,amendoza@transformadoranaci.com.mx,VERIFIED,85,+527139905909,2026-09-06T14:31:01.793898+00:00
Industrial Manufacturing & Transformation,TRANSFORMADORA NACIONAL S.A.P.I. DE C.V.,transformadoranaci.com.mx,Claudia Morales,Chief Executive Officer (CEO),C_SUITE,EXECUTIVE,cmorales@transformadoranaci.com.mx,VERIFIED,85,+528976365796,2026-09-06T14:31:01.793898+00:00
Industrial Manufacturing & Transformation,METALURGICA LATINOAMERICANA 37 S.A.P.I. DE C.V.,metalurgicalatinoa.com.mx,Claudia Benítez,Chief Executive Officer (CEO),C_SUITE,EXECUTIVE,cbenítez@metalurgicalatinoa.com.mx,VERIFIED,85,+528885382425,2026-09-06T14:31:01.793898+00:00
Industrial Manufacturing & Transformation,METALURGICA LATINOAMERICANA S.A.S.,metalurgicalatinoa.com,Rodrigo Hernández,Chief Executive Officer (CEO),C_SUITE,EXECUTIVE,rhernández@metalurgicalatinoa.com,VERIFIED,85,+525553016803,2026-09-06T14:31:01.793898+00:00
Industrial Manufacturing & Transformation,METALURGICA LATINOAMERICANA S.A.S.,metalurgicalatinoa.com,Gabriel Valenzuela,Chief Human Resources Officer (CHRO),C_SUITE,HR_PEOPLE,gvalenzuela@metalurgicalatinoa.com,VERIFIED,85,+524289383946,2026-09-06T14:31:01.793898+00:00
Industrial Manufacturing & Transformation,METALURGICA AVANZADA S.C.,metalurgicaavanzad.com.mx,Carlos Garza,Chief Technology Officer (CTO),C_SUITE,ENGINEERING_IT,cgarza@metalurgicaavanzad.com.mx,VERIFIED,85,+526696464844,2026-09-06T14:31:01.793898+00:00
Industrial Manufacturing & Transformation,METALURGICA ESTRATEGICA 53 S.A.S.,metalurgicaestrate.com,Mariana Mendoza,Chief Executive Officer (CEO),C_SUITE,EXECUTIVE,mmendoza@metalurgicaestrate.com,VERIFIED,85,+525565154113,2026-09-06T14:31:01.806301+00:00
Industrial Manufacturing & Transformation,TRANSFORMADORA DINAMICA S.A. DE C.V.,transformadoradina.mx,Jorge Mendoza,Founder,FOUNDER,EXECUTIVE,jmendoza@transformadoradina.mx,VERIFIED,85,+528064841644,2026-09-06T14:31:01.806301+00:00
Industrial Manufacturing & Transformation,TRANSFORMADORA DINAMICA S.A. DE C.V.,transformadoradina.mx,Andrea Benítez,Chief Human Resources Officer (CHRO),C_SUITE,HR_PEOPLE,abenítez@transformadoradina.mx,VERIFIED,85,+525758636182,2026-09-06T14:31:01.806301+00:00
Industrial Manufacturing & Transformation,TRANSFORMADORA DINAMICA S.C.,transformadoradina.com,Andrea Benítez,Founder,FOUNDER,EXECUTIVE,abenítez@transformadoradina.com,VERIFIED,85,+527984420095,2026-09-06T14:31:01.806301+00:00
Industrial Manufacturing & Transformation,TRANSFORMADORA DINAMICA S.A.B. DE C.V.,transformadoradina.com.mx,Fernando Morales,Chief Executive Officer (CEO),C_SUITE,EXECUTIVE,fmorales@transformadoradina.com.mx,VERIFIED,85,+529471568157,2026-09-06T14:31:01.806301+00:00
Industrial Manufacturing & Transformation,TRANSFORMADORA ESTRATEGICA S. DE R.L. DE C.V.,transformadoraestr.com,David López,Chief Executive Officer (CEO),C_SUITE,EXECUTIVE,dlópez@transformadoraestr.com,VERIFIED,85,+527858294765,2026-09-06T14:31:01.806301+00:00
Industrial Manufacturing & Transformation,TRANSFORMADORA ESTRATEGICA S. DE R.L. DE C.V.,transformadoraestr.com,Jorge Dominguez,Founder,FOUNDER,EXECUTIVE,jdominguez@transformadoraestr.com,VERIFIED,85,+526266068189,2026-09-06T14:31:01.806301+00:00
Industrial Manufacturing & Transformation,METALURGICA AVANZADA S.A. DE C.V.,metalurgicaavanzad.com,David Valenzuela,Chief Executive Officer (CEO),C_SUITE,EXECUTIVE,dvalenzuela@metalurgicaavanzad.com,VERIFIED,85,+525581705665,2026-09-06T14:31:01.808710+00:00
Industrial Manufacturing & Transformation,METALURGICA AVANZADA S.A.P.I. DE C.V.,metalurgicaavanzad.mx,Hector Valenzuela,Chief Technology Officer (CTO),C_SUITE,ENGINEERING_IT,hvalenzuela@metalurgicaavanzad.mx,VERIFIED,85,+525576581638,2026-09-06T14:31:01.808710+00:00
Industrial Manufacturing & Transformation,METALURGICA AVANZADA S.A.P.I. DE C.V.,metalurgicaavanzad.mx,Guillermo Garza,Chief Revenue Officer (CRO),C_SUITE,SALES_MARKETING,ggarza@metalurgicaavanzad.mx,VERIFIED,85,+525576005109,2026-09-06T14:31:01.808710+00:00
Industrial Manufacturing & Transformation,METALURGICA AVANZADA S.C.,metalurgicaavanzad.com.mx,Eduardo Martínez,Chief Executive Officer (CEO),C_SUITE,EXECUTIVE,emartínez@metalurgicaavanzad.com.mx,VERIFIED,85,+525580226887,2026-09-06T14:31:01.808710+00:00
Industrial Manufacturing & Transformation,METALURGICA AVANZADA S.C.,metalurgicaavanzad.com.mx,Jorge Garza,Chief Operating Officer (COO),C_SUITE,OPERATIONS,jgarza@metalurgicaavanzad.com.mx,VERIFIED,85,+525555935769,2026-09-06T14:31:01.808710+00:00
Industrial Manufacturing & Transformation,TRANSFORMADORA NACIONAL 51 S.A.S.,transformadoranaci.mx,Hector Garza,Chief Operating Officer (COO),C_SUITE,OPERATIONS,hgarza@transformadoranaci.mx,VERIFIED,85,+528394332529,2026-09-06T14:31:01.808710+00:00
Industrial Manufacturing & Transformation,TRANSFORMADORA NACIONAL S.A.P.I. DE C.V.,transformadoranaci.com.mx,Daniel Vega,Chief Operating Officer (COO),C_SUITE,OPERATIONS,dvega@transformadoranaci.com.mx,VERIFIED,85,+525086351331,2026-09-06T14:31:01.808710+00:00
Industrial Manufacturing & Transformation,TRANSFORMADORA NACIONAL S.A.P.I. DE C.V.,transformadoranaci.com.mx,Patricia Ruiz,Chief Revenue Officer (CRO),C_SUITE,SALES_MARKETING,pruiz@transformadoranaci.com,VERIFIED,85,+526952875636,2026-09-06T14:31:01.808710+00:00
Industrial Manufacturing & Transformation,TRANSFORMADORA NACIONAL S.A.P.I. DE C.V.,transformadoranaci.com.mx,Sofia González,Chief Revenue Officer (CRO),C_SUITE,SALES_MARKETING,sgonzález@transformadoranaci.com.mx,VERIFIED,85,+528117647247,2026-09-06T14:31:01.808710+00:00
Industrial Manufacturing & Transformation,TRANSFORMADORA NACIONAL S.C.,transformadoranaci.com,Alejandro Navarro,Founder,FOUNDER,EXECUTIVE,anavarro@transformadoranaci.com,VERIFIED,85,+524437227133,2026-09-06T14:31:01.808710+00:00
Industrial Manufacturing & Transformation,METALURGICA MODERNA S. DE R.L. DE C.V.,metalurgicamoderna.com.mx,Miguel Alarcón,Chief Executive Officer (CEO),C_SUITE,EXECUTIVE,malarcón@metalurgicamoderna.com.mx,VERIFIED,85,+529946511978,2026-09-06T14:31:01.810088+00:00
Industrial Manufacturing & Transformation,METALURGICA MODERNA S.A. DE C.V.,metalurgicamoderna.com,Patricia Castro,Chief Financial Officer (CFO),C_SUITE,FINANCE,pcastro@metalurgicamoderna.com,VERIFIED,85,+529447626586,2026-09-06T14:31:01.810088+00:00
Industrial Manufacturing & Transformation,METALURGICA INDUSTRIAL S.A. DE C.V.,metalurgicaindustr.mx,David Navarro,Founder,FOUNDER,EXECUTIVE,dnavarro@metalurgicaindustr.mx,VERIFIED,85,+528561164642,2026-09-06T14:31:01.810088+00:00
Industrial Manufacturing & Transformation,METALURGICA INDUSTRIAL S.A. DE C.V.,metalurgicaindustr.mx,Claudia Martínez,Chief Revenue Officer (CRO),C_SUITE,SALES_MARKETING,cmartínez@metalurgicaindustr.mx,VERIFIED,85,+526114154341,2026-09-06T14:31:01.810088+00:00
Industrial Manufacturing & Transformation,METALURGICA INDUSTRIAL S.A. DE C.V.,metalurgicaindustr.com,Roberto Villaseñor,Chief Financial Officer (CFO),C_SUITE,FINANCE,rvillaseñor@metalurgicaindustr.com,VERIFIED,85,+525451433342,2026-09-06T14:31:01.810088+00:00
Industrial Manufacturing & Transformation,METALURGICA INDUSTRIAL S.A. DE C.V.,metalurgicaindustr.com,Roberto Valenzuela,Chief Human Resources Officer (CHRO),C_SUITE,HR_PEOPLE,rvalenzuela@metalurgicaindustr.com,VERIFIED,85,+526856430839,2026-09-06T14:31:01.810088+00:00
Industrial Manufacturing & Transformation,METALURGICA ESTRATEGICA 32 S. DE R.L. DE C.V.,metalurgicaestrate.com,Jorge Garza,Chief Operating Officer (COO),C_SUITE,OPERATIONS,jgarza@metalurgicaestrate.com,VERIFIED,85,+526661682522,2026-09-06T14:31:01.810088+00:00
Industrial Manufacturing & Transformation,METALURGICA ESTRATEGICA S.A.P.I. DE C.V.,metalurgicaestrate.com.mx,David Alarcón,Chief Financial Officer (CFO),C_SUITE,FINANCE,dalarcón@metalurgicaestrate.com.mx,VERIFIED,85,+528869911076,2026-09-06T14:31:01.810088+00:00
Industrial Manufacturing & Transformation,TRANSFORMADORA INTERNACIONAL 70 S.C.,transformadorainte.com,Fernando Hernández,Chief Financial Officer (CFO),C_SUITE,FINANCE,fhernández@transformadorainte.com,VERIFIED,85,+529347954172,2026-09-06T14:31:01.810088+00:00
Industrial Manufacturing & Transformation,TRANSFORMADORA INTERNACIONAL S.A.B. DE C.V.,transformadorainte.mx,Fernando Vega,Founder,FOUNDER,EXECUTIVE,fvega@transformadorainte.mx,VERIFIED,85,+529616075671,2026-09-06T14:31:01.810088+00:00
Industrial Manufacturing & Transformation,TRANSFORMADORA INTERNACIONAL S.A.B. DE C.V.,transformadorainte.mx,Javier Morales,Chief Operating Officer (COO),C_SUITE,OPERATIONS,jmorales@transformadorainte.mx,VERIFIED,85,+526257679447,2026-09-06T14:31:01.810088+00:00
Industrial Manufacturing & Transformation,TRANSFORMADORA INTERNACIONAL S.A.S.,transformadorainte.com.mx,Mariana Salinas,Chief Financial Officer (CFO),C_SUITE,FINANCE,msalinas@transformadorainte.com.mx,VERIFIED,85,+525177846128,2026-09-06T14:31:01.810088+00:00
Industrial Manufacturing & Transformation,METALURGICA DE LAS AMERICAS S.A.S.,metalurgicadelasam.mx,Gabriel Alarcón,Founder,FOUNDER,EXECUTIVE,galarcón@metalurgicadelasam.mx,VERIFIED,85,+525919528046,2026-09-06T14:31:01.810088+00:00
Industrial Manufacturing & Transformation,METALURGICA DE LAS AMERICAS S.A.S.,metalurgicadelasam.mx,Daniel Martínez,Chief Executive Officer (CEO),C_SUITE,EXECUTIVE,dmartínez@metalurgicadelasam.mx,VERIFIED,85,+527543975456,2026-09-06T14:31:01.810088+00:00
Industrial Manufacturing & Transformation,METALURGICA DE OCCIDENTE 26 S.C.,metalurgicadeoccid.mx,Sofia González,Founder,FOUNDER,EXECUTIVE,sgonzález@metalurgicadeoccid.mx,VERIFIED,85,+525811287247,2026-09-06T14:31:01.810088+00:00
Industrial Manufacturing & Transformation,METALURGICA DE OCCIDENTE S.A.P.I. DE C.V.,metalurgicadeoccid.com,David López,Chief Executive Officer (CEO),C_SUITE,EXECUTIVE,dlópez@metalurgicadeoccid.com,VERIFIED,85,+528466494114,2026-09-06T14:31:01.810088+00:00
Industrial Manufacturing & Transformation,METALURGICA DE LAS AMERICAS S.A.P.I. DE C.V.,metalurgicadelasam.com.mx,Jorge Treviño,Chief Operating Officer (COO),C_SUITE,OPERATIONS,jtreviño@metalurgicadelasam.com.mx,VERIFIED,85,+525499304845,2026-09-06T14:31:01.810088+00:00
Industrial Manufacturing & Transformation,METALURGICA INTEGRAL S.C.,metalurgicaintegra.com.mx,Miguel Mendoza,Founder,FOUNDER,EXECUTIVE,mmendoza@metalurgicaintegra.com.mx,VERIFIED,85,+529953030615,2026-09-06T14:31:01.810088+00:00
Industrial Manufacturing & Transformation,METALURGICA INTEGRAL S.C.,metalurgicaintegra.com.mx,Adriana Morales,Chief Executive Officer (CEO),C_SUITE,EXECUTIVE,amorales@metalurgicaintegra.com.mx,VERIFIED,85,+527576068236,2026-09-06T14:31:01.810088+00:00
Industrial Manufacturing & Transformation,METALURGICA INTEGRAL 85 S. DE R.L. DE C.V.,metalurgicaintegra.com,Roberto López,Chief Operating Officer (COO),C_SUITE,OPERATIONS,rlópez@metalurgicaintegra.com,VERIFIED,85,+526892178734,2026-09-06T14:31:01.810088+00:00
Industrial Manufacturing & Transformation,METALURGICA INTEGRAL 85 S. DE R.L. DE C.V.,metalurgicaintegra.com,Alejandro Ruiz,Chief Executive Officer (CEO),C_SUITE,EXECUTIVE,aruiz@metalurgicaintegra.com,VERIFIED,85,+527721590918,2026-09-06T14:31:01.810088+00:00
Industrial Manufacturing & Transformation,TRANSFORMADORA CENTRAL S.A.P.I. DE C.V.,transformadoracent.com,Eduardo Ruiz,Chief Executive Officer (CEO),C_SUITE,EXECUTIVE,eruiz@transformadoracent.com,VERIFIED,85,+526955657558,2026-09-06T14:31:01.810088+00:00
Industrial Manufacturing & Transformation,TRANSFORMADORA CENTRAL S.A.P.I. DE C.V.,transformadoracent.com,Roberto Mendoza,Founder,FOUNDER,EXECUTIVE,rmendoza@transformadoracent.com,VERIFIED,85,+528038708100,2026-09-06T14:31:01.810088+00:00
Industrial Manufacturing & Transformation,TRANSFORMADORA CENTRAL S.A.P.I. DE C.V.,transformadoracent.com,Patricia Valenzuela,Chief Executive Officer (CEO),C_SUITE,EXECUTIVE,pvalenzuela@transformadoracent.com,VERIFIED,85,+528324325977,2026-09-06T14:31:01.810088+00:00
Industrial Manufacturing & Transformation,TRANSFORMADORA CENTRAL S.A.P.I. DE C.V.,transformadoracent.com.mx,Jorge Castro,Chief Revenue Officer (CRO),C_SUITE,SALES_MARKETING,jcastro@transformadoracent.com.mx,VERIFIED,85,+524197499625,2026-09-06T14:31:01.810088+00:00
Industrial Manufacturing & Transformation,METALURGICA CENTRAL S.C.,metalurgicacentral.com,Jorge Villaseñor,Chief Revenue Officer (CRO),C_SUITE,SALES_MARKETING,jvillaseñor@metalurgicacentral.com,VERIFIED,85,+524074886059,2026-09-06T14:31:01.810088+00:00
Industrial Manufacturing & Transformation,METALURGICA CENTRAL S.A.B. DE C.V.,metalurgicacentral.mx,Patricia Martínez,Chief Executive Officer (CEO),C_SUITE,EXECUTIVE,pmartínez@metalurgicacentral.mx,VERIFIED,85,+527351784606,2026-09-06T14:31:01.810088+00:00
Industrial Manufacturing & Transformation,METALURGICA DINAMICA S.A. DE C.V.,metalurgicadinamic.mx,Alejandro Navarro,Chief Executive Officer (CEO),C_SUITE,EXECUTIVE,anavarro@metalurgicadinamic.mx,VERIFIED,85,+526535423323,2026-09-06T14:31:01.810088+00:00
Industrial Manufacturing & Transformation,METALURGICA DINAMICA S.A. DE C.V.,metalurgicadinamic.mx,Eduardo Benítez,Chief Operating Officer (COO),C_SUITE,OPERATIONS,ebenítez@metalurgicadinamic.mx,VERIFIED,85,+528491126484,2026-09-06T14:31:01.810088+00:00
Industrial Manufacturing & Transformation,METALURGICA DINAMICA S.A. DE C.V.,metalurgicadinamic.mx,Gabriel Castro,Founder,FOUNDER,EXECUTIVE,gcastro@metalurgicadinamic.mx,VERIFIED,85,+529985677741,2026-09-06T14:31:01.810088+00:00
Industrial Manufacturing & Transformation,METALURGICA CENTRAL S.A.P.I. DE C.V.,metalurgicacentral.com.mx,Claudia Hernández,Chief Operating Officer (COO),C_SUITE,OPERATIONS,chernández@metalurgicacentral.com.mx,VERIFIED,85,+525524805894,2026-09-06T14:31:01.810088+00:00
Industrial Manufacturing & Transformation,METALURGICA CENTRAL 15 S.C.,metalurgicacentral.com,Daniel Martínez,Chief Revenue Officer (CRO),C_SUITE,SALES_MARKETING,dmartínez@metalurgicacentral.com,VERIFIED,85,+525518262838,2026-09-06T14:31:01.810088+00:00
Industrial Manufacturing & Transformation,METALURGICA INTERNACIONAL S. DE R.L. DE C.V.,metalurgicainterna.com,Guillermo Villaseñor,Founder,FOUNDER,EXECUTIVE,gvillaseñor@metalurgicainterna.com,VERIFIED,85,+529127172803,2026-09-06T14:31:01.810088+00:00
Industrial Manufacturing & Transformation,TRANSFORMADORA MEXICANA S.A.S.,transformadoramexi.mx,Fernando Navarro,Chief Executive Officer (CEO),C_SUITE,EXECUTIVE,fnavarro@transformadoramexi.mx,VERIFIED,85,+525296937787,2026-09-06T14:31:01.810088+00:00
Industrial Manufacturing & Transformation,TRANSFORMADORA MEXICANA 85 S.C.,transformadoramexi.com.mx,Daniel Garza,Chief Executive Officer (CEO),C_SUITE,EXECUTIVE,dgarza@transformadoramexi.com.mx,VERIFIED,85,+528626868810,2026-09-06T14:31:01.810088+00:00
Industrial Manufacturing & Transformation,TRANSFORMADORA MEXICANA 85 S.C.,transformadoramexi.com.mx,Eduardo López,Chief Human Resources Officer (CHRO),C_SUITE,HR_PEOPLE,elópez@transformadoramexi.com.mx,VERIFIED,85,+528250757261,2026-09-06T14:31:01.810088+00:00
Industrial Manufacturing & Transformation,TRANSFORMADORA MEXICANA 85 S.C.,transformadoramexi.com.mx,Patricia Morales,Chief Revenue Officer (CRO),C_SUITE,SALES_MARKETING,pmorales@transformadoramexi.com.mx,VERIFIED,85,+529425746859,2026-09-06T14:31:01.810088+00:00
Industrial Manufacturing & Transformation,TRANSFORMADORA INDUSTRIAL S. DE R.L. DE C.V.,transformadoraindu.com.mx,Daniel González,Chief Human Resources Officer (CHRO),C_SUITE,HR_PEOPLE,dgonzález@transformadoraindu.com.mx,VERIFIED,85,+527172872655,2026-09-06T14:31:01.810088+00:00
Industrial Manufacturing & Transformation,METALURGICA INTEGRAL S.A.S.,metalurgicaintegra.com.mx,Roberto Castro,Chief Financial Officer (CFO),C_SUITE,FINANCE,rcastro@metalurgicaintegra.com.mx,VERIFIED,85,+523397449732,2026-09-06T14:31:01.810088+00:00
Industrial Manufacturing & Transformation,METALURGICA INTEGRAL S.A.S.,metalurgicaintegra.com.mx,Andrea Salinas,Chief Financial Officer (CFO),C_SUITE,FINANCE,asalinas@metalurgicaintegra.com.mx,VERIFIED,85,+523398377108,2026-09-06T14:31:01.810088+00:00
Industrial Manufacturing & Transformation,METALURGICA INTEGRAL S.A.S.,metalurgicaintegra.com.mx,Eduardo López,Chief Financial Officer (CFO),C_SUITE,FINANCE,elópez@metalurgicaintegra.com.mx,VERIFIED,85,+523382425660,2026-09-06T14:31:01.810088+00:00
Industrial Manufacturing & Transformation,TRANSFORMADORA INTERNACIONAL S.A. DE C.V.,transformadorainte.com.mx,Miguel López,Chief Human Resources Officer (CHRO),C_SUITE,HR_PEOPLE,mlópez@transformadorainte.com.mx,VERIFIED,85,+525929942748,2026-09-06T14:31:01.810088+00:00
Industrial Manufacturing & Transformation,TRANSFORMADORA INTERNACIONAL S.A. DE C.V.,transformadorainte.com.mx,Rodrigo Villaseñor,Chief Technology Officer (CTO),C_SUITE,ENGINEERING_IT,rvillaseñor@transformadorainte.mx,VERIFIED,85,+529684220079,2026-09-06T14:31:01.810088+00:00
Industrial Manufacturing & Transformation,TRANSFORMADORA INTERNACIONAL S.A. DE C.V.,transformadorainte.com.mx,Mariana Hernández,Chief Executive Officer (CEO),C_SUITE,EXECUTIVE,mhernández@transformadorainte.com.mx,VERIFIED,85,+526064745823,2026-09-06T14:31:01.810088+00:00
Industrial Manufacturing & Transformation,TRANSFORMADORA MEXICANA S.A.B. DE C.V.,transformadoramexi.com.mx,Rodrigo Hernández,Chief Revenue Officer (CRO),C_SUITE,SALES_MARKETING,rhernández@transformadoramexi.com.mx,VERIFIED,85,+525513368989,2026-09-06T14:31:01.810088+00:00
Industrial Manufacturing & Transformation,TRANSFORMADORA NACIONAL S.A.S.,transformadoranaci.com,Gabriel Dominguez,Chief Technology Officer (CTO),C_SUITE,ENGINEERING_IT,gdominguez@transformadoranaci.com,VERIFIED,85,+524850210427,2026-09-06T14:31:01.810088+00:00
Industrial Manufacturing & Transformation,TRANSFORMADORA NACIONAL S. DE R.L. DE C.V.,transformadoranaci.mx,Claudia Benítez,Chief Financial Officer (CFO),C_SUITE,FINANCE,cbenítez@transformadoranaci.mx,VERIFIED,85,+526372948797,2026-09-06T14:31:01.810088+00:00
Industrial Manufacturing & Transformation,METALURGICA EMPRESARIAL S.A.P.I. DE C.V.,metalurgicaempresa.com,Gabriel García,Chief Operating Officer (COO),C_SUITE,OPERATIONS,ggarcía@metalurgicaempresa.com,VERIFIED,85,+526146227244,2026-09-06T14:31:01.810088+00:00
Industrial Manufacturing & Transformation,METALURGICA AVANZADA 95 S.C.,metalurgicaavanzad.com.mx,Fernando Garza,Chief Financial Officer (CFO),C_SUITE,FINANCE,fgarza@metalurgicaavanzad.com.mx,VERIFIED,85,+526224517991,2026-09-06T14:31:01.810088+00:00
Industrial Manufacturing & Transformation,METALURGICA INDUSTRIAL S.A.P.I. DE C.V.,metalurgicaindustr.com.mx,Sofia Benítez,Chief Executive Officer (CEO),C_SUITE,EXECUTIVE,sbenítez@metalurgicaindustr.com.mx,VERIFIED,85,+528430761385,2026-09-06T14:31:01.810088+00:00
Industrial Manufacturing & Transformation,METALURGICA LATINOAMERICANA 35 S.A. DE C.V.,metalurgicalatinoa.mx,Hector Castro,Chief Technology Officer (CTO),C_SUITE,ENGINEERING_IT,hcastro@metalurgicalatinoa.mx,VERIFIED,85,+527236401771,2026-09-06T14:31:01.810088+00:00
Industrial Manufacturing & Transformation,METALURGICA LATINOAMERICANA 26 S.A. DE C.V.,metalurgicalatinoa.com,Gabriel Garza,Founder,FOUNDER,EXECUTIVE,ggarza@metalurgicalatinoa.com,VERIFIED,85,+527910853437,2026-09-06T14:31:01.810088+00:00
Industrial Manufacturing & Transformation,METALURGICA LATINOAMERICANA 26 S.A. DE C.V.,metalurgicalatinoa.com,Roberto Villaseñor,Chief Technology Officer (CTO),C_SUITE,ENGINEERING_IT,rvillaseñor@metalurgicalatinoa.com,VERIFIED,85,+525129245884,2026-09-06T14:31:01.810088+00:00
Industrial Manufacturing & Transformation,METALURGICA LATINOAMERICANA S.A. DE C.V.,metalurgicalatinoa.com.mx,David Hernández,Chief Revenue Officer (CRO),C_SUITE,SALES_MARKETING,dhernández@metalurgicalatinoa.com.mx,VERIFIED,85,+528351413062,2026-09-06T14:31:01.810088+00:00
Industrial Manufacturing & Transformation,TRANSFORMADORA CENTRAL S. DE R.L. DE C.V.,transformadoracent.com,Alejandro Villaseñor,Chief Financial Officer (CFO),C_SUITE,FINANCE,avillaseñor@transformadoracent.com,VERIFIED,85,+526063389983,2026-09-06T14:31:01.810088+00:00
Industrial Manufacturing & Transformation,TRANSFORMADORA CENTRAL S. DE R.L. DE C.V.,transformadoracent.com,Gabriel Vega,Chief Financial Officer (CFO),C_SUITE,FINANCE,gvega@transformadoracent.mx,VERIFIED,85,+526055351872,2026-09-06T14:31:01.810088+00:00
Industrial Manufacturing & Transformation,TRANSFORMADORA CENTRAL S. DE R.L. DE C.V.,transformadoracent.com,Adriana Castro,Chief Revenue Officer (CRO),C_SUITE,SALES_MARKETING,acastro@transformadoracent.com,VERIFIED,85,+527593355620,2026-09-06T14:31:01.810088+00:00
Industrial Manufacturing & Transformation,TRANSFORMADORA CENTRAL S. DE R.L. DE C.V.,transformadoracent.com,Daniel Valenzuela,Chief Executive Officer (CEO),C_SUITE,EXECUTIVE,dvalenzuela@transformadoracent.com,VERIFIED,85,+525568453552,2026-09-06T14:31:01.810088+00:00
Industrial Manufacturing & Transformation,TRANSFORMADORA CENTRAL S.A. DE C.V.,transformadoracent.mx,Hector Garza,Chief Technology Officer (CTO),C_SUITE,ENGINEERING_IT,hgarza@transformadoracent.mx,VERIFIED,85,+529436975701,2026-09-06T14:31:01.810088+00:00
Industrial Manufacturing & Transformation,METALURGICA INTEGRAL S.A. DE C.V.,metalurgicaintegra.com,Gabriel Benítez,Chief Operating Officer (COO),C_SUITE,OPERATIONS,gbenítez@metalurgicaintegra.com,VERIFIED,85,+524178323993,2026-09-06T14:31:01.810088+00:00
Industrial Manufacturing & Transformation,METALURGICA INTEGRAL S.A. DE C.V.,metalurgicaintegra.com,Rodrigo Morales,Chief Technology Officer (CTO),C_SUITE,ENGINEERING_IT,rmorales@metalurgicaintegra.com,VERIFIED,85,+527124804299,2026-09-06T14:31:01.810088+00:00
Industrial Manufacturing & Transformation,METALURGICA INTEGRAL S.A. DE C.V.,metalurgicaintegra.com,Gabriel González,Chief Financial Officer (CFO),C_SUITE,FINANCE,ggonzález@metalurgicaintegra.com,VERIFIED,85,+524330191350,2026-09-06T14:31:01.810088+00:00
Industrial Manufacturing & Transformation,METALURGICA INTEGRAL S.C.,metalurgicaintegra.com.mx,Sofia Martínez,Chief Executive Officer (CEO),C_SUITE,EXECUTIVE,smartínez@metalurgicaintegra.com.mx,VERIFIED,85,+526724152542,2026-09-06T14:31:01.810088+00:00
Industrial Manufacturing & Transformation,TRANSFORMADORA INTEGRAL S. DE R.L. DE C.V.,transformadorainte.mx,Jorge Navarro,Chief Operating Officer (COO),C_SUITE,OPERATIONS,jnavarro@transformadorainte.mx,VERIFIED,85,+526332836733,2026-09-06T14:31:01.822064+00:00
Industrial Manufacturing & Transformation,TRANSFORMADORA INTEGRAL S.A.P.I. DE C.V.,transformadorainte.com.mx,Fernando Castro,Chief Revenue Officer (CRO),C_SUITE,SALES_MARKETING,fcastro@transformadorainte.com.mx,VERIFIED,85,+529660454483,2026-09-06T14:31:01.822064+00:00
Industrial Manufacturing & Transformation,TRANSFORMADORA INTEGRAL 50 S.A.B. DE C.V.,transformadorainte.com,Javier Hernández,Founder,FOUNDER,EXECUTIVE,jhernández@transformadorainte.com,VERIFIED,85,+526051547538,2026-09-06T14:31:01.822064+00:00
Industrial Manufacturing & Transformation,TRANSFORMADORA EMPRESARIAL S. DE R.L. DE C.V.,transformadoraempr.com,Adriana Vega,Chief Revenue Officer (CRO),C_SUITE,SALES_MARKETING,avega@transformadoraempr.com,VERIFIED,85,+528218007685,2026-09-06T14:31:01.822064+00:00
Industrial Manufacturing & Transformation,TRANSFORMADORA EMPRESARIAL S. DE R.L. DE C.V.,transformadoraempr.com,Daniel Mendoza,Chief Human Resources Officer (CHRO),C_SUITE,HR_PEOPLE,dmendoza@transformadoraempr.com,VERIFIED,85,+527634900331,2026-09-06T14:31:01.822064+00:00
Industrial Manufacturing & Transformation,TRANSFORMADORA EMPRESARIAL S.A.B. DE C.V.,transformadoraempr.com.mx,Miguel Villaseñor,Chief Human Resources Officer (CHRO),C_SUITE,HR_PEOPLE,mvillaseñor@transformadoraempr.com.mx,VERIFIED,85,+524277719581,2026-09-06T14:31:01.822064+00:00
Industrial Manufacturing & Transformation,TRANSFORMADORA EMPRESARIAL S.A. DE C.V.,transformadoraempr.mx,Carlos Martínez,Chief Executive Officer (CEO),C_SUITE,EXECUTIVE,cmartínez@transformadoraempr.mx,VERIFIED,85,+525391488468,2026-09-06T14:31:01.822064+00:00
Industrial Manufacturing & Transformation,TRANSFORMADORA DE LAS AMERICAS S.A.B. DE C.V.,transformadoradela.com.mx,Jorge García,Chief Operating Officer (COO),C_SUITE,OPERATIONS,jgarcía@transformadoradela.com.mx,VERIFIED,85,+525915072312,2026-09-06T14:31:01.822064+00:00
Industrial Manufacturing & Transformation,TRANSFORMADORA DE LAS AMERICAS S.A.B. DE C.V.,transformadoradela.com.mx,David Salinas,Chief Executive Officer (CEO),C_SUITE,EXECUTIVE,dsalinas@transformadoradela.com.mx,VERIFIED,85,+526443230983,2026-09-06T14:31:01.822064+00:00
Industrial Manufacturing & Transformation,TRANSFORMADORA DE LAS AMERICAS S.A.B. DE C.V.,transformadoradela.com.mx,Fernando Salinas,Chief Human Resources Officer (CHRO),C_SUITE,HR_PEOPLE,fsalinas@transformadoradela.mx,VERIFIED,85,+529116235231,2026-09-06T14:31:01.822064+00:00
Industrial Manufacturing & Transformation,TRANSFORMADORA DE OCCIDENTE S.A.S.,transformadoradeoc.com,Miguel Benítez,Chief Financial Officer (CFO),C_SUITE,FINANCE,mbenítez@transformadoradeoc.com,VERIFIED,85,+529277049935,2026-09-06T14:31:01.822064+00:00
Industrial Manufacturing & Transformation,TRANSFORMADORA LATINOAMERICANA S.A.P.I. DE C.V.,transformadoralati.com,Hector Villaseñor,Chief Executive Officer (CEO),C_SUITE,EXECUTIVE,hvillaseñor@transformadoralati.com,VERIFIED,85,+525085254215,2026-09-06T14:31:01.822064+00:00
Industrial Manufacturing & Transformation,TRANSFORMADORA LATINOAMERICANA S.A.P.I. DE C.V.,transformadoralati.com,Eduardo Villaseñor,Founder,FOUNDER,EXECUTIVE,evillaseñor@transformadoralati.com,VERIFIED,85,+529587024422,2026-09-06T14:31:01.822064+00:00
Industrial Manufacturing & Transformation,TRANSFORMADORA LATINOAMERICANA S.A.S.,transformadoralati.com.mx,Andrea Garza,Chief Executive Officer (CEO),C_SUITE,EXECUTIVE,agarza@transformadoralati.com.mx,VERIFIED,85,+529554628327,2026-09-06T14:31:01.822064+00:00
Industrial Manufacturing & Transformation,TRANSFORMADORA LATINOAMERICANA S.A.S.,transformadoralati.com.mx,Adriana Mendoza,Chief Operating Officer (COO),C_SUITE,OPERATIONS,amendoza@transformadoralati.com.mx,VERIFIED,85,+527122932844,2026-09-06T14:31:01.822064+00:00
Industrial Manufacturing & Transformation,TRANSFORMADORA INTEGRAL S.A. DE C.V.,transformadorainte.com,Daniel Treviño,Chief Revenue Officer (CRO),C_SUITE,SALES_MARKETING,dtreviño@transformadorainte.com,VERIFIED,85,+529380840268,2026-09-06T14:31:01.825491+00:00
Industrial Manufacturing & Transformation,TRANSFORMADORA INTEGRAL S.A. DE C.V.,transformadorainte.com,Javier Mendoza,Chief Executive Officer (CEO),C_SUITE,EXECUTIVE,jmendoza@transformadorainte.mx,VERIFIED,85,+526844651708,2026-09-06T14:31:01.825491+00:00
Industrial Manufacturing & Transformation,TRANSFORMADORA INTEGRAL S.A. DE C.V.,transformadorainte.com,Claudia Valenzuela,Chief Financial Officer (CFO),C_SUITE,FINANCE,cvalenzuela@transformadorainte.com.mx,VERIFIED,85,+529290711261,2026-09-06T14:31:01.825491+00:00
Industrial Manufacturing & Transformation,METALURGICA EMPRESARIAL S. DE R.L. DE C.V.,metalurgicaempresa.com.mx,Guillermo Navarro,Chief Technology Officer (CTO),C_SUITE,ENGINEERING_IT,gnavarro@metalurgicaempresa.com.mx,VERIFIED,85,+529032247855,2026-09-06T14:31:01.826307+00:00
Industrial Manufacturing & Transformation,METALURGICA EMPRESARIAL S. DE R.L. DE C.V.,metalurgicaempresa.com.mx,Jorge Hernández,Chief Technology Officer (CTO),C_SUITE,ENGINEERING_IT,jhernández@metalurgicaempresa.com.mx,VERIFIED,85,+526173305993,2026-09-06T14:31:01.826307+00:00
Industrial Manufacturing & Transformation,METALURGICA EMPRESARIAL S.A.P.I. DE C.V.,metalurgicaempresa.com,David Alarcón,Founder,FOUNDER,EXECUTIVE,dalarcón@metalurgicaempresa.com,VERIFIED,85,+528090480150,2026-09-06T14:31:01.826307+00:00
Industrial Manufacturing & Transformation,METALURGICA EMPRESARIAL S.A.S.,metalurgicaempresa.mx,Adriana Valenzuela,Chief Executive Officer (CEO),C_SUITE,EXECUTIVE,avalenzuela@metalurgicaempresa.mx,VERIFIED,85,+526167825156,2026-09-06T14:31:01.826307+00:00
Industrial Manufacturing & Transformation,TRANSFORMADORA DINAMICA S.C.,transformadoradina.com.mx,Javier Dominguez,Chief Executive Officer (CEO),C_SUITE,EXECUTIVE,jdominguez@transformadoradina.com.mx,VERIFIED,85,+529075973204,2026-09-06T14:31:01.826307+00:00
Industrial Manufacturing & Transformation,TRANSFORMADORA DINAMICA 18 S. DE R.L. DE C.V.,transformadoradina.mx,Andrea Treviño,Chief Operating Officer (COO),C_SUITE,OPERATIONS,atreviño@transformadoradina.mx,VERIFIED,85,+529237705208,2026-09-06T14:31:01.826307+00:00
Industrial Manufacturing & Transformation,TRANSFORMADORA DINAMICA 18 S. DE R.L. DE C.V.,transformadoradina.mx,Miguel Hernández,Chief Executive Officer (CEO),C_SUITE,EXECUTIVE,mhernández@transformadoradina.mx,VERIFIED,85,+529249945198,2026-09-06T14:31:01.826307+00:00
Industrial Manufacturing & Transformation,METALURGICA DINAMICA S.A.B. DE C.V.,metalurgicadinamic.mx,Patricia Villaseñor,Chief Technology Officer (CTO),C_SUITE,ENGINEERING_IT,pvillaseñor@metalurgicadinamic.mx,VERIFIED,85,+529118752340,2026-09-06T14:31:01.826307+00:00
Industrial Manufacturing & Transformation,METALURGICA DINAMICA S.A.B. DE C.V.,metalurgicadinamic.com,Claudia Martínez,Chief Human Resources Officer (CHRO),C_SUITE,HR_PEOPLE,cmartínez@metalurgicadinamic.com,VERIFIED,85,+526561428237,2026-09-06T14:31:01.826307+00:00
Industrial Manufacturing & Transformation,METALURGICA DINAMICA S.A.S.,metalurgicadinamic.com.mx,Adriana Martínez,Chief Human Resources Officer (CHRO),C_SUITE,HR_PEOPLE,amartínez@metalurgicadinamic.com.mx,VERIFIED,85,+529299576645,2026-09-06T14:31:01.826307+00:00
Industrial Manufacturing & Transformation,METALURGICA NACIONAL 49 S.A. DE C.V.,metalurgicanaciona.com,Miguel Dominguez,Chief Executive Officer (CEO),C_SUITE,EXECUTIVE,mdominguez@metalurgicanaciona.com,VERIFIED,85,+524073208635,2026-09-06T14:31:01.826307+00:00
Industrial Manufacturing & Transformation,METALURGICA NACIONAL 49 S.A. DE C.V.,metalurgicanaciona.com,Mariana Dominguez,Chief Executive Officer (CEO),C_SUITE,EXECUTIVE,mdominguez@metalurgicanaciona.com,VERIFIED,85,+524013941573,2026-09-06T14:31:01.826307+00:00
Industrial Manufacturing & Transformation,METALURGICA NACIONAL S.A. DE C.V.,metalurgicanaciona.com.mx,Roberto Treviño,Chief Technology Officer (CTO),C_SUITE,ENGINEERING_IT,rtreviño@metalurgicanaciona.com.mx,VERIFIED,85,+529223169249,2026-09-06T14:31:01.826307+00:00
Industrial Manufacturing & Transformation,METALURGICA NACIONAL S.A.S.,metalurgicanaciona.mx,Alejandro Martínez,Chief Executive Officer (CEO),C_SUITE,EXECUTIVE,amartínez@metalurgicanaciona.mx,VERIFIED,85,+528644489251,2026-09-06T14:31:01.826307+00:00
Industrial Manufacturing & Transformation,METALURGICA INDUSTRIAL S.C.,metalurgicaindustr.mx,Patricia Treviño,Chief Financial Officer (CFO),C_SUITE,FINANCE,ptreviño@metalurgicaindustr.mx,VERIFIED,85,+529173179375,2026-09-06T14:31:01.826307+00:00
Industrial Manufacturing & Transformation,METALURGICA INDUSTRIAL S.C.,metalurgicaindustr.mx,Hector Treviño,Chief Executive Officer (CEO),C_SUITE,EXECUTIVE,htreviño@metalurgicaindustr.mx,VERIFIED,85,+526385571833,2026-09-06T14:31:01.826307+00:00
Industrial Manufacturing & Transformation,METALURGICA INDUSTRIAL S.C.,metalurgicaindustr.mx,Adriana Vega,Chief Human Resources Officer (CHRO),C_SUITE,HR_PEOPLE,avega@metalurgicaindustr.mx,VERIFIED,85,+526885505537,2026-09-06T14:31:01.826307+00:00
Industrial Manufacturing & Transformation,METALURGICA GLOBAL 4 S.A.B. DE C.V.,metalurgicaglobal5.com.mx,David Salinas,Chief Revenue Officer (CRO),C_SUITE,SALES_MARKETING,dsalinas@metalurgicaglobal5.com.mx,VERIFIED,85,+528496522678,2026-09-06T14:31:01.826307+00:00
Industrial Manufacturing & Transformation,METALURGICA GLOBAL S. DE R.L. DE C.V.,metalurgicaglobal.mx,Luis Valenzuela,Chief Executive Officer (CEO),C_SUITE,EXECUTIVE,lvalenzuela@metalurgicaglobal.mx,VERIFIED,85,+528143948034,2026-09-06T14:31:01.826307+00:00
Industrial Manufacturing & Transformation,METALURGICA GLOBAL S. DE R.L. DE C.V.,metalurgicaglobal.mx,Hector Castro,Chief Technology Officer (CTO),C_SUITE,ENGINEERING_IT,hcastro@metalurgicaglobal3.mx,VERIFIED,85,+524145184957,2026-09-06T14:31:01.826307+00:00
Industrial Manufacturing & Transformation,METALURGICA GLOBAL S. DE R.L. DE C.V.,metalurgicaglobal.mx,Adriana Valenzuela,Chief Executive Officer (CEO),C_SUITE,EXECUTIVE,avalenzuela@metalurgicaglobal.mx,VERIFIED,85,+527434521767,2026-09-06T14:31:01.826307+00:00
Industrial Manufacturing & Transformation,METALURGICA GLOBAL S.A. DE C.V.,metalurgicaglobal.com,Roberto Morales,Chief Financial Officer (CFO),C_SUITE,FINANCE,rmorales@metalurgicaglobal.com,VERIFIED,85,+527818811613,2026-09-06T14:31:01.826307+00:00
Industrial Manufacturing & Transformation,METALURGICA CENTRAL 46 S.A.B. DE C.V.,metalurgicacentral.mx,Rodrigo Villaseñor,Chief Technology Officer (CTO),C_SUITE,ENGINEERING_IT,rvillaseñor@metalurgicacentral.mx,VERIFIED,85,+529427367533,2026-09-06T14:31:01.826307+00:00
Industrial Manufacturing & Transformation,METALURGICA LATINOAMERICANA S. DE R.L. DE C.V.,metalurgicalatinoa.mx,Miguel Dominguez,Chief Technology Officer (CTO),C_SUITE,ENGINEERING_IT,mdominguez@metalurgicalatinoa.mx,VERIFIED,85,+529159506675,2026-09-06T14:31:01.826307+00:00
Industrial Manufacturing & Transformation,METALURGICA LATINOAMERICANA S. DE R.L. DE C.V.,metalurgicalatinoa.mx,Alejandro López,Chief Revenue Officer (CRO),C_SUITE,SALES_MARKETING,alópez@metalurgicalatinoa.mx,VERIFIED,85,+529949177896,2026-09-06T14:31:01.826307+00:00
Industrial Manufacturing & Transformation,METALURGICA LATINOAMERICANA S.A.S.,metalurgicalatinoa.com.mx,Luis Villaseñor,Chief Operating Officer (COO),C_SUITE,OPERATIONS,lvillaseñor@metalurgicalatinoa.com.mx,VERIFIED,85,+524161385742,2026-09-06T14:31:01.826307+00:00
Industrial Manufacturing & Transformation,METALURGICA NACIONAL S.A.B. DE C.V.,metalurgicanaciona.mx,Sofia Mendoza,Chief Operating Officer (COO),C_SUITE,OPERATIONS,smendoza@metalurgicanaciona.mx,VERIFIED,85,+524219991187,2026-09-06T14:31:01.826307+00:00
Industrial Manufacturing & Transformation,TRANSFORMADORA AVANZADA S.A. DE C.V.,transformadoraavan.com,Claudia Castro,Chief Financial Officer (CFO),C_SUITE,FINANCE,ccastro@transformadoraavan.com,VERIFIED,85,+527551288685,2026-09-06T14:31:01.826307+00:00
Industrial Manufacturing & Transformation,TRANSFORMADORA AVANZADA S. DE R.L. DE C.V.,transformadoraavan.com.mx,Guillermo Villaseñor,Chief Financial Officer (CFO),C_SUITE,FINANCE,gvillaseñor@transformadoraavan.com.mx,VERIFIED,85,+524776387024,2026-09-06T14:31:01.826307+00:00
Industrial Manufacturing & Transformation,TRANSFORMADORA AVANZADA S. DE R.L. DE C.V.,transformadoraavan.com.mx,Mariana Hernández,Chief Technology Officer (CTO),C_SUITE,ENGINEERING_IT,mhernández@transformadoraavan.com.mx,VERIFIED,85,+524362094518,2026-09-06T14:31:01.826307+00:00
Industrial Manufacturing & Transformation,METALURGICA AVANZADA S. DE R.L. DE C.V.,metalurgicaavanzad.mx,Eduardo Valenzuela,Chief Executive Officer (CEO),C_SUITE,EXECUTIVE,evalenzuela@metalurgicaavanzad.mx,VERIFIED,85,+527670598659,2026-09-06T14:31:01.832945+00:00
Industrial Manufacturing & Transformation,METALURGICA AVANZADA S. DE R.L. DE C.V.,metalurgicaavanzad.mx,Guillermo Hernández,Chief Revenue Officer (CRO),C_SUITE,SALES_MARKETING,ghernández@metalurgicaavanzad.mx,VERIFIED,85,+527565590641,2026-09-06T14:31:01.832945+00:00
Industrial Manufacturing & Transformation,METALURGICA AVANZADA S. DE R.L. DE C.V.,metalurgicaavanzad.mx,Luis López,Founder,FOUNDER,EXECUTIVE,llópez@metalurgicaavanzad.mx,VERIFIED,85,+528398492311,2026-09-06T14:31:01.832945+00:00
Industrial Manufacturing & Transformation,METALURGICA AVANZADA S.A.S.,metalurgicaavanzad.com,Jorge García,Chief Operating Officer (COO),C_SUITE,OPERATIONS,jgarcía@metalurgicaavanzad.com,VERIFIED,85,+527139091461,2026-09-06T14:31:01.832945+00:00
Industrial Manufacturing & Transformation,METALURGICA AVANZADA S.A.S.,metalurgicaavanzad.com,Roberto Salinas,Chief Operating Officer (COO),C_SUITE,OPERATIONS,rsalinas@metalurgicaavanzad.com,VERIFIED,85,+526571984076,2026-09-06T14:31:01.832945+00:00
Industrial Manufacturing & Transformation,METALURGICA GLOBAL S.A.P.I. DE C.V.,metalurgicaglobal.com.mx,David Benítez,Chief Financial Officer (CFO),C_SUITE,FINANCE,dbenítez@metalurgicaglobal.com.mx,VERIFIED,85,+527198954542,2026-09-06T14:31:01.832945+00:00
Industrial Manufacturing & Transformation,METALURGICA GLOBAL S.A.P.I. DE C.V.,metalurgicaglobal.com.mx,Sofia Navarro,Chief Financial Officer (CFO),C_SUITE,FINANCE,snavarro@metalurgicaglobal.com.mx,VERIFIED,85,+528583092698,2026-09-06T14:31:01.832945+00:00
Industrial Manufacturing & Transformation,TRANSFORMADORA GLOBAL 54 S. DE R.L. DE C.V.,transformadoraglob.mx,Adriana Castro,Chief Financial Officer (CFO),C_SUITE,FINANCE,acastro@transformadoraglob.mx,VERIFIED,85,+525545925842,2026-09-06T14:31:01.832945+00:00
Industrial Manufacturing & Transformation,TRANSFORMADORA GLOBAL 54 S. DE R.L. DE C.V.,transformadoraglob.mx,Roberto Valenzuela,Chief Revenue Officer (CRO),C_SUITE,SALES_MARKETING,rvalenzuela@transformadoraglob.mx,VERIFIED,85,+525542508652,2026-09-06T14:31:01.832945+00:00
Industrial Manufacturing & Transformation,TRANSFORMADORA GLOBAL S.C.,transformadoraglob.com.mx,Claudia Dominguez,Chief Technology Officer (CTO),C_SUITE,ENGINEERING_IT,cdominguez@transformadoraglob.com.mx,VERIFIED,85,+525557770019,2026-09-06T14:31:01.832945+00:00
Industrial Manufacturing & Transformation,TRANSFORMADORA GLOBAL S.A.P.I. DE C.V.,transformadoraglob.com,David García,Chief Operating Officer (COO),C_SUITE,OPERATIONS,dgarcía@transformadoraglob.com,VERIFIED,85,+525579924043,2026-09-06T14:31:01.832945+00:00
Industrial Manufacturing & Transformation,METALURGICA AVANZADA S.A. DE C.V.,metalurgicaavanzad.com.mx,Hector Mendoza,Chief Revenue Officer (CRO),C_SUITE,SALES_MARKETING,hmendoza@metalurgicaavanzad.com.mx,VERIFIED,85,+525318538306,2026-09-06T14:31:01.832945+00:00
Industrial Manufacturing & Transformation,METALURGICA AVANZADA S.A. DE C.V.,metalurgicaavanzad.com.mx,Claudia Morales,Chief Technology Officer (CTO),C_SUITE,ENGINEERING_IT,cmorales@metalurgicaavanzad.com,VERIFIED,85,+528493954471,2026-09-06T14:31:01.832945+00:00
Industrial Manufacturing & Transformation,METALURGICA AVANZADA 33 S.A. DE C.V.,metalurgicaavanzad.mx,Andrea Salinas,Chief Human Resources Officer (CHRO),C_SUITE,HR_PEOPLE,asalinas@metalurgicaavanzad.mx,VERIFIED,85,+525076376447,2026-09-06T14:31:01.832945+00:00
Industrial Manufacturing & Transformation,METALURGICA AVANZADA S.A.S.,metalurgicaavanzad.com,Claudia Castro,Chief Executive Officer (CEO),C_SUITE,EXECUTIVE,ccastro@metalurgicaavanzad.com,VERIFIED,85,+525213110257,2026-09-06T14:31:01.832945+00:00
Industrial Manufacturing & Transformation,TRANSFORMADORA ESPECIALIZADA S.A.B. DE C.V.,transformadoraespe.mx,Miguel Mendoza,Chief Executive Officer (CEO),C_SUITE,EXECUTIVE,mmendoza@transformadoraespe.mx,VERIFIED,85,+527967108273,2026-09-06T14:31:01.832945+00:00
Industrial Manufacturing & Transformation,TRANSFORMADORA ESPECIALIZADA S.A.B. DE C.V.,transformadoraespe.mx,Patricia López,Chief Human Resources Officer (CHRO),C_SUITE,HR_PEOPLE,plópez@transformadoraespe.mx,VERIFIED,85,+529951671467,2026-09-06T14:31:01.832945+00:00
Industrial Manufacturing & Transformation,TRANSFORMADORA ESPECIALIZADA S.A.S.,transformadoraespe.com,Luis García,Chief Human Resources Officer (CHRO),C_SUITE,HR_PEOPLE,lgarcía@transformadoraespe.com,VERIFIED,85,+524450883326,2026-09-06T14:31:01.832945+00:00
Industrial Manufacturing & Transformation,TRANSFORMADORA GLOBAL S.A.P.I. DE C.V.,transformadoraglob.com,Rodrigo Hernández,Founder,FOUNDER,EXECUTIVE,rhernández@transformadoraglob.com,VERIFIED,85,+524766985000,2026-09-06T14:31:01.832945+00:00
Industrial Manufacturing & Transformation,TRANSFORMADORA GLOBAL S.A.P.I. DE C.V.,transformadoraglob.com,Roberto Benítez,Chief Revenue Officer (CRO),C_SUITE,SALES_MARKETING,rbenítez@transformadoraglob.com,VERIFIED,85,+529658160796,2026-09-06T14:31:01.832945+00:00
Industrial Manufacturing & Transformation,TRANSFORMADORA GLOBAL S.A.S.,transformadoraglob.com.mx,David García,Founder,FOUNDER,EXECUTIVE,dgarcía@transformadoraglob.com.mx,VERIFIED,85,+524036179731,2026-09-06T14:31:01.832945+00:00
Industrial Manufacturing & Transformation,TRANSFORMADORA NACIONAL S.A.B. DE C.V.,transformadoranaci.mx,Claudia Valenzuela,Chief Executive Officer (CEO),C_SUITE,EXECUTIVE,cvalenzuela@transformadoranaci.mx,VERIFIED,85,+527598655147,2026-09-06T14:31:01.832945+00:00
Industrial Manufacturing & Transformation,TRANSFORMADORA INDUSTRIAL S.A.S.,transformadoraindu.mx,Mariana Treviño,Chief Executive Officer (CEO),C_SUITE,EXECUTIVE,mtreviño@transformadoraindu.mx,VERIFIED,85,+525543313560,2026-09-06T14:31:01.832945+00:00
Industrial Manufacturing & Transformation,TRANSFORMADORA INDUSTRIAL S. DE R.L. DE C.V.,transformadoraindu.com,Roberto Benítez,Chief Executive Officer (CEO),C_SUITE,EXECUTIVE,rbenítez@transformadoraindu.com,VERIFIED,85,+526939281131,2026-09-06T14:31:01.832945+00:00
Industrial Manufacturing & Transformation,TRANSFORMADORA EMPRESARIAL S.A.P.I. DE C.V.,transformadoraempr.mx,Carlos Garza,Founder,FOUNDER,EXECUTIVE,cgarza@transformadoraempr.mx,VERIFIED,85,+525594156999,2026-09-06T14:31:01.832945+00:00
Industrial Manufacturing & Transformation,TRANSFORMADORA MODERNA 30 S.A. DE C.V.,transformadoramode.com,Javier Treviño,Chief Revenue Officer (CRO),C_SUITE,SALES_MARKETING,jtreviño@transformadoramode.com,VERIFIED,85,+525518302478,2026-09-06T14:31:01.832945+00:00
Industrial Manufacturing & Transformation,METALURGICA LATINOAMERICANA S.A.B. DE C.V.,metalurgicalatinoa.mx,Rodrigo Ruiz,Chief Operating Officer (COO),C_SUITE,OPERATIONS,rruiz@metalurgicalatinoa.mx,VERIFIED,85,+527561826937,2026-09-06T14:31:01.832945+00:00
Industrial Manufacturing & Transformation,METALURGICA DINAMICA S.A. DE C.V.,metalurgicadinamic.com.mx,Claudia Alarcón,Chief Executive Officer (CEO),C_SUITE,EXECUTIVE,calarcón@metalurgicadinamic.com.mx,VERIFIED,85,+526766915185,2026-09-06T14:31:01.832945+00:00
Industrial Manufacturing & Transformation,METALURGICA DINAMICA S.A. DE C.V.,metalurgicadinamic.com.mx,Roberto Vega,Founder,FOUNDER,EXECUTIVE,rvega@metalurgicadinamic.com.mx,VERIFIED,85,+527787134491,2026-09-06T14:31:01.832945+00:00
Industrial Manufacturing & Transformation,METALURGICA DINAMICA S.A. DE C.V.,metalurgicadinamic.com.mx,Claudia Martínez,Chief Human Resources Officer (CHRO),C_SUITE,HR_PEOPLE,cmartínez@metalurgicadinamic.com.mx,VERIFIED,85,+525035040367,2026-09-06T14:31:01.832945+00:00
Industrial Manufacturing & Transformation,METALURGICA EMPRESARIAL S. DE R.L. DE C.V.,metalurgicaempresa.com.mx,David Benítez,Chief Revenue Officer (CRO),C_SUITE,SALES_MARKETING,dbenítez@metalurgicaempresa.com.mx,VERIFIED,85,+528215624550,2026-09-06T14:31:01.832945+00:00
Industrial Manufacturing & Transformation,METALURGICA EMPRESARIAL S. DE R.L. DE C.V.,metalurgicaempresa.com.mx,Carlos González,Chief Revenue Officer (CRO),C_SUITE,SALES_MARKETING,cgonzález@metalurgicaempresa.mx,VERIFIED,85,+524124091418,2026-09-06T14:31:01.832945+00:00
Industrial Manufacturing & Transformation,METALURGICA EMPRESARIAL S. DE R.L. DE C.V.,metalurgicaempresa.com.mx,Rodrigo Morales,Chief Executive Officer (CEO),C_SUITE,EXECUTIVE,rmorales@metalurgicaempresa.com.mx,VERIFIED,85,+528448976625,2026-09-06T14:31:01.832945+00:00
Industrial Manufacturing & Transformation,METALURGICA EMPRESARIAL S.A.P.I. DE C.V.,metalurgicaempresa.com,Patricia Martínez,Chief Technology Officer (CTO),C_SUITE,ENGINEERING_IT,pmartínez@metalurgicaempresa.com,VERIFIED,85,+527473165796,2026-09-06T14:31:01.832945+00:00
Industrial Manufacturing & Transformation,METALURGICA DINAMICA S.A. DE C.V.,metalurgicadinamic.com,Jorge Villaseñor,Founder,FOUNDER,EXECUTIVE,jvillaseñor@metalurgicadinamic.com,VERIFIED,85,+529952011812,2026-09-06T14:31:01.832945+00:00
Industrial Manufacturing & Transformation,METALURGICA DINAMICA S.C.,metalurgicadinamic.com.mx,Alejandro Dominguez,Founder,FOUNDER,EXECUTIVE,adominguez@metalurgicadinamic.com.mx,VERIFIED,85,+528092102805,2026-09-06T14:31:01.832945+00:00
Industrial Manufacturing & Transformation,METALURGICA DINAMICA S.A.P.I. DE C.V.,metalurgicadinamic.mx,Sofia Salinas,Founder,FOUNDER,EXECUTIVE,ssalinas@metalurgicadinamic.mx,VERIFIED,85,+527572867611,2026-09-06T14:31:01.832945+00:00
Industrial Manufacturing & Transformation,METALURGICA NACIONAL S.A. DE C.V.,metalurgicanaciona.com,Andrea Garza,Chief Executive Officer (CEO),C_SUITE,EXECUTIVE,agarza@metalurgicanaciona.com,VERIFIED,85,+528899000498,2026-09-06T14:31:01.832945+00:00
Industrial Manufacturing & Transformation,METALURGICA NACIONAL S.A. DE C.V.,metalurgicanaciona.com,Alejandro Mendoza,Chief Human Resources Officer (CHRO),C_SUITE,HR_PEOPLE,amendoza@metalurgicanaciona.com,VERIFIED,85,+524362347433,2026-09-06T14:31:01.832945+00:00
Industrial Manufacturing & Transformation,TRANSFORMADORA GLOBAL S.A.B. DE C.V.,transformadoraglob.mx,Roberto Mendoza,Chief Technology Officer (CTO),C_SUITE,ENGINEERING_IT,rmendoza@transformadoraglob.mx,VERIFIED,85,+523314117054,2026-09-06T14:31:01.832945+00:00
Industrial Manufacturing & Transformation,TRANSFORMADORA GLOBAL S.A.B. DE C.V.,transformadoraglob.mx,Jorge Benítez,Chief Financial Officer (CFO),C_SUITE,FINANCE,jbenítez@transformadoraglob.mx,VERIFIED,85,+523357698306,2026-09-06T14:31:01.832945+00:00
Industrial Manufacturing & Transformation,TRANSFORMADORA GLOBAL S.A. DE C.V.,transformadoraglob.com.mx,Claudia Martínez,Chief Executive Officer (CEO),C_SUITE,EXECUTIVE,cmartínez@transformadoraglob.com.mx,VERIFIED,85,+523384390794,2026-09-06T14:31:01.832945+00:00
Industrial Manufacturing & Transformation,METALURGICA AVANZADA S.A.S.,metalurgicaavanzad.com.mx,Jorge Treviño,Chief Technology Officer (CTO),C_SUITE,ENGINEERING_IT,jtreviño@metalurgicaavanzad.com.mx,VERIFIED,85,+529899761004,2026-09-06T14:31:01.832945+00:00
Industrial Manufacturing & Transformation,METALURGICA AVANZADA S.A.S.,metalurgicaavanzad.com.mx,Mariana Hernández,Chief Technology Officer (CTO),C_SUITE,ENGINEERING_IT,mhernández@metalurgicaavanzad.com.mx,VERIFIED,85,+528775114647,2026-09-06T14:31:01.832945+00:00
Industrial Manufacturing & Transformation,METALURGICA AVANZADA S.A.S.,metalurgicaavanzad.com.mx,Carlos Benítez,Chief Executive Officer (CEO),C_SUITE,EXECUTIVE,cbenítez@metalurgicaavanzad.com.mx,VERIFIED,85,+529081153658,2026-09-06T14:31:01.832945+00:00
Industrial Manufacturing & Transformation,METALURGICA DINAMICA 3 S.A.B. DE C.V.,metalurgicadinamic.com,Claudia Mendoza,Chief Revenue Officer (CRO),C_SUITE,SALES_MARKETING,cmendoza@metalurgicadinamic.com,VERIFIED,85,+526555640364,2026-09-06T14:31:01.832945+00:00
Industrial Manufacturing & Transformation,METALURGICA DINAMICA 3 S.A.B. DE C.V.,metalurgicadinamic.com,Andrea García,Chief Financial Officer (CFO),C_SUITE,FINANCE,agarcía@metalurgicadinamic.com,VERIFIED,85,+525941004167,2026-09-06T14:31:01.832945+00:00
Industrial Manufacturing & Transformation,METALURGICA DINAMICA S.C.,metalurgicadinamic.mx,Adriana Benítez,Founder,FOUNDER,EXECUTIVE,abenítez@metalurgicadinamic.mx,VERIFIED,85,+524170188331,2026-09-06T14:31:01.832945+00:00
Industrial Manufacturing & Transformation,TRANSFORMADORA GLOBAL 97 S.A.P.I. DE C.V.,transformadoraglob.mx,Claudia Benítez,Chief Operating Officer (COO),C_SUITE,OPERATIONS,cbenítez@transformadoraglob.mx,VERIFIED,85,+528128972579,2026-09-06T14:31:01.838085+00:00
Industrial Manufacturing & Transformation,TRANSFORMADORA GLOBAL S. DE R.L. DE C.V.,transformadoraglob.com.mx,Hector López,Chief Human Resources Officer (CHRO),C_SUITE,HR_PEOPLE,hlópez@transformadoraglob.com.mx,VERIFIED,85,+528197835668,2026-09-06T14:31:01.838085+00:00
Industrial Manufacturing & Transformation,TRANSFORMADORA NACIONAL 95 S.A.B. DE C.V.,transformadoranaci.com.mx,Daniel Garza,Chief Financial Officer (CFO),C_SUITE,FINANCE,dgarza@transformadoranaci.com.mx,VERIFIED,85,+528868199987,2026-09-06T14:31:01.838085+00:00
Industrial Manufacturing & Transformation,TRANSFORMADORA INTERNACIONAL S.A.B. DE C.V.,transformadorainte.com,Javier Martínez,Chief Financial Officer (CFO),C_SUITE,FINANCE,jmartínez@transformadorainte.com,VERIFIED,85,+525491072511,2026-09-06T14:31:01.838085+00:00
Industrial Manufacturing & Transformation,TRANSFORMADORA INTERNACIONAL S.A.B. DE C.V.,transformadorainte.com.mx,Adriana López,Chief Executive Officer (CEO),C_SUITE,EXECUTIVE,alópez@transformadorainte.com.mx,VERIFIED,85,+524371541588,2026-09-06T14:31:01.838085+00:00
Industrial Manufacturing & Transformation,TRANSFORMADORA INTERNACIONAL S.A.B. DE C.V.,transformadorainte.com.mx,Javier Dominguez,Chief Technology Officer (CTO),C_SUITE,ENGINEERING_IT,jdominguez@transformadorainte.com.mx,VERIFIED,85,+527033422006,2026-09-06T14:31:01.838085+00:00
Industrial Manufacturing & Transformation,TRANSFORMADORA LATINOAMERICANA S. DE R.L. DE C.V.,transformadoralati.com.mx,Eduardo Hernández,Chief Technology Officer (CTO),C_SUITE,ENGINEERING_IT,ehernández@transformadoralati.com.mx,VERIFIED,85,+525155014079,2026-09-06T14:31:01.838085+00:00
Industrial Manufacturing & Transformation,TRANSFORMADORA LATINOAMERICANA S.A. DE C.V.,transformadoralati.mx,Claudia Valenzuela,Chief Executive Officer (CEO),C_SUITE,EXECUTIVE,cvalenzuela@transformadoralati.mx,VERIFIED,85,+525416401249,2026-09-06T14:31:01.838085+00:00
Industrial Manufacturing & Transformation,METALURGICA CENTRAL S.A.P.I. DE C.V.,metalurgicacentral.com.mx,Miguel García,Chief Revenue Officer (CRO),C_SUITE,SALES_MARKETING,mgarcía@metalurgicacentral.com.mx,VERIFIED,85,+526765559261,2026-09-06T14:31:01.838085+00:00
Industrial Manufacturing & Transformation,METALURGICA CENTRAL S.A.P.I. DE C.V.,metalurgicacentral.com.mx,Hector Treviño,Chief Financial Officer (CFO),C_SUITE,FINANCE,htreviño@metalurgicacentral.com.mx,VERIFIED,85,+524660209772,2026-09-06T14:31:01.838085+00:00
Industrial Manufacturing & Transformation,METALURGICA CENTRAL 11 S.A.B. DE C.V.,metalurgicacentral.com,Carlos Salinas,Chief Financial Officer (CFO),C_SUITE,FINANCE,csalinas@metalurgicacentral.com,VERIFIED,85,+528747803254,2026-09-06T14:31:01.838085+00:00
Industrial Manufacturing & Transformation,METALURGICA CENTRAL 11 S.A.B. DE C.V.,metalurgicacentral.com,Fernando Salinas,Chief Technology Officer (CTO),C_SUITE,ENGINEERING_IT,fsalinas@metalurgicacentral.com,VERIFIED,85,+524771011091,2026-09-06T14:31:01.838085+00:00
Industrial Manufacturing & Transformation,METALURGICA CENTRAL 11 S.A.B. DE C.V.,metalurgicacentral.com,Jorge Valenzuela,Chief Human Resources Officer (CHRO),C_SUITE,HR_PEOPLE,jvalenzuela@metalurgicacentral.com,VERIFIED,85,+525684308267,2026-09-06T14:31:01.838085+00:00
Industrial Manufacturing & Transformation,METALURGICA CENTRAL 26 S.A.B. DE C.V.,metalurgicacentral.mx,Miguel López,Founder,FOUNDER,EXECUTIVE,mlópez@metalurgicacentral.mx,VERIFIED,85,+528732075395,2026-09-06T14:31:01.838085+00:00
Industrial Manufacturing & Transformation,TRANSFORMADORA MEXICANA S.A.S.,transformadoramexi.mx,Guillermo Navarro,Chief Human Resources Officer (CHRO),C_SUITE,HR_PEOPLE,gnavarro@transformadoramexi.mx,VERIFIED,85,+528149571179,2026-09-06T14:31:01.840091+00:00
Industrial Manufacturing & Transformation,TRANSFORMADORA MEXICANA S.A.S.,transformadoramexi.mx,Adriana Treviño,Chief Executive Officer (CEO),C_SUITE,EXECUTIVE,atreviño@transformadoramexi.mx,VERIFIED,85,+528141303229,2026-09-06T14:31:01.840091+00:00
Industrial Manufacturing & Transformation,TRANSFORMADORA MEXICANA S.A. DE C.V.,transformadoramexi.com.mx,Jorge Castro,Chief Revenue Officer (CRO),C_SUITE,SALES_MARKETING,jcastro@transformadoramexi.com.mx,VERIFIED,85,+528111246810,2026-09-06T14:31:01.840091+00:00
Industrial Manufacturing & Transformation,METALURGICA MODERNA S.C.,metalurgicamoderna.com.mx,Fernando Ruiz,Founder,FOUNDER,EXECUTIVE,fruiz@metalurgicamoderna.com.mx,VERIFIED,85,+527384931005,2026-09-06T14:31:01.840091+00:00
Industrial Manufacturing & Transformation,METALURGICA MODERNA S.C.,metalurgicamoderna.com.mx,Luis Valenzuela,Chief Human Resources Officer (CHRO),C_SUITE,HR_PEOPLE,lvalenzuela@metalurgicamoderna.com,VERIFIED,85,+527291880041,2026-09-06T14:31:01.840091+00:00
Industrial Manufacturing & Transformation,METALURGICA MODERNA S. DE R.L. DE C.V.,metalurgicamoderna.com,Hector Martínez,Chief Human Resources Officer (CHRO),C_SUITE,HR_PEOPLE,hmartínez@metalurgicamoderna.com,VERIFIED,85,+528649404031,2026-09-06T14:31:01.840091+00:00
Industrial Manufacturing & Transformation,METALURGICA CENTRAL S.A.P.I. DE C.V.,metalurgicacentral.mx,Alejandro García,Chief Financial Officer (CFO),C_SUITE,FINANCE,agarcía@metalurgicacentral.mx,VERIFIED,85,+529925108236,2026-09-06T14:31:01.840091+00:00
Industrial Manufacturing & Transformation,METALURGICA CENTRAL S.A. DE C.V.,metalurgicacentral.com.mx,Andrea Alarcón,Chief Human Resources Officer (CHRO),C_SUITE,HR_PEOPLE,aalarcón@metalurgicacentral.com.mx,VERIFIED,85,+527492452331,2026-09-06T14:31:01.840091+00:00
Industrial Manufacturing & Transformation,METALURGICA ESPECIALIZADA S.A. DE C.V.,metalurgicaespecia.com,Fernando Villaseñor,Founder,FOUNDER,EXECUTIVE,fvillaseñor@metalurgicaespecia.com,VERIFIED,85,+525553064166,2026-09-06T14:31:01.840091+00:00
Industrial Manufacturing & Transformation,METALURGICA ESPECIALIZADA S.A. DE C.V.,metalurgicaespecia.com,Javier Alarcón,Chief Financial Officer (CFO),C_SUITE,FINANCE,jalarcón@metalurgicaespecia.mx,VERIFIED,85,+525569587853,2026-09-06T14:31:01.840091+00:00
Industrial Manufacturing & Transformation,METALURGICA ESPECIALIZADA S.A. DE C.V.,metalurgicaespecia.com,Andrea Martínez,Chief Operating Officer (COO),C_SUITE,OPERATIONS,amartínez@metalurgicaespecia.com,VERIFIED,85,+525553408349,2026-09-06T14:31:01.840091+00:00
Industrial Manufacturing & Transformation,TRANSFORMADORA DE LAS AMERICAS S.A.P.I. DE C.V.,transformadoradela.com,Sofia Castro,Founder,FOUNDER,EXECUTIVE,scastro@transformadoradela.com,VERIFIED,85,+528537796940,2026-09-06T14:31:01.842087+00:00
Industrial Manufacturing & Transformation,TRANSFORMADORA DE OCCIDENTE S.A.S.,transformadoradeoc.mx,Rodrigo Ruiz,Chief Operating Officer (COO),C_SUITE,OPERATIONS,rruiz@transformadoradeoc.mx,VERIFIED,85,+527741631511,2026-09-06T14:31:01.842087+00:00
Industrial Manufacturing & Transformation,TRANSFORMADORA DE LAS AMERICAS S.C.,transformadoradela.com.mx,Alejandro Castro,Chief Financial Officer (CFO),C_SUITE,FINANCE,acastro@transformadoradela.com.mx,VERIFIED,85,+527949463719,2026-09-06T14:31:01.842087+00:00
Industrial Manufacturing & Transformation,METALURGICA MODERNA S.A.B. DE C.V.,metalurgicamoderna.com.mx,Alejandro Martínez,Chief Technology Officer (CTO),C_SUITE,ENGINEERING_IT,amartínez@metalurgicamoderna.com.mx,VERIFIED,85,+524821958324,2026-09-06T14:31:01.842739+00:00
Industrial Manufacturing & Transformation,METALURGICA MODERNA S.C.,metalurgicamoderna.mx,Miguel Vega,Chief Revenue Officer (CRO),C_SUITE,SALES_MARKETING,mvega@metalurgicamoderna.mx,VERIFIED,85,+526622305543,2026-09-06T14:31:01.842739+00:00
Industrial Manufacturing & Transformation,TRANSFORMADORA NACIONAL S.A.B. DE C.V.,transformadoranaci.com,Carlos Vega,Chief Revenue Officer (CRO),C_SUITE,SALES_MARKETING,cvega@transformadoranaci.com,VERIFIED,85,+525510805239,2026-09-06T14:31:01.842739+00:00
Industrial Manufacturing & Transformation,TRANSFORMADORA NACIONAL S.A.B. DE C.V.,transformadoranaci.com,Javier Garza,Chief Financial Officer (CFO),C_SUITE,FINANCE,jgarza@transformadoranaci.com,VERIFIED,85,+525540602127,2026-09-06T14:31:01.842739+00:00
Industrial Manufacturing & Transformation,TRANSFORMADORA NACIONAL S.A.B. DE C.V.,transformadoranaci.com,David García,Chief Revenue Officer (CRO),C_SUITE,SALES_MARKETING,dgarcía@transformadoranaci.com,VERIFIED,85,+525567839467,2026-09-06T14:31:01.842739+00:00
Industrial Manufacturing & Transformation,METALURGICA GLOBAL 7 S. DE R.L. DE C.V.,metalurgicaglobal.com.mx,Luis Hernández,Chief Executive Officer (CEO),C_SUITE,EXECUTIVE,lhernández@metalurgicaglobal.com.mx,VERIFIED,85,+525282820432,2026-09-06T14:31:01.842739+00:00
Industrial Manufacturing & Transformation,METALURGICA GLOBAL S. DE R.L. DE C.V.,metalurgicaglobal9.com,Gabriel Morales,Chief Human Resources Officer (CHRO),C_SUITE,HR_PEOPLE,gmorales@metalurgicaglobal9.com,VERIFIED,85,+528017472214,2026-09-06T14:31:01.842739+00:00
Industrial Manufacturing & Transformation,METALURGICA GLOBAL S.C.,metalurgicaglobal.com,David Vega,Chief Revenue Officer (CRO),C_SUITE,SALES_MARKETING,dvega@metalurgicaglobal.com,VERIFIED,85,+526932955466,2026-09-06T14:31:01.842739+00:00
Industrial Manufacturing & Transformation,METALURGICA ESTRATEGICA 83 S.A.S.,metalurgicaestrate.com.mx,Miguel López,Chief Executive Officer (CEO),C_SUITE,EXECUTIVE,mlópez@metalurgicaestrate.com.mx,VERIFIED,85,+524556460282,2026-09-06T14:31:01.844940+00:00
Industrial Manufacturing & Transformation,METALURGICA ESTRATEGICA S.A.S.,metalurgicaestrate.mx,David López,Chief Executive Officer (CEO),C_SUITE,EXECUTIVE,dlópez@metalurgicaestrate.mx,VERIFIED,85,+527163166120,2026-09-06T14:31:01.844940+00:00
Industrial Manufacturing & Transformation,METALURGICA ESTRATEGICA S.A.B. DE C.V.,metalurgicaestrate.com,Claudia García,Chief Revenue Officer (CRO),C_SUITE,SALES_MARKETING,cgarcía@metalurgicaestrate.com,VERIFIED,85,+524435916772,2026-09-06T14:31:01.844940+00:00
Industrial Manufacturing & Transformation,TRANSFORMADORA ESTRATEGICA S.A.P.I. DE C.V.,transformadoraestr.mx,Hector Villaseñor,Chief Revenue Officer (CRO),C_SUITE,SALES_MARKETING,hvillaseñor@transformadoraestr.mx,VERIFIED,85,+529892349632,2026-09-06T14:31:01.844940+00:00
Industrial Manufacturing & Transformation,TRANSFORMADORA ESTRATEGICA S.A.B. DE C.V.,transformadoraestr.com.mx,Hector Morales,Founder,FOUNDER,EXECUTIVE,hmorales@transformadoraestr.com.mx,VERIFIED,85,+529097274589,2026-09-06T14:31:01.844940+00:00
Industrial Manufacturing & Transformation,METALURGICA INTEGRAL S. DE R.L. DE C.V.,metalurgicaintegra.mx,Adriana Ruiz,Chief Revenue Officer (CRO),C_SUITE,SALES_MARKETING,aruiz@metalurgicaintegra.mx,VERIFIED,85,+526223166568,2026-09-06T14:31:01.844940+00:00
Industrial Manufacturing & Transformation,METALURGICA INTEGRAL S. DE R.L. DE C.V.,metalurgicaintegra.mx,Patricia Vega,Founder,FOUNDER,EXECUTIVE,pvega@metalurgicaintegra.com,VERIFIED,85,+525445818563,2026-09-06T14:31:01.844940+00:00
Industrial Manufacturing & Transformation,METALURGICA INTEGRAL S. DE R.L. DE C.V.,metalurgicaintegra.mx,Roberto Castro,Chief Technology Officer (CTO),C_SUITE,ENGINEERING_IT,rcastro@metalurgicaintegra.mx,VERIFIED,85,+528625931543,2026-09-06T14:31:01.844940+00:00
Industrial Manufacturing & Transformation,METALURGICA INTEGRAL S.A.P.I. DE C.V.,metalurgicaintegra.com,David Morales,Chief Human Resources Officer (CHRO),C_SUITE,HR_PEOPLE,dmorales@metalurgicaintegra.com,VERIFIED,85,+529185437051,2026-09-06T14:31:01.844940+00:00
Industrial Manufacturing & Transformation,METALURGICA INTEGRAL S.A.P.I. DE C.V.,metalurgicaintegra.com,Patricia González,Founder,FOUNDER,EXECUTIVE,pgonzález@metalurgicaintegra.com,VERIFIED,85,+525291811150,2026-09-06T14:31:01.844940+00:00
Industrial Manufacturing & Transformation,TRANSFORMADORA DINAMICA 11 S.A.B. DE C.V.,transformadoradina.com.mx,Mariana Benítez,Chief Executive Officer (CEO),C_SUITE,EXECUTIVE,mbenítez@transformadoradina.com.mx,VERIFIED,85,+529154616247,2026-09-06T14:31:01.844940+00:00
Industrial Manufacturing & Transformation,TRANSFORMADORA DINAMICA 11 S.A.B. DE C.V.,transformadoradina.com.mx,Alejandro Villaseñor,Chief Human Resources Officer (CHRO),C_SUITE,HR_PEOPLE,avillaseñor@transformadoradina.com.mx,VERIFIED,85,+529963888698,2026-09-06T14:31:01.844940+00:00
Industrial Manufacturing & Transformation,METALURGICA INTEGRAL S.A.B. DE C.V.,metalurgicaintegra.com.mx,Patricia Martínez,Founder,FOUNDER,EXECUTIVE,pmartínez@metalurgicaintegra.com.mx,VERIFIED,85,+525531654162,2026-09-06T14:31:01.844940+00:00
Industrial Manufacturing & Transformation,METALURGICA INTEGRAL S.A.B. DE C.V.,metalurgicaintegra.com.mx,Roberto Ruiz,Chief Financial Officer (CFO),C_SUITE,FINANCE,rruiz@metalurgicaintegra.com.mx,VERIFIED,85,+525514106022,2026-09-06T14:31:01.844940+00:00
Industrial Manufacturing & Transformation,METALURGICA INTEGRAL S.A.B. DE C.V.,metalurgicaintegra.com.mx,Jorge Castro,Chief Technology Officer (CTO),C_SUITE,ENGINEERING_IT,jcastro@metalurgicaintegra.com.mx,VERIFIED,85,+525552216937,2026-09-06T14:31:01.844940+00:00
Industrial Manufacturing & Transformation,TRANSFORMADORA GLOBAL S.A. DE C.V.,transformadoraglob.mx,Guillermo Ruiz,Chief Executive Officer (CEO),C_SUITE,EXECUTIVE,gruiz@transformadoraglob.mx,VERIFIED,85,+525144692906,2026-09-06T14:31:01.844940+00:00
Industrial Manufacturing & Transformation,TRANSFORMADORA GLOBAL S.A. DE C.V.,transformadoraglob.mx,Adriana Castro,Chief Technology Officer (CTO),C_SUITE,ENGINEERING_IT,acastro@transformadoraglob.mx,VERIFIED,85,+526185634183,2026-09-06T14:31:01.844940+00:00
Industrial Manufacturing & Transformation,TRANSFORMADORA GLOBAL S.C.,transformadoraglob.com,Luis García,Chief Revenue Officer (CRO),C_SUITE,SALES_MARKETING,lgarcía@transformadoraglob.com,VERIFIED,85,+527146359439,2026-09-06T14:31:01.844940+00:00
Industrial Manufacturing & Transformation,TRANSFORMADORA GLOBAL S.C.,transformadoraglob.com,Rodrigo Valenzuela,Chief Human Resources Officer (CHRO),C_SUITE,HR_PEOPLE,rvalenzuela@transformadoraglob.com,VERIFIED,85,+524612119905,2026-09-06T14:31:01.844940+00:00
Industrial Manufacturing & Transformation,METALURGICA GLOBAL S.C.,metalurgicaglobal.mx,Sofia González,Founder,FOUNDER,EXECUTIVE,sgonzález@metalurgicaglobal.mx,VERIFIED,85,+528678797191,2026-09-06T14:31:01.844940+00:00
Industrial Manufacturing & Transformation,METALURGICA GLOBAL S.A.S.,metalurgicaglobal3.com.mx,David Ruiz,Chief Operating Officer (COO),C_SUITE,OPERATIONS,druiz@metalurgicaglobal3.com.mx,VERIFIED,85,+526426435581,2026-09-06T14:31:01.844940+00:00
Industrial Manufacturing & Transformation,TRANSFORMADORA INDUSTRIAL S. DE R.L. DE C.V.,transformadoraindu.mx,Javier García,Chief Technology Officer (CTO),C_SUITE,ENGINEERING_IT,jgarcía@transformadoraindu.mx,VERIFIED,85,+528723524313,2026-09-06T14:31:01.844940+00:00
Industrial Manufacturing & Transformation,TRANSFORMADORA INDUSTRIAL S.A.S.,transformadoraindu.com,Guillermo Alarcón,Founder,FOUNDER,EXECUTIVE,galarcón@transformadoraindu.com,VERIFIED,85,+525070227531,2026-09-06T14:31:01.844940+00:00
Industrial Manufacturing & Transformation,TRANSFORMADORA MEXICANA S.A. DE C.V.,transformadoramexi.mx,Claudia Salinas,Chief Executive Officer (CEO),C_SUITE,EXECUTIVE,csalinas@transformadoramexi.mx,VERIFIED,85,+525757088514,2026-09-06T14:31:01.846944+00:00
Industrial Manufacturing & Transformation,TRANSFORMADORA MEXICANA S.A. DE C.V.,transformadoramexi.mx,Rodrigo López,Chief Revenue Officer (CRO),C_SUITE,SALES_MARKETING,rlópez@transformadoramexi.mx,VERIFIED,85,+527697475519,2026-09-06T14:31:01.846944+00:00
Industrial Manufacturing & Transformation,TRANSFORMADORA MEXICANA S.A. DE C.V.,transformadoramexi.mx,David Alarcón,Chief Technology Officer (CTO),C_SUITE,ENGINEERING_IT,dalarcón@transformadoramexi.mx,VERIFIED,85,+526376145652,2026-09-06T14:31:01.846944+00:00
Industrial Manufacturing & Transformation,TRANSFORMADORA MEXICANA S.C.,transformadoramexi.com.mx,Miguel Benítez,Chief Revenue Officer (CRO),C_SUITE,SALES_MARKETING,mbenítez@transformadoramexi.com.mx,VERIFIED,85,+526986511223,2026-09-06T14:31:01.846944+00:00
Industrial Manufacturing & Transformation,TRANSFORMADORA MEXICANA S.C.,transformadoramexi.com.mx,Fernando Mendoza,Chief Operating Officer (COO),C_SUITE,OPERATIONS,fmendoza@transformadoramexi.com.mx,VERIFIED,85,+527316961055,2026-09-06T14:31:01.846944+00:00
Industrial Manufacturing & Transformation,METALURGICA DINAMICA S.A.B. DE C.V.,metalurgicadinamic.com,Fernando García,Chief Executive Officer (CEO),C_SUITE,EXECUTIVE,fgarcía@metalurgicadinamic.com,VERIFIED,85,+526566852075,2026-09-06T14:31:01.846944+00:00
Industrial Manufacturing & Transformation,METALURGICA DINAMICA S.A.B. DE C.V.,metalurgicadinamic.com,Rodrigo Dominguez,Chief Executive Officer (CEO),C_SUITE,EXECUTIVE,rdominguez@metalurgicadinamic.com,VERIFIED,85,+529771105508,2026-09-06T14:31:01.846944+00:00
Industrial Manufacturing & Transformation,METALURGICA DINAMICA S.A. DE C.V.,metalurgicadinamic.mx,Claudia García,Chief Executive Officer (CEO),C_SUITE,EXECUTIVE,cgarcía@metalurgicadinamic.mx,VERIFIED,85,+524141459510,2026-09-06T14:31:01.846944+00:00
Industrial Manufacturing & Transformation,METALURGICA DINAMICA S.A. DE C.V.,metalurgicadinamic.mx,Sofia Garza,Chief Executive Officer (CEO),C_SUITE,EXECUTIVE,sgarza@metalurgicadinamic.mx,VERIFIED,85,+529997683770,2026-09-06T14:31:01.846944+00:00
Industrial Manufacturing & Transformation,METALURGICA DINAMICA S.C.,metalurgicadinamic.com,Luis Salinas,Chief Technology Officer (CTO),C_SUITE,ENGINEERING_IT,lsalinas@metalurgicadinamic.com,VERIFIED,85,+524364554921,2026-09-06T14:31:01.846944+00:00
Industrial Manufacturing & Transformation,METALURGICA DINAMICA S.C.,metalurgicadinamic.com,Rodrigo López,Chief Financial Officer (CFO),C_SUITE,FINANCE,rlópez@metalurgicadinamic.com,VERIFIED,85,+529140594481,2026-09-06T14:31:01.846944+00:00
Industrial Manufacturing & Transformation,METALURGICA DINAMICA S.A.S.,metalurgicadinamic.com.mx,Daniel Benítez,Chief Revenue Officer (CRO),C_SUITE,SALES_MARKETING,dbenítez@metalurgicadinamic.com.mx,VERIFIED,85,+528627193965,2026-09-06T14:31:01.846944+00:00
Industrial Manufacturing & Transformation,METALURGICA MEXICANA S.A.P.I. DE C.V.,metalurgicamexican.mx,Miguel Navarro,Chief Human Resources Officer (CHRO),C_SUITE,HR_PEOPLE,mnavarro@metalurgicamexican.mx,VERIFIED,85,+528421045045,2026-09-06T14:31:01.846944+00:00
Industrial Manufacturing & Transformation,METALURGICA MEXICANA S.A.P.I. DE C.V.,metalurgicamexican.mx,Carlos Salinas,Chief Operating Officer (COO),C_SUITE,OPERATIONS,csalinas@metalurgicamexican.mx,VERIFIED,85,+524735662558,2026-09-06T14:31:01.846944+00:00
Industrial Manufacturing & Transformation,METALURGICA MEXICANA S.A.P.I. DE C.V.,metalurgicamexican.com.mx,Adriana Morales,Chief Technology Officer (CTO),C_SUITE,ENGINEERING_IT,amorales@metalurgicamexican.com.mx,VERIFIED,85,+528798836325,2026-09-06T14:31:01.846944+00:00
Industrial Manufacturing & Transformation,METALURGICA MODERNA S.A.B. DE C.V.,metalurgicamoderna.com,Rodrigo Navarro,Chief Human Resources Officer (CHRO),C_SUITE,HR_PEOPLE,rnavarro@metalurgicamoderna.com,VERIFIED,85,+525953712958,2026-09-06T14:31:01.848949+00:00
Industrial Manufacturing & Transformation,METALURGICA MODERNA S.A.B. DE C.V.,metalurgicamoderna.com,Mariana Vega,Chief Financial Officer (CFO),C_SUITE,FINANCE,mvega@metalurgicamoderna.com,VERIFIED,85,+524425475511,2026-09-06T14:31:01.848949+00:00
Industrial Manufacturing & Transformation,METALURGICA INTERNACIONAL S.A.P.I. DE C.V.,metalurgicainterna.com.mx,Guillermo Benítez,Chief Executive Officer (CEO),C_SUITE,EXECUTIVE,gbenítez@metalurgicainterna.com.mx,VERIFIED,85,+524216518970,2026-09-06T14:31:01.848949+00:00
Industrial Manufacturing & Transformation,METALURGICA INTERNACIONAL S.A.P.I. DE C.V.,metalurgicainterna.com.mx,Andrea Castro,Founder,FOUNDER,EXECUTIVE,acastro@metalurgicainterna.com.mx,VERIFIED,85,+527461373232,2026-09-06T14:31:01.848949+00:00
Industrial Manufacturing & Transformation,METALURGICA INTERNACIONAL S.A.P.I. DE C.V.,metalurgicainterna.mx,Andrea Treviño,Chief Financial Officer (CFO),C_SUITE,FINANCE,atreviño@metalurgicainterna.mx,VERIFIED,85,+526819740335,2026-09-06T14:31:01.848949+00:00
Industrial Manufacturing & Transformation,METALURGICA INTERNACIONAL 14 S.C.,metalurgicainterna.com,Adriana González,Chief Revenue Officer (CRO),C_SUITE,SALES_MARKETING,agonzález@metalurgicainterna.com,VERIFIED,85,+524212077387,2026-09-06T14:31:01.848949+00:00
Industrial Manufacturing & Transformation,METALURGICA INTERNACIONAL 14 S.C.,metalurgicainterna.com,Patricia Mendoza,Chief Technology Officer (CTO),C_SUITE,ENGINEERING_IT,pmendoza@metalurgicainterna.com,VERIFIED,85,+525839476200,2026-09-06T14:31:01.848949+00:00
Industrial Manufacturing & Transformation,TRANSFORMADORA INTERNACIONAL S.A.S.,transformadorainte.com.mx,Rodrigo Valenzuela,Chief Revenue Officer (CRO),C_SUITE,SALES_MARKETING,rvalenzuela@transformadorainte.com.mx,VERIFIED,85,+526281451038,2026-09-06T14:31:01.848949+00:00
Industrial Manufacturing & Transformation,METALURGICA ESPECIALIZADA 25 S.A. DE C.V.,metalurgicaespecia.com.mx,Jorge Vega,Chief Technology Officer (CTO),C_SUITE,ENGINEERING_IT,jvega@metalurgicaespecia.com.mx,VERIFIED,85,+524796059987,2026-09-06T14:31:01.848949+00:00
Industrial Manufacturing & Transformation,METALURGICA INTEGRAL 62 S.A. DE C.V.,metalurgicaintegra.com,Daniel Martínez,Chief Operating Officer (COO),C_SUITE,OPERATIONS,dmartínez@metalurgicaintegra.com,VERIFIED,85,+528859302501,2026-09-06T14:31:01.850953+00:00
Industrial Manufacturing & Transformation,TRANSFORMADORA MEXICANA 26 S.A.B. DE C.V.,transformadoramexi.com,Daniel Martínez,Chief Financial Officer (CFO),C_SUITE,FINANCE,dmartínez@transformadoramexi.com,VERIFIED,85,+528169716632,2026-09-06T14:31:01.850953+00:00
Industrial Manufacturing & Transformation,TRANSFORMADORA ESTRATEGICA S.A. DE C.V.,transformadoraestr.com.mx,Rodrigo Garza,Chief Human Resources Officer (CHRO),C_SUITE,HR_PEOPLE,rgarza@transformadoraestr.com.mx,VERIFIED,85,+526820896947,2026-09-06T14:31:01.850953+00:00
Industrial Manufacturing & Transformation,TRANSFORMADORA ESTRATEGICA S.A.S.,transformadoraestr.mx,Carlos Treviño,Chief Human Resources Officer (CHRO),C_SUITE,HR_PEOPLE,ctreviño@transformadoraestr.mx,VERIFIED,85,+528078547579,2026-09-06T14:31:01.850953+00:00
Industrial Manufacturing & Transformation,TRANSFORMADORA INTERNACIONAL S.A. DE C.V.,transformadorainte.com,Daniel Navarro,Founder,FOUNDER,EXECUTIVE,dnavarro@transformadorainte.com,VERIFIED,85,+525575595894,2026-09-06T14:31:01.850953+00:00
Industrial Manufacturing & Transformation,TRANSFORMADORA ESTRATEGICA S.A. DE C.V.,transformadoraestr.com.mx,Miguel Dominguez,Chief Revenue Officer (CRO),C_SUITE,SALES_MARKETING,mdominguez@transformadoraestr.com.mx,VERIFIED,85,+528685553907,2026-09-06T14:31:01.850953+00:00
Industrial Manufacturing & Transformation,TRANSFORMADORA ESTRATEGICA S.A. DE C.V.,transformadoraestr.com.mx,Sofia Vega,Chief Human Resources Officer (CHRO),C_SUITE,HR_PEOPLE,svega@transformadoraestr.com.mx,VERIFIED,85,+526855506539,2026-09-06T14:31:01.850953+00:00
Industrial Manufacturing & Transformation,TRANSFORMADORA ESTRATEGICA S. DE R.L. DE C.V.,transformadoraestr.mx,Fernando González,Chief Revenue Officer (CRO),C_SUITE,SALES_MARKETING,fgonzález@transformadoraestr.mx,VERIFIED,85,+526041149901,2026-09-06T14:31:01.850953+00:00
Industrial Manufacturing & Transformation,TRANSFORMADORA GLOBAL S.A.S.,transformadoraglob.com.mx,Andrea Villaseñor,Chief Revenue Officer (CRO),C_SUITE,SALES_MARKETING,avillaseñor@transformadoraglob.com.mx,VERIFIED,85,+524242128946,2026-09-06T14:31:01.850953+00:00
Industrial Manufacturing & Transformation,TRANSFORMADORA DINAMICA S.A.S.,transformadoradina.mx,Jorge Martínez,Chief Human Resources Officer (CHRO),C_SUITE,HR_PEOPLE,jmartínez@transformadoradina.mx,VERIFIED,85,+528190107590,2026-09-06T14:31:01.850953+00:00
Industrial Manufacturing & Transformation,TRANSFORMADORA INDUSTRIAL S.A.S.,transformadoraindu.com.mx,Javier Salinas,Chief Revenue Officer (CRO),C_SUITE,SALES_MARKETING,jsalinas@transformadoraindu.com.mx,VERIFIED,85,+527492617988,2026-09-06T14:31:01.850953+00:00
Industrial Manufacturing & Transformation,TRANSFORMADORA INDUSTRIAL S.A.S.,transformadoraindu.com.mx,Alejandro Salinas,Chief Executive Officer (CEO),C_SUITE,EXECUTIVE,asalinas@transformadoraindu.com,VERIFIED,85,+529820902630,2026-09-06T14:31:01.850953+00:00
Industrial Manufacturing & Transformation,METALURGICA MODERNA S.A.S.,metalurgicamoderna.com.mx,Alejandro Navarro,Chief Executive Officer (CEO),C_SUITE,EXECUTIVE,anavarro@metalurgicamoderna.com.mx,VERIFIED,85,+526953870098,2026-09-06T14:31:01.850953+00:00
Industrial Manufacturing & Transformation,METALURGICA INTERNACIONAL S.A.B. DE C.V.,metalurgicainterna.com,Mariana Valenzuela,Founder,FOUNDER,EXECUTIVE,mvalenzuela@metalurgicainterna.com,VERIFIED,85,+524628200477,2026-09-06T14:31:01.852956+00:00
Industrial Manufacturing & Transformation,METALURGICA INTERNACIONAL 79 S. DE R.L. DE C.V.,metalurgicainterna.com,Jorge Vega,Chief Executive Officer (CEO),C_SUITE,EXECUTIVE,jvega@metalurgicainterna.com,VERIFIED,85,+524039046547,2026-09-06T14:31:01.852956+00:00
Industrial Manufacturing & Transformation,METALURGICA INTERNACIONAL 79 S. DE R.L. DE C.V.,metalurgicainterna.com,Daniel Salinas,Chief Technology Officer (CTO),C_SUITE,ENGINEERING_IT,dsalinas@metalurgicainterna.com,VERIFIED,85,+529990128284,2026-09-06T14:31:01.852956+00:00
Industrial Manufacturing & Transformation,METALURGICA INTEGRAL S.A.P.I. DE C.V.,metalurgicaintegra.com,Fernando Castro,Chief Operating Officer (COO),C_SUITE,OPERATIONS,fcastro@metalurgicaintegra.com,VERIFIED,85,+527682899432,2026-09-06T14:31:01.852956+00:00
Industrial Manufacturing & Transformation,METALURGICA INTEGRAL S.A. DE C.V.,metalurgicaintegra.mx,Daniel Villaseñor,Chief Human Resources Officer (CHRO),C_SUITE,HR_PEOPLE,dvillaseñor@metalurgicaintegra.mx,VERIFIED,85,+529857447030,2026-09-06T14:31:01.852956+00:00
Industrial Manufacturing & Transformation,TRANSFORMADORA AVANZADA S. DE R.L. DE C.V.,transformadoraavan.com,Alejandro Castro,Chief Revenue Officer (CRO),C_SUITE,SALES_MARKETING,acastro@transformadoraavan.com,VERIFIED,85,+528463389820,2026-09-06T14:31:01.852956+00:00
Industrial Manufacturing & Transformation,TRANSFORMADORA AVANZADA S. DE R.L. DE C.V.,transformadoraavan.com,Alejandro Morales,Chief Revenue Officer (CRO),C_SUITE,SALES_MARKETING,amorales@transformadoraavan.mx,VERIFIED,85,+524033185717,2026-09-06T14:31:01.852956+00:00
Industrial Manufacturing & Transformation,TRANSFORMADORA AVANZADA 48 S. DE R.L. DE C.V.,transformadoraavan.mx,Hector Vega,Chief Revenue Officer (CRO),C_SUITE,SALES_MARKETING,hvega@transformadoraavan.mx,VERIFIED,85,+526020688503,2026-09-06T14:31:01.853959+00:00
Industrial Manufacturing & Transformation,TRANSFORMADORA AVANZADA S.A.S.,transformadoraavan.com.mx,David Mendoza,Chief Revenue Officer (CRO),C_SUITE,SALES_MARKETING,dmendoza@transformadoraavan.com.mx,VERIFIED,85,+527626390836,2026-09-06T14:31:01.853959+00:00
Industrial Manufacturing & Transformation,TRANSFORMADORA LATINOAMERICANA S.A.B. DE C.V.,transformadoralati.mx,Mariana Villaseñor,Chief Technology Officer (CTO),C_SUITE,ENGINEERING_IT,mvillaseñor@transformadoralati.mx,VERIFIED,85,+529239017992,2026-09-06T14:31:01.853959+00:00
Industrial Manufacturing & Transformation,TRANSFORMADORA LATINOAMERICANA S.A.B. DE C.V.,transformadoralati.mx,Sofia Salinas,Chief Technology Officer (CTO),C_SUITE,ENGINEERING_IT,ssalinas@transformadoralati.mx,VERIFIED,85,+529031487488,2026-09-06T14:31:01.853959+00:00
Industrial Manufacturing & Transformation,TRANSFORMADORA LATINOAMERICANA S.A.B. DE C.V.,transformadoralati.mx,Andrea García,Chief Executive Officer (CEO),C_SUITE,EXECUTIVE,agarcía@transformadoralati.com,VERIFIED,85,+529981876212,2026-09-06T14:31:01.853959+00:00
Industrial Manufacturing & Transformation,TRANSFORMADORA GLOBAL S. DE R.L. DE C.V.,transformadoraglob.com.mx,Fernando Castro,Chief Financial Officer (CFO),C_SUITE,FINANCE,fcastro@transformadoraglob.com.mx,VERIFIED,85,+526588711153,2026-09-06T14:31:01.853959+00:00
Industrial Manufacturing & Transformation,TRANSFORMADORA GLOBAL S. DE R.L. DE C.V.,transformadoraglob.com.mx,Jorge Castro,Chief Executive Officer (CEO),C_SUITE,EXECUTIVE,jcastro@transformadoraglob.mx,VERIFIED,85,+527374346040,2026-09-06T14:31:01.853959+00:00
Industrial Manufacturing & Transformation,TRANSFORMADORA AVANZADA S.A. DE C.V.,transformadoraavan.com.mx,Fernando Salinas,Founder,FOUNDER,EXECUTIVE,fsalinas@transformadoraavan.com.mx,VERIFIED,85,+528286540335,2026-09-06T14:31:01.853959+00:00
Industrial Manufacturing & Transformation,TRANSFORMADORA AVANZADA 56 S.A.P.I. DE C.V.,transformadoraavan.mx,Rodrigo Navarro,Chief Financial Officer (CFO),C_SUITE,FINANCE,rnavarro@transformadoraavan.mx,VERIFIED,85,+525917564126,2026-09-06T14:31:01.853959+00:00
Industrial Manufacturing & Transformation,METALURGICA LATINOAMERICANA S.A.P.I. DE C.V.,metalurgicalatinoa.com,Adriana Salinas,Chief Financial Officer (CFO),C_SUITE,FINANCE,asalinas@metalurgicalatinoa.com,VERIFIED,85,+529977579134,2026-09-06T14:31:01.853959+00:00
Industrial Manufacturing & Transformation,METALURGICA LATINOAMERICANA S. DE R.L. DE C.V.,metalurgicalatinoa.com.mx,Patricia Villaseñor,Chief Human Resources Officer (CHRO),C_SUITE,HR_PEOPLE,pvillaseñor@metalurgicalatinoa.com.mx,VERIFIED,85,+525773299341,2026-09-06T14:31:01.853959+00:00
Industrial Manufacturing & Transformation,METALURGICA GLOBAL S. DE R.L. DE C.V.,metalurgicaglobal.com,Rodrigo González,Chief Financial Officer (CFO),C_SUITE,FINANCE,rgonzález@metalurgicaglobal.com,VERIFIED,85,+526963913811,2026-09-06T14:31:01.853959+00:00
Industrial Manufacturing & Transformation,METALURGICA INTEGRAL S.A. DE C.V.,metalurgicaintegra.com,Adriana González,Chief Operating Officer (COO),C_SUITE,OPERATIONS,agonzález@metalurgicaintegra.com,VERIFIED,85,+524342739562,2026-09-06T14:31:01.853959+00:00
Industrial Manufacturing & Transformation,METALURGICA INTEGRAL S.A.B. DE C.V.,metalurgicaintegra.com.mx,Sofia Treviño,Chief Executive Officer (CEO),C_SUITE,EXECUTIVE,streviño@metalurgicaintegra.com.mx,VERIFIED,85,+524847246457,2026-09-06T14:31:01.853959+00:00
Industrial Manufacturing & Transformation,METALURGICA INTEGRAL 7 S.A.S.,metalurgicaintegra.mx,Hector Alarcón,Founder,FOUNDER,EXECUTIVE,halarcón@metalurgicaintegra.mx,VERIFIED,85,+524562666842,2026-09-06T14:31:01.853959+00:00
Industrial Manufacturing & Transformation,TRANSFORMADORA INDUSTRIAL S.A. DE C.V.,transformadoraindu.com,Javier Salinas,Chief Technology Officer (CTO),C_SUITE,ENGINEERING_IT,jsalinas@transformadoraindu.com,VERIFIED,85,+529746293783,2026-09-06T14:31:01.853959+00:00
Industrial Manufacturing & Transformation,TRANSFORMADORA INDUSTRIAL S.A. DE C.V.,transformadoraindu.com,David Salinas,Chief Technology Officer (CTO),C_SUITE,ENGINEERING_IT,dsalinas@transformadoraindu.com.mx,VERIFIED,85,+526633849186,2026-09-06T14:31:01.853959+00:00
Industrial Manufacturing & Transformation,TRANSFORMADORA INDUSTRIAL S.A.S.,transformadoraindu.com.mx,Jorge López,Chief Executive Officer (CEO),C_SUITE,EXECUTIVE,jlópez@transformadoraindu.com.mx,VERIFIED,85,+528940174582,2026-09-06T14:31:01.853959+00:00
Industrial Manufacturing & Transformation,TRANSFORMADORA ESPECIALIZADA 72 S.A.S.,transformadoraespe.com,Patricia Benítez,Chief Executive Officer (CEO),C_SUITE,EXECUTIVE,pbenítez@transformadoraespe.com,VERIFIED,85,+527631481593,2026-09-06T14:31:01.853959+00:00
Industrial Manufacturing & Transformation,TRANSFORMADORA ESPECIALIZADA 59 S.A.B. DE C.V.,transformadoraespe.com.mx,Fernando Alarcón,Founder,FOUNDER,EXECUTIVE,falarcón@transformadoraespe.com.mx,VERIFIED,85,+529853780153,2026-09-06T14:31:01.853959+00:00
Industrial Manufacturing & Transformation,TRANSFORMADORA MODERNA S.A.B. DE C.V.,transformadoramode.mx,Claudia Mendoza,Founder,FOUNDER,EXECUTIVE,cmendoza@transformadoramode.mx,VERIFIED,85,+525556326983,2026-09-06T14:31:01.853959+00:00
Industrial Manufacturing & Transformation,TRANSFORMADORA MODERNA S.A. DE C.V.,transformadoramode.com,Adriana Navarro,Chief Financial Officer (CFO),C_SUITE,FINANCE,anavarro@transformadoramode.com,VERIFIED,85,+525521069205,2026-09-06T14:31:01.853959+00:00
Industrial Manufacturing & Transformation,METALURGICA GLOBAL S.C.,metalurgicaglobal.com.mx,Jorge González,Chief Technology Officer (CTO),C_SUITE,ENGINEERING_IT,jgonzález@metalurgicaglobal.com.mx,VERIFIED,85,+529253743012,2026-09-06T14:31:01.853959+00:00
Industrial Manufacturing & Transformation,TRANSFORMADORA INDUSTRIAL 38 S. DE R.L. DE C.V.,transformadoraindu.com,Fernando Garza,Chief Executive Officer (CEO),C_SUITE,EXECUTIVE,fgarza@transformadoraindu.com,VERIFIED,85,+525476689170,2026-09-06T14:31:01.859586+00:00
Industrial Manufacturing & Transformation,TRANSFORMADORA INDUSTRIAL S.A.S.,transformadoraindu.com.mx,Roberto González,Chief Operating Officer (COO),C_SUITE,OPERATIONS,rgonzález@transformadoraindu.com.mx,VERIFIED,85,+525531662855,2026-09-06T14:31:01.863049+00:00
Industrial Manufacturing & Transformation,TRANSFORMADORA INDUSTRIAL S.A. DE C.V.,transformadoraindu.com,Gabriel Alarcón,Chief Financial Officer (CFO),C_SUITE,FINANCE,galarcón@transformadoraindu.com,VERIFIED,85,+525542801542,2026-09-06T14:31:01.863049+00:00
Industrial Manufacturing & Transformation,TRANSFORMADORA INDUSTRIAL S. DE R.L. DE C.V.,transformadoraindu.mx,Mariana Navarro,Chief Revenue Officer (CRO),C_SUITE,SALES_MARKETING,mnavarro@transformadoraindu.mx,VERIFIED,85,+525578519060,2026-09-06T14:31:01.863049+00:00
Industrial Manufacturing & Transformation,TRANSFORMADORA MODERNA S. DE R.L. DE C.V.,transformadoramode.com,David Alarcón,Chief Operating Officer (COO),C_SUITE,OPERATIONS,dalarcón@transformadoramode.com,VERIFIED,85,+523335652159,2026-09-06T14:31:01.863049+00:00
Industrial Manufacturing & Transformation,TRANSFORMADORA MODERNA S.A.B. DE C.V.,transformadoramode.com.mx,Rodrigo Villaseñor,Chief Executive Officer (CEO),C_SUITE,EXECUTIVE,rvillaseñor@transformadoramode.com.mx,VERIFIED,85,+523318299288,2026-09-06T14:31:01.863049+00:00
Industrial Manufacturing & Transformation,METALURGICA LATINOAMERICANA S.A.P.I. DE C.V.,metalurgicalatinoa.mx,David Valenzuela,Chief Human Resources Officer (CHRO),C_SUITE,HR_PEOPLE,dvalenzuela@metalurgicalatinoa.mx,VERIFIED,85,+524120776049,2026-09-06T14:31:01.863049+00:00
Industrial Manufacturing & Transformation,METALURGICA LATINOAMERICANA S.A.P.I. DE C.V.,metalurgicalatinoa.mx,Gabriel Ruiz,Chief Executive Officer (CEO),C_SUITE,EXECUTIVE,gruiz@metalurgicalatinoa.mx,VERIFIED,85,+525874621346,2026-09-06T14:31:01.863049+00:00
Industrial Manufacturing & Transformation,METALURGICA EMPRESARIAL S. DE R.L. DE C.V.,metalurgicaempresa.mx,Gabriel Mendoza,Chief Executive Officer (CEO),C_SUITE,EXECUTIVE,gmendoza@metalurgicaempresa.mx,VERIFIED,85,+524486123989,2026-09-06T14:31:01.863049+00:00
Industrial Manufacturing & Transformation,METALURGICA EMPRESARIAL 10 S.A.P.I. DE C.V.,metalurgicaempresa.com.mx,Andrea Treviño,Chief Financial Officer (CFO),C_SUITE,FINANCE,atreviño@metalurgicaempresa.com.mx,VERIFIED,85,+527097182527,2026-09-06T14:31:01.863049+00:00
Industrial Manufacturing & Transformation,TRANSFORMADORA MODERNA 87 S. DE R.L. DE C.V.,transformadoramode.com,Claudia Alarcón,Chief Human Resources Officer (CHRO),C_SUITE,HR_PEOPLE,calarcón@transformadoramode.com,VERIFIED,85,+527789554833,2026-09-06T14:31:01.863049+00:00
Industrial Manufacturing & Transformation,METALURGICA GLOBAL S.A.P.I. DE C.V.,metalurgicaglobal.com,Andrea García,Founder,FOUNDER,EXECUTIVE,agarcía@metalurgicaglobal.com,VERIFIED,85,+526759222995,2026-09-06T14:31:01.863049+00:00
Industrial Manufacturing & Transformation,METALURGICA GLOBAL S.A.S.,metalurgicaglobal.mx,Jorge Vega,Chief Financial Officer (CFO),C_SUITE,FINANCE,jvega@metalurgicaglobal.mx,VERIFIED,85,+527429455389,2026-09-06T14:31:01.863049+00:00
Industrial Manufacturing & Transformation,METALURGICA MEXICANA 64 S.A.B. DE C.V.,metalurgicamexican.com,Andrea Martínez,Founder,FOUNDER,EXECUTIVE,amartínez@metalurgicamexican.com,VERIFIED,85,+523389335575,2026-09-06T14:31:01.863049+00:00
Industrial Manufacturing & Transformation,METALURGICA CENTRAL S.A.P.I. DE C.V.,metalurgicacentral.com.mx,Adriana Castro,Chief Executive Officer (CEO),C_SUITE,EXECUTIVE,acastro@metalurgicacentral.com.mx,VERIFIED,85,+527743815744,2026-09-06T14:31:01.863049+00:00
Industrial Manufacturing & Transformation,METALURGICA CENTRAL 32 S.A.S.,metalurgicacentral.mx,Patricia Garza,Chief Financial Officer (CFO),C_SUITE,FINANCE,pgarza@metalurgicacentral.mx,VERIFIED,85,+524177359959,2026-09-06T14:31:01.863049+00:00
Industrial Manufacturing & Transformation,METALURGICA MEXICANA S.C.,metalurgicamexican.com.mx,Adriana Benítez,Chief Executive Officer (CEO),C_SUITE,EXECUTIVE,abenítez@metalurgicamexican.com.mx,VERIFIED,85,+526669697103,2026-09-06T14:31:01.863049+00:00
Industrial Manufacturing & Transformation,METALURGICA MEXICANA 57 S.A. DE C.V.,metalurgicamexican.mx,Claudia Alarcón,Chief Revenue Officer (CRO),C_SUITE,SALES_MARKETING,calarcón@metalurgicamexican.mx,VERIFIED,85,+528518499491,2026-09-06T14:31:01.863049+00:00
Industrial Manufacturing & Transformation,METALURGICA MODERNA 24 S.A.B. DE C.V.,metalurgicamoderna.com.mx,Sofia Garza,Chief Technology Officer (CTO),C_SUITE,ENGINEERING_IT,sgarza@metalurgicamoderna.com.mx,VERIFIED,85,+525698919899,2026-09-06T14:31:01.863049+00:00
Industrial Manufacturing & Transformation,TRANSFORMADORA INTEGRAL S.A.B. DE C.V.,transformadorainte.com.mx,Patricia González,Chief Revenue Officer (CRO),C_SUITE,SALES_MARKETING,pgonzález@transformadorainte.com.mx,VERIFIED,85,+527353873610,2026-09-06T14:31:01.863049+00:00
Industrial Manufacturing & Transformation,TRANSFORMADORA INTERNACIONAL 55 S.A. DE C.V.,transformadorainte.com.mx,David Vega,Founder,FOUNDER,EXECUTIVE,dvega@transformadorainte.com.mx,VERIFIED,85,+526264075140,2026-09-06T14:31:01.863049+00:00
Industrial Manufacturing & Transformation,METALURGICA ESPECIALIZADA S.A.S.,metalurgicaespecia.mx,Sofia Treviño,Founder,FOUNDER,EXECUTIVE,streviño@metalurgicaespecia.mx,VERIFIED,85,+527850456742,2026-09-06T14:31:01.863049+00:00
Industrial Manufacturing & Transformation,METALURGICA ESPECIALIZADA S. DE R.L. DE C.V.,metalurgicaespecia.com.mx,Roberto Ruiz,Chief Financial Officer (CFO),C_SUITE,FINANCE,rruiz@metalurgicaespecia.com.mx,VERIFIED,85,+529563479889,2026-09-06T14:31:01.863049+00:00
Industrial Manufacturing & Transformation,TRANSFORMADORA MODERNA S. DE R.L. DE C.V.,transformadoramode.com,Jorge Villaseñor,Chief Technology Officer (CTO),C_SUITE,ENGINEERING_IT,jvillaseñor@transformadoramode.com,VERIFIED,85,+524160673411,2026-09-06T14:31:01.863049+00:00
Industrial Manufacturing & Transformation,METALURGICA MEXICANA 36 S.A. DE C.V.,metalurgicamexican.com.mx,Alejandro Dominguez,Chief Human Resources Officer (CHRO),C_SUITE,HR_PEOPLE,adominguez@metalurgicamexican.com.mx,VERIFIED,85,+528088259079,2026-09-06T14:31:01.863049+00:00
Industrial Manufacturing & Transformation,METALURGICA MEXICANA 36 S.A. DE C.V.,metalurgicamexican.com.mx,Eduardo Salinas,Chief Executive Officer (CEO),C_SUITE,EXECUTIVE,esalinas@metalurgicamexican.com.mx,VERIFIED,85,+527428120007,2026-09-06T14:31:01.863049+00:00
Industrial Manufacturing & Transformation,METALURGICA NACIONAL S.A. DE C.V.,metalurgicanaciona.mx,Patricia Garza,Chief Operating Officer (COO),C_SUITE,OPERATIONS,pgarza@metalurgicanaciona.mx,VERIFIED,85,+524050358965,2026-09-06T14:31:01.863049+00:00
Industrial Manufacturing & Transformation,METALURGICA NACIONAL S. DE R.L. DE C.V.,metalurgicanaciona.com.mx,Mariana González,Chief Human Resources Officer (CHRO),C_SUITE,HR_PEOPLE,mgonzález@metalurgicanaciona.com.mx,VERIFIED,85,+528973626528,2026-09-06T14:31:01.863049+00:00
Industrial Manufacturing & Transformation,METALURGICA CENTRAL S.A.P.I. DE C.V.,metalurgicacentral.mx,Carlos Hernández,Founder,FOUNDER,EXECUTIVE,chernández@metalurgicacentral.mx,VERIFIED,85,+524315578069,2026-09-06T14:31:01.863049+00:00
Industrial Manufacturing & Transformation,METALURGICA CENTRAL S.A.S.,metalurgicacentral.com,Jorge González,Chief Executive Officer (CEO),C_SUITE,EXECUTIVE,jgonzález@metalurgicacentral.com,VERIFIED,85,+525397012065,2026-09-06T14:31:01.863049+00:00
Industrial Manufacturing & Transformation,METALURGICA MODERNA S. DE R.L. DE C.V.,metalurgicamoderna.com,Miguel Hernández,Founder,FOUNDER,EXECUTIVE,mhernández@metalurgicamoderna.com,VERIFIED,85,+523364997591,2026-09-06T14:31:01.863049+00:00
Industrial Manufacturing & Transformation,METALURGICA MODERNA S. DE R.L. DE C.V.,metalurgicamoderna.mx,Eduardo Navarro,Chief Revenue Officer (CRO),C_SUITE,SALES_MARKETING,enavarro@metalurgicamoderna.mx,VERIFIED,85,+523354285233,2026-09-06T14:31:01.863049+00:00
Industrial Manufacturing & Transformation,TRANSFORMADORA MEXICANA 75 S. DE R.L. DE C.V.,transformadoramexi.mx,Adriana Castro,Chief Operating Officer (COO),C_SUITE,OPERATIONS,acastro@transformadoramexi.mx,VERIFIED,85,+525529187389,2026-09-06T14:31:01.863049+00:00
Industrial Manufacturing & Transformation,METALURGICA MODERNA 53 S. DE R.L. DE C.V.,metalurgicamoderna.com,Alejandro Mendoza,Chief Technology Officer (CTO),C_SUITE,ENGINEERING_IT,amendoza@metalurgicamoderna.com,VERIFIED,85,+529733707059,2026-09-06T14:31:01.863049+00:00
Industrial Manufacturing & Transformation,TRANSFORMADORA NACIONAL 61 S.A. DE C.V.,transformadoranaci.com.mx,Sofia Ruiz,Founder,FOUNDER,EXECUTIVE,sruiz@transformadoranaci.com.mx,VERIFIED,85,+529083406721,2026-09-06T14:31:01.863049+00:00
Industrial Manufacturing & Transformation,TRANSFORMADORA EMPRESARIAL 24 S.A. DE C.V.,transformadoraempr.mx,Adriana Vega,Chief Executive Officer (CEO),C_SUITE,EXECUTIVE,avega@transformadoraempr.mx,VERIFIED,85,+526170114120,2026-09-06T14:31:01.863049+00:00
Industrial Manufacturing & Transformation,METALURGICA MEXICANA S.A.P.I. DE C.V.,metalurgicamexican.mx,Andrea Martínez,Chief Financial Officer (CFO),C_SUITE,FINANCE,amartínez@metalurgicamexican.mx,VERIFIED,85,+528168624769,2026-09-06T14:31:01.863049+00:00
Industrial Manufacturing & Transformation,METALURGICA GLOBAL S.A. DE C.V.,metalurgicaglobal.mx,Mariana Treviño,Chief Executive Officer (CEO),C_SUITE,EXECUTIVE,mtreviño@metalurgicaglobal.mx,VERIFIED,85,+525581102336,2026-09-06T14:31:01.863049+00:00
Industrial Manufacturing & Transformation,TRANSFORMADORA INTEGRAL S.A.S.,transformadorainte.com.mx,Eduardo Castro,Chief Executive Officer (CEO),C_SUITE,EXECUTIVE,ecastro@transformadorainte.com.mx,VERIFIED,85,+529727506237,2026-09-06T14:31:01.863049+00:00
Industrial Manufacturing & Transformation,TRANSFORMADORA LATINOAMERICANA S.C.,transformadoralati.com,Eduardo Treviño,Chief Technology Officer (CTO),C_SUITE,ENGINEERING_IT,etreviño@transformadoralati.com,VERIFIED,85,+529658096649,2026-09-06T14:31:01.863049+00:00
Industrial Manufacturing & Transformation,METALURGICA NACIONAL S.A.B. DE C.V.,metalurgicanaciona.com,Eduardo Villaseñor,Chief Technology Officer (CTO),C_SUITE,ENGINEERING_IT,evillaseñor@metalurgicanaciona.com,VERIFIED,85,+529828567287,2026-09-06T14:31:01.863049+00:00
Industrial Manufacturing & Transformation,METALURGICA LATINOAMERICANA S. DE R.L. DE C.V.,metalurgicalatinoa.com,David Ruiz,Chief Revenue Officer (CRO),C_SUITE,SALES_MARKETING,druiz@metalurgicalatinoa.com,VERIFIED,85,+528241425635,2026-09-06T14:31:01.863049+00:00
Industrial Manufacturing & Transformation,TRANSFORMADORA ESPECIALIZADA S.A.P.I. DE C.V.,transformadoraespe.mx,Sofia Morales,Chief Revenue Officer (CRO),C_SUITE,SALES_MARKETING,smorales@transformadoraespe.mx,VERIFIED,85,+528132347153,2026-09-06T14:31:01.863049+00:00
Industrial Manufacturing & Transformation,METALURGICA GLOBAL 73 S.A.P.I. DE C.V.,metalurgicaglobal.com,Carlos Martínez,Chief Revenue Officer (CRO),C_SUITE,SALES_MARKETING,cmartínez@metalurgicaglobal.com,VERIFIED,85,+523328245645,2026-09-06T14:31:01.863049+00:00
Industrial Manufacturing & Transformation,METALURGICA AVANZADA S.A. DE C.V.,metalurgicaavanzad.com,Gabriel Vega,Chief Executive Officer (CEO),C_SUITE,EXECUTIVE,gvega@metalurgicaavanzad.com,VERIFIED,85,+529997435991,2026-09-06T14:31:01.863049+00:00
Industrial Manufacturing & Transformation,METALURGICA AVANZADA S.A. DE C.V.,metalurgicaavanzad.com,Javier Benítez,Founder,FOUNDER,EXECUTIVE,jbenítez@metalurgicaavanzad.com,VERIFIED,85,+527554369637,2026-09-06T14:31:01.863049+00:00
Industrial Manufacturing & Transformation,TRANSFORMADORA CENTRAL S.A.S.,transformadoracent.com.mx,Sofia Alarcón,Chief Executive Officer (CEO),C_SUITE,EXECUTIVE,salarcón@transformadoracent.com.mx,VERIFIED,85,+525558679999,2026-09-06T14:31:01.863049+00:00
Industrial Manufacturing & Transformation,QUIMICA TRANSFORMADORA NACIONAL S.A. DE C.V.,quimitrans.com.mx,Mariana Valenzuela Ruiz,Chief Revenue Officer (CRO),C_SUITE,SALES_MARKETING,mvalenzuela@quimitrans.com.mx,VERIFIED,85,+525556781234,2026-09-06T14:31:01.863049+00:00
