industry,company_name,company_domain,full_name,standardized_title,seniority_level,department,work_email,email_status,email_confidence_score,direct_phone,created_at
"Chemicals, Polymers, Plastics & Packaging",QUIMICA NACIONAL S.A.S.,quimicanacional.mx,Alejandro Hernández,Chief Executive Officer (CEO),C_SUITE,EXECUTIVE,ahernández@quimicanacional.mx,VERIFIED,85,+525531642461,2026-09-06T14:31:01.178455+00:00
"Chemicals, Polymers, Plastics & Packaging",QUIMICA NACIONAL S.A.P.I. DE C.V.,quimicanacional68.com.mx,Mariana Vega,Chief Operating Officer (COO),C_SUITE,OPERATIONS,mvega@quimicanacional68.com.mx,VERIFIED,85,+525556281016,2026-09-06T14:31:01.178455+00:00
"Chemicals, Polymers, Plastics & Packaging",QUIMICA NACIONAL 84 S.C.,quimicanacional19.mx,Rodrigo Martínez,Chief Revenue Officer (CRO),C_SUITE,SALES_MARKETING,rmartínez@quimicanacional19.mx,VERIFIED,85,+525526725281,2026-09-06T14:31:01.178455+00:00
"Chemicals, Polymers, Plastics & Packaging",QUIMICA NACIONAL S.C.,quimicanacional.com.mx,Luis González,Chief Technology Officer (CTO),C_SUITE,ENGINEERING_IT,lgonzález@quimicanacional.com.mx,VERIFIED,85,+525525010220,2026-09-06T14:31:01.178455+00:00
"Chemicals, Polymers, Plastics & Packaging",PLASTICOS INTEGRAL S.A.B. DE C.V.,plasticosintegral9.com.mx,Eduardo Treviño,Chief Executive Officer (CEO),C_SUITE,EXECUTIVE,etreviño@plasticosintegral9.com.mx,VERIFIED,85,+524774952334,2026-09-06T14:31:01.187157+00:00
"Chemicals, Polymers, Plastics & Packaging",PLASTICOS INTEGRAL S.A.S.,plasticosintegral.com.mx,Jorge Salinas,Chief Executive Officer (CEO),C_SUITE,EXECUTIVE,jsalinas@plasticosintegral.com.mx,VERIFIED,85,+527487975639,2026-09-06T14:31:01.187157+00:00
"Chemicals, Polymers, Plastics & Packaging",EMPAQUES INTEGRAL S.A.P.I. DE C.V.,empaquesintegral.com.mx,Luis González,Chief Technology Officer (CTO),C_SUITE,ENGINEERING_IT,lgonzález@empaquesintegral.com.mx,VERIFIED,85,+528131813777,2026-09-06T14:31:01.188901+00:00
"Chemicals, Polymers, Plastics & Packaging",EMPAQUES INTEGRAL S.A.P.I. DE C.V.,empaquesintegral.com.mx,Roberto Ruiz,Chief Financial Officer (CFO),C_SUITE,FINANCE,rruiz@empaquesintegral31.mx,VERIFIED,85,+528156764663,2026-09-06T14:31:01.188901+00:00
"Chemicals, Polymers, Plastics & Packaging",EMPAQUES INTEGRAL S.A.P.I. DE C.V.,empaquesintegral.mx,Jorge Garza,Chief Executive Officer (CEO),C_SUITE,EXECUTIVE,jgarza@empaquesintegral.mx,VERIFIED,85,+528149815338,2026-09-06T14:31:01.188901+00:00
"Chemicals, Polymers, Plastics & Packaging",EMPAQUES DINAMICA S.A.P.I. DE C.V.,empaquesdinamica.com,Gabriel García,Founder,FOUNDER,EXECUTIVE,ggarcía@empaquesdinamica.com,VERIFIED,85,+524191657311,2026-09-06T14:31:01.195111+00:00
"Chemicals, Polymers, Plastics & Packaging",EMPAQUES DINAMICA S.A.P.I. DE C.V.,empaquesdinamica.com,Jorge Salinas,Chief Human Resources Officer (CHRO),C_SUITE,HR_PEOPLE,jsalinas@empaquesdinamica54.com.mx,VERIFIED,85,+524420626715,2026-09-06T14:31:01.195111+00:00
"Chemicals, Polymers, Plastics & Packaging",EMPAQUES DINAMICA S.C.,empaquesdinamica79.mx,Claudia López,Chief Financial Officer (CFO),C_SUITE,FINANCE,clópez@empaquesdinamica79.mx,VERIFIED,85,+524781556416,2026-09-06T14:31:01.195111+00:00
"Chemicals, Polymers, Plastics & Packaging",QUIMICA DE LAS AMERICAS S.A.S.,quimicadelasameric.mx,Rodrigo Navarro,Founder,FOUNDER,EXECUTIVE,rnavarro@quimicadelasameric.mx,VERIFIED,85,+525083689876,2026-09-06T14:31:01.195111+00:00
"Chemicals, Polymers, Plastics & Packaging",QUIMICA DE LAS AMERICAS S.A.S.,quimicadelasameric.mx,Eduardo Navarro,Chief Financial Officer (CFO),C_SUITE,FINANCE,enavarro@quimicadelasameric.mx,VERIFIED,85,+527980473074,2026-09-06T14:31:01.195111+00:00
"Chemicals, Polymers, Plastics & Packaging",QUIMICA DE LAS AMERICAS S.A.S.,quimicadelasameric.mx,Gabriel Ruiz,Chief Revenue Officer (CRO),C_SUITE,SALES_MARKETING,gruiz@quimicadelasameric.mx,VERIFIED,85,+528366589366,2026-09-06T14:31:01.195111+00:00
"Chemicals, Polymers, Plastics & Packaging",QUIMICA DE LAS AMERICAS S.A.S.,quimicadelasameric.mx,Jorge Ruiz,Chief Executive Officer (CEO),C_SUITE,EXECUTIVE,jruiz@quimicadelasameric.mx,VERIFIED,85,+527314183602,2026-09-06T14:31:01.195111+00:00
"Chemicals, Polymers, Plastics & Packaging",QUIMICA DE OCCIDENTE S.C.,quimicadeoccidente.com,Javier Morales,Chief Financial Officer (CFO),C_SUITE,FINANCE,jmorales@quimicadeoccidente.com,VERIFIED,85,+527471702648,2026-09-06T14:31:01.195111+00:00
"Chemicals, Polymers, Plastics & Packaging",QUIMICA DE LAS AMERICAS 18 S.A.P.I. DE C.V.,quimicadelasameric.com,Miguel Castro,Chief Executive Officer (CEO),C_SUITE,EXECUTIVE,mcastro@quimicadelasameric.com,VERIFIED,85,+526087908274,2026-09-06T14:31:01.195111+00:00
"Chemicals, Polymers, Plastics & Packaging",QUIMICA DE OCCIDENTE 13 S.A.P.I. DE C.V.,quimicadeoccidente.com.mx,Claudia Dominguez,Chief Human Resources Officer (CHRO),C_SUITE,HR_PEOPLE,cdominguez@quimicadeoccidente.com.mx,VERIFIED,85,+526729682112,2026-09-06T14:31:01.195111+00:00
"Chemicals, Polymers, Plastics & Packaging",QUIMICA DE OCCIDENTE 13 S.A.P.I. DE C.V.,quimicadeoccidente.com.mx,Andrea Vega,Chief Technology Officer (CTO),C_SUITE,ENGINEERING_IT,avega@quimicadeoccidente.com.mx,VERIFIED,85,+526725599554,2026-09-06T14:31:01.195111+00:00
"Chemicals, Polymers, Plastics & Packaging",EMPAQUES GLOBAL S.A. DE C.V.,empaquesglobal22.com,Luis Garza,Chief Revenue Officer (CRO),C_SUITE,SALES_MARKETING,lgarza@empaquesglobal22.com,VERIFIED,85,+527160916907,2026-09-06T14:31:01.195111+00:00
"Chemicals, Polymers, Plastics & Packaging",EMPAQUES GLOBAL S.A.S.,empaquesglobal.com.mx,Daniel Martínez,Chief Technology Officer (CTO),C_SUITE,ENGINEERING_IT,dmartínez@empaquesglobal.com.mx,VERIFIED,85,+526810721541,2026-09-06T14:31:01.195111+00:00
"Chemicals, Polymers, Plastics & Packaging",EMPAQUES GLOBAL S.A.P.I. DE C.V.,empaquesglobal.mx,Gabriel Castro,Chief Financial Officer (CFO),C_SUITE,FINANCE,gcastro@empaquesglobal.mx,VERIFIED,85,+527981846013,2026-09-06T14:31:01.195111+00:00
"Chemicals, Polymers, Plastics & Packaging",EMPAQUES CENTRAL S.A.S.,empaquescentral.mx,Claudia Ruiz,Chief Human Resources Officer (CHRO),C_SUITE,HR_PEOPLE,cruiz@empaquescentral.mx,VERIFIED,85,+526664185749,2026-09-06T14:31:01.197115+00:00
"Chemicals, Polymers, Plastics & Packaging",EMPAQUES CENTRAL S.A.S.,empaquescentral.mx,Patricia Ruiz,Chief Revenue Officer (CRO),C_SUITE,SALES_MARKETING,pruiz@empaquescentral14.com.mx,VERIFIED,85,+524963045044,2026-09-06T14:31:01.197115+00:00
"Chemicals, Polymers, Plastics & Packaging",EMPAQUES CENTRAL S.A.B. DE C.V.,empaquescentral.com.mx,Alejandro Vega,Founder,FOUNDER,EXECUTIVE,avega@empaquescentral.com.mx,VERIFIED,85,+528047933306,2026-09-06T14:31:01.197115+00:00
"Chemicals, Polymers, Plastics & Packaging",EMPAQUES CENTRAL S.A.B. DE C.V.,empaquescentral.com.mx,Carlos Valenzuela,Founder,FOUNDER,EXECUTIVE,cvalenzuela@empaquescentral.com.mx,VERIFIED,85,+529588142129,2026-09-06T14:31:01.197115+00:00
"Chemicals, Polymers, Plastics & Packaging",EMPAQUES CENTRAL S. DE R.L. DE C.V.,empaquescentral72.mx,David Alarcón,Chief Revenue Officer (CRO),C_SUITE,SALES_MARKETING,dalarcón@empaquescentral72.mx,VERIFIED,85,+524930423604,2026-09-06T14:31:01.197115+00:00
"Chemicals, Polymers, Plastics & Packaging",EMPAQUES CENTRAL 79 S.C.,empaquescentral.com,Luis López,Chief Financial Officer (CFO),C_SUITE,FINANCE,llópez@empaquescentral.com,VERIFIED,85,+524592899575,2026-09-06T14:31:01.197115+00:00
"Chemicals, Polymers, Plastics & Packaging",EMPAQUES CENTRAL 31 S.C.,empaquescentral95.mx,Eduardo Treviño,Founder,FOUNDER,EXECUTIVE,etreviño@empaquescentral95.mx,VERIFIED,85,+529510938918,2026-09-06T14:31:01.197115+00:00
"Chemicals, Polymers, Plastics & Packaging",QUIMICA EMPRESARIAL S.C.,quimicaempresarial.mx,Adriana Mendoza,Chief Financial Officer (CFO),C_SUITE,FINANCE,amendoza@quimicaempresarial.mx,VERIFIED,85,+529216265250,2026-09-06T14:31:01.199119+00:00
"Chemicals, Polymers, Plastics & Packaging",QUIMICA EMPRESARIAL S.C.,quimicaempresarial.mx,Miguel Navarro,Chief Human Resources Officer (CHRO),C_SUITE,HR_PEOPLE,mnavarro@quimicaempresarial.mx,VERIFIED,85,+527439214798,2026-09-06T14:31:01.199119+00:00
"Chemicals, Polymers, Plastics & Packaging",QUIMICA EMPRESARIAL S.C.,quimicaempresarial.mx,Fernando Mendoza,Chief Technology Officer (CTO),C_SUITE,ENGINEERING_IT,fmendoza@quimicaempresarial.mx,VERIFIED,85,+529840554382,2026-09-06T14:31:01.199119+00:00
"Chemicals, Polymers, Plastics & Packaging",QUIMICA DEL PACIFICO S.A.B. DE C.V.,quimicadelpacifico.mx,Eduardo Valenzuela,Chief Human Resources Officer (CHRO),C_SUITE,HR_PEOPLE,evalenzuela@quimicadelpacifico.mx,VERIFIED,85,+529663549296,2026-09-06T14:31:01.201123+00:00
"Chemicals, Polymers, Plastics & Packaging",QUIMICA DEL NORTE S.A.P.I. DE C.V.,quimicadelnorte.mx,Daniel Valenzuela,Chief Executive Officer (CEO),C_SUITE,EXECUTIVE,dvalenzuela@quimicadelnorte.mx,VERIFIED,85,+528832165271,2026-09-06T14:31:01.201123+00:00
"Chemicals, Polymers, Plastics & Packaging",QUIMICA DEL CENTRO S.C.,quimicadelcentro.com,Adriana Benítez,Chief Technology Officer (CTO),C_SUITE,ENGINEERING_IT,abenítez@quimicadelcentro.com,VERIFIED,85,+524551558841,2026-09-06T14:31:01.201123+00:00
"Chemicals, Polymers, Plastics & Packaging",QUIMICA DEL BAJIO 39 S.A. DE C.V.,quimicadelbajio.com,Luis Vega,Chief Human Resources Officer (CHRO),C_SUITE,HR_PEOPLE,lvega@quimicadelbajio.com,VERIFIED,85,+525162869848,2026-09-06T14:31:01.201123+00:00
"Chemicals, Polymers, Plastics & Packaging",QUIMICA DEL BAJIO 39 S.A. DE C.V.,quimicadelbajio.com,Hector Vega,Chief Operating Officer (COO),C_SUITE,OPERATIONS,hvega@quimicadelbajio.com,VERIFIED,85,+527923382330,2026-09-06T14:31:01.201123+00:00
"Chemicals, Polymers, Plastics & Packaging",QUIMICA DEL CENTRO S.A.P.I. DE C.V.,quimicadelcentro34.com,Javier Mendoza,Founder,FOUNDER,EXECUTIVE,jmendoza@quimicadelcentro34.com,VERIFIED,85,+524160337983,2026-09-06T14:31:01.201123+00:00
"Chemicals, Polymers, Plastics & Packaging",QUIMICA DEL CENTRO S.A.P.I. DE C.V.,quimicadelcentro34.com,Rodrigo Villaseñor,Founder,FOUNDER,EXECUTIVE,rvillaseñor@quimicadelcentro.com.mx,VERIFIED,85,+524993731983,2026-09-06T14:31:01.201123+00:00
"Chemicals, Polymers, Plastics & Packaging",QUIMICA DEL CENTRO S.A.S.,quimicadelcentro.mx,Patricia González,Chief Executive Officer (CEO),C_SUITE,EXECUTIVE,pgonzález@quimicadelcentro.mx,VERIFIED,85,+529930247063,2026-09-06T14:31:01.201123+00:00
"Chemicals, Polymers, Plastics & Packaging",QUIMICA DEL CENTRO S.A.S.,quimicadelcentro.mx,Alejandro Salinas,Founder,FOUNDER,EXECUTIVE,asalinas@quimicadelcentro.mx,VERIFIED,85,+524856179069,2026-09-06T14:31:01.201123+00:00
"Chemicals, Polymers, Plastics & Packaging",QUIMICA DEL BAJIO S.A.P.I. DE C.V.,quimicadelbajio79.mx,Andrea García,Chief Revenue Officer (CRO),C_SUITE,SALES_MARKETING,agarcía@quimicadelbajio79.mx,VERIFIED,85,+527988840818,2026-09-06T14:31:01.201123+00:00
"Chemicals, Polymers, Plastics & Packaging",QUIMICA DEL PACIFICO S.A.P.I. DE C.V.,quimicadelpacifico.com,Alejandro Dominguez,Chief Executive Officer (CEO),C_SUITE,EXECUTIVE,adominguez@quimicadelpacifico.com,VERIFIED,85,+529042897404,2026-09-06T14:31:01.201123+00:00
"Chemicals, Polymers, Plastics & Packaging",QUIMICA DEL PACIFICO S.A.P.I. DE C.V.,quimicadelpacifico.com,Rodrigo Salinas,Chief Human Resources Officer (CHRO),C_SUITE,HR_PEOPLE,rsalinas@quimicadelpacifico.com,VERIFIED,85,+525538837346,2026-09-06T14:31:01.201123+00:00
"Chemicals, Polymers, Plastics & Packaging",QUIMICA DEL BAJIO S.A.B. DE C.V.,quimicadelbajio.mx,Eduardo Dominguez,Chief Executive Officer (CEO),C_SUITE,EXECUTIVE,edominguez@quimicadelbajio.mx,VERIFIED,85,+525454895051,2026-09-06T14:31:01.201123+00:00
"Chemicals, Polymers, Plastics & Packaging",QUIMICA DEL BAJIO S.A.B. DE C.V.,quimicadelbajio.mx,Claudia Castro,Chief Operating Officer (COO),C_SUITE,OPERATIONS,ccastro@quimicadelbajio.mx,VERIFIED,85,+525928965226,2026-09-06T14:31:01.201123+00:00
"Chemicals, Polymers, Plastics & Packaging",QUIMICA DEL BAJIO S.A.B. DE C.V.,quimicadelbajio.mx,Hector Treviño,Chief Executive Officer (CEO),C_SUITE,EXECUTIVE,htreviño@quimicadelbajio.com.mx,VERIFIED,85,+527972103268,2026-09-06T14:31:01.201123+00:00
"Chemicals, Polymers, Plastics & Packaging",QUIMICA DEL CENTRO S.A.P.I. DE C.V.,quimicadelcentro.com.mx,Gabriel Benítez,Chief Technology Officer (CTO),C_SUITE,ENGINEERING_IT,gbenítez@quimicadelcentro.com.mx,VERIFIED,85,+529448300750,2026-09-06T14:31:01.201123+00:00
"Chemicals, Polymers, Plastics & Packaging",QUIMICA DEL CENTRO S.A.P.I. DE C.V.,quimicadelcentro.com.mx,Eduardo Martínez,Chief Human Resources Officer (CHRO),C_SUITE,HR_PEOPLE,emartínez@quimicadelcentro19.com,VERIFIED,85,+528617406848,2026-09-06T14:31:01.201123+00:00
"Chemicals, Polymers, Plastics & Packaging",QUIMICA DEL BAJIO S.C.,quimicadelbajio99.mx,Alejandro Ruiz,Chief Technology Officer (CTO),C_SUITE,ENGINEERING_IT,aruiz@quimicadelbajio99.mx,VERIFIED,85,+528518541792,2026-09-06T14:31:01.201123+00:00
"Chemicals, Polymers, Plastics & Packaging",EMPAQUES DEL CENTRO S. DE R.L. DE C.V.,empaquesdelcentro.com,Adriana González,Chief Operating Officer (COO),C_SUITE,OPERATIONS,agonzález@empaquesdelcentro.com,VERIFIED,85,+526117007491,2026-09-06T14:31:01.201123+00:00
"Chemicals, Polymers, Plastics & Packaging",EMPAQUES DEL CENTRO S. DE R.L. DE C.V.,empaquesdelcentro.com,Rodrigo Treviño,Chief Human Resources Officer (CHRO),C_SUITE,HR_PEOPLE,rtreviño@empaquesdelcentro.com,VERIFIED,85,+527194659017,2026-09-06T14:31:01.201123+00:00
"Chemicals, Polymers, Plastics & Packaging",EMPAQUES DEL CENTRO S. DE R.L. DE C.V.,empaquesdelcentro.com,Patricia Mendoza,Chief Executive Officer (CEO),C_SUITE,EXECUTIVE,pmendoza@empaquesdelcentro.com,VERIFIED,85,+527363848970,2026-09-06T14:31:01.201123+00:00
"Chemicals, Polymers, Plastics & Packaging",EMPAQUES DEL BAJIO S.A.S.,empaquesdelbajio.com.mx,Sofia Benítez,Founder,FOUNDER,EXECUTIVE,sbenítez@empaquesdelbajio.com.mx,VERIFIED,85,+527637634350,2026-09-06T14:31:01.201123+00:00
"Chemicals, Polymers, Plastics & Packaging",EMPAQUES DEL NORTE S.A.B. DE C.V.,empaquesdelnorte.mx,Gabriel González,Chief Financial Officer (CFO),C_SUITE,FINANCE,ggonzález@empaquesdelnorte.mx,VERIFIED,85,+526475204057,2026-09-06T14:31:01.201123+00:00
"Chemicals, Polymers, Plastics & Packaging",EMPAQUES DEL NORTE S.A.B. DE C.V.,empaquesdelnorte.mx,David Villaseñor,Chief Executive Officer (CEO),C_SUITE,EXECUTIVE,dvillaseñor@empaquesdelnorte.mx,VERIFIED,85,+529721307203,2026-09-06T14:31:01.201123+00:00
"Chemicals, Polymers, Plastics & Packaging",EMPAQUES DEL NORTE S.A.B. DE C.V.,empaquesdelnorte.mx,Fernando Navarro,Chief Financial Officer (CFO),C_SUITE,FINANCE,fnavarro@empaquesdelnorte.mx,VERIFIED,85,+524499837417,2026-09-06T14:31:01.201123+00:00
"Chemicals, Polymers, Plastics & Packaging",EMPAQUES DEL BAJIO S.A.P.I. DE C.V.,empaquesdelbajio35.com.mx,Miguel Navarro,Chief Executive Officer (CEO),C_SUITE,EXECUTIVE,mnavarro@empaquesdelbajio35.com.mx,VERIFIED,85,+529583376977,2026-09-06T14:31:01.201123+00:00
"Chemicals, Polymers, Plastics & Packaging",EMPAQUES DEL PACIFICO S.A. DE C.V.,empaquesdelpacific.com,Eduardo Vega,Chief Executive Officer (CEO),C_SUITE,EXECUTIVE,evega@empaquesdelpacific.com,VERIFIED,85,+529620698214,2026-09-06T14:31:01.201123+00:00
"Chemicals, Polymers, Plastics & Packaging",EMPAQUES DEL NORTE S. DE R.L. DE C.V.,empaquesdelnorte15.mx,Patricia Vega,Founder,FOUNDER,EXECUTIVE,pvega@empaquesdelnorte15.mx,VERIFIED,85,+524849915437,2026-09-06T14:31:01.201123+00:00
"Chemicals, Polymers, Plastics & Packaging",EMPAQUES DEL PACIFICO S.A. DE C.V.,empaquesdelpacific.com.mx,Eduardo Treviño,Chief Executive Officer (CEO),C_SUITE,EXECUTIVE,etreviño@empaquesdelpacific.com.mx,VERIFIED,85,+526775660512,2026-09-06T14:31:01.201123+00:00
"Chemicals, Polymers, Plastics & Packaging",EMPAQUES DEL CENTRO S. DE R.L. DE C.V.,empaquesdelcentro.mx,Luis Ruiz,Chief Human Resources Officer (CHRO),C_SUITE,HR_PEOPLE,lruiz@empaquesdelcentro.mx,VERIFIED,85,+525461372143,2026-09-06T14:31:01.201123+00:00
"Chemicals, Polymers, Plastics & Packaging",EMPAQUES DEL CENTRO S. DE R.L. DE C.V.,empaquesdelcentro.mx,Guillermo García,Chief Operating Officer (COO),C_SUITE,OPERATIONS,ggarcía@empaquesdelcentro.com.mx,VERIFIED,85,+524418093006,2026-09-06T14:31:01.201123+00:00
"Chemicals, Polymers, Plastics & Packaging",EMPAQUES DEL BAJIO S.A. DE C.V.,empaquesdelbajio.mx,Mariana Garza,Chief Financial Officer (CFO),C_SUITE,FINANCE,mgarza@empaquesdelbajio.mx,VERIFIED,85,+528976380726,2026-09-06T14:31:01.201123+00:00
"Chemicals, Polymers, Plastics & Packaging",EMPAQUES DEL NORTE 73 S.A.P.I. DE C.V.,empaquesdelnorte.com,Luis Vega,Chief Executive Officer (CEO),C_SUITE,EXECUTIVE,lvega@empaquesdelnorte.com,VERIFIED,85,+527955468395,2026-09-06T14:31:01.201123+00:00
"Chemicals, Polymers, Plastics & Packaging",QUIMICA DE OCCIDENTE 50 S. DE R.L. DE C.V.,quimicadeoccidente.com,David González,Chief Revenue Officer (CRO),C_SUITE,SALES_MARKETING,dgonzález@quimicadeoccidente.com,VERIFIED,85,+529128787001,2026-09-06T14:31:01.201123+00:00
"Chemicals, Polymers, Plastics & Packaging",QUIMICA DE LAS AMERICAS S.C.,quimicadelasameric.mx,Guillermo Salinas,Chief Executive Officer (CEO),C_SUITE,EXECUTIVE,gsalinas@quimicadelasameric.mx,VERIFIED,85,+528263400944,2026-09-06T14:31:01.201123+00:00
"Chemicals, Polymers, Plastics & Packaging",QUIMICA DE LAS AMERICAS S.C.,quimicadelasameric.mx,Gabriel Salinas,Chief Operating Officer (COO),C_SUITE,OPERATIONS,gsalinas@quimicadelasameric.mx,VERIFIED,85,+529290166806,2026-09-06T14:31:01.201123+00:00
"Chemicals, Polymers, Plastics & Packaging",QUIMICA DE LAS AMERICAS S.C.,quimicadelasameric.mx,Rodrigo Treviño,Chief Technology Officer (CTO),C_SUITE,ENGINEERING_IT,rtreviño@quimicadelasameric.com,VERIFIED,85,+528658258131,2026-09-06T14:31:01.201123+00:00
"Chemicals, Polymers, Plastics & Packaging",QUIMICA DE LAS AMERICAS 42 S.A.S.,quimicadelasameric.com,Hector Castro,Chief Executive Officer (CEO),C_SUITE,EXECUTIVE,hcastro@quimicadelasameric.com,VERIFIED,85,+529048564455,2026-09-06T14:31:01.201123+00:00
"Chemicals, Polymers, Plastics & Packaging",QUIMICA DE OCCIDENTE S.A.P.I. DE C.V.,quimicadeoccidente.com.mx,Roberto Dominguez,Chief Executive Officer (CEO),C_SUITE,EXECUTIVE,rdominguez@quimicadeoccidente.com.mx,VERIFIED,85,+528065546611,2026-09-06T14:31:01.201123+00:00
"Chemicals, Polymers, Plastics & Packaging",EMPAQUES MODERNA S. DE R.L. DE C.V.,empaquesmoderna.com,Roberto Treviño,Chief Human Resources Officer (CHRO),C_SUITE,HR_PEOPLE,rtreviño@empaquesmoderna.com,VERIFIED,85,+527587789614,2026-09-06T14:31:01.203126+00:00
"Chemicals, Polymers, Plastics & Packaging",EMPAQUES MODERNA S. DE R.L. DE C.V.,empaquesmoderna.com,Luis Benítez,Chief Financial Officer (CFO),C_SUITE,FINANCE,lbenítez@empaquesmoderna.com,VERIFIED,85,+529354870724,2026-09-06T14:31:01.203126+00:00
"Chemicals, Polymers, Plastics & Packaging",EMPAQUES MODERNA S.A.B. DE C.V.,empaquesmoderna.mx,Luis Dominguez,Chief Executive Officer (CEO),C_SUITE,EXECUTIVE,ldominguez@empaquesmoderna.mx,VERIFIED,85,+527094443512,2026-09-06T14:31:01.203126+00:00
"Chemicals, Polymers, Plastics & Packaging",QUIMICA DEL BAJIO S.A. DE C.V.,quimicadelbajio.mx,Sofia Castro,Chief Revenue Officer (CRO),C_SUITE,SALES_MARKETING,scastro@quimicadelbajio.mx,VERIFIED,85,+527213347389,2026-09-06T14:31:01.203126+00:00
"Chemicals, Polymers, Plastics & Packaging",QUIMICA DEL BAJIO S.A. DE C.V.,quimicadelbajio.mx,Guillermo Navarro,Chief Financial Officer (CFO),C_SUITE,FINANCE,gnavarro@quimicadelbajio89.com.mx,VERIFIED,85,+528484460027,2026-09-06T14:31:01.203126+00:00
"Chemicals, Polymers, Plastics & Packaging",QUIMICA DEL NORTE S. DE R.L. DE C.V.,quimicadelnorte.com,Alejandro Villaseñor,Chief Financial Officer (CFO),C_SUITE,FINANCE,avillaseñor@quimicadelnorte.com,VERIFIED,85,+526686178967,2026-09-06T14:31:01.203126+00:00
"Chemicals, Polymers, Plastics & Packaging",QUIMICA DEL NORTE S. DE R.L. DE C.V.,quimicadelnorte.com,Roberto Vega,Chief Revenue Officer (CRO),C_SUITE,SALES_MARKETING,rvega@quimicadelnorte75.mx,VERIFIED,85,+527136047769,2026-09-06T14:31:01.203126+00:00
"Chemicals, Polymers, Plastics & Packaging",QUIMICA DEL BAJIO S.A.B. DE C.V.,quimicadelbajio.com.mx,Fernando Martínez,Chief Revenue Officer (CRO),C_SUITE,SALES_MARKETING,fmartínez@quimicadelbajio.com.mx,VERIFIED,85,+525673640313,2026-09-06T14:31:01.203126+00:00
"Chemicals, Polymers, Plastics & Packaging",QUIMICA DEL PACIFICO 50 S.A. DE C.V.,quimicadelpacifico.com.mx,Daniel García,Chief Revenue Officer (CRO),C_SUITE,SALES_MARKETING,dgarcía@quimicadelpacifico.com.mx,VERIFIED,85,+525580329194,2026-09-06T14:31:01.203126+00:00
"Chemicals, Polymers, Plastics & Packaging",QUIMICA DEL CENTRO S.A.P.I. DE C.V.,quimicadelcentro.com.mx,Patricia Garza,Chief Technology Officer (CTO),C_SUITE,ENGINEERING_IT,pgarza@quimicadelcentro.com.mx,VERIFIED,85,+528044604003,2026-09-06T14:31:01.203126+00:00
"Chemicals, Polymers, Plastics & Packaging",QUIMICA DEL BAJIO S. DE R.L. DE C.V.,quimicadelbajio70.mx,Roberto Benítez,Founder,FOUNDER,EXECUTIVE,rbenítez@quimicadelbajio70.mx,VERIFIED,85,+524182745583,2026-09-06T14:31:01.203126+00:00
"Chemicals, Polymers, Plastics & Packaging",QUIMICA DEL BAJIO S. DE R.L. DE C.V.,quimicadelbajio70.mx,Mariana Martínez,Chief Executive Officer (CEO),C_SUITE,EXECUTIVE,mmartínez@quimicadelbajio.com,VERIFIED,85,+526254200291,2026-09-06T14:31:01.203126+00:00
"Chemicals, Polymers, Plastics & Packaging",QUIMICA DEL NORTE S.A.S.,quimicadelnorte.com.mx,Roberto Mendoza,Chief Technology Officer (CTO),C_SUITE,ENGINEERING_IT,rmendoza@quimicadelnorte.com.mx,VERIFIED,85,+527652907366,2026-09-06T14:31:01.203126+00:00
"Chemicals, Polymers, Plastics & Packaging",QUIMICA DEL PACIFICO S.C.,quimicadelpacifico.mx,Hector Vega,Founder,FOUNDER,EXECUTIVE,hvega@quimicadelpacifico.mx,VERIFIED,85,+525387750386,2026-09-06T14:31:01.203126+00:00
"Chemicals, Polymers, Plastics & Packaging",QUIMICA DEL CENTRO S. DE R.L. DE C.V.,quimicadelcentro.mx,Luis Treviño,Chief Revenue Officer (CRO),C_SUITE,SALES_MARKETING,ltreviño@quimicadelcentro.mx,VERIFIED,85,+529789339614,2026-09-06T14:31:01.203126+00:00
"Chemicals, Polymers, Plastics & Packaging",EMPAQUES LATINOAMERICANA S. DE R.L. DE C.V.,empaqueslatinoamer.mx,David Dominguez,Founder,FOUNDER,EXECUTIVE,ddominguez@empaqueslatinoamer.mx,VERIFIED,85,+525667438849,2026-09-06T14:31:01.203126+00:00
"Chemicals, Polymers, Plastics & Packaging",EMPAQUES LATINOAMERICANA S. DE R.L. DE C.V.,empaqueslatinoamer.mx,Eduardo Valenzuela,Chief Financial Officer (CFO),C_SUITE,FINANCE,evalenzuela@empaqueslatinoamer.mx,VERIFIED,85,+527321563584,2026-09-06T14:31:01.203126+00:00
"Chemicals, Polymers, Plastics & Packaging",EMPAQUES LATINOAMERICANA S. DE R.L. DE C.V.,empaqueslatinoamer.mx,Gabriel Morales,Chief Executive Officer (CEO),C_SUITE,EXECUTIVE,gmorales@empaqueslatinoamer.mx,VERIFIED,85,+526997509984,2026-09-06T14:31:01.203126+00:00
"Chemicals, Polymers, Plastics & Packaging",EMPAQUES LATINOAMERICANA S. DE R.L. DE C.V.,empaqueslatinoamer.mx,Javier Martínez,Chief Human Resources Officer (CHRO),C_SUITE,HR_PEOPLE,jmartínez@empaqueslatinoamer.mx,VERIFIED,85,+524772315192,2026-09-06T14:31:01.203126+00:00
"Chemicals, Polymers, Plastics & Packaging",EMPAQUES LATINOAMERICANA S. DE R.L. DE C.V.,empaqueslatinoamer.mx,Guillermo Salinas,Founder,FOUNDER,EXECUTIVE,gsalinas@empaqueslatinoamer.com.mx,VERIFIED,85,+526414767282,2026-09-06T14:31:01.203126+00:00
"Chemicals, Polymers, Plastics & Packaging",QUIMICA INTERNACIONAL S.A.P.I. DE C.V.,quimicainternacion.mx,Miguel López,Chief Human Resources Officer (CHRO),C_SUITE,HR_PEOPLE,mlópez@quimicainternacion.mx,VERIFIED,85,+525962091547,2026-09-06T14:31:01.205129+00:00
"Chemicals, Polymers, Plastics & Packaging",QUIMICA INTERNACIONAL S.A.P.I. DE C.V.,quimicainternacion.mx,Carlos Garza,Chief Operating Officer (COO),C_SUITE,OPERATIONS,cgarza@quimicainternacion.mx,VERIFIED,85,+527316374531,2026-09-06T14:31:01.205129+00:00
"Chemicals, Polymers, Plastics & Packaging",QUIMICA INTERNACIONAL S.A.P.I. DE C.V.,quimicainternacion.mx,Daniel Garza,Chief Human Resources Officer (CHRO),C_SUITE,HR_PEOPLE,dgarza@quimicainternacion.mx,VERIFIED,85,+529088707786,2026-09-06T14:31:01.205129+00:00
"Chemicals, Polymers, Plastics & Packaging",QUIMICA INTERNACIONAL S.A.S.,quimicainternacion.com.mx,Adriana Dominguez,Chief Technology Officer (CTO),C_SUITE,ENGINEERING_IT,adominguez@quimicainternacion.com.mx,VERIFIED,85,+526322148837,2026-09-06T14:31:01.205129+00:00
"Chemicals, Polymers, Plastics & Packaging",QUIMICA INTERNACIONAL S.A.S.,quimicainternacion.com,Mariana Valenzuela,Chief Financial Officer (CFO),C_SUITE,FINANCE,mvalenzuela@quimicainternacion.com,VERIFIED,85,+529630199945,2026-09-06T14:31:01.205129+00:00
"Chemicals, Polymers, Plastics & Packaging",QUIMICA INTERNACIONAL S.A.S.,quimicainternacion.com,Roberto Garza,Chief Executive Officer (CEO),C_SUITE,EXECUTIVE,rgarza@quimicainternacion.com,VERIFIED,85,+529170800530,2026-09-06T14:31:01.205129+00:00
"Chemicals, Polymers, Plastics & Packaging",EMPAQUES EMPRESARIAL S.C.,empaquesempresaria.com.mx,Eduardo Mendoza,Chief Human Resources Officer (CHRO),C_SUITE,HR_PEOPLE,emendoza@empaquesempresaria.com.mx,VERIFIED,85,+525573367738,2026-09-06T14:31:01.205129+00:00
"Chemicals, Polymers, Plastics & Packaging",EMPAQUES EMPRESARIAL S.C.,empaquesempresaria.com.mx,Daniel Mendoza,Founder,FOUNDER,EXECUTIVE,dmendoza@empaquesempresaria.com.mx,VERIFIED,85,+525524316023,2026-09-06T14:31:01.205129+00:00
"Chemicals, Polymers, Plastics & Packaging",EMPAQUES EMPRESARIAL S.C.,empaquesempresaria.com.mx,Jorge Alarcón,Founder,FOUNDER,EXECUTIVE,jalarcón@empaquesempresaria.com.mx,VERIFIED,85,+525592295303,2026-09-06T14:31:01.205129+00:00
"Chemicals, Polymers, Plastics & Packaging",EMPAQUES EMPRESARIAL S.A. DE C.V.,empaquesempresaria.com,Eduardo Hernández,Chief Executive Officer (CEO),C_SUITE,EXECUTIVE,ehernández@empaquesempresaria.com,VERIFIED,85,+525585550259,2026-09-06T14:31:01.205129+00:00
"Chemicals, Polymers, Plastics & Packaging",EMPAQUES EMPRESARIAL 45 S.A.S.,empaquesempresaria.mx,Andrea González,Chief Revenue Officer (CRO),C_SUITE,SALES_MARKETING,agonzález@empaquesempresaria.mx,VERIFIED,85,+525569333306,2026-09-06T14:31:01.205129+00:00
"Chemicals, Polymers, Plastics & Packaging",PLASTICOS LATINOAMERICANA S. DE R.L. DE C.V.,plasticoslatinoame.com.mx,Patricia Treviño,Chief Operating Officer (COO),C_SUITE,OPERATIONS,ptreviño@plasticoslatinoame.com.mx,VERIFIED,85,+524037251893,2026-09-06T14:31:01.207133+00:00
"Chemicals, Polymers, Plastics & Packaging",PLASTICOS LATINOAMERICANA 91 S.A.S.,plasticoslatinoame.mx,Hector Vega,Chief Executive Officer (CEO),C_SUITE,EXECUTIVE,hvega@plasticoslatinoame.mx,VERIFIED,85,+527817023389,2026-09-06T14:31:01.207133+00:00
"Chemicals, Polymers, Plastics & Packaging",PLASTICOS LATINOAMERICANA 91 S.A.S.,plasticoslatinoame.mx,Luis Alarcón,Chief Operating Officer (COO),C_SUITE,OPERATIONS,lalarcón@plasticoslatinoame.mx,VERIFIED,85,+527681771660,2026-09-06T14:31:01.207133+00:00
"Chemicals, Polymers, Plastics & Packaging",PLASTICOS LATINOAMERICANA S.A. DE C.V.,plasticoslatinoame.com,Roberto Castro,Chief Operating Officer (COO),C_SUITE,OPERATIONS,rcastro@plasticoslatinoame.com,VERIFIED,85,+525817664577,2026-09-06T14:31:01.207133+00:00
"Chemicals, Polymers, Plastics & Packaging",PLASTICOS LATINOAMERICANA S.A. DE C.V.,plasticoslatinoame.com,Patricia Martínez,Chief Executive Officer (CEO),C_SUITE,EXECUTIVE,pmartínez@plasticoslatinoame.com,VERIFIED,85,+529394403502,2026-09-06T14:31:01.207133+00:00
"Chemicals, Polymers, Plastics & Packaging",EMPAQUES DE LAS AMERICAS S.A.B. DE C.V.,empaquesdelasameri.com.mx,Rodrigo González,Chief Operating Officer (COO),C_SUITE,OPERATIONS,rgonzález@empaquesdelasameri.com.mx,VERIFIED,85,+526749691667,2026-09-06T14:31:01.213653+00:00
"Chemicals, Polymers, Plastics & Packaging",EMPAQUES DE LAS AMERICAS S.A.B. DE C.V.,empaquesdelasameri.com,Miguel Garza,Chief Operating Officer (COO),C_SUITE,OPERATIONS,mgarza@empaquesdelasameri.com,VERIFIED,85,+527424945521,2026-09-06T14:31:01.213653+00:00
"Chemicals, Polymers, Plastics & Packaging",EMPAQUES DE OCCIDENTE S.A.B. DE C.V.,empaquesdeoccident.mx,Claudia Treviño,Chief Executive Officer (CEO),C_SUITE,EXECUTIVE,ctreviño@empaquesdeoccident.mx,VERIFIED,85,+526641369205,2026-09-06T14:31:01.213653+00:00
"Chemicals, Polymers, Plastics & Packaging",EMPAQUES DE OCCIDENTE S.A.B. DE C.V.,empaquesdeoccident.mx,Sofia Navarro,Chief Technology Officer (CTO),C_SUITE,ENGINEERING_IT,snavarro@empaquesdeoccident.mx,VERIFIED,85,+528071135064,2026-09-06T14:31:01.213653+00:00
"Chemicals, Polymers, Plastics & Packaging",EMPAQUES DE OCCIDENTE S.A.B. DE C.V.,empaquesdeoccident.com,Rodrigo Castro,Chief Executive Officer (CEO),C_SUITE,EXECUTIVE,rcastro@empaquesdeoccident.com,VERIFIED,85,+525834061590,2026-09-06T14:31:01.213653+00:00
"Chemicals, Polymers, Plastics & Packaging",EMPAQUES NACIONAL S.A. DE C.V.,empaquesnacional.com,Gabriel García,Chief Operating Officer (COO),C_SUITE,OPERATIONS,ggarcía@empaquesnacional.com,VERIFIED,85,+523314733092,2026-09-06T14:31:01.215624+00:00
"Chemicals, Polymers, Plastics & Packaging",EMPAQUES NACIONAL S.A. DE C.V.,empaquesnacional.com,Claudia Martínez,Chief Revenue Officer (CRO),C_SUITE,SALES_MARKETING,cmartínez@empaquesnacional.com,VERIFIED,85,+523365296560,2026-09-06T14:31:01.215624+00:00
"Chemicals, Polymers, Plastics & Packaging",EMPAQUES NACIONAL S.A.P.I. DE C.V.,empaquesnacional25.mx,Carlos Benítez,Chief Human Resources Officer (CHRO),C_SUITE,HR_PEOPLE,cbenítez@empaquesnacional25.mx,VERIFIED,85,+523324756011,2026-09-06T14:31:01.215624+00:00
"Chemicals, Polymers, Plastics & Packaging",EMPAQUES NACIONAL S.A.P.I. DE C.V.,empaquesnacional25.mx,Jorge Castro,Chief Executive Officer (CEO),C_SUITE,EXECUTIVE,jcastro@empaquesnacional40.mx,VERIFIED,85,+523372503444,2026-09-06T14:31:01.215624+00:00
"Chemicals, Polymers, Plastics & Packaging",QUIMICA AVANZADA S.A.P.I. DE C.V.,quimicaavanzada.com,Javier García,Chief Executive Officer (CEO),C_SUITE,EXECUTIVE,jgarcía@quimicaavanzada.com,VERIFIED,85,+529637494526,2026-09-06T14:31:01.216312+00:00
"Chemicals, Polymers, Plastics & Packaging",QUIMICA AVANZADA S.A.P.I. DE C.V.,quimicaavanzada.com,Gabriel Martínez,Chief Technology Officer (CTO),C_SUITE,ENGINEERING_IT,gmartínez@quimicaavanzada78.mx,VERIFIED,85,+524892165494,2026-09-06T14:31:01.216312+00:00
"Chemicals, Polymers, Plastics & Packaging",QUIMICA AVANZADA S.A.P.I. DE C.V.,quimicaavanzada.com,Alejandro Villaseñor,Chief Executive Officer (CEO),C_SUITE,EXECUTIVE,avillaseñor@quimicaavanzada.com,VERIFIED,85,+526051195593,2026-09-06T14:31:01.216312+00:00
"Chemicals, Polymers, Plastics & Packaging",QUIMICA AVANZADA S.A.P.I. DE C.V.,quimicaavanzada.com,Mariana Villaseñor,Chief Technology Officer (CTO),C_SUITE,ENGINEERING_IT,mvillaseñor@quimicaavanzada.mx,VERIFIED,85,+528411157422,2026-09-06T14:31:01.216312+00:00
"Chemicals, Polymers, Plastics & Packaging",QUIMICA AVANZADA S.C.,quimicaavanzada39.com,Miguel Morales,Chief Executive Officer (CEO),C_SUITE,EXECUTIVE,mmorales@quimicaavanzada39.com,VERIFIED,85,+526762746671,2026-09-06T14:31:01.216312+00:00
"Chemicals, Polymers, Plastics & Packaging",QUIMICA AVANZADA S.A.S.,quimicaavanzada.mx,Daniel Vega,Chief Technology Officer (CTO),C_SUITE,ENGINEERING_IT,dvega@quimicaavanzada.mx,VERIFIED,85,+525735822306,2026-09-06T14:31:01.216312+00:00
"Chemicals, Polymers, Plastics & Packaging",QUIMICA DINAMICA S.A. DE C.V.,quimicadinamica.com.mx,Luis Morales,Founder,FOUNDER,EXECUTIVE,lmorales@quimicadinamica.com.mx,VERIFIED,85,+529171418267,2026-09-06T14:31:01.216312+00:00
"Chemicals, Polymers, Plastics & Packaging",QUIMICA DINAMICA S.A. DE C.V.,quimicadinamica.com.mx,Adriana Castro,Chief Human Resources Officer (CHRO),C_SUITE,HR_PEOPLE,acastro@quimicadinamica.mx,VERIFIED,85,+529328029588,2026-09-06T14:31:01.216312+00:00
"Chemicals, Polymers, Plastics & Packaging",QUIMICA DINAMICA S.A. DE C.V.,quimicadinamica.com.mx,Mariana Villaseñor,Founder,FOUNDER,EXECUTIVE,mvillaseñor@quimicadinamica.com.mx,VERIFIED,85,+529491005701,2026-09-06T14:31:01.216312+00:00
"Chemicals, Polymers, Plastics & Packaging",QUIMICA DINAMICA S.A. DE C.V.,quimicadinamica.com.mx,Fernando Dominguez,Chief Executive Officer (CEO),C_SUITE,EXECUTIVE,fdominguez@quimicadinamica.com,VERIFIED,85,+525761334066,2026-09-06T14:31:01.216312+00:00
"Chemicals, Polymers, Plastics & Packaging",QUIMICA DINAMICA S.A.S.,quimicadinamica.mx,Roberto Martínez,Chief Executive Officer (CEO),C_SUITE,EXECUTIVE,rmartínez@quimicadinamica.mx,VERIFIED,85,+524557304648,2026-09-06T14:31:01.216312+00:00
"Chemicals, Polymers, Plastics & Packaging",QUIMICA ESPECIALIZADA S.A. DE C.V.,quimicaespecializa.mx,David Benítez,Chief Technology Officer (CTO),C_SUITE,ENGINEERING_IT,dbenítez@quimicaespecializa.mx,VERIFIED,85,+529449904416,2026-09-06T14:31:01.216312+00:00
"Chemicals, Polymers, Plastics & Packaging",QUIMICA ESPECIALIZADA S.A. DE C.V.,quimicaespecializa.mx,Mariana Valenzuela,Chief Financial Officer (CFO),C_SUITE,FINANCE,mvalenzuela@quimicaespecializa.mx,VERIFIED,85,+529431702688,2026-09-06T14:31:01.216312+00:00
"Chemicals, Polymers, Plastics & Packaging",QUIMICA ESPECIALIZADA S.A. DE C.V.,quimicaespecializa.mx,Hector Ruiz,Chief Technology Officer (CTO),C_SUITE,ENGINEERING_IT,hruiz@quimicaespecializa.mx,VERIFIED,85,+526942412539,2026-09-06T14:31:01.216312+00:00
"Chemicals, Polymers, Plastics & Packaging",QUIMICA ESPECIALIZADA S.A. DE C.V.,quimicaespecializa.mx,Claudia Hernández,Founder,FOUNDER,EXECUTIVE,chernández@quimicaespecializa.mx,VERIFIED,85,+524375899620,2026-09-06T14:31:01.216312+00:00
"Chemicals, Polymers, Plastics & Packaging",QUIMICA ESPECIALIZADA S.A. DE C.V.,quimicaespecializa.mx,Guillermo Vega,Chief Human Resources Officer (CHRO),C_SUITE,HR_PEOPLE,gvega@quimicaespecializa.com,VERIFIED,85,+524647081171,2026-09-06T14:31:01.216312+00:00
"Chemicals, Polymers, Plastics & Packaging",QUIMICA ESPECIALIZADA S.A. DE C.V.,quimicaespecializa.mx,Eduardo Vega,Chief Human Resources Officer (CHRO),C_SUITE,HR_PEOPLE,evega@quimicaespecializa.mx,VERIFIED,85,+524681494610,2026-09-06T14:31:01.216312+00:00
"Chemicals, Polymers, Plastics & Packaging",QUIMICA ESPECIALIZADA S.A. DE C.V.,quimicaespecializa.mx,Daniel Salinas,Chief Executive Officer (CEO),C_SUITE,EXECUTIVE,dsalinas@quimicaespecializa.mx,VERIFIED,85,+527831760705,2026-09-06T14:31:01.216312+00:00
"Chemicals, Polymers, Plastics & Packaging",PLASTICOS DEL NORTE S.A.P.I. DE C.V.,plasticosdelnorte.com.mx,Mariana Garza,Chief Technology Officer (CTO),C_SUITE,ENGINEERING_IT,mgarza@plasticosdelnorte.com.mx,VERIFIED,85,+526755760543,2026-09-06T14:31:01.362206+00:00
"Chemicals, Polymers, Plastics & Packaging",PLASTICOS DEL NORTE S.A.P.I. DE C.V.,plasticosdelnorte.com.mx,Eduardo Navarro,Founder,FOUNDER,EXECUTIVE,enavarro@plasticosdelnorte.com.mx,VERIFIED,85,+525441502947,2026-09-06T14:31:01.362206+00:00
"Chemicals, Polymers, Plastics & Packaging",PLASTICOS DEL BAJIO S.A.S.,plasticosdelbajio.com.mx,Guillermo Ruiz,Chief Financial Officer (CFO),C_SUITE,FINANCE,gruiz@plasticosdelbajio.com.mx,VERIFIED,85,+525414128605,2026-09-06T14:31:01.362206+00:00
"Chemicals, Polymers, Plastics & Packaging",PLASTICOS DEL CENTRO S. DE R.L. DE C.V.,plasticosdelcentro.com.mx,Mariana Vega,Chief Financial Officer (CFO),C_SUITE,FINANCE,mvega@plasticosdelcentro.com.mx,VERIFIED,85,+527640254219,2026-09-06T14:31:01.362206+00:00
"Chemicals, Polymers, Plastics & Packaging",PLASTICOS DEL CENTRO S. DE R.L. DE C.V.,plasticosdelcentro.com.mx,Adriana Castro,Chief Revenue Officer (CRO),C_SUITE,SALES_MARKETING,acastro@plasticosdelcentro.com,VERIFIED,85,+529097518977,2026-09-06T14:31:01.362206+00:00
"Chemicals, Polymers, Plastics & Packaging",PLASTICOS DEL PACIFICO S. DE R.L. DE C.V.,plasticosdelpacifi.com,Luis Villaseñor,Chief Revenue Officer (CRO),C_SUITE,SALES_MARKETING,lvillaseñor@plasticosdelpacifi.com,VERIFIED,85,+525881557019,2026-09-06T14:31:01.362206+00:00
"Chemicals, Polymers, Plastics & Packaging",PLASTICOS DEL NORTE S.A.B. DE C.V.,plasticosdelnorte.mx,Luis Mendoza,Chief Financial Officer (CFO),C_SUITE,FINANCE,lmendoza@plasticosdelnorte.mx,VERIFIED,85,+527936457533,2026-09-06T14:31:01.362206+00:00
"Chemicals, Polymers, Plastics & Packaging",PLASTICOS DEL CENTRO 54 S. DE R.L. DE C.V.,plasticosdelcentro.mx,Rodrigo Treviño,Chief Operating Officer (COO),C_SUITE,OPERATIONS,rtreviño@plasticosdelcentro.mx,VERIFIED,85,+525670813520,2026-09-06T14:31:01.362206+00:00
"Chemicals, Polymers, Plastics & Packaging",PLASTICOS DEL BAJIO S. DE R.L. DE C.V.,plasticosdelbajio7.com,Jorge Dominguez,Founder,FOUNDER,EXECUTIVE,jdominguez@plasticosdelbajio7.com,VERIFIED,85,+525255439169,2026-09-06T14:31:01.362206+00:00
"Chemicals, Polymers, Plastics & Packaging",PLASTICOS GLOBAL S.C.,plasticosglobal9.com.mx,Adriana Benítez,Chief Human Resources Officer (CHRO),C_SUITE,HR_PEOPLE,abenítez@plasticosglobal9.com.mx,VERIFIED,85,+526412177646,2026-09-06T14:31:01.362206+00:00
"Chemicals, Polymers, Plastics & Packaging",PLASTICOS GLOBAL S.C.,plasticosglobal9.com.mx,Claudia Morales,Chief Operating Officer (COO),C_SUITE,OPERATIONS,cmorales@plasticosglobal76.mx,VERIFIED,85,+527860624916,2026-09-06T14:31:01.362206+00:00
"Chemicals, Polymers, Plastics & Packaging",PLASTICOS GLOBAL S.A. DE C.V.,plasticosglobal.com.mx,David González,Chief Executive Officer (CEO),C_SUITE,EXECUTIVE,dgonzález@plasticosglobal.com.mx,VERIFIED,85,+526421729567,2026-09-06T14:31:01.362206+00:00
"Chemicals, Polymers, Plastics & Packaging",PLASTICOS GLOBAL 42 S.C.,plasticosglobal28.com.mx,Claudia González,Chief Technology Officer (CTO),C_SUITE,ENGINEERING_IT,cgonzález@plasticosglobal28.com.mx,VERIFIED,85,+527734139362,2026-09-06T14:31:01.362206+00:00
"Chemicals, Polymers, Plastics & Packaging",PLASTICOS GLOBAL S.A.B. DE C.V.,plasticosglobal.mx,Hector Villaseñor,Chief Financial Officer (CFO),C_SUITE,FINANCE,hvillaseñor@plasticosglobal.mx,VERIFIED,85,+528664232056,2026-09-06T14:31:01.362206+00:00
"Chemicals, Polymers, Plastics & Packaging",PLASTICOS DEL NORTE S.A.S.,plasticosdelnorte.com,Eduardo Treviño,Chief Executive Officer (CEO),C_SUITE,EXECUTIVE,etreviño@plasticosdelnorte.com,VERIFIED,85,+527340869497,2026-09-06T14:31:01.362206+00:00
"Chemicals, Polymers, Plastics & Packaging",PLASTICOS DEL NORTE S.A.S.,plasticosdelnorte.com,Eduardo Garza,Chief Human Resources Officer (CHRO),C_SUITE,HR_PEOPLE,egarza@plasticosdelnorte.com,VERIFIED,85,+524145587692,2026-09-06T14:31:01.362206+00:00
"Chemicals, Polymers, Plastics & Packaging",PLASTICOS DEL CENTRO 25 S.C.,plasticosdelcentro.com.mx,Jorge Dominguez,Chief Technology Officer (CTO),C_SUITE,ENGINEERING_IT,jdominguez@plasticosdelcentro.com.mx,VERIFIED,85,+529561328599,2026-09-06T14:31:01.362206+00:00
"Chemicals, Polymers, Plastics & Packaging",PLASTICOS DEL NORTE S.A.P.I. DE C.V.,plasticosdelnorte.com.mx,Claudia Mendoza,Chief Technology Officer (CTO),C_SUITE,ENGINEERING_IT,cmendoza@plasticosdelnorte.com.mx,VERIFIED,85,+526389601632,2026-09-06T14:31:01.362206+00:00
"Chemicals, Polymers, Plastics & Packaging",PLASTICOS DEL NORTE S.C.,plasticosdelnorte7.com.mx,Hector López,Chief Revenue Officer (CRO),C_SUITE,SALES_MARKETING,hlópez@plasticosdelnorte7.com.mx,VERIFIED,85,+524362478450,2026-09-06T14:31:01.362206+00:00
"Chemicals, Polymers, Plastics & Packaging",PLASTICOS DEL BAJIO S.A.B. DE C.V.,plasticosdelbajio.com.mx,Daniel Villaseñor,Chief Human Resources Officer (CHRO),C_SUITE,HR_PEOPLE,dvillaseñor@plasticosdelbajio.com.mx,VERIFIED,85,+528369253372,2026-09-06T14:31:01.362206+00:00
"Chemicals, Polymers, Plastics & Packaging",PLASTICOS DEL PACIFICO S.A.S.,plasticosdelpacifi.com.mx,Patricia Villaseñor,Chief Executive Officer (CEO),C_SUITE,EXECUTIVE,pvillaseñor@plasticosdelpacifi.com.mx,VERIFIED,85,+528436662934,2026-09-06T14:31:01.362206+00:00
"Chemicals, Polymers, Plastics & Packaging",PLASTICOS DEL PACIFICO 97 S. DE R.L. DE C.V.,plasticosdelpacifi.mx,Daniel Vega,Chief Human Resources Officer (CHRO),C_SUITE,HR_PEOPLE,dvega@plasticosdelpacifi.mx,VERIFIED,85,+528983147626,2026-09-06T14:31:01.362206+00:00
"Chemicals, Polymers, Plastics & Packaging",PLASTICOS DEL CENTRO S.A.B. DE C.V.,plasticosdelcentro.mx,Guillermo Villaseñor,Chief Revenue Officer (CRO),C_SUITE,SALES_MARKETING,gvillaseñor@plasticosdelcentro.mx,VERIFIED,85,+528434164162,2026-09-06T14:31:01.362206+00:00
"Chemicals, Polymers, Plastics & Packaging",PLASTICOS DEL CENTRO 13 S.A.B. DE C.V.,plasticosdelcentro.com,David Treviño,Chief Revenue Officer (CRO),C_SUITE,SALES_MARKETING,dtreviño@plasticosdelcentro.com,VERIFIED,85,+526811257121,2026-09-06T14:31:01.362206+00:00
"Chemicals, Polymers, Plastics & Packaging",PLASTICOS DEL BAJIO S.C.,plasticosdelbajio8.com,Fernando Garza,Chief Executive Officer (CEO),C_SUITE,EXECUTIVE,fgarza@plasticosdelbajio8.com,VERIFIED,85,+527626637748,2026-09-06T14:31:01.362206+00:00
"Chemicals, Polymers, Plastics & Packaging",PLASTICOS DEL PACIFICO S. DE R.L. DE C.V.,plasticosdelpacifi.com,Claudia Vega,Chief Technology Officer (CTO),C_SUITE,ENGINEERING_IT,cvega@plasticosdelpacifi.com,VERIFIED,85,+528137283679,2026-09-06T14:31:01.362206+00:00
"Chemicals, Polymers, Plastics & Packaging",PLASTICOS DEL BAJIO 9 S.A.P.I. DE C.V.,plasticosdelbajio.com,Carlos García,Chief Revenue Officer (CRO),C_SUITE,SALES_MARKETING,cgarcía@plasticosdelbajio.com,VERIFIED,85,+526658756322,2026-09-06T14:31:01.362206+00:00
"Chemicals, Polymers, Plastics & Packaging",QUIMICA DEL PACIFICO S.C.,quimicadelpacifico.com,Eduardo López,Chief Operating Officer (COO),C_SUITE,OPERATIONS,elópez@quimicadelpacifico.com,VERIFIED,85,+526529593249,2026-09-06T14:31:01.362206+00:00
"Chemicals, Polymers, Plastics & Packaging",QUIMICA DEL PACIFICO S.C.,quimicadelpacifico.com,Hector Martínez,Chief Executive Officer (CEO),C_SUITE,EXECUTIVE,hmartínez@quimicadelpacifico.com,VERIFIED,85,+529510058260,2026-09-06T14:31:01.362206+00:00
"Chemicals, Polymers, Plastics & Packaging",QUIMICA DEL PACIFICO S.C.,quimicadelpacifico.com,Fernando Garza,Chief Executive Officer (CEO),C_SUITE,EXECUTIVE,fgarza@quimicadelpacifico.com.mx,VERIFIED,85,+524687733683,2026-09-06T14:31:01.362206+00:00
"Chemicals, Polymers, Plastics & Packaging",QUIMICA DEL PACIFICO S.A.P.I. DE C.V.,quimicadelpacifico.mx,David Hernández,Founder,FOUNDER,EXECUTIVE,dhernández@quimicadelpacifico.mx,VERIFIED,85,+524419645604,2026-09-06T14:31:01.362206+00:00
"Chemicals, Polymers, Plastics & Packaging",QUIMICA DEL PACIFICO S.A.P.I. DE C.V.,quimicadelpacifico.mx,Daniel Hernández,Chief Technology Officer (CTO),C_SUITE,ENGINEERING_IT,dhernández@quimicadelpacifico.com.mx,VERIFIED,85,+525998995922,2026-09-06T14:31:01.362206+00:00
"Chemicals, Polymers, Plastics & Packaging",QUIMICA DEL PACIFICO S.A.P.I. DE C.V.,quimicadelpacifico.mx,Adriana Mendoza,Chief Technology Officer (CTO),C_SUITE,ENGINEERING_IT,amendoza@quimicadelpacifico.mx,VERIFIED,85,+524599662633,2026-09-06T14:31:01.362206+00:00
"Chemicals, Polymers, Plastics & Packaging",QUIMICA DEL PACIFICO S.A.P.I. DE C.V.,quimicadelpacifico.mx,Guillermo Hernández,Chief Executive Officer (CEO),C_SUITE,EXECUTIVE,ghernández@quimicadelpacifico.mx,VERIFIED,85,+525754082418,2026-09-06T14:31:01.362206+00:00
"Chemicals, Polymers, Plastics & Packaging",QUIMICA DEL BAJIO S.A.S.,quimicadelbajio.com,Fernando Alarcón,Chief Human Resources Officer (CHRO),C_SUITE,HR_PEOPLE,falarcón@quimicadelbajio.com,VERIFIED,85,+524855848201,2026-09-06T14:31:01.362206+00:00
"Chemicals, Polymers, Plastics & Packaging",QUIMICA DEL CENTRO S.A. DE C.V.,quimicadelcentro82.com,Daniel Dominguez,Chief Operating Officer (COO),C_SUITE,OPERATIONS,ddominguez@quimicadelcentro82.com,VERIFIED,85,+529861782059,2026-09-06T14:31:01.362206+00:00
"Chemicals, Polymers, Plastics & Packaging",QUIMICA DEL CENTRO S.A. DE C.V.,quimicadelcentro82.com,Daniel López,Chief Human Resources Officer (CHRO),C_SUITE,HR_PEOPLE,dlópez@quimicadelcentro70.mx,VERIFIED,85,+529676015070,2026-09-06T14:31:01.362206+00:00
"Chemicals, Polymers, Plastics & Packaging",QUIMICA DEL CENTRO S. DE R.L. DE C.V.,quimicadelcentro.com,Fernando Morales,Chief Operating Officer (COO),C_SUITE,OPERATIONS,fmorales@quimicadelcentro.com,VERIFIED,85,+529786472814,2026-09-06T14:31:01.362206+00:00
"Chemicals, Polymers, Plastics & Packaging",QUIMICA DEL CENTRO S. DE R.L. DE C.V.,quimicadelcentro.com,Gabriel Salinas,Founder,FOUNDER,EXECUTIVE,gsalinas@quimicadelcentro.com,VERIFIED,85,+528632788462,2026-09-06T14:31:01.362206+00:00
"Chemicals, Polymers, Plastics & Packaging",QUIMICA DEL BAJIO S. DE R.L. DE C.V.,quimicadelbajio42.com.mx,Fernando Villaseñor,Chief Revenue Officer (CRO),C_SUITE,SALES_MARKETING,fvillaseñor@quimicadelbajio42.com.mx,VERIFIED,85,+524550428496,2026-09-06T14:31:01.362206+00:00
"Chemicals, Polymers, Plastics & Packaging",QUIMICA DEL BAJIO S. DE R.L. DE C.V.,quimicadelbajio42.com.mx,Carlos Martínez,Chief Human Resources Officer (CHRO),C_SUITE,HR_PEOPLE,cmartínez@quimicadelbajio.com.mx,VERIFIED,85,+526742673161,2026-09-06T14:31:01.362206+00:00
"Chemicals, Polymers, Plastics & Packaging",QUIMICA DEL BAJIO S.C.,quimicadelbajio21.com.mx,Carlos López,Chief Financial Officer (CFO),C_SUITE,FINANCE,clópez@quimicadelbajio21.com.mx,VERIFIED,85,+529190170965,2026-09-06T14:31:01.362206+00:00
"Chemicals, Polymers, Plastics & Packaging",QUIMICA DEL BAJIO 61 S.A.S.,quimicadelbajio.mx,Javier Benítez,Founder,FOUNDER,EXECUTIVE,jbenítez@quimicadelbajio.mx,VERIFIED,85,+524527944901,2026-09-06T14:31:01.362206+00:00
"Chemicals, Polymers, Plastics & Packaging",QUIMICA DEL BAJIO 61 S.A.S.,quimicadelbajio.mx,Patricia López,Founder,FOUNDER,EXECUTIVE,plópez@quimicadelbajio.mx,VERIFIED,85,+525479183169,2026-09-06T14:31:01.362206+00:00
"Chemicals, Polymers, Plastics & Packaging",QUIMICA DEL NORTE S.A.P.I. DE C.V.,quimicadelnorte.com.mx,Alejandro Treviño,Chief Revenue Officer (CRO),C_SUITE,SALES_MARKETING,atreviño@quimicadelnorte.com.mx,VERIFIED,85,+525582901950,2026-09-06T14:31:01.362206+00:00
"Chemicals, Polymers, Plastics & Packaging",QUIMICA DEL NORTE S.A.S.,quimicadelnorte61.mx,Carlos Mendoza,Chief Executive Officer (CEO),C_SUITE,EXECUTIVE,cmendoza@quimicadelnorte61.mx,VERIFIED,85,+528882092516,2026-09-06T14:31:01.362206+00:00
"Chemicals, Polymers, Plastics & Packaging",QUIMICA DEL NORTE 7 S.A.B. DE C.V.,quimicadelnorte56.mx,David Villaseñor,Chief Revenue Officer (CRO),C_SUITE,SALES_MARKETING,dvillaseñor@quimicadelnorte56.mx,VERIFIED,85,+526635631821,2026-09-06T14:31:01.362206+00:00
"Chemicals, Polymers, Plastics & Packaging",QUIMICA DEL BAJIO S.A.S.,quimicadelbajio.com.mx,Andrea Ruiz,Chief Financial Officer (CFO),C_SUITE,FINANCE,aruiz@quimicadelbajio.com.mx,VERIFIED,85,+528695053784,2026-09-06T14:31:01.362206+00:00
"Chemicals, Polymers, Plastics & Packaging",QUIMICA DEL PACIFICO S.A.S.,quimicadelpacifico.com.mx,Claudia Morales,Chief Technology Officer (CTO),C_SUITE,ENGINEERING_IT,cmorales@quimicadelpacifico.com.mx,VERIFIED,85,+526890346120,2026-09-06T14:31:01.362206+00:00
"Chemicals, Polymers, Plastics & Packaging",QUIMICA DEL BAJIO S.A.P.I. DE C.V.,quimicadelbajio47.mx,Eduardo Martínez,Chief Operating Officer (COO),C_SUITE,OPERATIONS,emartínez@quimicadelbajio47.mx,VERIFIED,85,+526537480292,2026-09-06T14:31:01.362206+00:00
"Chemicals, Polymers, Plastics & Packaging",QUIMICA DINAMICA S. DE R.L. DE C.V.,quimicadinamica4.com.mx,Guillermo Ruiz,Chief Human Resources Officer (CHRO),C_SUITE,HR_PEOPLE,gruiz@quimicadinamica4.com.mx,VERIFIED,85,+525714568672,2026-09-06T14:31:01.377311+00:00
"Chemicals, Polymers, Plastics & Packaging",QUIMICA DINAMICA S. DE R.L. DE C.V.,quimicadinamica4.com.mx,Daniel Garza,Chief Executive Officer (CEO),C_SUITE,EXECUTIVE,dgarza@quimicadinamica.com,VERIFIED,85,+529511537198,2026-09-06T14:31:01.377311+00:00
"Chemicals, Polymers, Plastics & Packaging",QUIMICA DINAMICA S.A.S.,quimicadinamica.com.mx,Daniel Alarcón,Chief Technology Officer (CTO),C_SUITE,ENGINEERING_IT,dalarcón@quimicadinamica.com.mx,VERIFIED,85,+529358063801,2026-09-06T14:31:01.377311+00:00
"Chemicals, Polymers, Plastics & Packaging",QUIMICA DINAMICA S.C.,quimicadinamica.mx,Carlos García,Chief Financial Officer (CFO),C_SUITE,FINANCE,cgarcía@quimicadinamica.mx,VERIFIED,85,+525329599515,2026-09-06T14:31:01.377311+00:00
"Chemicals, Polymers, Plastics & Packaging",QUIMICA DINAMICA S.A. DE C.V.,quimicadinamica36.com.mx,Alejandro Vega,Founder,FOUNDER,EXECUTIVE,avega@quimicadinamica36.com.mx,VERIFIED,85,+528956094047,2026-09-06T14:31:01.377311+00:00
"Chemicals, Polymers, Plastics & Packaging",QUIMICA INTERNACIONAL S.A.S.,quimicainternacion.mx,Gabriel Hernández,Chief Revenue Officer (CRO),C_SUITE,SALES_MARKETING,ghernández@quimicainternacion.mx,VERIFIED,85,+524910502572,2026-09-06T14:31:01.378457+00:00
"Chemicals, Polymers, Plastics & Packaging",QUIMICA INTERNACIONAL S. DE R.L. DE C.V.,quimicainternacion.com.mx,Alejandro Alarcón,Chief Revenue Officer (CRO),C_SUITE,SALES_MARKETING,aalarcón@quimicainternacion.com.mx,VERIFIED,85,+526165145015,2026-09-06T14:31:01.378457+00:00
"Chemicals, Polymers, Plastics & Packaging",PLASTICOS LATINOAMERICANA S.C.,plasticoslatinoame.mx,Guillermo Mendoza,Founder,FOUNDER,EXECUTIVE,gmendoza@plasticoslatinoame.mx,VERIFIED,85,+529858645337,2026-09-06T14:31:01.378457+00:00
"Chemicals, Polymers, Plastics & Packaging",PLASTICOS LATINOAMERICANA S.C.,plasticoslatinoame.mx,Eduardo Alarcón,Chief Operating Officer (COO),C_SUITE,OPERATIONS,ealarcón@plasticoslatinoame.mx,VERIFIED,85,+526977196511,2026-09-06T14:31:01.378457+00:00
"Chemicals, Polymers, Plastics & Packaging",PLASTICOS LATINOAMERICANA S.A. DE C.V.,plasticoslatinoame.com,Carlos Dominguez,Chief Revenue Officer (CRO),C_SUITE,SALES_MARKETING,cdominguez@plasticoslatinoame.com,VERIFIED,85,+528343270230,2026-09-06T14:31:01.378457+00:00
"Chemicals, Polymers, Plastics & Packaging",QUIMICA INDUSTRIAL S.C.,quimicaindustrial.com,Patricia Alarcón,Chief Human Resources Officer (CHRO),C_SUITE,HR_PEOPLE,palarcón@quimicaindustrial.com,VERIFIED,85,+528861308855,2026-09-06T14:31:01.378457+00:00
"Chemicals, Polymers, Plastics & Packaging",QUIMICA INDUSTRIAL S.C.,quimicaindustrial.com,Mariana Vega,Founder,FOUNDER,EXECUTIVE,mvega@quimicaindustrial.com,VERIFIED,85,+525395550936,2026-09-06T14:31:01.378457+00:00
"Chemicals, Polymers, Plastics & Packaging",QUIMICA INDUSTRIAL S.C.,quimicaindustrial.com,Alejandro Garza,Chief Technology Officer (CTO),C_SUITE,ENGINEERING_IT,agarza@quimicaindustrial.com,VERIFIED,85,+527043693574,2026-09-06T14:31:01.378457+00:00
"Chemicals, Polymers, Plastics & Packaging",QUIMICA INDUSTRIAL 28 S.A.B. DE C.V.,quimicaindustrial5.com.mx,Roberto García,Chief Operating Officer (COO),C_SUITE,OPERATIONS,rgarcía@quimicaindustrial5.com.mx,VERIFIED,85,+525592954180,2026-09-06T14:31:01.378457+00:00
"Chemicals, Polymers, Plastics & Packaging",QUIMICA INDUSTRIAL S.A. DE C.V.,quimicaindustrial.mx,Hector Navarro,Chief Human Resources Officer (CHRO),C_SUITE,HR_PEOPLE,hnavarro@quimicaindustrial.mx,VERIFIED,85,+528047356591,2026-09-06T14:31:01.378457+00:00
"Chemicals, Polymers, Plastics & Packaging",QUIMICA INDUSTRIAL S.C.,quimicaindustrial.com.mx,David Valenzuela,Chief Executive Officer (CEO),C_SUITE,EXECUTIVE,dvalenzuela@quimicaindustrial.com.mx,VERIFIED,85,+525641457917,2026-09-06T14:31:01.378457+00:00
"Chemicals, Polymers, Plastics & Packaging",PLASTICOS DEL BAJIO S.A. DE C.V.,plasticosdelbajio.com,Carlos Dominguez,Chief Revenue Officer (CRO),C_SUITE,SALES_MARKETING,cdominguez@plasticosdelbajio.com,VERIFIED,85,+527612999811,2026-09-06T14:31:01.378457+00:00
"Chemicals, Polymers, Plastics & Packaging",PLASTICOS DEL BAJIO S.A. DE C.V.,plasticosdelbajio.com,Luis Hernández,Chief Technology Officer (CTO),C_SUITE,ENGINEERING_IT,lhernández@plasticosdelbajio.com,VERIFIED,85,+528716294481,2026-09-06T14:31:01.378457+00:00
"Chemicals, Polymers, Plastics & Packaging",PLASTICOS DEL PACIFICO S.A.S.,plasticosdelpacifi.com.mx,Patricia Morales,Chief Human Resources Officer (CHRO),C_SUITE,HR_PEOPLE,pmorales@plasticosdelpacifi.com.mx,VERIFIED,85,+526680163198,2026-09-06T14:31:01.378457+00:00
"Chemicals, Polymers, Plastics & Packaging",PLASTICOS DEL CENTRO S.A. DE C.V.,plasticosdelcentro.com,Miguel Benítez,Chief Technology Officer (CTO),C_SUITE,ENGINEERING_IT,mbenítez@plasticosdelcentro.com,VERIFIED,85,+527580419207,2026-09-06T14:31:01.378457+00:00
"Chemicals, Polymers, Plastics & Packaging",PLASTICOS DEL CENTRO S.A. DE C.V.,plasticosdelcentro.com,Javier Martínez,Chief Operating Officer (COO),C_SUITE,OPERATIONS,jmartínez@plasticosdelcentro.com.mx,VERIFIED,85,+524195013730,2026-09-06T14:31:01.378457+00:00
"Chemicals, Polymers, Plastics & Packaging",PLASTICOS DEL CENTRO S.A. DE C.V.,plasticosdelcentro.com,Javier Garza,Chief Revenue Officer (CRO),C_SUITE,SALES_MARKETING,jgarza@plasticosdelcentro.com,VERIFIED,85,+528967032193,2026-09-06T14:31:01.378457+00:00
"Chemicals, Polymers, Plastics & Packaging",PLASTICOS DEL CENTRO S.A. DE C.V.,plasticosdelcentro.com,Javier Castro,Chief Financial Officer (CFO),C_SUITE,FINANCE,jcastro@plasticosdelcentro.com,VERIFIED,85,+527134284742,2026-09-06T14:31:01.378457+00:00
"Chemicals, Polymers, Plastics & Packaging",PLASTICOS DEL BAJIO S.C.,plasticosdelbajio.com.mx,Daniel Benítez,Chief Revenue Officer (CRO),C_SUITE,SALES_MARKETING,dbenítez@plasticosdelbajio.com.mx,VERIFIED,85,+527489321331,2026-09-06T14:31:01.378457+00:00
"Chemicals, Polymers, Plastics & Packaging",PLASTICOS DEL BAJIO S.C.,plasticosdelbajio.com.mx,Luis García,Chief Executive Officer (CEO),C_SUITE,EXECUTIVE,lgarcía@plasticosdelbajio1.mx,VERIFIED,85,+525516921132,2026-09-06T14:31:01.378457+00:00
"Chemicals, Polymers, Plastics & Packaging",PLASTICOS DEL BAJIO S.C.,plasticosdelbajio.com.mx,Guillermo Treviño,Chief Executive Officer (CEO),C_SUITE,EXECUTIVE,gtreviño@plasticosdelbajio.com.mx,VERIFIED,85,+528721710863,2026-09-06T14:31:01.378457+00:00
"Chemicals, Polymers, Plastics & Packaging",PLASTICOS DEL NORTE S.A.B. DE C.V.,plasticosdelnorte8.com,Guillermo Martínez,Chief Executive Officer (CEO),C_SUITE,EXECUTIVE,gmartínez@plasticosdelnorte8.com,VERIFIED,85,+525194467482,2026-09-06T14:31:01.378457+00:00
"Chemicals, Polymers, Plastics & Packaging",PLASTICOS DEL CENTRO S.A. DE C.V.,plasticosdelcentro.com.mx,Javier Castro,Chief Operating Officer (COO),C_SUITE,OPERATIONS,jcastro@plasticosdelcentro.com.mx,VERIFIED,85,+526173360350,2026-09-06T14:31:01.378457+00:00
"Chemicals, Polymers, Plastics & Packaging",PLASTICOS DEL NORTE 48 S.A.S.,plasticosdelnorte.com.mx,Mariana Mendoza,Chief Financial Officer (CFO),C_SUITE,FINANCE,mmendoza@plasticosdelnorte.com.mx,VERIFIED,85,+525499854122,2026-09-06T14:31:01.378457+00:00
"Chemicals, Polymers, Plastics & Packaging",QUIMICA EMPRESARIAL S.A.S.,quimicaempresarial.mx,Daniel Ruiz,Chief Executive Officer (CEO),C_SUITE,EXECUTIVE,druiz@quimicaempresarial.mx,VERIFIED,85,+524192397362,2026-09-06T14:31:01.393786+00:00
"Chemicals, Polymers, Plastics & Packaging",QUIMICA EMPRESARIAL S.A.S.,quimicaempresarial.mx,Sofia Castro,Chief Revenue Officer (CRO),C_SUITE,SALES_MARKETING,scastro@quimicaempresarial.mx,VERIFIED,85,+527472310456,2026-09-06T14:31:01.393786+00:00
"Chemicals, Polymers, Plastics & Packaging",QUIMICA EMPRESARIAL S.A.S.,quimicaempresarial.mx,Claudia Garza,Chief Technology Officer (CTO),C_SUITE,ENGINEERING_IT,cgarza@quimicaempresarial.mx,VERIFIED,85,+525962633495,2026-09-06T14:31:01.393786+00:00
"Chemicals, Polymers, Plastics & Packaging",QUIMICA EMPRESARIAL S.A.S.,quimicaempresarial.mx,Rodrigo Vega,Chief Financial Officer (CFO),C_SUITE,FINANCE,rvega@quimicaempresarial.mx,VERIFIED,85,+524319589158,2026-09-06T14:31:01.393786+00:00
"Chemicals, Polymers, Plastics & Packaging",QUIMICA EMPRESARIAL 62 S.A.P.I. DE C.V.,quimicaempresarial.com,Eduardo Morales,Chief Revenue Officer (CRO),C_SUITE,SALES_MARKETING,emorales@quimicaempresarial.com,VERIFIED,85,+527347262842,2026-09-06T14:31:01.393786+00:00
"Chemicals, Polymers, Plastics & Packaging",QUIMICA EMPRESARIAL S.A.S.,quimicaempresarial.com.mx,Gabriel Navarro,Chief Executive Officer (CEO),C_SUITE,EXECUTIVE,gnavarro@quimicaempresarial.com.mx,VERIFIED,85,+528551581744,2026-09-06T14:31:01.393786+00:00
"Chemicals, Polymers, Plastics & Packaging",QUIMICA MODERNA S.A. DE C.V.,quimicamoderna12.com.mx,Patricia Vega,Chief Financial Officer (CFO),C_SUITE,FINANCE,pvega@quimicamoderna12.com.mx,VERIFIED,85,+525499010049,2026-09-06T14:31:01.393786+00:00
"Chemicals, Polymers, Plastics & Packaging",PLASTICOS NACIONAL S.C.,plasticosnacional9.com.mx,Luis Ruiz,Chief Technology Officer (CTO),C_SUITE,ENGINEERING_IT,lruiz@plasticosnacional9.com.mx,VERIFIED,85,+524932662379,2026-09-06T14:31:01.395224+00:00
"Chemicals, Polymers, Plastics & Packaging",PLASTICOS NACIONAL S.C.,plasticosnacional9.com.mx,Roberto Garza,Chief Executive Officer (CEO),C_SUITE,EXECUTIVE,rgarza@plasticosnacional.mx,VERIFIED,85,+524458859055,2026-09-06T14:31:01.395224+00:00
"Chemicals, Polymers, Plastics & Packaging",PLASTICOS NACIONAL S.C.,plasticosnacional9.com.mx,Miguel Dominguez,Chief Technology Officer (CTO),C_SUITE,ENGINEERING_IT,mdominguez@plasticosnacional.com,VERIFIED,85,+528019138030,2026-09-06T14:31:01.395224+00:00
"Chemicals, Polymers, Plastics & Packaging",PLASTICOS NACIONAL S.A.S.,plasticosnacional.com.mx,Guillermo Alarcón,Chief Technology Officer (CTO),C_SUITE,ENGINEERING_IT,galarcón@plasticosnacional.com.mx,VERIFIED,85,+528328075139,2026-09-06T14:31:01.395224+00:00
"Chemicals, Polymers, Plastics & Packaging",QUIMICA EMPRESARIAL S.C.,quimicaempresarial.mx,Jorge Dominguez,Chief Executive Officer (CEO),C_SUITE,EXECUTIVE,jdominguez@quimicaempresarial.mx,VERIFIED,85,+528845299026,2026-09-06T14:31:01.395224+00:00
"Chemicals, Polymers, Plastics & Packaging",QUIMICA EMPRESARIAL S.C.,quimicaempresarial.mx,Adriana Salinas,Founder,FOUNDER,EXECUTIVE,asalinas@quimicaempresarial.mx,VERIFIED,85,+528276970588,2026-09-06T14:31:01.395224+00:00
"Chemicals, Polymers, Plastics & Packaging",QUIMICA EMPRESARIAL S.C.,quimicaempresarial.com,Daniel Benítez,Chief Human Resources Officer (CHRO),C_SUITE,HR_PEOPLE,dbenítez@quimicaempresarial.com,VERIFIED,85,+525832108272,2026-09-06T14:31:01.395224+00:00
"Chemicals, Polymers, Plastics & Packaging",QUIMICA EMPRESARIAL 34 S.A.P.I. DE C.V.,quimicaempresarial.com.mx,Roberto Navarro,Chief Technology Officer (CTO),C_SUITE,ENGINEERING_IT,rnavarro@quimicaempresarial.com.mx,VERIFIED,85,+528217780679,2026-09-06T14:31:01.395224+00:00
"Chemicals, Polymers, Plastics & Packaging",EMPAQUES LATINOAMERICANA S.A.S.,empaqueslatinoamer.com.mx,Andrea Benítez,Chief Human Resources Officer (CHRO),C_SUITE,HR_PEOPLE,abenítez@empaqueslatinoamer.com.mx,VERIFIED,85,+524453214344,2026-09-06T14:31:01.395224+00:00
"Chemicals, Polymers, Plastics & Packaging",EMPAQUES LATINOAMERICANA S.A.S.,empaqueslatinoamer.com.mx,Patricia Martínez,Chief Revenue Officer (CRO),C_SUITE,SALES_MARKETING,pmartínez@empaqueslatinoamer.com,VERIFIED,85,+529564575169,2026-09-06T14:31:01.395224+00:00
"Chemicals, Polymers, Plastics & Packaging",EMPAQUES LATINOAMERICANA S. DE R.L. DE C.V.,empaqueslatinoamer.mx,Guillermo Navarro,Chief Technology Officer (CTO),C_SUITE,ENGINEERING_IT,gnavarro@empaqueslatinoamer.mx,VERIFIED,85,+528812795831,2026-09-06T14:31:01.395224+00:00
"Chemicals, Polymers, Plastics & Packaging",EMPAQUES LATINOAMERICANA S. DE R.L. DE C.V.,empaqueslatinoamer.mx,Sofia Alarcón,Chief Technology Officer (CTO),C_SUITE,ENGINEERING_IT,salarcón@empaqueslatinoamer.mx,VERIFIED,85,+527811504162,2026-09-06T14:31:01.395224+00:00
"Chemicals, Polymers, Plastics & Packaging",PLASTICOS MEXICANA S.A.B. DE C.V.,plasticosmexicana.com,David Ruiz,Chief Technology Officer (CTO),C_SUITE,ENGINEERING_IT,druiz@plasticosmexicana.com,VERIFIED,85,+526727697170,2026-09-06T14:31:01.395224+00:00
"Chemicals, Polymers, Plastics & Packaging",PLASTICOS MEXICANA S.A.B. DE C.V.,plasticosmexicana.com.mx,Miguel Castro,Chief Revenue Officer (CRO),C_SUITE,SALES_MARKETING,mcastro@plasticosmexicana.com.mx,VERIFIED,85,+525075974338,2026-09-06T14:31:01.395224+00:00
"Chemicals, Polymers, Plastics & Packaging",QUIMICA DE LAS AMERICAS S.A.P.I. DE C.V.,quimicadelasameric.com.mx,Fernando Ruiz,Chief Executive Officer (CEO),C_SUITE,EXECUTIVE,fruiz@quimicadelasameric.com.mx,VERIFIED,85,+528111822975,2026-09-06T14:31:01.395224+00:00
"Chemicals, Polymers, Plastics & Packaging",QUIMICA DE LAS AMERICAS S.A.P.I. DE C.V.,quimicadelasameric.com.mx,Alejandro Vega,Chief Revenue Officer (CRO),C_SUITE,SALES_MARKETING,avega@quimicadelasameric.com.mx,VERIFIED,85,+528131796382,2026-09-06T14:31:01.395224+00:00
"Chemicals, Polymers, Plastics & Packaging",QUIMICA DE OCCIDENTE 15 S.A.S.,quimicadeoccidente.com,Eduardo Dominguez,Chief Executive Officer (CEO),C_SUITE,EXECUTIVE,edominguez@quimicadeoccidente.com,VERIFIED,85,+528146738378,2026-09-06T14:31:01.395224+00:00
"Chemicals, Polymers, Plastics & Packaging",QUIMICA DE OCCIDENTE 15 S.A.S.,quimicadeoccidente.com,Roberto Salinas,Founder,FOUNDER,EXECUTIVE,rsalinas@quimicadeoccidente.com,VERIFIED,85,+528176514129,2026-09-06T14:31:01.395224+00:00
"Chemicals, Polymers, Plastics & Packaging",QUIMICA DE OCCIDENTE 15 S.A.S.,quimicadeoccidente.com,Daniel Vega,Chief Revenue Officer (CRO),C_SUITE,SALES_MARKETING,dvega@quimicadeoccidente.com,VERIFIED,85,+528190820894,2026-09-06T14:31:01.395224+00:00
"Chemicals, Polymers, Plastics & Packaging",QUIMICA DE OCCIDENTE S.A.S.,quimicadeoccidente.com.mx,Jorge Benítez,Chief Revenue Officer (CRO),C_SUITE,SALES_MARKETING,jbenítez@quimicadeoccidente.com.mx,VERIFIED,85,+528124072845,2026-09-06T14:31:01.395224+00:00
"Chemicals, Polymers, Plastics & Packaging",QUIMICA DE OCCIDENTE S.A.S.,quimicadeoccidente.com.mx,Carlos Valenzuela,Chief Human Resources Officer (CHRO),C_SUITE,HR_PEOPLE,cvalenzuela@quimicadeoccidente.com.mx,VERIFIED,85,+528171491885,2026-09-06T14:31:01.395224+00:00
"Chemicals, Polymers, Plastics & Packaging",QUIMICA DE OCCIDENTE S.A.B. DE C.V.,quimicadeoccidente.mx,David López,Chief Executive Officer (CEO),C_SUITE,EXECUTIVE,dlópez@quimicadeoccidente.mx,VERIFIED,85,+528140171552,2026-09-06T14:31:01.395224+00:00
"Chemicals, Polymers, Plastics & Packaging",QUIMICA DE LAS AMERICAS S.A.P.I. DE C.V.,quimicadelasameric.mx,Gabriel García,Chief Operating Officer (COO),C_SUITE,OPERATIONS,ggarcía@quimicadelasameric.mx,VERIFIED,85,+528120720488,2026-09-06T14:31:01.395224+00:00
"Chemicals, Polymers, Plastics & Packaging",EMPAQUES DE LAS AMERICAS S. DE R.L. DE C.V.,empaquesdelasameri.com,Guillermo Ruiz,Chief Financial Officer (CFO),C_SUITE,FINANCE,gruiz@empaquesdelasameri.com,VERIFIED,85,+525492241346,2026-09-06T14:31:01.395224+00:00
"Chemicals, Polymers, Plastics & Packaging",EMPAQUES DE LAS AMERICAS S. DE R.L. DE C.V.,empaquesdelasameri.com,Jorge Treviño,Chief Human Resources Officer (CHRO),C_SUITE,HR_PEOPLE,jtreviño@empaquesdelasameri.com,VERIFIED,85,+528725743660,2026-09-06T14:31:01.395224+00:00
"Chemicals, Polymers, Plastics & Packaging",EMPAQUES DE LAS AMERICAS S. DE R.L. DE C.V.,empaquesdelasameri.com,Sofia Salinas,Chief Human Resources Officer (CHRO),C_SUITE,HR_PEOPLE,ssalinas@empaquesdelasameri.com,VERIFIED,85,+528224881201,2026-09-06T14:31:01.395224+00:00
"Chemicals, Polymers, Plastics & Packaging",EMPAQUES DE OCCIDENTE 88 S. DE R.L. DE C.V.,empaquesdeoccident.com.mx,Javier Garza,Chief Operating Officer (COO),C_SUITE,OPERATIONS,jgarza@empaquesdeoccident.com.mx,VERIFIED,85,+529226446361,2026-09-06T14:31:01.395224+00:00
"Chemicals, Polymers, Plastics & Packaging",EMPAQUES DE OCCIDENTE 88 S. DE R.L. DE C.V.,empaquesdeoccident.com.mx,Roberto Navarro,Chief Executive Officer (CEO),C_SUITE,EXECUTIVE,rnavarro@empaquesdeoccident.com.mx,VERIFIED,85,+528647051326,2026-09-06T14:31:01.395224+00:00
"Chemicals, Polymers, Plastics & Packaging",EMPAQUES DE OCCIDENTE 88 S. DE R.L. DE C.V.,empaquesdeoccident.com.mx,Mariana González,Chief Operating Officer (COO),C_SUITE,OPERATIONS,mgonzález@empaquesdeoccident.com.mx,VERIFIED,85,+526147076529,2026-09-06T14:31:01.395224+00:00
"Chemicals, Polymers, Plastics & Packaging",EMPAQUES DE LAS AMERICAS S. DE R.L. DE C.V.,empaquesdelasameri.com.mx,Jorge Treviño,Chief Technology Officer (CTO),C_SUITE,ENGINEERING_IT,jtreviño@empaquesdelasameri.com.mx,VERIFIED,85,+526540145838,2026-09-06T14:31:01.395224+00:00
"Chemicals, Polymers, Plastics & Packaging",EMPAQUES DE LAS AMERICAS S.C.,empaquesdelasameri.mx,Fernando Vega,Founder,FOUNDER,EXECUTIVE,fvega@empaquesdelasameri.mx,VERIFIED,85,+527448213209,2026-09-06T14:31:01.395224+00:00
"Chemicals, Polymers, Plastics & Packaging",EMPAQUES DE LAS AMERICAS S.C.,empaquesdelasameri.mx,Daniel Vega,Chief Operating Officer (COO),C_SUITE,OPERATIONS,dvega@empaquesdelasameri.mx,VERIFIED,85,+528638802760,2026-09-06T14:31:01.395224+00:00
"Chemicals, Polymers, Plastics & Packaging",EMPAQUES DE OCCIDENTE 72 S.A.P.I. DE C.V.,empaquesdeoccident.mx,Alejandro Dominguez,Chief Human Resources Officer (CHRO),C_SUITE,HR_PEOPLE,adominguez@empaquesdeoccident.mx,VERIFIED,85,+527815917150,2026-09-06T14:31:01.395224+00:00
"Chemicals, Polymers, Plastics & Packaging",EMPAQUES DE OCCIDENTE 72 S.A.P.I. DE C.V.,empaquesdeoccident.mx,Carlos Ruiz,Chief Financial Officer (CFO),C_SUITE,FINANCE,cruiz@empaquesdeoccident.mx,VERIFIED,85,+527587638764,2026-09-06T14:31:01.395224+00:00
"Chemicals, Polymers, Plastics & Packaging",EMPAQUES DE OCCIDENTE 72 S.A.P.I. DE C.V.,empaquesdeoccident.mx,David Salinas,Chief Technology Officer (CTO),C_SUITE,ENGINEERING_IT,dsalinas@empaquesdeoccident.mx,VERIFIED,85,+529894021261,2026-09-06T14:31:01.395224+00:00
"Chemicals, Polymers, Plastics & Packaging",EMPAQUES INTERNACIONAL S. DE R.L. DE C.V.,empaquesinternacio.mx,Patricia Mendoza,Founder,FOUNDER,EXECUTIVE,pmendoza@empaquesinternacio.mx,VERIFIED,85,+525316443714,2026-09-06T14:31:01.395224+00:00
"Chemicals, Polymers, Plastics & Packaging",EMPAQUES INTERNACIONAL S. DE R.L. DE C.V.,empaquesinternacio.mx,Gabriel Treviño,Chief Human Resources Officer (CHRO),C_SUITE,HR_PEOPLE,gtreviño@empaquesinternacio.mx,VERIFIED,85,+528370554035,2026-09-06T14:31:01.395224+00:00
"Chemicals, Polymers, Plastics & Packaging",EMPAQUES INTERNACIONAL S. DE R.L. DE C.V.,empaquesinternacio.mx,Patricia Benítez,Chief Executive Officer (CEO),C_SUITE,EXECUTIVE,pbenítez@empaquesinternacio.mx,VERIFIED,85,+526544527004,2026-09-06T14:31:01.395224+00:00
"Chemicals, Polymers, Plastics & Packaging",EMPAQUES INTERNACIONAL S. DE R.L. DE C.V.,empaquesinternacio.com,Hector Villaseñor,Chief Executive Officer (CEO),C_SUITE,EXECUTIVE,hvillaseñor@empaquesinternacio.com,VERIFIED,85,+526769381385,2026-09-06T14:31:01.395224+00:00
"Chemicals, Polymers, Plastics & Packaging",EMPAQUES INTERNACIONAL S. DE R.L. DE C.V.,empaquesinternacio.com,Hector Ruiz,Chief Revenue Officer (CRO),C_SUITE,SALES_MARKETING,hruiz@empaquesinternacio.com,VERIFIED,85,+526323555518,2026-09-06T14:31:01.395224+00:00
"Chemicals, Polymers, Plastics & Packaging",EMPAQUES INTERNACIONAL S.A.S.,empaquesinternacio.com.mx,Andrea Alarcón,Chief Executive Officer (CEO),C_SUITE,EXECUTIVE,aalarcón@empaquesinternacio.com.mx,VERIFIED,85,+526355345577,2026-09-06T14:31:01.395224+00:00
"Chemicals, Polymers, Plastics & Packaging",QUIMICA DEL NORTE S.A.B. DE C.V.,quimicadelnorte.mx,Jorge Hernández,Chief Operating Officer (COO),C_SUITE,OPERATIONS,jhernández@quimicadelnorte.mx,VERIFIED,85,+529664535226,2026-09-06T14:31:01.395224+00:00
"Chemicals, Polymers, Plastics & Packaging",QUIMICA DEL BAJIO 73 S.A.P.I. DE C.V.,quimicadelbajio.com.mx,Eduardo Vega,Chief Revenue Officer (CRO),C_SUITE,SALES_MARKETING,evega@quimicadelbajio.com.mx,VERIFIED,85,+527720670587,2026-09-06T14:31:01.395224+00:00
"Chemicals, Polymers, Plastics & Packaging",QUIMICA DEL BAJIO S.A. DE C.V.,quimicadelbajio.mx,Jorge Vega,Chief Executive Officer (CEO),C_SUITE,EXECUTIVE,jvega@quimicadelbajio.mx,VERIFIED,85,+524747084354,2026-09-06T14:31:01.395224+00:00
"Chemicals, Polymers, Plastics & Packaging",QUIMICA DEL BAJIO S.A. DE C.V.,quimicadelbajio.mx,Andrea García,Founder,FOUNDER,EXECUTIVE,agarcía@quimicadelbajio.mx,VERIFIED,85,+524827992976,2026-09-06T14:31:01.395224+00:00
"Chemicals, Polymers, Plastics & Packaging",QUIMICA DEL NORTE S.A. DE C.V.,quimicadelnorte29.mx,Luis González,Chief Revenue Officer (CRO),C_SUITE,SALES_MARKETING,lgonzález@quimicadelnorte29.mx,VERIFIED,85,+529261367375,2026-09-06T14:31:01.395224+00:00
"Chemicals, Polymers, Plastics & Packaging",QUIMICA DEL NORTE S.C.,quimicadelnorte51.com,Patricia Dominguez,Chief Technology Officer (CTO),C_SUITE,ENGINEERING_IT,pdominguez@quimicadelnorte51.com,VERIFIED,85,+528769981534,2026-09-06T14:31:01.395224+00:00
"Chemicals, Polymers, Plastics & Packaging",QUIMICA DEL NORTE S.C.,quimicadelnorte51.com,Rodrigo Salinas,Chief Human Resources Officer (CHRO),C_SUITE,HR_PEOPLE,rsalinas@quimicadelnorte.com.mx,VERIFIED,85,+528015211528,2026-09-06T14:31:01.395224+00:00
"Chemicals, Polymers, Plastics & Packaging",QUIMICA DEL CENTRO S.C.,quimicadelcentro67.com,Guillermo Villaseñor,Chief Operating Officer (COO),C_SUITE,OPERATIONS,gvillaseñor@quimicadelcentro67.com,VERIFIED,85,+529324760763,2026-09-06T14:31:01.395224+00:00
"Chemicals, Polymers, Plastics & Packaging",QUIMICA DEL PACIFICO S.A.B. DE C.V.,quimicadelpacifico.mx,Hector Morales,Chief Revenue Officer (CRO),C_SUITE,SALES_MARKETING,hmorales@quimicadelpacifico.mx,VERIFIED,85,+528758779765,2026-09-06T14:31:01.395224+00:00
"Chemicals, Polymers, Plastics & Packaging",QUIMICA DEL PACIFICO S.A.B. DE C.V.,quimicadelpacifico.mx,Guillermo Navarro,Chief Operating Officer (COO),C_SUITE,OPERATIONS,gnavarro@quimicadelpacifico.mx,VERIFIED,85,+528832951438,2026-09-06T14:31:01.395224+00:00
"Chemicals, Polymers, Plastics & Packaging",QUIMICA DEL NORTE S.A.S.,quimicadelnorte80.com.mx,Javier Martínez,Chief Human Resources Officer (CHRO),C_SUITE,HR_PEOPLE,jmartínez@quimicadelnorte80.com.mx,VERIFIED,85,+527695042312,2026-09-06T14:31:01.395224+00:00
"Chemicals, Polymers, Plastics & Packaging",QUIMICA DEL CENTRO S.A.S.,quimicadelcentro.com,Andrea López,Chief Financial Officer (CFO),C_SUITE,FINANCE,alópez@quimicadelcentro.com,VERIFIED,85,+526973991381,2026-09-06T14:31:01.395224+00:00
"Chemicals, Polymers, Plastics & Packaging",QUIMICA DEL PACIFICO S.A.S.,quimicadelpacifico.com.mx,Eduardo Treviño,Chief Human Resources Officer (CHRO),C_SUITE,HR_PEOPLE,etreviño@quimicadelpacifico.com.mx,VERIFIED,85,+527231253352,2026-09-06T14:31:01.395224+00:00
"Chemicals, Polymers, Plastics & Packaging",QUIMICA DEL CENTRO S.A.S.,quimicadelcentro50.com,Eduardo González,Chief Executive Officer (CEO),C_SUITE,EXECUTIVE,egonzález@quimicadelcentro50.com,VERIFIED,85,+527660487941,2026-09-06T14:31:01.395224+00:00
"Chemicals, Polymers, Plastics & Packaging",QUIMICA DEL CENTRO S.A. DE C.V.,quimicadelcentro5.com,Andrea Martínez,Chief Human Resources Officer (CHRO),C_SUITE,HR_PEOPLE,amartínez@quimicadelcentro5.com,VERIFIED,85,+524880893585,2026-09-06T14:31:01.395224+00:00
"Chemicals, Polymers, Plastics & Packaging",QUIMICA CENTRAL S.A.B. DE C.V.,quimicacentral.com,Fernando Garza,Chief Operating Officer (COO),C_SUITE,OPERATIONS,fgarza@quimicacentral.com,VERIFIED,85,+528813499233,2026-09-06T14:31:01.395224+00:00
"Chemicals, Polymers, Plastics & Packaging",QUIMICA CENTRAL S.A.B. DE C.V.,quimicacentral.com,Eduardo González,Chief Human Resources Officer (CHRO),C_SUITE,HR_PEOPLE,egonzález@quimicacentral.com,VERIFIED,85,+526764712491,2026-09-06T14:31:01.395224+00:00
"Chemicals, Polymers, Plastics & Packaging",QUIMICA CENTRAL S.A.P.I. DE C.V.,quimicacentral.mx,Fernando González,Chief Executive Officer (CEO),C_SUITE,EXECUTIVE,fgonzález@quimicacentral.mx,VERIFIED,85,+526446117284,2026-09-06T14:31:01.395224+00:00
"Chemicals, Polymers, Plastics & Packaging",QUIMICA CENTRAL S.A.P.I. DE C.V.,quimicacentral.mx,Sofia Alarcón,Founder,FOUNDER,EXECUTIVE,salarcón@quimicacentral79.com.mx,VERIFIED,85,+525155154016,2026-09-06T14:31:01.395224+00:00
"Chemicals, Polymers, Plastics & Packaging",QUIMICA CENTRAL S.A.P.I. DE C.V.,quimicacentral.mx,Andrea Vega,Chief Financial Officer (CFO),C_SUITE,FINANCE,avega@quimicacentral.mx,VERIFIED,85,+524736215094,2026-09-06T14:31:01.395224+00:00
"Chemicals, Polymers, Plastics & Packaging",QUIMICA CENTRAL S. DE R.L. DE C.V.,quimicacentral74.com,Adriana Treviño,Chief Revenue Officer (CRO),C_SUITE,SALES_MARKETING,atreviño@quimicacentral74.com,VERIFIED,85,+528983028271,2026-09-06T14:31:01.395224+00:00
"Chemicals, Polymers, Plastics & Packaging",QUIMICA CENTRAL S. DE R.L. DE C.V.,quimicacentral74.com,Sofia Ruiz,Chief Executive Officer (CEO),C_SUITE,EXECUTIVE,sruiz@quimicacentral.com.mx,VERIFIED,85,+526821511901,2026-09-06T14:31:01.395224+00:00
"Chemicals, Polymers, Plastics & Packaging",EMPAQUES MEXICANA S.A. DE C.V.,empaquesmexicana.com,Daniel Castro,Chief Revenue Officer (CRO),C_SUITE,SALES_MARKETING,dcastro@empaquesmexicana.com,VERIFIED,85,+527960046200,2026-09-06T14:31:01.395224+00:00
"Chemicals, Polymers, Plastics & Packaging",EMPAQUES MEXICANA S.A. DE C.V.,empaquesmexicana.com,Mariana Treviño,Founder,FOUNDER,EXECUTIVE,mtreviño@empaquesmexicana.com.mx,VERIFIED,85,+529695846234,2026-09-06T14:31:01.395224+00:00
"Chemicals, Polymers, Plastics & Packaging",EMPAQUES MEXICANA S.A.P.I. DE C.V.,empaquesmexicana.com.mx,Hector López,Chief Financial Officer (CFO),C_SUITE,FINANCE,hlópez@empaquesmexicana.com.mx,VERIFIED,85,+528677254353,2026-09-06T14:31:01.395224+00:00
"Chemicals, Polymers, Plastics & Packaging",EMPAQUES MEXICANA S.A.P.I. DE C.V.,empaquesmexicana.com.mx,Miguel Dominguez,Chief Financial Officer (CFO),C_SUITE,FINANCE,mdominguez@empaquesmexicana.com.mx,VERIFIED,85,+529889524047,2026-09-06T14:31:01.395224+00:00
"Chemicals, Polymers, Plastics & Packaging",EMPAQUES MEXICANA 68 S.A.P.I. DE C.V.,empaquesmexicana70.mx,Gabriel Morales,Chief Revenue Officer (CRO),C_SUITE,SALES_MARKETING,gmorales@empaquesmexicana70.mx,VERIFIED,85,+524117405027,2026-09-06T14:31:01.395224+00:00
"Chemicals, Polymers, Plastics & Packaging",EMPAQUES MEXICANA S.C.,empaquesmexicana86.com,Patricia Treviño,Chief Human Resources Officer (CHRO),C_SUITE,HR_PEOPLE,ptreviño@empaquesmexicana86.com,VERIFIED,85,+525299818799,2026-09-06T14:31:01.395224+00:00
"Chemicals, Polymers, Plastics & Packaging",EMPAQUES ESPECIALIZADA S.A.P.I. DE C.V.,empaquesespecializ.com.mx,Rodrigo Hernández,Chief Operating Officer (COO),C_SUITE,OPERATIONS,rhernández@empaquesespecializ.com.mx,VERIFIED,85,+526884987902,2026-09-06T14:31:01.395224+00:00
"Chemicals, Polymers, Plastics & Packaging",EMPAQUES ESPECIALIZADA S.A.P.I. DE C.V.,empaquesespecializ.com.mx,Andrea Salinas,Chief Revenue Officer (CRO),C_SUITE,SALES_MARKETING,asalinas@empaquesespecializ.com.mx,VERIFIED,85,+524332034429,2026-09-06T14:31:01.395224+00:00
"Chemicals, Polymers, Plastics & Packaging",EMPAQUES ESPECIALIZADA S.A.S.,empaquesespecializ.mx,Sofia Villaseñor,Chief Operating Officer (COO),C_SUITE,OPERATIONS,svillaseñor@empaquesespecializ.mx,VERIFIED,85,+529731247016,2026-09-06T14:31:01.395224+00:00
"Chemicals, Polymers, Plastics & Packaging",QUIMICA INTERNACIONAL 47 S.A.P.I. DE C.V.,quimicainternacion.com.mx,Alejandro González,Chief Human Resources Officer (CHRO),C_SUITE,HR_PEOPLE,agonzález@quimicainternacion.com.mx,VERIFIED,85,+528991797440,2026-09-06T14:31:01.395224+00:00
"Chemicals, Polymers, Plastics & Packaging",QUIMICA INTERNACIONAL S.C.,quimicainternacion.mx,Miguel Mendoza,Chief Executive Officer (CEO),C_SUITE,EXECUTIVE,mmendoza@quimicainternacion.mx,VERIFIED,85,+529152221811,2026-09-06T14:31:01.395224+00:00
"Chemicals, Polymers, Plastics & Packaging",QUIMICA INTERNACIONAL S.A.B. DE C.V.,quimicainternacion.com,David Navarro,Chief Executive Officer (CEO),C_SUITE,EXECUTIVE,dnavarro@quimicainternacion.com,VERIFIED,85,+526458854440,2026-09-06T14:31:01.395224+00:00
"Chemicals, Polymers, Plastics & Packaging",PLASTICOS EMPRESARIAL S.A.P.I. DE C.V.,plasticosempresari.com.mx,Hector Salinas,Chief Human Resources Officer (CHRO),C_SUITE,HR_PEOPLE,hsalinas@plasticosempresari.com.mx,VERIFIED,85,+526077025190,2026-09-06T14:31:01.395224+00:00
"Chemicals, Polymers, Plastics & Packaging",PLASTICOS EMPRESARIAL S.A.P.I. DE C.V.,plasticosempresari.com.mx,Eduardo González,Chief Revenue Officer (CRO),C_SUITE,SALES_MARKETING,egonzález@plasticosempresari.com,VERIFIED,85,+524848933449,2026-09-06T14:31:01.395224+00:00
"Chemicals, Polymers, Plastics & Packaging",EMPAQUES CENTRAL S.A.P.I. DE C.V.,empaquescentral.mx,Sofia Navarro,Chief Human Resources Officer (CHRO),C_SUITE,HR_PEOPLE,snavarro@empaquescentral.mx,VERIFIED,85,+529499127973,2026-09-06T14:31:01.395224+00:00
"Chemicals, Polymers, Plastics & Packaging",EMPAQUES CENTRAL S.A.P.I. DE C.V.,empaquescentral.mx,Eduardo García,Chief Executive Officer (CEO),C_SUITE,EXECUTIVE,egarcía@empaquescentral.mx,VERIFIED,85,+525997119754,2026-09-06T14:31:01.395224+00:00
"Chemicals, Polymers, Plastics & Packaging",EMPAQUES CENTRAL S.A.B. DE C.V.,empaquescentral3.mx,Mariana Salinas,Chief Executive Officer (CEO),C_SUITE,EXECUTIVE,msalinas@empaquescentral3.mx,VERIFIED,85,+526377352235,2026-09-06T14:31:01.395224+00:00
"Chemicals, Polymers, Plastics & Packaging",EMPAQUES CENTRAL S.A.B. DE C.V.,empaquescentral3.mx,Miguel Alarcón,Chief Technology Officer (CTO),C_SUITE,ENGINEERING_IT,malarcón@empaquescentral58.com,VERIFIED,85,+527856732909,2026-09-06T14:31:01.395224+00:00
"Chemicals, Polymers, Plastics & Packaging",PLASTICOS DEL NORTE S.A.B. DE C.V.,plasticosdelnorte.mx,Gabriel Garza,Chief Technology Officer (CTO),C_SUITE,ENGINEERING_IT,ggarza@plasticosdelnorte.mx,VERIFIED,85,+525554403576,2026-09-06T14:31:01.395224+00:00
"Chemicals, Polymers, Plastics & Packaging",PLASTICOS DEL NORTE S.A.B. DE C.V.,plasticosdelnorte.mx,Carlos Villaseñor,Chief Executive Officer (CEO),C_SUITE,EXECUTIVE,cvillaseñor@plasticosdelnorte.com,VERIFIED,85,+524237166732,2026-09-06T14:31:01.395224+00:00
"Chemicals, Polymers, Plastics & Packaging",PLASTICOS DEL BAJIO S.A. DE C.V.,plasticosdelbajio.com,Patricia Valenzuela,Chief Financial Officer (CFO),C_SUITE,FINANCE,pvalenzuela@plasticosdelbajio.com,VERIFIED,85,+525341850369,2026-09-06T14:31:01.395224+00:00
"Chemicals, Polymers, Plastics & Packaging",PLASTICOS DEL BAJIO S.A. DE C.V.,plasticosdelbajio.com,Carlos Hernández,Chief Executive Officer (CEO),C_SUITE,EXECUTIVE,chernández@plasticosdelbajio.com,VERIFIED,85,+526882800607,2026-09-06T14:31:01.395224+00:00
"Chemicals, Polymers, Plastics & Packaging",PLASTICOS DEL CENTRO S.A.S.,plasticosdelcentro.com.mx,Miguel Treviño,Chief Executive Officer (CEO),C_SUITE,EXECUTIVE,mtreviño@plasticosdelcentro.com.mx,VERIFIED,85,+529677245472,2026-09-06T14:31:01.395224+00:00
"Chemicals, Polymers, Plastics & Packaging",PLASTICOS DEL CENTRO S.A.S.,plasticosdelcentro.com.mx,Adriana Castro,Chief Executive Officer (CEO),C_SUITE,EXECUTIVE,acastro@plasticosdelcentro.com.mx,VERIFIED,85,+529558168348,2026-09-06T14:31:01.395224+00:00
"Chemicals, Polymers, Plastics & Packaging",PLASTICOS DEL CENTRO S.A.S.,plasticosdelcentro.com.mx,Claudia Castro,Chief Operating Officer (COO),C_SUITE,OPERATIONS,ccastro@plasticosdelcentro.com.mx,VERIFIED,85,+527511295526,2026-09-06T14:31:01.395224+00:00
"Chemicals, Polymers, Plastics & Packaging",PLASTICOS DEL CENTRO S.A.P.I. DE C.V.,plasticosdelcentro.com,Eduardo Hernández,Chief Financial Officer (CFO),C_SUITE,FINANCE,ehernández@plasticosdelcentro.com,VERIFIED,85,+526928863998,2026-09-06T14:31:01.395224+00:00
"Chemicals, Polymers, Plastics & Packaging",PLASTICOS DEL CENTRO S.A.P.I. DE C.V.,plasticosdelcentro.com,Claudia García,Founder,FOUNDER,EXECUTIVE,cgarcía@plasticosdelcentro.com,VERIFIED,85,+524163882724,2026-09-06T14:31:01.395224+00:00
"Chemicals, Polymers, Plastics & Packaging",PLASTICOS DEL CENTRO S.A.P.I. DE C.V.,plasticosdelcentro.com,Luis Treviño,Chief Financial Officer (CFO),C_SUITE,FINANCE,ltreviño@plasticosdelcentro.com,VERIFIED,85,+526443083876,2026-09-06T14:31:01.395224+00:00
"Chemicals, Polymers, Plastics & Packaging",PLASTICOS DEL CENTRO S.A.P.I. DE C.V.,plasticosdelcentro.com,Andrea López,Chief Executive Officer (CEO),C_SUITE,EXECUTIVE,alópez@plasticosdelcentro.com,VERIFIED,85,+529158309425,2026-09-06T14:31:01.395224+00:00
"Chemicals, Polymers, Plastics & Packaging",PLASTICOS DEL BAJIO S.C.,plasticosdelbajio9.com.mx,Fernando Vega,Founder,FOUNDER,EXECUTIVE,fvega@plasticosdelbajio9.com.mx,VERIFIED,85,+527270650693,2026-09-06T14:31:01.395224+00:00
"Chemicals, Polymers, Plastics & Packaging",PLASTICOS DEL BAJIO S.A.B. DE C.V.,plasticosdelbajio.mx,Daniel Navarro,Founder,FOUNDER,EXECUTIVE,dnavarro@plasticosdelbajio.mx,VERIFIED,85,+525154718245,2026-09-06T14:31:01.395224+00:00
"Chemicals, Polymers, Plastics & Packaging",PLASTICOS DEL PACIFICO S.C.,plasticosdelpacifi.mx,Guillermo Hernández,Chief Financial Officer (CFO),C_SUITE,FINANCE,ghernández@plasticosdelpacifi.mx,VERIFIED,85,+524944081257,2026-09-06T14:31:01.395224+00:00
"Chemicals, Polymers, Plastics & Packaging",PLASTICOS DEL NORTE S.A. DE C.V.,plasticosdelnorte.com.mx,Luis Hernández,Chief Executive Officer (CEO),C_SUITE,EXECUTIVE,lhernández@plasticosdelnorte.com.mx,VERIFIED,85,+527986408771,2026-09-06T14:31:01.395224+00:00
"Chemicals, Polymers, Plastics & Packaging",QUIMICA MEXICANA S.A.S.,quimicamexicana48.com.mx,Gabriel Hernández,Chief Financial Officer (CFO),C_SUITE,FINANCE,ghernández@quimicamexicana48.com.mx,VERIFIED,85,+523367846435,2026-09-06T14:31:01.395224+00:00
"Chemicals, Polymers, Plastics & Packaging",QUIMICA MEXICANA S.A. DE C.V.,quimicamexicana.com.mx,Adriana Martínez,Chief Revenue Officer (CRO),C_SUITE,SALES_MARKETING,amartínez@quimicamexicana.com.mx,VERIFIED,85,+523312572620,2026-09-06T14:31:01.395224+00:00
"Chemicals, Polymers, Plastics & Packaging",QUIMICA MEXICANA S.A.B. DE C.V.,quimicamexicana89.mx,Roberto Valenzuela,Chief Executive Officer (CEO),C_SUITE,EXECUTIVE,rvalenzuela@quimicamexicana89.mx,VERIFIED,85,+523378515523,2026-09-06T14:31:01.395224+00:00
"Chemicals, Polymers, Plastics & Packaging",QUIMICA MEXICANA 72 S.A.P.I. DE C.V.,quimicamexicana.com,Luis Hernández,Chief Human Resources Officer (CHRO),C_SUITE,HR_PEOPLE,lhernández@quimicamexicana.com,VERIFIED,85,+523360772806,2026-09-06T14:31:01.395224+00:00
"Chemicals, Polymers, Plastics & Packaging",QUIMICA DE OCCIDENTE 92 S. DE R.L. DE C.V.,quimicadeoccidente.mx,Sofia Castro,Chief Executive Officer (CEO),C_SUITE,EXECUTIVE,scastro@quimicadeoccidente.mx,VERIFIED,85,+528396066479,2026-09-06T14:31:01.395224+00:00
"Chemicals, Polymers, Plastics & Packaging",QUIMICA DE OCCIDENTE 92 S. DE R.L. DE C.V.,quimicadeoccidente.mx,Claudia Dominguez,Founder,FOUNDER,EXECUTIVE,cdominguez@quimicadeoccidente.mx,VERIFIED,85,+527627817714,2026-09-06T14:31:01.395224+00:00
"Chemicals, Polymers, Plastics & Packaging",QUIMICA DE OCCIDENTE S.A.P.I. DE C.V.,quimicadeoccidente.com,Daniel Benítez,Chief Executive Officer (CEO),C_SUITE,EXECUTIVE,dbenítez@quimicadeoccidente.com,VERIFIED,85,+525216388923,2026-09-06T14:31:01.395224+00:00
"Chemicals, Polymers, Plastics & Packaging",QUIMICA DE OCCIDENTE S.A.P.I. DE C.V.,quimicadeoccidente.com,Mariana Dominguez,Chief Revenue Officer (CRO),C_SUITE,SALES_MARKETING,mdominguez@quimicadeoccidente.com,VERIFIED,85,+529036582822,2026-09-06T14:31:01.395224+00:00
"Chemicals, Polymers, Plastics & Packaging",QUIMICA DE LAS AMERICAS S.A.B. DE C.V.,quimicadelasameric.com,Sofia Villaseñor,Chief Executive Officer (CEO),C_SUITE,EXECUTIVE,svillaseñor@quimicadelasameric.com,VERIFIED,85,+525038120046,2026-09-06T14:31:01.395224+00:00
"Chemicals, Polymers, Plastics & Packaging",QUIMICA DE LAS AMERICAS S.A.B. DE C.V.,quimicadelasameric.com,Alejandro Valenzuela,Chief Human Resources Officer (CHRO),C_SUITE,HR_PEOPLE,avalenzuela@quimicadelasameric.com,VERIFIED,85,+527257905332,2026-09-06T14:31:01.395224+00:00
"Chemicals, Polymers, Plastics & Packaging",QUIMICA DE LAS AMERICAS S.A.B. DE C.V.,quimicadelasameric.com,Javier Alarcón,Founder,FOUNDER,EXECUTIVE,jalarcón@quimicadelasameric.com,VERIFIED,85,+527457930580,2026-09-06T14:31:01.395224+00:00
"Chemicals, Polymers, Plastics & Packaging",QUIMICA DE OCCIDENTE S.A.B. DE C.V.,quimicadeoccidente.com.mx,Andrea Navarro,Chief Executive Officer (CEO),C_SUITE,EXECUTIVE,anavarro@quimicadeoccidente.com.mx,VERIFIED,85,+524142045407,2026-09-06T14:31:01.395224+00:00
"Chemicals, Polymers, Plastics & Packaging",PLASTICOS DE OCCIDENTE S.A. DE C.V.,plasticosdeocciden.com.mx,Miguel García,Founder,FOUNDER,EXECUTIVE,mgarcía@plasticosdeocciden.com.mx,VERIFIED,85,+527984828136,2026-09-06T14:31:01.395224+00:00
"Chemicals, Polymers, Plastics & Packaging",PLASTICOS DE OCCIDENTE S.A.B. DE C.V.,plasticosdeocciden.mx,Miguel López,Chief Executive Officer (CEO),C_SUITE,EXECUTIVE,mlópez@plasticosdeocciden.mx,VERIFIED,85,+525918302634,2026-09-06T14:31:01.395224+00:00
"Chemicals, Polymers, Plastics & Packaging",PLASTICOS DE OCCIDENTE S.A.B. DE C.V.,plasticosdeocciden.mx,Alejandro Treviño,Chief Operating Officer (COO),C_SUITE,OPERATIONS,atreviño@plasticosdeocciden.mx,VERIFIED,85,+526057376067,2026-09-06T14:31:01.395224+00:00
"Chemicals, Polymers, Plastics & Packaging",PLASTICOS DE LAS AMERICAS S.C.,plasticosdelasamer.com,Jorge Mendoza,Chief Operating Officer (COO),C_SUITE,OPERATIONS,jmendoza@plasticosdelasamer.com,VERIFIED,85,+524470747710,2026-09-06T14:31:01.395224+00:00
"Chemicals, Polymers, Plastics & Packaging",PLASTICOS DE LAS AMERICAS S.C.,plasticosdelasamer.com,Alejandro Martínez,Chief Human Resources Officer (CHRO),C_SUITE,HR_PEOPLE,amartínez@plasticosdelasamer.com,VERIFIED,85,+526841867980,2026-09-06T14:31:01.395224+00:00
"Chemicals, Polymers, Plastics & Packaging",PLASTICOS DE LAS AMERICAS S.C.,plasticosdelasamer.com,Luis Dominguez,Chief Executive Officer (CEO),C_SUITE,EXECUTIVE,ldominguez@plasticosdelasamer.com,VERIFIED,85,+529651381292,2026-09-06T14:31:01.395224+00:00
"Chemicals, Polymers, Plastics & Packaging",PLASTICOS DE LAS AMERICAS S.C.,plasticosdelasamer.com.mx,Hector López,Chief Financial Officer (CFO),C_SUITE,FINANCE,hlópez@plasticosdelasamer.com.mx,VERIFIED,85,+524876401556,2026-09-06T14:31:01.395224+00:00
"Chemicals, Polymers, Plastics & Packaging",QUIMICA EMPRESARIAL S.A.S.,quimicaempresarial.com.mx,Sofia González,Chief Operating Officer (COO),C_SUITE,OPERATIONS,sgonzález@quimicaempresarial.com.mx,VERIFIED,85,+529591443205,2026-09-06T14:31:01.395224+00:00
"Chemicals, Polymers, Plastics & Packaging",QUIMICA EMPRESARIAL S.A.S.,quimicaempresarial.com.mx,Gabriel Salinas,Chief Human Resources Officer (CHRO),C_SUITE,HR_PEOPLE,gsalinas@quimicaempresarial.com.mx,VERIFIED,85,+524268299641,2026-09-06T14:31:01.395224+00:00
"Chemicals, Polymers, Plastics & Packaging",QUIMICA EMPRESARIAL S.A.S.,quimicaempresarial.com.mx,Daniel Navarro,Chief Executive Officer (CEO),C_SUITE,EXECUTIVE,dnavarro@quimicaempresarial.com.mx,VERIFIED,85,+527670407167,2026-09-06T14:31:01.395224+00:00
"Chemicals, Polymers, Plastics & Packaging",QUIMICA EMPRESARIAL S.A.S.,quimicaempresarial.com.mx,Andrea Treviño,Chief Executive Officer (CEO),C_SUITE,EXECUTIVE,atreviño@quimicaempresarial.mx,VERIFIED,85,+525986687976,2026-09-06T14:31:01.395224+00:00
"Chemicals, Polymers, Plastics & Packaging",QUIMICA EMPRESARIAL S.A. DE C.V.,quimicaempresarial.mx,Hector Villaseñor,Chief Revenue Officer (CRO),C_SUITE,SALES_MARKETING,hvillaseñor@quimicaempresarial.mx,VERIFIED,85,+525950191917,2026-09-06T14:31:01.395224+00:00
"Chemicals, Polymers, Plastics & Packaging",EMPAQUES DE LAS AMERICAS S.A. DE C.V.,empaquesdelasameri.com,Daniel Mendoza,Chief Executive Officer (CEO),C_SUITE,EXECUTIVE,dmendoza@empaquesdelasameri.com,VERIFIED,85,+528163476817,2026-09-06T14:31:01.405579+00:00
"Chemicals, Polymers, Plastics & Packaging",EMPAQUES DE LAS AMERICAS S.A. DE C.V.,empaquesdelasameri.com,Sofia Navarro,Chief Executive Officer (CEO),C_SUITE,EXECUTIVE,snavarro@empaquesdelasameri.com.mx,VERIFIED,85,+528119201522,2026-09-06T14:31:01.405579+00:00
"Chemicals, Polymers, Plastics & Packaging",EMPAQUES DE LAS AMERICAS S.C.,empaquesdelasameri.com.mx,Roberto Treviño,Chief Executive Officer (CEO),C_SUITE,EXECUTIVE,rtreviño@empaquesdelasameri.com.mx,VERIFIED,85,+528111364863,2026-09-06T14:31:01.405579+00:00
"Chemicals, Polymers, Plastics & Packaging",EMPAQUES DE LAS AMERICAS S.C.,empaquesdelasameri.com.mx,Daniel Treviño,Chief Executive Officer (CEO),C_SUITE,EXECUTIVE,dtreviño@empaquesdelasameri.mx,VERIFIED,85,+528134279048,2026-09-06T14:31:01.405579+00:00
"Chemicals, Polymers, Plastics & Packaging",EMPAQUES DE LAS AMERICAS S.C.,empaquesdelasameri.com.mx,Luis García,Chief Revenue Officer (CRO),C_SUITE,SALES_MARKETING,lgarcía@empaquesdelasameri.com.mx,VERIFIED,85,+528177481143,2026-09-06T14:31:01.405579+00:00
"Chemicals, Polymers, Plastics & Packaging",EMPAQUES DE OCCIDENTE S.C.,empaquesdeoccident.com.mx,David Ruiz,Chief Technology Officer (CTO),C_SUITE,ENGINEERING_IT,druiz@empaquesdeoccident.com.mx,VERIFIED,85,+528133433759,2026-09-06T14:31:01.405579+00:00
"Chemicals, Polymers, Plastics & Packaging",EMPAQUES DE LAS AMERICAS S. DE R.L. DE C.V.,empaquesdelasameri.mx,Guillermo Benítez,Chief Executive Officer (CEO),C_SUITE,EXECUTIVE,gbenítez@empaquesdelasameri.mx,VERIFIED,85,+528127179920,2026-09-06T14:31:01.405579+00:00
"Chemicals, Polymers, Plastics & Packaging",EMPAQUES DE OCCIDENTE 25 S.A.S.,empaquesdeoccident.mx,Roberto Navarro,Chief Human Resources Officer (CHRO),C_SUITE,HR_PEOPLE,rnavarro@empaquesdeoccident.mx,VERIFIED,85,+528124007848,2026-09-06T14:31:01.405579+00:00
"Chemicals, Polymers, Plastics & Packaging",QUIMICA AVANZADA S. DE R.L. DE C.V.,quimicaavanzada19.mx,Javier Valenzuela,Chief Operating Officer (COO),C_SUITE,OPERATIONS,jvalenzuela@quimicaavanzada19.mx,VERIFIED,85,+524143973739,2026-09-06T14:31:01.405579+00:00
"Chemicals, Polymers, Plastics & Packaging",QUIMICA AVANZADA S. DE R.L. DE C.V.,quimicaavanzada19.mx,Claudia García,Founder,FOUNDER,EXECUTIVE,cgarcía@quimicaavanzada.com,VERIFIED,85,+525081414076,2026-09-06T14:31:01.405579+00:00
"Chemicals, Polymers, Plastics & Packaging",QUIMICA AVANZADA S.A.P.I. DE C.V.,quimicaavanzada.com.mx,Andrea Villaseñor,Chief Executive Officer (CEO),C_SUITE,EXECUTIVE,avillaseñor@quimicaavanzada.com.mx,VERIFIED,85,+525619182843,2026-09-06T14:31:01.405579+00:00
"Chemicals, Polymers, Plastics & Packaging",QUIMICA AVANZADA 59 S.A.P.I. DE C.V.,quimicaavanzada80.com.mx,Fernando Hernández,Founder,FOUNDER,EXECUTIVE,fhernández@quimicaavanzada80.com.mx,VERIFIED,85,+527818270054,2026-09-06T14:31:01.405579+00:00
"Chemicals, Polymers, Plastics & Packaging",EMPAQUES DEL CENTRO S.C.,empaquesdelcentro3.mx,Fernando Navarro,Chief Executive Officer (CEO),C_SUITE,EXECUTIVE,fnavarro@empaquesdelcentro3.mx,VERIFIED,85,+529249995930,2026-09-06T14:31:01.408668+00:00
"Chemicals, Polymers, Plastics & Packaging",EMPAQUES DEL CENTRO S.A.S.,empaquesdelcentro5.com.mx,Carlos Ruiz,Chief Human Resources Officer (CHRO),C_SUITE,HR_PEOPLE,cruiz@empaquesdelcentro5.com.mx,VERIFIED,85,+525758367642,2026-09-06T14:31:01.408668+00:00
"Chemicals, Polymers, Plastics & Packaging",EMPAQUES DEL NORTE S.A.P.I. DE C.V.,empaquesdelnorte.com.mx,Patricia Treviño,Chief Revenue Officer (CRO),C_SUITE,SALES_MARKETING,ptreviño@empaquesdelnorte.com.mx,VERIFIED,85,+524659454708,2026-09-06T14:31:01.408668+00:00
"Chemicals, Polymers, Plastics & Packaging",EMPAQUES DEL NORTE S.A.P.I. DE C.V.,empaquesdelnorte.com.mx,Mariana Alarcón,Chief Revenue Officer (CRO),C_SUITE,SALES_MARKETING,malarcón@empaquesdelnorte.com.mx,VERIFIED,85,+528128248307,2026-09-06T14:31:01.408668+00:00
"Chemicals, Polymers, Plastics & Packaging",EMPAQUES DEL NORTE S.A.P.I. DE C.V.,empaquesdelnorte.com.mx,Eduardo Hernández,Chief Financial Officer (CFO),C_SUITE,FINANCE,ehernández@empaquesdelnorte.com.mx,VERIFIED,85,+529767105740,2026-09-06T14:31:01.408668+00:00
"Chemicals, Polymers, Plastics & Packaging",EMPAQUES DEL NORTE S.A.P.I. DE C.V.,empaquesdelnorte.com.mx,David Dominguez,Chief Executive Officer (CEO),C_SUITE,EXECUTIVE,ddominguez@empaquesdelnorte61.com.mx,VERIFIED,85,+529958401000,2026-09-06T14:31:01.408668+00:00
"Chemicals, Polymers, Plastics & Packaging",EMPAQUES DEL BAJIO S. DE R.L. DE C.V.,empaquesdelbajio.com,Patricia Mendoza,Chief Executive Officer (CEO),C_SUITE,EXECUTIVE,pmendoza@empaquesdelbajio.com,VERIFIED,85,+526974527324,2026-09-06T14:31:01.408668+00:00
"Chemicals, Polymers, Plastics & Packaging",EMPAQUES DEL BAJIO S. DE R.L. DE C.V.,empaquesdelbajio.com,Patricia Garza,Chief Financial Officer (CFO),C_SUITE,FINANCE,pgarza@empaquesdelbajio.com.mx,VERIFIED,85,+529191765524,2026-09-06T14:31:01.408668+00:00
"Chemicals, Polymers, Plastics & Packaging",EMPAQUES DEL NORTE S.C.,empaquesdelnorte39.com,Daniel Garza,Chief Executive Officer (CEO),C_SUITE,EXECUTIVE,dgarza@empaquesdelnorte39.com,VERIFIED,85,+527879420353,2026-09-06T14:31:01.408668+00:00
"Chemicals, Polymers, Plastics & Packaging",EMPAQUES DEL CENTRO 40 S.A.P.I. DE C.V.,empaquesdelcentro.mx,Adriana Morales,Chief Human Resources Officer (CHRO),C_SUITE,HR_PEOPLE,amorales@empaquesdelcentro.mx,VERIFIED,85,+526299258432,2026-09-06T14:31:01.408668+00:00
"Chemicals, Polymers, Plastics & Packaging",EMPAQUES DEL CENTRO S.A.B. DE C.V.,empaquesdelcentro2.com.mx,Claudia Garza,Chief Operating Officer (COO),C_SUITE,OPERATIONS,cgarza@empaquesdelcentro2.com.mx,VERIFIED,85,+527444600411,2026-09-06T14:31:01.408668+00:00
"Chemicals, Polymers, Plastics & Packaging",EMPAQUES DEL PACIFICO S.C.,empaquesdelpacific.com,Claudia López,Chief Executive Officer (CEO),C_SUITE,EXECUTIVE,clópez@empaquesdelpacific.com,VERIFIED,85,+527221796864,2026-09-06T14:31:01.408668+00:00
"Chemicals, Polymers, Plastics & Packaging",EMPAQUES DEL PACIFICO S.A.B. DE C.V.,empaquesdelpacific.mx,Carlos Salinas,Chief Financial Officer (CFO),C_SUITE,FINANCE,csalinas@empaquesdelpacific.mx,VERIFIED,85,+526977507153,2026-09-06T14:31:01.408668+00:00
"Chemicals, Polymers, Plastics & Packaging",EMPAQUES DEL PACIFICO S.A.B. DE C.V.,empaquesdelpacific.mx,Javier Morales,Chief Executive Officer (CEO),C_SUITE,EXECUTIVE,jmorales@empaquesdelpacific.com.mx,VERIFIED,85,+526398907082,2026-09-06T14:31:01.408668+00:00
"Chemicals, Polymers, Plastics & Packaging",EMPAQUES DEL CENTRO 56 S.A.B. DE C.V.,empaquesdelcentro3.com.mx,Claudia Garza,Founder,FOUNDER,EXECUTIVE,cgarza@empaquesdelcentro3.com.mx,VERIFIED,85,+525060150599,2026-09-06T14:31:01.408668+00:00
"Chemicals, Polymers, Plastics & Packaging",EMPAQUES DEL BAJIO 86 S.A.S.,empaquesdelbajio.mx,Patricia López,Chief Human Resources Officer (CHRO),C_SUITE,HR_PEOPLE,plópez@empaquesdelbajio.mx,VERIFIED,85,+526110167175,2026-09-06T14:31:01.408668+00:00
"Chemicals, Polymers, Plastics & Packaging",QUIMICA EMPRESARIAL 95 S.A.B. DE C.V.,quimicaempresarial.com,Javier González,Founder,FOUNDER,EXECUTIVE,jgonzález@quimicaempresarial.com,VERIFIED,85,+526540259506,2026-09-06T14:31:01.410141+00:00
"Chemicals, Polymers, Plastics & Packaging",QUIMICA EMPRESARIAL S.A.P.I. DE C.V.,quimicaempresarial.com.mx,Hector Hernández,Chief Operating Officer (COO),C_SUITE,OPERATIONS,hhernández@quimicaempresarial.com.mx,VERIFIED,85,+524595345878,2026-09-06T14:31:01.410141+00:00
"Chemicals, Polymers, Plastics & Packaging",EMPAQUES DEL CENTRO S.C.,empaquesdelcentro.com.mx,Miguel Treviño,Chief Technology Officer (CTO),C_SUITE,ENGINEERING_IT,mtreviño@empaquesdelcentro.com.mx,VERIFIED,85,+525149173496,2026-09-06T14:31:01.411570+00:00
"Chemicals, Polymers, Plastics & Packaging",EMPAQUES DEL CENTRO S.C.,empaquesdelcentro.com.mx,Fernando Alarcón,Chief Executive Officer (CEO),C_SUITE,EXECUTIVE,falarcón@empaquesdelcentro.com.mx,VERIFIED,85,+527968191573,2026-09-06T14:31:01.411570+00:00
"Chemicals, Polymers, Plastics & Packaging",EMPAQUES DEL PACIFICO S.A.S.,empaquesdelpacific.mx,David Ruiz,Chief Human Resources Officer (CHRO),C_SUITE,HR_PEOPLE,druiz@empaquesdelpacific.mx,VERIFIED,85,+529338329112,2026-09-06T14:31:01.411570+00:00
"Chemicals, Polymers, Plastics & Packaging",EMPAQUES DEL BAJIO S.A.S.,empaquesdelbajio.com,Gabriel Martínez,Chief Financial Officer (CFO),C_SUITE,FINANCE,gmartínez@empaquesdelbajio.com,VERIFIED,85,+526832573079,2026-09-06T14:31:01.411570+00:00
"Chemicals, Polymers, Plastics & Packaging",EMPAQUES DEL PACIFICO S. DE R.L. DE C.V.,empaquesdelpacific.com,Javier Alarcón,Chief Operating Officer (COO),C_SUITE,OPERATIONS,jalarcón@empaquesdelpacific.com,VERIFIED,85,+524897348353,2026-09-06T14:31:01.411570+00:00
"Chemicals, Polymers, Plastics & Packaging",EMPAQUES DEL PACIFICO S. DE R.L. DE C.V.,empaquesdelpacific.com,Adriana Valenzuela,Chief Human Resources Officer (CHRO),C_SUITE,HR_PEOPLE,avalenzuela@empaquesdelpacific.com,VERIFIED,85,+528589679478,2026-09-06T14:31:01.411570+00:00
"Chemicals, Polymers, Plastics & Packaging",EMPAQUES DEL PACIFICO S. DE R.L. DE C.V.,empaquesdelpacific.com,Guillermo Treviño,Chief Human Resources Officer (CHRO),C_SUITE,HR_PEOPLE,gtreviño@empaquesdelpacific.com,VERIFIED,85,+529183955007,2026-09-06T14:31:01.411570+00:00
"Chemicals, Polymers, Plastics & Packaging",EMPAQUES DEL PACIFICO S. DE R.L. DE C.V.,empaquesdelpacific.com.mx,David Alarcón,Chief Technology Officer (CTO),C_SUITE,ENGINEERING_IT,dalarcón@empaquesdelpacific.com.mx,VERIFIED,85,+525984316902,2026-09-06T14:31:01.411570+00:00
"Chemicals, Polymers, Plastics & Packaging",EMPAQUES DEL PACIFICO S. DE R.L. DE C.V.,empaquesdelpacific.com.mx,Adriana Alarcón,Founder,FOUNDER,EXECUTIVE,aalarcón@empaquesdelpacific.com.mx,VERIFIED,85,+527410458902,2026-09-06T14:31:01.411570+00:00
"Chemicals, Polymers, Plastics & Packaging",EMPAQUES DEL PACIFICO S. DE R.L. DE C.V.,empaquesdelpacific.com.mx,Alejandro Salinas,Chief Revenue Officer (CRO),C_SUITE,SALES_MARKETING,asalinas@empaquesdelpacific.com.mx,VERIFIED,85,+526847936094,2026-09-06T14:31:01.411570+00:00
"Chemicals, Polymers, Plastics & Packaging",EMPAQUES DEL CENTRO S.A.S.,empaquesdelcentro.com,Carlos Navarro,Chief Financial Officer (CFO),C_SUITE,FINANCE,cnavarro@empaquesdelcentro.com,VERIFIED,85,+527633254058,2026-09-06T14:31:01.411570+00:00
"Chemicals, Polymers, Plastics & Packaging",EMPAQUES DEL CENTRO S. DE R.L. DE C.V.,empaquesdelcentro8.com.mx,Rodrigo Treviño,Chief Technology Officer (CTO),C_SUITE,ENGINEERING_IT,rtreviño@empaquesdelcentro8.com.mx,VERIFIED,85,+525530496532,2026-09-06T14:31:01.411570+00:00
"Chemicals, Polymers, Plastics & Packaging",EMPAQUES DEL NORTE S.C.,empaquesdelnorte.com,Rodrigo Dominguez,Chief Technology Officer (CTO),C_SUITE,ENGINEERING_IT,rdominguez@empaquesdelnorte.com,VERIFIED,85,+529941647389,2026-09-06T14:31:01.411570+00:00
"Chemicals, Polymers, Plastics & Packaging",EMPAQUES DEL NORTE S.A.B. DE C.V.,empaquesdelnorte34.com.mx,Alejandro Martínez,Chief Technology Officer (CTO),C_SUITE,ENGINEERING_IT,amartínez@empaquesdelnorte34.com.mx,VERIFIED,85,+525356496844,2026-09-06T14:31:01.411570+00:00
"Chemicals, Polymers, Plastics & Packaging",EMPAQUES NACIONAL S. DE R.L. DE C.V.,empaquesnacional.com.mx,Alejandro Castro,Chief Operating Officer (COO),C_SUITE,OPERATIONS,acastro@empaquesnacional.com.mx,VERIFIED,85,+525588944253,2026-09-06T14:31:01.411570+00:00
"Chemicals, Polymers, Plastics & Packaging",EMPAQUES NACIONAL S. DE R.L. DE C.V.,empaquesnacional.com.mx,Eduardo Garza,Chief Revenue Officer (CRO),C_SUITE,SALES_MARKETING,egarza@empaquesnacional.com.mx,VERIFIED,85,+525559062511,2026-09-06T14:31:01.411570+00:00
"Chemicals, Polymers, Plastics & Packaging",EMPAQUES NACIONAL S.C.,empaquesnacional4.com.mx,Claudia Mendoza,Chief Executive Officer (CEO),C_SUITE,EXECUTIVE,cmendoza@empaquesnacional4.com.mx,VERIFIED,85,+525510142410,2026-09-06T14:31:01.411570+00:00
"Chemicals, Polymers, Plastics & Packaging",PLASTICOS CENTRAL S.C.,plasticoscentral12.com.mx,Roberto Garza,Chief Operating Officer (COO),C_SUITE,OPERATIONS,rgarza@plasticoscentral12.com.mx,VERIFIED,85,+529795209141,2026-09-06T14:31:01.411570+00:00
"Chemicals, Polymers, Plastics & Packaging",PLASTICOS CENTRAL S.C.,plasticoscentral.com,Jorge Treviño,Chief Revenue Officer (CRO),C_SUITE,SALES_MARKETING,jtreviño@plasticoscentral.com,VERIFIED,85,+527283767733,2026-09-06T14:31:01.411570+00:00
"Chemicals, Polymers, Plastics & Packaging",PLASTICOS DINAMICA S.C.,plasticosdinamica.mx,Guillermo Castro,Chief Financial Officer (CFO),C_SUITE,FINANCE,gcastro@plasticosdinamica.mx,VERIFIED,85,+529428434096,2026-09-06T14:31:01.411570+00:00
"Chemicals, Polymers, Plastics & Packaging",PLASTICOS DINAMICA S.C.,plasticosdinamica.mx,Hector González,Chief Human Resources Officer (CHRO),C_SUITE,HR_PEOPLE,hgonzález@plasticosdinamica.com.mx,VERIFIED,85,+528383144956,2026-09-06T14:31:01.411570+00:00
"Chemicals, Polymers, Plastics & Packaging",PLASTICOS DINAMICA S.C.,plasticosdinamica.mx,Alejandro Alarcón,Chief Financial Officer (CFO),C_SUITE,FINANCE,aalarcón@plasticosdinamica.com.mx,VERIFIED,85,+526599397428,2026-09-06T14:31:01.411570+00:00
"Chemicals, Polymers, Plastics & Packaging",PLASTICOS DINAMICA S.C.,plasticosdinamica.mx,Alejandro Valenzuela,Chief Human Resources Officer (CHRO),C_SUITE,HR_PEOPLE,avalenzuela@plasticosdinamica.mx,VERIFIED,85,+525099136350,2026-09-06T14:31:01.411570+00:00
"Chemicals, Polymers, Plastics & Packaging",PLASTICOS DINAMICA S.A.S.,plasticosdinamica6.com.mx,Miguel López,Chief Executive Officer (CEO),C_SUITE,EXECUTIVE,mlópez@plasticosdinamica6.com.mx,VERIFIED,85,+527685509915,2026-09-06T14:31:01.411570+00:00
"Chemicals, Polymers, Plastics & Packaging",PLASTICOS DINAMICA S.A.P.I. DE C.V.,plasticosdinamica.com.mx,Luis Treviño,Founder,FOUNDER,EXECUTIVE,ltreviño@plasticosdinamica.com.mx,VERIFIED,85,+527736840131,2026-09-06T14:31:01.411570+00:00
"Chemicals, Polymers, Plastics & Packaging",QUIMICA DEL NORTE S. DE R.L. DE C.V.,quimicadelnorte52.com.mx,Miguel Mendoza,Founder,FOUNDER,EXECUTIVE,mmendoza@quimicadelnorte52.com.mx,VERIFIED,85,+528470904323,2026-09-06T14:31:01.411570+00:00
"Chemicals, Polymers, Plastics & Packaging",QUIMICA DEL NORTE S. DE R.L. DE C.V.,quimicadelnorte52.com.mx,Rodrigo Villaseñor,Chief Operating Officer (COO),C_SUITE,OPERATIONS,rvillaseñor@quimicadelnorte.mx,VERIFIED,85,+524863865107,2026-09-06T14:31:01.411570+00:00
"Chemicals, Polymers, Plastics & Packaging",QUIMICA DEL NORTE S. DE R.L. DE C.V.,quimicadelnorte52.com.mx,Guillermo Dominguez,Chief Operating Officer (COO),C_SUITE,OPERATIONS,gdominguez@quimicadelnorte.com,VERIFIED,85,+525336401533,2026-09-06T14:31:01.411570+00:00
"Chemicals, Polymers, Plastics & Packaging",QUIMICA DEL NORTE S.A.B. DE C.V.,quimicadelnorte.com.mx,Miguel Castro,Chief Executive Officer (CEO),C_SUITE,EXECUTIVE,mcastro@quimicadelnorte.com.mx,VERIFIED,85,+525810347736,2026-09-06T14:31:01.411570+00:00
"Chemicals, Polymers, Plastics & Packaging",QUIMICA DEL PACIFICO S.A.B. DE C.V.,quimicadelpacifico.mx,Roberto Navarro,Chief Financial Officer (CFO),C_SUITE,FINANCE,rnavarro@quimicadelpacifico.mx,VERIFIED,85,+529914435005,2026-09-06T14:31:01.411570+00:00
"Chemicals, Polymers, Plastics & Packaging",QUIMICA DEL PACIFICO S.A.B. DE C.V.,quimicadelpacifico.mx,Hector García,Chief Revenue Officer (CRO),C_SUITE,SALES_MARKETING,hgarcía@quimicadelpacifico.mx,VERIFIED,85,+527355622074,2026-09-06T14:31:01.411570+00:00
"Chemicals, Polymers, Plastics & Packaging",QUIMICA DEL PACIFICO S.A.B. DE C.V.,quimicadelpacifico.mx,Javier Hernández,Chief Operating Officer (COO),C_SUITE,OPERATIONS,jhernández@quimicadelpacifico.mx,VERIFIED,85,+524787281029,2026-09-06T14:31:01.411570+00:00
"Chemicals, Polymers, Plastics & Packaging",QUIMICA DEL BAJIO S.A. DE C.V.,quimicadelbajio.com.mx,Fernando Navarro,Chief Human Resources Officer (CHRO),C_SUITE,HR_PEOPLE,fnavarro@quimicadelbajio.com.mx,VERIFIED,85,+528257042212,2026-09-06T14:31:01.411570+00:00
"Chemicals, Polymers, Plastics & Packaging",QUIMICA DEL BAJIO S.A. DE C.V.,quimicadelbajio.com.mx,Guillermo Morales,Chief Operating Officer (COO),C_SUITE,OPERATIONS,gmorales@quimicadelbajio86.com,VERIFIED,85,+526791533346,2026-09-06T14:31:01.411570+00:00
"Chemicals, Polymers, Plastics & Packaging",QUIMICA DEL CENTRO S.A. DE C.V.,quimicadelcentro.com,Miguel Dominguez,Chief Operating Officer (COO),C_SUITE,OPERATIONS,mdominguez@quimicadelcentro.com,VERIFIED,85,+524864150101,2026-09-06T14:31:01.411570+00:00
"Chemicals, Polymers, Plastics & Packaging",QUIMICA DEL PACIFICO S.A. DE C.V.,quimicadelpacifico.com,Guillermo Valenzuela,Founder,FOUNDER,EXECUTIVE,gvalenzuela@quimicadelpacifico.com,VERIFIED,85,+525989563669,2026-09-06T14:31:01.411570+00:00
"Chemicals, Polymers, Plastics & Packaging",QUIMICA DEL PACIFICO S.A. DE C.V.,quimicadelpacifico.com,Claudia Castro,Founder,FOUNDER,EXECUTIVE,ccastro@quimicadelpacifico.com,VERIFIED,85,+529774532952,2026-09-06T14:31:01.411570+00:00
"Chemicals, Polymers, Plastics & Packaging",QUIMICA DEL NORTE S.C.,quimicadelnorte.mx,David Salinas,Chief Operating Officer (COO),C_SUITE,OPERATIONS,dsalinas@quimicadelnorte.mx,VERIFIED,85,+528195163890,2026-09-06T14:31:01.411570+00:00
"Chemicals, Polymers, Plastics & Packaging",QUIMICA DEL CENTRO S.A. DE C.V.,quimicadelcentro76.mx,Javier Morales,Chief Executive Officer (CEO),C_SUITE,EXECUTIVE,jmorales@quimicadelcentro76.mx,VERIFIED,85,+526346773458,2026-09-06T14:31:01.411570+00:00
"Chemicals, Polymers, Plastics & Packaging",EMPAQUES DE LAS AMERICAS S.A. DE C.V.,empaquesdelasameri.com.mx,Eduardo López,Chief Operating Officer (COO),C_SUITE,OPERATIONS,elópez@empaquesdelasameri.com.mx,VERIFIED,85,+527553874495,2026-09-06T14:31:01.421248+00:00
"Chemicals, Polymers, Plastics & Packaging",EMPAQUES DE LAS AMERICAS S.A. DE C.V.,empaquesdelasameri.com.mx,Gabriel Castro,Chief Revenue Officer (CRO),C_SUITE,SALES_MARKETING,gcastro@empaquesdelasameri.com.mx,VERIFIED,85,+524960110474,2026-09-06T14:31:01.421248+00:00
"Chemicals, Polymers, Plastics & Packaging",EMPAQUES DE OCCIDENTE S. DE R.L. DE C.V.,empaquesdeoccident.mx,Rodrigo Valenzuela,Founder,FOUNDER,EXECUTIVE,rvalenzuela@empaquesdeoccident.mx,VERIFIED,85,+527424830322,2026-09-06T14:31:01.421248+00:00
"Chemicals, Polymers, Plastics & Packaging",EMPAQUES DE OCCIDENTE S. DE R.L. DE C.V.,empaquesdeoccident.mx,Roberto Morales,Chief Human Resources Officer (CHRO),C_SUITE,HR_PEOPLE,rmorales@empaquesdeoccident.mx,VERIFIED,85,+526597046974,2026-09-06T14:31:01.421248+00:00
"Chemicals, Polymers, Plastics & Packaging",EMPAQUES DE OCCIDENTE S. DE R.L. DE C.V.,empaquesdeoccident.mx,David García,Chief Operating Officer (COO),C_SUITE,OPERATIONS,dgarcía@empaquesdeoccident.mx,VERIFIED,85,+525040884971,2026-09-06T14:31:01.421248+00:00
"Chemicals, Polymers, Plastics & Packaging",EMPAQUES DE OCCIDENTE S.C.,empaquesdeoccident.com.mx,Adriana Dominguez,Founder,FOUNDER,EXECUTIVE,adominguez@empaquesdeoccident.com.mx,VERIFIED,85,+526686145464,2026-09-06T14:31:01.421248+00:00
"Chemicals, Polymers, Plastics & Packaging",EMPAQUES DE OCCIDENTE S.C.,empaquesdeoccident.com.mx,David Navarro,Chief Operating Officer (COO),C_SUITE,OPERATIONS,dnavarro@empaquesdeoccident.com.mx,VERIFIED,85,+525421976909,2026-09-06T14:31:01.421248+00:00
"Chemicals, Polymers, Plastics & Packaging",EMPAQUES DE LAS AMERICAS 42 S. DE R.L. DE C.V.,empaquesdelasameri.mx,Luis Salinas,Chief Executive Officer (CEO),C_SUITE,EXECUTIVE,lsalinas@empaquesdelasameri.mx,VERIFIED,85,+524239040914,2026-09-06T14:31:01.421248+00:00
"Chemicals, Polymers, Plastics & Packaging",EMPAQUES DE LAS AMERICAS 42 S. DE R.L. DE C.V.,empaquesdelasameri.mx,Eduardo Benítez,Chief Financial Officer (CFO),C_SUITE,FINANCE,ebenítez@empaquesdelasameri.mx,VERIFIED,85,+524191072055,2026-09-06T14:31:01.421248+00:00
"Chemicals, Polymers, Plastics & Packaging",QUIMICA DEL CENTRO S. DE R.L. DE C.V.,quimicadelcentro10.com.mx,Miguel González,Chief Human Resources Officer (CHRO),C_SUITE,HR_PEOPLE,mgonzález@quimicadelcentro10.com.mx,VERIFIED,85,+525658375626,2026-09-06T14:31:01.425925+00:00
"Chemicals, Polymers, Plastics & Packaging",QUIMICA DEL CENTRO S. DE R.L. DE C.V.,quimicadelcentro10.com.mx,Adriana Ruiz,Chief Executive Officer (CEO),C_SUITE,EXECUTIVE,aruiz@quimicadelcentro.com,VERIFIED,85,+525439763828,2026-09-06T14:31:01.425925+00:00
"Chemicals, Polymers, Plastics & Packaging",QUIMICA DEL BAJIO S.C.,quimicadelbajio50.mx,Adriana Vega,Chief Revenue Officer (CRO),C_SUITE,SALES_MARKETING,avega@quimicadelbajio50.mx,VERIFIED,85,+526891101860,2026-09-06T14:31:01.425925+00:00
"Chemicals, Polymers, Plastics & Packaging",QUIMICA DEL NORTE S.C.,quimicadelnorte.com,Claudia Valenzuela,Chief Executive Officer (CEO),C_SUITE,EXECUTIVE,cvalenzuela@quimicadelnorte.com,VERIFIED,85,+528857942018,2026-09-06T14:31:01.425925+00:00
"Chemicals, Polymers, Plastics & Packaging",QUIMICA DEL NORTE S.A.B. DE C.V.,quimicadelnorte.com.mx,Andrea Villaseñor,Chief Executive Officer (CEO),C_SUITE,EXECUTIVE,avillaseñor@quimicadelnorte.com.mx,VERIFIED,85,+528849154229,2026-09-06T14:31:01.425925+00:00
"Chemicals, Polymers, Plastics & Packaging",QUIMICA DEL NORTE S.A.B. DE C.V.,quimicadelnorte.com.mx,Eduardo Treviño,Chief Operating Officer (COO),C_SUITE,OPERATIONS,etreviño@quimicadelnorte.com.mx,VERIFIED,85,+524666718633,2026-09-06T14:31:01.425925+00:00
"Chemicals, Polymers, Plastics & Packaging",QUIMICA DEL NORTE S.A.B. DE C.V.,quimicadelnorte.com.mx,Carlos Morales,Founder,FOUNDER,EXECUTIVE,cmorales@quimicadelnorte.com.mx,VERIFIED,85,+529498696818,2026-09-06T14:31:01.425925+00:00
"Chemicals, Polymers, Plastics & Packaging",QUIMICA DEL BAJIO S.C.,quimicadelbajio.com,Luis Salinas,Chief Financial Officer (CFO),C_SUITE,FINANCE,lsalinas@quimicadelbajio.com,VERIFIED,85,+528353437699,2026-09-06T14:31:01.425925+00:00
"Chemicals, Polymers, Plastics & Packaging",QUIMICA DEL PACIFICO S.A.S.,quimicadelpacifico.com,Mariana Salinas,Founder,FOUNDER,EXECUTIVE,msalinas@quimicadelpacifico.com,VERIFIED,85,+524320125184,2026-09-06T14:31:01.425925+00:00
"Chemicals, Polymers, Plastics & Packaging",QUIMICA DEL PACIFICO S.A.S.,quimicadelpacifico.com,Fernando Garza,Chief Financial Officer (CFO),C_SUITE,FINANCE,fgarza@quimicadelpacifico.com,VERIFIED,85,+528216942844,2026-09-06T14:31:01.425925+00:00
"Chemicals, Polymers, Plastics & Packaging",QUIMICA DEL CENTRO S.A.P.I. DE C.V.,quimicadelcentro.com,Roberto Martínez,Chief Executive Officer (CEO),C_SUITE,EXECUTIVE,rmartínez@quimicadelcentro.com,VERIFIED,85,+529817944858,2026-09-06T14:31:01.425925+00:00
"Chemicals, Polymers, Plastics & Packaging",QUIMICA DEL CENTRO S.A.P.I. DE C.V.,quimicadelcentro.com,Miguel Alarcón,Founder,FOUNDER,EXECUTIVE,malarcón@quimicadelcentro13.com.mx,VERIFIED,85,+527826449823,2026-09-06T14:31:01.425925+00:00
"Chemicals, Polymers, Plastics & Packaging",QUIMICA DEL CENTRO S.A.S.,quimicadelcentro.com.mx,David Mendoza,Founder,FOUNDER,EXECUTIVE,dmendoza@quimicadelcentro.com.mx,VERIFIED,85,+524898979875,2026-09-06T14:31:01.425925+00:00
"Chemicals, Polymers, Plastics & Packaging",QUIMICA DEL CENTRO S.A.S.,quimicadelcentro.com.mx,Carlos Navarro,Chief Financial Officer (CFO),C_SUITE,FINANCE,cnavarro@quimicadelcentro.com.mx,VERIFIED,85,+527736484494,2026-09-06T14:31:01.425925+00:00
"Chemicals, Polymers, Plastics & Packaging",QUIMICA DEL BAJIO S.C.,quimicadelbajio88.com.mx,Guillermo Salinas,Chief Financial Officer (CFO),C_SUITE,FINANCE,gsalinas@quimicadelbajio88.com.mx,VERIFIED,85,+526185673902,2026-09-06T14:31:01.425925+00:00
"Chemicals, Polymers, Plastics & Packaging",QUIMICA DEL BAJIO S.C.,quimicadelbajio.mx,Patricia Treviño,Chief Human Resources Officer (CHRO),C_SUITE,HR_PEOPLE,ptreviño@quimicadelbajio.mx,VERIFIED,85,+529499290817,2026-09-06T14:31:01.425925+00:00
"Chemicals, Polymers, Plastics & Packaging",QUIMICA DEL PACIFICO S.A. DE C.V.,quimicadelpacifico.com.mx,Mariana Navarro,Chief Operating Officer (COO),C_SUITE,OPERATIONS,mnavarro@quimicadelpacifico.com.mx,VERIFIED,85,+525785519186,2026-09-06T14:31:01.425925+00:00
"Chemicals, Polymers, Plastics & Packaging",QUIMICA DEL BAJIO S.A.S.,quimicadelbajio40.com,Sofia Dominguez,Chief Financial Officer (CFO),C_SUITE,FINANCE,sdominguez@quimicadelbajio40.com,VERIFIED,85,+524210392100,2026-09-06T14:31:01.425925+00:00
"Chemicals, Polymers, Plastics & Packaging",QUIMICA DEL NORTE 18 S.A. DE C.V.,quimicadelnorte.com,Sofia Valenzuela,Chief Technology Officer (CTO),C_SUITE,ENGINEERING_IT,svalenzuela@quimicadelnorte.com,VERIFIED,85,+528129120688,2026-09-06T14:31:01.425925+00:00
"Chemicals, Polymers, Plastics & Packaging",QUIMICA DEL NORTE S.A.S.,quimicadelnorte.mx,Alejandro Treviño,Chief Human Resources Officer (CHRO),C_SUITE,HR_PEOPLE,atreviño@quimicadelnorte.mx,VERIFIED,85,+528190899973,2026-09-06T14:31:01.425925+00:00
"Chemicals, Polymers, Plastics & Packaging",QUIMICA DEL NORTE S.A.S.,quimicadelnorte.mx,Carlos Dominguez,Chief Revenue Officer (CRO),C_SUITE,SALES_MARKETING,cdominguez@quimicadelnorte.mx,VERIFIED,85,+528110173794,2026-09-06T14:31:01.425925+00:00
"Chemicals, Polymers, Plastics & Packaging",QUIMICA DEL NORTE S.A.S.,quimicadelnorte.mx,Sofia Valenzuela,Chief Operating Officer (COO),C_SUITE,OPERATIONS,svalenzuela@quimicadelnorte.mx,VERIFIED,85,+528120696805,2026-09-06T14:31:01.425925+00:00
"Chemicals, Polymers, Plastics & Packaging",QUIMICA DEL NORTE S.A.S.,quimicadelnorte.mx,Rodrigo Treviño,Chief Operating Officer (COO),C_SUITE,OPERATIONS,rtreviño@quimicadelnorte.mx,VERIFIED,85,+528118953712,2026-09-06T14:31:01.425925+00:00
"Chemicals, Polymers, Plastics & Packaging",QUIMICA DEL NORTE S.A.S.,quimicadelnorte.mx,Javier López,Chief Executive Officer (CEO),C_SUITE,EXECUTIVE,jlópez@quimicadelnorte.mx,VERIFIED,85,+528165248570,2026-09-06T14:31:01.425925+00:00
"Chemicals, Polymers, Plastics & Packaging",QUIMICA DEL PACIFICO 32 S. DE R.L. DE C.V.,quimicadelpacifico.com,David Valenzuela,Chief Revenue Officer (CRO),C_SUITE,SALES_MARKETING,dvalenzuela@quimicadelpacifico.com,VERIFIED,85,+528172971464,2026-09-06T14:31:01.425925+00:00
"Chemicals, Polymers, Plastics & Packaging",QUIMICA DEL NORTE S.A. DE C.V.,quimicadelnorte18.com,Gabriel Martínez,Chief Revenue Officer (CRO),C_SUITE,SALES_MARKETING,gmartínez@quimicadelnorte18.com,VERIFIED,85,+528125980242,2026-09-06T14:31:01.425925+00:00
"Chemicals, Polymers, Plastics & Packaging",QUIMICA DEL NORTE S.A. DE C.V.,quimicadelnorte18.com,Roberto Castro,Chief Financial Officer (CFO),C_SUITE,FINANCE,rcastro@quimicadelnorte.com.mx,VERIFIED,85,+528184584395,2026-09-06T14:31:01.425925+00:00
"Chemicals, Polymers, Plastics & Packaging",QUIMICA DEL BAJIO S. DE R.L. DE C.V.,quimicadelbajio.mx,Guillermo Alarcón,Founder,FOUNDER,EXECUTIVE,galarcón@quimicadelbajio.mx,VERIFIED,85,+528155699341,2026-09-06T14:31:01.425925+00:00
"Chemicals, Polymers, Plastics & Packaging",QUIMICA DEL BAJIO S. DE R.L. DE C.V.,quimicadelbajio.mx,Luis Morales,Chief Operating Officer (COO),C_SUITE,OPERATIONS,lmorales@quimicadelbajio.mx,VERIFIED,85,+528199154893,2026-09-06T14:31:01.425925+00:00
"Chemicals, Polymers, Plastics & Packaging",QUIMICA DEL BAJIO S. DE R.L. DE C.V.,quimicadelbajio.mx,Patricia Alarcón,Chief Human Resources Officer (CHRO),C_SUITE,HR_PEOPLE,palarcón@quimicadelbajio.mx,VERIFIED,85,+528185004238,2026-09-06T14:31:01.425925+00:00
"Chemicals, Polymers, Plastics & Packaging",QUIMICA DEL CENTRO 78 S.A. DE C.V.,quimicadelcentro.com.mx,Carlos García,Chief Operating Officer (COO),C_SUITE,OPERATIONS,cgarcía@quimicadelcentro.com.mx,VERIFIED,85,+528175452633,2026-09-06T14:31:01.425925+00:00
"Chemicals, Polymers, Plastics & Packaging",QUIMICA DEL CENTRO S.C.,quimicadelcentro.com,David Vega,Chief Executive Officer (CEO),C_SUITE,EXECUTIVE,dvega@quimicadelcentro.com,VERIFIED,85,+528123682860,2026-09-06T14:31:01.425925+00:00
"Chemicals, Polymers, Plastics & Packaging",QUIMICA DEL CENTRO S.C.,quimicadelcentro.com,Gabriel Benítez,Chief Executive Officer (CEO),C_SUITE,EXECUTIVE,gbenítez@quimicadelcentro.com,VERIFIED,85,+528130268859,2026-09-06T14:31:01.425925+00:00
"Chemicals, Polymers, Plastics & Packaging",QUIMICA DEL NORTE S.A.S.,quimicadelnorte98.com.mx,Claudia González,Chief Financial Officer (CFO),C_SUITE,FINANCE,cgonzález@quimicadelnorte98.com.mx,VERIFIED,85,+528127010617,2026-09-06T14:31:01.425925+00:00
"Chemicals, Polymers, Plastics & Packaging",QUIMICA DEL NORTE 89 S. DE R.L. DE C.V.,quimicadelnorte40.mx,Adriana Mendoza,Chief Technology Officer (CTO),C_SUITE,ENGINEERING_IT,amendoza@quimicadelnorte40.mx,VERIFIED,85,+528149303628,2026-09-06T14:31:01.425925+00:00
"Chemicals, Polymers, Plastics & Packaging",QUIMICA DEL BAJIO S.A. DE C.V.,quimicadelbajio.com,Daniel Garza,Chief Financial Officer (CFO),C_SUITE,FINANCE,dgarza@quimicadelbajio.com,VERIFIED,85,+528167784652,2026-09-06T14:31:01.425925+00:00
"Chemicals, Polymers, Plastics & Packaging",PLASTICOS DE OCCIDENTE S.A.P.I. DE C.V.,plasticosdeocciden.com,Luis Navarro,Chief Executive Officer (CEO),C_SUITE,EXECUTIVE,lnavarro@plasticosdeocciden.com,VERIFIED,85,+529159364352,2026-09-06T14:31:01.425925+00:00
"Chemicals, Polymers, Plastics & Packaging",PLASTICOS DE OCCIDENTE S.A.P.I. DE C.V.,plasticosdeocciden.com,Miguel Mendoza,Chief Financial Officer (CFO),C_SUITE,FINANCE,mmendoza@plasticosdeocciden.com,VERIFIED,85,+525834971525,2026-09-06T14:31:01.425925+00:00
"Chemicals, Polymers, Plastics & Packaging",PLASTICOS DE OCCIDENTE S.A.S.,plasticosdeocciden.mx,Gabriel Mendoza,Chief Financial Officer (CFO),C_SUITE,FINANCE,gmendoza@plasticosdeocciden.mx,VERIFIED,85,+525333176506,2026-09-06T14:31:01.425925+00:00
"Chemicals, Polymers, Plastics & Packaging",PLASTICOS DE OCCIDENTE S.C.,plasticosdeocciden.com.mx,Eduardo Morales,Founder,FOUNDER,EXECUTIVE,emorales@plasticosdeocciden.com.mx,VERIFIED,85,+528941530255,2026-09-06T14:31:01.425925+00:00
"Chemicals, Polymers, Plastics & Packaging",PLASTICOS DE LAS AMERICAS S.A.S.,plasticosdelasamer.mx,Roberto Treviño,Chief Technology Officer (CTO),C_SUITE,ENGINEERING_IT,rtreviño@plasticosdelasamer.mx,VERIFIED,85,+529475318385,2026-09-06T14:31:01.425925+00:00
"Chemicals, Polymers, Plastics & Packaging",EMPAQUES INTERNACIONAL S.A.B. DE C.V.,empaquesinternacio.com,Adriana Benítez,Chief Financial Officer (CFO),C_SUITE,FINANCE,abenítez@empaquesinternacio.com,VERIFIED,85,+528532767744,2026-09-06T14:31:01.425925+00:00
"Chemicals, Polymers, Plastics & Packaging",EMPAQUES INTERNACIONAL S.A.B. DE C.V.,empaquesinternacio.com,Andrea Hernández,Chief Revenue Officer (CRO),C_SUITE,SALES_MARKETING,ahernández@empaquesinternacio.com,VERIFIED,85,+526421436543,2026-09-06T14:31:01.425925+00:00
"Chemicals, Polymers, Plastics & Packaging",EMPAQUES INTERNACIONAL S.A.B. DE C.V.,empaquesinternacio.com,Daniel García,Chief Human Resources Officer (CHRO),C_SUITE,HR_PEOPLE,dgarcía@empaquesinternacio.mx,VERIFIED,85,+526980006588,2026-09-06T14:31:01.425925+00:00
"Chemicals, Polymers, Plastics & Packaging",EMPAQUES INTERNACIONAL S.A.B. DE C.V.,empaquesinternacio.com,Carlos Alarcón,Founder,FOUNDER,EXECUTIVE,calarcón@empaquesinternacio.com,VERIFIED,85,+528469901554,2026-09-06T14:31:01.425925+00:00
"Chemicals, Polymers, Plastics & Packaging",EMPAQUES INTERNACIONAL S. DE R.L. DE C.V.,empaquesinternacio.com.mx,Daniel Martínez,Chief Executive Officer (CEO),C_SUITE,EXECUTIVE,dmartínez@empaquesinternacio.com.mx,VERIFIED,85,+524985958974,2026-09-06T14:31:01.425925+00:00
"Chemicals, Polymers, Plastics & Packaging",EMPAQUES INTERNACIONAL S. DE R.L. DE C.V.,empaquesinternacio.com.mx,Carlos Treviño,Chief Executive Officer (CEO),C_SUITE,EXECUTIVE,ctreviño@empaquesinternacio.com.mx,VERIFIED,85,+528239061693,2026-09-06T14:31:01.425925+00:00
"Chemicals, Polymers, Plastics & Packaging",PLASTICOS DINAMICA 54 S.A.P.I. DE C.V.,plasticosdinamica1.com,Carlos Mendoza,Chief Revenue Officer (CRO),C_SUITE,SALES_MARKETING,cmendoza@plasticosdinamica1.com,VERIFIED,85,+529974526785,2026-09-06T14:31:01.425925+00:00
"Chemicals, Polymers, Plastics & Packaging",PLASTICOS DINAMICA S.C.,plasticosdinamica.mx,Eduardo Morales,Chief Human Resources Officer (CHRO),C_SUITE,HR_PEOPLE,emorales@plasticosdinamica.mx,VERIFIED,85,+527938510377,2026-09-06T14:31:01.425925+00:00
"Chemicals, Polymers, Plastics & Packaging",PLASTICOS DINAMICA S.C.,plasticosdinamica.mx,Claudia González,Chief Technology Officer (CTO),C_SUITE,ENGINEERING_IT,cgonzález@plasticosdinamica5.com.mx,VERIFIED,85,+526885841193,2026-09-06T14:31:01.425925+00:00
"Chemicals, Polymers, Plastics & Packaging",PLASTICOS DINAMICA S.C.,plasticosdinamica.com,Patricia Alarcón,Chief Human Resources Officer (CHRO),C_SUITE,HR_PEOPLE,palarcón@plasticosdinamica.com,VERIFIED,85,+525741614145,2026-09-06T14:31:01.425925+00:00
"Chemicals, Polymers, Plastics & Packaging",PLASTICOS DINAMICA S.C.,plasticosdinamica.com,Roberto Castro,Chief Executive Officer (CEO),C_SUITE,EXECUTIVE,rcastro@plasticosdinamica.com,VERIFIED,85,+524138605338,2026-09-06T14:31:01.425925+00:00
"Chemicals, Polymers, Plastics & Packaging",EMPAQUES DINAMICA S.A.B. DE C.V.,empaquesdinamica54.com.mx,Patricia Treviño,Chief Executive Officer (CEO),C_SUITE,EXECUTIVE,ptreviño@empaquesdinamica54.com.mx,VERIFIED,85,+524364943167,2026-09-06T14:31:01.432682+00:00
"Chemicals, Polymers, Plastics & Packaging",EMPAQUES DINAMICA 90 S.A.P.I. DE C.V.,empaquesdinamica.com.mx,Mariana López,Chief Executive Officer (CEO),C_SUITE,EXECUTIVE,mlópez@empaquesdinamica.com.mx,VERIFIED,85,+524779386265,2026-09-06T14:31:01.432682+00:00
"Chemicals, Polymers, Plastics & Packaging",EMPAQUES DINAMICA 90 S.A.P.I. DE C.V.,empaquesdinamica.com.mx,Sofia Castro,Chief Executive Officer (CEO),C_SUITE,EXECUTIVE,scastro@empaquesdinamica.com.mx,VERIFIED,85,+527511391671,2026-09-06T14:31:01.432682+00:00
"Chemicals, Polymers, Plastics & Packaging",EMPAQUES DINAMICA 90 S.A.P.I. DE C.V.,empaquesdinamica.com.mx,Roberto Mendoza,Chief Technology Officer (CTO),C_SUITE,ENGINEERING_IT,rmendoza@empaquesdinamica.com.mx,VERIFIED,85,+527727059342,2026-09-06T14:31:01.432682+00:00
"Chemicals, Polymers, Plastics & Packaging",EMPAQUES DINAMICA S.A.S.,empaquesdinamica.mx,Gabriel López,Chief Financial Officer (CFO),C_SUITE,FINANCE,glópez@empaquesdinamica.mx,VERIFIED,85,+527711559204,2026-09-06T14:31:01.432682+00:00
"Chemicals, Polymers, Plastics & Packaging",QUIMICA CENTRAL S.A. DE C.V.,quimicacentral.com,David Ruiz,Chief Financial Officer (CFO),C_SUITE,FINANCE,druiz@quimicacentral.com,VERIFIED,85,+523388335093,2026-09-06T14:31:01.432682+00:00
"Chemicals, Polymers, Plastics & Packaging",QUIMICA CENTRAL S.A. DE C.V.,quimicacentral.com,Fernando Benítez,Founder,FOUNDER,EXECUTIVE,fbenítez@quimicacentral.com,VERIFIED,85,+523371576185,2026-09-06T14:31:01.432682+00:00
"Chemicals, Polymers, Plastics & Packaging",QUIMICA CENTRAL S.A. DE C.V.,quimicacentral.mx,Claudia Treviño,Chief Executive Officer (CEO),C_SUITE,EXECUTIVE,ctreviño@quimicacentral.mx,VERIFIED,85,+523357314265,2026-09-06T14:31:01.432682+00:00
"Chemicals, Polymers, Plastics & Packaging",EMPAQUES DEL BAJIO S.A.P.I. DE C.V.,empaquesdelbajio50.mx,Claudia Castro,Chief Technology Officer (CTO),C_SUITE,ENGINEERING_IT,ccastro@empaquesdelbajio50.mx,VERIFIED,85,+523355714186,2026-09-06T14:31:01.432682+00:00
"Chemicals, Polymers, Plastics & Packaging",EMPAQUES DEL BAJIO S.A.P.I. DE C.V.,empaquesdelbajio50.mx,Luis Castro,Chief Executive Officer (CEO),C_SUITE,EXECUTIVE,lcastro@empaquesdelbajio.com.mx,VERIFIED,85,+523373628916,2026-09-06T14:31:01.432682+00:00
"Chemicals, Polymers, Plastics & Packaging",EMPAQUES DEL PACIFICO S. DE R.L. DE C.V.,empaquesdelpacific.com,Carlos Benítez,Chief Financial Officer (CFO),C_SUITE,FINANCE,cbenítez@empaquesdelpacific.com,VERIFIED,85,+523352238976,2026-09-06T14:31:01.432682+00:00
"Chemicals, Polymers, Plastics & Packaging",EMPAQUES DEL CENTRO S.A. DE C.V.,empaquesdelcentro.com.mx,Fernando Morales,Chief Executive Officer (CEO),C_SUITE,EXECUTIVE,fmorales@empaquesdelcentro.com.mx,VERIFIED,85,+523349793984,2026-09-06T14:31:01.432682+00:00
"Chemicals, Polymers, Plastics & Packaging",EMPAQUES DEL CENTRO S.A. DE C.V.,empaquesdelcentro.com.mx,Carlos Salinas,Chief Operating Officer (COO),C_SUITE,OPERATIONS,csalinas@empaquesdelcentro.mx,VERIFIED,85,+523316257668,2026-09-06T14:31:01.432682+00:00
"Chemicals, Polymers, Plastics & Packaging",EMPAQUES DEL BAJIO S.C.,empaquesdelbajio.com,Fernando Vega,Chief Revenue Officer (CRO),C_SUITE,SALES_MARKETING,fvega@empaquesdelbajio.com,VERIFIED,85,+523318519387,2026-09-06T14:31:01.432682+00:00
"Chemicals, Polymers, Plastics & Packaging",EMPAQUES DEL CENTRO S.A.S.,empaquesdelcentro.com,Jorge Dominguez,Chief Revenue Officer (CRO),C_SUITE,SALES_MARKETING,jdominguez@empaquesdelcentro.com,VERIFIED,85,+523329254408,2026-09-06T14:31:01.432682+00:00
"Chemicals, Polymers, Plastics & Packaging",EMPAQUES DEL PACIFICO S.C.,empaquesdelpacific.mx,David Castro,Chief Executive Officer (CEO),C_SUITE,EXECUTIVE,dcastro@empaquesdelpacific.mx,VERIFIED,85,+523323938188,2026-09-06T14:31:01.432682+00:00
"Chemicals, Polymers, Plastics & Packaging",EMPAQUES DEL NORTE S.A.P.I. DE C.V.,empaquesdelnorte.mx,Alejandro Mendoza,Chief Human Resources Officer (CHRO),C_SUITE,HR_PEOPLE,amendoza@empaquesdelnorte.mx,VERIFIED,85,+523368076429,2026-09-06T14:31:01.432682+00:00
"Chemicals, Polymers, Plastics & Packaging",EMPAQUES DEL NORTE S.A.P.I. DE C.V.,empaquesdelnorte.mx,Javier Treviño,Chief Technology Officer (CTO),C_SUITE,ENGINEERING_IT,jtreviño@empaquesdelnorte.mx,VERIFIED,85,+523383544953,2026-09-06T14:31:01.432682+00:00
"Chemicals, Polymers, Plastics & Packaging",EMPAQUES DEL BAJIO 57 S.A.B. DE C.V.,empaquesdelbajio.mx,David López,Chief Executive Officer (CEO),C_SUITE,EXECUTIVE,dlópez@empaquesdelbajio.mx,VERIFIED,85,+523320503188,2026-09-06T14:31:01.432682+00:00
"Chemicals, Polymers, Plastics & Packaging",EMPAQUES DEL PACIFICO 40 S.A.S.,empaquesdelpacific.com.mx,Alejandro Ruiz,Chief Financial Officer (CFO),C_SUITE,FINANCE,aruiz@empaquesdelpacific.com.mx,VERIFIED,85,+523364225077,2026-09-06T14:31:01.432682+00:00
"Chemicals, Polymers, Plastics & Packaging",PLASTICOS ESPECIALIZADA S.A.S.,plasticosespeciali.mx,Roberto Ruiz,Founder,FOUNDER,EXECUTIVE,rruiz@plasticosespeciali.mx,VERIFIED,85,+528363136941,2026-09-06T14:31:01.432682+00:00
"Chemicals, Polymers, Plastics & Packaging",PLASTICOS ESPECIALIZADA S.A.B. DE C.V.,plasticosespeciali.com,Claudia Martínez,Chief Executive Officer (CEO),C_SUITE,EXECUTIVE,cmartínez@plasticosespeciali.com,VERIFIED,85,+527159550971,2026-09-06T14:31:01.432682+00:00
"Chemicals, Polymers, Plastics & Packaging",PLASTICOS INDUSTRIAL S.A.P.I. DE C.V.,plasticosindustria.com,Gabriel Salinas,Chief Technology Officer (CTO),C_SUITE,ENGINEERING_IT,gsalinas@plasticosindustria.com,VERIFIED,85,+524028141175,2026-09-06T14:31:01.437316+00:00
"Chemicals, Polymers, Plastics & Packaging",PLASTICOS INDUSTRIAL S.A.P.I. DE C.V.,plasticosindustria.com,Javier Vega,Chief Human Resources Officer (CHRO),C_SUITE,HR_PEOPLE,jvega@plasticosindustria.mx,VERIFIED,85,+526879450374,2026-09-06T14:31:01.437316+00:00
"Chemicals, Polymers, Plastics & Packaging",PLASTICOS INDUSTRIAL S.A. DE C.V.,plasticosindustria.com.mx,Rodrigo Salinas,Chief Financial Officer (CFO),C_SUITE,FINANCE,rsalinas@plasticosindustria.com.mx,VERIFIED,85,+529588222887,2026-09-06T14:31:01.437316+00:00
"Chemicals, Polymers, Plastics & Packaging",PLASTICOS INDUSTRIAL S.A. DE C.V.,plasticosindustria.com.mx,Guillermo Castro,Chief Financial Officer (CFO),C_SUITE,FINANCE,gcastro@plasticosindustria.mx,VERIFIED,85,+525250827796,2026-09-06T14:31:01.437316+00:00
"Chemicals, Polymers, Plastics & Packaging",PLASTICOS INDUSTRIAL S.A.S.,plasticosindustria.mx,Andrea Valenzuela,Chief Technology Officer (CTO),C_SUITE,ENGINEERING_IT,avalenzuela@plasticosindustria.mx,VERIFIED,85,+525089470604,2026-09-06T14:31:01.437316+00:00
"Chemicals, Polymers, Plastics & Packaging",PLASTICOS INDUSTRIAL S.A.S.,plasticosindustria.mx,Carlos Hernández,Founder,FOUNDER,EXECUTIVE,chernández@plasticosindustria.mx,VERIFIED,85,+527248414262,2026-09-06T14:31:01.437316+00:00
"Chemicals, Polymers, Plastics & Packaging",PLASTICOS ESPECIALIZADA S.A. DE C.V.,plasticosespeciali.com,Alejandro Garza,Chief Executive Officer (CEO),C_SUITE,EXECUTIVE,agarza@plasticosespeciali.com,VERIFIED,85,+523320501076,2026-09-06T14:31:01.437316+00:00
"Chemicals, Polymers, Plastics & Packaging",PLASTICOS ESPECIALIZADA S.A. DE C.V.,plasticosespeciali.com,Guillermo Garza,Founder,FOUNDER,EXECUTIVE,ggarza@plasticosespeciali.mx,VERIFIED,85,+523368704846,2026-09-06T14:31:01.437316+00:00
"Chemicals, Polymers, Plastics & Packaging",PLASTICOS ESPECIALIZADA S.A.P.I. DE C.V.,plasticosespeciali.com.mx,Gabriel García,Chief Executive Officer (CEO),C_SUITE,EXECUTIVE,ggarcía@plasticosespeciali.com.mx,VERIFIED,85,+523391615891,2026-09-06T14:31:01.437316+00:00
"Chemicals, Polymers, Plastics & Packaging",PLASTICOS ESPECIALIZADA S.A.P.I. DE C.V.,plasticosespeciali.com.mx,Carlos García,Chief Human Resources Officer (CHRO),C_SUITE,HR_PEOPLE,cgarcía@plasticosespeciali.com.mx,VERIFIED,85,+523335070551,2026-09-06T14:31:01.437316+00:00
"Chemicals, Polymers, Plastics & Packaging",PLASTICOS ESPECIALIZADA S.A.P.I. DE C.V.,plasticosespeciali.com.mx,David Hernández,Founder,FOUNDER,EXECUTIVE,dhernández@plasticosespeciali.com.mx,VERIFIED,85,+523334504868,2026-09-06T14:31:01.437316+00:00
"Chemicals, Polymers, Plastics & Packaging",PLASTICOS ESPECIALIZADA S.A.B. DE C.V.,plasticosespeciali.mx,Miguel Ruiz,Chief Financial Officer (CFO),C_SUITE,FINANCE,mruiz@plasticosespeciali.mx,VERIFIED,85,+523325600704,2026-09-06T14:31:01.437316+00:00
"Chemicals, Polymers, Plastics & Packaging",QUIMICA DEL CENTRO S.A. DE C.V.,quimicadelcentro.com,Rodrigo Dominguez,Chief Revenue Officer (CRO),C_SUITE,SALES_MARKETING,rdominguez@quimicadelcentro.com,VERIFIED,85,+526118261702,2026-09-06T14:31:01.437316+00:00
"Chemicals, Polymers, Plastics & Packaging",QUIMICA DEL NORTE S.A.P.I. DE C.V.,quimicadelnorte.com,Sofia López,Chief Operating Officer (COO),C_SUITE,OPERATIONS,slópez@quimicadelnorte.com,VERIFIED,85,+528360616459,2026-09-06T14:31:01.437316+00:00
"Chemicals, Polymers, Plastics & Packaging",QUIMICA DEL NORTE S.A.P.I. DE C.V.,quimicadelnorte.com,David Ruiz,Chief Revenue Officer (CRO),C_SUITE,SALES_MARKETING,druiz@quimicadelnorte.com,VERIFIED,85,+527020245484,2026-09-06T14:31:01.437316+00:00
"Chemicals, Polymers, Plastics & Packaging",QUIMICA DEL NORTE S.A.P.I. DE C.V.,quimicadelnorte.com,Hector Treviño,Chief Revenue Officer (CRO),C_SUITE,SALES_MARKETING,htreviño@quimicadelnorte.com,VERIFIED,85,+527413082714,2026-09-06T14:31:01.437316+00:00
"Chemicals, Polymers, Plastics & Packaging",QUIMICA DEL NORTE S.A.P.I. DE C.V.,quimicadelnorte.com,Javier López,Chief Human Resources Officer (CHRO),C_SUITE,HR_PEOPLE,jlópez@quimicadelnorte.com,VERIFIED,85,+528974797291,2026-09-06T14:31:01.437316+00:00
"Chemicals, Polymers, Plastics & Packaging",QUIMICA DEL BAJIO S.A.S.,quimicadelbajio.mx,Patricia Dominguez,Chief Executive Officer (CEO),C_SUITE,EXECUTIVE,pdominguez@quimicadelbajio.mx,VERIFIED,85,+524094284269,2026-09-06T14:31:01.437316+00:00
"Chemicals, Polymers, Plastics & Packaging",QUIMICA DEL PACIFICO S.A.S.,quimicadelpacifico.com,Sofia Castro,Chief Executive Officer (CEO),C_SUITE,EXECUTIVE,scastro@quimicadelpacifico.com,VERIFIED,85,+527484154925,2026-09-06T14:31:01.437316+00:00
"Chemicals, Polymers, Plastics & Packaging",QUIMICA DEL PACIFICO S.A.S.,quimicadelpacifico.com,Hector Mendoza,Founder,FOUNDER,EXECUTIVE,hmendoza@quimicadelpacifico.com,VERIFIED,85,+528311717565,2026-09-06T14:31:01.437316+00:00
"Chemicals, Polymers, Plastics & Packaging",QUIMICA DEL PACIFICO S.A.S.,quimicadelpacifico.com,Javier Castro,Chief Financial Officer (CFO),C_SUITE,FINANCE,jcastro@quimicadelpacifico.com,VERIFIED,85,+526389392409,2026-09-06T14:31:01.437316+00:00
"Chemicals, Polymers, Plastics & Packaging",QUIMICA DEL NORTE S.A.B. DE C.V.,quimicadelnorte.com.mx,Luis Villaseñor,Chief Executive Officer (CEO),C_SUITE,EXECUTIVE,lvillaseñor@quimicadelnorte.com.mx,VERIFIED,85,+524224294650,2026-09-06T14:31:01.437316+00:00
"Chemicals, Polymers, Plastics & Packaging",QUIMICA DEL NORTE S.A.B. DE C.V.,quimicadelnorte.com.mx,Andrea Castro,Chief Executive Officer (CEO),C_SUITE,EXECUTIVE,acastro@quimicadelnorte.com.mx,VERIFIED,85,+524025345638,2026-09-06T14:31:01.437316+00:00
"Chemicals, Polymers, Plastics & Packaging",QUIMICA DEL BAJIO S.C.,quimicadelbajio20.mx,Carlos Morales,Chief Revenue Officer (CRO),C_SUITE,SALES_MARKETING,cmorales@quimicadelbajio20.mx,VERIFIED,85,+528169429199,2026-09-06T14:31:01.437316+00:00
"Chemicals, Polymers, Plastics & Packaging",QUIMICA DEL CENTRO S. DE R.L. DE C.V.,quimicadelcentro76.com,Hector Dominguez,Chief Executive Officer (CEO),C_SUITE,EXECUTIVE,hdominguez@quimicadelcentro76.com,VERIFIED,85,+527098619574,2026-09-06T14:31:01.437316+00:00
"Chemicals, Polymers, Plastics & Packaging",EMPAQUES MEXICANA S.A. DE C.V.,empaquesmexicana13.com,Fernando Salinas,Chief Human Resources Officer (CHRO),C_SUITE,HR_PEOPLE,fsalinas@empaquesmexicana13.com,VERIFIED,85,+528171622093,2026-09-06T14:31:01.437316+00:00
"Chemicals, Polymers, Plastics & Packaging",EMPAQUES MEXICANA S.A.B. DE C.V.,empaquesmexicana40.com.mx,Alejandro López,Chief Financial Officer (CFO),C_SUITE,FINANCE,alópez@empaquesmexicana40.com.mx,VERIFIED,85,+528149772418,2026-09-06T14:31:01.437316+00:00
"Chemicals, Polymers, Plastics & Packaging",EMPAQUES MEXICANA S.A.B. DE C.V.,empaquesmexicana.com.mx,Patricia López,Chief Revenue Officer (CRO),C_SUITE,SALES_MARKETING,plópez@empaquesmexicana.com.mx,VERIFIED,85,+528126959349,2026-09-06T14:31:01.437316+00:00
"Chemicals, Polymers, Plastics & Packaging",EMPAQUES MEXICANA S.A.B. DE C.V.,empaquesmexicana.com.mx,Gabriel Hernández,Chief Financial Officer (CFO),C_SUITE,FINANCE,ghernández@empaquesmexicana51.mx,VERIFIED,85,+528154051621,2026-09-06T14:31:01.437316+00:00
"Chemicals, Polymers, Plastics & Packaging",PLASTICOS DEL PACIFICO S.A.S.,plasticosdelpacifi.com.mx,Gabriel García,Chief Human Resources Officer (CHRO),C_SUITE,HR_PEOPLE,ggarcía@plasticosdelpacifi.com.mx,VERIFIED,85,+526288857616,2026-09-06T14:31:01.437316+00:00
"Chemicals, Polymers, Plastics & Packaging",PLASTICOS DEL PACIFICO S.A.S.,plasticosdelpacifi.com.mx,Adriana Garza,Founder,FOUNDER,EXECUTIVE,agarza@plasticosdelpacifi.com.mx,VERIFIED,85,+528424117681,2026-09-06T14:31:01.437316+00:00
"Chemicals, Polymers, Plastics & Packaging",PLASTICOS DEL PACIFICO S.A.S.,plasticosdelpacifi.com.mx,David López,Chief Technology Officer (CTO),C_SUITE,ENGINEERING_IT,dlópez@plasticosdelpacifi.com.mx,VERIFIED,85,+524122350553,2026-09-06T14:31:01.437316+00:00
"Chemicals, Polymers, Plastics & Packaging",PLASTICOS DEL PACIFICO S.A.S.,plasticosdelpacifi.com.mx,Claudia López,Chief Revenue Officer (CRO),C_SUITE,SALES_MARKETING,clópez@plasticosdelpacifi.com.mx,VERIFIED,85,+525343565865,2026-09-06T14:31:01.437316+00:00
"Chemicals, Polymers, Plastics & Packaging",PLASTICOS DEL NORTE S.A.P.I. DE C.V.,plasticosdelnorte.mx,Guillermo Salinas,Chief Technology Officer (CTO),C_SUITE,ENGINEERING_IT,gsalinas@plasticosdelnorte.mx,VERIFIED,85,+525846602066,2026-09-06T14:31:01.437316+00:00
"Chemicals, Polymers, Plastics & Packaging",PLASTICOS DEL CENTRO S.A.S.,plasticosdelcentro.com,Hector Garza,Chief Executive Officer (CEO),C_SUITE,EXECUTIVE,hgarza@plasticosdelcentro.com,VERIFIED,85,+526719082668,2026-09-06T14:31:01.437316+00:00
"Chemicals, Polymers, Plastics & Packaging",PLASTICOS DEL BAJIO S.C.,plasticosdelbajio.com,Mariana Garza,Chief Operating Officer (COO),C_SUITE,OPERATIONS,mgarza@plasticosdelbajio.com,VERIFIED,85,+528335045986,2026-09-06T14:31:01.437316+00:00
"Chemicals, Polymers, Plastics & Packaging",PLASTICOS GLOBAL S.C.,plasticosglobal.com.mx,Carlos Valenzuela,Chief Executive Officer (CEO),C_SUITE,EXECUTIVE,cvalenzuela@plasticosglobal.com.mx,VERIFIED,85,+528075312539,2026-09-06T14:31:01.437316+00:00
"Chemicals, Polymers, Plastics & Packaging",PLASTICOS GLOBAL 75 S. DE R.L. DE C.V.,plasticosglobal.mx,Eduardo Valenzuela,Chief Executive Officer (CEO),C_SUITE,EXECUTIVE,evalenzuela@plasticosglobal.mx,VERIFIED,85,+524592168523,2026-09-06T14:31:01.437316+00:00
"Chemicals, Polymers, Plastics & Packaging",EMPAQUES MODERNA S.C.,empaquesmoderna.com.mx,Jorge Salinas,Chief Revenue Officer (CRO),C_SUITE,SALES_MARKETING,jsalinas@empaquesmoderna.com.mx,VERIFIED,85,+526948898725,2026-09-06T14:31:01.437316+00:00
"Chemicals, Polymers, Plastics & Packaging",EMPAQUES MODERNA S.A.S.,empaquesmoderna33.mx,Sofia Benítez,Founder,FOUNDER,EXECUTIVE,sbenítez@empaquesmoderna33.mx,VERIFIED,85,+529298853765,2026-09-06T14:31:01.437316+00:00
"Chemicals, Polymers, Plastics & Packaging",PLASTICOS INTEGRAL S.A. DE C.V.,plasticosintegral.com,Guillermo Valenzuela,Chief Human Resources Officer (CHRO),C_SUITE,HR_PEOPLE,gvalenzuela@plasticosintegral.com,VERIFIED,85,+527252161849,2026-09-06T14:31:01.442688+00:00
"Chemicals, Polymers, Plastics & Packaging",QUIMICA MEXICANA S.A.P.I. DE C.V.,quimicamexicana54.com.mx,Fernando González,Chief Revenue Officer (CRO),C_SUITE,SALES_MARKETING,fgonzález@quimicamexicana54.com.mx,VERIFIED,85,+528794222399,2026-09-06T14:31:01.442688+00:00
"Chemicals, Polymers, Plastics & Packaging",QUIMICA MEXICANA S.A.P.I. DE C.V.,quimicamexicana54.com.mx,Javier Castro,Chief Operating Officer (COO),C_SUITE,OPERATIONS,jcastro@quimicamexicana97.com,VERIFIED,85,+524423845678,2026-09-06T14:31:01.442688+00:00
"Chemicals, Polymers, Plastics & Packaging",QUIMICA MEXICANA S.A.P.I. DE C.V.,quimicamexicana54.com.mx,Andrea Dominguez,Chief Operating Officer (COO),C_SUITE,OPERATIONS,adominguez@quimicamexicana90.com,VERIFIED,85,+526242386838,2026-09-06T14:31:01.442688+00:00
"Chemicals, Polymers, Plastics & Packaging",QUIMICA MEXICANA S.A. DE C.V.,quimicamexicana13.com,Gabriel González,Chief Financial Officer (CFO),C_SUITE,FINANCE,ggonzález@quimicamexicana13.com,VERIFIED,85,+529355582458,2026-09-06T14:31:01.442688+00:00
"Chemicals, Polymers, Plastics & Packaging",QUIMICA MEXICANA S.A. DE C.V.,quimicamexicana13.com,Mariana Martínez,Chief Human Resources Officer (CHRO),C_SUITE,HR_PEOPLE,mmartínez@quimicamexicana.com,VERIFIED,85,+525139900530,2026-09-06T14:31:01.442688+00:00
"Chemicals, Polymers, Plastics & Packaging",QUIMICA MEXICANA S.A.S.,quimicamexicana51.com.mx,Rodrigo Villaseñor,Chief Financial Officer (CFO),C_SUITE,FINANCE,rvillaseñor@quimicamexicana51.com.mx,VERIFIED,85,+528520338479,2026-09-06T14:31:01.442688+00:00
"Chemicals, Polymers, Plastics & Packaging",QUIMICA INTEGRAL S.A.B. DE C.V.,quimicaintegral.mx,Mariana Alarcón,Chief Technology Officer (CTO),C_SUITE,ENGINEERING_IT,malarcón@quimicaintegral.mx,VERIFIED,85,+528937383400,2026-09-06T14:31:01.442688+00:00
"Chemicals, Polymers, Plastics & Packaging",QUIMICA INTEGRAL S.A.B. DE C.V.,quimicaintegral.mx,Mariana Dominguez,Chief Financial Officer (CFO),C_SUITE,FINANCE,mdominguez@quimicaintegral.mx,VERIFIED,85,+526956734183,2026-09-06T14:31:01.442688+00:00
"Chemicals, Polymers, Plastics & Packaging",QUIMICA INTEGRAL S.A.S.,quimicaintegral.com,Claudia Mendoza,Chief Technology Officer (CTO),C_SUITE,ENGINEERING_IT,cmendoza@quimicaintegral.com,VERIFIED,85,+525456790967,2026-09-06T14:31:01.442688+00:00
"Chemicals, Polymers, Plastics & Packaging",QUIMICA INTEGRAL S.A.S.,quimicaintegral.com,Eduardo González,Chief Revenue Officer (CRO),C_SUITE,SALES_MARKETING,egonzález@quimicaintegral.com,VERIFIED,85,+528338085401,2026-09-06T14:31:01.442688+00:00
"Chemicals, Polymers, Plastics & Packaging",EMPAQUES DE OCCIDENTE S.A.P.I. DE C.V.,empaquesdeoccident.com.mx,David Villaseñor,Chief Executive Officer (CEO),C_SUITE,EXECUTIVE,dvillaseñor@empaquesdeoccident.com.mx,VERIFIED,85,+523357920647,2026-09-06T14:31:01.442688+00:00
"Chemicals, Polymers, Plastics & Packaging",EMPAQUES DE OCCIDENTE S.A.P.I. DE C.V.,empaquesdeoccident.com.mx,Sofia Ruiz,Chief Revenue Officer (CRO),C_SUITE,SALES_MARKETING,sruiz@empaquesdeoccident.mx,VERIFIED,85,+523351996066,2026-09-06T14:31:01.442688+00:00
"Chemicals, Polymers, Plastics & Packaging",EMPAQUES DE OCCIDENTE S.A.P.I. DE C.V.,empaquesdeoccident.mx,David López,Chief Revenue Officer (CRO),C_SUITE,SALES_MARKETING,dlópez@empaquesdeoccident.mx,VERIFIED,85,+523316559881,2026-09-06T14:31:01.442688+00:00
"Chemicals, Polymers, Plastics & Packaging",EMPAQUES DE LAS AMERICAS S.A.B. DE C.V.,empaquesdelasameri.mx,Miguel Benítez,Chief Technology Officer (CTO),C_SUITE,ENGINEERING_IT,mbenítez@empaquesdelasameri.mx,VERIFIED,85,+523391469826,2026-09-06T14:31:01.442688+00:00
"Chemicals, Polymers, Plastics & Packaging",EMPAQUES DE LAS AMERICAS S.A.B. DE C.V.,empaquesdelasameri.com,Luis Salinas,Chief Technology Officer (CTO),C_SUITE,ENGINEERING_IT,lsalinas@empaquesdelasameri.com,VERIFIED,85,+523331582780,2026-09-06T14:31:01.442688+00:00
"Chemicals, Polymers, Plastics & Packaging",EMPAQUES DE LAS AMERICAS S.A.B. DE C.V.,empaquesdelasameri.com,Gabriel Ruiz,Chief Financial Officer (CFO),C_SUITE,FINANCE,gruiz@empaquesdelasameri.com.mx,VERIFIED,85,+523361996396,2026-09-06T14:31:01.442688+00:00
"Chemicals, Polymers, Plastics & Packaging",EMPAQUES DE LAS AMERICAS 9 S.A.S.,empaquesdelasameri.com.mx,Gabriel Castro,Founder,FOUNDER,EXECUTIVE,gcastro@empaquesdelasameri.com.mx,VERIFIED,85,+523311716512,2026-09-06T14:31:01.442688+00:00
"Chemicals, Polymers, Plastics & Packaging",QUIMICA ESPECIALIZADA S.A. DE C.V.,quimicaespecializa.mx,Patricia Alarcón,Chief Executive Officer (CEO),C_SUITE,EXECUTIVE,palarcón@quimicaespecializa.mx,VERIFIED,85,+528138665409,2026-09-06T14:31:01.442688+00:00
"Chemicals, Polymers, Plastics & Packaging",QUIMICA ESPECIALIZADA S.A. DE C.V.,quimicaespecializa.mx,Jorge González,Chief Human Resources Officer (CHRO),C_SUITE,HR_PEOPLE,jgonzález@quimicaespecializa.mx,VERIFIED,85,+528156380465,2026-09-06T14:31:01.442688+00:00
"Chemicals, Polymers, Plastics & Packaging",QUIMICA ESPECIALIZADA S.A.P.I. DE C.V.,quimicaespecializa.com,Carlos Navarro,Chief Human Resources Officer (CHRO),C_SUITE,HR_PEOPLE,cnavarro@quimicaespecializa.com,VERIFIED,85,+528112278272,2026-09-06T14:31:01.442688+00:00
"Chemicals, Polymers, Plastics & Packaging",QUIMICA DEL BAJIO S.A.S.,quimicadelbajio91.com,Roberto Valenzuela,Chief Revenue Officer (CRO),C_SUITE,SALES_MARKETING,rvalenzuela@quimicadelbajio91.com,VERIFIED,85,+529738329516,2026-09-06T14:31:01.442688+00:00
"Chemicals, Polymers, Plastics & Packaging",QUIMICA DEL CENTRO S.A.B. DE C.V.,quimicadelcentro.mx,Guillermo Hernández,Founder,FOUNDER,EXECUTIVE,ghernández@quimicadelcentro.mx,VERIFIED,85,+526064108218,2026-09-06T14:31:01.442688+00:00
"Chemicals, Polymers, Plastics & Packaging",QUIMICA DEL CENTRO S.A.B. DE C.V.,quimicadelcentro.mx,Gabriel Morales,Chief Operating Officer (COO),C_SUITE,OPERATIONS,gmorales@quimicadelcentro20.com.mx,VERIFIED,85,+525247531437,2026-09-06T14:31:01.442688+00:00
"Chemicals, Polymers, Plastics & Packaging",QUIMICA DEL CENTRO S.A.B. DE C.V.,quimicadelcentro.mx,Claudia Dominguez,Chief Operating Officer (COO),C_SUITE,OPERATIONS,cdominguez@quimicadelcentro.com.mx,VERIFIED,85,+528771288810,2026-09-06T14:31:01.442688+00:00
"Chemicals, Polymers, Plastics & Packaging",QUIMICA DEL CENTRO 8 S.A. DE C.V.,quimicadelcentro.com.mx,Sofia Navarro,Chief Technology Officer (CTO),C_SUITE,ENGINEERING_IT,snavarro@quimicadelcentro.com.mx,VERIFIED,85,+527972969811,2026-09-06T14:31:01.442688+00:00
"Chemicals, Polymers, Plastics & Packaging",QUIMICA DEL NORTE S. DE R.L. DE C.V.,quimicadelnorte.mx,Andrea Hernández,Chief Human Resources Officer (CHRO),C_SUITE,HR_PEOPLE,ahernández@quimicadelnorte.mx,VERIFIED,85,+524397445779,2026-09-06T14:31:01.442688+00:00
"Chemicals, Polymers, Plastics & Packaging",QUIMICA DEL BAJIO S.A. DE C.V.,quimicadelbajio.com,Mariana Mendoza,Chief Operating Officer (COO),C_SUITE,OPERATIONS,mmendoza@quimicadelbajio.com,VERIFIED,85,+527125326250,2026-09-06T14:31:01.442688+00:00
"Chemicals, Polymers, Plastics & Packaging",QUIMICA DEL PACIFICO S. DE R.L. DE C.V.,quimicadelpacifico.mx,Eduardo García,Founder,FOUNDER,EXECUTIVE,egarcía@quimicadelpacifico.mx,VERIFIED,85,+524753055196,2026-09-06T14:31:01.442688+00:00
"Chemicals, Polymers, Plastics & Packaging",PLASTICOS GLOBAL S.A.B. DE C.V.,plasticosglobal58.mx,Claudia Dominguez,Chief Operating Officer (COO),C_SUITE,OPERATIONS,cdominguez@plasticosglobal58.mx,VERIFIED,85,+528922685440,2026-09-06T14:31:01.442688+00:00
"Chemicals, Polymers, Plastics & Packaging",PLASTICOS GLOBAL 4 S.A.S.,plasticosglobal20.mx,Daniel Castro,Chief Revenue Officer (CRO),C_SUITE,SALES_MARKETING,dcastro@plasticosglobal20.mx,VERIFIED,85,+528640139406,2026-09-06T14:31:01.442688+00:00
"Chemicals, Polymers, Plastics & Packaging",PLASTICOS GLOBAL S.A. DE C.V.,plasticosglobal48.mx,Eduardo García,Chief Technology Officer (CTO),C_SUITE,ENGINEERING_IT,egarcía@plasticosglobal48.mx,VERIFIED,85,+529440486400,2026-09-06T14:31:01.442688+00:00
"Chemicals, Polymers, Plastics & Packaging",QUIMICA DE LAS AMERICAS S.A.S.,quimicadelasameric.com.mx,Sofia Alarcón,Chief Revenue Officer (CRO),C_SUITE,SALES_MARKETING,salarcón@quimicadelasameric.com.mx,VERIFIED,85,+525337663041,2026-09-06T14:31:01.442688+00:00
"Chemicals, Polymers, Plastics & Packaging",QUIMICA DE OCCIDENTE S.A. DE C.V.,quimicadeoccidente.mx,Andrea Dominguez,Chief Operating Officer (COO),C_SUITE,OPERATIONS,adominguez@quimicadeoccidente.mx,VERIFIED,85,+528330429652,2026-09-06T14:31:01.442688+00:00
"Chemicals, Polymers, Plastics & Packaging",QUIMICA DE LAS AMERICAS S.A. DE C.V.,quimicadelasameric.mx,Miguel Martínez,Chief Executive Officer (CEO),C_SUITE,EXECUTIVE,mmartínez@quimicadelasameric.mx,VERIFIED,85,+529913229323,2026-09-06T14:31:01.442688+00:00
"Chemicals, Polymers, Plastics & Packaging",PLASTICOS INDUSTRIAL S.A.P.I. DE C.V.,plasticosindustria.com.mx,Fernando González,Chief Operating Officer (COO),C_SUITE,OPERATIONS,fgonzález@plasticosindustria.com.mx,VERIFIED,85,+525166851467,2026-09-06T14:31:01.442688+00:00
"Chemicals, Polymers, Plastics & Packaging",PLASTICOS INDUSTRIAL S.A. DE C.V.,plasticosindustria.mx,David López,Chief Financial Officer (CFO),C_SUITE,FINANCE,dlópez@plasticosindustria.mx,VERIFIED,85,+526282866976,2026-09-06T14:31:01.442688+00:00
"Chemicals, Polymers, Plastics & Packaging",QUIMICA DINAMICA S.C.,quimicadinamica.com,Adriana Alarcón,Chief Revenue Officer (CRO),C_SUITE,SALES_MARKETING,aalarcón@quimicadinamica.com,VERIFIED,85,+523371104540,2026-09-06T14:31:01.442688+00:00
"Chemicals, Polymers, Plastics & Packaging",QUIMICA DINAMICA S.C.,quimicadinamica.com,Patricia Dominguez,Chief Executive Officer (CEO),C_SUITE,EXECUTIVE,pdominguez@quimicadinamica.com,VERIFIED,85,+523356184056,2026-09-06T14:31:01.442688+00:00
"Chemicals, Polymers, Plastics & Packaging",QUIMICA DINAMICA S.C.,quimicadinamica.com,Rodrigo Garza,Chief Revenue Officer (CRO),C_SUITE,SALES_MARKETING,rgarza@quimicadinamica.com,VERIFIED,85,+523398324124,2026-09-06T14:31:01.442688+00:00
"Chemicals, Polymers, Plastics & Packaging",QUIMICA DINAMICA S.A.B. DE C.V.,quimicadinamica.mx,Daniel López,Chief Technology Officer (CTO),C_SUITE,ENGINEERING_IT,dlópez@quimicadinamica.mx,VERIFIED,85,+523348799871,2026-09-06T14:31:01.442688+00:00
"Chemicals, Polymers, Plastics & Packaging",QUIMICA DINAMICA S.A. DE C.V.,quimicadinamica.com.mx,Guillermo Dominguez,Chief Executive Officer (CEO),C_SUITE,EXECUTIVE,gdominguez@quimicadinamica.com.mx,VERIFIED,85,+523332810997,2026-09-06T14:31:01.442688+00:00
"Chemicals, Polymers, Plastics & Packaging",QUIMICA DINAMICA S.A.S.,quimicadinamica28.com.mx,Carlos Mendoza,Chief Technology Officer (CTO),C_SUITE,ENGINEERING_IT,cmendoza@quimicadinamica28.com.mx,VERIFIED,85,+523360817306,2026-09-06T14:31:01.442688+00:00
"Chemicals, Polymers, Plastics & Packaging",QUIMICA MODERNA S.A.B. DE C.V.,quimicamoderna.com,Javier Salinas,Chief Technology Officer (CTO),C_SUITE,ENGINEERING_IT,jsalinas@quimicamoderna.com,VERIFIED,85,+528159122875,2026-09-06T14:31:01.452959+00:00
"Chemicals, Polymers, Plastics & Packaging",QUIMICA INDUSTRIAL S. DE R.L. DE C.V.,quimicaindustrial.com,Claudia Ruiz,Chief Operating Officer (COO),C_SUITE,OPERATIONS,cruiz@quimicaindustrial.com,VERIFIED,85,+525226249937,2026-09-06T14:31:01.452959+00:00
"Chemicals, Polymers, Plastics & Packaging",QUIMICA INDUSTRIAL S. DE R.L. DE C.V.,quimicaindustrial.com,Gabriel García,Chief Executive Officer (CEO),C_SUITE,EXECUTIVE,ggarcía@quimicaindustrial.com,VERIFIED,85,+527714001760,2026-09-06T14:31:01.452959+00:00
"Chemicals, Polymers, Plastics & Packaging",QUIMICA INDUSTRIAL S.C.,quimicaindustrial.com.mx,Patricia Garza,Chief Executive Officer (CEO),C_SUITE,EXECUTIVE,pgarza@quimicaindustrial.com.mx,VERIFIED,85,+528186271368,2026-09-06T14:31:01.452959+00:00
"Chemicals, Polymers, Plastics & Packaging",QUIMICA INDUSTRIAL S. DE R.L. DE C.V.,quimicaindustrial9.com,Fernando Castro,Chief Operating Officer (COO),C_SUITE,OPERATIONS,fcastro@quimicaindustrial9.com,VERIFIED,85,+526984907162,2026-09-06T14:31:01.452959+00:00
"Chemicals, Polymers, Plastics & Packaging",QUIMICA INDUSTRIAL S.A.P.I. DE C.V.,quimicaindustrial5.com.mx,Alejandro Dominguez,Founder,FOUNDER,EXECUTIVE,adominguez@quimicaindustrial5.com.mx,VERIFIED,85,+524784516708,2026-09-06T14:31:01.452959+00:00
"Chemicals, Polymers, Plastics & Packaging",PLASTICOS DE LAS AMERICAS S.A.P.I. DE C.V.,plasticosdelasamer.mx,Daniel Martínez,Chief Technology Officer (CTO),C_SUITE,ENGINEERING_IT,dmartínez@plasticosdelasamer.mx,VERIFIED,85,+523361598798,2026-09-06T14:31:01.452959+00:00
"Chemicals, Polymers, Plastics & Packaging",PLASTICOS DE LAS AMERICAS S.A.P.I. DE C.V.,plasticosdelasamer.mx,Hector López,Chief Financial Officer (CFO),C_SUITE,FINANCE,hlópez@plasticosdelasamer.mx,VERIFIED,85,+523333371351,2026-09-06T14:31:01.452959+00:00
"Chemicals, Polymers, Plastics & Packaging",PLASTICOS DE LAS AMERICAS 58 S.A.B. DE C.V.,plasticosdelasamer.com.mx,Eduardo Navarro,Chief Executive Officer (CEO),C_SUITE,EXECUTIVE,enavarro@plasticosdelasamer.com.mx,VERIFIED,85,+523392384068,2026-09-06T14:31:01.452959+00:00
"Chemicals, Polymers, Plastics & Packaging",PLASTICOS DE OCCIDENTE S.A.S.,plasticosdeocciden.mx,Claudia Vega,Chief Operating Officer (COO),C_SUITE,OPERATIONS,cvega@plasticosdeocciden.mx,VERIFIED,85,+523373728036,2026-09-06T14:31:01.452959+00:00
"Chemicals, Polymers, Plastics & Packaging",PLASTICOS DE LAS AMERICAS S.A.B. DE C.V.,plasticosdelasamer.com,Hector López,Chief Executive Officer (CEO),C_SUITE,EXECUTIVE,hlópez@plasticosdelasamer.com,VERIFIED,85,+523335734990,2026-09-06T14:31:01.452959+00:00
"Chemicals, Polymers, Plastics & Packaging",PLASTICOS DE OCCIDENTE 96 S.A.P.I. DE C.V.,plasticosdeocciden.com.mx,Miguel González,Chief Human Resources Officer (CHRO),C_SUITE,HR_PEOPLE,mgonzález@plasticosdeocciden.com.mx,VERIFIED,85,+523324828159,2026-09-06T14:31:01.452959+00:00
"Chemicals, Polymers, Plastics & Packaging",PLASTICOS DE OCCIDENTE 42 S.A. DE C.V.,plasticosdeocciden.com,Mariana Dominguez,Chief Operating Officer (COO),C_SUITE,OPERATIONS,mdominguez@plasticosdeocciden.com,VERIFIED,85,+523360514106,2026-09-06T14:31:01.452959+00:00
"Chemicals, Polymers, Plastics & Packaging",EMPAQUES INTEGRAL S.A.P.I. DE C.V.,empaquesintegral68.mx,Miguel Castro,Chief Technology Officer (CTO),C_SUITE,ENGINEERING_IT,mcastro@empaquesintegral68.mx,VERIFIED,85,+529671666006,2026-09-06T14:31:01.452959+00:00
"Chemicals, Polymers, Plastics & Packaging",EMPAQUES INTEGRAL 54 S.A. DE C.V.,empaquesintegral.com.mx,Patricia Morales,Chief Human Resources Officer (CHRO),C_SUITE,HR_PEOPLE,pmorales@empaquesintegral.com.mx,VERIFIED,85,+524920704680,2026-09-06T14:31:01.452959+00:00
"Chemicals, Polymers, Plastics & Packaging",PLASTICOS AVANZADA S. DE R.L. DE C.V.,plasticosavanzada.mx,Guillermo López,Chief Human Resources Officer (CHRO),C_SUITE,HR_PEOPLE,glópez@plasticosavanzada.mx,VERIFIED,85,+527394127798,2026-09-06T14:31:01.452959+00:00
"Chemicals, Polymers, Plastics & Packaging",PLASTICOS AVANZADA S. DE R.L. DE C.V.,plasticosavanzada.mx,Andrea Martínez,Founder,FOUNDER,EXECUTIVE,amartínez@plasticosavanzada.mx,VERIFIED,85,+529418828888,2026-09-06T14:31:01.452959+00:00
"Chemicals, Polymers, Plastics & Packaging",PLASTICOS AVANZADA S.C.,plasticosavanzada.com.mx,Eduardo Dominguez,Chief Revenue Officer (CRO),C_SUITE,SALES_MARKETING,edominguez@plasticosavanzada.com.mx,VERIFIED,85,+525231159210,2026-09-06T14:31:01.452959+00:00
"Chemicals, Polymers, Plastics & Packaging",PLASTICOS CENTRAL S. DE R.L. DE C.V.,plasticoscentral.mx,Sofia Garza,Chief Executive Officer (CEO),C_SUITE,EXECUTIVE,sgarza@plasticoscentral.mx,VERIFIED,85,+526077179784,2026-09-06T14:31:01.459264+00:00
"Chemicals, Polymers, Plastics & Packaging",PLASTICOS CENTRAL S.A. DE C.V.,plasticoscentral97.com,Claudia Alarcón,Chief Revenue Officer (CRO),C_SUITE,SALES_MARKETING,calarcón@plasticoscentral97.com,VERIFIED,85,+527518483008,2026-09-06T14:31:01.459264+00:00
"Chemicals, Polymers, Plastics & Packaging",PLASTICOS CENTRAL S.A. DE C.V.,plasticoscentral97.com,Mariana Garza,Chief Executive Officer (CEO),C_SUITE,EXECUTIVE,mgarza@plasticoscentral57.com,VERIFIED,85,+526189761821,2026-09-06T14:31:01.459264+00:00
"Chemicals, Polymers, Plastics & Packaging",PLASTICOS CENTRAL S.C.,plasticoscentral.com,Gabriel Castro,Chief Executive Officer (CEO),C_SUITE,EXECUTIVE,gcastro@plasticoscentral.com,VERIFIED,85,+526810244793,2026-09-06T14:31:01.459264+00:00
"Chemicals, Polymers, Plastics & Packaging",PLASTICOS MODERNA S. DE R.L. DE C.V.,plasticosmoderna26.com,Mariana Martínez,Chief Executive Officer (CEO),C_SUITE,EXECUTIVE,mmartínez@plasticosmoderna26.com,VERIFIED,85,+524077899619,2026-09-06T14:31:01.459264+00:00
"Chemicals, Polymers, Plastics & Packaging",PLASTICOS MODERNA S. DE R.L. DE C.V.,plasticosmoderna26.com,Adriana Vega,Chief Revenue Officer (CRO),C_SUITE,SALES_MARKETING,avega@plasticosmoderna.com,VERIFIED,85,+527497109846,2026-09-06T14:31:01.459264+00:00
"Chemicals, Polymers, Plastics & Packaging",PLASTICOS MODERNA S. DE R.L. DE C.V.,plasticosmoderna.com,Rodrigo Mendoza,Chief Executive Officer (CEO),C_SUITE,EXECUTIVE,rmendoza@plasticosmoderna.com,VERIFIED,85,+528926458032,2026-09-06T14:31:01.459264+00:00
"Chemicals, Polymers, Plastics & Packaging",PLASTICOS MODERNA S.A.S.,plasticosmoderna.com.mx,Eduardo Vega,Founder,FOUNDER,EXECUTIVE,evega@plasticosmoderna.com.mx,VERIFIED,85,+527917412992,2026-09-06T14:31:01.459264+00:00
"Chemicals, Polymers, Plastics & Packaging",PLASTICOS MODERNA S.A.S.,plasticosmoderna.com.mx,Javier Dominguez,Chief Executive Officer (CEO),C_SUITE,EXECUTIVE,jdominguez@plasticosmoderna.com.mx,VERIFIED,85,+525831130919,2026-09-06T14:31:01.459264+00:00
"Chemicals, Polymers, Plastics & Packaging",PLASTICOS MODERNA S.A.B. DE C.V.,plasticosmoderna62.com.mx,Eduardo Navarro,Chief Executive Officer (CEO),C_SUITE,EXECUTIVE,enavarro@plasticosmoderna62.com.mx,VERIFIED,85,+524278705392,2026-09-06T14:31:01.459264+00:00
"Chemicals, Polymers, Plastics & Packaging",PLASTICOS MODERNA S.C.,plasticosmoderna64.mx,Claudia Navarro,Chief Revenue Officer (CRO),C_SUITE,SALES_MARKETING,cnavarro@plasticosmoderna64.mx,VERIFIED,85,+528550559350,2026-09-06T14:31:01.459264+00:00
"Chemicals, Polymers, Plastics & Packaging",PLASTICOS MODERNA S.C.,plasticosmoderna64.mx,Daniel González,Chief Executive Officer (CEO),C_SUITE,EXECUTIVE,dgonzález@plasticosmoderna36.mx,VERIFIED,85,+527819024682,2026-09-06T14:31:01.459264+00:00
"Chemicals, Polymers, Plastics & Packaging",PLASTICOS MODERNA S.A. DE C.V.,plasticosmoderna16.com,Jorge Vega,Chief Revenue Officer (CRO),C_SUITE,SALES_MARKETING,jvega@plasticosmoderna16.com,VERIFIED,85,+527767470386,2026-09-06T14:31:01.459264+00:00
"Chemicals, Polymers, Plastics & Packaging",PLASTICOS MODERNA 51 S.A.B. DE C.V.,plasticosmoderna.com,Fernando Mendoza,Founder,FOUNDER,EXECUTIVE,fmendoza@plasticosmoderna.com,VERIFIED,85,+528230208506,2026-09-06T14:31:01.459264+00:00
"Chemicals, Polymers, Plastics & Packaging",QUIMICA DINAMICA S. DE R.L. DE C.V.,quimicadinamica.com,Andrea Vega,Chief Operating Officer (COO),C_SUITE,OPERATIONS,avega@quimicadinamica.com,VERIFIED,85,+525079076754,2026-09-06T14:31:01.459264+00:00
"Chemicals, Polymers, Plastics & Packaging",QUIMICA DINAMICA S. DE R.L. DE C.V.,quimicadinamica.com,Guillermo García,Chief Executive Officer (CEO),C_SUITE,EXECUTIVE,ggarcía@quimicadinamica.com,VERIFIED,85,+527581163955,2026-09-06T14:31:01.459264+00:00
"Chemicals, Polymers, Plastics & Packaging",QUIMICA DINAMICA S.A.S.,quimicadinamica6.com,Sofia Morales,Chief Technology Officer (CTO),C_SUITE,ENGINEERING_IT,smorales@quimicadinamica6.com,VERIFIED,85,+528785921024,2026-09-06T14:31:01.459264+00:00
"Chemicals, Polymers, Plastics & Packaging",QUIMICA INDUSTRIAL S.A. DE C.V.,quimicaindustrial5.com.mx,Rodrigo Mendoza,Chief Revenue Officer (CRO),C_SUITE,SALES_MARKETING,rmendoza@quimicaindustrial5.com.mx,VERIFIED,85,+525235217944,2026-09-06T14:31:01.459264+00:00
"Chemicals, Polymers, Plastics & Packaging",QUIMICA INDUSTRIAL S.A. DE C.V.,quimicaindustrial5.com.mx,Andrea Valenzuela,Chief Executive Officer (CEO),C_SUITE,EXECUTIVE,avalenzuela@quimicaindustrial.mx,VERIFIED,85,+524630430714,2026-09-06T14:31:01.459264+00:00
"Chemicals, Polymers, Plastics & Packaging",QUIMICA INDUSTRIAL S.A. DE C.V.,quimicaindustrial5.com.mx,Guillermo Hernández,Chief Financial Officer (CFO),C_SUITE,FINANCE,ghernández@quimicaindustrial.mx,VERIFIED,85,+527926119013,2026-09-06T14:31:01.459264+00:00
"Chemicals, Polymers, Plastics & Packaging",QUIMICA INDUSTRIAL S. DE R.L. DE C.V.,quimicaindustrial.com.mx,Javier Ruiz,Chief Technology Officer (CTO),C_SUITE,ENGINEERING_IT,jruiz@quimicaindustrial.com.mx,VERIFIED,85,+525576451379,2026-09-06T14:31:01.459264+00:00
"Chemicals, Polymers, Plastics & Packaging",QUIMICA INDUSTRIAL S. DE R.L. DE C.V.,quimicaindustrial.com.mx,Fernando Castro,Chief Human Resources Officer (CHRO),C_SUITE,HR_PEOPLE,fcastro@quimicaindustrial.com.mx,VERIFIED,85,+525027164012,2026-09-06T14:31:01.459264+00:00
"Chemicals, Polymers, Plastics & Packaging",QUIMICA INDUSTRIAL S.A. DE C.V.,quimicaindustrial8.mx,Patricia Martínez,Chief Technology Officer (CTO),C_SUITE,ENGINEERING_IT,pmartínez@quimicaindustrial8.mx,VERIFIED,85,+527758594365,2026-09-06T14:31:01.459264+00:00
"Chemicals, Polymers, Plastics & Packaging",EMPAQUES CENTRAL S.A. DE C.V.,empaquescentral.mx,Luis Treviño,Founder,FOUNDER,EXECUTIVE,ltreviño@empaquescentral.mx,VERIFIED,85,+524382424700,2026-09-06T14:31:01.459264+00:00
"Chemicals, Polymers, Plastics & Packaging",EMPAQUES CENTRAL S. DE R.L. DE C.V.,empaquescentral.com,Mariana Valenzuela,Chief Executive Officer (CEO),C_SUITE,EXECUTIVE,mvalenzuela@empaquescentral.com,VERIFIED,85,+528047567867,2026-09-06T14:31:01.459264+00:00
"Chemicals, Polymers, Plastics & Packaging",EMPAQUES CENTRAL S. DE R.L. DE C.V.,empaquescentral.com,Eduardo Hernández,Founder,FOUNDER,EXECUTIVE,ehernández@empaquescentral.com,VERIFIED,85,+524265694684,2026-09-06T14:31:01.459264+00:00
"Chemicals, Polymers, Plastics & Packaging",EMPAQUES CENTRAL S.A. DE C.V.,empaquescentral.com.mx,Alejandro Salinas,Chief Executive Officer (CEO),C_SUITE,EXECUTIVE,asalinas@empaquescentral.com.mx,VERIFIED,85,+524636309699,2026-09-06T14:31:01.459264+00:00
"Chemicals, Polymers, Plastics & Packaging",EMPAQUES NACIONAL 17 S.A.B. DE C.V.,empaquesnacional.mx,Jorge Alarcón,Founder,FOUNDER,EXECUTIVE,jalarcón@empaquesnacional.mx,VERIFIED,85,+527857615380,2026-09-06T14:31:01.459264+00:00
"Chemicals, Polymers, Plastics & Packaging",EMPAQUES NACIONAL 17 S.A.B. DE C.V.,empaquesnacional.mx,Adriana Treviño,Chief Revenue Officer (CRO),C_SUITE,SALES_MARKETING,atreviño@empaquesnacional.mx,VERIFIED,85,+525149564791,2026-09-06T14:31:01.459264+00:00
"Chemicals, Polymers, Plastics & Packaging",EMPAQUES MEXICANA S.A. DE C.V.,empaquesmexicana39.mx,David Treviño,Chief Executive Officer (CEO),C_SUITE,EXECUTIVE,dtreviño@empaquesmexicana39.mx,VERIFIED,85,+525672277158,2026-09-06T14:31:01.459264+00:00
"Chemicals, Polymers, Plastics & Packaging",EMPAQUES MEXICANA S.A. DE C.V.,empaquesmexicana39.mx,Guillermo González,Chief Technology Officer (CTO),C_SUITE,ENGINEERING_IT,ggonzález@empaquesmexicana2.mx,VERIFIED,85,+524499085125,2026-09-06T14:31:01.459264+00:00
"Chemicals, Polymers, Plastics & Packaging",EMPAQUES MEXICANA 68 S.A.S.,empaquesmexicana.com.mx,Alejandro Salinas,Chief Executive Officer (CEO),C_SUITE,EXECUTIVE,asalinas@empaquesmexicana.com.mx,VERIFIED,85,+525169270913,2026-09-06T14:31:01.459264+00:00
"Chemicals, Polymers, Plastics & Packaging",EMPAQUES MEXICANA 58 S. DE R.L. DE C.V.,empaquesmexicana.com,Patricia Hernández,Founder,FOUNDER,EXECUTIVE,phernández@empaquesmexicana.com,VERIFIED,85,+528631891842,2026-09-06T14:31:01.459264+00:00
"Chemicals, Polymers, Plastics & Packaging",EMPAQUES EMPRESARIAL S.A. DE C.V.,empaquesempresaria.com.mx,Fernando Castro,Chief Revenue Officer (CRO),C_SUITE,SALES_MARKETING,fcastro@empaquesempresaria.com.mx,VERIFIED,85,+524721000493,2026-09-06T14:31:01.459264+00:00
"Chemicals, Polymers, Plastics & Packaging",EMPAQUES EMPRESARIAL S.A. DE C.V.,empaquesempresaria.com.mx,Roberto Benítez,Chief Human Resources Officer (CHRO),C_SUITE,HR_PEOPLE,rbenítez@empaquesempresaria.com.mx,VERIFIED,85,+525060974859,2026-09-06T14:31:01.459264+00:00
"Chemicals, Polymers, Plastics & Packaging",EMPAQUES EMPRESARIAL 79 S.C.,empaquesempresaria.com,Fernando Villaseñor,Chief Financial Officer (CFO),C_SUITE,FINANCE,fvillaseñor@empaquesempresaria.com,VERIFIED,85,+527041200228,2026-09-06T14:31:01.459264+00:00
"Chemicals, Polymers, Plastics & Packaging",PLASTICOS GLOBAL S.A. DE C.V.,plasticosglobal.com,Fernando Ruiz,Founder,FOUNDER,EXECUTIVE,fruiz@plasticosglobal.com,VERIFIED,85,+525518835520,2026-09-06T14:31:01.459264+00:00
"Chemicals, Polymers, Plastics & Packaging",PLASTICOS GLOBAL S.A.P.I. DE C.V.,plasticosglobal92.mx,Andrea González,Founder,FOUNDER,EXECUTIVE,agonzález@plasticosglobal92.mx,VERIFIED,85,+525562192972,2026-09-06T14:31:01.459264+00:00
"Chemicals, Polymers, Plastics & Packaging",PLASTICOS GLOBAL S. DE R.L. DE C.V.,plasticosglobal49.mx,Luis Alarcón,Chief Human Resources Officer (CHRO),C_SUITE,HR_PEOPLE,lalarcón@plasticosglobal49.mx,VERIFIED,85,+525514108174,2026-09-06T14:31:01.459264+00:00
"Chemicals, Polymers, Plastics & Packaging",PLASTICOS GLOBAL S. DE R.L. DE C.V.,plasticosglobal49.mx,Luis Dominguez,Chief Operating Officer (COO),C_SUITE,OPERATIONS,ldominguez@plasticosglobal.com.mx,VERIFIED,85,+525528635747,2026-09-06T14:31:01.459264+00:00
"Chemicals, Polymers, Plastics & Packaging",PLASTICOS GLOBAL S.A. DE C.V.,plasticosglobal.mx,Hector Morales,Chief Revenue Officer (CRO),C_SUITE,SALES_MARKETING,hmorales@plasticosglobal.mx,VERIFIED,85,+525560375659,2026-09-06T14:31:01.459264+00:00
"Chemicals, Polymers, Plastics & Packaging",PLASTICOS GLOBAL S.A. DE C.V.,plasticosglobal.mx,Fernando Vega,Founder,FOUNDER,EXECUTIVE,fvega@plasticosglobal.mx,VERIFIED,85,+525555049747,2026-09-06T14:31:01.459264+00:00
"Chemicals, Polymers, Plastics & Packaging",PLASTICOS GLOBAL 21 S.A.P.I. DE C.V.,plasticosglobal83.com,Mariana Morales,Founder,FOUNDER,EXECUTIVE,mmorales@plasticosglobal83.com,VERIFIED,85,+525545625334,2026-09-06T14:31:01.459264+00:00
"Chemicals, Polymers, Plastics & Packaging",EMPAQUES INDUSTRIAL S. DE R.L. DE C.V.,empaquesindustrial.mx,Adriana Benítez,Chief Human Resources Officer (CHRO),C_SUITE,HR_PEOPLE,abenítez@empaquesindustrial.mx,VERIFIED,85,+525489532397,2026-09-06T14:31:01.459264+00:00
"Chemicals, Polymers, Plastics & Packaging",EMPAQUES INDUSTRIAL S. DE R.L. DE C.V.,empaquesindustrial.mx,Rodrigo Villaseñor,Chief Human Resources Officer (CHRO),C_SUITE,HR_PEOPLE,rvillaseñor@empaquesindustrial.com,VERIFIED,85,+524136435681,2026-09-06T14:31:01.459264+00:00
"Chemicals, Polymers, Plastics & Packaging",EMPAQUES INDUSTRIAL S.A.S.,empaquesindustrial.com,Luis Hernández,Chief Operating Officer (COO),C_SUITE,OPERATIONS,lhernández@empaquesindustrial.com,VERIFIED,85,+528830556217,2026-09-06T14:31:01.468827+00:00
"Chemicals, Polymers, Plastics & Packaging",PLASTICOS INTERNACIONAL S.C.,plasticosinternaci.com.mx,Alejandro Martínez,Chief Operating Officer (COO),C_SUITE,OPERATIONS,amartínez@plasticosinternaci.com.mx,VERIFIED,85,+524370935926,2026-09-06T14:31:01.468827+00:00
"Chemicals, Polymers, Plastics & Packaging",PLASTICOS INTERNACIONAL S.C.,plasticosinternaci.com.mx,Jorge Garza,Chief Financial Officer (CFO),C_SUITE,FINANCE,jgarza@plasticosinternaci.com.mx,VERIFIED,85,+529782041043,2026-09-06T14:31:01.468827+00:00
"Chemicals, Polymers, Plastics & Packaging",PLASTICOS INTERNACIONAL S.C.,plasticosinternaci.com.mx,Alejandro Mendoza,Chief Human Resources Officer (CHRO),C_SUITE,HR_PEOPLE,amendoza@plasticosinternaci.com.mx,VERIFIED,85,+529836317006,2026-09-06T14:31:01.468827+00:00
"Chemicals, Polymers, Plastics & Packaging",QUIMICA GLOBAL S.A.B. DE C.V.,quimicaglobal.com.mx,Rodrigo López,Chief Human Resources Officer (CHRO),C_SUITE,HR_PEOPLE,rlópez@quimicaglobal.com.mx,VERIFIED,85,+528390528901,2026-09-06T14:31:01.468827+00:00
"Chemicals, Polymers, Plastics & Packaging",QUIMICA GLOBAL S.A.S.,quimicaglobal29.com.mx,Sofia Castro,Chief Human Resources Officer (CHRO),C_SUITE,HR_PEOPLE,scastro@quimicaglobal29.com.mx,VERIFIED,85,+529815221905,2026-09-06T14:31:01.468827+00:00
"Chemicals, Polymers, Plastics & Packaging",PLASTICOS INTEGRAL S.A.B. DE C.V.,plasticosintegral8.com,Guillermo Mendoza,Chief Revenue Officer (CRO),C_SUITE,SALES_MARKETING,gmendoza@plasticosintegral8.com,VERIFIED,85,+527699352347,2026-09-06T14:31:01.468827+00:00
"Chemicals, Polymers, Plastics & Packaging",PLASTICOS INTEGRAL S.A. DE C.V.,plasticosintegral.com,Javier García,Chief Executive Officer (CEO),C_SUITE,EXECUTIVE,jgarcía@plasticosintegral.com,VERIFIED,85,+527878005633,2026-09-06T14:31:01.468827+00:00
"Chemicals, Polymers, Plastics & Packaging",PLASTICOS INTEGRAL S.A. DE C.V.,plasticosintegral.com,Andrea Vega,Chief Operating Officer (COO),C_SUITE,OPERATIONS,avega@plasticosintegral2.com.mx,VERIFIED,85,+524191918208,2026-09-06T14:31:01.468827+00:00
"Chemicals, Polymers, Plastics & Packaging",PLASTICOS INTEGRAL S.A.S.,plasticosintegral.mx,Hector López,Chief Executive Officer (CEO),C_SUITE,EXECUTIVE,hlópez@plasticosintegral.mx,VERIFIED,85,+529333741449,2026-09-06T14:31:01.468827+00:00
"Chemicals, Polymers, Plastics & Packaging",PLASTICOS INTEGRAL S.A.S.,plasticosintegral.mx,Carlos Vega,Chief Human Resources Officer (CHRO),C_SUITE,HR_PEOPLE,cvega@plasticosintegral.mx,VERIFIED,85,+528146295006,2026-09-06T14:31:01.468827+00:00
"Chemicals, Polymers, Plastics & Packaging",EMPAQUES LATINOAMERICANA S.C.,empaqueslatinoamer.com.mx,Adriana Vega,Chief Executive Officer (CEO),C_SUITE,EXECUTIVE,avega@empaqueslatinoamer.com.mx,VERIFIED,85,+523398218914,2026-09-06T14:31:01.468827+00:00
"Chemicals, Polymers, Plastics & Packaging",EMPAQUES LATINOAMERICANA S.C.,empaqueslatinoamer.com.mx,Miguel Navarro,Chief Human Resources Officer (CHRO),C_SUITE,HR_PEOPLE,mnavarro@empaqueslatinoamer.com.mx,VERIFIED,85,+523391408115,2026-09-06T14:31:01.468827+00:00
"Chemicals, Polymers, Plastics & Packaging",EMPAQUES LATINOAMERICANA S.C.,empaqueslatinoamer.com.mx,Andrea Ruiz,Chief Operating Officer (COO),C_SUITE,OPERATIONS,aruiz@empaqueslatinoamer.com.mx,VERIFIED,85,+523328772662,2026-09-06T14:31:01.468827+00:00
"Chemicals, Polymers, Plastics & Packaging",EMPAQUES DEL BAJIO S.A.B. DE C.V.,empaquesdelbajio26.mx,Hector Benítez,Founder,FOUNDER,EXECUTIVE,hbenítez@empaquesdelbajio26.mx,VERIFIED,85,+524784941985,2026-09-06T14:31:01.475333+00:00
"Chemicals, Polymers, Plastics & Packaging",EMPAQUES DEL BAJIO S.A.B. DE C.V.,empaquesdelbajio26.mx,Miguel Vega,Founder,FOUNDER,EXECUTIVE,mvega@empaquesdelbajio28.com,VERIFIED,85,+525750671573,2026-09-06T14:31:01.475333+00:00
"Chemicals, Polymers, Plastics & Packaging",EMPAQUES DEL CENTRO S.A. DE C.V.,empaquesdelcentro3.mx,Fernando Salinas,Chief Financial Officer (CFO),C_SUITE,FINANCE,fsalinas@empaquesdelcentro3.mx,VERIFIED,85,+526048315071,2026-09-06T14:31:01.475333+00:00
"Chemicals, Polymers, Plastics & Packaging",EMPAQUES DEL CENTRO S.A. DE C.V.,empaquesdelcentro3.mx,Rodrigo Salinas,Chief Financial Officer (CFO),C_SUITE,FINANCE,rsalinas@empaquesdelcentro1.com,VERIFIED,85,+526115819084,2026-09-06T14:31:01.475333+00:00
"Chemicals, Polymers, Plastics & Packaging",EMPAQUES DEL CENTRO S.A. DE C.V.,empaquesdelcentro3.mx,Roberto López,Chief Executive Officer (CEO),C_SUITE,EXECUTIVE,rlópez@empaquesdelcentro6.com.mx,VERIFIED,85,+525029114969,2026-09-06T14:31:01.475333+00:00
"Chemicals, Polymers, Plastics & Packaging",EMPAQUES DEL PACIFICO S.A.B. DE C.V.,empaquesdelpacific.com,Carlos Mendoza,Chief Revenue Officer (CRO),C_SUITE,SALES_MARKETING,cmendoza@empaquesdelpacific.com,VERIFIED,85,+525849182822,2026-09-06T14:31:01.475333+00:00
"Chemicals, Polymers, Plastics & Packaging",EMPAQUES DEL PACIFICO S.A.B. DE C.V.,empaquesdelpacific.com,Daniel González,Chief Technology Officer (CTO),C_SUITE,ENGINEERING_IT,dgonzález@empaquesdelpacific.com,VERIFIED,85,+525768023913,2026-09-06T14:31:01.475333+00:00
"Chemicals, Polymers, Plastics & Packaging",EMPAQUES DEL PACIFICO S.A.B. DE C.V.,empaquesdelpacific.com,Jorge Martínez,Chief Executive Officer (CEO),C_SUITE,EXECUTIVE,jmartínez@empaquesdelpacific.com,VERIFIED,85,+525641859456,2026-09-06T14:31:01.475333+00:00
"Chemicals, Polymers, Plastics & Packaging",EMPAQUES DEL NORTE S.A.B. DE C.V.,empaquesdelnorte54.mx,Mariana Hernández,Founder,FOUNDER,EXECUTIVE,mhernández@empaquesdelnorte54.mx,VERIFIED,85,+524373360101,2026-09-06T14:31:01.475333+00:00
"Chemicals, Polymers, Plastics & Packaging",EMPAQUES DEL NORTE S.A. DE C.V.,empaquesdelnorte.com,Fernando Garza,Chief Human Resources Officer (CHRO),C_SUITE,HR_PEOPLE,fgarza@empaquesdelnorte.com,VERIFIED,85,+529393209472,2026-09-06T14:31:01.475333+00:00
"Chemicals, Polymers, Plastics & Packaging",EMPAQUES DEL NORTE S.A. DE C.V.,empaquesdelnorte.com,Luis Vega,Chief Operating Officer (COO),C_SUITE,OPERATIONS,lvega@empaquesdelnorte.com,VERIFIED,85,+529369978106,2026-09-06T14:31:01.475333+00:00
"Chemicals, Polymers, Plastics & Packaging",EMPAQUES DEL CENTRO S. DE R.L. DE C.V.,empaquesdelcentro.mx,Mariana Villaseñor,Chief Operating Officer (COO),C_SUITE,OPERATIONS,mvillaseñor@empaquesdelcentro.mx,VERIFIED,85,+528628688580,2026-09-06T14:31:01.475333+00:00
"Chemicals, Polymers, Plastics & Packaging",EMPAQUES DEL CENTRO S. DE R.L. DE C.V.,empaquesdelcentro.mx,Rodrigo Garza,Chief Human Resources Officer (CHRO),C_SUITE,HR_PEOPLE,rgarza@empaquesdelcentro.mx,VERIFIED,85,+529765457968,2026-09-06T14:31:01.475333+00:00
"Chemicals, Polymers, Plastics & Packaging",EMPAQUES DEL CENTRO S.A.P.I. DE C.V.,empaquesdelcentro.com,Patricia Navarro,Chief Technology Officer (CTO),C_SUITE,ENGINEERING_IT,pnavarro@empaquesdelcentro.com,VERIFIED,85,+526071607060,2026-09-06T14:31:01.475333+00:00
"Chemicals, Polymers, Plastics & Packaging",EMPAQUES DEL CENTRO S.A.P.I. DE C.V.,empaquesdelcentro.com,Gabriel Vega,Chief Financial Officer (CFO),C_SUITE,FINANCE,gvega@empaquesdelcentro.com.mx,VERIFIED,85,+526457638132,2026-09-06T14:31:01.475333+00:00
"Chemicals, Polymers, Plastics & Packaging",EMPAQUES DEL CENTRO S.A.S.,empaquesdelcentro.com.mx,Fernando Morales,Founder,FOUNDER,EXECUTIVE,fmorales@empaquesdelcentro.com.mx,VERIFIED,85,+526091001292,2026-09-06T14:31:01.475333+00:00
"Chemicals, Polymers, Plastics & Packaging",EMPAQUES DEL NORTE S. DE R.L. DE C.V.,empaquesdelnorte.mx,Luis González,Chief Revenue Officer (CRO),C_SUITE,SALES_MARKETING,lgonzález@empaquesdelnorte.mx,VERIFIED,85,+524312922448,2026-09-06T14:31:01.475333+00:00
"Chemicals, Polymers, Plastics & Packaging",EMPAQUES DEL NORTE S. DE R.L. DE C.V.,empaquesdelnorte.mx,Hector Hernández,Chief Financial Officer (CFO),C_SUITE,FINANCE,hhernández@empaquesdelnorte.mx,VERIFIED,85,+524214926669,2026-09-06T14:31:01.475333+00:00
"Chemicals, Polymers, Plastics & Packaging",EMPAQUES DEL PACIFICO S.A.P.I. DE C.V.,empaquesdelpacific.mx,David Martínez,Chief Executive Officer (CEO),C_SUITE,EXECUTIVE,dmartínez@empaquesdelpacific.mx,VERIFIED,85,+525457591765,2026-09-06T14:31:01.476104+00:00
"Chemicals, Polymers, Plastics & Packaging",EMPAQUES DEL PACIFICO S.A.P.I. DE C.V.,empaquesdelpacific.mx,Alejandro Morales,Chief Executive Officer (CEO),C_SUITE,EXECUTIVE,amorales@empaquesdelpacific.com,VERIFIED,85,+529725151658,2026-09-06T14:31:01.476104+00:00
"Chemicals, Polymers, Plastics & Packaging",EMPAQUES DEL NORTE S.A.P.I. DE C.V.,empaquesdelnorte.com,Roberto López,Chief Human Resources Officer (CHRO),C_SUITE,HR_PEOPLE,rlópez@empaquesdelnorte.com,VERIFIED,85,+528550163666,2026-09-06T14:31:01.476104+00:00
"Chemicals, Polymers, Plastics & Packaging",EMPAQUES DEL NORTE S.A.P.I. DE C.V.,empaquesdelnorte.com,Miguel Ruiz,Chief Executive Officer (CEO),C_SUITE,EXECUTIVE,mruiz@empaquesdelnorte63.com.mx,VERIFIED,85,+524055699085,2026-09-06T14:31:01.476104+00:00
"Chemicals, Polymers, Plastics & Packaging",EMPAQUES DEL BAJIO S.A.S.,empaquesdelbajio.com.mx,Claudia García,Chief Operating Officer (COO),C_SUITE,OPERATIONS,cgarcía@empaquesdelbajio.com.mx,VERIFIED,85,+529383832651,2026-09-06T14:31:01.476104+00:00
"Chemicals, Polymers, Plastics & Packaging",EMPAQUES DEL PACIFICO S.A.B. DE C.V.,empaquesdelpacific.com.mx,Guillermo García,Chief Operating Officer (COO),C_SUITE,OPERATIONS,ggarcía@empaquesdelpacific.com.mx,VERIFIED,85,+524248966549,2026-09-06T14:31:01.476104+00:00
"Chemicals, Polymers, Plastics & Packaging",EMPAQUES DEL BAJIO S.C.,empaquesdelbajio35.mx,Daniel Treviño,Chief Technology Officer (CTO),C_SUITE,ENGINEERING_IT,dtreviño@empaquesdelbajio35.mx,VERIFIED,85,+529193377065,2026-09-06T14:31:01.476104+00:00
"Chemicals, Polymers, Plastics & Packaging",EMPAQUES DEL BAJIO S.A.S.,empaquesdelbajio41.mx,Patricia Ruiz,Chief Executive Officer (CEO),C_SUITE,EXECUTIVE,pruiz@empaquesdelbajio41.mx,VERIFIED,85,+525729737332,2026-09-06T14:31:01.476104+00:00
"Chemicals, Polymers, Plastics & Packaging",EMPAQUES DEL CENTRO 37 S.A.S.,empaquesdelcentro.mx,Hector Morales,Chief Technology Officer (CTO),C_SUITE,ENGINEERING_IT,hmorales@empaquesdelcentro.mx,VERIFIED,85,+524159288760,2026-09-06T14:31:01.476104+00:00
"Chemicals, Polymers, Plastics & Packaging",EMPAQUES DEL CENTRO S.A. DE C.V.,empaquesdelcentro.com,Sofia Benítez,Chief Financial Officer (CFO),C_SUITE,FINANCE,sbenítez@empaquesdelcentro.com,VERIFIED,85,+527013466572,2026-09-06T14:31:01.476104+00:00
"Chemicals, Polymers, Plastics & Packaging",EMPAQUES DEL BAJIO 53 S.C.,empaquesdelbajio95.mx,Carlos García,Chief Revenue Officer (CRO),C_SUITE,SALES_MARKETING,cgarcía@empaquesdelbajio95.mx,VERIFIED,85,+529194645313,2026-09-06T14:31:01.476104+00:00
"Chemicals, Polymers, Plastics & Packaging",EMPAQUES DEL NORTE 56 S.A.S.,empaquesdelnorte54.com.mx,Rodrigo Salinas,Chief Financial Officer (CFO),C_SUITE,FINANCE,rsalinas@empaquesdelnorte54.com.mx,VERIFIED,85,+525745105302,2026-09-06T14:31:01.476104+00:00
"Chemicals, Polymers, Plastics & Packaging",EMPAQUES DEL CENTRO S.A.B. DE C.V.,empaquesdelcentro.com.mx,Adriana Garza,Chief Revenue Officer (CRO),C_SUITE,SALES_MARKETING,agarza@empaquesdelcentro.com.mx,VERIFIED,85,+525835809081,2026-09-06T14:31:01.476104+00:00
"Chemicals, Polymers, Plastics & Packaging",EMPAQUES DEL NORTE S.A.B. DE C.V.,empaquesdelnorte.mx,Jorge Dominguez,Founder,FOUNDER,EXECUTIVE,jdominguez@empaquesdelnorte.mx,VERIFIED,85,+528787600640,2026-09-06T14:31:01.476104+00:00
"Chemicals, Polymers, Plastics & Packaging",EMPAQUES DEL BAJIO S.A.S.,empaquesdelbajio.com.mx,Luis Salinas,Chief Executive Officer (CEO),C_SUITE,EXECUTIVE,lsalinas@empaquesdelbajio.com.mx,VERIFIED,85,+524757443513,2026-09-06T14:31:01.476104+00:00
"Chemicals, Polymers, Plastics & Packaging",EMPAQUES DEL BAJIO S.A.S.,empaquesdelbajio.com.mx,Alejandro Treviño,Chief Human Resources Officer (CHRO),C_SUITE,HR_PEOPLE,atreviño@empaquesdelbajio.com.mx,VERIFIED,85,+524051314751,2026-09-06T14:31:01.476104+00:00
"Chemicals, Polymers, Plastics & Packaging",EMPAQUES DEL BAJIO S.A.S.,empaquesdelbajio.com.mx,Javier Ruiz,Chief Executive Officer (CEO),C_SUITE,EXECUTIVE,jruiz@empaquesdelbajio.com.mx,VERIFIED,85,+524942176145,2026-09-06T14:31:01.476104+00:00
"Chemicals, Polymers, Plastics & Packaging",EMPAQUES DEL BAJIO S.A.S.,empaquesdelbajio.com.mx,Patricia García,Chief Executive Officer (CEO),C_SUITE,EXECUTIVE,pgarcía@empaquesdelbajio.com.mx,VERIFIED,85,+528754270065,2026-09-06T14:31:01.476104+00:00
"Chemicals, Polymers, Plastics & Packaging",EMPAQUES DEL NORTE S.A.B. DE C.V.,empaquesdelnorte.com.mx,Hector Ruiz,Chief Executive Officer (CEO),C_SUITE,EXECUTIVE,hruiz@empaquesdelnorte.com.mx,VERIFIED,85,+526550443950,2026-09-06T14:31:01.476104+00:00
"Chemicals, Polymers, Plastics & Packaging",EMPAQUES DEL NORTE S.A.B. DE C.V.,empaquesdelnorte.com.mx,Rodrigo Vega,Chief Technology Officer (CTO),C_SUITE,ENGINEERING_IT,rvega@empaquesdelnorte.com.mx,VERIFIED,85,+527682130394,2026-09-06T14:31:01.476104+00:00
"Chemicals, Polymers, Plastics & Packaging",EMPAQUES DEL NORTE S.A.B. DE C.V.,empaquesdelnorte.com.mx,Miguel Villaseñor,Chief Financial Officer (CFO),C_SUITE,FINANCE,mvillaseñor@empaquesdelnorte.com.mx,VERIFIED,85,+526172558941,2026-09-06T14:31:01.476104+00:00
"Chemicals, Polymers, Plastics & Packaging",EMPAQUES DEL BAJIO S.A.S.,empaquesdelbajio.mx,Fernando Hernández,Chief Human Resources Officer (CHRO),C_SUITE,HR_PEOPLE,fhernández@empaquesdelbajio.mx,VERIFIED,85,+528666468451,2026-09-06T14:31:01.476104+00:00
"Chemicals, Polymers, Plastics & Packaging",EMPAQUES DEL BAJIO S.A.S.,empaquesdelbajio.mx,Daniel Martínez,Chief Financial Officer (CFO),C_SUITE,FINANCE,dmartínez@empaquesdelbajio.mx,VERIFIED,85,+526768071301,2026-09-06T14:31:01.476104+00:00
"Chemicals, Polymers, Plastics & Packaging",EMPAQUES DEL BAJIO S.A.S.,empaquesdelbajio.mx,Sofia Mendoza,Chief Financial Officer (CFO),C_SUITE,FINANCE,smendoza@empaquesdelbajio.mx,VERIFIED,85,+526255461937,2026-09-06T14:31:01.476104+00:00
"Chemicals, Polymers, Plastics & Packaging",EMPAQUES DEL CENTRO S. DE R.L. DE C.V.,empaquesdelcentro.com.mx,Adriana Mendoza,Chief Executive Officer (CEO),C_SUITE,EXECUTIVE,amendoza@empaquesdelcentro.com.mx,VERIFIED,85,+529672845682,2026-09-06T14:31:01.476104+00:00
"Chemicals, Polymers, Plastics & Packaging",EMPAQUES DEL CENTRO S. DE R.L. DE C.V.,empaquesdelcentro.com.mx,Javier García,Chief Operating Officer (COO),C_SUITE,OPERATIONS,jgarcía@empaquesdelcentro.mx,VERIFIED,85,+526984350298,2026-09-06T14:31:01.476104+00:00
"Chemicals, Polymers, Plastics & Packaging",EMPAQUES DEL PACIFICO 38 S.A.S.,empaquesdelpacific.mx,Fernando Hernández,Chief Financial Officer (CFO),C_SUITE,FINANCE,fhernández@empaquesdelpacific.mx,VERIFIED,85,+529389692509,2026-09-06T14:31:01.476104+00:00
"Chemicals, Polymers, Plastics & Packaging",EMPAQUES DEL PACIFICO 38 S.A.S.,empaquesdelpacific.mx,Adriana Valenzuela,Chief Technology Officer (CTO),C_SUITE,ENGINEERING_IT,avalenzuela@empaquesdelpacific.mx,VERIFIED,85,+527691489997,2026-09-06T14:31:01.476104+00:00
"Chemicals, Polymers, Plastics & Packaging",EMPAQUES DEL CENTRO S.A. DE C.V.,empaquesdelcentro.com,David Garza,Chief Human Resources Officer (CHRO),C_SUITE,HR_PEOPLE,dgarza@empaquesdelcentro.com,VERIFIED,85,+525192023383,2026-09-06T14:31:01.476104+00:00
"Chemicals, Polymers, Plastics & Packaging",EMPAQUES DEL BAJIO S.A.S.,empaquesdelbajio86.com,David Navarro,Chief Operating Officer (COO),C_SUITE,OPERATIONS,dnavarro@empaquesdelbajio86.com,VERIFIED,85,+527199370881,2026-09-06T14:31:01.476104+00:00
"Chemicals, Polymers, Plastics & Packaging",EMPAQUES DEL NORTE 82 S.A. DE C.V.,empaquesdelnorte77.com.mx,Fernando Garza,Chief Human Resources Officer (CHRO),C_SUITE,HR_PEOPLE,fgarza@empaquesdelnorte77.com.mx,VERIFIED,85,+528270222703,2026-09-06T14:31:01.476104+00:00
"Chemicals, Polymers, Plastics & Packaging",EMPAQUES DEL BAJIO S.C.,empaquesdelbajio69.com,Hector Treviño,Chief Revenue Officer (CRO),C_SUITE,SALES_MARKETING,htreviño@empaquesdelbajio69.com,VERIFIED,85,+525019766925,2026-09-06T14:31:01.476104+00:00
"Chemicals, Polymers, Plastics & Packaging",EMPAQUES DEL PACIFICO S.A.P.I. DE C.V.,empaquesdelpacific.com,Patricia Valenzuela,Chief Executive Officer (CEO),C_SUITE,EXECUTIVE,pvalenzuela@empaquesdelpacific.com,VERIFIED,85,+524226928307,2026-09-06T14:31:01.476104+00:00
"Chemicals, Polymers, Plastics & Packaging",QUIMICA INTEGRAL 64 S.C.,quimicaintegral49.com,Alejandro López,Founder,FOUNDER,EXECUTIVE,alópez@quimicaintegral49.com,VERIFIED,85,+526296850987,2026-09-06T14:31:01.476104+00:00
"Chemicals, Polymers, Plastics & Packaging",QUIMICA INTEGRAL S.C.,quimicaintegral.com.mx,Mariana Martínez,Founder,FOUNDER,EXECUTIVE,mmartínez@quimicaintegral.com.mx,VERIFIED,85,+524787291117,2026-09-06T14:31:01.476104+00:00
"Chemicals, Polymers, Plastics & Packaging",QUIMICA INTEGRAL S.C.,quimicaintegral.com.mx,Andrea Mendoza,Chief Executive Officer (CEO),C_SUITE,EXECUTIVE,amendoza@quimicaintegral.mx,VERIFIED,85,+528885481552,2026-09-06T14:31:01.476104+00:00
"Chemicals, Polymers, Plastics & Packaging",QUIMICA INTEGRAL S. DE R.L. DE C.V.,quimicaintegral4.com.mx,Daniel Villaseñor,Chief Operating Officer (COO),C_SUITE,OPERATIONS,dvillaseñor@quimicaintegral4.com.mx,VERIFIED,85,+525395286881,2026-09-06T14:31:01.476104+00:00
"Chemicals, Polymers, Plastics & Packaging",QUIMICA INTEGRAL S.A.B. DE C.V.,quimicaintegral.com,Javier Villaseñor,Chief Operating Officer (COO),C_SUITE,OPERATIONS,jvillaseñor@quimicaintegral.com,VERIFIED,85,+525018135877,2026-09-06T14:31:01.476104+00:00
"Chemicals, Polymers, Plastics & Packaging",QUIMICA INTEGRAL 52 S.A.S.,quimicaintegral.mx,Andrea García,Chief Operating Officer (COO),C_SUITE,OPERATIONS,agarcía@quimicaintegral.mx,VERIFIED,85,+524594793830,2026-09-06T14:31:01.476104+00:00
"Chemicals, Polymers, Plastics & Packaging",QUIMICA ESPECIALIZADA S.A.P.I. DE C.V.,quimicaespecializa.mx,Eduardo Ruiz,Chief Revenue Officer (CRO),C_SUITE,SALES_MARKETING,eruiz@quimicaespecializa.mx,VERIFIED,85,+528321251471,2026-09-06T14:31:01.484680+00:00
"Chemicals, Polymers, Plastics & Packaging",QUIMICA ESPECIALIZADA S.A.P.I. DE C.V.,quimicaespecializa.com.mx,Rodrigo Villaseñor,Chief Operating Officer (COO),C_SUITE,OPERATIONS,rvillaseñor@quimicaespecializa.com.mx,VERIFIED,85,+528925170650,2026-09-06T14:31:01.484680+00:00
"Chemicals, Polymers, Plastics & Packaging",QUIMICA MEXICANA S.A. DE C.V.,quimicamexicana14.com.mx,Jorge Benítez,Chief Executive Officer (CEO),C_SUITE,EXECUTIVE,jbenítez@quimicamexicana14.com.mx,VERIFIED,85,+529895904167,2026-09-06T14:31:01.484680+00:00
"Chemicals, Polymers, Plastics & Packaging",QUIMICA MEXICANA S.A. DE C.V.,quimicamexicana14.com.mx,Roberto Vega,Chief Executive Officer (CEO),C_SUITE,EXECUTIVE,rvega@quimicamexicana.com,VERIFIED,85,+529017202603,2026-09-06T14:31:01.484680+00:00
"Chemicals, Polymers, Plastics & Packaging",QUIMICA MEXICANA S.A.P.I. DE C.V.,quimicamexicana.com,Claudia Martínez,Chief Financial Officer (CFO),C_SUITE,FINANCE,cmartínez@quimicamexicana.com,VERIFIED,85,+525970818175,2026-09-06T14:31:01.484680+00:00
"Chemicals, Polymers, Plastics & Packaging",EMPAQUES DEL NORTE S.A. DE C.V.,empaquesdelnorte92.com,Eduardo Mendoza,Chief Technology Officer (CTO),C_SUITE,ENGINEERING_IT,emendoza@empaquesdelnorte92.com,VERIFIED,85,+525591775875,2026-09-06T14:31:01.484680+00:00
"Chemicals, Polymers, Plastics & Packaging",EMPAQUES DEL PACIFICO S.C.,empaquesdelpacific.com.mx,Adriana González,Chief Revenue Officer (CRO),C_SUITE,SALES_MARKETING,agonzález@empaquesdelpacific.com.mx,VERIFIED,85,+525539266215,2026-09-06T14:31:01.484680+00:00
"Chemicals, Polymers, Plastics & Packaging",EMPAQUES DEL PACIFICO S.C.,empaquesdelpacific.com.mx,Javier Martínez,Chief Executive Officer (CEO),C_SUITE,EXECUTIVE,jmartínez@empaquesdelpacific.com.mx,VERIFIED,85,+525561598640,2026-09-06T14:31:01.484680+00:00
"Chemicals, Polymers, Plastics & Packaging",EMPAQUES DEL PACIFICO S.C.,empaquesdelpacific.com.mx,Andrea Benítez,Chief Operating Officer (COO),C_SUITE,OPERATIONS,abenítez@empaquesdelpacific.com.mx,VERIFIED,85,+525521584095,2026-09-06T14:31:01.489191+00:00
"Chemicals, Polymers, Plastics & Packaging",EMPAQUES DEL PACIFICO S.A.P.I. DE C.V.,empaquesdelpacific.mx,Hector Vega,Chief Technology Officer (CTO),C_SUITE,ENGINEERING_IT,hvega@empaquesdelpacific.mx,VERIFIED,85,+525596273376,2026-09-06T14:31:01.489191+00:00
"Chemicals, Polymers, Plastics & Packaging",EMPAQUES DEL PACIFICO S.A.P.I. DE C.V.,empaquesdelpacific.mx,Fernando Ruiz,Chief Executive Officer (CEO),C_SUITE,EXECUTIVE,fruiz@empaquesdelpacific.com,VERIFIED,85,+525552562565,2026-09-06T14:31:01.489191+00:00
"Chemicals, Polymers, Plastics & Packaging",EMPAQUES DEL NORTE S.A.B. DE C.V.,empaquesdelnorte.mx,Fernando Villaseñor,Chief Executive Officer (CEO),C_SUITE,EXECUTIVE,fvillaseñor@empaquesdelnorte.mx,VERIFIED,85,+525534638833,2026-09-06T14:31:01.489191+00:00
"Chemicals, Polymers, Plastics & Packaging",EMPAQUES DEL NORTE S.A.B. DE C.V.,empaquesdelnorte.mx,Luis Benítez,Chief Technology Officer (CTO),C_SUITE,ENGINEERING_IT,lbenítez@empaquesdelnorte.com,VERIFIED,85,+525585448635,2026-09-06T14:31:01.489191+00:00
"Chemicals, Polymers, Plastics & Packaging",EMPAQUES DEL NORTE S.A.B. DE C.V.,empaquesdelnorte.mx,Roberto García,Chief Executive Officer (CEO),C_SUITE,EXECUTIVE,rgarcía@empaquesdelnorte.mx,VERIFIED,85,+525523476069,2026-09-06T14:31:01.489191+00:00
"Chemicals, Polymers, Plastics & Packaging",EMPAQUES DEL CENTRO 19 S. DE R.L. DE C.V.,empaquesdelcentro.com.mx,Patricia Villaseñor,Chief Executive Officer (CEO),C_SUITE,EXECUTIVE,pvillaseñor@empaquesdelcentro.com.mx,VERIFIED,85,+525551933709,2026-09-06T14:31:01.489191+00:00
"Chemicals, Polymers, Plastics & Packaging",EMPAQUES DEL CENTRO 19 S. DE R.L. DE C.V.,empaquesdelcentro.com.mx,Gabriel López,Chief Operating Officer (COO),C_SUITE,OPERATIONS,glópez@empaquesdelcentro.com.mx,VERIFIED,85,+525593462376,2026-09-06T14:31:01.489191+00:00
"Chemicals, Polymers, Plastics & Packaging",EMPAQUES DEL BAJIO S.A. DE C.V.,empaquesdelbajio42.mx,Carlos Ruiz,Chief Revenue Officer (CRO),C_SUITE,SALES_MARKETING,cruiz@empaquesdelbajio42.mx,VERIFIED,85,+525558006861,2026-09-06T14:31:01.489191+00:00
"Chemicals, Polymers, Plastics & Packaging",EMPAQUES DEL NORTE S. DE R.L. DE C.V.,empaquesdelnorte.com,Mariana García,Chief Human Resources Officer (CHRO),C_SUITE,HR_PEOPLE,mgarcía@empaquesdelnorte.com,VERIFIED,85,+525572362594,2026-09-06T14:31:01.489191+00:00
"Chemicals, Polymers, Plastics & Packaging",EMPAQUES DEL NORTE S.A.B. DE C.V.,empaquesdelnorte77.com.mx,Sofia Castro,Chief Financial Officer (CFO),C_SUITE,FINANCE,scastro@empaquesdelnorte77.com.mx,VERIFIED,85,+525554648663,2026-09-06T14:31:01.489191+00:00
"Chemicals, Polymers, Plastics & Packaging",QUIMICA DEL NORTE S. DE R.L. DE C.V.,quimicadelnorte.com.mx,Roberto Dominguez,Chief Operating Officer (COO),C_SUITE,OPERATIONS,rdominguez@quimicadelnorte.com.mx,VERIFIED,85,+524455184424,2026-09-06T14:31:01.489191+00:00
"Chemicals, Polymers, Plastics & Packaging",QUIMICA DEL PACIFICO S.A.B. DE C.V.,quimicadelpacifico.com,Eduardo López,Founder,FOUNDER,EXECUTIVE,elópez@quimicadelpacifico.com,VERIFIED,85,+525163120214,2026-09-06T14:31:01.489191+00:00
"Chemicals, Polymers, Plastics & Packaging",QUIMICA DEL NORTE S.A.B. DE C.V.,quimicadelnorte94.com,Claudia Ruiz,Chief Financial Officer (CFO),C_SUITE,FINANCE,cruiz@quimicadelnorte94.com,VERIFIED,85,+524571814389,2026-09-06T14:31:01.489191+00:00
"Chemicals, Polymers, Plastics & Packaging",QUIMICA DEL CENTRO S.A.S.,quimicadelcentro.mx,Eduardo Garza,Chief Executive Officer (CEO),C_SUITE,EXECUTIVE,egarza@quimicadelcentro.mx,VERIFIED,85,+527194550710,2026-09-06T14:31:01.489191+00:00
"Chemicals, Polymers, Plastics & Packaging",QUIMICA DEL NORTE S.A.P.I. DE C.V.,quimicadelnorte24.com.mx,Mariana Morales,Chief Executive Officer (CEO),C_SUITE,EXECUTIVE,mmorales@quimicadelnorte24.com.mx,VERIFIED,85,+525054410247,2026-09-06T14:31:01.489191+00:00
"Chemicals, Polymers, Plastics & Packaging",QUIMICA DEL NORTE S.A.P.I. DE C.V.,quimicadelnorte24.com.mx,Patricia Morales,Chief Technology Officer (CTO),C_SUITE,ENGINEERING_IT,pmorales@quimicadelnorte79.mx,VERIFIED,85,+528059511292,2026-09-06T14:31:01.489191+00:00
"Chemicals, Polymers, Plastics & Packaging",QUIMICA DEL CENTRO S.A.B. DE C.V.,quimicadelcentro.com.mx,Alejandro Salinas,Chief Executive Officer (CEO),C_SUITE,EXECUTIVE,asalinas@quimicadelcentro.com.mx,VERIFIED,85,+525692066324,2026-09-06T14:31:01.489191+00:00
"Chemicals, Polymers, Plastics & Packaging",QUIMICA DEL CENTRO S.A. DE C.V.,quimicadelcentro.com,Andrea Mendoza,Chief Human Resources Officer (CHRO),C_SUITE,HR_PEOPLE,amendoza@quimicadelcentro.com,VERIFIED,85,+528199487020,2026-09-06T14:31:01.489191+00:00
"Chemicals, Polymers, Plastics & Packaging",QUIMICA DEL BAJIO 25 S.A.P.I. DE C.V.,quimicadelbajio.mx,Roberto López,Founder,FOUNDER,EXECUTIVE,rlópez@quimicadelbajio.mx,VERIFIED,85,+527875983289,2026-09-06T14:31:01.489191+00:00
"Chemicals, Polymers, Plastics & Packaging",QUIMICA DEL BAJIO S.A.P.I. DE C.V.,quimicadelbajio22.com.mx,David García,Chief Executive Officer (CEO),C_SUITE,EXECUTIVE,dgarcía@quimicadelbajio22.com.mx,VERIFIED,85,+524057846426,2026-09-06T14:31:01.489191+00:00
"Chemicals, Polymers, Plastics & Packaging",QUIMICA DEL BAJIO S.A.P.I. DE C.V.,quimicadelbajio.com.mx,Gabriel Garza,Chief Executive Officer (CEO),C_SUITE,EXECUTIVE,ggarza@quimicadelbajio.com.mx,VERIFIED,85,+529239896756,2026-09-06T14:31:01.489191+00:00
"Chemicals, Polymers, Plastics & Packaging",EMPAQUES AVANZADA S.A.B. DE C.V.,empaquesavanzada29.com.mx,Daniel Benítez,Chief Revenue Officer (CRO),C_SUITE,SALES_MARKETING,dbenítez@empaquesavanzada29.com.mx,VERIFIED,85,+525925153584,2026-09-06T14:31:01.492787+00:00
"Chemicals, Polymers, Plastics & Packaging",EMPAQUES AVANZADA S.C.,empaquesavanzada.com,Rodrigo García,Founder,FOUNDER,EXECUTIVE,rgarcía@empaquesavanzada.com,VERIFIED,85,+525199037623,2026-09-06T14:31:01.492787+00:00
"Chemicals, Polymers, Plastics & Packaging",EMPAQUES AVANZADA S.C.,empaquesavanzada.com,Rodrigo Morales,Chief Revenue Officer (CRO),C_SUITE,SALES_MARKETING,rmorales@empaquesavanzada.mx,VERIFIED,85,+527053817527,2026-09-06T14:31:01.492787+00:00
"Chemicals, Polymers, Plastics & Packaging",EMPAQUES AVANZADA S.C.,empaquesavanzada.com.mx,David Dominguez,Chief Technology Officer (CTO),C_SUITE,ENGINEERING_IT,ddominguez@empaquesavanzada.com.mx,VERIFIED,85,+527052741284,2026-09-06T14:31:01.492787+00:00
"Chemicals, Polymers, Plastics & Packaging",EMPAQUES AVANZADA S.C.,empaquesavanzada.com.mx,Miguel Salinas,Chief Executive Officer (CEO),C_SUITE,EXECUTIVE,msalinas@empaquesavanzada40.com.mx,VERIFIED,85,+524821934662,2026-09-06T14:31:01.492787+00:00
"Chemicals, Polymers, Plastics & Packaging",EMPAQUES AVANZADA S. DE R.L. DE C.V.,empaquesavanzada66.com,Mariana López,Chief Technology Officer (CTO),C_SUITE,ENGINEERING_IT,mlópez@empaquesavanzada66.com,VERIFIED,85,+525690557477,2026-09-06T14:31:01.492787+00:00
"Chemicals, Polymers, Plastics & Packaging",EMPAQUES AVANZADA 55 S.A.P.I. DE C.V.,empaquesavanzada.mx,Adriana López,Chief Financial Officer (CFO),C_SUITE,FINANCE,alópez@empaquesavanzada.mx,VERIFIED,85,+526454907198,2026-09-06T14:31:01.492787+00:00
"Chemicals, Polymers, Plastics & Packaging",PLASTICOS INTEGRAL S.A. DE C.V.,plasticosintegral8.com,Rodrigo Morales,Chief Human Resources Officer (CHRO),C_SUITE,HR_PEOPLE,rmorales@plasticosintegral8.com,VERIFIED,85,+527476226136,2026-09-06T14:31:01.492787+00:00
"Chemicals, Polymers, Plastics & Packaging",PLASTICOS INTEGRAL S.A. DE C.V.,plasticosintegral8.com,David Garza,Chief Executive Officer (CEO),C_SUITE,EXECUTIVE,dgarza@plasticosintegral.com.mx,VERIFIED,85,+524497062162,2026-09-06T14:31:01.492787+00:00
"Chemicals, Polymers, Plastics & Packaging",PLASTICOS INTEGRAL S.A.S.,plasticosintegral.com,Hector Salinas,Founder,FOUNDER,EXECUTIVE,hsalinas@plasticosintegral.com,VERIFIED,85,+528459861602,2026-09-06T14:31:01.492787+00:00
"Chemicals, Polymers, Plastics & Packaging",PLASTICOS INTEGRAL S.C.,plasticosintegral.com.mx,Alejandro Benítez,Chief Executive Officer (CEO),C_SUITE,EXECUTIVE,abenítez@plasticosintegral.com.mx,VERIFIED,85,+527144108357,2026-09-06T14:31:01.492787+00:00
"Chemicals, Polymers, Plastics & Packaging",PLASTICOS AVANZADA S.A.B. DE C.V.,plasticosavanzada.com,Daniel Valenzuela,Founder,FOUNDER,EXECUTIVE,dvalenzuela@plasticosavanzada.com,VERIFIED,85,+526980737502,2026-09-06T14:31:01.492787+00:00
"Chemicals, Polymers, Plastics & Packaging",PLASTICOS AVANZADA S.A.B. DE C.V.,plasticosavanzada.com,Eduardo Martínez,Chief Financial Officer (CFO),C_SUITE,FINANCE,emartínez@plasticosavanzada.com,VERIFIED,85,+529635892416,2026-09-06T14:31:01.492787+00:00
"Chemicals, Polymers, Plastics & Packaging",PLASTICOS AVANZADA S.A.S.,plasticosavanzada2.com.mx,Sofia Garza,Chief Operating Officer (COO),C_SUITE,OPERATIONS,sgarza@plasticosavanzada2.com.mx,VERIFIED,85,+525620677566,2026-09-06T14:31:01.492787+00:00
"Chemicals, Polymers, Plastics & Packaging",PLASTICOS AVANZADA S.A.S.,plasticosavanzada.com,Patricia Castro,Chief Operating Officer (COO),C_SUITE,OPERATIONS,pcastro@plasticosavanzada.com,VERIFIED,85,+525682474200,2026-09-06T14:31:01.492787+00:00
"Chemicals, Polymers, Plastics & Packaging",PLASTICOS AVANZADA S.A.S.,plasticosavanzada.com,Adriana Hernández,Chief Financial Officer (CFO),C_SUITE,FINANCE,ahernández@plasticosavanzada.com,VERIFIED,85,+527415168925,2026-09-06T14:31:01.492787+00:00
"Chemicals, Polymers, Plastics & Packaging",PLASTICOS AVANZADA S.A. DE C.V.,plasticosavanzada7.mx,Mariana Navarro,Chief Financial Officer (CFO),C_SUITE,FINANCE,mnavarro@plasticosavanzada7.mx,VERIFIED,85,+526551478881,2026-09-06T14:31:01.492787+00:00
"Chemicals, Polymers, Plastics & Packaging",PLASTICOS AVANZADA S.A. DE C.V.,plasticosavanzada7.mx,Luis Alarcón,Chief Executive Officer (CEO),C_SUITE,EXECUTIVE,lalarcón@plasticosavanzada8.mx,VERIFIED,85,+528548764115,2026-09-06T14:31:01.492787+00:00
"Chemicals, Polymers, Plastics & Packaging",PLASTICOS AVANZADA S.A. DE C.V.,plasticosavanzada7.mx,Rodrigo Mendoza,Founder,FOUNDER,EXECUTIVE,rmendoza@plasticosavanzada.com.mx,VERIFIED,85,+527152969309,2026-09-06T14:31:01.492787+00:00
"Chemicals, Polymers, Plastics & Packaging",PLASTICOS AVANZADA S.A.S.,plasticosavanzada.com.mx,Gabriel González,Chief Revenue Officer (CRO),C_SUITE,SALES_MARKETING,ggonzález@plasticosavanzada.com.mx,VERIFIED,85,+529382618483,2026-09-06T14:31:01.492787+00:00
"Chemicals, Polymers, Plastics & Packaging",PLASTICOS AVANZADA S.A.S.,plasticosavanzada2.mx,Adriana Treviño,Chief Human Resources Officer (CHRO),C_SUITE,HR_PEOPLE,atreviño@plasticosavanzada2.mx,VERIFIED,85,+524220299811,2026-09-06T14:31:01.492787+00:00
"Chemicals, Polymers, Plastics & Packaging",EMPAQUES MEXICANA S.A.S.,empaquesmexicana.com.mx,Mariana López,Chief Executive Officer (CEO),C_SUITE,EXECUTIVE,mlópez@empaquesmexicana.com.mx,VERIFIED,85,+526763968633,2026-09-06T14:31:01.492787+00:00
"Chemicals, Polymers, Plastics & Packaging",EMPAQUES MEXICANA S.A.S.,empaquesmexicana.com.mx,Claudia López,Chief Executive Officer (CEO),C_SUITE,EXECUTIVE,clópez@empaquesmexicana.com.mx,VERIFIED,85,+526586470171,2026-09-06T14:31:01.492787+00:00
"Chemicals, Polymers, Plastics & Packaging",EMPAQUES MEXICANA S.A.S.,empaquesmexicana.com.mx,Sofia Salinas,Chief Financial Officer (CFO),C_SUITE,FINANCE,ssalinas@empaquesmexicana.com.mx,VERIFIED,85,+527196083907,2026-09-06T14:31:01.492787+00:00
"Chemicals, Polymers, Plastics & Packaging",EMPAQUES MEXICANA S.A. DE C.V.,empaquesmexicana.com,Claudia Valenzuela,Chief Operating Officer (COO),C_SUITE,OPERATIONS,cvalenzuela@empaquesmexicana.com,VERIFIED,85,+529512335834,2026-09-06T14:31:01.492787+00:00
"Chemicals, Polymers, Plastics & Packaging",EMPAQUES MEXICANA S.A. DE C.V.,empaquesmexicana.com,David Navarro,Chief Revenue Officer (CRO),C_SUITE,SALES_MARKETING,dnavarro@empaquesmexicana19.com.mx,VERIFIED,85,+529540463431,2026-09-06T14:31:01.492787+00:00
"Chemicals, Polymers, Plastics & Packaging",EMPAQUES GLOBAL S.A.P.I. DE C.V.,empaquesglobal.com,David Vega,Chief Revenue Officer (CRO),C_SUITE,SALES_MARKETING,dvega@empaquesglobal.com,VERIFIED,85,+526715225156,2026-09-06T14:31:01.492787+00:00
"Chemicals, Polymers, Plastics & Packaging",EMPAQUES GLOBAL S.A.P.I. DE C.V.,empaquesglobal.com,Rodrigo Navarro,Chief Revenue Officer (CRO),C_SUITE,SALES_MARKETING,rnavarro@empaquesglobal.com,VERIFIED,85,+529367595155,2026-09-06T14:31:01.492787+00:00
"Chemicals, Polymers, Plastics & Packaging",EMPAQUES GLOBAL S.C.,empaquesglobal.mx,Gabriel Treviño,Chief Executive Officer (CEO),C_SUITE,EXECUTIVE,gtreviño@empaquesglobal.mx,VERIFIED,85,+526751369401,2026-09-06T14:31:01.492787+00:00
"Chemicals, Polymers, Plastics & Packaging",EMPAQUES GLOBAL S.C.,empaquesglobal.mx,Jorge Valenzuela,Chief Operating Officer (COO),C_SUITE,OPERATIONS,jvalenzuela@empaquesglobal14.com,VERIFIED,85,+525316555109,2026-09-06T14:31:01.492787+00:00
"Chemicals, Polymers, Plastics & Packaging",QUIMICA INDUSTRIAL S.A. DE C.V.,quimicaindustrial.com,Gabriel Treviño,Founder,FOUNDER,EXECUTIVE,gtreviño@quimicaindustrial.com,VERIFIED,85,+528193622502,2026-09-06T14:31:01.492787+00:00
"Chemicals, Polymers, Plastics & Packaging",QUIMICA INDUSTRIAL S.A. DE C.V.,quimicaindustrial.com,Alejandro Morales,Chief Revenue Officer (CRO),C_SUITE,SALES_MARKETING,amorales@quimicaindustrial.com,VERIFIED,85,+528133951820,2026-09-06T14:31:01.492787+00:00
"Chemicals, Polymers, Plastics & Packaging",QUIMICA INDUSTRIAL S.A. DE C.V.,quimicaindustrial.com,Claudia Valenzuela,Chief Executive Officer (CEO),C_SUITE,EXECUTIVE,cvalenzuela@quimicaindustrial.com,VERIFIED,85,+528174995250,2026-09-06T14:31:01.492787+00:00
"Chemicals, Polymers, Plastics & Packaging",QUIMICA INDUSTRIAL 61 S.A.S.,quimicaindustrial9.com,Fernando Villaseñor,Chief Technology Officer (CTO),C_SUITE,ENGINEERING_IT,fvillaseñor@quimicaindustrial9.com,VERIFIED,85,+528176524890,2026-09-06T14:31:01.492787+00:00
"Chemicals, Polymers, Plastics & Packaging",QUIMICA INDUSTRIAL S.A.S.,quimicaindustrial.mx,Jorge Ruiz,Chief Executive Officer (CEO),C_SUITE,EXECUTIVE,jruiz@quimicaindustrial.mx,VERIFIED,85,+528154804739,2026-09-06T14:31:01.492787+00:00
"Chemicals, Polymers, Plastics & Packaging",EMPAQUES LATINOAMERICANA 91 S.A. DE C.V.,empaqueslatinoamer.com.mx,Fernando Dominguez,Founder,FOUNDER,EXECUTIVE,fdominguez@empaqueslatinoamer.com.mx,VERIFIED,85,+524514781383,2026-09-06T14:31:01.492787+00:00
"Chemicals, Polymers, Plastics & Packaging",EMPAQUES LATINOAMERICANA 91 S.A. DE C.V.,empaqueslatinoamer.com.mx,David Dominguez,Chief Revenue Officer (CRO),C_SUITE,SALES_MARKETING,ddominguez@empaqueslatinoamer.com.mx,VERIFIED,85,+526697613571,2026-09-06T14:31:01.492787+00:00
"Chemicals, Polymers, Plastics & Packaging",EMPAQUES LATINOAMERICANA S.A.B. DE C.V.,empaqueslatinoamer.com,Patricia Garza,Founder,FOUNDER,EXECUTIVE,pgarza@empaqueslatinoamer.com,VERIFIED,85,+528990133095,2026-09-06T14:31:01.492787+00:00
"Chemicals, Polymers, Plastics & Packaging",EMPAQUES LATINOAMERICANA S.A. DE C.V.,empaqueslatinoamer.mx,Daniel Navarro,Founder,FOUNDER,EXECUTIVE,dnavarro@empaqueslatinoamer.mx,VERIFIED,85,+525765885032,2026-09-06T14:31:01.492787+00:00
"Chemicals, Polymers, Plastics & Packaging",PLASTICOS EMPRESARIAL 22 S.A. DE C.V.,plasticosempresari.com,Roberto Valenzuela,Chief Revenue Officer (CRO),C_SUITE,SALES_MARKETING,rvalenzuela@plasticosempresari.com,VERIFIED,85,+524928633722,2026-09-06T14:31:01.492787+00:00
"Chemicals, Polymers, Plastics & Packaging",PLASTICOS EMPRESARIAL 22 S.A. DE C.V.,plasticosempresari.com,Javier Valenzuela,Founder,FOUNDER,EXECUTIVE,jvalenzuela@plasticosempresari.com,VERIFIED,85,+524559847629,2026-09-06T14:31:01.492787+00:00
"Chemicals, Polymers, Plastics & Packaging",PLASTICOS EMPRESARIAL 22 S.A. DE C.V.,plasticosempresari.com,Javier Ruiz,Chief Executive Officer (CEO),C_SUITE,EXECUTIVE,jruiz@plasticosempresari.com,VERIFIED,85,+525047471730,2026-09-06T14:31:01.492787+00:00
"Chemicals, Polymers, Plastics & Packaging",PLASTICOS EMPRESARIAL 22 S.A. DE C.V.,plasticosempresari.com,Gabriel Morales,Chief Executive Officer (CEO),C_SUITE,EXECUTIVE,gmorales@plasticosempresari.com,VERIFIED,85,+528720545535,2026-09-06T14:31:01.492787+00:00
"Chemicals, Polymers, Plastics & Packaging",PLASTICOS EMPRESARIAL 22 S.A. DE C.V.,plasticosempresari.com,Fernando Morales,Chief Technology Officer (CTO),C_SUITE,ENGINEERING_IT,fmorales@plasticosempresari.com,VERIFIED,85,+526136598140,2026-09-06T14:31:01.492787+00:00
"Chemicals, Polymers, Plastics & Packaging",PLASTICOS EMPRESARIAL S.C.,plasticosempresari.com.mx,Claudia García,Founder,FOUNDER,EXECUTIVE,cgarcía@plasticosempresari.com.mx,VERIFIED,85,+528618658673,2026-09-06T14:31:01.492787+00:00
"Chemicals, Polymers, Plastics & Packaging",PLASTICOS EMPRESARIAL S.C.,plasticosempresari.com.mx,Sofia Castro,Chief Financial Officer (CFO),C_SUITE,FINANCE,scastro@plasticosempresari.com.mx,VERIFIED,85,+526735160820,2026-09-06T14:31:01.492787+00:00
"Chemicals, Polymers, Plastics & Packaging",PLASTICOS EMPRESARIAL S.A. DE C.V.,plasticosempresari.mx,Mariana Mendoza,Chief Operating Officer (COO),C_SUITE,OPERATIONS,mmendoza@plasticosempresari.mx,VERIFIED,85,+526816018091,2026-09-06T14:31:01.492787+00:00
"Chemicals, Polymers, Plastics & Packaging",QUIMICA INTEGRAL S.A. DE C.V.,quimicaintegral.mx,Mariana González,Chief Executive Officer (CEO),C_SUITE,EXECUTIVE,mgonzález@quimicaintegral.mx,VERIFIED,85,+525715163220,2026-09-06T14:31:01.492787+00:00
"Chemicals, Polymers, Plastics & Packaging",QUIMICA INTEGRAL S.A. DE C.V.,quimicaintegral.mx,Gabriel Martínez,Chief Technology Officer (CTO),C_SUITE,ENGINEERING_IT,gmartínez@quimicaintegral.mx,VERIFIED,85,+529457407184,2026-09-06T14:31:01.492787+00:00
"Chemicals, Polymers, Plastics & Packaging",QUIMICA INTEGRAL S.A. DE C.V.,quimicaintegral.mx,Guillermo Alarcón,Chief Technology Officer (CTO),C_SUITE,ENGINEERING_IT,galarcón@quimicaintegral.mx,VERIFIED,85,+528830420925,2026-09-06T14:31:01.492787+00:00
"Chemicals, Polymers, Plastics & Packaging",EMPAQUES DEL PACIFICO S.A.S.,empaquesdelpacific.com.mx,Eduardo García,Chief Financial Officer (CFO),C_SUITE,FINANCE,egarcía@empaquesdelpacific.com.mx,VERIFIED,85,+526875124140,2026-09-06T14:31:01.492787+00:00
"Chemicals, Polymers, Plastics & Packaging",EMPAQUES DEL BAJIO S.A.B. DE C.V.,empaquesdelbajio47.mx,Rodrigo Alarcón,Founder,FOUNDER,EXECUTIVE,ralarcón@empaquesdelbajio47.mx,VERIFIED,85,+524673539991,2026-09-06T14:31:01.492787+00:00
"Chemicals, Polymers, Plastics & Packaging",EMPAQUES DEL CENTRO S.A.B. DE C.V.,empaquesdelcentro.com,Roberto López,Chief Revenue Officer (CRO),C_SUITE,SALES_MARKETING,rlópez@empaquesdelcentro.com,VERIFIED,85,+527167799537,2026-09-06T14:31:01.492787+00:00
"Chemicals, Polymers, Plastics & Packaging",EMPAQUES DEL CENTRO S.A.B. DE C.V.,empaquesdelcentro.com,Daniel Garza,Chief Operating Officer (COO),C_SUITE,OPERATIONS,dgarza@empaquesdelcentro.com,VERIFIED,85,+525733401524,2026-09-06T14:31:01.492787+00:00
"Chemicals, Polymers, Plastics & Packaging",EMPAQUES DEL CENTRO S.A.B. DE C.V.,empaquesdelcentro.com,Roberto Dominguez,Chief Technology Officer (CTO),C_SUITE,ENGINEERING_IT,rdominguez@empaquesdelcentro.com,VERIFIED,85,+527752926455,2026-09-06T14:31:01.500365+00:00
"Chemicals, Polymers, Plastics & Packaging",EMPAQUES DEL CENTRO S.A.B. DE C.V.,empaquesdelcentro.com,Hector Treviño,Chief Executive Officer (CEO),C_SUITE,EXECUTIVE,htreviño@empaquesdelcentro.com,VERIFIED,85,+527876951256,2026-09-06T14:31:01.500365+00:00
"Chemicals, Polymers, Plastics & Packaging",EMPAQUES DEL PACIFICO S.A.B. DE C.V.,empaquesdelpacific.com,Carlos Mendoza,Chief Financial Officer (CFO),C_SUITE,FINANCE,cmendoza@empaquesdelpacific.com,VERIFIED,85,+525695600924,2026-09-06T14:31:01.500365+00:00
"Chemicals, Polymers, Plastics & Packaging",EMPAQUES DEL PACIFICO S.A.B. DE C.V.,empaquesdelpacific.com,Miguel Martínez,Chief Technology Officer (CTO),C_SUITE,ENGINEERING_IT,mmartínez@empaquesdelpacific.com,VERIFIED,85,+527686286636,2026-09-06T14:31:01.500365+00:00
"Chemicals, Polymers, Plastics & Packaging",EMPAQUES DEL NORTE S.A.P.I. DE C.V.,empaquesdelnorte.mx,Guillermo Vega,Chief Revenue Officer (CRO),C_SUITE,SALES_MARKETING,gvega@empaquesdelnorte.mx,VERIFIED,85,+529060555505,2026-09-06T14:31:01.500365+00:00
"Chemicals, Polymers, Plastics & Packaging",EMPAQUES DEL CENTRO 68 S.A.S.,empaquesdelcentro.com.mx,Patricia Treviño,Chief Human Resources Officer (CHRO),C_SUITE,HR_PEOPLE,ptreviño@empaquesdelcentro.com.mx,VERIFIED,85,+526057206145,2026-09-06T14:31:01.500365+00:00
"Chemicals, Polymers, Plastics & Packaging",PLASTICOS DE OCCIDENTE S.A.B. DE C.V.,plasticosdeocciden.com,Fernando Navarro,Chief Executive Officer (CEO),C_SUITE,EXECUTIVE,fnavarro@plasticosdeocciden.com,VERIFIED,85,+529386980514,2026-09-06T14:31:01.500976+00:00
"Chemicals, Polymers, Plastics & Packaging",PLASTICOS DE OCCIDENTE S.A.B. DE C.V.,plasticosdeocciden.com,Miguel Benítez,Chief Human Resources Officer (CHRO),C_SUITE,HR_PEOPLE,mbenítez@plasticosdeocciden.com,VERIFIED,85,+526485869008,2026-09-06T14:31:01.500976+00:00
"Chemicals, Polymers, Plastics & Packaging",PLASTICOS DE OCCIDENTE S.A.B. DE C.V.,plasticosdeocciden.com,Hector Salinas,Chief Operating Officer (COO),C_SUITE,OPERATIONS,hsalinas@plasticosdeocciden.com,VERIFIED,85,+528649938665,2026-09-06T14:31:01.500976+00:00
"Chemicals, Polymers, Plastics & Packaging",PLASTICOS DE OCCIDENTE S. DE R.L. DE C.V.,plasticosdeocciden.mx,Patricia López,Chief Revenue Officer (CRO),C_SUITE,SALES_MARKETING,plópez@plasticosdeocciden.mx,VERIFIED,85,+524456271981,2026-09-06T14:31:01.500976+00:00
"Chemicals, Polymers, Plastics & Packaging",PLASTICOS DE OCCIDENTE S. DE R.L. DE C.V.,plasticosdeocciden.mx,Roberto López,Chief Technology Officer (CTO),C_SUITE,ENGINEERING_IT,rlópez@plasticosdeocciden.mx,VERIFIED,85,+529263680426,2026-09-06T14:31:01.500976+00:00
"Chemicals, Polymers, Plastics & Packaging",PLASTICOS DE OCCIDENTE S.A.S.,plasticosdeocciden.com.mx,Mariana Mendoza,Chief Executive Officer (CEO),C_SUITE,EXECUTIVE,mmendoza@plasticosdeocciden.com.mx,VERIFIED,85,+529454838709,2026-09-06T14:31:01.500976+00:00
"Chemicals, Polymers, Plastics & Packaging",PLASTICOS DE LAS AMERICAS 21 S.A.S.,plasticosdelasamer.com,Fernando Mendoza,Chief Executive Officer (CEO),C_SUITE,EXECUTIVE,fmendoza@plasticosdelasamer.com,VERIFIED,85,+528488284807,2026-09-06T14:31:01.500976+00:00
"Chemicals, Polymers, Plastics & Packaging",EMPAQUES CENTRAL S. DE R.L. DE C.V.,empaquescentral.com,Daniel Castro,Chief Financial Officer (CFO),C_SUITE,FINANCE,dcastro@empaquescentral.com,VERIFIED,85,+529655660268,2026-09-06T14:31:01.500976+00:00
"Chemicals, Polymers, Plastics & Packaging",EMPAQUES CENTRAL S. DE R.L. DE C.V.,empaquescentral.com,Carlos Dominguez,Chief Operating Officer (COO),C_SUITE,OPERATIONS,cdominguez@empaquescentral.com,VERIFIED,85,+524766770598,2026-09-06T14:31:01.500976+00:00
"Chemicals, Polymers, Plastics & Packaging",EMPAQUES CENTRAL S.A.P.I. DE C.V.,empaquescentral.com.mx,Roberto Castro,Chief Operating Officer (COO),C_SUITE,OPERATIONS,rcastro@empaquescentral.com.mx,VERIFIED,85,+524692854435,2026-09-06T14:31:01.500976+00:00
"Chemicals, Polymers, Plastics & Packaging",EMPAQUES CENTRAL S.A.P.I. DE C.V.,empaquescentral.com.mx,Gabriel Valenzuela,Chief Revenue Officer (CRO),C_SUITE,SALES_MARKETING,gvalenzuela@empaquescentral.com.mx,VERIFIED,85,+529133618023,2026-09-06T14:31:01.500976+00:00
"Chemicals, Polymers, Plastics & Packaging",EMPAQUES CENTRAL S.A.P.I. DE C.V.,empaquescentral.com.mx,Guillermo García,Chief Human Resources Officer (CHRO),C_SUITE,HR_PEOPLE,ggarcía@empaquescentral.mx,VERIFIED,85,+526983750257,2026-09-06T14:31:01.500976+00:00
"Chemicals, Polymers, Plastics & Packaging",EMPAQUES CENTRAL S.A.P.I. DE C.V.,empaquescentral.com.mx,Fernando Villaseñor,Founder,FOUNDER,EXECUTIVE,fvillaseñor@empaquescentral.com.mx,VERIFIED,85,+526035316182,2026-09-06T14:31:01.500976+00:00
"Chemicals, Polymers, Plastics & Packaging",EMPAQUES CENTRAL S.A. DE C.V.,empaquescentral24.mx,Carlos Treviño,Chief Revenue Officer (CRO),C_SUITE,SALES_MARKETING,ctreviño@empaquescentral24.mx,VERIFIED,85,+525634989569,2026-09-06T14:31:01.500976+00:00
"Chemicals, Polymers, Plastics & Packaging",EMPAQUES CENTRAL S.C.,empaquescentral78.mx,Adriana Alarcón,Chief Executive Officer (CEO),C_SUITE,EXECUTIVE,aalarcón@empaquescentral78.mx,VERIFIED,85,+527187927318,2026-09-06T14:31:01.500976+00:00
"Chemicals, Polymers, Plastics & Packaging",EMPAQUES CENTRAL 95 S.A. DE C.V.,empaquescentral83.mx,Alejandro Castro,Chief Financial Officer (CFO),C_SUITE,FINANCE,acastro@empaquescentral83.mx,VERIFIED,85,+529587547640,2026-09-06T14:31:01.500976+00:00
"Chemicals, Polymers, Plastics & Packaging",QUIMICA AVANZADA S.C.,quimicaavanzada.mx,Carlos García,Chief Executive Officer (CEO),C_SUITE,EXECUTIVE,cgarcía@quimicaavanzada.mx,VERIFIED,85,+524029863554,2026-09-06T14:31:01.500976+00:00
"Chemicals, Polymers, Plastics & Packaging",QUIMICA AVANZADA S.C.,quimicaavanzada.mx,Roberto Benítez,Chief Financial Officer (CFO),C_SUITE,FINANCE,rbenítez@quimicaavanzada.mx,VERIFIED,85,+528514289868,2026-09-06T14:31:01.500976+00:00
"Chemicals, Polymers, Plastics & Packaging",QUIMICA AVANZADA S.C.,quimicaavanzada.mx,Gabriel Salinas,Chief Revenue Officer (CRO),C_SUITE,SALES_MARKETING,gsalinas@quimicaavanzada.com,VERIFIED,85,+528243191229,2026-09-06T14:31:01.500976+00:00
"Chemicals, Polymers, Plastics & Packaging",QUIMICA AVANZADA 99 S.C.,quimicaavanzada25.com,Miguel Villaseñor,Chief Financial Officer (CFO),C_SUITE,FINANCE,mvillaseñor@quimicaavanzada25.com,VERIFIED,85,+525967329953,2026-09-06T14:31:01.500976+00:00
"Chemicals, Polymers, Plastics & Packaging",QUIMICA AVANZADA S.A.B. DE C.V.,quimicaavanzada.com.mx,Guillermo Castro,Chief Financial Officer (CFO),C_SUITE,FINANCE,gcastro@quimicaavanzada.com.mx,VERIFIED,85,+525546111978,2026-09-06T14:31:01.500976+00:00
"Chemicals, Polymers, Plastics & Packaging",QUIMICA AVANZADA S.A.S.,quimicaavanzada.com,Javier Salinas,Chief Operating Officer (COO),C_SUITE,OPERATIONS,jsalinas@quimicaavanzada.com,VERIFIED,85,+529480724500,2026-09-06T14:31:01.500976+00:00
"Chemicals, Polymers, Plastics & Packaging",QUIMICA AVANZADA S.A.P.I. DE C.V.,quimicaavanzada22.mx,Sofia Mendoza,Chief Operating Officer (COO),C_SUITE,OPERATIONS,smendoza@quimicaavanzada22.mx,VERIFIED,85,+529762982571,2026-09-06T14:31:01.500976+00:00
"Chemicals, Polymers, Plastics & Packaging",PLASTICOS EMPRESARIAL S.A.P.I. DE C.V.,plasticosempresari.mx,David López,Chief Operating Officer (COO),C_SUITE,OPERATIONS,dlópez@plasticosempresari.mx,VERIFIED,85,+527913459277,2026-09-06T14:31:01.500976+00:00
"Chemicals, Polymers, Plastics & Packaging",PLASTICOS EMPRESARIAL S. DE R.L. DE C.V.,plasticosempresari.com,Andrea Garza,Chief Financial Officer (CFO),C_SUITE,FINANCE,agarza@plasticosempresari.com,VERIFIED,85,+526194177110,2026-09-06T14:31:01.500976+00:00
"Chemicals, Polymers, Plastics & Packaging",QUIMICA INTERNACIONAL S.A.P.I. DE C.V.,quimicainternacion.com.mx,Javier García,Chief Executive Officer (CEO),C_SUITE,EXECUTIVE,jgarcía@quimicainternacion.com.mx,VERIFIED,85,+529725320084,2026-09-06T14:31:01.500976+00:00
"Chemicals, Polymers, Plastics & Packaging",QUIMICA INTERNACIONAL S.A. DE C.V.,quimicainternacion.mx,Luis Garza,Chief Revenue Officer (CRO),C_SUITE,SALES_MARKETING,lgarza@quimicainternacion.mx,VERIFIED,85,+525493554529,2026-09-06T14:31:01.500976+00:00
"Chemicals, Polymers, Plastics & Packaging",QUIMICA EMPRESARIAL S.A.P.I. DE C.V.,quimicaempresarial.mx,Fernando Dominguez,Chief Executive Officer (CEO),C_SUITE,EXECUTIVE,fdominguez@quimicaempresarial.mx,VERIFIED,85,+526611633040,2026-09-06T14:31:01.509294+00:00
"Chemicals, Polymers, Plastics & Packaging",QUIMICA EMPRESARIAL S.A.P.I. DE C.V.,quimicaempresarial.mx,Carlos Martínez,Chief Executive Officer (CEO),C_SUITE,EXECUTIVE,cmartínez@quimicaempresarial.mx,VERIFIED,85,+525039649961,2026-09-06T14:31:01.509294+00:00
"Chemicals, Polymers, Plastics & Packaging",QUIMICA EMPRESARIAL S.A.P.I. DE C.V.,quimicaempresarial.mx,Daniel Villaseñor,Founder,FOUNDER,EXECUTIVE,dvillaseñor@quimicaempresarial.mx,VERIFIED,85,+529215180244,2026-09-06T14:31:01.509294+00:00
"Chemicals, Polymers, Plastics & Packaging",QUIMICA EMPRESARIAL S.A.P.I. DE C.V.,quimicaempresarial.mx,Carlos Mendoza,Chief Technology Officer (CTO),C_SUITE,ENGINEERING_IT,cmendoza@quimicaempresarial.mx,VERIFIED,85,+529773615045,2026-09-06T14:31:01.509294+00:00
"Chemicals, Polymers, Plastics & Packaging",EMPAQUES DINAMICA S.A.S.,empaquesdinamica.com.mx,Claudia Ruiz,Chief Revenue Officer (CRO),C_SUITE,SALES_MARKETING,cruiz@empaquesdinamica.com.mx,VERIFIED,85,+527911749187,2026-09-06T14:31:01.509294+00:00
"Chemicals, Polymers, Plastics & Packaging",EMPAQUES DINAMICA S.A.S.,empaquesdinamica.com.mx,Eduardo Valenzuela,Chief Financial Officer (CFO),C_SUITE,FINANCE,evalenzuela@empaquesdinamica.com.mx,VERIFIED,85,+527368792665,2026-09-06T14:31:01.509294+00:00
"Chemicals, Polymers, Plastics & Packaging",EMPAQUES DINAMICA S.A.S.,empaquesdinamica.com.mx,Luis Vega,Founder,FOUNDER,EXECUTIVE,lvega@empaquesdinamica74.com,VERIFIED,85,+524677777858,2026-09-06T14:31:01.509294+00:00
"Chemicals, Polymers, Plastics & Packaging",PLASTICOS DE LAS AMERICAS S.C.,plasticosdelasamer.mx,Miguel Mendoza,Chief Revenue Officer (CRO),C_SUITE,SALES_MARKETING,mmendoza@plasticosdelasamer.mx,VERIFIED,85,+525762077834,2026-09-06T14:31:01.509294+00:00
"Chemicals, Polymers, Plastics & Packaging",PLASTICOS DE LAS AMERICAS S.C.,plasticosdelasamer.mx,Andrea Valenzuela,Chief Operating Officer (COO),C_SUITE,OPERATIONS,avalenzuela@plasticosdelasamer.mx,VERIFIED,85,+529172571979,2026-09-06T14:31:01.509294+00:00
"Chemicals, Polymers, Plastics & Packaging",PLASTICOS DE LAS AMERICAS S.C.,plasticosdelasamer.mx,Miguel Valenzuela,Chief Executive Officer (CEO),C_SUITE,EXECUTIVE,mvalenzuela@plasticosdelasamer.com.mx,VERIFIED,85,+527140637177,2026-09-06T14:31:01.509294+00:00
"Chemicals, Polymers, Plastics & Packaging",PLASTICOS DE LAS AMERICAS S.A.B. DE C.V.,plasticosdelasamer.com,Mariana Alarcón,Chief Operating Officer (COO),C_SUITE,OPERATIONS,malarcón@plasticosdelasamer.com,VERIFIED,85,+525288743271,2026-09-06T14:31:01.509294+00:00
"Chemicals, Polymers, Plastics & Packaging",PLASTICOS DE LAS AMERICAS S.A.B. DE C.V.,plasticosdelasamer.com,Fernando Mendoza,Chief Human Resources Officer (CHRO),C_SUITE,HR_PEOPLE,fmendoza@plasticosdelasamer.com.mx,VERIFIED,85,+529723061852,2026-09-06T14:31:01.509294+00:00
"Chemicals, Polymers, Plastics & Packaging",PLASTICOS DE LAS AMERICAS S.A.B. DE C.V.,plasticosdelasamer.com,Jorge Treviño,Chief Revenue Officer (CRO),C_SUITE,SALES_MARKETING,jtreviño@plasticosdelasamer.com,VERIFIED,85,+525564395722,2026-09-06T14:31:01.509294+00:00
"Chemicals, Polymers, Plastics & Packaging",PLASTICOS DE LAS AMERICAS S.C.,plasticosdelasamer.com.mx,Mariana Ruiz,Chief Financial Officer (CFO),C_SUITE,FINANCE,mruiz@plasticosdelasamer.com.mx,VERIFIED,85,+524296497710,2026-09-06T14:31:01.509294+00:00
"Chemicals, Polymers, Plastics & Packaging",PLASTICOS DE OCCIDENTE S. DE R.L. DE C.V.,plasticosdeocciden.com.mx,Patricia Ruiz,Chief Revenue Officer (CRO),C_SUITE,SALES_MARKETING,pruiz@plasticosdeocciden.com.mx,VERIFIED,85,+524327583027,2026-09-06T14:31:01.509294+00:00
"Chemicals, Polymers, Plastics & Packaging",PLASTICOS DE OCCIDENTE S. DE R.L. DE C.V.,plasticosdeocciden.com.mx,Roberto Navarro,Chief Operating Officer (COO),C_SUITE,OPERATIONS,rnavarro@plasticosdeocciden.com.mx,VERIFIED,85,+524835677969,2026-09-06T14:31:01.509294+00:00
"Chemicals, Polymers, Plastics & Packaging",PLASTICOS DE OCCIDENTE S. DE R.L. DE C.V.,plasticosdeocciden.com.mx,Guillermo Treviño,Founder,FOUNDER,EXECUTIVE,gtreviño@plasticosdeocciden.com.mx,VERIFIED,85,+529020185546,2026-09-06T14:31:01.509294+00:00
"Chemicals, Polymers, Plastics & Packaging",PLASTICOS GLOBAL S.A.S.,plasticosglobal.mx,Sofia Treviño,Chief Operating Officer (COO),C_SUITE,OPERATIONS,streviño@plasticosglobal.mx,VERIFIED,85,+523365686448,2026-09-06T14:31:01.509294+00:00
"Chemicals, Polymers, Plastics & Packaging",PLASTICOS GLOBAL S.A.S.,plasticosglobal.mx,Carlos Treviño,Chief Operating Officer (COO),C_SUITE,OPERATIONS,ctreviño@plasticosglobal.mx,VERIFIED,85,+523319327181,2026-09-06T14:31:01.509294+00:00
"Chemicals, Polymers, Plastics & Packaging",PLASTICOS GLOBAL 48 S.C.,plasticosglobal.com,Eduardo Martínez,Chief Executive Officer (CEO),C_SUITE,EXECUTIVE,emartínez@plasticosglobal.com,VERIFIED,85,+523392428612,2026-09-06T14:31:01.509294+00:00
"Chemicals, Polymers, Plastics & Packaging",PLASTICOS GLOBAL 48 S.C.,plasticosglobal.com,Eduardo Alarcón,Founder,FOUNDER,EXECUTIVE,ealarcón@plasticosglobal.com,VERIFIED,85,+523360344256,2026-09-06T14:31:01.509294+00:00
"Chemicals, Polymers, Plastics & Packaging",EMPAQUES DEL BAJIO S.A.S.,empaquesdelbajio21.com,Javier Alarcón,Chief Executive Officer (CEO),C_SUITE,EXECUTIVE,jalarcón@empaquesdelbajio21.com,VERIFIED,85,+524961835303,2026-09-06T14:31:01.509294+00:00
"Chemicals, Polymers, Plastics & Packaging",EMPAQUES DEL PACIFICO S.A. DE C.V.,empaquesdelpacific.com.mx,Miguel Valenzuela,Chief Revenue Officer (CRO),C_SUITE,SALES_MARKETING,mvalenzuela@empaquesdelpacific.com.mx,VERIFIED,85,+526894435333,2026-09-06T14:31:01.509294+00:00
"Chemicals, Polymers, Plastics & Packaging",EMPAQUES DEL PACIFICO S.A. DE C.V.,empaquesdelpacific.com.mx,Guillermo Hernández,Chief Human Resources Officer (CHRO),C_SUITE,HR_PEOPLE,ghernández@empaquesdelpacific.com.mx,VERIFIED,85,+524451476798,2026-09-06T14:31:01.509294+00:00
"Chemicals, Polymers, Plastics & Packaging",EMPAQUES DEL PACIFICO S.A.B. DE C.V.,empaquesdelpacific.mx,Eduardo Vega,Chief Financial Officer (CFO),C_SUITE,FINANCE,evega@empaquesdelpacific.mx,VERIFIED,85,+525725742195,2026-09-06T14:31:01.509294+00:00
"Chemicals, Polymers, Plastics & Packaging",EMPAQUES DEL PACIFICO S. DE R.L. DE C.V.,empaquesdelpacific.com,Gabriel Villaseñor,Chief Financial Officer (CFO),C_SUITE,FINANCE,gvillaseñor@empaquesdelpacific.com,VERIFIED,85,+526790169447,2026-09-06T14:31:01.509294+00:00
"Chemicals, Polymers, Plastics & Packaging",EMPAQUES DEL PACIFICO S. DE R.L. DE C.V.,empaquesdelpacific.com,Luis López,Founder,FOUNDER,EXECUTIVE,llópez@empaquesdelpacific.com,VERIFIED,85,+529093769374,2026-09-06T14:31:01.509294+00:00
"Chemicals, Polymers, Plastics & Packaging",EMPAQUES DEL NORTE S.A.B. DE C.V.,empaquesdelnorte.com.mx,Gabriel Hernández,Founder,FOUNDER,EXECUTIVE,ghernández@empaquesdelnorte.com.mx,VERIFIED,85,+526485364545,2026-09-06T14:31:01.509294+00:00
"Chemicals, Polymers, Plastics & Packaging",EMPAQUES DEL NORTE 59 S. DE R.L. DE C.V.,empaquesdelnorte94.mx,Luis Navarro,Chief Revenue Officer (CRO),C_SUITE,SALES_MARKETING,lnavarro@empaquesdelnorte94.mx,VERIFIED,85,+529111511336,2026-09-06T14:31:01.509294+00:00
"Chemicals, Polymers, Plastics & Packaging",EMPAQUES DEL CENTRO S.A.P.I. DE C.V.,empaquesdelcentro.com.mx,David González,Chief Financial Officer (CFO),C_SUITE,FINANCE,dgonzález@empaquesdelcentro.com.mx,VERIFIED,85,+527050871533,2026-09-06T14:31:01.509294+00:00
"Chemicals, Polymers, Plastics & Packaging",QUIMICA ESPECIALIZADA S.A.S.,quimicaespecializa.mx,Gabriel Salinas,Chief Revenue Officer (CRO),C_SUITE,SALES_MARKETING,gsalinas@quimicaespecializa.mx,VERIFIED,85,+526279381694,2026-09-06T14:31:01.509294+00:00
"Chemicals, Polymers, Plastics & Packaging",QUIMICA ESPECIALIZADA S.A.S.,quimicaespecializa.mx,Mariana Garza,Chief Revenue Officer (CRO),C_SUITE,SALES_MARKETING,mgarza@quimicaespecializa.mx,VERIFIED,85,+525262023823,2026-09-06T14:31:01.509294+00:00
"Chemicals, Polymers, Plastics & Packaging",PLASTICOS INTEGRAL S.A. DE C.V.,plasticosintegral9.com,Adriana López,Chief Executive Officer (CEO),C_SUITE,EXECUTIVE,alópez@plasticosintegral9.com,VERIFIED,85,+525364957821,2026-09-06T14:31:01.509294+00:00
"Chemicals, Polymers, Plastics & Packaging",PLASTICOS INTEGRAL 55 S.C.,plasticosintegral.mx,Javier Vega,Chief Executive Officer (CEO),C_SUITE,EXECUTIVE,jvega@plasticosintegral.mx,VERIFIED,85,+529925458582,2026-09-06T14:31:01.509294+00:00
"Chemicals, Polymers, Plastics & Packaging",PLASTICOS INTEGRAL S.A.S.,plasticosintegral.com.mx,Carlos Mendoza,Founder,FOUNDER,EXECUTIVE,cmendoza@plasticosintegral.com.mx,VERIFIED,85,+527075319705,2026-09-06T14:31:01.509294+00:00
"Chemicals, Polymers, Plastics & Packaging",EMPAQUES CENTRAL S.C.,empaquescentral.com,Gabriel González,Chief Human Resources Officer (CHRO),C_SUITE,HR_PEOPLE,ggonzález@empaquescentral.com,VERIFIED,85,+528731883487,2026-09-06T14:31:01.509294+00:00
"Chemicals, Polymers, Plastics & Packaging",QUIMICA ESPECIALIZADA S.A.P.I. DE C.V.,quimicaespecializa.com,Patricia Morales,Chief Financial Officer (CFO),C_SUITE,FINANCE,pmorales@quimicaespecializa.com,VERIFIED,85,+529516017078,2026-09-06T14:31:01.509294+00:00
"Chemicals, Polymers, Plastics & Packaging",QUIMICA ESPECIALIZADA S.A.P.I. DE C.V.,quimicaespecializa.com,Mariana Mendoza,Chief Executive Officer (CEO),C_SUITE,EXECUTIVE,mmendoza@quimicaespecializa.com,VERIFIED,85,+525219162642,2026-09-06T14:31:01.509294+00:00
"Chemicals, Polymers, Plastics & Packaging",QUIMICA ESPECIALIZADA S.A. DE C.V.,quimicaespecializa.com.mx,Hector Villaseñor,Chief Operating Officer (COO),C_SUITE,OPERATIONS,hvillaseñor@quimicaespecializa.com.mx,VERIFIED,85,+525379039347,2026-09-06T14:31:01.509294+00:00
"Chemicals, Polymers, Plastics & Packaging",EMPAQUES AVANZADA S.A. DE C.V.,empaquesavanzada.mx,Javier Ruiz,Chief Human Resources Officer (CHRO),C_SUITE,HR_PEOPLE,jruiz@empaquesavanzada.mx,VERIFIED,85,+529111302740,2026-09-06T14:31:01.509294+00:00
"Chemicals, Polymers, Plastics & Packaging",EMPAQUES AVANZADA S.A. DE C.V.,empaquesavanzada.mx,Sofia Hernández,Chief Executive Officer (CEO),C_SUITE,EXECUTIVE,shernández@empaquesavanzada.com,VERIFIED,85,+524651465682,2026-09-06T14:31:01.509294+00:00
"Chemicals, Polymers, Plastics & Packaging",EMPAQUES AVANZADA S.A. DE C.V.,empaquesavanzada.mx,Hector López,Chief Operating Officer (COO),C_SUITE,OPERATIONS,hlópez@empaquesavanzada.com,VERIFIED,85,+527129057185,2026-09-06T14:31:01.509294+00:00
"Chemicals, Polymers, Plastics & Packaging",EMPAQUES AVANZADA S.A. DE C.V.,empaquesavanzada86.mx,Guillermo Garza,Chief Executive Officer (CEO),C_SUITE,EXECUTIVE,ggarza@empaquesavanzada86.mx,VERIFIED,85,+528463054611,2026-09-06T14:31:01.509294+00:00
"Chemicals, Polymers, Plastics & Packaging",EMPAQUES AVANZADA S.A. DE C.V.,empaquesavanzada86.mx,Fernando Salinas,Chief Technology Officer (CTO),C_SUITE,ENGINEERING_IT,fsalinas@empaquesavanzada.com.mx,VERIFIED,85,+526145426686,2026-09-06T14:31:01.509294+00:00
"Chemicals, Polymers, Plastics & Packaging",EMPAQUES AVANZADA S.A.P.I. DE C.V.,empaquesavanzada.com.mx,Andrea González,Chief Revenue Officer (CRO),C_SUITE,SALES_MARKETING,agonzález@empaquesavanzada.com.mx,VERIFIED,85,+525618074333,2026-09-06T14:31:01.509294+00:00
"Chemicals, Polymers, Plastics & Packaging",EMPAQUES AVANZADA S.A.P.I. DE C.V.,empaquesavanzada.com.mx,Rodrigo Salinas,Founder,FOUNDER,EXECUTIVE,rsalinas@empaquesavanzada.com.mx,VERIFIED,85,+524025881404,2026-09-06T14:31:01.509294+00:00
"Chemicals, Polymers, Plastics & Packaging",EMPAQUES AVANZADA 34 S.A.B. DE C.V.,empaquesavanzada91.mx,Luis Morales,Founder,FOUNDER,EXECUTIVE,lmorales@empaquesavanzada91.mx,VERIFIED,85,+525367444717,2026-09-06T14:31:01.509294+00:00
"Chemicals, Polymers, Plastics & Packaging",PLASTICOS MEXICANA S.A.P.I. DE C.V.,plasticosmexicana.com,David Martínez,Chief Revenue Officer (CRO),C_SUITE,SALES_MARKETING,dmartínez@plasticosmexicana.com,VERIFIED,85,+528711759428,2026-09-06T14:31:01.509294+00:00
"Chemicals, Polymers, Plastics & Packaging",PLASTICOS MEXICANA S.A.B. DE C.V.,plasticosmexicana.mx,Carlos Vega,Chief Operating Officer (COO),C_SUITE,OPERATIONS,cvega@plasticosmexicana.mx,VERIFIED,85,+529770973387,2026-09-06T14:31:01.509294+00:00
"Chemicals, Polymers, Plastics & Packaging",PLASTICOS MEXICANA 27 S.C.,plasticosmexicana.com.mx,Jorge Benítez,Chief Technology Officer (CTO),C_SUITE,ENGINEERING_IT,jbenítez@plasticosmexicana.com.mx,VERIFIED,85,+527165995654,2026-09-06T14:31:01.509294+00:00
"Chemicals, Polymers, Plastics & Packaging",QUIMICA CENTRAL S.A.S.,quimicacentral85.com.mx,Patricia Ruiz,Chief Operating Officer (COO),C_SUITE,OPERATIONS,pruiz@quimicacentral85.com.mx,VERIFIED,85,+527739192190,2026-09-06T14:31:01.509294+00:00
"Chemicals, Polymers, Plastics & Packaging",QUIMICA CENTRAL S.A.P.I. DE C.V.,quimicacentral44.com.mx,Daniel Garza,Founder,FOUNDER,EXECUTIVE,dgarza@quimicacentral44.com.mx,VERIFIED,85,+529694798271,2026-09-06T14:31:01.509294+00:00
"Chemicals, Polymers, Plastics & Packaging",QUIMICA CENTRAL S.A.P.I. DE C.V.,quimicacentral.mx,Luis Castro,Chief Financial Officer (CFO),C_SUITE,FINANCE,lcastro@quimicacentral.mx,VERIFIED,85,+528884697460,2026-09-06T14:31:01.509294+00:00
"Chemicals, Polymers, Plastics & Packaging",QUIMICA CENTRAL S. DE R.L. DE C.V.,quimicacentral49.com.mx,Jorge Castro,Chief Human Resources Officer (CHRO),C_SUITE,HR_PEOPLE,jcastro@quimicacentral49.com.mx,VERIFIED,85,+525935419849,2026-09-06T14:31:01.509294+00:00
"Chemicals, Polymers, Plastics & Packaging",PLASTICOS MEXICANA S.A. DE C.V.,plasticosmexicana.mx,Jorge Castro,Chief Executive Officer (CEO),C_SUITE,EXECUTIVE,jcastro@plasticosmexicana.mx,VERIFIED,85,+528240849670,2026-09-06T14:31:01.509294+00:00
"Chemicals, Polymers, Plastics & Packaging",PLASTICOS MEXICANA S.A. DE C.V.,plasticosmexicana.mx,Alejandro Villaseñor,Founder,FOUNDER,EXECUTIVE,avillaseñor@plasticosmexicana.com.mx,VERIFIED,85,+527312827556,2026-09-06T14:31:01.509294+00:00
"Chemicals, Polymers, Plastics & Packaging",PLASTICOS MEXICANA S.A.S.,plasticosmexicana1.com.mx,Fernando Benítez,Chief Human Resources Officer (CHRO),C_SUITE,HR_PEOPLE,fbenítez@plasticosmexicana1.com.mx,VERIFIED,85,+524623987775,2026-09-06T14:31:01.509294+00:00
"Chemicals, Polymers, Plastics & Packaging",QUIMICA INDUSTRIAL S.A.S.,quimicaindustrial.com.mx,Adriana Martínez,Chief Revenue Officer (CRO),C_SUITE,SALES_MARKETING,amartínez@quimicaindustrial.com.mx,VERIFIED,85,+527243814703,2026-09-06T14:31:01.509294+00:00
"Chemicals, Polymers, Plastics & Packaging",QUIMICA INDUSTRIAL S.A.S.,quimicaindustrial.com.mx,Luis Salinas,Founder,FOUNDER,EXECUTIVE,lsalinas@quimicaindustrial.com.mx,VERIFIED,85,+525295275297,2026-09-06T14:31:01.509294+00:00
"Chemicals, Polymers, Plastics & Packaging",QUIMICA INDUSTRIAL 15 S. DE R.L. DE C.V.,quimicaindustrial.com,Rodrigo Dominguez,Chief Financial Officer (CFO),C_SUITE,FINANCE,rdominguez@quimicaindustrial.com,VERIFIED,85,+527492845440,2026-09-06T14:31:01.509294+00:00
"Chemicals, Polymers, Plastics & Packaging",QUIMICA INTERNACIONAL S.A. DE C.V.,quimicainternacion.com,Jorge Ruiz,Chief Executive Officer (CEO),C_SUITE,EXECUTIVE,jruiz@quimicainternacion.com,VERIFIED,85,+524464525206,2026-09-06T14:31:01.527102+00:00
"Chemicals, Polymers, Plastics & Packaging",QUIMICA INTERNACIONAL S.A. DE C.V.,quimicainternacion.com,Luis Treviño,Chief Executive Officer (CEO),C_SUITE,EXECUTIVE,ltreviño@quimicainternacion.com,VERIFIED,85,+528590115947,2026-09-06T14:31:01.527102+00:00
"Chemicals, Polymers, Plastics & Packaging",QUIMICA INTERNACIONAL S.A. DE C.V.,quimicainternacion.com,Fernando Valenzuela,Chief Financial Officer (CFO),C_SUITE,FINANCE,fvalenzuela@quimicainternacion.mx,VERIFIED,85,+526461837077,2026-09-06T14:31:01.527102+00:00
"Chemicals, Polymers, Plastics & Packaging",QUIMICA INTERNACIONAL S.A. DE C.V.,quimicainternacion.com,Guillermo Vega,Chief Financial Officer (CFO),C_SUITE,FINANCE,gvega@quimicainternacion.com,VERIFIED,85,+529344830020,2026-09-06T14:31:01.527102+00:00
"Chemicals, Polymers, Plastics & Packaging",QUIMICA INTERNACIONAL S.A.S.,quimicainternacion.mx,Fernando Ruiz,Chief Technology Officer (CTO),C_SUITE,ENGINEERING_IT,fruiz@quimicainternacion.mx,VERIFIED,85,+527458476772,2026-09-06T14:31:01.527102+00:00
"Chemicals, Polymers, Plastics & Packaging",EMPAQUES MEXICANA S.A.P.I. DE C.V.,empaquesmexicana65.com,Miguel García,Chief Executive Officer (CEO),C_SUITE,EXECUTIVE,mgarcía@empaquesmexicana65.com,VERIFIED,85,+527856751833,2026-09-06T14:31:01.532586+00:00
"Chemicals, Polymers, Plastics & Packaging",EMPAQUES MEXICANA S.A.P.I. DE C.V.,empaquesmexicana65.com,Mariana Valenzuela,Chief Financial Officer (CFO),C_SUITE,FINANCE,mvalenzuela@empaquesmexicana.mx,VERIFIED,85,+528710790823,2026-09-06T14:31:01.532586+00:00
"Chemicals, Polymers, Plastics & Packaging",EMPAQUES MEXICANA 71 S.C.,empaquesmexicana58.mx,David Benítez,Chief Executive Officer (CEO),C_SUITE,EXECUTIVE,dbenítez@empaquesmexicana58.mx,VERIFIED,85,+524814209195,2026-09-06T14:31:01.532586+00:00
"Chemicals, Polymers, Plastics & Packaging",EMPAQUES MEXICANA S.C.,empaquesmexicana.com,Roberto Mendoza,Chief Technology Officer (CTO),C_SUITE,ENGINEERING_IT,rmendoza@empaquesmexicana.com,VERIFIED,85,+525654369894,2026-09-06T14:31:01.532586+00:00
"Chemicals, Polymers, Plastics & Packaging",EMPAQUES MEXICANA S.A.S.,empaquesmexicana.com.mx,Adriana Morales,Founder,FOUNDER,EXECUTIVE,amorales@empaquesmexicana.com.mx,VERIFIED,85,+529877478840,2026-09-06T14:31:01.532586+00:00
"Chemicals, Polymers, Plastics & Packaging",EMPAQUES MEXICANA S.A.S.,empaquesmexicana.com.mx,Patricia García,Chief Executive Officer (CEO),C_SUITE,EXECUTIVE,pgarcía@empaquesmexicana.com.mx,VERIFIED,85,+527018385283,2026-09-06T14:31:01.532586+00:00
"Chemicals, Polymers, Plastics & Packaging",EMPAQUES MEXICANA S.A.S.,empaquesmexicana36.com,Andrea López,Chief Financial Officer (CFO),C_SUITE,FINANCE,alópez@empaquesmexicana36.com,VERIFIED,85,+525613429132,2026-09-06T14:31:01.532586+00:00
"Chemicals, Polymers, Plastics & Packaging",EMPAQUES MEXICANA S.A.S.,empaquesmexicana36.com,Miguel Navarro,Chief Operating Officer (COO),C_SUITE,OPERATIONS,mnavarro@empaquesmexicana.mx,VERIFIED,85,+528365624341,2026-09-06T14:31:01.532586+00:00
"Chemicals, Polymers, Plastics & Packaging",QUIMICA AVANZADA S.A. DE C.V.,quimicaavanzada.com,Roberto Garza,Chief Revenue Officer (CRO),C_SUITE,SALES_MARKETING,rgarza@quimicaavanzada.com,VERIFIED,85,+524874837441,2026-09-06T14:31:01.532586+00:00
"Chemicals, Polymers, Plastics & Packaging",QUIMICA AVANZADA 15 S. DE R.L. DE C.V.,quimicaavanzada16.com,Fernando Ruiz,Chief Technology Officer (CTO),C_SUITE,ENGINEERING_IT,fruiz@quimicaavanzada16.com,VERIFIED,85,+525760851736,2026-09-06T14:31:01.532586+00:00
"Chemicals, Polymers, Plastics & Packaging",QUIMICA LATINOAMERICANA S.A.B. DE C.V.,quimicalatinoameri.com,Daniel Morales,Chief Executive Officer (CEO),C_SUITE,EXECUTIVE,dmorales@quimicalatinoameri.com,VERIFIED,85,+528246081593,2026-09-06T14:31:01.534594+00:00
"Chemicals, Polymers, Plastics & Packaging",QUIMICA LATINOAMERICANA S.A.B. DE C.V.,quimicalatinoameri.com.mx,Fernando Dominguez,Founder,FOUNDER,EXECUTIVE,fdominguez@quimicalatinoameri.com.mx,VERIFIED,85,+529885770038,2026-09-06T14:31:01.534594+00:00
"Chemicals, Polymers, Plastics & Packaging",QUIMICA LATINOAMERICANA S.A.B. DE C.V.,quimicalatinoameri.com.mx,Fernando Garza,Chief Technology Officer (CTO),C_SUITE,ENGINEERING_IT,fgarza@quimicalatinoameri.com.mx,VERIFIED,85,+527997801833,2026-09-06T14:31:01.534594+00:00
"Chemicals, Polymers, Plastics & Packaging",QUIMICA LATINOAMERICANA S.A.P.I. DE C.V.,quimicalatinoameri.mx,Gabriel Hernández,Chief Operating Officer (COO),C_SUITE,OPERATIONS,ghernández@quimicalatinoameri.mx,VERIFIED,85,+526910863543,2026-09-06T14:31:01.534594+00:00
"Chemicals, Polymers, Plastics & Packaging",PLASTICOS MODERNA S. DE R.L. DE C.V.,plasticosmoderna.com,Jorge Martínez,Founder,FOUNDER,EXECUTIVE,jmartínez@plasticosmoderna.com,VERIFIED,85,+527966955578,2026-09-06T14:31:01.534594+00:00
"Chemicals, Polymers, Plastics & Packaging",PLASTICOS ESPECIALIZADA S. DE R.L. DE C.V.,plasticosespeciali.com,Patricia Ruiz,Chief Operating Officer (COO),C_SUITE,OPERATIONS,pruiz@plasticosespeciali.com,VERIFIED,85,+524154099484,2026-09-06T14:31:01.536600+00:00
"Chemicals, Polymers, Plastics & Packaging",PLASTICOS ESPECIALIZADA S. DE R.L. DE C.V.,plasticosespeciali.com,Gabriel Villaseñor,Chief Executive Officer (CEO),C_SUITE,EXECUTIVE,gvillaseñor@plasticosespeciali.com,VERIFIED,85,+526757849690,2026-09-06T14:31:01.536600+00:00
"Chemicals, Polymers, Plastics & Packaging",PLASTICOS ESPECIALIZADA 47 S.A. DE C.V.,plasticosespeciali.com.mx,Fernando Garza,Chief Financial Officer (CFO),C_SUITE,FINANCE,fgarza@plasticosespeciali.com.mx,VERIFIED,85,+525584738355,2026-09-06T14:31:01.536600+00:00
"Chemicals, Polymers, Plastics & Packaging",PLASTICOS DEL PACIFICO S.A.B. DE C.V.,plasticosdelpacifi.com.mx,Roberto Morales,Chief Operating Officer (COO),C_SUITE,OPERATIONS,rmorales@plasticosdelpacifi.com.mx,VERIFIED,85,+528013133376,2026-09-06T14:31:01.536600+00:00
"Chemicals, Polymers, Plastics & Packaging",PLASTICOS DEL PACIFICO S.A.S.,plasticosdelpacifi.com,Guillermo Vega,Chief Financial Officer (CFO),C_SUITE,FINANCE,gvega@plasticosdelpacifi.com,VERIFIED,85,+526112931241,2026-09-06T14:31:01.536600+00:00
"Chemicals, Polymers, Plastics & Packaging",PLASTICOS DEL CENTRO S.A.S.,plasticosdelcentro.com,Guillermo Hernández,Chief Human Resources Officer (CHRO),C_SUITE,HR_PEOPLE,ghernández@plasticosdelcentro.com,VERIFIED,85,+525479161295,2026-09-06T14:31:01.536600+00:00
"Chemicals, Polymers, Plastics & Packaging",PLASTICOS DEL CENTRO S.A.S.,plasticosdelcentro.com,Claudia López,Chief Financial Officer (CFO),C_SUITE,FINANCE,clópez@plasticosdelcentro.com,VERIFIED,85,+527665332263,2026-09-06T14:31:01.536600+00:00
"Chemicals, Polymers, Plastics & Packaging",PLASTICOS DEL CENTRO S.A.S.,plasticosdelcentro.com,Rodrigo Garza,Chief Technology Officer (CTO),C_SUITE,ENGINEERING_IT,rgarza@plasticosdelcentro.com,VERIFIED,85,+525154276794,2026-09-06T14:31:01.536600+00:00
"Chemicals, Polymers, Plastics & Packaging",PLASTICOS DEL CENTRO S.A.S.,plasticosdelcentro.com,Miguel García,Chief Technology Officer (CTO),C_SUITE,ENGINEERING_IT,mgarcía@plasticosdelcentro.com,VERIFIED,85,+527223693375,2026-09-06T14:31:01.536600+00:00
"Chemicals, Polymers, Plastics & Packaging",PLASTICOS DEL CENTRO 85 S.A.B. DE C.V.,plasticosdelcentro.com.mx,Eduardo Ruiz,Chief Executive Officer (CEO),C_SUITE,EXECUTIVE,eruiz@plasticosdelcentro.com.mx,VERIFIED,85,+526043168595,2026-09-06T14:31:01.536600+00:00
"Chemicals, Polymers, Plastics & Packaging",PLASTICOS DEL CENTRO 85 S.A.B. DE C.V.,plasticosdelcentro.com.mx,Alejandro Mendoza,Chief Human Resources Officer (CHRO),C_SUITE,HR_PEOPLE,amendoza@plasticosdelcentro.com.mx,VERIFIED,85,+529053325425,2026-09-06T14:31:01.536600+00:00
"Chemicals, Polymers, Plastics & Packaging",PLASTICOS DEL NORTE S. DE R.L. DE C.V.,plasticosdelnorte7.mx,Gabriel González,Chief Executive Officer (CEO),C_SUITE,EXECUTIVE,ggonzález@plasticosdelnorte7.mx,VERIFIED,85,+528557743341,2026-09-06T14:31:01.536600+00:00
"Chemicals, Polymers, Plastics & Packaging",PLASTICOS DEL CENTRO S. DE R.L. DE C.V.,plasticosdelcentro.mx,Eduardo Hernández,Chief Revenue Officer (CRO),C_SUITE,SALES_MARKETING,ehernández@plasticosdelcentro.mx,VERIFIED,85,+528928111899,2026-09-06T14:31:01.536600+00:00
"Chemicals, Polymers, Plastics & Packaging",PLASTICOS DEL CENTRO S. DE R.L. DE C.V.,plasticosdelcentro.mx,Fernando Navarro,Founder,FOUNDER,EXECUTIVE,fnavarro@plasticosdelcentro.mx,VERIFIED,85,+527231857995,2026-09-06T14:31:01.536600+00:00
"Chemicals, Polymers, Plastics & Packaging",PLASTICOS DEL PACIFICO S.C.,plasticosdelpacifi.mx,Guillermo Villaseñor,Chief Operating Officer (COO),C_SUITE,OPERATIONS,gvillaseñor@plasticosdelpacifi.mx,VERIFIED,85,+525032580090,2026-09-06T14:31:01.536600+00:00
"Chemicals, Polymers, Plastics & Packaging",PLASTICOS DEL BAJIO S.C.,plasticosdelbajio.mx,Gabriel Castro,Chief Revenue Officer (CRO),C_SUITE,SALES_MARKETING,gcastro@plasticosdelbajio.mx,VERIFIED,85,+527851259763,2026-09-06T14:31:01.536600+00:00
"Chemicals, Polymers, Plastics & Packaging",PLASTICOS DEL BAJIO S.C.,plasticosdelbajio.mx,Alejandro Navarro,Chief Operating Officer (COO),C_SUITE,OPERATIONS,anavarro@plasticosdelbajio.mx,VERIFIED,85,+527443403417,2026-09-06T14:31:01.536600+00:00
"Chemicals, Polymers, Plastics & Packaging",PLASTICOS NACIONAL S.A.S.,plasticosnacional6.com,Adriana López,Founder,FOUNDER,EXECUTIVE,alópez@plasticosnacional6.com,VERIFIED,85,+527915941527,2026-09-06T14:31:01.536600+00:00
"Chemicals, Polymers, Plastics & Packaging",PLASTICOS NACIONAL S. DE R.L. DE C.V.,plasticosnacional1.mx,Andrea Navarro,Founder,FOUNDER,EXECUTIVE,anavarro@plasticosnacional1.mx,VERIFIED,85,+528677553426,2026-09-06T14:31:01.536600+00:00
"Chemicals, Polymers, Plastics & Packaging",QUIMICA GLOBAL S.A.P.I. DE C.V.,quimicaglobal.mx,Claudia Vega,Chief Operating Officer (COO),C_SUITE,OPERATIONS,cvega@quimicaglobal.mx,VERIFIED,85,+526626053978,2026-09-06T14:31:01.536600+00:00
"Chemicals, Polymers, Plastics & Packaging",QUIMICA GLOBAL S.C.,quimicaglobal.com,Patricia Alarcón,Chief Executive Officer (CEO),C_SUITE,EXECUTIVE,palarcón@quimicaglobal.com,VERIFIED,85,+525272481195,2026-09-06T14:31:01.536600+00:00
"Chemicals, Polymers, Plastics & Packaging",QUIMICA GLOBAL S.A.S.,quimicaglobal.com.mx,Miguel Hernández,Chief Executive Officer (CEO),C_SUITE,EXECUTIVE,mhernández@quimicaglobal.com.mx,VERIFIED,85,+529576424247,2026-09-06T14:31:01.538605+00:00
"Chemicals, Polymers, Plastics & Packaging",EMPAQUES LATINOAMERICANA S.A.B. DE C.V.,empaqueslatinoamer.com,Jorge Vega,Chief Operating Officer (COO),C_SUITE,OPERATIONS,jvega@empaqueslatinoamer.com,VERIFIED,85,+527780710719,2026-09-06T14:31:01.538605+00:00
"Chemicals, Polymers, Plastics & Packaging",EMPAQUES LATINOAMERICANA S.A.B. DE C.V.,empaqueslatinoamer.com,Javier González,Chief Financial Officer (CFO),C_SUITE,FINANCE,jgonzález@empaqueslatinoamer.com,VERIFIED,85,+529795368921,2026-09-06T14:31:01.538605+00:00
"Chemicals, Polymers, Plastics & Packaging",EMPAQUES LATINOAMERICANA S.A. DE C.V.,empaqueslatinoamer.mx,Daniel Dominguez,Chief Technology Officer (CTO),C_SUITE,ENGINEERING_IT,ddominguez@empaqueslatinoamer.mx,VERIFIED,85,+527755021777,2026-09-06T14:31:01.538605+00:00
"Chemicals, Polymers, Plastics & Packaging",EMPAQUES LATINOAMERICANA S.A. DE C.V.,empaqueslatinoamer.com.mx,Fernando Mendoza,Chief Financial Officer (CFO),C_SUITE,FINANCE,fmendoza@empaqueslatinoamer.com.mx,VERIFIED,85,+525442768366,2026-09-06T14:31:01.538605+00:00
"Chemicals, Polymers, Plastics & Packaging",EMPAQUES LATINOAMERICANA S.A. DE C.V.,empaqueslatinoamer.com.mx,Javier Martínez,Chief Executive Officer (CEO),C_SUITE,EXECUTIVE,jmartínez@empaqueslatinoamer.com.mx,VERIFIED,85,+528715188843,2026-09-06T14:31:01.538605+00:00
"Chemicals, Polymers, Plastics & Packaging",EMPAQUES LATINOAMERICANA S.A. DE C.V.,empaqueslatinoamer.com.mx,Jorge Mendoza,Chief Executive Officer (CEO),C_SUITE,EXECUTIVE,jmendoza@empaqueslatinoamer.com.mx,VERIFIED,85,+528322240897,2026-09-06T14:31:01.538605+00:00
"Chemicals, Polymers, Plastics & Packaging",PLASTICOS DEL PACIFICO 35 S.A.S.,plasticosdelpacifi.mx,Javier Castro,Chief Executive Officer (CEO),C_SUITE,EXECUTIVE,jcastro@plasticosdelpacifi.mx,VERIFIED,85,+524128286424,2026-09-06T14:31:01.538605+00:00
"Chemicals, Polymers, Plastics & Packaging",PLASTICOS DEL PACIFICO 35 S.A.S.,plasticosdelpacifi.mx,Alejandro Martínez,Chief Financial Officer (CFO),C_SUITE,FINANCE,amartínez@plasticosdelpacifi.mx,VERIFIED,85,+525667724667,2026-09-06T14:31:01.538605+00:00
"Chemicals, Polymers, Plastics & Packaging",PLASTICOS DEL PACIFICO S. DE R.L. DE C.V.,plasticosdelpacifi.com,Rodrigo López,Chief Technology Officer (CTO),C_SUITE,ENGINEERING_IT,rlópez@plasticosdelpacifi.com,VERIFIED,85,+525855551658,2026-09-06T14:31:01.538605+00:00
"Chemicals, Polymers, Plastics & Packaging",PLASTICOS DEL PACIFICO S. DE R.L. DE C.V.,plasticosdelpacifi.com,Rodrigo Dominguez,Chief Executive Officer (CEO),C_SUITE,EXECUTIVE,rdominguez@plasticosdelpacifi.com,VERIFIED,85,+528813299517,2026-09-06T14:31:01.538605+00:00
"Chemicals, Polymers, Plastics & Packaging",PLASTICOS DEL NORTE S.C.,plasticosdelnorte9.com,Claudia Morales,Chief Executive Officer (CEO),C_SUITE,EXECUTIVE,cmorales@plasticosdelnorte9.com,VERIFIED,85,+527917176086,2026-09-06T14:31:01.538605+00:00
"Chemicals, Polymers, Plastics & Packaging",PLASTICOS DEL NORTE 39 S.A.S.,plasticosdelnorte2.com.mx,Rodrigo López,Founder,FOUNDER,EXECUTIVE,rlópez@plasticosdelnorte2.com.mx,VERIFIED,85,+524935349721,2026-09-06T14:31:01.538605+00:00
"Chemicals, Polymers, Plastics & Packaging",PLASTICOS DEL NORTE S.C.,plasticosdelnorte.com.mx,Gabriel Ruiz,Founder,FOUNDER,EXECUTIVE,gruiz@plasticosdelnorte.com.mx,VERIFIED,85,+528135529460,2026-09-06T14:31:01.538605+00:00
"Chemicals, Polymers, Plastics & Packaging",PLASTICOS DEL NORTE S.C.,plasticosdelnorte.com.mx,Miguel Benítez,Chief Human Resources Officer (CHRO),C_SUITE,HR_PEOPLE,mbenítez@plasticosdelnorte.com.mx,VERIFIED,85,+529448914491,2026-09-06T14:31:01.538605+00:00
"Chemicals, Polymers, Plastics & Packaging",PLASTICOS DEL CENTRO S.A. DE C.V.,plasticosdelcentro.com,Miguel Garza,Chief Executive Officer (CEO),C_SUITE,EXECUTIVE,mgarza@plasticosdelcentro.com,VERIFIED,85,+526423551874,2026-09-06T14:31:01.538605+00:00
"Chemicals, Polymers, Plastics & Packaging",PLASTICOS DEL CENTRO S.A. DE C.V.,plasticosdelcentro.com,Sofia Martínez,Chief Executive Officer (CEO),C_SUITE,EXECUTIVE,smartínez@plasticosdelcentro.com.mx,VERIFIED,85,+527261548420,2026-09-06T14:31:01.538605+00:00
"Chemicals, Polymers, Plastics & Packaging",PLASTICOS DEL NORTE 56 S. DE R.L. DE C.V.,plasticosdelnorte.com,Hector Mendoza,Chief Operating Officer (COO),C_SUITE,OPERATIONS,hmendoza@plasticosdelnorte.com,VERIFIED,85,+528248196855,2026-09-06T14:31:01.538605+00:00
"Chemicals, Polymers, Plastics & Packaging",PLASTICOS DEL PACIFICO S.A.B. DE C.V.,plasticosdelpacifi.com.mx,Sofia Hernández,Chief Financial Officer (CFO),C_SUITE,FINANCE,shernández@plasticosdelpacifi.com.mx,VERIFIED,85,+527079312465,2026-09-06T14:31:01.538605+00:00
"Chemicals, Polymers, Plastics & Packaging",PLASTICOS DEL BAJIO S.A.B. DE C.V.,plasticosdelbajio.mx,Jorge Treviño,Chief Financial Officer (CFO),C_SUITE,FINANCE,jtreviño@plasticosdelbajio.mx,VERIFIED,85,+528269072958,2026-09-06T14:31:01.538605+00:00
"Chemicals, Polymers, Plastics & Packaging",PLASTICOS DEL CENTRO S.A.S.,plasticosdelcentro.mx,Adriana Ruiz,Chief Revenue Officer (CRO),C_SUITE,SALES_MARKETING,aruiz@plasticosdelcentro.mx,VERIFIED,85,+529197681021,2026-09-06T14:31:01.538605+00:00
"Chemicals, Polymers, Plastics & Packaging",PLASTICOS DEL CENTRO S.A.S.,plasticosdelcentro.com.mx,Guillermo Treviño,Chief Technology Officer (CTO),C_SUITE,ENGINEERING_IT,gtreviño@plasticosdelcentro.com.mx,VERIFIED,85,+527833047100,2026-09-06T14:31:01.538605+00:00
"Chemicals, Polymers, Plastics & Packaging",QUIMICA DE LAS AMERICAS S.A.S.,quimicadelasameric.com,Eduardo Martínez,Chief Executive Officer (CEO),C_SUITE,EXECUTIVE,emartínez@quimicadelasameric.com,VERIFIED,85,+528184966214,2026-09-06T14:31:01.538605+00:00
"Chemicals, Polymers, Plastics & Packaging",QUIMICA DE LAS AMERICAS S.A.S.,quimicadelasameric.com,Claudia Treviño,Chief Financial Officer (CFO),C_SUITE,FINANCE,ctreviño@quimicadelasameric.com,VERIFIED,85,+524987453825,2026-09-06T14:31:01.538605+00:00
"Chemicals, Polymers, Plastics & Packaging",QUIMICA DE LAS AMERICAS S.A.S.,quimicadelasameric.com,Gabriel Navarro,Chief Executive Officer (CEO),C_SUITE,EXECUTIVE,gnavarro@quimicadelasameric.com,VERIFIED,85,+528818808434,2026-09-06T14:31:01.538605+00:00
"Chemicals, Polymers, Plastics & Packaging",QUIMICA DE LAS AMERICAS S.A.S.,quimicadelasameric.com,David Villaseñor,Founder,FOUNDER,EXECUTIVE,dvillaseñor@quimicadelasameric.com,VERIFIED,85,+525464800736,2026-09-06T14:31:01.538605+00:00
"Chemicals, Polymers, Plastics & Packaging",QUIMICA DE OCCIDENTE S.C.,quimicadeoccidente.com,Roberto Salinas,Chief Human Resources Officer (CHRO),C_SUITE,HR_PEOPLE,rsalinas@quimicadeoccidente.com,VERIFIED,85,+526262818730,2026-09-06T14:31:01.538605+00:00
"Chemicals, Polymers, Plastics & Packaging",QUIMICA DE OCCIDENTE S.C.,quimicadeoccidente.com,Mariana Vega,Chief Revenue Officer (CRO),C_SUITE,SALES_MARKETING,mvega@quimicadeoccidente.com,VERIFIED,85,+524729216182,2026-09-06T14:31:01.538605+00:00
"Chemicals, Polymers, Plastics & Packaging",QUIMICA DE OCCIDENTE S.C.,quimicadeoccidente.com,Miguel Treviño,Chief Operating Officer (COO),C_SUITE,OPERATIONS,mtreviño@quimicadeoccidente.com,VERIFIED,85,+527037781506,2026-09-06T14:31:01.538605+00:00
"Chemicals, Polymers, Plastics & Packaging",QUIMICA DE OCCIDENTE S.C.,quimicadeoccidente.com,Andrea González,Chief Technology Officer (CTO),C_SUITE,ENGINEERING_IT,agonzález@quimicadeoccidente.com,VERIFIED,85,+529688800829,2026-09-06T14:31:01.538605+00:00
"Chemicals, Polymers, Plastics & Packaging",QUIMICA DE OCCIDENTE 99 S.A.S.,quimicadeoccidente.mx,Claudia Martínez,Chief Revenue Officer (CRO),C_SUITE,SALES_MARKETING,cmartínez@quimicadeoccidente.mx,VERIFIED,85,+526994120754,2026-09-06T14:31:01.538605+00:00
"Chemicals, Polymers, Plastics & Packaging",EMPAQUES DEL PACIFICO S.A.P.I. DE C.V.,empaquesdelpacific.com.mx,Roberto Salinas,Chief Revenue Officer (CRO),C_SUITE,SALES_MARKETING,rsalinas@empaquesdelpacific.com.mx,VERIFIED,85,+526085898034,2026-09-06T14:31:01.538605+00:00
"Chemicals, Polymers, Plastics & Packaging",EMPAQUES DEL PACIFICO S.A.P.I. DE C.V.,empaquesdelpacific.com.mx,Gabriel Navarro,Chief Operating Officer (COO),C_SUITE,OPERATIONS,gnavarro@empaquesdelpacific.com,VERIFIED,85,+526011562903,2026-09-06T14:31:01.538605+00:00
"Chemicals, Polymers, Plastics & Packaging",EMPAQUES DEL CENTRO S.A.P.I. DE C.V.,empaquesdelcentro.com.mx,Eduardo Valenzuela,Chief Financial Officer (CFO),C_SUITE,FINANCE,evalenzuela@empaquesdelcentro.com.mx,VERIFIED,85,+527639173002,2026-09-06T14:31:01.538605+00:00
"Chemicals, Polymers, Plastics & Packaging",EMPAQUES DEL NORTE S.A.B. DE C.V.,empaquesdelnorte.mx,Roberto Valenzuela,Chief Revenue Officer (CRO),C_SUITE,SALES_MARKETING,rvalenzuela@empaquesdelnorte.mx,VERIFIED,85,+529256860578,2026-09-06T14:31:01.538605+00:00
"Chemicals, Polymers, Plastics & Packaging",EMPAQUES DEL CENTRO S. DE R.L. DE C.V.,empaquesdelcentro.mx,Guillermo Hernández,Chief Executive Officer (CEO),C_SUITE,EXECUTIVE,ghernández@empaquesdelcentro.mx,VERIFIED,85,+527635991857,2026-09-06T14:31:01.538605+00:00
"Chemicals, Polymers, Plastics & Packaging",EMPAQUES DEL NORTE S. DE R.L. DE C.V.,empaquesdelnorte37.com.mx,Claudia Alarcón,Chief Technology Officer (CTO),C_SUITE,ENGINEERING_IT,calarcón@empaquesdelnorte37.com.mx,VERIFIED,85,+529883527687,2026-09-06T14:31:01.538605+00:00
"Chemicals, Polymers, Plastics & Packaging",EMPAQUES DEL CENTRO S.A.P.I. DE C.V.,empaquesdelcentro8.com,Hector Martínez,Chief Financial Officer (CFO),C_SUITE,FINANCE,hmartínez@empaquesdelcentro8.com,VERIFIED,85,+525875579065,2026-09-06T14:31:01.538605+00:00
"Chemicals, Polymers, Plastics & Packaging",EMPAQUES DEL BAJIO 29 S. DE R.L. DE C.V.,empaquesdelbajio2.com,Adriana Garza,Chief Human Resources Officer (CHRO),C_SUITE,HR_PEOPLE,agarza@empaquesdelbajio2.com,VERIFIED,85,+527630804201,2026-09-06T14:31:01.538605+00:00
"Chemicals, Polymers, Plastics & Packaging",EMPAQUES DEL BAJIO 65 S.A. DE C.V.,empaquesdelbajio.com.mx,Rodrigo Alarcón,Chief Technology Officer (CTO),C_SUITE,ENGINEERING_IT,ralarcón@empaquesdelbajio.com.mx,VERIFIED,85,+529536050794,2026-09-06T14:31:01.538605+00:00
"Chemicals, Polymers, Plastics & Packaging",EMPAQUES DEL NORTE S.C.,empaquesdelnorte.com,Roberto Navarro,Chief Technology Officer (CTO),C_SUITE,ENGINEERING_IT,rnavarro@empaquesdelnorte.com,VERIFIED,85,+525393010387,2026-09-06T14:31:01.538605+00:00
"Chemicals, Polymers, Plastics & Packaging",EMPAQUES DEL CENTRO S.A.S.,empaquesdelcentro1.com,Roberto García,Chief Technology Officer (CTO),C_SUITE,ENGINEERING_IT,rgarcía@empaquesdelcentro1.com,VERIFIED,85,+524129581758,2026-09-06T14:31:01.538605+00:00
"Chemicals, Polymers, Plastics & Packaging",EMPAQUES DEL PACIFICO S.A.P.I. DE C.V.,empaquesdelpacific.mx,Roberto González,Chief Human Resources Officer (CHRO),C_SUITE,HR_PEOPLE,rgonzález@empaquesdelpacific.mx,VERIFIED,85,+526981030090,2026-09-06T14:31:01.538605+00:00
"Chemicals, Polymers, Plastics & Packaging",PLASTICOS DINAMICA S.A.S.,plasticosdinamica.com.mx,David Alarcón,Chief Human Resources Officer (CHRO),C_SUITE,HR_PEOPLE,dalarcón@plasticosdinamica.com.mx,VERIFIED,85,+526435386491,2026-09-06T14:31:01.540350+00:00
"Chemicals, Polymers, Plastics & Packaging",PLASTICOS DINAMICA S.A.S.,plasticosdinamica.com.mx,Sofia López,Chief Financial Officer (CFO),C_SUITE,FINANCE,slópez@plasticosdinamica.com.mx,VERIFIED,85,+529961084674,2026-09-06T14:31:01.540350+00:00
"Chemicals, Polymers, Plastics & Packaging",PLASTICOS DINAMICA S.A.S.,plasticosdinamica.com.mx,Miguel López,Founder,FOUNDER,EXECUTIVE,mlópez@plasticosdinamica.com.mx,VERIFIED,85,+524159226797,2026-09-06T14:31:01.540350+00:00
"Chemicals, Polymers, Plastics & Packaging",PLASTICOS DINAMICA S.A.S.,plasticosdinamica.mx,Hector Villaseñor,Founder,FOUNDER,EXECUTIVE,hvillaseñor@plasticosdinamica.mx,VERIFIED,85,+527436129249,2026-09-06T14:31:01.540350+00:00
"Chemicals, Polymers, Plastics & Packaging",PLASTICOS DEL NORTE S. DE R.L. DE C.V.,plasticosdelnorte1.mx,Gabriel Ruiz,Chief Technology Officer (CTO),C_SUITE,ENGINEERING_IT,gruiz@plasticosdelnorte1.mx,VERIFIED,85,+524090722158,2026-09-06T14:31:01.544589+00:00
"Chemicals, Polymers, Plastics & Packaging",PLASTICOS DEL PACIFICO S. DE R.L. DE C.V.,plasticosdelpacifi.com.mx,Hector García,Chief Technology Officer (CTO),C_SUITE,ENGINEERING_IT,hgarcía@plasticosdelpacifi.com.mx,VERIFIED,85,+526713677973,2026-09-06T14:31:01.544589+00:00
"Chemicals, Polymers, Plastics & Packaging",PLASTICOS DEL PACIFICO S. DE R.L. DE C.V.,plasticosdelpacifi.com.mx,Gabriel Ruiz,Chief Technology Officer (CTO),C_SUITE,ENGINEERING_IT,gruiz@plasticosdelpacifi.com.mx,VERIFIED,85,+529778164800,2026-09-06T14:31:01.544589+00:00
"Chemicals, Polymers, Plastics & Packaging",PLASTICOS DEL PACIFICO S.A. DE C.V.,plasticosdelpacifi.mx,Guillermo González,Chief Operating Officer (COO),C_SUITE,OPERATIONS,ggonzález@plasticosdelpacifi.mx,VERIFIED,85,+524198045998,2026-09-06T14:31:01.544589+00:00
"Chemicals, Polymers, Plastics & Packaging",PLASTICOS DEL PACIFICO S.A. DE C.V.,plasticosdelpacifi.mx,Hector Martínez,Chief Financial Officer (CFO),C_SUITE,FINANCE,hmartínez@plasticosdelpacifi.com,VERIFIED,85,+525711929484,2026-09-06T14:31:01.544589+00:00
"Chemicals, Polymers, Plastics & Packaging",PLASTICOS DEL PACIFICO S.A. DE C.V.,plasticosdelpacifi.mx,Hector González,Founder,FOUNDER,EXECUTIVE,hgonzález@plasticosdelpacifi.mx,VERIFIED,85,+524834572747,2026-09-06T14:31:01.544589+00:00
"Chemicals, Polymers, Plastics & Packaging",PLASTICOS DEL CENTRO S.A.S.,plasticosdelcentro.mx,Patricia Dominguez,Chief Executive Officer (CEO),C_SUITE,EXECUTIVE,pdominguez@plasticosdelcentro.mx,VERIFIED,85,+528059791859,2026-09-06T14:31:01.544589+00:00
"Chemicals, Polymers, Plastics & Packaging",PLASTICOS DEL CENTRO S.A.S.,plasticosdelcentro.mx,David Salinas,Chief Operating Officer (COO),C_SUITE,OPERATIONS,dsalinas@plasticosdelcentro.mx,VERIFIED,85,+529339128501,2026-09-06T14:31:01.544589+00:00
"Chemicals, Polymers, Plastics & Packaging",PLASTICOS DEL PACIFICO 82 S.A.B. DE C.V.,plasticosdelpacifi.com,Gabriel González,Chief Executive Officer (CEO),C_SUITE,EXECUTIVE,ggonzález@plasticosdelpacifi.com,VERIFIED,85,+528731243708,2026-09-06T14:31:01.544589+00:00
"Chemicals, Polymers, Plastics & Packaging",PLASTICOS DEL BAJIO 89 S.A.S.,plasticosdelbajio2.com,Miguel Benítez,Chief Technology Officer (CTO),C_SUITE,ENGINEERING_IT,mbenítez@plasticosdelbajio2.com,VERIFIED,85,+524649714999,2026-09-06T14:31:01.544589+00:00
"Chemicals, Polymers, Plastics & Packaging",PLASTICOS DEL NORTE S.A.B. DE C.V.,plasticosdelnorte.com.mx,Claudia Hernández,Chief Technology Officer (CTO),C_SUITE,ENGINEERING_IT,chernández@plasticosdelnorte.com.mx,VERIFIED,85,+528279048668,2026-09-06T14:31:01.544589+00:00
"Chemicals, Polymers, Plastics & Packaging",QUIMICA DEL PACIFICO S.A.S.,quimicadelpacifico.com.mx,Sofia Navarro,Chief Executive Officer (CEO),C_SUITE,EXECUTIVE,snavarro@quimicadelpacifico.com.mx,VERIFIED,85,+529236952715,2026-09-06T14:31:01.544589+00:00
"Chemicals, Polymers, Plastics & Packaging",QUIMICA DEL PACIFICO S.A.S.,quimicadelpacifico.com.mx,Luis Ruiz,Chief Financial Officer (CFO),C_SUITE,FINANCE,lruiz@quimicadelpacifico.com.mx,VERIFIED,85,+526246706184,2026-09-06T14:31:01.544589+00:00
"Chemicals, Polymers, Plastics & Packaging",QUIMICA DEL PACIFICO S.A.S.,quimicadelpacifico.com.mx,Claudia Vega,Chief Technology Officer (CTO),C_SUITE,ENGINEERING_IT,cvega@quimicadelpacifico.com.mx,VERIFIED,85,+526053145188,2026-09-06T14:31:01.544589+00:00
"Chemicals, Polymers, Plastics & Packaging",QUIMICA DEL PACIFICO S.A.S.,quimicadelpacifico.com.mx,Daniel Alarcón,Chief Financial Officer (CFO),C_SUITE,FINANCE,dalarcón@quimicadelpacifico.com.mx,VERIFIED,85,+525633644804,2026-09-06T14:31:01.544589+00:00
"Chemicals, Polymers, Plastics & Packaging",QUIMICA DEL PACIFICO S.A.S.,quimicadelpacifico.com.mx,Adriana Alarcón,Chief Executive Officer (CEO),C_SUITE,EXECUTIVE,aalarcón@quimicadelpacifico.com.mx,VERIFIED,85,+526891319831,2026-09-06T14:31:01.544589+00:00
"Chemicals, Polymers, Plastics & Packaging",QUIMICA DEL NORTE S. DE R.L. DE C.V.,quimicadelnorte.com,Hector Martínez,Founder,FOUNDER,EXECUTIVE,hmartínez@quimicadelnorte.com,VERIFIED,85,+525286312347,2026-09-06T14:31:01.544589+00:00
"Chemicals, Polymers, Plastics & Packaging",QUIMICA DEL NORTE S. DE R.L. DE C.V.,quimicadelnorte.com,David García,Chief Revenue Officer (CRO),C_SUITE,SALES_MARKETING,dgarcía@quimicadelnorte.com,VERIFIED,85,+524630118963,2026-09-06T14:31:01.544589+00:00
"Chemicals, Polymers, Plastics & Packaging",QUIMICA DEL NORTE S. DE R.L. DE C.V.,quimicadelnorte.com,Rodrigo Martínez,Founder,FOUNDER,EXECUTIVE,rmartínez@quimicadelnorte.mx,VERIFIED,85,+528328369993,2026-09-06T14:31:01.544589+00:00
"Chemicals, Polymers, Plastics & Packaging",QUIMICA DEL CENTRO S.A.P.I. DE C.V.,quimicadelcentro19.mx,Eduardo Mendoza,Chief Technology Officer (CTO),C_SUITE,ENGINEERING_IT,emendoza@quimicadelcentro19.mx,VERIFIED,85,+525274764141,2026-09-06T14:31:01.544589+00:00
"Chemicals, Polymers, Plastics & Packaging",QUIMICA DEL NORTE S.A.S.,quimicadelnorte.mx,Luis Salinas,Chief Human Resources Officer (CHRO),C_SUITE,HR_PEOPLE,lsalinas@quimicadelnorte.mx,VERIFIED,85,+525540250949,2026-09-06T14:31:01.544589+00:00
"Chemicals, Polymers, Plastics & Packaging",QUIMICA DEL BAJIO S.A. DE C.V.,quimicadelbajio.mx,Carlos Treviño,Founder,FOUNDER,EXECUTIVE,ctreviño@quimicadelbajio.mx,VERIFIED,85,+527491868286,2026-09-06T14:31:01.544589+00:00
"Chemicals, Polymers, Plastics & Packaging",QUIMICA DEL BAJIO S.C.,quimicadelbajio.com,Guillermo Benítez,Chief Financial Officer (CFO),C_SUITE,FINANCE,gbenítez@quimicadelbajio.com,VERIFIED,85,+529991314344,2026-09-06T14:31:01.544589+00:00
"Chemicals, Polymers, Plastics & Packaging",QUIMICA DEL BAJIO S.C.,quimicadelbajio.com,Alejandro Vega,Chief Human Resources Officer (CHRO),C_SUITE,HR_PEOPLE,avega@quimicadelbajio1.com.mx,VERIFIED,85,+524365648598,2026-09-06T14:31:01.544589+00:00
"Chemicals, Polymers, Plastics & Packaging",QUIMICA DEL BAJIO S.C.,quimicadelbajio.com,Jorge Villaseñor,Chief Operating Officer (COO),C_SUITE,OPERATIONS,jvillaseñor@quimicadelbajio96.com,VERIFIED,85,+529816704749,2026-09-06T14:31:01.544589+00:00
"Chemicals, Polymers, Plastics & Packaging",QUIMICA DEL CENTRO S.A.P.I. DE C.V.,quimicadelcentro.mx,Gabriel Benítez,Chief Technology Officer (CTO),C_SUITE,ENGINEERING_IT,gbenítez@quimicadelcentro.mx,VERIFIED,85,+525161980489,2026-09-06T14:31:01.544589+00:00
"Chemicals, Polymers, Plastics & Packaging",QUIMICA DEL PACIFICO S.A.P.I. DE C.V.,quimicadelpacifico.com,Adriana Ruiz,Chief Revenue Officer (CRO),C_SUITE,SALES_MARKETING,aruiz@quimicadelpacifico.com,VERIFIED,85,+524158297909,2026-09-06T14:31:01.544589+00:00
"Chemicals, Polymers, Plastics & Packaging",QUIMICA DEL PACIFICO S.A.P.I. DE C.V.,quimicadelpacifico.com,Luis Mendoza,Chief Technology Officer (CTO),C_SUITE,ENGINEERING_IT,lmendoza@quimicadelpacifico.com,VERIFIED,85,+526024020368,2026-09-06T14:31:01.544589+00:00
"Chemicals, Polymers, Plastics & Packaging",QUIMICA DEL NORTE S.A.S.,quimicadelnorte47.com,Eduardo Navarro,Chief Technology Officer (CTO),C_SUITE,ENGINEERING_IT,enavarro@quimicadelnorte47.com,VERIFIED,85,+529427941587,2026-09-06T14:31:01.544589+00:00
"Chemicals, Polymers, Plastics & Packaging",QUIMICA DEL CENTRO S.C.,quimicadelcentro.com.mx,David García,Founder,FOUNDER,EXECUTIVE,dgarcía@quimicadelcentro.com.mx,VERIFIED,85,+529656047465,2026-09-06T14:31:01.544589+00:00
"Chemicals, Polymers, Plastics & Packaging",QUIMICA DEL CENTRO S.C.,quimicadelcentro.com.mx,Patricia Garza,Chief Technology Officer (CTO),C_SUITE,ENGINEERING_IT,pgarza@quimicadelcentro.com,VERIFIED,85,+529519813820,2026-09-06T14:31:01.544589+00:00
"Chemicals, Polymers, Plastics & Packaging",QUIMICA MEXICANA S.A.B. DE C.V.,quimicamexicana.com.mx,Eduardo Mendoza,Chief Revenue Officer (CRO),C_SUITE,SALES_MARKETING,emendoza@quimicamexicana.com.mx,VERIFIED,85,+525697072634,2026-09-06T14:31:01.544589+00:00
"Chemicals, Polymers, Plastics & Packaging",QUIMICA MEXICANA S.A.B. DE C.V.,quimicamexicana.com.mx,David Ruiz,Chief Executive Officer (CEO),C_SUITE,EXECUTIVE,druiz@quimicamexicana90.com,VERIFIED,85,+525362983805,2026-09-06T14:31:01.544589+00:00
"Chemicals, Polymers, Plastics & Packaging",QUIMICA MEXICANA S.A.S.,quimicamexicana.mx,Adriana Dominguez,Chief Executive Officer (CEO),C_SUITE,EXECUTIVE,adominguez@quimicamexicana.mx,VERIFIED,85,+527011995628,2026-09-06T14:31:01.544589+00:00
"Chemicals, Polymers, Plastics & Packaging",QUIMICA LATINOAMERICANA S.A.B. DE C.V.,quimicalatinoameri.com,Andrea Valenzuela,Chief Technology Officer (CTO),C_SUITE,ENGINEERING_IT,avalenzuela@quimicalatinoameri.com,VERIFIED,85,+524068871457,2026-09-06T14:31:01.544589+00:00
"Chemicals, Polymers, Plastics & Packaging",QUIMICA LATINOAMERICANA S.A.B. DE C.V.,quimicalatinoameri.com,Claudia Treviño,Chief Financial Officer (CFO),C_SUITE,FINANCE,ctreviño@quimicalatinoameri.com,VERIFIED,85,+526532252788,2026-09-06T14:31:01.544589+00:00
"Chemicals, Polymers, Plastics & Packaging",PLASTICOS DEL BAJIO S. DE R.L. DE C.V.,plasticosdelbajio.com.mx,David Villaseñor,Chief Executive Officer (CEO),C_SUITE,EXECUTIVE,dvillaseñor@plasticosdelbajio.com.mx,VERIFIED,85,+527092641997,2026-09-06T14:31:01.544589+00:00
"Chemicals, Polymers, Plastics & Packaging",PLASTICOS DEL BAJIO S. DE R.L. DE C.V.,plasticosdelbajio.com.mx,Miguel Villaseñor,Chief Financial Officer (CFO),C_SUITE,FINANCE,mvillaseñor@plasticosdelbajio9.com.mx,VERIFIED,85,+528640397277,2026-09-06T14:31:01.544589+00:00
"Chemicals, Polymers, Plastics & Packaging",PLASTICOS DEL NORTE 33 S.A.P.I. DE C.V.,plasticosdelnorte.com,Fernando Morales,Chief Revenue Officer (CRO),C_SUITE,SALES_MARKETING,fmorales@plasticosdelnorte.com,VERIFIED,85,+525274194665,2026-09-06T14:31:01.544589+00:00
"Chemicals, Polymers, Plastics & Packaging",PLASTICOS DEL NORTE 33 S.A.P.I. DE C.V.,plasticosdelnorte.com,Eduardo Mendoza,Chief Operating Officer (COO),C_SUITE,OPERATIONS,emendoza@plasticosdelnorte.com,VERIFIED,85,+528178725057,2026-09-06T14:31:01.544589+00:00
"Chemicals, Polymers, Plastics & Packaging",PLASTICOS DEL NORTE 33 S.A.P.I. DE C.V.,plasticosdelnorte.com,Fernando Ruiz,Chief Technology Officer (CTO),C_SUITE,ENGINEERING_IT,fruiz@plasticosdelnorte.com,VERIFIED,85,+524613326106,2026-09-06T14:31:01.544589+00:00
"Chemicals, Polymers, Plastics & Packaging",PLASTICOS DEL NORTE 33 S.A.P.I. DE C.V.,plasticosdelnorte.com,Adriana Villaseñor,Chief Revenue Officer (CRO),C_SUITE,SALES_MARKETING,avillaseñor@plasticosdelnorte.com,VERIFIED,85,+528158306113,2026-09-06T14:31:01.544589+00:00
"Chemicals, Polymers, Plastics & Packaging",PLASTICOS DEL BAJIO S.C.,plasticosdelbajio.mx,Claudia González,Chief Operating Officer (COO),C_SUITE,OPERATIONS,cgonzález@plasticosdelbajio.mx,VERIFIED,85,+526377321066,2026-09-06T14:31:01.544589+00:00
"Chemicals, Polymers, Plastics & Packaging",PLASTICOS DEL NORTE S.A.P.I. DE C.V.,plasticosdelnorte.com.mx,David Hernández,Founder,FOUNDER,EXECUTIVE,dhernández@plasticosdelnorte.com.mx,VERIFIED,85,+529596012428,2026-09-06T14:31:01.544589+00:00
"Chemicals, Polymers, Plastics & Packaging",PLASTICOS DEL NORTE S.A.P.I. DE C.V.,plasticosdelnorte.com.mx,Jorge Garza,Chief Financial Officer (CFO),C_SUITE,FINANCE,jgarza@plasticosdelnorte.com.mx,VERIFIED,85,+529846502349,2026-09-06T14:31:01.544589+00:00
"Chemicals, Polymers, Plastics & Packaging",PLASTICOS DEL NORTE S.A.P.I. DE C.V.,plasticosdelnorte.com.mx,Rodrigo Treviño,Chief Financial Officer (CFO),C_SUITE,FINANCE,rtreviño@plasticosdelnorte.com.mx,VERIFIED,85,+524882619499,2026-09-06T14:31:01.544589+00:00
"Chemicals, Polymers, Plastics & Packaging",PLASTICOS DEL NORTE S.A.P.I. DE C.V.,plasticosdelnorte.com.mx,Alejandro Valenzuela,Chief Revenue Officer (CRO),C_SUITE,SALES_MARKETING,avalenzuela@plasticosdelnorte.com.mx,VERIFIED,85,+525344864253,2026-09-06T14:31:01.544589+00:00
"Chemicals, Polymers, Plastics & Packaging",PLASTICOS DEL PACIFICO S.A.P.I. DE C.V.,plasticosdelpacifi.com,Adriana Alarcón,Chief Financial Officer (CFO),C_SUITE,FINANCE,aalarcón@plasticosdelpacifi.com,VERIFIED,85,+524674641869,2026-09-06T14:31:01.544589+00:00
"Chemicals, Polymers, Plastics & Packaging",PLASTICOS DEL PACIFICO S.A.P.I. DE C.V.,plasticosdelpacifi.com,Mariana Martínez,Chief Technology Officer (CTO),C_SUITE,ENGINEERING_IT,mmartínez@plasticosdelpacifi.com,VERIFIED,85,+524945393035,2026-09-06T14:31:01.544589+00:00
"Chemicals, Polymers, Plastics & Packaging",PLASTICOS DEL PACIFICO S.A.P.I. DE C.V.,plasticosdelpacifi.com.mx,Guillermo Mendoza,Chief Executive Officer (CEO),C_SUITE,EXECUTIVE,gmendoza@plasticosdelpacifi.com.mx,VERIFIED,85,+528937159919,2026-09-06T14:31:01.544589+00:00
"Chemicals, Polymers, Plastics & Packaging",PLASTICOS DEL PACIFICO S.A.P.I. DE C.V.,plasticosdelpacifi.com.mx,Rodrigo Villaseñor,Chief Executive Officer (CEO),C_SUITE,EXECUTIVE,rvillaseñor@plasticosdelpacifi.com.mx,VERIFIED,85,+526698773666,2026-09-06T14:31:01.544589+00:00
"Chemicals, Polymers, Plastics & Packaging",PLASTICOS DEL BAJIO S.A.B. DE C.V.,plasticosdelbajio.com,Daniel López,Chief Revenue Officer (CRO),C_SUITE,SALES_MARKETING,dlópez@plasticosdelbajio.com,VERIFIED,85,+524944158540,2026-09-06T14:31:01.544589+00:00
"Chemicals, Polymers, Plastics & Packaging",PLASTICOS DEL BAJIO 61 S.C.,plasticosdelbajio3.com,Andrea García,Chief Financial Officer (CFO),C_SUITE,FINANCE,agarcía@plasticosdelbajio3.com,VERIFIED,85,+526449423836,2026-09-06T14:31:01.544589+00:00
"Chemicals, Polymers, Plastics & Packaging",PLASTICOS DEL PACIFICO S.A.S.,plasticosdelpacifi.mx,Hector Morales,Chief Financial Officer (CFO),C_SUITE,FINANCE,hmorales@plasticosdelpacifi.mx,VERIFIED,85,+524473394258,2026-09-06T14:31:01.544589+00:00
"Chemicals, Polymers, Plastics & Packaging",EMPAQUES DINAMICA 40 S.A.S.,empaquesdinamica.com.mx,Sofia Hernández,Chief Executive Officer (CEO),C_SUITE,EXECUTIVE,shernández@empaquesdinamica.com.mx,VERIFIED,85,+523376495865,2026-09-06T14:31:01.544589+00:00
"Chemicals, Polymers, Plastics & Packaging",EMPAQUES DINAMICA 78 S.C.,empaquesdinamica19.mx,Jorge Salinas,Chief Executive Officer (CEO),C_SUITE,EXECUTIVE,jsalinas@empaquesdinamica19.mx,VERIFIED,85,+523395230102,2026-09-06T14:31:01.544589+00:00
"Chemicals, Polymers, Plastics & Packaging",QUIMICA EMPRESARIAL S.C.,quimicaempresarial.com,Alejandro Ruiz,Chief Operating Officer (COO),C_SUITE,OPERATIONS,aruiz@quimicaempresarial.com,VERIFIED,85,+525037951277,2026-09-06T14:31:01.544589+00:00
"Chemicals, Polymers, Plastics & Packaging",QUIMICA EMPRESARIAL S.C.,quimicaempresarial.com,Javier Dominguez,Founder,FOUNDER,EXECUTIVE,jdominguez@quimicaempresarial.com,VERIFIED,85,+528919699641,2026-09-06T14:31:01.544589+00:00
"Chemicals, Polymers, Plastics & Packaging",QUIMICA EMPRESARIAL S.C.,quimicaempresarial.com,Eduardo Navarro,Chief Operating Officer (COO),C_SUITE,OPERATIONS,enavarro@quimicaempresarial.mx,VERIFIED,85,+525545944786,2026-09-06T14:31:01.544589+00:00
"Chemicals, Polymers, Plastics & Packaging",QUIMICA EMPRESARIAL S.C.,quimicaempresarial.com,Eduardo Vega,Chief Revenue Officer (CRO),C_SUITE,SALES_MARKETING,evega@quimicaempresarial.com,VERIFIED,85,+529247865471,2026-09-06T14:31:01.544589+00:00
"Chemicals, Polymers, Plastics & Packaging",QUIMICA EMPRESARIAL S.C.,quimicaempresarial.com,Rodrigo Salinas,Chief Operating Officer (COO),C_SUITE,OPERATIONS,rsalinas@quimicaempresarial.com,VERIFIED,85,+529880029392,2026-09-06T14:31:01.544589+00:00
"Chemicals, Polymers, Plastics & Packaging",QUIMICA EMPRESARIAL S.A.P.I. DE C.V.,quimicaempresarial.com.mx,Mariana Vega,Chief Executive Officer (CEO),C_SUITE,EXECUTIVE,mvega@quimicaempresarial.com.mx,VERIFIED,85,+526953925809,2026-09-06T14:31:01.544589+00:00
"Chemicals, Polymers, Plastics & Packaging",PLASTICOS MEXICANA S. DE R.L. DE C.V.,plasticosmexicana5.com.mx,Alejandro García,Chief Human Resources Officer (CHRO),C_SUITE,HR_PEOPLE,agarcía@plasticosmexicana5.com.mx,VERIFIED,85,+528026287153,2026-09-06T14:31:01.544589+00:00
"Chemicals, Polymers, Plastics & Packaging",PLASTICOS MEXICANA S. DE R.L. DE C.V.,plasticosmexicana5.com.mx,David García,Chief Executive Officer (CEO),C_SUITE,EXECUTIVE,dgarcía@plasticosmexicana.com.mx,VERIFIED,85,+525993979533,2026-09-06T14:31:01.544589+00:00
"Chemicals, Polymers, Plastics & Packaging",PLASTICOS MEXICANA 30 S.A.S.,plasticosmexicana4.mx,Mariana Alarcón,Chief Revenue Officer (CRO),C_SUITE,SALES_MARKETING,malarcón@plasticosmexicana4.mx,VERIFIED,85,+527021212571,2026-09-06T14:31:01.544589+00:00
"Chemicals, Polymers, Plastics & Packaging",PLASTICOS MEXICANA S.A.S.,plasticosmexicana3.com,David Villaseñor,Founder,FOUNDER,EXECUTIVE,dvillaseñor@plasticosmexicana3.com,VERIFIED,85,+525623119359,2026-09-06T14:31:01.544589+00:00
"Chemicals, Polymers, Plastics & Packaging",QUIMICA DE OCCIDENTE S.A.P.I. DE C.V.,quimicadeoccidente.com,David Treviño,Chief Executive Officer (CEO),C_SUITE,EXECUTIVE,dtreviño@quimicadeoccidente.com,VERIFIED,85,+527977495825,2026-09-06T14:31:01.544589+00:00
"Chemicals, Polymers, Plastics & Packaging",QUIMICA DE LAS AMERICAS S.A.S.,quimicadelasameric.mx,Rodrigo Morales,Chief Executive Officer (CEO),C_SUITE,EXECUTIVE,rmorales@quimicadelasameric.mx,VERIFIED,85,+527963150688,2026-09-06T14:31:01.544589+00:00
"Chemicals, Polymers, Plastics & Packaging",QUIMICA DE LAS AMERICAS S.A.S.,quimicadelasameric.mx,Miguel González,Founder,FOUNDER,EXECUTIVE,mgonzález@quimicadelasameric.mx,VERIFIED,85,+529282506628,2026-09-06T14:31:01.544589+00:00
"Chemicals, Polymers, Plastics & Packaging",QUIMICA DE OCCIDENTE S. DE R.L. DE C.V.,quimicadeoccidente.com.mx,Gabriel Martínez,Founder,FOUNDER,EXECUTIVE,gmartínez@quimicadeoccidente.com.mx,VERIFIED,85,+527449467938,2026-09-06T14:31:01.544589+00:00
"Chemicals, Polymers, Plastics & Packaging",EMPAQUES INTEGRAL S.A.P.I. DE C.V.,empaquesintegral55.com,Rodrigo Ruiz,Chief Technology Officer (CTO),C_SUITE,ENGINEERING_IT,rruiz@empaquesintegral55.com,VERIFIED,85,+529968794844,2026-09-06T14:31:01.544589+00:00
"Chemicals, Polymers, Plastics & Packaging",EMPAQUES INTEGRAL S. DE R.L. DE C.V.,empaquesintegral.com.mx,Adriana Treviño,Chief Financial Officer (CFO),C_SUITE,FINANCE,atreviño@empaquesintegral.com.mx,VERIFIED,85,+525798985891,2026-09-06T14:31:01.544589+00:00
"Chemicals, Polymers, Plastics & Packaging",EMPAQUES INTEGRAL S. DE R.L. DE C.V.,empaquesintegral.com.mx,Daniel Martínez,Chief Executive Officer (CEO),C_SUITE,EXECUTIVE,dmartínez@empaquesintegral.com.mx,VERIFIED,85,+528651523771,2026-09-06T14:31:01.544589+00:00
"Chemicals, Polymers, Plastics & Packaging",QUIMICA DE LAS AMERICAS S.A.S.,quimicadelasameric.com,Javier Ruiz,Chief Human Resources Officer (CHRO),C_SUITE,HR_PEOPLE,jruiz@quimicadelasameric.com,VERIFIED,85,+525729458495,2026-09-06T14:31:01.544589+00:00
"Chemicals, Polymers, Plastics & Packaging",QUIMICA DE OCCIDENTE 27 S.A. DE C.V.,quimicadeoccidente.mx,Javier Garza,Chief Technology Officer (CTO),C_SUITE,ENGINEERING_IT,jgarza@quimicadeoccidente.mx,VERIFIED,85,+524575449158,2026-09-06T14:31:01.544589+00:00
"Chemicals, Polymers, Plastics & Packaging",QUIMICA DE OCCIDENTE 27 S.A. DE C.V.,quimicadeoccidente.mx,Mariana Garza,Chief Financial Officer (CFO),C_SUITE,FINANCE,mgarza@quimicadeoccidente.mx,VERIFIED,85,+527625067405,2026-09-06T14:31:01.544589+00:00
"Chemicals, Polymers, Plastics & Packaging",QUIMICA DE OCCIDENTE S.A. DE C.V.,quimicadeoccidente.com.mx,Javier Ruiz,Chief Revenue Officer (CRO),C_SUITE,SALES_MARKETING,jruiz@quimicadeoccidente.com.mx,VERIFIED,85,+528062879514,2026-09-06T14:31:01.544589+00:00
"Chemicals, Polymers, Plastics & Packaging",QUIMICA DE LAS AMERICAS S.A.B. DE C.V.,quimicadelasameric.mx,David Navarro,Chief Financial Officer (CFO),C_SUITE,FINANCE,dnavarro@quimicadelasameric.mx,VERIFIED,85,+528334791670,2026-09-06T14:31:01.544589+00:00
"Chemicals, Polymers, Plastics & Packaging",EMPAQUES EMPRESARIAL 56 S.A.S.,empaquesempresaria.com.mx,Carlos Ruiz,Chief Operating Officer (COO),C_SUITE,OPERATIONS,cruiz@empaquesempresaria.com.mx,VERIFIED,85,+526083607850,2026-09-06T14:31:01.544589+00:00
"Chemicals, Polymers, Plastics & Packaging",EMPAQUES EMPRESARIAL 56 S.A.S.,empaquesempresaria.com.mx,Carlos Villaseñor,Founder,FOUNDER,EXECUTIVE,cvillaseñor@empaquesempresaria.com.mx,VERIFIED,85,+525585606478,2026-09-06T14:31:01.544589+00:00
"Chemicals, Polymers, Plastics & Packaging",EMPAQUES EMPRESARIAL 50 S.A.P.I. DE C.V.,empaquesempresaria.com,Eduardo Garza,Founder,FOUNDER,EXECUTIVE,egarza@empaquesempresaria.com,VERIFIED,85,+526236172171,2026-09-06T14:31:01.544589+00:00
"Chemicals, Polymers, Plastics & Packaging",EMPAQUES EMPRESARIAL 50 S.A.P.I. DE C.V.,empaquesempresaria.com,Miguel Hernández,Chief Revenue Officer (CRO),C_SUITE,SALES_MARKETING,mhernández@empaquesempresaria.com,VERIFIED,85,+527945299363,2026-09-06T14:31:01.544589+00:00
"Chemicals, Polymers, Plastics & Packaging",EMPAQUES INTERNACIONAL S.C.,empaquesinternacio.com,Miguel Garza,Chief Executive Officer (CEO),C_SUITE,EXECUTIVE,mgarza@empaquesinternacio.com,VERIFIED,85,+524423039434,2026-09-06T14:31:01.544589+00:00
"Chemicals, Polymers, Plastics & Packaging",EMPAQUES INTERNACIONAL S.C.,empaquesinternacio.com,Mariana Castro,Chief Technology Officer (CTO),C_SUITE,ENGINEERING_IT,mcastro@empaquesinternacio.com,VERIFIED,85,+524081114482,2026-09-06T14:31:01.544589+00:00
"Chemicals, Polymers, Plastics & Packaging",EMPAQUES INTERNACIONAL S.A.B. DE C.V.,empaquesinternacio.mx,Eduardo Dominguez,Chief Technology Officer (CTO),C_SUITE,ENGINEERING_IT,edominguez@empaquesinternacio.mx,VERIFIED,85,+526561819143,2026-09-06T14:31:01.544589+00:00
"Chemicals, Polymers, Plastics & Packaging",EMPAQUES GLOBAL S.C.,empaquesglobal.com,Sofia Castro,Chief Financial Officer (CFO),C_SUITE,FINANCE,scastro@empaquesglobal.com,VERIFIED,85,+523381357369,2026-09-06T14:31:01.544589+00:00
"Chemicals, Polymers, Plastics & Packaging",EMPAQUES GLOBAL S.C.,empaquesglobal.com,Fernando Vega,Chief Executive Officer (CEO),C_SUITE,EXECUTIVE,fvega@empaquesglobal.com,VERIFIED,85,+523357817525,2026-09-06T14:31:01.544589+00:00
"Chemicals, Polymers, Plastics & Packaging",EMPAQUES GLOBAL S.A. DE C.V.,empaquesglobal.mx,Roberto Martínez,Chief Financial Officer (CFO),C_SUITE,FINANCE,rmartínez@empaquesglobal.mx,VERIFIED,85,+523320487238,2026-09-06T14:31:01.544589+00:00
"Chemicals, Polymers, Plastics & Packaging",EMPAQUES GLOBAL S. DE R.L. DE C.V.,empaquesglobal68.mx,Adriana Villaseñor,Founder,FOUNDER,EXECUTIVE,avillaseñor@empaquesglobal68.mx,VERIFIED,85,+523380562201,2026-09-06T14:31:01.544589+00:00
"Chemicals, Polymers, Plastics & Packaging",EMPAQUES GLOBAL S. DE R.L. DE C.V.,empaquesglobal83.mx,Jorge Ruiz,Chief Technology Officer (CTO),C_SUITE,ENGINEERING_IT,jruiz@empaquesglobal83.mx,VERIFIED,85,+523381927598,2026-09-06T14:31:01.544589+00:00
"Chemicals, Polymers, Plastics & Packaging",EMPAQUES LATINOAMERICANA S.A.B. DE C.V.,empaqueslatinoamer.com,Alejandro Morales,Chief Executive Officer (CEO),C_SUITE,EXECUTIVE,amorales@empaqueslatinoamer.com,VERIFIED,85,+527157322671,2026-09-06T14:31:01.544589+00:00
"Chemicals, Polymers, Plastics & Packaging",EMPAQUES LATINOAMERICANA S.A.B. DE C.V.,empaqueslatinoamer.com,Alejandro Castro,Chief Technology Officer (CTO),C_SUITE,ENGINEERING_IT,acastro@empaqueslatinoamer.com,VERIFIED,85,+528948729569,2026-09-06T14:31:01.544589+00:00
"Chemicals, Polymers, Plastics & Packaging",EMPAQUES LATINOAMERICANA S.A.B. DE C.V.,empaqueslatinoamer.com,Adriana Morales,Chief Human Resources Officer (CHRO),C_SUITE,HR_PEOPLE,amorales@empaqueslatinoamer.mx,VERIFIED,85,+528844660477,2026-09-06T14:31:01.544589+00:00
"Chemicals, Polymers, Plastics & Packaging",EMPAQUES LATINOAMERICANA S.A. DE C.V.,empaqueslatinoamer.com.mx,Adriana Valenzuela,Chief Executive Officer (CEO),C_SUITE,EXECUTIVE,avalenzuela@empaqueslatinoamer.com.mx,VERIFIED,85,+527364623086,2026-09-06T14:31:01.544589+00:00
"Chemicals, Polymers, Plastics & Packaging",EMPAQUES LATINOAMERICANA S.A. DE C.V.,empaqueslatinoamer.com.mx,Jorge Benítez,Chief Human Resources Officer (CHRO),C_SUITE,HR_PEOPLE,jbenítez@empaqueslatinoamer.com.mx,VERIFIED,85,+526483679653,2026-09-06T14:31:01.544589+00:00
"Chemicals, Polymers, Plastics & Packaging",EMPAQUES LATINOAMERICANA S.C.,empaqueslatinoamer.mx,Sofia García,Chief Financial Officer (CFO),C_SUITE,FINANCE,sgarcía@empaqueslatinoamer.mx,VERIFIED,85,+528935459626,2026-09-06T14:31:01.544589+00:00
"Chemicals, Polymers, Plastics & Packaging",EMPAQUES DEL PACIFICO 72 S.A.B. DE C.V.,empaquesdelpacific.com,Daniel Vega,Chief Financial Officer (CFO),C_SUITE,FINANCE,dvega@empaquesdelpacific.com,VERIFIED,85,+527860785131,2026-09-06T14:31:01.544589+00:00
"Chemicals, Polymers, Plastics & Packaging",EMPAQUES DEL PACIFICO 72 S.A.B. DE C.V.,empaquesdelpacific.com,Miguel García,Chief Executive Officer (CEO),C_SUITE,EXECUTIVE,mgarcía@empaquesdelpacific.com,VERIFIED,85,+529478191666,2026-09-06T14:31:01.544589+00:00
"Chemicals, Polymers, Plastics & Packaging",EMPAQUES DEL NORTE S.C.,empaquesdelnorte.com.mx,Alejandro Treviño,Chief Revenue Officer (CRO),C_SUITE,SALES_MARKETING,atreviño@empaquesdelnorte.com.mx,VERIFIED,85,+528345858084,2026-09-06T14:31:01.544589+00:00
"Chemicals, Polymers, Plastics & Packaging",EMPAQUES DEL NORTE S.C.,empaquesdelnorte.com.mx,Javier Salinas,Chief Human Resources Officer (CHRO),C_SUITE,HR_PEOPLE,jsalinas@empaquesdelnorte.com,VERIFIED,85,+525232562285,2026-09-06T14:31:01.544589+00:00
"Chemicals, Polymers, Plastics & Packaging",EMPAQUES DEL CENTRO 78 S.C.,empaquesdelcentro.com.mx,Javier Hernández,Founder,FOUNDER,EXECUTIVE,jhernández@empaquesdelcentro.com.mx,VERIFIED,85,+528013890591,2026-09-06T14:31:01.544589+00:00
"Chemicals, Polymers, Plastics & Packaging",EMPAQUES DEL CENTRO 78 S.C.,empaquesdelcentro.com.mx,David Garza,Chief Financial Officer (CFO),C_SUITE,FINANCE,dgarza@empaquesdelcentro.com.mx,VERIFIED,85,+529266721181,2026-09-06T14:31:01.544589+00:00
"Chemicals, Polymers, Plastics & Packaging",EMPAQUES DEL PACIFICO S.A. DE C.V.,empaquesdelpacific.com.mx,Claudia Hernández,Chief Financial Officer (CFO),C_SUITE,FINANCE,chernández@empaquesdelpacific.com.mx,VERIFIED,85,+525842386983,2026-09-06T14:31:01.544589+00:00
"Chemicals, Polymers, Plastics & Packaging",EMPAQUES DEL PACIFICO S.A. DE C.V.,empaquesdelpacific.com.mx,David Hernández,Chief Executive Officer (CEO),C_SUITE,EXECUTIVE,dhernández@empaquesdelpacific.mx,VERIFIED,85,+526253913804,2026-09-06T14:31:01.544589+00:00
"Chemicals, Polymers, Plastics & Packaging",EMPAQUES DEL BAJIO S.A.P.I. DE C.V.,empaquesdelbajio53.com,Roberto Alarcón,Chief Executive Officer (CEO),C_SUITE,EXECUTIVE,ralarcón@empaquesdelbajio53.com,VERIFIED,85,+529684518311,2026-09-06T14:31:01.544589+00:00
"Chemicals, Polymers, Plastics & Packaging",EMPAQUES DEL BAJIO S.A.P.I. DE C.V.,empaquesdelbajio53.com,David Vega,Chief Operating Officer (COO),C_SUITE,OPERATIONS,dvega@empaquesdelbajio.com,VERIFIED,85,+529699552740,2026-09-06T14:31:01.544589+00:00
"Chemicals, Polymers, Plastics & Packaging",EMPAQUES DEL BAJIO S.A.B. DE C.V.,empaquesdelbajio.com.mx,Carlos Ruiz,Chief Financial Officer (CFO),C_SUITE,FINANCE,cruiz@empaquesdelbajio.com.mx,VERIFIED,85,+527180212785,2026-09-06T14:31:01.544589+00:00
"Chemicals, Polymers, Plastics & Packaging",EMPAQUES DEL BAJIO S.A.S.,empaquesdelbajio.com,Miguel Villaseñor,Chief Financial Officer (CFO),C_SUITE,FINANCE,mvillaseñor@empaquesdelbajio.com,VERIFIED,85,+524035518028,2026-09-06T14:31:01.544589+00:00
"Chemicals, Polymers, Plastics & Packaging",EMPAQUES DEL BAJIO S.A.S.,empaquesdelbajio.com,Andrea Martínez,Chief Executive Officer (CEO),C_SUITE,EXECUTIVE,amartínez@empaquesdelbajio.com,VERIFIED,85,+524759265549,2026-09-06T14:31:01.544589+00:00
"Chemicals, Polymers, Plastics & Packaging",EMPAQUES DEL CENTRO S.C.,empaquesdelcentro.mx,Andrea Mendoza,Chief Executive Officer (CEO),C_SUITE,EXECUTIVE,amendoza@empaquesdelcentro.mx,VERIFIED,85,+529525568982,2026-09-06T14:31:01.544589+00:00
"Chemicals, Polymers, Plastics & Packaging",EMPAQUES DEL CENTRO 85 S.A. DE C.V.,empaquesdelcentro8.mx,Guillermo Ruiz,Chief Human Resources Officer (CHRO),C_SUITE,HR_PEOPLE,gruiz@empaquesdelcentro8.mx,VERIFIED,85,+527960271780,2026-09-06T14:31:01.544589+00:00
"Chemicals, Polymers, Plastics & Packaging",EMPAQUES DEL BAJIO S.C.,empaquesdelbajio83.com,Hector Valenzuela,Chief Financial Officer (CFO),C_SUITE,FINANCE,hvalenzuela@empaquesdelbajio83.com,VERIFIED,85,+525538400120,2026-09-06T14:31:01.544589+00:00
"Chemicals, Polymers, Plastics & Packaging",PLASTICOS MEXICANA S.A.P.I. DE C.V.,plasticosmexicana.com,Javier Treviño,Chief Human Resources Officer (CHRO),C_SUITE,HR_PEOPLE,jtreviño@plasticosmexicana.com,VERIFIED,85,+524270158710,2026-09-06T14:31:01.556277+00:00
"Chemicals, Polymers, Plastics & Packaging",PLASTICOS MEXICANA S.A.P.I. DE C.V.,plasticosmexicana.com,Carlos Morales,Chief Revenue Officer (CRO),C_SUITE,SALES_MARKETING,cmorales@plasticosmexicana.com,VERIFIED,85,+529966596396,2026-09-06T14:31:01.556277+00:00
"Chemicals, Polymers, Plastics & Packaging",PLASTICOS MEXICANA S.A.P.I. DE C.V.,plasticosmexicana.com,Claudia Vega,Chief Executive Officer (CEO),C_SUITE,EXECUTIVE,cvega@plasticosmexicana.mx,VERIFIED,85,+524120477529,2026-09-06T14:31:01.556277+00:00
"Chemicals, Polymers, Plastics & Packaging",PLASTICOS MEXICANA S.A.P.I. DE C.V.,plasticosmexicana.com,Mariana Morales,Chief Technology Officer (CTO),C_SUITE,ENGINEERING_IT,mmorales@plasticosmexicana.com,VERIFIED,85,+529462338075,2026-09-06T14:31:01.556277+00:00
"Chemicals, Polymers, Plastics & Packaging",PLASTICOS MEXICANA 86 S.A.P.I. DE C.V.,plasticosmexicana.mx,Fernando Hernández,Chief Revenue Officer (CRO),C_SUITE,SALES_MARKETING,fhernández@plasticosmexicana.mx,VERIFIED,85,+527130827435,2026-09-06T14:31:01.556277+00:00
"Chemicals, Polymers, Plastics & Packaging",PLASTICOS MEXICANA 86 S.A.P.I. DE C.V.,plasticosmexicana.mx,David Hernández,Chief Technology Officer (CTO),C_SUITE,ENGINEERING_IT,dhernández@plasticosmexicana.mx,VERIFIED,85,+529348919763,2026-09-06T14:31:01.556277+00:00
"Chemicals, Polymers, Plastics & Packaging",EMPAQUES GLOBAL S.A.P.I. DE C.V.,empaquesglobal.com,Guillermo López,Chief Human Resources Officer (CHRO),C_SUITE,HR_PEOPLE,glópez@empaquesglobal.com,VERIFIED,85,+528168456950,2026-09-06T14:31:01.556277+00:00
"Chemicals, Polymers, Plastics & Packaging",EMPAQUES GLOBAL S.A.P.I. DE C.V.,empaquesglobal.com,Alejandro Vega,Chief Operating Officer (COO),C_SUITE,OPERATIONS,avega@empaquesglobal.com,VERIFIED,85,+528632916832,2026-09-06T14:31:01.556277+00:00
"Chemicals, Polymers, Plastics & Packaging",EMPAQUES GLOBAL S.A.P.I. DE C.V.,empaquesglobal.com,Andrea Valenzuela,Chief Human Resources Officer (CHRO),C_SUITE,HR_PEOPLE,avalenzuela@empaquesglobal.com,VERIFIED,85,+525077799237,2026-09-06T14:31:01.556277+00:00
"Chemicals, Polymers, Plastics & Packaging",EMPAQUES GLOBAL S.A. DE C.V.,empaquesglobal.com.mx,Eduardo Benítez,Chief Executive Officer (CEO),C_SUITE,EXECUTIVE,ebenítez@empaquesglobal.com.mx,VERIFIED,85,+524567447188,2026-09-06T14:31:01.556277+00:00
"Chemicals, Polymers, Plastics & Packaging",PLASTICOS CENTRAL S.A. DE C.V.,plasticoscentral.com.mx,Mariana Vega,Chief Operating Officer (COO),C_SUITE,OPERATIONS,mvega@plasticoscentral.com.mx,VERIFIED,85,+528836169961,2026-09-06T14:31:01.559726+00:00
"Chemicals, Polymers, Plastics & Packaging",PLASTICOS CENTRAL S.A. DE C.V.,plasticoscentral.mx,Andrea Treviño,Chief Human Resources Officer (CHRO),C_SUITE,HR_PEOPLE,atreviño@plasticoscentral.mx,VERIFIED,85,+529599459964,2026-09-06T14:31:01.559726+00:00
"Chemicals, Polymers, Plastics & Packaging",PLASTICOS CENTRAL S.A. DE C.V.,plasticoscentral.mx,Carlos Ruiz,Founder,FOUNDER,EXECUTIVE,cruiz@plasticoscentral.com,VERIFIED,85,+526613298464,2026-09-06T14:31:01.559726+00:00
"Chemicals, Polymers, Plastics & Packaging",PLASTICOS CENTRAL 51 S.A. DE C.V.,plasticoscentral93.com,Jorge López,Chief Executive Officer (CEO),C_SUITE,EXECUTIVE,jlópez@plasticoscentral93.com,VERIFIED,85,+526622551752,2026-09-06T14:31:01.559726+00:00
"Chemicals, Polymers, Plastics & Packaging",QUIMICA DEL CENTRO S.A.S.,quimicadelcentro.mx,Hector García,Chief Executive Officer (CEO),C_SUITE,EXECUTIVE,hgarcía@quimicadelcentro.mx,VERIFIED,85,+525581123383,2026-09-06T14:31:01.559726+00:00
"Chemicals, Polymers, Plastics & Packaging",QUIMICA DEL CENTRO S.A.S.,quimicadelcentro.mx,David Hernández,Chief Technology Officer (CTO),C_SUITE,ENGINEERING_IT,dhernández@quimicadelcentro.mx,VERIFIED,85,+525577454627,2026-09-06T14:31:01.559726+00:00
"Chemicals, Polymers, Plastics & Packaging",QUIMICA DEL CENTRO S.A.S.,quimicadelcentro.mx,Mariana Dominguez,Chief Revenue Officer (CRO),C_SUITE,SALES_MARKETING,mdominguez@quimicadelcentro.mx,VERIFIED,85,+526020948137,2026-09-06T14:31:01.562120+00:00
"Chemicals, Polymers, Plastics & Packaging",QUIMICA DEL CENTRO S.C.,quimicadelcentro54.com.mx,Patricia Treviño,Chief Executive Officer (CEO),C_SUITE,EXECUTIVE,ptreviño@quimicadelcentro54.com.mx,VERIFIED,85,+529359716493,2026-09-06T14:31:01.562120+00:00
"Chemicals, Polymers, Plastics & Packaging",QUIMICA DEL BAJIO S.A.B. DE C.V.,quimicadelbajio.com.mx,Rodrigo Morales,Founder,FOUNDER,EXECUTIVE,rmorales@quimicadelbajio.com.mx,VERIFIED,85,+526748819086,2026-09-06T14:31:01.562120+00:00
"Chemicals, Polymers, Plastics & Packaging",QUIMICA DEL BAJIO S.A.B. DE C.V.,quimicadelbajio.com.mx,Carlos García,Chief Executive Officer (CEO),C_SUITE,EXECUTIVE,cgarcía@quimicadelbajio.com,VERIFIED,85,+525434888339,2026-09-06T14:31:01.562120+00:00
"Chemicals, Polymers, Plastics & Packaging",QUIMICA DEL BAJIO S.A.B. DE C.V.,quimicadelbajio.com.mx,David Salinas,Chief Revenue Officer (CRO),C_SUITE,SALES_MARKETING,dsalinas@quimicadelbajio16.mx,VERIFIED,85,+526356214673,2026-09-06T14:31:01.562120+00:00
"Chemicals, Polymers, Plastics & Packaging",QUIMICA DEL BAJIO S.A.B. DE C.V.,quimicadelbajio.com.mx,Roberto Mendoza,Chief Human Resources Officer (CHRO),C_SUITE,HR_PEOPLE,rmendoza@quimicadelbajio.com,VERIFIED,85,+528233435274,2026-09-06T14:31:01.562120+00:00
"Chemicals, Polymers, Plastics & Packaging",QUIMICA DEL BAJIO S.A.B. DE C.V.,quimicadelbajio.com.mx,Fernando Martínez,Chief Operating Officer (COO),C_SUITE,OPERATIONS,fmartínez@quimicadelbajio.com.mx,VERIFIED,85,+529497805756,2026-09-06T14:31:01.562120+00:00
"Chemicals, Polymers, Plastics & Packaging",QUIMICA DEL BAJIO S.A.B. DE C.V.,quimicadelbajio.com.mx,Adriana Dominguez,Chief Executive Officer (CEO),C_SUITE,EXECUTIVE,adominguez@quimicadelbajio.com.mx,VERIFIED,85,+524760189901,2026-09-06T14:31:01.562120+00:00
"Chemicals, Polymers, Plastics & Packaging",QUIMICA DEL PACIFICO S.A.S.,quimicadelpacifico.mx,Sofia Martínez,Chief Human Resources Officer (CHRO),C_SUITE,HR_PEOPLE,smartínez@quimicadelpacifico.mx,VERIFIED,85,+525860864074,2026-09-06T14:31:01.562120+00:00
"Chemicals, Polymers, Plastics & Packaging",QUIMICA DEL NORTE S.A.P.I. DE C.V.,quimicadelnorte.mx,Jorge Treviño,Chief Executive Officer (CEO),C_SUITE,EXECUTIVE,jtreviño@quimicadelnorte.mx,VERIFIED,85,+527159292630,2026-09-06T14:31:01.562120+00:00
"Chemicals, Polymers, Plastics & Packaging",QUIMICA DEL NORTE S.A.P.I. DE C.V.,quimicadelnorte.mx,Gabriel González,Chief Executive Officer (CEO),C_SUITE,EXECUTIVE,ggonzález@quimicadelnorte.com.mx,VERIFIED,85,+528920717208,2026-09-06T14:31:01.562120+00:00
"Chemicals, Polymers, Plastics & Packaging",QUIMICA DEL CENTRO S.A.P.I. DE C.V.,quimicadelcentro.com,Fernando Hernández,Chief Human Resources Officer (CHRO),C_SUITE,HR_PEOPLE,fhernández@quimicadelcentro.com,VERIFIED,85,+526396150291,2026-09-06T14:31:01.562120+00:00
"Chemicals, Polymers, Plastics & Packaging",QUIMICA DEL BAJIO 61 S.A.P.I. DE C.V.,quimicadelbajio.com,Eduardo Dominguez,Chief Technology Officer (CTO),C_SUITE,ENGINEERING_IT,edominguez@quimicadelbajio.com,VERIFIED,85,+527745187958,2026-09-06T14:31:01.562120+00:00
"Chemicals, Polymers, Plastics & Packaging",QUIMICA DEL BAJIO S.C.,quimicadelbajio13.com,Andrea Treviño,Founder,FOUNDER,EXECUTIVE,atreviño@quimicadelbajio13.com,VERIFIED,85,+524342514846,2026-09-06T14:31:01.562120+00:00
"Chemicals, Polymers, Plastics & Packaging",EMPAQUES INTERNACIONAL S.C.,empaquesinternacio.com.mx,Luis Treviño,Chief Executive Officer (CEO),C_SUITE,EXECUTIVE,ltreviño@empaquesinternacio.com.mx,VERIFIED,85,+526691964158,2026-09-06T14:31:01.562120+00:00
"Chemicals, Polymers, Plastics & Packaging",EMPAQUES INTERNACIONAL S.C.,empaquesinternacio.com.mx,Alejandro Dominguez,Chief Financial Officer (CFO),C_SUITE,FINANCE,adominguez@empaquesinternacio.com.mx,VERIFIED,85,+524825820920,2026-09-06T14:31:01.562120+00:00
"Chemicals, Polymers, Plastics & Packaging",QUIMICA DEL PACIFICO 17 S.A.B. DE C.V.,quimicadelpacifico.com.mx,Claudia Treviño,Chief Human Resources Officer (CHRO),C_SUITE,HR_PEOPLE,ctreviño@quimicadelpacifico.com.mx,VERIFIED,85,+525591415424,2026-09-06T14:31:01.562120+00:00
"Chemicals, Polymers, Plastics & Packaging",QUIMICA DEL PACIFICO 17 S.A.B. DE C.V.,quimicadelpacifico.com.mx,Sofia Castro,Chief Executive Officer (CEO),C_SUITE,EXECUTIVE,scastro@quimicadelpacifico.com.mx,VERIFIED,85,+525514095068,2026-09-06T14:31:01.562120+00:00
"Chemicals, Polymers, Plastics & Packaging",QUIMICA DEL PACIFICO 17 S.A.B. DE C.V.,quimicadelpacifico.com.mx,David Vega,Chief Executive Officer (CEO),C_SUITE,EXECUTIVE,dvega@quimicadelpacifico.com.mx,VERIFIED,85,+525517559397,2026-09-06T14:31:01.562120+00:00
"Chemicals, Polymers, Plastics & Packaging",QUIMICA DEL CENTRO S.C.,quimicadelcentro65.mx,Eduardo Valenzuela,Chief Revenue Officer (CRO),C_SUITE,SALES_MARKETING,evalenzuela@quimicadelcentro65.mx,VERIFIED,85,+525511513202,2026-09-06T14:31:01.562120+00:00
"Chemicals, Polymers, Plastics & Packaging",QUIMICA DEL CENTRO S.C.,quimicadelcentro65.mx,Patricia Vega,Chief Executive Officer (CEO),C_SUITE,EXECUTIVE,pvega@quimicadelcentro.com.mx,VERIFIED,85,+525560449759,2026-09-06T14:31:01.562120+00:00
"Chemicals, Polymers, Plastics & Packaging",QUIMICA DEL CENTRO S.A.B. DE C.V.,quimicadelcentro11.com.mx,Eduardo Salinas,Chief Revenue Officer (CRO),C_SUITE,SALES_MARKETING,esalinas@quimicadelcentro11.com.mx,VERIFIED,85,+525579006886,2026-09-06T14:31:01.562120+00:00
"Chemicals, Polymers, Plastics & Packaging",QUIMICA DEL NORTE S.A.P.I. DE C.V.,quimicadelnorte.com,Gabriel Alarcón,Chief Executive Officer (CEO),C_SUITE,EXECUTIVE,galarcón@quimicadelnorte.com,VERIFIED,85,+525575932926,2026-09-06T14:31:01.562120+00:00
"Chemicals, Polymers, Plastics & Packaging",QUIMICA DEL NORTE S.A.P.I. DE C.V.,quimicadelnorte.com,Javier Castro,Chief Operating Officer (COO),C_SUITE,OPERATIONS,jcastro@quimicadelnorte86.com,VERIFIED,85,+525575430348,2026-09-06T14:31:01.562120+00:00
"Chemicals, Polymers, Plastics & Packaging",QUIMICA DEL NORTE S.A.S.,quimicadelnorte46.mx,Eduardo Benítez,Chief Human Resources Officer (CHRO),C_SUITE,HR_PEOPLE,ebenítez@quimicadelnorte46.mx,VERIFIED,85,+525535017151,2026-09-06T14:31:01.562120+00:00
"Chemicals, Polymers, Plastics & Packaging",QUIMICA DEL NORTE S. DE R.L. DE C.V.,quimicadelnorte77.mx,Daniel Hernández,Chief Human Resources Officer (CHRO),C_SUITE,HR_PEOPLE,dhernández@quimicadelnorte77.mx,VERIFIED,85,+525558585412,2026-09-06T14:31:01.562120+00:00
"Chemicals, Polymers, Plastics & Packaging",QUIMICA DEL BAJIO S.A. DE C.V.,quimicadelbajio.com.mx,Claudia Ruiz,Chief Financial Officer (CFO),C_SUITE,FINANCE,cruiz@quimicadelbajio.com.mx,VERIFIED,85,+525596487770,2026-09-06T14:31:01.562120+00:00
"Chemicals, Polymers, Plastics & Packaging",QUIMICA DEL PACIFICO S.A.S.,quimicadelpacifico.mx,Sofia Salinas,Chief Human Resources Officer (CHRO),C_SUITE,HR_PEOPLE,ssalinas@quimicadelpacifico.mx,VERIFIED,85,+525526440402,2026-09-06T14:31:01.562120+00:00
"Chemicals, Polymers, Plastics & Packaging",PLASTICOS DE OCCIDENTE 30 S. DE R.L. DE C.V.,plasticosdeocciden.com.mx,Patricia Villaseñor,Chief Operating Officer (COO),C_SUITE,OPERATIONS,pvillaseñor@plasticosdeocciden.com.mx,VERIFIED,85,+527168916804,2026-09-06T14:31:01.562120+00:00
"Chemicals, Polymers, Plastics & Packaging",PLASTICOS DE OCCIDENTE 30 S. DE R.L. DE C.V.,plasticosdeocciden.com.mx,Javier Garza,Chief Revenue Officer (CRO),C_SUITE,SALES_MARKETING,jgarza@plasticosdeocciden.com.mx,VERIFIED,85,+527747448334,2026-09-06T14:31:01.562120+00:00
"Chemicals, Polymers, Plastics & Packaging",PLASTICOS DE OCCIDENTE 30 S. DE R.L. DE C.V.,plasticosdeocciden.com.mx,Roberto Salinas,Chief Executive Officer (CEO),C_SUITE,EXECUTIVE,rsalinas@plasticosdeocciden.com.mx,VERIFIED,85,+526964933690,2026-09-06T14:31:01.562120+00:00
"Chemicals, Polymers, Plastics & Packaging",PLASTICOS DE LAS AMERICAS S. DE R.L. DE C.V.,plasticosdelasamer.com.mx,Daniel Benítez,Chief Revenue Officer (CRO),C_SUITE,SALES_MARKETING,dbenítez@plasticosdelasamer.com.mx,VERIFIED,85,+528812423896,2026-09-06T14:31:01.562120+00:00
"Chemicals, Polymers, Plastics & Packaging",PLASTICOS DE OCCIDENTE S.A.S.,plasticosdeocciden.mx,Hector González,Founder,FOUNDER,EXECUTIVE,hgonzález@plasticosdeocciden.mx,VERIFIED,85,+529951164647,2026-09-06T14:31:01.562120+00:00
"Chemicals, Polymers, Plastics & Packaging",PLASTICOS DEL BAJIO S.A.S.,plasticosdelbajio2.com,Adriana Ruiz,Chief Executive Officer (CEO),C_SUITE,EXECUTIVE,aruiz@plasticosdelbajio2.com,VERIFIED,85,+525632736876,2026-09-06T14:31:01.562120+00:00
"Chemicals, Polymers, Plastics & Packaging",PLASTICOS DEL CENTRO 30 S.A.S.,plasticosdelcentro.mx,Guillermo Alarcón,Chief Human Resources Officer (CHRO),C_SUITE,HR_PEOPLE,galarcón@plasticosdelcentro.mx,VERIFIED,85,+525237587329,2026-09-06T14:31:01.562120+00:00
"Chemicals, Polymers, Plastics & Packaging",PLASTICOS DEL CENTRO 30 S.A.S.,plasticosdelcentro.mx,Eduardo Ruiz,Chief Executive Officer (CEO),C_SUITE,EXECUTIVE,eruiz@plasticosdelcentro.mx,VERIFIED,85,+528263490516,2026-09-06T14:31:01.562120+00:00
"Chemicals, Polymers, Plastics & Packaging",PLASTICOS DEL PACIFICO S. DE R.L. DE C.V.,plasticosdelpacifi.mx,David Mendoza,Chief Human Resources Officer (CHRO),C_SUITE,HR_PEOPLE,dmendoza@plasticosdelpacifi.mx,VERIFIED,85,+529690523527,2026-09-06T14:31:01.562120+00:00
"Chemicals, Polymers, Plastics & Packaging",PLASTICOS DEL PACIFICO S. DE R.L. DE C.V.,plasticosdelpacifi.mx,Javier Castro,Chief Revenue Officer (CRO),C_SUITE,SALES_MARKETING,jcastro@plasticosdelpacifi.mx,VERIFIED,85,+525164356442,2026-09-06T14:31:01.562120+00:00
"Chemicals, Polymers, Plastics & Packaging",PLASTICOS DEL NORTE 87 S.A.S.,plasticosdelnorte.mx,Miguel Navarro,Chief Human Resources Officer (CHRO),C_SUITE,HR_PEOPLE,mnavarro@plasticosdelnorte.mx,VERIFIED,85,+528914082221,2026-09-06T14:31:01.562120+00:00
"Chemicals, Polymers, Plastics & Packaging",PLASTICOS DEL CENTRO S.A.S.,plasticosdelcentro.com,Mariana Treviño,Chief Technology Officer (CTO),C_SUITE,ENGINEERING_IT,mtreviño@plasticosdelcentro.com,VERIFIED,85,+527791930264,2026-09-06T14:31:01.562120+00:00
"Chemicals, Polymers, Plastics & Packaging",PLASTICOS DEL CENTRO S.A.S.,plasticosdelcentro.com.mx,Luis Garza,Chief Revenue Officer (CRO),C_SUITE,SALES_MARKETING,lgarza@plasticosdelcentro.com.mx,VERIFIED,85,+527039332385,2026-09-06T14:31:01.562120+00:00
"Chemicals, Polymers, Plastics & Packaging",PLASTICOS DEL BAJIO S.C.,plasticosdelbajio1.com,Fernando López,Chief Operating Officer (COO),C_SUITE,OPERATIONS,flópez@plasticosdelbajio1.com,VERIFIED,85,+526845251311,2026-09-06T14:31:01.562120+00:00
"Chemicals, Polymers, Plastics & Packaging",PLASTICOS DEL CENTRO S.A.S.,plasticosdelcentro.com,Javier Vega,Founder,FOUNDER,EXECUTIVE,jvega@plasticosdelcentro.com,VERIFIED,85,+523379084939,2026-09-06T14:31:01.562120+00:00
"Chemicals, Polymers, Plastics & Packaging",PLASTICOS DEL CENTRO S.A.S.,plasticosdelcentro.com,Hector Martínez,Founder,FOUNDER,EXECUTIVE,hmartínez@plasticosdelcentro.com,VERIFIED,85,+523330922381,2026-09-06T14:31:01.562120+00:00
"Chemicals, Polymers, Plastics & Packaging",PLASTICOS DEL CENTRO S.A.S.,plasticosdelcentro.com,Alejandro García,Chief Revenue Officer (CRO),C_SUITE,SALES_MARKETING,agarcía@plasticosdelcentro.com,VERIFIED,85,+523344147633,2026-09-06T14:31:01.562120+00:00
"Chemicals, Polymers, Plastics & Packaging",PLASTICOS DEL CENTRO S.A.B. DE C.V.,plasticosdelcentro.mx,Eduardo Vega,Chief Technology Officer (CTO),C_SUITE,ENGINEERING_IT,evega@plasticosdelcentro.mx,VERIFIED,85,+523310551359,2026-09-06T14:31:01.562120+00:00
"Chemicals, Polymers, Plastics & Packaging",PLASTICOS DEL CENTRO S.A.B. DE C.V.,plasticosdelcentro.mx,David Hernández,Chief Revenue Officer (CRO),C_SUITE,SALES_MARKETING,dhernández@plasticosdelcentro.mx,VERIFIED,85,+523354293559,2026-09-06T14:31:01.562120+00:00
"Chemicals, Polymers, Plastics & Packaging",PLASTICOS DEL BAJIO 7 S.C.,plasticosdelbajio.mx,Miguel García,Chief Technology Officer (CTO),C_SUITE,ENGINEERING_IT,mgarcía@plasticosdelbajio.mx,VERIFIED,85,+523335613678,2026-09-06T14:31:01.562120+00:00
"Chemicals, Polymers, Plastics & Packaging",PLASTICOS DEL BAJIO 7 S.C.,plasticosdelbajio.mx,Roberto Dominguez,Chief Financial Officer (CFO),C_SUITE,FINANCE,rdominguez@plasticosdelbajio.mx,VERIFIED,85,+523366263319,2026-09-06T14:31:01.562120+00:00
"Chemicals, Polymers, Plastics & Packaging",PLASTICOS DEL CENTRO S. DE R.L. DE C.V.,plasticosdelcentro.com.mx,Javier Alarcón,Chief Technology Officer (CTO),C_SUITE,ENGINEERING_IT,jalarcón@plasticosdelcentro.com.mx,VERIFIED,85,+523374303862,2026-09-06T14:31:01.562120+00:00
"Chemicals, Polymers, Plastics & Packaging",PLASTICOS DEL CENTRO S. DE R.L. DE C.V.,plasticosdelcentro.com.mx,Jorge Dominguez,Chief Revenue Officer (CRO),C_SUITE,SALES_MARKETING,jdominguez@plasticosdelcentro.com.mx,VERIFIED,85,+523319225244,2026-09-06T14:31:01.562120+00:00
"Chemicals, Polymers, Plastics & Packaging",PLASTICOS DEL BAJIO S.A. DE C.V.,plasticosdelbajio.com,Miguel López,Chief Executive Officer (CEO),C_SUITE,EXECUTIVE,mlópez@plasticosdelbajio.com,VERIFIED,85,+523360842731,2026-09-06T14:31:01.562120+00:00
"Chemicals, Polymers, Plastics & Packaging",PLASTICOS DEL BAJIO S.A. DE C.V.,plasticosdelbajio.com,Alejandro Valenzuela,Chief Human Resources Officer (CHRO),C_SUITE,HR_PEOPLE,avalenzuela@plasticosdelbajio.com,VERIFIED,85,+523346814489,2026-09-06T14:31:01.562120+00:00
"Chemicals, Polymers, Plastics & Packaging",PLASTICOS DEL NORTE S. DE R.L. DE C.V.,plasticosdelnorte4.com.mx,Hector Dominguez,Chief Operating Officer (COO),C_SUITE,OPERATIONS,hdominguez@plasticosdelnorte4.com.mx,VERIFIED,85,+523391995304,2026-09-06T14:31:01.562120+00:00
"Chemicals, Polymers, Plastics & Packaging",PLASTICOS DEL NORTE S.A.B. DE C.V.,plasticosdelnorte.mx,David Alarcón,Chief Executive Officer (CEO),C_SUITE,EXECUTIVE,dalarcón@plasticosdelnorte.mx,VERIFIED,85,+523398713004,2026-09-06T14:31:01.562120+00:00
"Chemicals, Polymers, Plastics & Packaging",PLASTICOS DEL BAJIO S.A.P.I. DE C.V.,plasticosdelbajio5.com,Eduardo Villaseñor,Chief Executive Officer (CEO),C_SUITE,EXECUTIVE,evillaseñor@plasticosdelbajio5.com,VERIFIED,85,+523329694801,2026-09-06T14:31:01.562120+00:00
"Chemicals, Polymers, Plastics & Packaging",PLASTICOS DEL PACIFICO S.A.S.,plasticosdelpacifi.mx,Andrea Ruiz,Chief Executive Officer (CEO),C_SUITE,EXECUTIVE,aruiz@plasticosdelpacifi.mx,VERIFIED,85,+523382391749,2026-09-06T14:31:01.562120+00:00
"Chemicals, Polymers, Plastics & Packaging",PLASTICOS DEL PACIFICO S.A. DE C.V.,plasticosdelpacifi.com,David Treviño,Founder,FOUNDER,EXECUTIVE,dtreviño@plasticosdelpacifi.com,VERIFIED,85,+523346087532,2026-09-06T14:31:01.562120+00:00
"Chemicals, Polymers, Plastics & Packaging",EMPAQUES EMPRESARIAL S.A. DE C.V.,empaquesempresaria.com,David Morales,Chief Technology Officer (CTO),C_SUITE,ENGINEERING_IT,dmorales@empaquesempresaria.com,VERIFIED,85,+527711998510,2026-09-06T14:31:01.562120+00:00
"Chemicals, Polymers, Plastics & Packaging",EMPAQUES EMPRESARIAL S.A. DE C.V.,empaquesempresaria.com,Carlos Alarcón,Founder,FOUNDER,EXECUTIVE,calarcón@empaquesempresaria.com,VERIFIED,85,+525773970393,2026-09-06T14:31:01.562120+00:00
"Chemicals, Polymers, Plastics & Packaging",EMPAQUES EMPRESARIAL S.A. DE C.V.,empaquesempresaria.com,Guillermo Treviño,Chief Financial Officer (CFO),C_SUITE,FINANCE,gtreviño@empaquesempresaria.com,VERIFIED,85,+528523842690,2026-09-06T14:31:01.562120+00:00
"Chemicals, Polymers, Plastics & Packaging",EMPAQUES EMPRESARIAL S.A.P.I. DE C.V.,empaquesempresaria.mx,Alejandro Villaseñor,Founder,FOUNDER,EXECUTIVE,avillaseñor@empaquesempresaria.mx,VERIFIED,85,+526432412085,2026-09-06T14:31:01.562120+00:00
"Chemicals, Polymers, Plastics & Packaging",QUIMICA INTEGRAL S.C.,quimicaintegral69.com,Hector Navarro,Chief Executive Officer (CEO),C_SUITE,EXECUTIVE,hnavarro@quimicaintegral69.com,VERIFIED,85,+524284957703,2026-09-06T14:31:01.562120+00:00
"Chemicals, Polymers, Plastics & Packaging",QUIMICA INTEGRAL S.A.B. DE C.V.,quimicaintegral92.mx,Claudia Garza,Chief Technology Officer (CTO),C_SUITE,ENGINEERING_IT,cgarza@quimicaintegral92.mx,VERIFIED,85,+524952213995,2026-09-06T14:31:01.562120+00:00
"Chemicals, Polymers, Plastics & Packaging",PLASTICOS INTEGRAL 7 S.A.B. DE C.V.,plasticosintegral.com,Alejandro López,Chief Executive Officer (CEO),C_SUITE,EXECUTIVE,alópez@plasticosintegral.com,VERIFIED,85,+525510392260,2026-09-06T14:31:01.562120+00:00
"Chemicals, Polymers, Plastics & Packaging",PLASTICOS INTEGRAL S.C.,plasticosintegral9.com.mx,Guillermo Alarcón,Chief Executive Officer (CEO),C_SUITE,EXECUTIVE,galarcón@plasticosintegral9.com.mx,VERIFIED,85,+525580725803,2026-09-06T14:31:01.562120+00:00
"Chemicals, Polymers, Plastics & Packaging",PLASTICOS INTEGRAL S.A.P.I. DE C.V.,plasticosintegral.com.mx,Alejandro Treviño,Chief Executive Officer (CEO),C_SUITE,EXECUTIVE,atreviño@plasticosintegral.com.mx,VERIFIED,85,+525547836000,2026-09-06T14:31:01.562120+00:00
"Chemicals, Polymers, Plastics & Packaging",PLASTICOS ESPECIALIZADA S. DE R.L. DE C.V.,plasticosespeciali.com,Luis Dominguez,Chief Technology Officer (CTO),C_SUITE,ENGINEERING_IT,ldominguez@plasticosespeciali.com,VERIFIED,85,+527439628466,2026-09-06T14:31:01.562120+00:00
"Chemicals, Polymers, Plastics & Packaging",PLASTICOS ESPECIALIZADA 3 S.C.,plasticosespeciali.mx,Adriana Treviño,Founder,FOUNDER,EXECUTIVE,atreviño@plasticosespeciali.mx,VERIFIED,85,+526425035801,2026-09-06T14:31:01.562120+00:00
"Chemicals, Polymers, Plastics & Packaging",PLASTICOS ESPECIALIZADA 36 S.A.B. DE C.V.,plasticosespeciali.com.mx,Sofia Benítez,Chief Executive Officer (CEO),C_SUITE,EXECUTIVE,sbenítez@plasticosespeciali.com.mx,VERIFIED,85,+525634419183,2026-09-06T14:31:01.562120+00:00
"Chemicals, Polymers, Plastics & Packaging",PLASTICOS EMPRESARIAL S.A.B. DE C.V.,plasticosempresari.com,Guillermo Salinas,Chief Human Resources Officer (CHRO),C_SUITE,HR_PEOPLE,gsalinas@plasticosempresari.com,VERIFIED,85,+529969653714,2026-09-06T14:31:01.562120+00:00
"Chemicals, Polymers, Plastics & Packaging",PLASTICOS EMPRESARIAL S.A.B. DE C.V.,plasticosempresari.com,Carlos Benítez,Chief Technology Officer (CTO),C_SUITE,ENGINEERING_IT,cbenítez@plasticosempresari.com,VERIFIED,85,+527616014542,2026-09-06T14:31:01.562120+00:00
"Chemicals, Polymers, Plastics & Packaging",PLASTICOS EMPRESARIAL S. DE R.L. DE C.V.,plasticosempresari.mx,Daniel Mendoza,Chief Human Resources Officer (CHRO),C_SUITE,HR_PEOPLE,dmendoza@plasticosempresari.mx,VERIFIED,85,+528782747258,2026-09-06T14:31:01.562120+00:00
"Chemicals, Polymers, Plastics & Packaging",PLASTICOS EMPRESARIAL S. DE R.L. DE C.V.,plasticosempresari.mx,Daniel Ruiz,Founder,FOUNDER,EXECUTIVE,druiz@plasticosempresari.mx,VERIFIED,85,+525877899349,2026-09-06T14:31:01.562120+00:00
"Chemicals, Polymers, Plastics & Packaging",PLASTICOS EMPRESARIAL S.A.S.,plasticosempresari.com.mx,Gabriel Navarro,Chief Revenue Officer (CRO),C_SUITE,SALES_MARKETING,gnavarro@plasticosempresari.com.mx,VERIFIED,85,+525448621416,2026-09-06T14:31:01.562120+00:00
"Chemicals, Polymers, Plastics & Packaging",EMPAQUES ESPECIALIZADA S.A.P.I. DE C.V.,empaquesespecializ.com,Fernando García,Chief Technology Officer (CTO),C_SUITE,ENGINEERING_IT,fgarcía@empaquesespecializ.com,VERIFIED,85,+526871821980,2026-09-06T14:31:01.562120+00:00
"Chemicals, Polymers, Plastics & Packaging",EMPAQUES ESPECIALIZADA S.A.P.I. DE C.V.,empaquesespecializ.com,Sofia Villaseñor,Founder,FOUNDER,EXECUTIVE,svillaseñor@empaquesespecializ.com,VERIFIED,85,+528675606645,2026-09-06T14:31:01.562120+00:00
"Chemicals, Polymers, Plastics & Packaging",EMPAQUES ESPECIALIZADA S. DE R.L. DE C.V.,empaquesespecializ.com.mx,Eduardo Castro,Chief Human Resources Officer (CHRO),C_SUITE,HR_PEOPLE,ecastro@empaquesespecializ.com.mx,VERIFIED,85,+526770951911,2026-09-06T14:31:01.562120+00:00
"Chemicals, Polymers, Plastics & Packaging",EMPAQUES ESPECIALIZADA S. DE R.L. DE C.V.,empaquesespecializ.com.mx,Miguel Hernández,Chief Financial Officer (CFO),C_SUITE,FINANCE,mhernández@empaquesespecializ.com.mx,VERIFIED,85,+525848460534,2026-09-06T14:31:01.562120+00:00
"Chemicals, Polymers, Plastics & Packaging",EMPAQUES ESPECIALIZADA S. DE R.L. DE C.V.,empaquesespecializ.com.mx,Daniel Garza,Chief Revenue Officer (CRO),C_SUITE,SALES_MARKETING,dgarza@empaquesespecializ.com.mx,VERIFIED,85,+527679391255,2026-09-06T14:31:01.562120+00:00
"Chemicals, Polymers, Plastics & Packaging",EMPAQUES ESPECIALIZADA S.C.,empaquesespecializ.mx,Miguel Martínez,Chief Operating Officer (COO),C_SUITE,OPERATIONS,mmartínez@empaquesespecializ.mx,VERIFIED,85,+529241176796,2026-09-06T14:31:01.562120+00:00
"Chemicals, Polymers, Plastics & Packaging",PLASTICOS DINAMICA S. DE R.L. DE C.V.,plasticosdinamica.com.mx,Mariana Castro,Chief Technology Officer (CTO),C_SUITE,ENGINEERING_IT,mcastro@plasticosdinamica.com.mx,VERIFIED,85,+528155520432,2026-09-06T14:31:01.562120+00:00
"Chemicals, Polymers, Plastics & Packaging",PLASTICOS DINAMICA S.A.S.,plasticosdinamica.mx,Sofia Garza,Chief Technology Officer (CTO),C_SUITE,ENGINEERING_IT,sgarza@plasticosdinamica.mx,VERIFIED,85,+528152425276,2026-09-06T14:31:01.562120+00:00
"Chemicals, Polymers, Plastics & Packaging",PLASTICOS DINAMICA S.A.S.,plasticosdinamica.mx,Claudia Martínez,Founder,FOUNDER,EXECUTIVE,cmartínez@plasticosdinamica.mx,VERIFIED,85,+528151128735,2026-09-06T14:31:01.562120+00:00
"Chemicals, Polymers, Plastics & Packaging",PLASTICOS INDUSTRIAL S.A.S.,plasticosindustria.com,Adriana González,Chief Operating Officer (COO),C_SUITE,OPERATIONS,agonzález@plasticosindustria.com,VERIFIED,85,+523373105048,2026-09-06T14:31:01.562120+00:00
"Chemicals, Polymers, Plastics & Packaging",PLASTICOS INDUSTRIAL S.A.B. DE C.V.,plasticosindustria.mx,Alejandro Salinas,Chief Financial Officer (CFO),C_SUITE,FINANCE,asalinas@plasticosindustria.mx,VERIFIED,85,+523321137619,2026-09-06T14:31:01.562120+00:00
"Chemicals, Polymers, Plastics & Packaging",PLASTICOS INDUSTRIAL S.A.B. DE C.V.,plasticosindustria.mx,Carlos Dominguez,Chief Operating Officer (COO),C_SUITE,OPERATIONS,cdominguez@plasticosindustria.mx,VERIFIED,85,+523339757977,2026-09-06T14:31:01.562120+00:00
"Chemicals, Polymers, Plastics & Packaging",QUIMICA DINAMICA 97 S.A.S.,quimicadinamica.com.mx,Sofia Benítez,Chief Operating Officer (COO),C_SUITE,OPERATIONS,sbenítez@quimicadinamica.com.mx,VERIFIED,85,+528152895893,2026-09-06T14:31:01.562120+00:00
"Chemicals, Polymers, Plastics & Packaging",QUIMICA DINAMICA 97 S.A.S.,quimicadinamica.com.mx,Hector González,Chief Technology Officer (CTO),C_SUITE,ENGINEERING_IT,hgonzález@quimicadinamica.com.mx,VERIFIED,85,+527317566939,2026-09-06T14:31:01.562120+00:00
"Chemicals, Polymers, Plastics & Packaging",QUIMICA DINAMICA S.A. DE C.V.,quimicadinamica.com,Javier Hernández,Chief Executive Officer (CEO),C_SUITE,EXECUTIVE,jhernández@quimicadinamica.com,VERIFIED,85,+525997633092,2026-09-06T14:31:01.562120+00:00
"Chemicals, Polymers, Plastics & Packaging",QUIMICA DINAMICA S.A. DE C.V.,quimicadinamica.com,David Hernández,Founder,FOUNDER,EXECUTIVE,dhernández@quimicadinamica.com,VERIFIED,85,+526311239953,2026-09-06T14:31:01.562120+00:00
"Chemicals, Polymers, Plastics & Packaging",QUIMICA DINAMICA S.A. DE C.V.,quimicadinamica.com,Alejandro Benítez,Chief Revenue Officer (CRO),C_SUITE,SALES_MARKETING,abenítez@quimicadinamica66.com,VERIFIED,85,+529562839782,2026-09-06T14:31:01.562120+00:00
"Chemicals, Polymers, Plastics & Packaging",QUIMICA DINAMICA S. DE R.L. DE C.V.,quimicadinamica.mx,Roberto López,Chief Technology Officer (CTO),C_SUITE,ENGINEERING_IT,rlópez@quimicadinamica.mx,VERIFIED,85,+526658049080,2026-09-06T14:31:01.562120+00:00
"Chemicals, Polymers, Plastics & Packaging",EMPAQUES DEL BAJIO S.C.,empaquesdelbajio74.com,Carlos Valenzuela,Chief Executive Officer (CEO),C_SUITE,EXECUTIVE,cvalenzuela@empaquesdelbajio74.com,VERIFIED,85,+524445202019,2026-09-06T14:31:01.572056+00:00
"Chemicals, Polymers, Plastics & Packaging",EMPAQUES DEL PACIFICO S.A. DE C.V.,empaquesdelpacific.com.mx,Javier Mendoza,Chief Technology Officer (CTO),C_SUITE,ENGINEERING_IT,jmendoza@empaquesdelpacific.com.mx,VERIFIED,85,+524069367839,2026-09-06T14:31:01.572056+00:00
"Chemicals, Polymers, Plastics & Packaging",EMPAQUES DEL PACIFICO S.A. DE C.V.,empaquesdelpacific.com.mx,Roberto González,Chief Human Resources Officer (CHRO),C_SUITE,HR_PEOPLE,rgonzález@empaquesdelpacific.mx,VERIFIED,85,+529891019744,2026-09-06T14:31:01.572056+00:00
"Chemicals, Polymers, Plastics & Packaging",EMPAQUES DEL PACIFICO S.A. DE C.V.,empaquesdelpacific.com.mx,Javier Morales,Chief Technology Officer (CTO),C_SUITE,ENGINEERING_IT,jmorales@empaquesdelpacific.com.mx,VERIFIED,85,+528154166558,2026-09-06T14:31:01.572056+00:00
"Chemicals, Polymers, Plastics & Packaging",EMPAQUES DEL PACIFICO S.A. DE C.V.,empaquesdelpacific.com.mx,Alejandro Valenzuela,Chief Human Resources Officer (CHRO),C_SUITE,HR_PEOPLE,avalenzuela@empaquesdelpacific.com.mx,VERIFIED,85,+525457807622,2026-09-06T14:31:01.572056+00:00
"Chemicals, Polymers, Plastics & Packaging",EMPAQUES DEL CENTRO S. DE R.L. DE C.V.,empaquesdelcentro.mx,Hector Alarcón,Chief Executive Officer (CEO),C_SUITE,EXECUTIVE,halarcón@empaquesdelcentro.mx,VERIFIED,85,+524372955120,2026-09-06T14:31:01.572056+00:00
"Chemicals, Polymers, Plastics & Packaging",EMPAQUES DEL BAJIO S.A. DE C.V.,empaquesdelbajio44.com.mx,Daniel Mendoza,Chief Financial Officer (CFO),C_SUITE,FINANCE,dmendoza@empaquesdelbajio44.com.mx,VERIFIED,85,+529958790725,2026-09-06T14:31:01.572056+00:00
"Chemicals, Polymers, Plastics & Packaging",EMPAQUES DEL NORTE S.A. DE C.V.,empaquesdelnorte53.com,Jorge Ruiz,Chief Technology Officer (CTO),C_SUITE,ENGINEERING_IT,jruiz@empaquesdelnorte53.com,VERIFIED,85,+526384518651,2026-09-06T14:31:01.572056+00:00
"Chemicals, Polymers, Plastics & Packaging",EMPAQUES DEL BAJIO S.A.P.I. DE C.V.,empaquesdelbajio54.mx,Fernando Benítez,Chief Executive Officer (CEO),C_SUITE,EXECUTIVE,fbenítez@empaquesdelbajio54.mx,VERIFIED,85,+528893189590,2026-09-06T14:31:01.572056+00:00
"Chemicals, Polymers, Plastics & Packaging",EMPAQUES DEL NORTE 6 S.A.P.I. DE C.V.,empaquesdelnorte5.mx,Daniel Valenzuela,Chief Operating Officer (COO),C_SUITE,OPERATIONS,dvalenzuela@empaquesdelnorte5.mx,VERIFIED,85,+526989639191,2026-09-06T14:31:01.572056+00:00
"Chemicals, Polymers, Plastics & Packaging",QUIMICA MODERNA S.A.S.,quimicamoderna11.com.mx,Luis Martínez,Chief Operating Officer (COO),C_SUITE,OPERATIONS,lmartínez@quimicamoderna11.com.mx,VERIFIED,85,+528481179049,2026-09-06T14:31:01.572056+00:00
"Chemicals, Polymers, Plastics & Packaging",QUIMICA MODERNA 8 S. DE R.L. DE C.V.,quimicamoderna.mx,Fernando Hernández,Chief Operating Officer (COO),C_SUITE,OPERATIONS,fhernández@quimicamoderna.mx,VERIFIED,85,+528449689657,2026-09-06T14:31:01.572056+00:00
"Chemicals, Polymers, Plastics & Packaging",QUIMICA MODERNA 76 S.A.S.,quimicamoderna.com.mx,Javier Mendoza,Chief Financial Officer (CFO),C_SUITE,FINANCE,jmendoza@quimicamoderna.com.mx,VERIFIED,85,+526881885468,2026-09-06T14:31:01.572056+00:00
"Chemicals, Polymers, Plastics & Packaging",QUIMICA MODERNA 64 S.A.P.I. DE C.V.,quimicamoderna.com,Roberto González,Founder,FOUNDER,EXECUTIVE,rgonzález@quimicamoderna.com,VERIFIED,85,+525173355355,2026-09-06T14:31:01.572056+00:00
"Chemicals, Polymers, Plastics & Packaging",QUIMICA MODERNA S.A.S.,quimicamoderna78.com.mx,Sofia García,Chief Revenue Officer (CRO),C_SUITE,SALES_MARKETING,sgarcía@quimicamoderna78.com.mx,VERIFIED,85,+524853632268,2026-09-06T14:31:01.572056+00:00
"Chemicals, Polymers, Plastics & Packaging",PLASTICOS EMPRESARIAL 31 S.A. DE C.V.,plasticosempresari.mx,Javier Garza,Chief Human Resources Officer (CHRO),C_SUITE,HR_PEOPLE,jgarza@plasticosempresari.mx,VERIFIED,85,+529412536370,2026-09-06T14:31:01.572056+00:00
"Chemicals, Polymers, Plastics & Packaging",PLASTICOS EMPRESARIAL 68 S.C.,plasticosempresari.com,Adriana Morales,Chief Executive Officer (CEO),C_SUITE,EXECUTIVE,amorales@plasticosempresari.com,VERIFIED,85,+526716899875,2026-09-06T14:31:01.572056+00:00
"Chemicals, Polymers, Plastics & Packaging",PLASTICOS DE LAS AMERICAS S.A. DE C.V.,plasticosdelasamer.com.mx,Roberto Hernández,Chief Executive Officer (CEO),C_SUITE,EXECUTIVE,rhernández@plasticosdelasamer.com.mx,VERIFIED,85,+527810787680,2026-09-06T14:31:01.572056+00:00
"Chemicals, Polymers, Plastics & Packaging",PLASTICOS DE LAS AMERICAS S.A.P.I. DE C.V.,plasticosdelasamer.com,Daniel Martínez,Chief Executive Officer (CEO),C_SUITE,EXECUTIVE,dmartínez@plasticosdelasamer.com,VERIFIED,85,+524766447079,2026-09-06T14:31:01.572056+00:00
"Chemicals, Polymers, Plastics & Packaging",PLASTICOS DE LAS AMERICAS S.A.P.I. DE C.V.,plasticosdelasamer.mx,Fernando Navarro,Chief Technology Officer (CTO),C_SUITE,ENGINEERING_IT,fnavarro@plasticosdelasamer.mx,VERIFIED,85,+526130162380,2026-09-06T14:31:01.572056+00:00
"Chemicals, Polymers, Plastics & Packaging",PLASTICOS DE OCCIDENTE S.A.S.,plasticosdeocciden.mx,Sofia García,Chief Executive Officer (CEO),C_SUITE,EXECUTIVE,sgarcía@plasticosdeocciden.mx,VERIFIED,85,+526835631022,2026-09-06T14:31:01.572056+00:00
"Chemicals, Polymers, Plastics & Packaging",PLASTICOS DE OCCIDENTE S.C.,plasticosdeocciden.com.mx,Andrea Navarro,Chief Executive Officer (CEO),C_SUITE,EXECUTIVE,anavarro@plasticosdeocciden.com.mx,VERIFIED,85,+525731531933,2026-09-06T14:31:01.572056+00:00
"Chemicals, Polymers, Plastics & Packaging",EMPAQUES EMPRESARIAL S. DE R.L. DE C.V.,empaquesempresaria.mx,Miguel Mendoza,Founder,FOUNDER,EXECUTIVE,mmendoza@empaquesempresaria.mx,VERIFIED,85,+529997638493,2026-09-06T14:31:01.572056+00:00
"Chemicals, Polymers, Plastics & Packaging",EMPAQUES EMPRESARIAL S. DE R.L. DE C.V.,empaquesempresaria.mx,Andrea Salinas,Chief Technology Officer (CTO),C_SUITE,ENGINEERING_IT,asalinas@empaquesempresaria.mx,VERIFIED,85,+525697786560,2026-09-06T14:31:01.572056+00:00
"Chemicals, Polymers, Plastics & Packaging",EMPAQUES EMPRESARIAL S. DE R.L. DE C.V.,empaquesempresaria.mx,Guillermo Villaseñor,Chief Financial Officer (CFO),C_SUITE,FINANCE,gvillaseñor@empaquesempresaria.com,VERIFIED,85,+529927086239,2026-09-06T14:31:01.572056+00:00
"Chemicals, Polymers, Plastics & Packaging",EMPAQUES EMPRESARIAL 58 S.A. DE C.V.,empaquesempresaria.com.mx,Patricia Benítez,Chief Operating Officer (COO),C_SUITE,OPERATIONS,pbenítez@empaquesempresaria.com.mx,VERIFIED,85,+526811072441,2026-09-06T14:31:01.572056+00:00
"Chemicals, Polymers, Plastics & Packaging",PLASTICOS MEXICANA S.A.P.I. DE C.V.,plasticosmexicana.com,Carlos López,Chief Financial Officer (CFO),C_SUITE,FINANCE,clópez@plasticosmexicana.com,VERIFIED,85,+528367933499,2026-09-06T14:31:01.576119+00:00
"Chemicals, Polymers, Plastics & Packaging",PLASTICOS MEXICANA S.A.P.I. DE C.V.,plasticosmexicana.com,Eduardo García,Chief Executive Officer (CEO),C_SUITE,EXECUTIVE,egarcía@plasticosmexicana.com.mx,VERIFIED,85,+526242460076,2026-09-06T14:31:01.576119+00:00
"Chemicals, Polymers, Plastics & Packaging",PLASTICOS MEXICANA S.A. DE C.V.,plasticosmexicana.com.mx,Carlos Hernández,Chief Human Resources Officer (CHRO),C_SUITE,HR_PEOPLE,chernández@plasticosmexicana.com.mx,VERIFIED,85,+525562594599,2026-09-06T14:31:01.576119+00:00
"Chemicals, Polymers, Plastics & Packaging",PLASTICOS MEXICANA S.A. DE C.V.,plasticosmexicana.com.mx,Jorge Navarro,Chief Human Resources Officer (CHRO),C_SUITE,HR_PEOPLE,jnavarro@plasticosmexicana.com.mx,VERIFIED,85,+528680831949,2026-09-06T14:31:01.576119+00:00
"Chemicals, Polymers, Plastics & Packaging",PLASTICOS MEXICANA S.A. DE C.V.,plasticosmexicana.com.mx,Adriana Vega,Chief Technology Officer (CTO),C_SUITE,ENGINEERING_IT,avega@plasticosmexicana.com.mx,VERIFIED,85,+529826798923,2026-09-06T14:31:01.576119+00:00
"Chemicals, Polymers, Plastics & Packaging",PLASTICOS MEXICANA S.A.B. DE C.V.,plasticosmexicana4.com,Luis Ruiz,Chief Human Resources Officer (CHRO),C_SUITE,HR_PEOPLE,lruiz@plasticosmexicana4.com,VERIFIED,85,+527968805709,2026-09-06T14:31:01.576119+00:00
"Chemicals, Polymers, Plastics & Packaging",QUIMICA LATINOAMERICANA S.A. DE C.V.,quimicalatinoameri.com,Fernando Hernández,Chief Revenue Officer (CRO),C_SUITE,SALES_MARKETING,fhernández@quimicalatinoameri.com,VERIFIED,85,+527313979878,2026-09-06T14:31:01.576775+00:00
"Chemicals, Polymers, Plastics & Packaging",QUIMICA LATINOAMERICANA S.A. DE C.V.,quimicalatinoameri.com,Gabriel Salinas,Chief Technology Officer (CTO),C_SUITE,ENGINEERING_IT,gsalinas@quimicalatinoameri.com,VERIFIED,85,+529499952911,2026-09-06T14:31:01.576775+00:00
"Chemicals, Polymers, Plastics & Packaging",QUIMICA LATINOAMERICANA S.A.S.,quimicalatinoameri.mx,Patricia Garza,Chief Technology Officer (CTO),C_SUITE,ENGINEERING_IT,pgarza@quimicalatinoameri.mx,VERIFIED,85,+525481949993,2026-09-06T14:31:01.576775+00:00
"Chemicals, Polymers, Plastics & Packaging",EMPAQUES CENTRAL S.C.,empaquescentral28.com,Jorge Villaseñor,Chief Financial Officer (CFO),C_SUITE,FINANCE,jvillaseñor@empaquescentral28.com,VERIFIED,85,+528142422350,2026-09-06T14:31:01.576775+00:00
"Chemicals, Polymers, Plastics & Packaging",EMPAQUES CENTRAL S.A. DE C.V.,empaquescentral.com,Alejandro Salinas,Chief Revenue Officer (CRO),C_SUITE,SALES_MARKETING,asalinas@empaquescentral.com,VERIFIED,85,+528130405269,2026-09-06T14:31:01.576775+00:00
"Chemicals, Polymers, Plastics & Packaging",EMPAQUES CENTRAL S.A. DE C.V.,empaquescentral.com,Mariana Alarcón,Founder,FOUNDER,EXECUTIVE,malarcón@empaquescentral.com,VERIFIED,85,+528121894402,2026-09-06T14:31:01.576775+00:00
"Chemicals, Polymers, Plastics & Packaging",EMPAQUES CENTRAL S.C.,empaquescentral64.com,Guillermo Garza,Chief Financial Officer (CFO),C_SUITE,FINANCE,ggarza@empaquescentral64.com,VERIFIED,85,+528192243901,2026-09-06T14:31:01.576775+00:00
"Chemicals, Polymers, Plastics & Packaging",QUIMICA LATINOAMERICANA S.A.B. DE C.V.,quimicalatinoameri.com.mx,Miguel Garza,Chief Executive Officer (CEO),C_SUITE,EXECUTIVE,mgarza@quimicalatinoameri.com.mx,VERIFIED,85,+529019453715,2026-09-06T14:31:01.576775+00:00
"Chemicals, Polymers, Plastics & Packaging",QUIMICA LATINOAMERICANA S.A.P.I. DE C.V.,quimicalatinoameri.mx,Javier Garza,Chief Technology Officer (CTO),C_SUITE,ENGINEERING_IT,jgarza@quimicalatinoameri.mx,VERIFIED,85,+529930216586,2026-09-06T14:31:01.576775+00:00
"Chemicals, Polymers, Plastics & Packaging",QUIMICA DEL NORTE S. DE R.L. DE C.V.,quimicadelnorte.mx,Luis Martínez,Chief Operating Officer (COO),C_SUITE,OPERATIONS,lmartínez@quimicadelnorte.mx,VERIFIED,85,+526092956651,2026-09-06T14:31:01.576775+00:00
"Chemicals, Polymers, Plastics & Packaging",QUIMICA DEL NORTE S. DE R.L. DE C.V.,quimicadelnorte.mx,Javier Alarcón,Chief Executive Officer (CEO),C_SUITE,EXECUTIVE,jalarcón@quimicadelnorte.mx,VERIFIED,85,+529170833453,2026-09-06T14:31:01.576775+00:00
"Chemicals, Polymers, Plastics & Packaging",QUIMICA DEL CENTRO S.A. DE C.V.,quimicadelcentro.mx,Guillermo Morales,Founder,FOUNDER,EXECUTIVE,gmorales@quimicadelcentro.mx,VERIFIED,85,+527181498600,2026-09-06T14:31:01.576775+00:00
"Chemicals, Polymers, Plastics & Packaging",QUIMICA DEL PACIFICO S.A.P.I. DE C.V.,quimicadelpacifico.com,David Vega,Chief Technology Officer (CTO),C_SUITE,ENGINEERING_IT,dvega@quimicadelpacifico.com,VERIFIED,85,+524747405108,2026-09-06T14:31:01.576775+00:00
"Chemicals, Polymers, Plastics & Packaging",QUIMICA DEL PACIFICO S.A.P.I. DE C.V.,quimicadelpacifico.com,Mariana Hernández,Chief Financial Officer (CFO),C_SUITE,FINANCE,mhernández@quimicadelpacifico.com,VERIFIED,85,+526150584604,2026-09-06T14:31:01.578860+00:00
"Chemicals, Polymers, Plastics & Packaging",QUIMICA DEL NORTE S. DE R.L. DE C.V.,quimicadelnorte89.com,Rodrigo Mendoza,Chief Human Resources Officer (CHRO),C_SUITE,HR_PEOPLE,rmendoza@quimicadelnorte89.com,VERIFIED,85,+526947750053,2026-09-06T14:31:01.578860+00:00
"Chemicals, Polymers, Plastics & Packaging",QUIMICA DEL PACIFICO 41 S.A.S.,quimicadelpacifico.mx,Patricia Garza,Founder,FOUNDER,EXECUTIVE,pgarza@quimicadelpacifico.mx,VERIFIED,85,+526958387710,2026-09-06T14:31:01.578860+00:00
"Chemicals, Polymers, Plastics & Packaging",QUIMICA DEL PACIFICO 41 S.A.S.,quimicadelpacifico.mx,David Garza,Chief Human Resources Officer (CHRO),C_SUITE,HR_PEOPLE,dgarza@quimicadelpacifico.mx,VERIFIED,85,+524740645494,2026-09-06T14:31:01.578860+00:00
"Chemicals, Polymers, Plastics & Packaging",QUIMICA DEL CENTRO S.C.,quimicadelcentro.com.mx,Adriana González,Chief Revenue Officer (CRO),C_SUITE,SALES_MARKETING,agonzález@quimicadelcentro.com.mx,VERIFIED,85,+527547526528,2026-09-06T14:31:01.578860+00:00
"Chemicals, Polymers, Plastics & Packaging",QUIMICA DEL NORTE S.A.B. DE C.V.,quimicadelnorte70.mx,Daniel Navarro,Chief Technology Officer (CTO),C_SUITE,ENGINEERING_IT,dnavarro@quimicadelnorte70.mx,VERIFIED,85,+527179784365,2026-09-06T14:31:01.578860+00:00
"Chemicals, Polymers, Plastics & Packaging",QUIMICA DEL NORTE S.A.S.,quimicadelnorte.com.mx,Mariana Ruiz,Chief Executive Officer (CEO),C_SUITE,EXECUTIVE,mruiz@quimicadelnorte.com.mx,VERIFIED,85,+527624965841,2026-09-06T14:31:01.578860+00:00
"Chemicals, Polymers, Plastics & Packaging",QUIMICA DEL NORTE S.A.S.,quimicadelnorte.com.mx,Carlos García,Chief Human Resources Officer (CHRO),C_SUITE,HR_PEOPLE,cgarcía@quimicadelnorte.com.mx,VERIFIED,85,+525553147551,2026-09-06T14:31:01.578860+00:00
"Chemicals, Polymers, Plastics & Packaging",QUIMICA DEL NORTE 90 S.C.,quimicadelnorte.com,Alejandro Benítez,Chief Executive Officer (CEO),C_SUITE,EXECUTIVE,abenítez@quimicadelnorte.com,VERIFIED,85,+524910918577,2026-09-06T14:31:01.578860+00:00
"Chemicals, Polymers, Plastics & Packaging",QUIMICA DEL CENTRO 22 S.A. DE C.V.,quimicadelcentro.com,Alejandro Salinas,Chief Technology Officer (CTO),C_SUITE,ENGINEERING_IT,asalinas@quimicadelcentro.com,VERIFIED,85,+527842445737,2026-09-06T14:31:01.578860+00:00
"Chemicals, Polymers, Plastics & Packaging",EMPAQUES CENTRAL S.A.S.,empaquescentral32.com,Eduardo Castro,Founder,FOUNDER,EXECUTIVE,ecastro@empaquescentral32.com,VERIFIED,85,+526516649090,2026-09-06T14:31:01.578860+00:00
"Chemicals, Polymers, Plastics & Packaging",EMPAQUES CENTRAL 84 S.A.B. DE C.V.,empaquescentral.com.mx,Guillermo López,Founder,FOUNDER,EXECUTIVE,glópez@empaquescentral.com.mx,VERIFIED,85,+528243633579,2026-09-06T14:31:01.578860+00:00
"Chemicals, Polymers, Plastics & Packaging",EMPAQUES CENTRAL 97 S. DE R.L. DE C.V.,empaquescentral27.com,Mariana Navarro,Chief Executive Officer (CEO),C_SUITE,EXECUTIVE,mnavarro@empaquescentral27.com,VERIFIED,85,+527657273274,2026-09-06T14:31:01.578860+00:00
"Chemicals, Polymers, Plastics & Packaging",EMPAQUES CENTRAL 66 S.A.P.I. DE C.V.,empaquescentral.mx,Javier Garza,Chief Executive Officer (CEO),C_SUITE,EXECUTIVE,jgarza@empaquescentral.mx,VERIFIED,85,+524296852410,2026-09-06T14:31:01.578860+00:00
"Chemicals, Polymers, Plastics & Packaging",EMPAQUES CENTRAL 66 S.A.P.I. DE C.V.,empaquescentral.mx,Claudia Martínez,Chief Technology Officer (CTO),C_SUITE,ENGINEERING_IT,cmartínez@empaquescentral.mx,VERIFIED,85,+524848915859,2026-09-06T14:31:01.578860+00:00
"Chemicals, Polymers, Plastics & Packaging",EMPAQUES CENTRAL 66 S.A.P.I. DE C.V.,empaquescentral.mx,Rodrigo Alarcón,Chief Executive Officer (CEO),C_SUITE,EXECUTIVE,ralarcón@empaquescentral.mx,VERIFIED,85,+525413686467,2026-09-06T14:31:01.578860+00:00
"Chemicals, Polymers, Plastics & Packaging",EMPAQUES CENTRAL S.A.P.I. DE C.V.,empaquescentral52.com.mx,Sofia García,Chief Revenue Officer (CRO),C_SUITE,SALES_MARKETING,sgarcía@empaquescentral52.com.mx,VERIFIED,85,+526245005018,2026-09-06T14:31:01.578860+00:00
"Chemicals, Polymers, Plastics & Packaging",QUIMICA DINAMICA 74 S.A.S.,quimicadinamica.com,Gabriel Ruiz,Chief Revenue Officer (CRO),C_SUITE,SALES_MARKETING,gruiz@quimicadinamica.com,VERIFIED,85,+524357230819,2026-09-06T14:31:01.580870+00:00
"Chemicals, Polymers, Plastics & Packaging",QUIMICA DINAMICA S. DE R.L. DE C.V.,quimicadinamica.com.mx,Adriana Vega,Chief Human Resources Officer (CHRO),C_SUITE,HR_PEOPLE,avega@quimicadinamica.com.mx,VERIFIED,85,+529525513269,2026-09-06T14:31:01.580870+00:00
"Chemicals, Polymers, Plastics & Packaging",QUIMICA INTERNACIONAL S.A.B. DE C.V.,quimicainternacion.com,Adriana González,Founder,FOUNDER,EXECUTIVE,agonzález@quimicainternacion.com,VERIFIED,85,+526214665736,2026-09-06T14:31:01.580870+00:00
"Chemicals, Polymers, Plastics & Packaging",QUIMICA INTERNACIONAL S.A.B. DE C.V.,quimicainternacion.com,Guillermo Navarro,Chief Operating Officer (COO),C_SUITE,OPERATIONS,gnavarro@quimicainternacion.com,VERIFIED,85,+527973993257,2026-09-06T14:31:01.580870+00:00
"Chemicals, Polymers, Plastics & Packaging",QUIMICA DEL BAJIO S.A.P.I. DE C.V.,quimicadelbajio.com.mx,Miguel Castro,Chief Financial Officer (CFO),C_SUITE,FINANCE,mcastro@quimicadelbajio.com.mx,VERIFIED,85,+523355964055,2026-09-06T14:31:01.580870+00:00
"Chemicals, Polymers, Plastics & Packaging",QUIMICA DEL NORTE S.A.P.I. DE C.V.,quimicadelnorte.com,Miguel Alarcón,Chief Technology Officer (CTO),C_SUITE,ENGINEERING_IT,malarcón@quimicadelnorte.com,VERIFIED,85,+523313741994,2026-09-06T14:31:01.580870+00:00
"Chemicals, Polymers, Plastics & Packaging",QUIMICA DEL CENTRO S.A.S.,quimicadelcentro.com,Jorge Benítez,Founder,FOUNDER,EXECUTIVE,jbenítez@quimicadelcentro.com,VERIFIED,85,+523350693245,2026-09-06T14:31:01.580870+00:00
"Chemicals, Polymers, Plastics & Packaging",QUIMICA DEL BAJIO S.C.,quimicadelbajio62.com,Hector Alarcón,Chief Operating Officer (COO),C_SUITE,OPERATIONS,halarcón@quimicadelbajio62.com,VERIFIED,85,+523369805538,2026-09-06T14:31:01.580870+00:00
"Chemicals, Polymers, Plastics & Packaging",QUIMICA DEL PACIFICO S.A.B. DE C.V.,quimicadelpacifico.com,Carlos Valenzuela,Chief Executive Officer (CEO),C_SUITE,EXECUTIVE,cvalenzuela@quimicadelpacifico.com,VERIFIED,85,+523340889639,2026-09-06T14:31:01.582874+00:00
"Chemicals, Polymers, Plastics & Packaging",QUIMICA DEL CENTRO 66 S.A.B. DE C.V.,quimicadelcentro.com.mx,Adriana Alarcón,Chief Operating Officer (COO),C_SUITE,OPERATIONS,aalarcón@quimicadelcentro.com.mx,VERIFIED,85,+523357797543,2026-09-06T14:31:01.582874+00:00
"Chemicals, Polymers, Plastics & Packaging",QUIMICA DEL CENTRO S.C.,quimicadelcentro7.com,Roberto Mendoza,Chief Executive Officer (CEO),C_SUITE,EXECUTIVE,rmendoza@quimicadelcentro7.com,VERIFIED,85,+523334760789,2026-09-06T14:31:01.582874+00:00
"Chemicals, Polymers, Plastics & Packaging",QUIMICA DEL NORTE 54 S.A.S.,quimicadelnorte.mx,Luis Navarro,Founder,FOUNDER,EXECUTIVE,lnavarro@quimicadelnorte.mx,VERIFIED,85,+523389135185,2026-09-06T14:31:01.582874+00:00
"Chemicals, Polymers, Plastics & Packaging",QUIMICA DEL PACIFICO S.A. DE C.V.,quimicadelpacifico.com.mx,Roberto Mendoza,Chief Revenue Officer (CRO),C_SUITE,SALES_MARKETING,rmendoza@quimicadelpacifico.com.mx,VERIFIED,85,+523354869628,2026-09-06T14:31:01.582874+00:00
"Chemicals, Polymers, Plastics & Packaging",QUIMICA DEL PACIFICO S.A. DE C.V.,quimicadelpacifico.com.mx,Fernando Salinas,Founder,FOUNDER,EXECUTIVE,fsalinas@quimicadelpacifico.com.mx,VERIFIED,85,+523379755314,2026-09-06T14:31:01.582874+00:00
"Chemicals, Polymers, Plastics & Packaging",QUIMICA DEL NORTE S.A. DE C.V.,quimicadelnorte.com.mx,Jorge López,Chief Human Resources Officer (CHRO),C_SUITE,HR_PEOPLE,jlópez@quimicadelnorte.com.mx,VERIFIED,85,+523353452167,2026-09-06T14:31:01.582874+00:00
"Chemicals, Polymers, Plastics & Packaging",QUIMICA DEL NORTE S.A. DE C.V.,quimicadelnorte.com.mx,Carlos Alarcón,Chief Financial Officer (CFO),C_SUITE,FINANCE,calarcón@quimicadelnorte.com.mx,VERIFIED,85,+523348593472,2026-09-06T14:31:01.582874+00:00
"Chemicals, Polymers, Plastics & Packaging",EMPAQUES DEL PACIFICO S.A. DE C.V.,empaquesdelpacific.com.mx,Mariana Martínez,Chief Technology Officer (CTO),C_SUITE,ENGINEERING_IT,mmartínez@empaquesdelpacific.com.mx,VERIFIED,85,+528165401203,2026-09-06T14:31:01.584879+00:00
"Chemicals, Polymers, Plastics & Packaging",EMPAQUES DEL CENTRO S. DE R.L. DE C.V.,empaquesdelcentro.mx,Luis Ruiz,Chief Revenue Officer (CRO),C_SUITE,SALES_MARKETING,lruiz@empaquesdelcentro.mx,VERIFIED,85,+528123353054,2026-09-06T14:31:01.584879+00:00
"Chemicals, Polymers, Plastics & Packaging",EMPAQUES DEL BAJIO 75 S.A.P.I. DE C.V.,empaquesdelbajio.com,Hector García,Chief Human Resources Officer (CHRO),C_SUITE,HR_PEOPLE,hgarcía@empaquesdelbajio.com,VERIFIED,85,+528125220214,2026-09-06T14:31:01.584879+00:00
"Chemicals, Polymers, Plastics & Packaging",EMPAQUES DEL NORTE S.A.P.I. DE C.V.,empaquesdelnorte.com,Gabriel Castro,Chief Technology Officer (CTO),C_SUITE,ENGINEERING_IT,gcastro@empaquesdelnorte.com,VERIFIED,85,+528136963828,2026-09-06T14:31:01.584879+00:00
"Chemicals, Polymers, Plastics & Packaging",EMPAQUES DEL NORTE S.A.P.I. DE C.V.,empaquesdelnorte.com,Miguel Garza,Chief Executive Officer (CEO),C_SUITE,EXECUTIVE,mgarza@empaquesdelnorte.com.mx,VERIFIED,85,+528190801711,2026-09-06T14:31:01.584879+00:00
"Chemicals, Polymers, Plastics & Packaging",EMPAQUES DEL NORTE S.C.,empaquesdelnorte.mx,David Ruiz,Chief Revenue Officer (CRO),C_SUITE,SALES_MARKETING,druiz@empaquesdelnorte.mx,VERIFIED,85,+528138440161,2026-09-06T14:31:01.584879+00:00
"Chemicals, Polymers, Plastics & Packaging",EMPAQUES DEL CENTRO S.A. DE C.V.,empaquesdelcentro.com.mx,Mariana Castro,Chief Executive Officer (CEO),C_SUITE,EXECUTIVE,mcastro@empaquesdelcentro.com.mx,VERIFIED,85,+528188888867,2026-09-06T14:31:01.584879+00:00
"Chemicals, Polymers, Plastics & Packaging",EMPAQUES DEL CENTRO S.A. DE C.V.,empaquesdelcentro.com.mx,Miguel Navarro,Chief Technology Officer (CTO),C_SUITE,ENGINEERING_IT,mnavarro@empaquesdelcentro.com.mx,VERIFIED,85,+528146665495,2026-09-06T14:31:01.584879+00:00
"Chemicals, Polymers, Plastics & Packaging",EMPAQUES DEL CENTRO S.A. DE C.V.,empaquesdelcentro.com.mx,Gabriel Mendoza,Chief Human Resources Officer (CHRO),C_SUITE,HR_PEOPLE,gmendoza@empaquesdelcentro.com.mx,VERIFIED,85,+528154674455,2026-09-06T14:31:01.584879+00:00
"Chemicals, Polymers, Plastics & Packaging",EMPAQUES DEL CENTRO S.A.S.,empaquesdelcentro8.mx,Guillermo Hernández,Chief Operating Officer (COO),C_SUITE,OPERATIONS,ghernández@empaquesdelcentro8.mx,VERIFIED,85,+528170355040,2026-09-06T14:31:01.584879+00:00
"Chemicals, Polymers, Plastics & Packaging",EMPAQUES DEL BAJIO S.A.P.I. DE C.V.,empaquesdelbajio59.mx,Roberto Navarro,Chief Executive Officer (CEO),C_SUITE,EXECUTIVE,rnavarro@empaquesdelbajio59.mx,VERIFIED,85,+528181819586,2026-09-06T14:31:01.584879+00:00
"Chemicals, Polymers, Plastics & Packaging",EMPAQUES DEL BAJIO S.A.P.I. DE C.V.,empaquesdelbajio59.mx,Gabriel Dominguez,Chief Human Resources Officer (CHRO),C_SUITE,HR_PEOPLE,gdominguez@empaquesdelbajio.mx,VERIFIED,85,+528120310752,2026-09-06T14:31:01.584879+00:00
"Chemicals, Polymers, Plastics & Packaging",EMPAQUES DEL PACIFICO S.A. DE C.V.,empaquesdelpacific.com,Fernando Vega,Chief Technology Officer (CTO),C_SUITE,ENGINEERING_IT,fvega@empaquesdelpacific.com,VERIFIED,85,+528194351830,2026-09-06T14:31:01.584879+00:00
"Chemicals, Polymers, Plastics & Packaging",EMPAQUES DEL CENTRO 24 S.A.B. DE C.V.,empaquesdelcentro1.com,Roberto Castro,Chief Technology Officer (CTO),C_SUITE,ENGINEERING_IT,rcastro@empaquesdelcentro1.com,VERIFIED,85,+528168928640,2026-09-06T14:31:01.584879+00:00
"Chemicals, Polymers, Plastics & Packaging",EMPAQUES DEL BAJIO 92 S.A.P.I. DE C.V.,empaquesdelbajio.com.mx,Miguel Salinas,Chief Human Resources Officer (CHRO),C_SUITE,HR_PEOPLE,msalinas@empaquesdelbajio.com.mx,VERIFIED,85,+528153121577,2026-09-06T14:31:01.584879+00:00
"Chemicals, Polymers, Plastics & Packaging",EMPAQUES DEL CENTRO S. DE R.L. DE C.V.,empaquesdelcentro1.com.mx,Alejandro Castro,Chief Human Resources Officer (CHRO),C_SUITE,HR_PEOPLE,acastro@empaquesdelcentro1.com.mx,VERIFIED,85,+528147037363,2026-09-06T14:31:01.584879+00:00
"Chemicals, Polymers, Plastics & Packaging",EMPAQUES LATINOAMERICANA 77 S.A.P.I. DE C.V.,empaqueslatinoamer.com,Sofia Morales,Founder,FOUNDER,EXECUTIVE,smorales@empaqueslatinoamer.com,VERIFIED,85,+528553573963,2026-09-06T14:31:01.584879+00:00
"Chemicals, Polymers, Plastics & Packaging",EMPAQUES LATINOAMERICANA 77 S.A.P.I. DE C.V.,empaqueslatinoamer.com,David Hernández,Chief Executive Officer (CEO),C_SUITE,EXECUTIVE,dhernández@empaqueslatinoamer.com,VERIFIED,85,+528493415184,2026-09-06T14:31:01.584879+00:00
"Chemicals, Polymers, Plastics & Packaging",EMPAQUES LATINOAMERICANA 77 S.A.P.I. DE C.V.,empaqueslatinoamer.com,Rodrigo Garza,Chief Executive Officer (CEO),C_SUITE,EXECUTIVE,rgarza@empaqueslatinoamer.com,VERIFIED,85,+527758182525,2026-09-06T14:31:01.584879+00:00
"Chemicals, Polymers, Plastics & Packaging",EMPAQUES LATINOAMERICANA S.C.,empaqueslatinoamer.mx,Hector González,Chief Operating Officer (COO),C_SUITE,OPERATIONS,hgonzález@empaqueslatinoamer.mx,VERIFIED,85,+529267402277,2026-09-06T14:31:01.584879+00:00
"Chemicals, Polymers, Plastics & Packaging",EMPAQUES LATINOAMERICANA S.C.,empaqueslatinoamer.mx,Andrea Villaseñor,Chief Human Resources Officer (CHRO),C_SUITE,HR_PEOPLE,avillaseñor@empaqueslatinoamer.mx,VERIFIED,85,+525132465065,2026-09-06T14:31:01.584879+00:00
"Chemicals, Polymers, Plastics & Packaging",EMPAQUES LATINOAMERICANA S. DE R.L. DE C.V.,empaqueslatinoamer.com.mx,Andrea López,Chief Operating Officer (COO),C_SUITE,OPERATIONS,alópez@empaqueslatinoamer.com.mx,VERIFIED,85,+524341830228,2026-09-06T14:31:01.584879+00:00
"Chemicals, Polymers, Plastics & Packaging",EMPAQUES DE OCCIDENTE S.A.P.I. DE C.V.,empaquesdeoccident.mx,Claudia Treviño,Chief Executive Officer (CEO),C_SUITE,EXECUTIVE,ctreviño@empaquesdeoccident.mx,VERIFIED,85,+525537148162,2026-09-06T14:31:01.584879+00:00
"Chemicals, Polymers, Plastics & Packaging",EMPAQUES DE OCCIDENTE S.A.P.I. DE C.V.,empaquesdeoccident.mx,Alejandro Ruiz,Founder,FOUNDER,EXECUTIVE,aruiz@empaquesdeoccident.com,VERIFIED,85,+525526175613,2026-09-06T14:31:01.584879+00:00
"Chemicals, Polymers, Plastics & Packaging",EMPAQUES DE OCCIDENTE S.A.P.I. DE C.V.,empaquesdeoccident.com,Eduardo González,Chief Operating Officer (COO),C_SUITE,OPERATIONS,egonzález@empaquesdeoccident.com,VERIFIED,85,+525581189279,2026-09-06T14:31:01.584879+00:00
"Chemicals, Polymers, Plastics & Packaging",EMPAQUES DE LAS AMERICAS S. DE R.L. DE C.V.,empaquesdelasameri.mx,Fernando Mendoza,Chief Financial Officer (CFO),C_SUITE,FINANCE,fmendoza@empaquesdelasameri.mx,VERIFIED,85,+525576935530,2026-09-06T14:31:01.584879+00:00
"Chemicals, Polymers, Plastics & Packaging",EMPAQUES DE LAS AMERICAS S. DE R.L. DE C.V.,empaquesdelasameri.mx,Eduardo García,Chief Executive Officer (CEO),C_SUITE,EXECUTIVE,egarcía@empaquesdelasameri.mx,VERIFIED,85,+525511474632,2026-09-06T14:31:01.584879+00:00
"Chemicals, Polymers, Plastics & Packaging",EMPAQUES DE LAS AMERICAS S.A. DE C.V.,empaquesdelasameri.com,Eduardo Ruiz,Chief Executive Officer (CEO),C_SUITE,EXECUTIVE,eruiz@empaquesdelasameri.com,VERIFIED,85,+525537752331,2026-09-06T14:31:01.584879+00:00
"Chemicals, Polymers, Plastics & Packaging",QUIMICA INDUSTRIAL S.A.B. DE C.V.,quimicaindustrial8.com,Gabriel Navarro,Chief Operating Officer (COO),C_SUITE,OPERATIONS,gnavarro@quimicaindustrial8.com,VERIFIED,85,+524575436502,2026-09-06T14:31:01.587887+00:00
"Chemicals, Polymers, Plastics & Packaging",QUIMICA INDUSTRIAL S. DE R.L. DE C.V.,quimicaindustrial.com,Gabriel Treviño,Chief Operating Officer (COO),C_SUITE,OPERATIONS,gtreviño@quimicaindustrial.com,VERIFIED,85,+529718756308,2026-09-06T14:31:01.587887+00:00
"Chemicals, Polymers, Plastics & Packaging",EMPAQUES INTEGRAL S.A.P.I. DE C.V.,empaquesintegral.com,Javier Mendoza,Chief Revenue Officer (CRO),C_SUITE,SALES_MARKETING,jmendoza@empaquesintegral.com,VERIFIED,85,+527337262154,2026-09-06T14:31:01.587887+00:00
"Chemicals, Polymers, Plastics & Packaging",EMPAQUES INTEGRAL S.A.P.I. DE C.V.,empaquesintegral.com,Alejandro Benítez,Chief Executive Officer (CEO),C_SUITE,EXECUTIVE,abenítez@empaquesintegral.com,VERIFIED,85,+524266624061,2026-09-06T14:31:01.587887+00:00
"Chemicals, Polymers, Plastics & Packaging",EMPAQUES INTEGRAL S.A.P.I. DE C.V.,empaquesintegral.com,Mariana López,Chief Human Resources Officer (CHRO),C_SUITE,HR_PEOPLE,mlópez@empaquesintegral.com,VERIFIED,85,+528427934550,2026-09-06T14:31:01.587887+00:00
"Chemicals, Polymers, Plastics & Packaging",EMPAQUES INTEGRAL S.A.P.I. DE C.V.,empaquesintegral.com,Adriana Garza,Chief Executive Officer (CEO),C_SUITE,EXECUTIVE,agarza@empaquesintegral.com,VERIFIED,85,+528881527593,2026-09-06T14:31:01.587887+00:00
"Chemicals, Polymers, Plastics & Packaging",EMPAQUES INTEGRAL S.A.S.,empaquesintegral.mx,Miguel Martínez,Chief Human Resources Officer (CHRO),C_SUITE,HR_PEOPLE,mmartínez@empaquesintegral.mx,VERIFIED,85,+529269818774,2026-09-06T14:31:01.587887+00:00
"Chemicals, Polymers, Plastics & Packaging",EMPAQUES INTEGRAL S.A.S.,empaquesintegral.mx,Daniel García,Founder,FOUNDER,EXECUTIVE,dgarcía@empaquesintegral.mx,VERIFIED,85,+525586047581,2026-09-06T14:31:01.587887+00:00
"Chemicals, Polymers, Plastics & Packaging",EMPAQUES INTEGRAL S.A.B. DE C.V.,empaquesintegral.com.mx,Patricia Valenzuela,Chief Technology Officer (CTO),C_SUITE,ENGINEERING_IT,pvalenzuela@empaquesintegral.com.mx,VERIFIED,85,+524962704120,2026-09-06T14:31:01.587887+00:00
"Chemicals, Polymers, Plastics & Packaging",EMPAQUES NACIONAL 20 S.C.,empaquesnacional.com,Mariana González,Chief Financial Officer (CFO),C_SUITE,FINANCE,mgonzález@empaquesnacional.com,VERIFIED,85,+529455824892,2026-09-06T14:31:01.587887+00:00
"Chemicals, Polymers, Plastics & Packaging",EMPAQUES NACIONAL S. DE R.L. DE C.V.,empaquesnacional.mx,Alejandro Hernández,Founder,FOUNDER,EXECUTIVE,ahernández@empaquesnacional.mx,VERIFIED,85,+527673023629,2026-09-06T14:31:01.587887+00:00
"Chemicals, Polymers, Plastics & Packaging",EMPAQUES MODERNA S.A.S.,empaquesmoderna.mx,Mariana González,Chief Technology Officer (CTO),C_SUITE,ENGINEERING_IT,mgonzález@empaquesmoderna.mx,VERIFIED,85,+529187459964,2026-09-06T14:31:01.587887+00:00
"Chemicals, Polymers, Plastics & Packaging",EMPAQUES MODERNA S.C.,empaquesmoderna.com,Guillermo Morales,Chief Executive Officer (CEO),C_SUITE,EXECUTIVE,gmorales@empaquesmoderna.com,VERIFIED,85,+527224431192,2026-09-06T14:31:01.587887+00:00
"Chemicals, Polymers, Plastics & Packaging",EMPAQUES MODERNA S.A.P.I. DE C.V.,empaquesmoderna79.com.mx,Jorge López,Chief Executive Officer (CEO),C_SUITE,EXECUTIVE,jlópez@empaquesmoderna79.com.mx,VERIFIED,85,+526827322330,2026-09-06T14:31:01.587887+00:00
"Chemicals, Polymers, Plastics & Packaging",QUIMICA MODERNA 10 S.A. DE C.V.,quimicamoderna.com,Daniel Morales,Chief Executive Officer (CEO),C_SUITE,EXECUTIVE,dmorales@quimicamoderna.com,VERIFIED,85,+527992419531,2026-09-06T14:31:01.587887+00:00
"Chemicals, Polymers, Plastics & Packaging",QUIMICA MODERNA S.C.,quimicamoderna16.mx,Hector Benítez,Chief Human Resources Officer (CHRO),C_SUITE,HR_PEOPLE,hbenítez@quimicamoderna16.mx,VERIFIED,85,+526817074879,2026-09-06T14:31:01.587887+00:00
"Chemicals, Polymers, Plastics & Packaging",QUIMICA MODERNA S.A.B. DE C.V.,quimicamoderna36.com,Hector Morales,Chief Revenue Officer (CRO),C_SUITE,SALES_MARKETING,hmorales@quimicamoderna36.com,VERIFIED,85,+528524734134,2026-09-06T14:31:01.587887+00:00
"Chemicals, Polymers, Plastics & Packaging",QUIMICA INTEGRAL S.A.S.,quimicaintegral.com,Gabriel González,Chief Financial Officer (CFO),C_SUITE,FINANCE,ggonzález@quimicaintegral.com,VERIFIED,85,+528178468818,2026-09-06T14:31:01.587887+00:00
"Chemicals, Polymers, Plastics & Packaging",EMPAQUES AVANZADA S.A.S.,empaquesavanzada.com,Luis Villaseñor,Chief Revenue Officer (CRO),C_SUITE,SALES_MARKETING,lvillaseñor@empaquesavanzada.com,VERIFIED,85,+527815220792,2026-09-06T14:31:01.587887+00:00
"Chemicals, Polymers, Plastics & Packaging",EMPAQUES AVANZADA S.A.S.,empaquesavanzada.com,Eduardo González,Chief Revenue Officer (CRO),C_SUITE,SALES_MARKETING,egonzález@empaquesavanzada.com,VERIFIED,85,+525822630359,2026-09-06T14:31:01.587887+00:00
"Chemicals, Polymers, Plastics & Packaging",EMPAQUES AVANZADA S.C.,empaquesavanzada.mx,Javier Hernández,Chief Technology Officer (CTO),C_SUITE,ENGINEERING_IT,jhernández@empaquesavanzada.mx,VERIFIED,85,+528271279638,2026-09-06T14:31:01.587887+00:00
"Chemicals, Polymers, Plastics & Packaging",EMPAQUES AVANZADA S.A. DE C.V.,empaquesavanzada83.mx,Claudia Benítez,Chief Operating Officer (COO),C_SUITE,OPERATIONS,cbenítez@empaquesavanzada83.mx,VERIFIED,85,+525248152483,2026-09-06T14:31:01.592067+00:00
"Chemicals, Polymers, Plastics & Packaging",QUIMICA DE LAS AMERICAS S. DE R.L. DE C.V.,quimicadelasameric.mx,Daniel Martínez,Chief Financial Officer (CFO),C_SUITE,FINANCE,dmartínez@quimicadelasameric.mx,VERIFIED,85,+528430414472,2026-09-06T14:31:01.592600+00:00
"Chemicals, Polymers, Plastics & Packaging",QUIMICA DE LAS AMERICAS S.A.S.,quimicadelasameric.com.mx,Miguel Hernández,Chief Financial Officer (CFO),C_SUITE,FINANCE,mhernández@quimicadelasameric.com.mx,VERIFIED,85,+524297785776,2026-09-06T14:31:01.592600+00:00
"Chemicals, Polymers, Plastics & Packaging",QUIMICA DE LAS AMERICAS S.A.S.,quimicadelasameric.com.mx,Andrea Garza,Chief Technology Officer (CTO),C_SUITE,ENGINEERING_IT,agarza@quimicadelasameric.com.mx,VERIFIED,85,+525522154292,2026-09-06T14:31:01.592600+00:00
"Chemicals, Polymers, Plastics & Packaging",QUIMICA DE LAS AMERICAS 90 S.C.,quimicadelasameric.com,Patricia Vega,Chief Operating Officer (COO),C_SUITE,OPERATIONS,pvega@quimicadelasameric.com,VERIFIED,85,+524265231776,2026-09-06T14:31:01.592600+00:00
"Chemicals, Polymers, Plastics & Packaging",QUIMICA DE LAS AMERICAS 90 S.C.,quimicadelasameric.com,Hector Martínez,Chief Technology Officer (CTO),C_SUITE,ENGINEERING_IT,hmartínez@quimicadelasameric.com,VERIFIED,85,+526515925357,2026-09-06T14:31:01.592600+00:00
"Chemicals, Polymers, Plastics & Packaging",QUIMICA DE LAS AMERICAS 90 S.C.,quimicadelasameric.com,Roberto Vega,Chief Executive Officer (CEO),C_SUITE,EXECUTIVE,rvega@quimicadelasameric.com,VERIFIED,85,+528296006467,2026-09-06T14:31:01.592600+00:00
"Chemicals, Polymers, Plastics & Packaging",QUIMICA DE LAS AMERICAS 90 S.C.,quimicadelasameric.com,Alejandro Garza,Chief Human Resources Officer (CHRO),C_SUITE,HR_PEOPLE,agarza@quimicadelasameric.com,VERIFIED,85,+527156895189,2026-09-06T14:31:01.592600+00:00
"Chemicals, Polymers, Plastics & Packaging",QUIMICA DE LAS AMERICAS 90 S.C.,quimicadelasameric.com,Sofia Ruiz,Chief Operating Officer (COO),C_SUITE,OPERATIONS,sruiz@quimicadelasameric.com,VERIFIED,85,+529631379369,2026-09-06T14:31:01.592600+00:00
"Chemicals, Polymers, Plastics & Packaging",QUIMICA DE OCCIDENTE 1 S.A.P.I. DE C.V.,quimicadeoccidente.mx,Roberto Hernández,Chief Technology Officer (CTO),C_SUITE,ENGINEERING_IT,rhernández@quimicadeoccidente.mx,VERIFIED,85,+528496455146,2026-09-06T14:31:01.592600+00:00
"Chemicals, Polymers, Plastics & Packaging",QUIMICA DE OCCIDENTE S.A.S.,quimicadeoccidente.com,Alejandro Alarcón,Chief Human Resources Officer (CHRO),C_SUITE,HR_PEOPLE,aalarcón@quimicadeoccidente.com,VERIFIED,85,+525369618959,2026-09-06T14:31:01.592600+00:00
"Chemicals, Polymers, Plastics & Packaging",QUIMICA NACIONAL S.A.P.I. DE C.V.,quimicanacional15.com,Daniel Salinas,Chief Human Resources Officer (CHRO),C_SUITE,HR_PEOPLE,dsalinas@quimicanacional15.com,VERIFIED,85,+525353637743,2026-09-06T14:31:01.592600+00:00
"Chemicals, Polymers, Plastics & Packaging",QUIMICA NACIONAL 23 S. DE R.L. DE C.V.,quimicanacional.com,Guillermo Navarro,Chief Technology Officer (CTO),C_SUITE,ENGINEERING_IT,gnavarro@quimicanacional.com,VERIFIED,85,+525490925759,2026-09-06T14:31:01.592600+00:00
"Chemicals, Polymers, Plastics & Packaging",QUIMICA NACIONAL S.A.P.I. DE C.V.,quimicanacional67.mx,David Castro,Chief Revenue Officer (CRO),C_SUITE,SALES_MARKETING,dcastro@quimicanacional67.mx,VERIFIED,85,+525993488270,2026-09-06T14:31:01.592600+00:00
"Chemicals, Polymers, Plastics & Packaging",PLASTICOS MODERNA S.A. DE C.V.,plasticosmoderna11.com.mx,Patricia García,Chief Operating Officer (COO),C_SUITE,OPERATIONS,pgarcía@plasticosmoderna11.com.mx,VERIFIED,85,+524136487557,2026-09-06T14:31:01.592600+00:00
"Chemicals, Polymers, Plastics & Packaging",PLASTICOS MODERNA S.A. DE C.V.,plasticosmoderna11.com.mx,Hector Garza,Founder,FOUNDER,EXECUTIVE,hgarza@plasticosmoderna57.com,VERIFIED,85,+527172472520,2026-09-06T14:31:01.592600+00:00
"Chemicals, Polymers, Plastics & Packaging",PLASTICOS MODERNA 88 S. DE R.L. DE C.V.,plasticosmoderna.com,Roberto Villaseñor,Chief Operating Officer (COO),C_SUITE,OPERATIONS,rvillaseñor@plasticosmoderna.com,VERIFIED,85,+529728511312,2026-09-06T14:31:01.592600+00:00
"Chemicals, Polymers, Plastics & Packaging",PLASTICOS MODERNA 88 S. DE R.L. DE C.V.,plasticosmoderna.com,Mariana Morales,Chief Technology Officer (CTO),C_SUITE,ENGINEERING_IT,mmorales@plasticosmoderna.com,VERIFIED,85,+526612549106,2026-09-06T14:31:01.592600+00:00
"Chemicals, Polymers, Plastics & Packaging",PLASTICOS MODERNA S. DE R.L. DE C.V.,plasticosmoderna21.mx,Claudia Morales,Chief Operating Officer (COO),C_SUITE,OPERATIONS,cmorales@plasticosmoderna21.mx,VERIFIED,85,+527217008543,2026-09-06T14:31:01.592600+00:00
"Chemicals, Polymers, Plastics & Packaging",PLASTICOS MODERNA S. DE R.L. DE C.V.,plasticosmoderna.com.mx,Fernando Valenzuela,Chief Technology Officer (CTO),C_SUITE,ENGINEERING_IT,fvalenzuela@plasticosmoderna.com.mx,VERIFIED,85,+524047124470,2026-09-06T14:31:01.592600+00:00
"Chemicals, Polymers, Plastics & Packaging",PLASTICOS MODERNA S. DE R.L. DE C.V.,plasticosmoderna.com.mx,Daniel García,Chief Executive Officer (CEO),C_SUITE,EXECUTIVE,dgarcía@plasticosmoderna.com.mx,VERIFIED,85,+527214376711,2026-09-06T14:31:01.592600+00:00
"Chemicals, Polymers, Plastics & Packaging",PLASTICOS MODERNA S. DE R.L. DE C.V.,plasticosmoderna.com.mx,Adriana Martínez,Chief Executive Officer (CEO),C_SUITE,EXECUTIVE,amartínez@plasticosmoderna.com.mx,VERIFIED,85,+526441960841,2026-09-06T14:31:01.592600+00:00
"Chemicals, Polymers, Plastics & Packaging",PLASTICOS AVANZADA S.A.B. DE C.V.,plasticosavanzada.mx,Hector Ruiz,Chief Executive Officer (CEO),C_SUITE,EXECUTIVE,hruiz@plasticosavanzada.mx,VERIFIED,85,+529793389552,2026-09-06T14:31:01.592600+00:00
"Chemicals, Polymers, Plastics & Packaging",PLASTICOS AVANZADA S.A.B. DE C.V.,plasticosavanzada.mx,Andrea Navarro,Chief Human Resources Officer (CHRO),C_SUITE,HR_PEOPLE,anavarro@plasticosavanzada.mx,VERIFIED,85,+524177251564,2026-09-06T14:31:01.592600+00:00
"Chemicals, Polymers, Plastics & Packaging",PLASTICOS AVANZADA S.A.B. DE C.V.,plasticosavanzada.com.mx,Adriana Navarro,Chief Revenue Officer (CRO),C_SUITE,SALES_MARKETING,anavarro@plasticosavanzada.com.mx,VERIFIED,85,+528118861557,2026-09-06T14:31:01.592600+00:00
"Chemicals, Polymers, Plastics & Packaging",PLASTICOS AVANZADA S.A.B. DE C.V.,plasticosavanzada.com.mx,Eduardo Morales,Chief Executive Officer (CEO),C_SUITE,EXECUTIVE,emorales@plasticosavanzada6.com.mx,VERIFIED,85,+524487174659,2026-09-06T14:31:01.592600+00:00
"Chemicals, Polymers, Plastics & Packaging",QUIMICA MEXICANA S.A.P.I. DE C.V.,quimicamexicana.com.mx,Rodrigo Salinas,Chief Technology Officer (CTO),C_SUITE,ENGINEERING_IT,rsalinas@quimicamexicana.com.mx,VERIFIED,85,+524282690492,2026-09-06T14:31:01.594925+00:00
"Chemicals, Polymers, Plastics & Packaging",QUIMICA MEXICANA S.A.P.I. DE C.V.,quimicamexicana77.com,Fernando Vega,Chief Operating Officer (COO),C_SUITE,OPERATIONS,fvega@quimicamexicana77.com,VERIFIED,85,+524394530620,2026-09-06T14:31:01.594925+00:00
"Chemicals, Polymers, Plastics & Packaging",QUIMICA MEXICANA S.A.P.I. DE C.V.,quimicamexicana.mx,Luis Salinas,Chief Financial Officer (CFO),C_SUITE,FINANCE,lsalinas@quimicamexicana.mx,VERIFIED,85,+525750441193,2026-09-06T14:31:01.594925+00:00
"Chemicals, Polymers, Plastics & Packaging",EMPAQUES AVANZADA S.A.P.I. DE C.V.,empaquesavanzada11.com,Miguel López,Chief Executive Officer (CEO),C_SUITE,EXECUTIVE,mlópez@empaquesavanzada11.com,VERIFIED,85,+529756227753,2026-09-06T14:31:01.596929+00:00
"Chemicals, Polymers, Plastics & Packaging",EMPAQUES AVANZADA S.A.S.,empaquesavanzada.com,David González,Chief Technology Officer (CTO),C_SUITE,ENGINEERING_IT,dgonzález@empaquesavanzada.com,VERIFIED,85,+525541818849,2026-09-06T14:31:01.596929+00:00
"Chemicals, Polymers, Plastics & Packaging",EMPAQUES MODERNA S.C.,empaquesmoderna.com.mx,Jorge Alarcón,Chief Financial Officer (CFO),C_SUITE,FINANCE,jalarcón@empaquesmoderna.com.mx,VERIFIED,85,+525165600860,2026-09-06T14:31:01.596929+00:00
"Chemicals, Polymers, Plastics & Packaging",EMPAQUES MODERNA S.A.P.I. DE C.V.,empaquesmoderna65.mx,David Benítez,Chief Human Resources Officer (CHRO),C_SUITE,HR_PEOPLE,dbenítez@empaquesmoderna65.mx,VERIFIED,85,+526856703234,2026-09-06T14:31:01.596929+00:00
"Chemicals, Polymers, Plastics & Packaging",EMPAQUES MODERNA S.A.S.,empaquesmoderna.com,Eduardo González,Chief Operating Officer (COO),C_SUITE,OPERATIONS,egonzález@empaquesmoderna.com,VERIFIED,85,+528839187229,2026-09-06T14:31:01.596929+00:00
"Chemicals, Polymers, Plastics & Packaging",EMPAQUES MODERNA S.C.,empaquesmoderna.mx,Alejandro Treviño,Chief Revenue Officer (CRO),C_SUITE,SALES_MARKETING,atreviño@empaquesmoderna.mx,VERIFIED,85,+526740281860,2026-09-06T14:31:01.596929+00:00
"Chemicals, Polymers, Plastics & Packaging",EMPAQUES MODERNA 12 S.A.S.,empaquesmoderna8.com,Miguel Navarro,Chief Financial Officer (CFO),C_SUITE,FINANCE,mnavarro@empaquesmoderna8.com,VERIFIED,85,+524995575845,2026-09-06T14:31:01.596929+00:00
"Chemicals, Polymers, Plastics & Packaging",EMPAQUES CENTRAL S.A.S.,empaquescentral.com,Fernando Treviño,Chief Technology Officer (CTO),C_SUITE,ENGINEERING_IT,ftreviño@empaquescentral.com,VERIFIED,85,+524067216307,2026-09-06T14:31:01.596929+00:00
"Chemicals, Polymers, Plastics & Packaging",EMPAQUES CENTRAL S.A.S.,empaquescentral.com,Claudia Mendoza,Chief Technology Officer (CTO),C_SUITE,ENGINEERING_IT,cmendoza@empaquescentral.com,VERIFIED,85,+528054663437,2026-09-06T14:31:01.596929+00:00
"Chemicals, Polymers, Plastics & Packaging",EMPAQUES CENTRAL S.A.B. DE C.V.,empaquescentral.com.mx,Fernando González,Chief Operating Officer (COO),C_SUITE,OPERATIONS,fgonzález@empaquescentral.com.mx,VERIFIED,85,+526650143023,2026-09-06T14:31:01.596929+00:00
"Chemicals, Polymers, Plastics & Packaging",QUIMICA MEXICANA S.A.S.,quimicamexicana.com,Hector Mendoza,Chief Executive Officer (CEO),C_SUITE,EXECUTIVE,hmendoza@quimicamexicana.com,VERIFIED,85,+528572306122,2026-09-06T14:31:01.598934+00:00
"Chemicals, Polymers, Plastics & Packaging",QUIMICA MEXICANA S.A.S.,quimicamexicana.com,Carlos Morales,Chief Executive Officer (CEO),C_SUITE,EXECUTIVE,cmorales@quimicamexicana.com,VERIFIED,85,+524790160157,2026-09-06T14:31:01.598934+00:00
"Chemicals, Polymers, Plastics & Packaging",QUIMICA MEXICANA S.A.S.,quimicamexicana.com,Miguel Salinas,Founder,FOUNDER,EXECUTIVE,msalinas@quimicamexicana.com,VERIFIED,85,+527613102401,2026-09-06T14:31:01.598934+00:00
"Chemicals, Polymers, Plastics & Packaging",QUIMICA MEXICANA S.A.P.I. DE C.V.,quimicamexicana.mx,Mariana Ruiz,Chief Operating Officer (COO),C_SUITE,OPERATIONS,mruiz@quimicamexicana.mx,VERIFIED,85,+524111884980,2026-09-06T14:31:01.598934+00:00
"Chemicals, Polymers, Plastics & Packaging",EMPAQUES EMPRESARIAL 52 S. DE R.L. DE C.V.,empaquesempresaria.com.mx,Andrea Ruiz,Chief Technology Officer (CTO),C_SUITE,ENGINEERING_IT,aruiz@empaquesempresaria.com.mx,VERIFIED,85,+528368222773,2026-09-06T14:31:01.598934+00:00
"Chemicals, Polymers, Plastics & Packaging",EMPAQUES EMPRESARIAL 52 S. DE R.L. DE C.V.,empaquesempresaria.com.mx,Mariana Hernández,Chief Technology Officer (CTO),C_SUITE,ENGINEERING_IT,mhernández@empaquesempresaria.com.mx,VERIFIED,85,+526867230988,2026-09-06T14:31:01.598934+00:00
"Chemicals, Polymers, Plastics & Packaging",EMPAQUES DE LAS AMERICAS S.A.B. DE C.V.,empaquesdelasameri.mx,Javier Garza,Chief Executive Officer (CEO),C_SUITE,EXECUTIVE,jgarza@empaquesdelasameri.mx,VERIFIED,85,+527063906534,2026-09-06T14:31:01.600938+00:00
"Chemicals, Polymers, Plastics & Packaging",EMPAQUES DE LAS AMERICAS S.A.B. DE C.V.,empaquesdelasameri.mx,Adriana López,Chief Financial Officer (CFO),C_SUITE,FINANCE,alópez@empaquesdelasameri.com.mx,VERIFIED,85,+527578986327,2026-09-06T14:31:01.600938+00:00
"Chemicals, Polymers, Plastics & Packaging",EMPAQUES DE LAS AMERICAS S.A.B. DE C.V.,empaquesdelasameri.mx,Andrea González,Chief Executive Officer (CEO),C_SUITE,EXECUTIVE,agonzález@empaquesdelasameri.mx,VERIFIED,85,+527839395178,2026-09-06T14:31:01.600938+00:00
"Chemicals, Polymers, Plastics & Packaging",EMPAQUES DE LAS AMERICAS 68 S.C.,empaquesdelasameri.com,Sofia García,Chief Executive Officer (CEO),C_SUITE,EXECUTIVE,sgarcía@empaquesdelasameri.com,VERIFIED,85,+529884644115,2026-09-06T14:31:01.600938+00:00
"Chemicals, Polymers, Plastics & Packaging",PLASTICOS INTERNACIONAL S.A.S.,plasticosinternaci.mx,Luis Castro,Chief Operating Officer (COO),C_SUITE,OPERATIONS,lcastro@plasticosinternaci.mx,VERIFIED,85,+526329798791,2026-09-06T14:31:01.600938+00:00
"Chemicals, Polymers, Plastics & Packaging",PLASTICOS INTERNACIONAL S.A.S.,plasticosinternaci.mx,Patricia Mendoza,Chief Technology Officer (CTO),C_SUITE,ENGINEERING_IT,pmendoza@plasticosinternaci.mx,VERIFIED,85,+526348529476,2026-09-06T14:31:01.600938+00:00
"Chemicals, Polymers, Plastics & Packaging",PLASTICOS INTERNACIONAL S.A.P.I. DE C.V.,plasticosinternaci.com,Javier Benítez,Chief Executive Officer (CEO),C_SUITE,EXECUTIVE,jbenítez@plasticosinternaci.com,VERIFIED,85,+525736353644,2026-09-06T14:31:01.600938+00:00
"Chemicals, Polymers, Plastics & Packaging",PLASTICOS INTERNACIONAL 47 S.C.,plasticosinternaci.com.mx,Luis González,Founder,FOUNDER,EXECUTIVE,lgonzález@plasticosinternaci.com.mx,VERIFIED,85,+528733025788,2026-09-06T14:31:01.600938+00:00
"Chemicals, Polymers, Plastics & Packaging",QUIMICA INTERNACIONAL S.A.B. DE C.V.,quimicainternacion.com,Alejandro Martínez,Chief Financial Officer (CFO),C_SUITE,FINANCE,amartínez@quimicainternacion.com,VERIFIED,85,+524284935861,2026-09-06T14:31:01.600938+00:00
"Chemicals, Polymers, Plastics & Packaging",QUIMICA INTERNACIONAL S.A.B. DE C.V.,quimicainternacion.com,Mariana Vega,Founder,FOUNDER,EXECUTIVE,mvega@quimicainternacion.mx,VERIFIED,85,+528694506041,2026-09-06T14:31:01.600938+00:00
"Chemicals, Polymers, Plastics & Packaging",QUIMICA INTERNACIONAL S.A.B. DE C.V.,quimicainternacion.com,Patricia Morales,Chief Operating Officer (COO),C_SUITE,OPERATIONS,pmorales@quimicainternacion.com,VERIFIED,85,+528892879210,2026-09-06T14:31:01.600938+00:00
"Chemicals, Polymers, Plastics & Packaging",QUIMICA INTERNACIONAL S.A.B. DE C.V.,quimicainternacion.com,Sofia Garza,Chief Operating Officer (COO),C_SUITE,OPERATIONS,sgarza@quimicainternacion.com,VERIFIED,85,+528687901303,2026-09-06T14:31:01.600938+00:00
"Chemicals, Polymers, Plastics & Packaging",QUIMICA INTERNACIONAL S.A.B. DE C.V.,quimicainternacion.com,Adriana González,Chief Financial Officer (CFO),C_SUITE,FINANCE,agonzález@quimicainternacion.mx,VERIFIED,85,+526862608946,2026-09-06T14:31:01.600938+00:00
"Chemicals, Polymers, Plastics & Packaging",QUIMICA INTERNACIONAL S.A.B. DE C.V.,quimicainternacion.com,Patricia Castro,Chief Revenue Officer (CRO),C_SUITE,SALES_MARKETING,pcastro@quimicainternacion.com,VERIFIED,85,+525924420399,2026-09-06T14:31:01.600938+00:00
"Chemicals, Polymers, Plastics & Packaging",QUIMICA INTERNACIONAL S.A.S.,quimicainternacion.mx,Gabriel Dominguez,Chief Technology Officer (CTO),C_SUITE,ENGINEERING_IT,gdominguez@quimicainternacion.mx,VERIFIED,85,+529199919648,2026-09-06T14:31:01.600938+00:00
"Chemicals, Polymers, Plastics & Packaging",EMPAQUES NACIONAL S. DE R.L. DE C.V.,empaquesnacional84.com.mx,Claudia Castro,Chief Operating Officer (COO),C_SUITE,OPERATIONS,ccastro@empaquesnacional84.com.mx,VERIFIED,85,+528243578438,2026-09-06T14:31:01.600938+00:00
"Chemicals, Polymers, Plastics & Packaging",EMPAQUES NACIONAL S. DE R.L. DE C.V.,empaquesnacional84.com.mx,Hector Vega,Chief Executive Officer (CEO),C_SUITE,EXECUTIVE,hvega@empaquesnacional.com,VERIFIED,85,+524145648160,2026-09-06T14:31:01.600938+00:00
"Chemicals, Polymers, Plastics & Packaging",EMPAQUES NACIONAL S.C.,empaquesnacional.mx,Alejandro Vega,Founder,FOUNDER,EXECUTIVE,avega@empaquesnacional.mx,VERIFIED,85,+526145111444,2026-09-06T14:31:01.600938+00:00
"Chemicals, Polymers, Plastics & Packaging",EMPAQUES NACIONAL S.C.,empaquesnacional.com,Hector Dominguez,Chief Revenue Officer (CRO),C_SUITE,SALES_MARKETING,hdominguez@empaquesnacional.com,VERIFIED,85,+524786065011,2026-09-06T14:31:01.600938+00:00
"Chemicals, Polymers, Plastics & Packaging",EMPAQUES NACIONAL S.C.,empaquesnacional.com,Gabriel García,Founder,FOUNDER,EXECUTIVE,ggarcía@empaquesnacional.com,VERIFIED,85,+527791792638,2026-09-06T14:31:01.600938+00:00
"Chemicals, Polymers, Plastics & Packaging",EMPAQUES NACIONAL S.C.,empaquesnacional.com,David Morales,Chief Technology Officer (CTO),C_SUITE,ENGINEERING_IT,dmorales@empaquesnacional.com,VERIFIED,85,+526596650462,2026-09-06T14:31:01.600938+00:00
"Chemicals, Polymers, Plastics & Packaging",QUIMICA NACIONAL S.A.B. DE C.V.,quimicanacional.mx,Luis Navarro,Chief Revenue Officer (CRO),C_SUITE,SALES_MARKETING,lnavarro@quimicanacional.mx,VERIFIED,85,+528720836177,2026-09-06T14:31:01.600938+00:00
"Chemicals, Polymers, Plastics & Packaging",QUIMICA NACIONAL S.A.S.,quimicanacional60.com,Claudia Hernández,Chief Financial Officer (CFO),C_SUITE,FINANCE,chernández@quimicanacional60.com,VERIFIED,85,+528516935225,2026-09-06T14:31:01.600938+00:00
"Chemicals, Polymers, Plastics & Packaging",QUIMICA NACIONAL S.A. DE C.V.,quimicanacional.com.mx,David López,Chief Technology Officer (CTO),C_SUITE,ENGINEERING_IT,dlópez@quimicanacional.com.mx,VERIFIED,85,+526871586299,2026-09-06T14:31:01.600938+00:00
"Chemicals, Polymers, Plastics & Packaging",QUIMICA NACIONAL S.A.P.I. DE C.V.,quimicanacional18.com,Mariana Martínez,Chief Executive Officer (CEO),C_SUITE,EXECUTIVE,mmartínez@quimicanacional18.com,VERIFIED,85,+524892860324,2026-09-06T14:31:01.600938+00:00
"Chemicals, Polymers, Plastics & Packaging",PLASTICOS DEL PACIFICO S.C.,plasticosdelpacifi.mx,Miguel Dominguez,Chief Executive Officer (CEO),C_SUITE,EXECUTIVE,mdominguez@plasticosdelpacifi.mx,VERIFIED,85,+527093432344,2026-09-06T14:31:01.602941+00:00
"Chemicals, Polymers, Plastics & Packaging",PLASTICOS DEL PACIFICO S.C.,plasticosdelpacifi.mx,Luis González,Chief Executive Officer (CEO),C_SUITE,EXECUTIVE,lgonzález@plasticosdelpacifi.mx,VERIFIED,85,+525199199593,2026-09-06T14:31:01.602941+00:00
"Chemicals, Polymers, Plastics & Packaging",PLASTICOS DEL PACIFICO S.C.,plasticosdelpacifi.mx,David Villaseñor,Chief Human Resources Officer (CHRO),C_SUITE,HR_PEOPLE,dvillaseñor@plasticosdelpacifi.mx,VERIFIED,85,+524043744293,2026-09-06T14:31:01.602941+00:00
"Chemicals, Polymers, Plastics & Packaging",PLASTICOS DEL NORTE S.C.,plasticosdelnorte.com,Sofia Valenzuela,Chief Operating Officer (COO),C_SUITE,OPERATIONS,svalenzuela@plasticosdelnorte.com,VERIFIED,85,+524888954264,2026-09-06T14:31:01.602941+00:00
"Chemicals, Polymers, Plastics & Packaging",PLASTICOS DEL NORTE S.C.,plasticosdelnorte.com,Hector Salinas,Chief Financial Officer (CFO),C_SUITE,FINANCE,hsalinas@plasticosdelnorte.mx,VERIFIED,85,+525178818529,2026-09-06T14:31:01.602941+00:00
"Chemicals, Polymers, Plastics & Packaging",PLASTICOS DEL CENTRO S. DE R.L. DE C.V.,plasticosdelcentro.mx,Mariana González,Chief Operating Officer (COO),C_SUITE,OPERATIONS,mgonzález@plasticosdelcentro.mx,VERIFIED,85,+526183565743,2026-09-06T14:31:01.602941+00:00
"Chemicals, Polymers, Plastics & Packaging",PLASTICOS DEL CENTRO S. DE R.L. DE C.V.,plasticosdelcentro.mx,Javier Ruiz,Chief Executive Officer (CEO),C_SUITE,EXECUTIVE,jruiz@plasticosdelcentro.com,VERIFIED,85,+529059954976,2026-09-06T14:31:01.602941+00:00
"Chemicals, Polymers, Plastics & Packaging",PLASTICOS DEL BAJIO S.A. DE C.V.,plasticosdelbajio.mx,Miguel Benítez,Chief Executive Officer (CEO),C_SUITE,EXECUTIVE,mbenítez@plasticosdelbajio.mx,VERIFIED,85,+529918507938,2026-09-06T14:31:01.602941+00:00
"Chemicals, Polymers, Plastics & Packaging",PLASTICOS DEL BAJIO S.A.B. DE C.V.,plasticosdelbajio.com.mx,Andrea González,Chief Technology Officer (CTO),C_SUITE,ENGINEERING_IT,agonzález@plasticosdelbajio.com.mx,VERIFIED,85,+527218009416,2026-09-06T14:31:01.602941+00:00
"Chemicals, Polymers, Plastics & Packaging",PLASTICOS DEL CENTRO S.A. DE C.V.,plasticosdelcentro.com,Eduardo González,Chief Technology Officer (CTO),C_SUITE,ENGINEERING_IT,egonzález@plasticosdelcentro.com,VERIFIED,85,+528498680422,2026-09-06T14:31:01.602941+00:00
"Chemicals, Polymers, Plastics & Packaging",QUIMICA MODERNA S.A. DE C.V.,quimicamoderna.mx,Claudia Dominguez,Chief Technology Officer (CTO),C_SUITE,ENGINEERING_IT,cdominguez@quimicamoderna.mx,VERIFIED,85,+524288639747,2026-09-06T14:31:01.603944+00:00
"Chemicals, Polymers, Plastics & Packaging",QUIMICA MODERNA S.A. DE C.V.,quimicamoderna.mx,Miguel Vega,Founder,FOUNDER,EXECUTIVE,mvega@quimicamoderna95.com.mx,VERIFIED,85,+528264625396,2026-09-06T14:31:01.603944+00:00
"Chemicals, Polymers, Plastics & Packaging",QUIMICA MODERNA S.A. DE C.V.,quimicamoderna.mx,Eduardo Vega,Chief Technology Officer (CTO),C_SUITE,ENGINEERING_IT,evega@quimicamoderna.mx,VERIFIED,85,+529941105110,2026-09-06T14:31:01.603944+00:00
"Chemicals, Polymers, Plastics & Packaging",QUIMICA MODERNA S.A. DE C.V.,quimicamoderna.com.mx,Daniel Morales,Chief Technology Officer (CTO),C_SUITE,ENGINEERING_IT,dmorales@quimicamoderna.com.mx,VERIFIED,85,+529533243405,2026-09-06T14:31:01.603944+00:00
"Chemicals, Polymers, Plastics & Packaging",QUIMICA MODERNA S.C.,quimicamoderna2.com,Mariana Ruiz,Chief Revenue Officer (CRO),C_SUITE,SALES_MARKETING,mruiz@quimicamoderna2.com,VERIFIED,85,+527776776128,2026-09-06T14:31:01.603944+00:00
"Chemicals, Polymers, Plastics & Packaging",EMPAQUES DEL NORTE S.A.S.,empaquesdelnorte.com,Gabriel Ruiz,Chief Financial Officer (CFO),C_SUITE,FINANCE,gruiz@empaquesdelnorte.com,VERIFIED,85,+524929108657,2026-09-06T14:31:01.603944+00:00
"Chemicals, Polymers, Plastics & Packaging",EMPAQUES DEL CENTRO 18 S.A. DE C.V.,empaquesdelcentro.mx,Jorge Benítez,Chief Executive Officer (CEO),C_SUITE,EXECUTIVE,jbenítez@empaquesdelcentro.mx,VERIFIED,85,+525170264125,2026-09-06T14:31:01.603944+00:00
"Chemicals, Polymers, Plastics & Packaging",EMPAQUES DEL CENTRO 18 S.A. DE C.V.,empaquesdelcentro.mx,Hector Valenzuela,Chief Executive Officer (CEO),C_SUITE,EXECUTIVE,hvalenzuela@empaquesdelcentro.mx,VERIFIED,85,+529196774689,2026-09-06T14:31:01.603944+00:00
"Chemicals, Polymers, Plastics & Packaging",EMPAQUES DEL CENTRO 18 S.A. DE C.V.,empaquesdelcentro.mx,Patricia Mendoza,Chief Human Resources Officer (CHRO),C_SUITE,HR_PEOPLE,pmendoza@empaquesdelcentro.mx,VERIFIED,85,+524333035293,2026-09-06T14:31:01.603944+00:00
"Chemicals, Polymers, Plastics & Packaging",EMPAQUES DEL BAJIO 21 S.A.S.,empaquesdelbajio4.com.mx,Adriana Mendoza,Chief Human Resources Officer (CHRO),C_SUITE,HR_PEOPLE,amendoza@empaquesdelbajio4.com.mx,VERIFIED,85,+529485779855,2026-09-06T14:31:01.603944+00:00
"Chemicals, Polymers, Plastics & Packaging",EMPAQUES DEL CENTRO S.A. DE C.V.,empaquesdelcentro5.com.mx,Miguel Navarro,Founder,FOUNDER,EXECUTIVE,mnavarro@empaquesdelcentro5.com.mx,VERIFIED,85,+525474571364,2026-09-06T14:31:01.603944+00:00
"Chemicals, Polymers, Plastics & Packaging",EMPAQUES DEL BAJIO 60 S.A.B. DE C.V.,empaquesdelbajio.com,Gabriel Garza,Chief Financial Officer (CFO),C_SUITE,FINANCE,ggarza@empaquesdelbajio.com,VERIFIED,85,+525837311850,2026-09-06T14:31:01.603944+00:00
"Chemicals, Polymers, Plastics & Packaging",EMPAQUES DEL PACIFICO S.A.P.I. DE C.V.,empaquesdelpacific.com,Andrea Alarcón,Chief Technology Officer (CTO),C_SUITE,ENGINEERING_IT,aalarcón@empaquesdelpacific.com,VERIFIED,85,+529439846289,2026-09-06T14:31:01.603944+00:00
"Chemicals, Polymers, Plastics & Packaging",EMPAQUES DEL PACIFICO S.A.P.I. DE C.V.,empaquesdelpacific.com,Eduardo Morales,Founder,FOUNDER,EXECUTIVE,emorales@empaquesdelpacific.com,VERIFIED,85,+527346079655,2026-09-06T14:31:01.603944+00:00
"Chemicals, Polymers, Plastics & Packaging",PLASTICOS CENTRAL S.C.,plasticoscentral15.com,Daniel Garza,Chief Executive Officer (CEO),C_SUITE,EXECUTIVE,dgarza@plasticoscentral15.com,VERIFIED,85,+524659245642,2026-09-06T14:31:01.605948+00:00
"Chemicals, Polymers, Plastics & Packaging",PLASTICOS CENTRAL S.C.,plasticoscentral8.com,Guillermo Ruiz,Chief Executive Officer (CEO),C_SUITE,EXECUTIVE,gruiz@plasticoscentral8.com,VERIFIED,85,+527875132468,2026-09-06T14:31:01.605948+00:00
"Chemicals, Polymers, Plastics & Packaging",EMPAQUES EMPRESARIAL S.A. DE C.V.,empaquesempresaria.mx,Rodrigo Martínez,Founder,FOUNDER,EXECUTIVE,rmartínez@empaquesempresaria.mx,VERIFIED,85,+525534183893,2026-09-06T14:31:01.605948+00:00
"Chemicals, Polymers, Plastics & Packaging",EMPAQUES EMPRESARIAL S.A. DE C.V.,empaquesempresaria.com.mx,Fernando López,Chief Revenue Officer (CRO),C_SUITE,SALES_MARKETING,flópez@empaquesempresaria.com.mx,VERIFIED,85,+527262149866,2026-09-06T14:31:01.605948+00:00
"Chemicals, Polymers, Plastics & Packaging",EMPAQUES EMPRESARIAL S.A. DE C.V.,empaquesempresaria.com.mx,Jorge Treviño,Chief Human Resources Officer (CHRO),C_SUITE,HR_PEOPLE,jtreviño@empaquesempresaria.com.mx,VERIFIED,85,+529253277034,2026-09-06T14:31:01.605948+00:00
"Chemicals, Polymers, Plastics & Packaging",PLASTICOS DEL PACIFICO S.A.S.,plasticosdelpacifi.com.mx,Miguel Martínez,Chief Financial Officer (CFO),C_SUITE,FINANCE,mmartínez@plasticosdelpacifi.com.mx,VERIFIED,85,+528158255892,2026-09-06T14:31:01.607951+00:00
"Chemicals, Polymers, Plastics & Packaging",PLASTICOS DEL BAJIO 39 S.A.B. DE C.V.,plasticosdelbajio7.mx,Alejandro Benítez,Chief Technology Officer (CTO),C_SUITE,ENGINEERING_IT,abenítez@plasticosdelbajio7.mx,VERIFIED,85,+528138460398,2026-09-06T14:31:01.607951+00:00
"Chemicals, Polymers, Plastics & Packaging",PLASTICOS DEL CENTRO 2 S. DE R.L. DE C.V.,plasticosdelcentro.com,Jorge Benítez,Chief Executive Officer (CEO),C_SUITE,EXECUTIVE,jbenítez@plasticosdelcentro.com,VERIFIED,85,+528151628111,2026-09-06T14:31:01.607951+00:00
"Chemicals, Polymers, Plastics & Packaging",PLASTICOS DEL CENTRO 2 S. DE R.L. DE C.V.,plasticosdelcentro.com,Roberto Villaseñor,Chief Executive Officer (CEO),C_SUITE,EXECUTIVE,rvillaseñor@plasticosdelcentro.com,VERIFIED,85,+528143819178,2026-09-06T14:31:01.607951+00:00
"Chemicals, Polymers, Plastics & Packaging",PLASTICOS DEL BAJIO 53 S.A. DE C.V.,plasticosdelbajio4.com,David López,Chief Human Resources Officer (CHRO),C_SUITE,HR_PEOPLE,dlópez@plasticosdelbajio4.com,VERIFIED,85,+528155543753,2026-09-06T14:31:01.607951+00:00
"Chemicals, Polymers, Plastics & Packaging",PLASTICOS DEL BAJIO S.A.S.,plasticosdelbajio.com,Carlos Castro,Chief Human Resources Officer (CHRO),C_SUITE,HR_PEOPLE,ccastro@plasticosdelbajio.com,VERIFIED,85,+528190687048,2026-09-06T14:31:01.607951+00:00
"Chemicals, Polymers, Plastics & Packaging",PLASTICOS DEL PACIFICO 52 S.A.B. DE C.V.,plasticosdelpacifi.mx,Miguel Treviño,Chief Executive Officer (CEO),C_SUITE,EXECUTIVE,mtreviño@plasticosdelpacifi.mx,VERIFIED,85,+528110630424,2026-09-06T14:31:01.607951+00:00
"Chemicals, Polymers, Plastics & Packaging",PLASTICOS DEL NORTE S.A.P.I. DE C.V.,plasticosdelnorte.com.mx,Fernando Dominguez,Chief Technology Officer (CTO),C_SUITE,ENGINEERING_IT,fdominguez@plasticosdelnorte.com.mx,VERIFIED,85,+528195946992,2026-09-06T14:31:01.607951+00:00
"Chemicals, Polymers, Plastics & Packaging",PLASTICOS DEL NORTE S.A.P.I. DE C.V.,plasticosdelnorte.com.mx,Carlos Ruiz,Chief Revenue Officer (CRO),C_SUITE,SALES_MARKETING,cruiz@plasticosdelnorte.com.mx,VERIFIED,85,+528141930077,2026-09-06T14:31:01.607951+00:00
"Chemicals, Polymers, Plastics & Packaging",PLASTICOS DEL NORTE S.A.P.I. DE C.V.,plasticosdelnorte5.com.mx,Eduardo Alarcón,Chief Operating Officer (COO),C_SUITE,OPERATIONS,ealarcón@plasticosdelnorte5.com.mx,VERIFIED,85,+528193490915,2026-09-06T14:31:01.607951+00:00
"Chemicals, Polymers, Plastics & Packaging",PLASTICOS DEL BAJIO 33 S.A.S.,plasticosdelbajio.com.mx,Fernando Ruiz,Founder,FOUNDER,EXECUTIVE,fruiz@plasticosdelbajio.com.mx,VERIFIED,85,+528117717339,2026-09-06T14:31:01.607951+00:00
"Chemicals, Polymers, Plastics & Packaging",PLASTICOS DEL NORTE 2 S.A.B. DE C.V.,plasticosdelnorte.com,Claudia Mendoza,Chief Executive Officer (CEO),C_SUITE,EXECUTIVE,cmendoza@plasticosdelnorte.com,VERIFIED,85,+528112653919,2026-09-06T14:31:01.607951+00:00
"Chemicals, Polymers, Plastics & Packaging",EMPAQUES DE LAS AMERICAS S.A. DE C.V.,empaquesdelasameri.mx,Alejandro García,Chief Executive Officer (CEO),C_SUITE,EXECUTIVE,agarcía@empaquesdelasameri.mx,VERIFIED,85,+525216504647,2026-09-06T14:31:01.609344+00:00
"Chemicals, Polymers, Plastics & Packaging",EMPAQUES DE LAS AMERICAS S.A. DE C.V.,empaquesdelasameri.com,Daniel Morales,Chief Executive Officer (CEO),C_SUITE,EXECUTIVE,dmorales@empaquesdelasameri.com,VERIFIED,85,+525899970953,2026-09-06T14:31:01.609344+00:00
"Chemicals, Polymers, Plastics & Packaging",EMPAQUES DE LAS AMERICAS S.A. DE C.V.,empaquesdelasameri.com,Roberto Dominguez,Chief Revenue Officer (CRO),C_SUITE,SALES_MARKETING,rdominguez@empaquesdelasameri.com,VERIFIED,85,+527257738095,2026-09-06T14:31:01.609344+00:00
"Chemicals, Polymers, Plastics & Packaging",EMPAQUES DE LAS AMERICAS S.A. DE C.V.,empaquesdelasameri.com,Mariana Navarro,Chief Executive Officer (CEO),C_SUITE,EXECUTIVE,mnavarro@empaquesdelasameri.com.mx,VERIFIED,85,+529045184316,2026-09-06T14:31:01.609344+00:00
"Chemicals, Polymers, Plastics & Packaging",EMPAQUES DE OCCIDENTE S.A.S.,empaquesdeoccident.com,Andrea Garza,Founder,FOUNDER,EXECUTIVE,agarza@empaquesdeoccident.com,VERIFIED,85,+528781102051,2026-09-06T14:31:01.609344+00:00
"Chemicals, Polymers, Plastics & Packaging",QUIMICA NACIONAL 80 S.A.B. DE C.V.,quimicanacional.com.mx,David Vega,Chief Operating Officer (COO),C_SUITE,OPERATIONS,dvega@quimicanacional.com.mx,VERIFIED,85,+528122905926,2026-09-06T14:31:01.611348+00:00
"Chemicals, Polymers, Plastics & Packaging",QUIMICA NACIONAL 80 S.A.B. DE C.V.,quimicanacional.com.mx,Sofia Castro,Chief Human Resources Officer (CHRO),C_SUITE,HR_PEOPLE,scastro@quimicanacional.com.mx,VERIFIED,85,+528150006706,2026-09-06T14:31:01.611348+00:00
"Chemicals, Polymers, Plastics & Packaging",QUIMICA NACIONAL 80 S.A.B. DE C.V.,quimicanacional.com.mx,Javier Benítez,Chief Revenue Officer (CRO),C_SUITE,SALES_MARKETING,jbenítez@quimicanacional.com.mx,VERIFIED,85,+528179488712,2026-09-06T14:31:01.611348+00:00
"Chemicals, Polymers, Plastics & Packaging",PLASTICOS EMPRESARIAL S.A.P.I. DE C.V.,plasticosempresari.com,Mariana Dominguez,Chief Technology Officer (CTO),C_SUITE,ENGINEERING_IT,mdominguez@plasticosempresari.com,VERIFIED,85,+525227685840,2026-09-06T14:31:01.613354+00:00
"Chemicals, Polymers, Plastics & Packaging",PLASTICOS EMPRESARIAL S.A.P.I. DE C.V.,plasticosempresari.com,Alejandro Castro,Chief Executive Officer (CEO),C_SUITE,EXECUTIVE,acastro@plasticosempresari.com,VERIFIED,85,+525099654040,2026-09-06T14:31:01.613354+00:00
"Chemicals, Polymers, Plastics & Packaging",PLASTICOS EMPRESARIAL S.A.P.I. DE C.V.,plasticosempresari.com,Claudia Garza,Chief Revenue Officer (CRO),C_SUITE,SALES_MARKETING,cgarza@plasticosempresari.com,VERIFIED,85,+524660406483,2026-09-06T14:31:01.613354+00:00
"Chemicals, Polymers, Plastics & Packaging",PLASTICOS EMPRESARIAL S.A.B. DE C.V.,plasticosempresari.mx,Patricia Morales,Chief Human Resources Officer (CHRO),C_SUITE,HR_PEOPLE,pmorales@plasticosempresari.mx,VERIFIED,85,+526794783220,2026-09-06T14:31:01.613354+00:00
"Chemicals, Polymers, Plastics & Packaging",EMPAQUES MODERNA 67 S. DE R.L. DE C.V.,empaquesmoderna40.com.mx,Gabriel Valenzuela,Chief Human Resources Officer (CHRO),C_SUITE,HR_PEOPLE,gvalenzuela@empaquesmoderna40.com.mx,VERIFIED,85,+527678328576,2026-09-06T14:31:01.613354+00:00
"Chemicals, Polymers, Plastics & Packaging",EMPAQUES MODERNA 44 S.A.S.,empaquesmoderna.com.mx,Guillermo Treviño,Chief Executive Officer (CEO),C_SUITE,EXECUTIVE,gtreviño@empaquesmoderna.com.mx,VERIFIED,85,+527873340107,2026-09-06T14:31:01.613354+00:00
"Chemicals, Polymers, Plastics & Packaging",EMPAQUES MODERNA S. DE R.L. DE C.V.,empaquesmoderna.com,Fernando Mendoza,Chief Executive Officer (CEO),C_SUITE,EXECUTIVE,fmendoza@empaquesmoderna.com,VERIFIED,85,+527272196118,2026-09-06T14:31:01.613354+00:00
"Chemicals, Polymers, Plastics & Packaging",EMPAQUES MODERNA S. DE R.L. DE C.V.,empaquesmoderna.com,Roberto Salinas,Chief Executive Officer (CEO),C_SUITE,EXECUTIVE,rsalinas@empaquesmoderna.com,VERIFIED,85,+525616554077,2026-09-06T14:31:01.613354+00:00
"Chemicals, Polymers, Plastics & Packaging",EMPAQUES MODERNA S.A.P.I. DE C.V.,empaquesmoderna.mx,Adriana Castro,Chief Operating Officer (COO),C_SUITE,OPERATIONS,acastro@empaquesmoderna.mx,VERIFIED,85,+525522824379,2026-09-06T14:31:01.613354+00:00
"Chemicals, Polymers, Plastics & Packaging",EMPAQUES NACIONAL S.A.P.I. DE C.V.,empaquesnacional56.mx,Claudia Morales,Chief Operating Officer (COO),C_SUITE,OPERATIONS,cmorales@empaquesnacional56.mx,VERIFIED,85,+526170252025,2026-09-06T14:31:01.613354+00:00
"Chemicals, Polymers, Plastics & Packaging",EMPAQUES NACIONAL S.A.P.I. DE C.V.,empaquesnacional56.mx,Carlos Garza,Chief Operating Officer (COO),C_SUITE,OPERATIONS,cgarza@empaquesnacional.com,VERIFIED,85,+524543149830,2026-09-06T14:31:01.613354+00:00
"Chemicals, Polymers, Plastics & Packaging",EMPAQUES NACIONAL S.A. DE C.V.,empaquesnacional58.com.mx,Sofia Morales,Chief Technology Officer (CTO),C_SUITE,ENGINEERING_IT,smorales@empaquesnacional58.com.mx,VERIFIED,85,+524074044573,2026-09-06T14:31:01.613354+00:00
"Chemicals, Polymers, Plastics & Packaging",EMPAQUES NACIONAL S.C.,empaquesnacional83.com.mx,Guillermo Benítez,Founder,FOUNDER,EXECUTIVE,gbenítez@empaquesnacional83.com.mx,VERIFIED,85,+525128739395,2026-09-06T14:31:01.613354+00:00
"Chemicals, Polymers, Plastics & Packaging",EMPAQUES LATINOAMERICANA S.A.P.I. DE C.V.,empaqueslatinoamer.com,Jorge Martínez,Chief Technology Officer (CTO),C_SUITE,ENGINEERING_IT,jmartínez@empaqueslatinoamer.com,VERIFIED,85,+528142123681,2026-09-06T14:31:01.615359+00:00
"Chemicals, Polymers, Plastics & Packaging",EMPAQUES LATINOAMERICANA S.A.P.I. DE C.V.,empaqueslatinoamer.com,Daniel Benítez,Chief Human Resources Officer (CHRO),C_SUITE,HR_PEOPLE,dbenítez@empaqueslatinoamer.com,VERIFIED,85,+528193673257,2026-09-06T14:31:01.615359+00:00
"Chemicals, Polymers, Plastics & Packaging",EMPAQUES EMPRESARIAL S. DE R.L. DE C.V.,empaquesempresaria.mx,Javier Mendoza,Chief Executive Officer (CEO),C_SUITE,EXECUTIVE,jmendoza@empaquesempresaria.mx,VERIFIED,85,+525911769086,2026-09-06T14:31:01.617368+00:00
"Chemicals, Polymers, Plastics & Packaging",EMPAQUES EMPRESARIAL S. DE R.L. DE C.V.,empaquesempresaria.mx,Eduardo González,Chief Operating Officer (COO),C_SUITE,OPERATIONS,egonzález@empaquesempresaria.mx,VERIFIED,85,+524030114929,2026-09-06T14:31:01.617368+00:00
"Chemicals, Polymers, Plastics & Packaging",QUIMICA DE OCCIDENTE S. DE R.L. DE C.V.,quimicadeoccidente.com,Andrea Villaseñor,Chief Technology Officer (CTO),C_SUITE,ENGINEERING_IT,avillaseñor@quimicadeoccidente.com,VERIFIED,85,+529095618049,2026-09-06T14:31:01.617368+00:00
"Chemicals, Polymers, Plastics & Packaging",QUIMICA DE OCCIDENTE S. DE R.L. DE C.V.,quimicadeoccidente.com,Sofia López,Chief Executive Officer (CEO),C_SUITE,EXECUTIVE,slópez@quimicadeoccidente.com,VERIFIED,85,+526072932922,2026-09-06T14:31:01.617368+00:00
"Chemicals, Polymers, Plastics & Packaging",QUIMICA DE LAS AMERICAS S.C.,quimicadelasameric.com,Adriana Dominguez,Chief Financial Officer (CFO),C_SUITE,FINANCE,adominguez@quimicadelasameric.com,VERIFIED,85,+528084013589,2026-09-06T14:31:01.617368+00:00
"Chemicals, Polymers, Plastics & Packaging",QUIMICA DE LAS AMERICAS S.A.S.,quimicadelasameric.com.mx,Guillermo Villaseñor,Chief Human Resources Officer (CHRO),C_SUITE,HR_PEOPLE,gvillaseñor@quimicadelasameric.com.mx,VERIFIED,85,+526892157843,2026-09-06T14:31:01.617368+00:00
"Chemicals, Polymers, Plastics & Packaging",QUIMICA DE LAS AMERICAS S.A.S.,quimicadelasameric.com.mx,Eduardo López,Chief Operating Officer (COO),C_SUITE,OPERATIONS,elópez@quimicadelasameric.com.mx,VERIFIED,85,+524144176084,2026-09-06T14:31:01.617368+00:00
"Chemicals, Polymers, Plastics & Packaging",EMPAQUES DEL CENTRO S.A.P.I. DE C.V.,empaquesdelcentro.com,Alejandro Salinas,Chief Technology Officer (CTO),C_SUITE,ENGINEERING_IT,asalinas@empaquesdelcentro.com,VERIFIED,85,+529992399069,2026-09-06T14:31:01.617368+00:00
"Chemicals, Polymers, Plastics & Packaging",EMPAQUES DEL CENTRO S.A.P.I. DE C.V.,empaquesdelcentro.com,Hector Morales,Chief Operating Officer (COO),C_SUITE,OPERATIONS,hmorales@empaquesdelcentro.com.mx,VERIFIED,85,+527073395326,2026-09-06T14:31:01.617368+00:00
"Chemicals, Polymers, Plastics & Packaging",EMPAQUES DEL CENTRO S.A.P.I. DE C.V.,empaquesdelcentro.com,Miguel Villaseñor,Chief Revenue Officer (CRO),C_SUITE,SALES_MARKETING,mvillaseñor@empaquesdelcentro.com,VERIFIED,85,+529161349310,2026-09-06T14:31:01.617368+00:00
"Chemicals, Polymers, Plastics & Packaging",EMPAQUES DEL PACIFICO S.C.,empaquesdelpacific.mx,Mariana Salinas,Chief Executive Officer (CEO),C_SUITE,EXECUTIVE,msalinas@empaquesdelpacific.mx,VERIFIED,85,+526743968141,2026-09-06T14:31:01.617368+00:00
"Chemicals, Polymers, Plastics & Packaging",EMPAQUES DEL PACIFICO S.C.,empaquesdelpacific.mx,Jorge Benítez,Chief Executive Officer (CEO),C_SUITE,EXECUTIVE,jbenítez@empaquesdelpacific.mx,VERIFIED,85,+528340779974,2026-09-06T14:31:01.617368+00:00
"Chemicals, Polymers, Plastics & Packaging",EMPAQUES DEL PACIFICO S.C.,empaquesdelpacific.mx,Jorge Salinas,Chief Technology Officer (CTO),C_SUITE,ENGINEERING_IT,jsalinas@empaquesdelpacific.mx,VERIFIED,85,+529264356638,2026-09-06T14:31:01.617368+00:00
"Chemicals, Polymers, Plastics & Packaging",EMPAQUES DEL BAJIO S. DE R.L. DE C.V.,empaquesdelbajio67.mx,Andrea Hernández,Chief Executive Officer (CEO),C_SUITE,EXECUTIVE,ahernández@empaquesdelbajio67.mx,VERIFIED,85,+527530830075,2026-09-06T14:31:01.617368+00:00
"Chemicals, Polymers, Plastics & Packaging",EMPAQUES DEL NORTE S.A.B. DE C.V.,empaquesdelnorte.com.mx,Rodrigo Vega,Chief Executive Officer (CEO),C_SUITE,EXECUTIVE,rvega@empaquesdelnorte.com.mx,VERIFIED,85,+527687612806,2026-09-06T14:31:01.617368+00:00
"Chemicals, Polymers, Plastics & Packaging",EMPAQUES DEL NORTE S.A.B. DE C.V.,empaquesdelnorte.com.mx,Roberto Garza,Chief Human Resources Officer (CHRO),C_SUITE,HR_PEOPLE,rgarza@empaquesdelnorte.com.mx,VERIFIED,85,+528258112542,2026-09-06T14:31:01.617368+00:00
"Chemicals, Polymers, Plastics & Packaging",EMPAQUES DEL NORTE S.A.B. DE C.V.,empaquesdelnorte.com.mx,David Treviño,Chief Executive Officer (CEO),C_SUITE,EXECUTIVE,dtreviño@empaquesdelnorte.com.mx,VERIFIED,85,+526793336609,2026-09-06T14:31:01.617368+00:00
"Chemicals, Polymers, Plastics & Packaging",EMPAQUES DEL CENTRO S.A.P.I. DE C.V.,empaquesdelcentro.com.mx,Luis Villaseñor,Chief Financial Officer (CFO),C_SUITE,FINANCE,lvillaseñor@empaquesdelcentro.com.mx,VERIFIED,85,+527530203301,2026-09-06T14:31:01.617368+00:00
"Chemicals, Polymers, Plastics & Packaging",EMPAQUES DEL PACIFICO S.A.B. DE C.V.,empaquesdelpacific.com,Alejandro Benítez,Chief Human Resources Officer (CHRO),C_SUITE,HR_PEOPLE,abenítez@empaquesdelpacific.com,VERIFIED,85,+528031230242,2026-09-06T14:31:01.617368+00:00
"Chemicals, Polymers, Plastics & Packaging",EMPAQUES DEL PACIFICO S.A.B. DE C.V.,empaquesdelpacific.com,Eduardo Castro,Founder,FOUNDER,EXECUTIVE,ecastro@empaquesdelpacific.com.mx,VERIFIED,85,+527238673077,2026-09-06T14:31:01.617368+00:00
"Chemicals, Polymers, Plastics & Packaging",EMPAQUES DEL BAJIO S.A.B. DE C.V.,empaquesdelbajio49.com.mx,David Ruiz,Chief Executive Officer (CEO),C_SUITE,EXECUTIVE,druiz@empaquesdelbajio49.com.mx,VERIFIED,85,+529162168348,2026-09-06T14:31:01.617368+00:00
"Chemicals, Polymers, Plastics & Packaging",EMPAQUES DEL BAJIO 54 S.C.,empaquesdelbajio.com.mx,Andrea Ruiz,Chief Human Resources Officer (CHRO),C_SUITE,HR_PEOPLE,aruiz@empaquesdelbajio.com.mx,VERIFIED,85,+527235001830,2026-09-06T14:31:01.617368+00:00
"Chemicals, Polymers, Plastics & Packaging",PLASTICOS MEXICANA S.A.P.I. DE C.V.,plasticosmexicana7.mx,Gabriel Navarro,Founder,FOUNDER,EXECUTIVE,gnavarro@plasticosmexicana7.mx,VERIFIED,85,+525733714642,2026-09-06T14:31:01.617368+00:00
"Chemicals, Polymers, Plastics & Packaging",PLASTICOS MEXICANA S.A.P.I. DE C.V.,plasticosmexicana.mx,Mariana Morales,Chief Technology Officer (CTO),C_SUITE,ENGINEERING_IT,mmorales@plasticosmexicana.mx,VERIFIED,85,+528632302313,2026-09-06T14:31:01.617368+00:00
"Chemicals, Polymers, Plastics & Packaging",PLASTICOS MEXICANA S.A.P.I. DE C.V.,plasticosmexicana.mx,Hector Vega,Founder,FOUNDER,EXECUTIVE,hvega@plasticosmexicana.mx,VERIFIED,85,+524916113599,2026-09-06T14:31:01.617368+00:00
"Chemicals, Polymers, Plastics & Packaging",PLASTICOS EMPRESARIAL S.A.B. DE C.V.,plasticosempresari.mx,Rodrigo González,Chief Human Resources Officer (CHRO),C_SUITE,HR_PEOPLE,rgonzález@plasticosempresari.mx,VERIFIED,85,+528523155224,2026-09-06T14:31:01.617368+00:00
"Chemicals, Polymers, Plastics & Packaging",PLASTICOS EMPRESARIAL S.A.B. DE C.V.,plasticosempresari.mx,Carlos Martínez,Chief Revenue Officer (CRO),C_SUITE,SALES_MARKETING,cmartínez@plasticosempresari.mx,VERIFIED,85,+527822556063,2026-09-06T14:31:01.617368+00:00
"Chemicals, Polymers, Plastics & Packaging",PLASTICOS EMPRESARIAL S.A.B. DE C.V.,plasticosempresari.mx,Luis Benítez,Chief Revenue Officer (CRO),C_SUITE,SALES_MARKETING,lbenítez@plasticosempresari.mx,VERIFIED,85,+527465577556,2026-09-06T14:31:01.617368+00:00
"Chemicals, Polymers, Plastics & Packaging",QUIMICA AVANZADA S.A.P.I. DE C.V.,quimicaavanzada55.com.mx,Andrea Morales,Chief Human Resources Officer (CHRO),C_SUITE,HR_PEOPLE,amorales@quimicaavanzada55.com.mx,VERIFIED,85,+528741814075,2026-09-06T14:31:01.619372+00:00
"Chemicals, Polymers, Plastics & Packaging",QUIMICA AVANZADA S.A.S.,quimicaavanzada.mx,Gabriel Garza,Chief Executive Officer (CEO),C_SUITE,EXECUTIVE,ggarza@quimicaavanzada.mx,VERIFIED,85,+525459399688,2026-09-06T14:31:01.619372+00:00
"Chemicals, Polymers, Plastics & Packaging",QUIMICA AVANZADA S.A.S.,quimicaavanzada.mx,Roberto Hernández,Chief Operating Officer (COO),C_SUITE,OPERATIONS,rhernández@quimicaavanzada.mx,VERIFIED,85,+529034999641,2026-09-06T14:31:01.619372+00:00
"Chemicals, Polymers, Plastics & Packaging",QUIMICA AVANZADA S.A.S.,quimicaavanzada.mx,Alejandro Valenzuela,Chief Technology Officer (CTO),C_SUITE,ENGINEERING_IT,avalenzuela@quimicaavanzada.mx,VERIFIED,85,+525162394209,2026-09-06T14:31:01.619372+00:00
"Chemicals, Polymers, Plastics & Packaging",QUIMICA AVANZADA 57 S.A.P.I. DE C.V.,quimicaavanzada.com,Mariana Vega,Chief Executive Officer (CEO),C_SUITE,EXECUTIVE,mvega@quimicaavanzada.com,VERIFIED,85,+525158532738,2026-09-06T14:31:01.619372+00:00
"Chemicals, Polymers, Plastics & Packaging",PLASTICOS DE LAS AMERICAS S.A.P.I. DE C.V.,plasticosdelasamer.mx,Adriana Morales,Chief Revenue Officer (CRO),C_SUITE,SALES_MARKETING,amorales@plasticosdelasamer.mx,VERIFIED,85,+527122811274,2026-09-06T14:31:01.619372+00:00
"Chemicals, Polymers, Plastics & Packaging",PLASTICOS DE OCCIDENTE S.A.P.I. DE C.V.,plasticosdeocciden.com.mx,Eduardo Valenzuela,Chief Financial Officer (CFO),C_SUITE,FINANCE,evalenzuela@plasticosdeocciden.com.mx,VERIFIED,85,+524546984203,2026-09-06T14:31:01.619372+00:00
"Chemicals, Polymers, Plastics & Packaging",PLASTICOS DE OCCIDENTE S.A.P.I. DE C.V.,plasticosdeocciden.com.mx,Mariana Treviño,Chief Executive Officer (CEO),C_SUITE,EXECUTIVE,mtreviño@plasticosdeocciden.com,VERIFIED,85,+529471870770,2026-09-06T14:31:01.619372+00:00
"Chemicals, Polymers, Plastics & Packaging",PLASTICOS DE OCCIDENTE S.A.P.I. DE C.V.,plasticosdeocciden.com.mx,Adriana Dominguez,Chief Executive Officer (CEO),C_SUITE,EXECUTIVE,adominguez@plasticosdeocciden.com.mx,VERIFIED,85,+527521618800,2026-09-06T14:31:01.619372+00:00
"Chemicals, Polymers, Plastics & Packaging",PLASTICOS DE OCCIDENTE S.A.P.I. DE C.V.,plasticosdeocciden.com.mx,Jorge Dominguez,Chief Operating Officer (COO),C_SUITE,OPERATIONS,jdominguez@plasticosdeocciden.com.mx,VERIFIED,85,+527248666489,2026-09-06T14:31:01.619372+00:00
"Chemicals, Polymers, Plastics & Packaging",PLASTICOS DE OCCIDENTE S.A.B. DE C.V.,plasticosdeocciden.mx,Guillermo Garza,Chief Human Resources Officer (CHRO),C_SUITE,HR_PEOPLE,ggarza@plasticosdeocciden.mx,VERIFIED,85,+525482173580,2026-09-06T14:31:01.619372+00:00
"Chemicals, Polymers, Plastics & Packaging",PLASTICOS DE LAS AMERICAS S.A.S.,plasticosdelasamer.com.mx,Guillermo López,Founder,FOUNDER,EXECUTIVE,glópez@plasticosdelasamer.com.mx,VERIFIED,85,+524243821049,2026-09-06T14:31:01.619372+00:00
"Chemicals, Polymers, Plastics & Packaging",PLASTICOS DE LAS AMERICAS S.A.S.,plasticosdelasamer.com.mx,David Morales,Chief Operating Officer (COO),C_SUITE,OPERATIONS,dmorales@plasticosdelasamer.com.mx,VERIFIED,85,+529310241587,2026-09-06T14:31:01.619372+00:00
"Chemicals, Polymers, Plastics & Packaging",PLASTICOS DE LAS AMERICAS S.A.S.,plasticosdelasamer.com.mx,Fernando Ruiz,Chief Executive Officer (CEO),C_SUITE,EXECUTIVE,fruiz@plasticosdelasamer.com.mx,VERIFIED,85,+524230803760,2026-09-06T14:31:01.619372+00:00
"Chemicals, Polymers, Plastics & Packaging",PLASTICOS DE LAS AMERICAS S.A.S.,plasticosdelasamer.com.mx,Alejandro López,Chief Financial Officer (CFO),C_SUITE,FINANCE,alópez@plasticosdelasamer.com.mx,VERIFIED,85,+525189195254,2026-09-06T14:31:01.619372+00:00
"Chemicals, Polymers, Plastics & Packaging",PLASTICOS DE LAS AMERICAS S.A.S.,plasticosdelasamer.com,Carlos Vega,Chief Human Resources Officer (CHRO),C_SUITE,HR_PEOPLE,cvega@plasticosdelasamer.com,VERIFIED,85,+529917223218,2026-09-06T14:31:01.619372+00:00
"Chemicals, Polymers, Plastics & Packaging",QUIMICA MODERNA S. DE R.L. DE C.V.,quimicamoderna72.com,Gabriel Villaseñor,Chief Financial Officer (CFO),C_SUITE,FINANCE,gvillaseñor@quimicamoderna72.com,VERIFIED,85,+529054006641,2026-09-06T14:31:01.619372+00:00
"Chemicals, Polymers, Plastics & Packaging",QUIMICA MODERNA S. DE R.L. DE C.V.,quimicamoderna72.com,Jorge Villaseñor,Chief Human Resources Officer (CHRO),C_SUITE,HR_PEOPLE,jvillaseñor@quimicamoderna.mx,VERIFIED,85,+529086769013,2026-09-06T14:31:01.619372+00:00
"Chemicals, Polymers, Plastics & Packaging",EMPAQUES INTEGRAL S. DE R.L. DE C.V.,empaquesintegral.com.mx,Javier López,Chief Human Resources Officer (CHRO),C_SUITE,HR_PEOPLE,jlópez@empaquesintegral.com.mx,VERIFIED,85,+525533064824,2026-09-06T14:31:01.619372+00:00
"Chemicals, Polymers, Plastics & Packaging",EMPAQUES INTEGRAL S. DE R.L. DE C.V.,empaquesintegral.com.mx,Fernando Dominguez,Chief Operating Officer (COO),C_SUITE,OPERATIONS,fdominguez@empaquesintegral.com.mx,VERIFIED,85,+525528507646,2026-09-06T14:31:01.619372+00:00
"Chemicals, Polymers, Plastics & Packaging",EMPAQUES INTEGRAL S. DE R.L. DE C.V.,empaquesintegral.com.mx,Claudia González,Chief Executive Officer (CEO),C_SUITE,EXECUTIVE,cgonzález@empaquesintegral.com.mx,VERIFIED,85,+525568043577,2026-09-06T14:31:01.619372+00:00
"Chemicals, Polymers, Plastics & Packaging",EMPAQUES INTEGRAL S. DE R.L. DE C.V.,empaquesintegral.mx,Gabriel Martínez,Chief Human Resources Officer (CHRO),C_SUITE,HR_PEOPLE,gmartínez@empaquesintegral.mx,VERIFIED,85,+525533880777,2026-09-06T14:31:01.619372+00:00
"Chemicals, Polymers, Plastics & Packaging",EMPAQUES INTEGRAL S. DE R.L. DE C.V.,empaquesintegral.mx,Alejandro González,Chief Operating Officer (COO),C_SUITE,OPERATIONS,agonzález@empaquesintegral.mx,VERIFIED,85,+525526793893,2026-09-06T14:31:01.619372+00:00
"Chemicals, Polymers, Plastics & Packaging",EMPAQUES INTEGRAL 21 S.A.P.I. DE C.V.,empaquesintegral77.com.mx,Roberto López,Chief Executive Officer (CEO),C_SUITE,EXECUTIVE,rlópez@empaquesintegral77.com.mx,VERIFIED,85,+525541274650,2026-09-06T14:31:01.619372+00:00
"Chemicals, Polymers, Plastics & Packaging",PLASTICOS ESPECIALIZADA S.A.S.,plasticosespeciali.mx,Miguel Hernández,Chief Human Resources Officer (CHRO),C_SUITE,HR_PEOPLE,mhernández@plasticosespeciali.mx,VERIFIED,85,+525511769888,2026-09-06T14:31:01.619372+00:00
"Chemicals, Polymers, Plastics & Packaging",PLASTICOS ESPECIALIZADA S.A.S.,plasticosespeciali.mx,Jorge Vega,Chief Operating Officer (COO),C_SUITE,OPERATIONS,jvega@plasticosespeciali.mx,VERIFIED,85,+525521736069,2026-09-06T14:31:01.619372+00:00
"Chemicals, Polymers, Plastics & Packaging",PLASTICOS ESPECIALIZADA S.C.,plasticosespeciali.com,Claudia Ruiz,Chief Technology Officer (CTO),C_SUITE,ENGINEERING_IT,cruiz@plasticosespeciali.com,VERIFIED,85,+525581624241,2026-09-06T14:31:01.619372+00:00
"Chemicals, Polymers, Plastics & Packaging",PLASTICOS ESPECIALIZADA S.C.,plasticosespeciali.com,Fernando Hernández,Chief Technology Officer (CTO),C_SUITE,ENGINEERING_IT,fhernández@plasticosespeciali.com,VERIFIED,85,+525569323747,2026-09-06T14:31:01.619372+00:00
"Chemicals, Polymers, Plastics & Packaging",PLASTICOS AVANZADA S.A.P.I. DE C.V.,plasticosavanzada.com,Rodrigo Salinas,Chief Operating Officer (COO),C_SUITE,OPERATIONS,rsalinas@plasticosavanzada.com,VERIFIED,85,+524350196856,2026-09-06T14:31:01.619372+00:00
"Chemicals, Polymers, Plastics & Packaging",PLASTICOS AVANZADA S.A.P.I. DE C.V.,plasticosavanzada.com,Fernando Mendoza,Chief Revenue Officer (CRO),C_SUITE,SALES_MARKETING,fmendoza@plasticosavanzada.com,VERIFIED,85,+527990255596,2026-09-06T14:31:01.619372+00:00
"Chemicals, Polymers, Plastics & Packaging",PLASTICOS AVANZADA S.A.P.I. DE C.V.,plasticosavanzada.com,Fernando Morales,Chief Executive Officer (CEO),C_SUITE,EXECUTIVE,fmorales@plasticosavanzada.mx,VERIFIED,85,+527376471577,2026-09-06T14:31:01.619372+00:00
"Chemicals, Polymers, Plastics & Packaging",PLASTICOS AVANZADA S.A.P.I. DE C.V.,plasticosavanzada.com,Patricia Castro,Chief Financial Officer (CFO),C_SUITE,FINANCE,pcastro@plasticosavanzada.com,VERIFIED,85,+529819664043,2026-09-06T14:31:01.619372+00:00
"Chemicals, Polymers, Plastics & Packaging",PLASTICOS AVANZADA S.A.P.I. DE C.V.,plasticosavanzada.com,Javier Salinas,Chief Executive Officer (CEO),C_SUITE,EXECUTIVE,jsalinas@plasticosavanzada.com,VERIFIED,85,+529825190105,2026-09-06T14:31:01.619372+00:00
"Chemicals, Polymers, Plastics & Packaging",PLASTICOS AVANZADA S.A.P.I. DE C.V.,plasticosavanzada.com,Guillermo Alarcón,Chief Executive Officer (CEO),C_SUITE,EXECUTIVE,galarcón@plasticosavanzada.com.mx,VERIFIED,85,+526865443677,2026-09-06T14:31:01.619372+00:00
"Chemicals, Polymers, Plastics & Packaging",EMPAQUES DE LAS AMERICAS S.A. DE C.V.,empaquesdelasameri.com,Adriana Alarcón,Chief Executive Officer (CEO),C_SUITE,EXECUTIVE,aalarcón@empaquesdelasameri.com,VERIFIED,85,+525619057779,2026-09-06T14:31:01.624240+00:00
"Chemicals, Polymers, Plastics & Packaging",EMPAQUES DE LAS AMERICAS S.A. DE C.V.,empaquesdelasameri.com,Hector Hernández,Chief Revenue Officer (CRO),C_SUITE,SALES_MARKETING,hhernández@empaquesdelasameri.com,VERIFIED,85,+524939472643,2026-09-06T14:31:01.624240+00:00
"Chemicals, Polymers, Plastics & Packaging",EMPAQUES DE OCCIDENTE 96 S.A.S.,empaquesdeoccident.com,Fernando González,Chief Financial Officer (CFO),C_SUITE,FINANCE,fgonzález@empaquesdeoccident.com,VERIFIED,85,+527426556715,2026-09-06T14:31:01.624240+00:00
"Chemicals, Polymers, Plastics & Packaging",EMPAQUES DE OCCIDENTE 96 S.A.S.,empaquesdeoccident.com,Gabriel Mendoza,Chief Technology Officer (CTO),C_SUITE,ENGINEERING_IT,gmendoza@empaquesdeoccident.com,VERIFIED,85,+528494552951,2026-09-06T14:31:01.624240+00:00
"Chemicals, Polymers, Plastics & Packaging",EMPAQUES DE LAS AMERICAS S.C.,empaquesdelasameri.mx,Mariana Dominguez,Chief Technology Officer (CTO),C_SUITE,ENGINEERING_IT,mdominguez@empaquesdelasameri.mx,VERIFIED,85,+526150913772,2026-09-06T14:31:01.624240+00:00
"Chemicals, Polymers, Plastics & Packaging",EMPAQUES DE LAS AMERICAS S.C.,empaquesdelasameri.mx,Mariana López,Chief Human Resources Officer (CHRO),C_SUITE,HR_PEOPLE,mlópez@empaquesdelasameri.mx,VERIFIED,85,+524358015543,2026-09-06T14:31:01.624240+00:00
"Chemicals, Polymers, Plastics & Packaging",EMPAQUES DE LAS AMERICAS S.C.,empaquesdelasameri.mx,David Mendoza,Chief Operating Officer (COO),C_SUITE,OPERATIONS,dmendoza@empaquesdelasameri.mx,VERIFIED,85,+528813835969,2026-09-06T14:31:01.624240+00:00
"Chemicals, Polymers, Plastics & Packaging",EMPAQUES DE OCCIDENTE S. DE R.L. DE C.V.,empaquesdeoccident.mx,Roberto Garza,Chief Executive Officer (CEO),C_SUITE,EXECUTIVE,rgarza@empaquesdeoccident.mx,VERIFIED,85,+529371357836,2026-09-06T14:31:01.624240+00:00
"Chemicals, Polymers, Plastics & Packaging",EMPAQUES DE OCCIDENTE S. DE R.L. DE C.V.,empaquesdeoccident.mx,Adriana Castro,Founder,FOUNDER,EXECUTIVE,acastro@empaquesdeoccident.mx,VERIFIED,85,+524633679043,2026-09-06T14:31:01.624240+00:00
"Chemicals, Polymers, Plastics & Packaging",PLASTICOS EMPRESARIAL 42 S.A.B. DE C.V.,plasticosempresari.mx,Rodrigo Navarro,Chief Financial Officer (CFO),C_SUITE,FINANCE,rnavarro@plasticosempresari.mx,VERIFIED,85,+529953635478,2026-09-06T14:31:01.624240+00:00
"Chemicals, Polymers, Plastics & Packaging",PLASTICOS EMPRESARIAL 42 S.A.B. DE C.V.,plasticosempresari.mx,Javier Vega,Chief Human Resources Officer (CHRO),C_SUITE,HR_PEOPLE,jvega@plasticosempresari.mx,VERIFIED,85,+527842355912,2026-09-06T14:31:01.624240+00:00
"Chemicals, Polymers, Plastics & Packaging",PLASTICOS LATINOAMERICANA S.C.,plasticoslatinoame.mx,Adriana López,Chief Executive Officer (CEO),C_SUITE,EXECUTIVE,alópez@plasticoslatinoame.mx,VERIFIED,85,+525255950978,2026-09-06T14:31:01.624240+00:00
"Chemicals, Polymers, Plastics & Packaging",PLASTICOS LATINOAMERICANA S.C.,plasticoslatinoame.mx,Gabriel García,Chief Executive Officer (CEO),C_SUITE,EXECUTIVE,ggarcía@plasticoslatinoame.com.mx,VERIFIED,85,+527336408905,2026-09-06T14:31:01.624240+00:00
"Chemicals, Polymers, Plastics & Packaging",PLASTICOS LATINOAMERICANA S.A.S.,plasticoslatinoame.com,Mariana Alarcón,Chief Human Resources Officer (CHRO),C_SUITE,HR_PEOPLE,malarcón@plasticoslatinoame.com,VERIFIED,85,+528269318254,2026-09-06T14:31:01.624240+00:00
"Chemicals, Polymers, Plastics & Packaging",PLASTICOS LATINOAMERICANA S.A.S.,plasticoslatinoame.com.mx,Andrea Morales,Chief Human Resources Officer (CHRO),C_SUITE,HR_PEOPLE,amorales@plasticoslatinoame.com.mx,VERIFIED,85,+524913474093,2026-09-06T14:31:01.624240+00:00
"Chemicals, Polymers, Plastics & Packaging",PLASTICOS LATINOAMERICANA S.A.S.,plasticoslatinoame.com.mx,Luis Treviño,Chief Executive Officer (CEO),C_SUITE,EXECUTIVE,ltreviño@plasticoslatinoame.com.mx,VERIFIED,85,+528135767318,2026-09-06T14:31:01.624240+00:00
"Chemicals, Polymers, Plastics & Packaging",EMPAQUES AVANZADA 66 S. DE R.L. DE C.V.,empaquesavanzada.com.mx,Gabriel Dominguez,Chief Human Resources Officer (CHRO),C_SUITE,HR_PEOPLE,gdominguez@empaquesavanzada.com.mx,VERIFIED,85,+529148438407,2026-09-06T14:31:01.626354+00:00
"Chemicals, Polymers, Plastics & Packaging",EMPAQUES DE OCCIDENTE S. DE R.L. DE C.V.,empaquesdeoccident.mx,Andrea Hernández,Chief Executive Officer (CEO),C_SUITE,EXECUTIVE,ahernández@empaquesdeoccident.mx,VERIFIED,85,+524059463959,2026-09-06T14:31:01.626354+00:00
"Chemicals, Polymers, Plastics & Packaging",EMPAQUES DE LAS AMERICAS 96 S.A.B. DE C.V.,empaquesdelasameri.com.mx,Guillermo Mendoza,Chief Executive Officer (CEO),C_SUITE,EXECUTIVE,gmendoza@empaquesdelasameri.com.mx,VERIFIED,85,+526296982048,2026-09-06T14:31:01.626354+00:00
"Chemicals, Polymers, Plastics & Packaging",EMPAQUES DE LAS AMERICAS 96 S.A.B. DE C.V.,empaquesdelasameri.com.mx,Roberto Castro,Chief Executive Officer (CEO),C_SUITE,EXECUTIVE,rcastro@empaquesdelasameri.com.mx,VERIFIED,85,+528237625172,2026-09-06T14:31:01.626354+00:00
"Chemicals, Polymers, Plastics & Packaging",EMPAQUES DE LAS AMERICAS 96 S.A.B. DE C.V.,empaquesdelasameri.com.mx,Javier Treviño,Chief Revenue Officer (CRO),C_SUITE,SALES_MARKETING,jtreviño@empaquesdelasameri.com.mx,VERIFIED,85,+525241884141,2026-09-06T14:31:01.626354+00:00
"Chemicals, Polymers, Plastics & Packaging",PLASTICOS INDUSTRIAL S. DE R.L. DE C.V.,plasticosindustria.mx,Guillermo González,Chief Executive Officer (CEO),C_SUITE,EXECUTIVE,ggonzález@plasticosindustria.mx,VERIFIED,85,+524111384764,2026-09-06T14:31:01.626354+00:00
"Chemicals, Polymers, Plastics & Packaging",PLASTICOS INDUSTRIAL S.A.B. DE C.V.,plasticosindustria.com.mx,Eduardo Mendoza,Chief Executive Officer (CEO),C_SUITE,EXECUTIVE,emendoza@plasticosindustria.com.mx,VERIFIED,85,+525658481868,2026-09-06T14:31:01.626354+00:00
"Chemicals, Polymers, Plastics & Packaging",PLASTICOS INDUSTRIAL S.A.B. DE C.V.,plasticosindustria.com.mx,Roberto López,Chief Financial Officer (CFO),C_SUITE,FINANCE,rlópez@plasticosindustria.com,VERIFIED,85,+529810303811,2026-09-06T14:31:01.626354+00:00
"Chemicals, Polymers, Plastics & Packaging",PLASTICOS CENTRAL S.A. DE C.V.,plasticoscentral.com,Roberto Martínez,Founder,FOUNDER,EXECUTIVE,rmartínez@plasticoscentral.com,VERIFIED,85,+523364763632,2026-09-06T14:31:01.626354+00:00
"Chemicals, Polymers, Plastics & Packaging",PLASTICOS CENTRAL S.A. DE C.V.,plasticoscentral.com,Gabriel Ruiz,Chief Human Resources Officer (CHRO),C_SUITE,HR_PEOPLE,gruiz@plasticoscentral.com,VERIFIED,85,+523330470302,2026-09-06T14:31:01.626354+00:00
"Chemicals, Polymers, Plastics & Packaging",PLASTICOS CENTRAL S.A. DE C.V.,plasticoscentral.com,Fernando Vega,Chief Financial Officer (CFO),C_SUITE,FINANCE,fvega@plasticoscentral.com,VERIFIED,85,+523382023130,2026-09-06T14:31:01.626354+00:00
"Chemicals, Polymers, Plastics & Packaging",PLASTICOS CENTRAL S.A.P.I. DE C.V.,plasticoscentral11.com.mx,Javier Garza,Chief Executive Officer (CEO),C_SUITE,EXECUTIVE,jgarza@plasticoscentral11.com.mx,VERIFIED,85,+523378170002,2026-09-06T14:31:01.626354+00:00
"Chemicals, Polymers, Plastics & Packaging",PLASTICOS CENTRAL S.C.,plasticoscentral.com.mx,Rodrigo González,Chief Financial Officer (CFO),C_SUITE,FINANCE,rgonzález@plasticoscentral.com.mx,VERIFIED,85,+523320013974,2026-09-06T14:31:01.626354+00:00
"Chemicals, Polymers, Plastics & Packaging",PLASTICOS CENTRAL S.C.,plasticoscentral.com.mx,Sofia Treviño,Chief Revenue Officer (CRO),C_SUITE,SALES_MARKETING,streviño@plasticoscentral.com.mx,VERIFIED,85,+523371734503,2026-09-06T14:31:01.626354+00:00
"Chemicals, Polymers, Plastics & Packaging",PLASTICOS CENTRAL S.A.S.,plasticoscentral.mx,Andrea Benítez,Chief Revenue Officer (CRO),C_SUITE,SALES_MARKETING,abenítez@plasticoscentral.mx,VERIFIED,85,+523379470255,2026-09-06T14:31:01.626354+00:00
"Chemicals, Polymers, Plastics & Packaging",QUIMICA MEXICANA S.A. DE C.V.,quimicamexicana.mx,Eduardo Morales,Founder,FOUNDER,EXECUTIVE,emorales@quimicamexicana.mx,VERIFIED,85,+524122585382,2026-09-06T14:31:01.626354+00:00
"Chemicals, Polymers, Plastics & Packaging",QUIMICA MEXICANA S.A. DE C.V.,quimicamexicana.mx,Claudia Vega,Chief Technology Officer (CTO),C_SUITE,ENGINEERING_IT,cvega@quimicamexicana.com.mx,VERIFIED,85,+529515105878,2026-09-06T14:31:01.626354+00:00
"Chemicals, Polymers, Plastics & Packaging",QUIMICA MEXICANA S. DE R.L. DE C.V.,quimicamexicana.com.mx,Mariana López,Chief Human Resources Officer (CHRO),C_SUITE,HR_PEOPLE,mlópez@quimicamexicana.com.mx,VERIFIED,85,+529988741083,2026-09-06T14:31:01.626354+00:00
"Chemicals, Polymers, Plastics & Packaging",EMPAQUES INDUSTRIAL S.A.S.,empaquesindustrial.com.mx,Andrea Martínez,Chief Revenue Officer (CRO),C_SUITE,SALES_MARKETING,amartínez@empaquesindustrial.com.mx,VERIFIED,85,+525512530239,2026-09-06T14:31:01.632831+00:00
"Chemicals, Polymers, Plastics & Packaging",EMPAQUES INDUSTRIAL S.A.S.,empaquesindustrial.com.mx,Javier Benítez,Chief Financial Officer (CFO),C_SUITE,FINANCE,jbenítez@empaquesindustrial.com.mx,VERIFIED,85,+525563289143,2026-09-06T14:31:01.632831+00:00
"Chemicals, Polymers, Plastics & Packaging",EMPAQUES INDUSTRIAL S.A.S.,empaquesindustrial.com.mx,Sofia Morales,Chief Technology Officer (CTO),C_SUITE,ENGINEERING_IT,smorales@empaquesindustrial.com.mx,VERIFIED,85,+525543421183,2026-09-06T14:31:01.632831+00:00
"Chemicals, Polymers, Plastics & Packaging",EMPAQUES INDUSTRIAL S.A.S.,empaquesindustrial.com.mx,Adriana Alarcón,Chief Technology Officer (CTO),C_SUITE,ENGINEERING_IT,aalarcón@empaquesindustrial.com.mx,VERIFIED,85,+525537368148,2026-09-06T14:31:01.632831+00:00
"Chemicals, Polymers, Plastics & Packaging",EMPAQUES INDUSTRIAL S.A.P.I. DE C.V.,empaquesindustrial.com,Hector Castro,Chief Human Resources Officer (CHRO),C_SUITE,HR_PEOPLE,hcastro@empaquesindustrial.com,VERIFIED,85,+525592312581,2026-09-06T14:31:01.632831+00:00
"Chemicals, Polymers, Plastics & Packaging",EMPAQUES INDUSTRIAL S.A.P.I. DE C.V.,empaquesindustrial.com,Luis García,Founder,FOUNDER,EXECUTIVE,lgarcía@empaquesindustrial.mx,VERIFIED,85,+525541227992,2026-09-06T14:31:01.632831+00:00
"Chemicals, Polymers, Plastics & Packaging",QUIMICA EMPRESARIAL S.A.S.,quimicaempresarial.mx,Mariana Dominguez,Chief Human Resources Officer (CHRO),C_SUITE,HR_PEOPLE,mdominguez@quimicaempresarial.mx,VERIFIED,85,+525810374643,2026-09-06T14:31:01.632831+00:00
"Chemicals, Polymers, Plastics & Packaging",QUIMICA EMPRESARIAL S.A.S.,quimicaempresarial.mx,Miguel Hernández,Chief Financial Officer (CFO),C_SUITE,FINANCE,mhernández@quimicaempresarial.mx,VERIFIED,85,+526738748671,2026-09-06T14:31:01.632831+00:00
"Chemicals, Polymers, Plastics & Packaging",QUIMICA AVANZADA S. DE R.L. DE C.V.,quimicaavanzada.mx,Daniel Mendoza,Chief Executive Officer (CEO),C_SUITE,EXECUTIVE,dmendoza@quimicaavanzada.mx,VERIFIED,85,+527584151882,2026-09-06T14:31:01.634836+00:00
"Chemicals, Polymers, Plastics & Packaging",EMPAQUES GLOBAL S.A.P.I. DE C.V.,empaquesglobal.mx,Eduardo Hernández,Chief Revenue Officer (CRO),C_SUITE,SALES_MARKETING,ehernández@empaquesglobal.mx,VERIFIED,85,+527627867656,2026-09-06T14:31:01.634836+00:00
"Chemicals, Polymers, Plastics & Packaging",EMPAQUES GLOBAL S.C.,empaquesglobal50.com.mx,Patricia López,Chief Revenue Officer (CRO),C_SUITE,SALES_MARKETING,plópez@empaquesglobal50.com.mx,VERIFIED,85,+526439506613,2026-09-06T14:31:01.634836+00:00
"Chemicals, Polymers, Plastics & Packaging",EMPAQUES GLOBAL 73 S.A.P.I. DE C.V.,empaquesglobal.com.mx,Fernando Salinas,Chief Operating Officer (COO),C_SUITE,OPERATIONS,fsalinas@empaquesglobal.com.mx,VERIFIED,85,+529024180087,2026-09-06T14:31:01.634836+00:00
"Chemicals, Polymers, Plastics & Packaging",EMPAQUES GLOBAL S. DE R.L. DE C.V.,empaquesglobal.com,Roberto Hernández,Chief Revenue Officer (CRO),C_SUITE,SALES_MARKETING,rhernández@empaquesglobal.com,VERIFIED,85,+525190560153,2026-09-06T14:31:01.634836+00:00
"Chemicals, Polymers, Plastics & Packaging",PLASTICOS EMPRESARIAL S. DE R.L. DE C.V.,plasticosempresari.mx,Gabriel Ruiz,Chief Executive Officer (CEO),C_SUITE,EXECUTIVE,gruiz@plasticosempresari.mx,VERIFIED,85,+529996956695,2026-09-06T14:31:01.636734+00:00
"Chemicals, Polymers, Plastics & Packaging",PLASTICOS EMPRESARIAL S. DE R.L. DE C.V.,plasticosempresari.mx,Guillermo Benítez,Chief Operating Officer (COO),C_SUITE,OPERATIONS,gbenítez@plasticosempresari.mx,VERIFIED,85,+526554713075,2026-09-06T14:31:01.636734+00:00
"Chemicals, Polymers, Plastics & Packaging",PLASTICOS EMPRESARIAL S. DE R.L. DE C.V.,plasticosempresari.mx,Alejandro Vega,Founder,FOUNDER,EXECUTIVE,avega@plasticosempresari.mx,VERIFIED,85,+526573559905,2026-09-06T14:31:01.636734+00:00
"Chemicals, Polymers, Plastics & Packaging",PLASTICOS EMPRESARIAL S.A.B. DE C.V.,plasticosempresari.com,Miguel Villaseñor,Founder,FOUNDER,EXECUTIVE,mvillaseñor@plasticosempresari.com,VERIFIED,85,+528486356379,2026-09-06T14:31:01.636734+00:00
"Chemicals, Polymers, Plastics & Packaging",PLASTICOS MEXICANA S.A.B. DE C.V.,plasticosmexicana.com,Javier Salinas,Chief Financial Officer (CFO),C_SUITE,FINANCE,jsalinas@plasticosmexicana.com,VERIFIED,85,+525718559599,2026-09-06T14:31:01.636734+00:00
"Chemicals, Polymers, Plastics & Packaging",PLASTICOS MEXICANA S.A.B. DE C.V.,plasticosmexicana.com,Jorge Hernández,Chief Financial Officer (CFO),C_SUITE,FINANCE,jhernández@plasticosmexicana.com.mx,VERIFIED,85,+525476948170,2026-09-06T14:31:01.636734+00:00
"Chemicals, Polymers, Plastics & Packaging",PLASTICOS MEXICANA S.A.P.I. DE C.V.,plasticosmexicana.com.mx,Fernando Treviño,Chief Financial Officer (CFO),C_SUITE,FINANCE,ftreviño@plasticosmexicana.com.mx,VERIFIED,85,+528652923157,2026-09-06T14:31:01.636734+00:00
"Chemicals, Polymers, Plastics & Packaging",PLASTICOS MEXICANA S.A.P.I. DE C.V.,plasticosmexicana.com.mx,Javier Vega,Chief Executive Officer (CEO),C_SUITE,EXECUTIVE,jvega@plasticosmexicana.com.mx,VERIFIED,85,+529734021261,2026-09-06T14:31:01.636734+00:00
"Chemicals, Polymers, Plastics & Packaging",EMPAQUES DINAMICA S.A. DE C.V.,empaquesdinamica15.mx,David González,Chief Financial Officer (CFO),C_SUITE,FINANCE,dgonzález@empaquesdinamica15.mx,VERIFIED,85,+527911355095,2026-09-06T14:31:01.636734+00:00
"Chemicals, Polymers, Plastics & Packaging",EMPAQUES DINAMICA S.A. DE C.V.,empaquesdinamica15.mx,Andrea Salinas,Chief Human Resources Officer (CHRO),C_SUITE,HR_PEOPLE,asalinas@empaquesdinamica72.com.mx,VERIFIED,85,+525048626097,2026-09-06T14:31:01.636734+00:00
"Chemicals, Polymers, Plastics & Packaging",EMPAQUES DINAMICA S. DE R.L. DE C.V.,empaquesdinamica.com.mx,Claudia Dominguez,Chief Executive Officer (CEO),C_SUITE,EXECUTIVE,cdominguez@empaquesdinamica.com.mx,VERIFIED,85,+526832018310,2026-09-06T14:31:01.636734+00:00
"Chemicals, Polymers, Plastics & Packaging",EMPAQUES DINAMICA S.A. DE C.V.,empaquesdinamica.mx,David Alarcón,Chief Financial Officer (CFO),C_SUITE,FINANCE,dalarcón@empaquesdinamica.mx,VERIFIED,85,+525577567247,2026-09-06T14:31:01.636734+00:00
"Chemicals, Polymers, Plastics & Packaging",EMPAQUES MODERNA S.A. DE C.V.,empaquesmoderna.mx,David Alarcón,Chief Executive Officer (CEO),C_SUITE,EXECUTIVE,dalarcón@empaquesmoderna.mx,VERIFIED,85,+529669486774,2026-09-06T14:31:01.636734+00:00
"Chemicals, Polymers, Plastics & Packaging",EMPAQUES MODERNA S.A. DE C.V.,empaquesmoderna.mx,Patricia Alarcón,Chief Operating Officer (COO),C_SUITE,OPERATIONS,palarcón@empaquesmoderna.mx,VERIFIED,85,+524641727993,2026-09-06T14:31:01.636734+00:00
"Chemicals, Polymers, Plastics & Packaging",EMPAQUES MODERNA S.A. DE C.V.,empaquesmoderna.mx,Andrea Garza,Chief Revenue Officer (CRO),C_SUITE,SALES_MARKETING,agarza@empaquesmoderna.mx,VERIFIED,85,+529654610704,2026-09-06T14:31:01.636734+00:00
"Chemicals, Polymers, Plastics & Packaging",EMPAQUES MODERNA S.A.B. DE C.V.,empaquesmoderna.com,Miguel López,Chief Human Resources Officer (CHRO),C_SUITE,HR_PEOPLE,mlópez@empaquesmoderna.com,VERIFIED,85,+525047756666,2026-09-06T14:31:01.636734+00:00
"Chemicals, Polymers, Plastics & Packaging",EMPAQUES MODERNA S. DE R.L. DE C.V.,empaquesmoderna78.com.mx,Sofia Ruiz,Chief Technology Officer (CTO),C_SUITE,ENGINEERING_IT,sruiz@empaquesmoderna78.com.mx,VERIFIED,85,+526934322569,2026-09-06T14:31:01.636734+00:00
"Chemicals, Polymers, Plastics & Packaging",PLASTICOS DINAMICA S.A.P.I. DE C.V.,plasticosdinamica.com.mx,Guillermo Hernández,Chief Revenue Officer (CRO),C_SUITE,SALES_MARKETING,ghernández@plasticosdinamica.com.mx,VERIFIED,85,+524588218084,2026-09-06T14:31:01.640515+00:00
"Chemicals, Polymers, Plastics & Packaging",PLASTICOS DINAMICA S.A.P.I. DE C.V.,plasticosdinamica.com.mx,Carlos González,Chief Executive Officer (CEO),C_SUITE,EXECUTIVE,cgonzález@plasticosdinamica.com.mx,VERIFIED,85,+526027406821,2026-09-06T14:31:01.640515+00:00
"Chemicals, Polymers, Plastics & Packaging",PLASTICOS DINAMICA S.A. DE C.V.,plasticosdinamica.mx,Daniel Hernández,Chief Executive Officer (CEO),C_SUITE,EXECUTIVE,dhernández@plasticosdinamica.mx,VERIFIED,85,+525630101887,2026-09-06T14:31:01.640515+00:00
"Chemicals, Polymers, Plastics & Packaging",PLASTICOS DINAMICA S.A. DE C.V.,plasticosdinamica.mx,David Villaseñor,Chief Financial Officer (CFO),C_SUITE,FINANCE,dvillaseñor@plasticosdinamica6.com,VERIFIED,85,+526134912905,2026-09-06T14:31:01.640515+00:00
"Chemicals, Polymers, Plastics & Packaging",PLASTICOS DINAMICA S.A.S.,plasticosdinamica6.mx,Miguel González,Chief Executive Officer (CEO),C_SUITE,EXECUTIVE,mgonzález@plasticosdinamica6.mx,VERIFIED,85,+528810681724,2026-09-06T14:31:01.640515+00:00
"Chemicals, Polymers, Plastics & Packaging",QUIMICA GLOBAL S.A.P.I. DE C.V.,quimicaglobal.mx,Daniel Castro,Founder,FOUNDER,EXECUTIVE,dcastro@quimicaglobal.mx,VERIFIED,85,+528739280173,2026-09-06T14:31:01.640515+00:00
"Chemicals, Polymers, Plastics & Packaging",QUIMICA GLOBAL S. DE R.L. DE C.V.,quimicaglobal.com,Alejandro Martínez,Chief Human Resources Officer (CHRO),C_SUITE,HR_PEOPLE,amartínez@quimicaglobal.com,VERIFIED,85,+525867215304,2026-09-06T14:31:01.640515+00:00
"Chemicals, Polymers, Plastics & Packaging",EMPAQUES DE OCCIDENTE S.A. DE C.V.,empaquesdeoccident.mx,Guillermo Treviño,Chief Human Resources Officer (CHRO),C_SUITE,HR_PEOPLE,gtreviño@empaquesdeoccident.mx,VERIFIED,85,+526357930139,2026-09-06T14:31:01.640515+00:00
"Chemicals, Polymers, Plastics & Packaging",EMPAQUES DE OCCIDENTE S.A. DE C.V.,empaquesdeoccident.mx,Miguel Navarro,Founder,FOUNDER,EXECUTIVE,mnavarro@empaquesdeoccident.mx,VERIFIED,85,+527394943230,2026-09-06T14:31:01.640515+00:00
"Chemicals, Polymers, Plastics & Packaging",EMPAQUES DE OCCIDENTE S.A. DE C.V.,empaquesdeoccident.mx,Adriana Garza,Founder,FOUNDER,EXECUTIVE,agarza@empaquesdeoccident.com.mx,VERIFIED,85,+526081340332,2026-09-06T14:31:01.640515+00:00
"Chemicals, Polymers, Plastics & Packaging",EMPAQUES DE OCCIDENTE S.A. DE C.V.,empaquesdeoccident.mx,Miguel Salinas,Chief Executive Officer (CEO),C_SUITE,EXECUTIVE,msalinas@empaquesdeoccident.mx,VERIFIED,85,+525936351854,2026-09-06T14:31:01.640515+00:00
"Chemicals, Polymers, Plastics & Packaging",EMPAQUES DE OCCIDENTE S.A. DE C.V.,empaquesdeoccident.mx,Javier Garza,Chief Operating Officer (COO),C_SUITE,OPERATIONS,jgarza@empaquesdeoccident.mx,VERIFIED,85,+525530002339,2026-09-06T14:31:01.640515+00:00
"Chemicals, Polymers, Plastics & Packaging",EMPAQUES DE LAS AMERICAS S.A. DE C.V.,empaquesdelasameri.mx,Eduardo Valenzuela,Chief Financial Officer (CFO),C_SUITE,FINANCE,evalenzuela@empaquesdelasameri.mx,VERIFIED,85,+524292960435,2026-09-06T14:31:01.640515+00:00
"Chemicals, Polymers, Plastics & Packaging",EMPAQUES DE LAS AMERICAS S.A. DE C.V.,empaquesdelasameri.mx,Hector Hernández,Chief Technology Officer (CTO),C_SUITE,ENGINEERING_IT,hhernández@empaquesdelasameri.com.mx,VERIFIED,85,+528121113809,2026-09-06T14:31:01.640515+00:00
"Chemicals, Polymers, Plastics & Packaging",EMPAQUES DE LAS AMERICAS S.A. DE C.V.,empaquesdelasameri.mx,David López,Chief Technology Officer (CTO),C_SUITE,ENGINEERING_IT,dlópez@empaquesdelasameri.mx,VERIFIED,85,+524499444397,2026-09-06T14:31:01.640515+00:00
"Chemicals, Polymers, Plastics & Packaging",EMPAQUES DE LAS AMERICAS S.A.S.,empaquesdelasameri.com,Daniel Benítez,Chief Technology Officer (CTO),C_SUITE,ENGINEERING_IT,dbenítez@empaquesdelasameri.com,VERIFIED,85,+528248695849,2026-09-06T14:31:01.640515+00:00
"Chemicals, Polymers, Plastics & Packaging",EMPAQUES DE LAS AMERICAS S.A.S.,empaquesdelasameri.com,Eduardo Valenzuela,Chief Executive Officer (CEO),C_SUITE,EXECUTIVE,evalenzuela@empaquesdelasameri.com,VERIFIED,85,+524458715794,2026-09-06T14:31:01.640515+00:00
"Chemicals, Polymers, Plastics & Packaging",EMPAQUES DE LAS AMERICAS 99 S.A.S.,empaquesdelasameri.com.mx,Javier Valenzuela,Founder,FOUNDER,EXECUTIVE,jvalenzuela@empaquesdelasameri.com.mx,VERIFIED,85,+527161242428,2026-09-06T14:31:01.640515+00:00
"Chemicals, Polymers, Plastics & Packaging",PLASTICOS MEXICANA S.A. DE C.V.,plasticosmexicana9.com,Claudia Hernández,Chief Operating Officer (COO),C_SUITE,OPERATIONS,chernández@plasticosmexicana9.com,VERIFIED,85,+527927964742,2026-09-06T14:31:01.642111+00:00
"Chemicals, Polymers, Plastics & Packaging",PLASTICOS AVANZADA S.A.P.I. DE C.V.,plasticosavanzada.mx,Mariana Mendoza,Chief Technology Officer (CTO),C_SUITE,ENGINEERING_IT,mmendoza@plasticosavanzada.mx,VERIFIED,85,+526024402714,2026-09-06T14:31:01.642811+00:00
"Chemicals, Polymers, Plastics & Packaging",PLASTICOS AVANZADA S.A.P.I. DE C.V.,plasticosavanzada.mx,Jorge Navarro,Chief Technology Officer (CTO),C_SUITE,ENGINEERING_IT,jnavarro@plasticosavanzada.com.mx,VERIFIED,85,+529912564807,2026-09-06T14:31:01.642811+00:00
"Chemicals, Polymers, Plastics & Packaging",PLASTICOS AVANZADA S. DE R.L. DE C.V.,plasticosavanzada7.mx,Claudia González,Chief Revenue Officer (CRO),C_SUITE,SALES_MARKETING,cgonzález@plasticosavanzada7.mx,VERIFIED,85,+525466873797,2026-09-06T14:31:01.642811+00:00
"Chemicals, Polymers, Plastics & Packaging",PLASTICOS NACIONAL 78 S.A.B. DE C.V.,plasticosnacional.com.mx,Adriana Villaseñor,Chief Human Resources Officer (CHRO),C_SUITE,HR_PEOPLE,avillaseñor@plasticosnacional.com.mx,VERIFIED,85,+525323527117,2026-09-06T14:31:01.648827+00:00
"Chemicals, Polymers, Plastics & Packaging",PLASTICOS NACIONAL S.A.B. DE C.V.,plasticosnacional.com,Roberto Ruiz,Chief Human Resources Officer (CHRO),C_SUITE,HR_PEOPLE,rruiz@plasticosnacional.com,VERIFIED,85,+527632679185,2026-09-06T14:31:01.648827+00:00
"Chemicals, Polymers, Plastics & Packaging",PLASTICOS NACIONAL S.A.P.I. DE C.V.,plasticosnacional.mx,Fernando González,Chief Executive Officer (CEO),C_SUITE,EXECUTIVE,fgonzález@plasticosnacional.mx,VERIFIED,85,+529634018904,2026-09-06T14:31:01.648827+00:00
"Chemicals, Polymers, Plastics & Packaging",PLASTICOS NACIONAL S.A.S.,plasticosnacional6.com,Roberto Hernández,Chief Revenue Officer (CRO),C_SUITE,SALES_MARKETING,rhernández@plasticosnacional6.com,VERIFIED,85,+526829337809,2026-09-06T14:31:01.648827+00:00
"Chemicals, Polymers, Plastics & Packaging",PLASTICOS DEL CENTRO S.C.,plasticosdelcentro.com.mx,Andrea Valenzuela,Chief Technology Officer (CTO),C_SUITE,ENGINEERING_IT,avalenzuela@plasticosdelcentro.com.mx,VERIFIED,85,+525517902569,2026-09-06T14:31:01.650582+00:00
"Chemicals, Polymers, Plastics & Packaging",PLASTICOS DEL PACIFICO S.A.S.,plasticosdelpacifi.mx,Mariana Alarcón,Chief Operating Officer (COO),C_SUITE,OPERATIONS,malarcón@plasticosdelpacifi.mx,VERIFIED,85,+525538515096,2026-09-06T14:31:01.650582+00:00
"Chemicals, Polymers, Plastics & Packaging",PLASTICOS DEL BAJIO S.A. DE C.V.,plasticosdelbajio4.mx,Andrea Dominguez,Chief Operating Officer (COO),C_SUITE,OPERATIONS,adominguez@plasticosdelbajio4.mx,VERIFIED,85,+525518993862,2026-09-06T14:31:01.650582+00:00
"Chemicals, Polymers, Plastics & Packaging",PLASTICOS DEL BAJIO S.A.P.I. DE C.V.,plasticosdelbajio.com,Rodrigo Hernández,Chief Executive Officer (CEO),C_SUITE,EXECUTIVE,rhernández@plasticosdelbajio.com,VERIFIED,85,+525560042241,2026-09-06T14:31:01.650582+00:00
"Chemicals, Polymers, Plastics & Packaging",PLASTICOS DEL BAJIO S.A.P.I. DE C.V.,plasticosdelbajio.com,Daniel García,Chief Revenue Officer (CRO),C_SUITE,SALES_MARKETING,dgarcía@plasticosdelbajio.com,VERIFIED,85,+525528953667,2026-09-06T14:31:01.650582+00:00
"Chemicals, Polymers, Plastics & Packaging",PLASTICOS DEL BAJIO S.A. DE C.V.,plasticosdelbajio.mx,Gabriel González,Chief Revenue Officer (CRO),C_SUITE,SALES_MARKETING,ggonzález@plasticosdelbajio.mx,VERIFIED,85,+525511293536,2026-09-06T14:31:01.650582+00:00
"Chemicals, Polymers, Plastics & Packaging",PLASTICOS DEL PACIFICO S.C.,plasticosdelpacifi.com.mx,Jorge Valenzuela,Chief Executive Officer (CEO),C_SUITE,EXECUTIVE,jvalenzuela@plasticosdelpacifi.com.mx,VERIFIED,85,+525544779928,2026-09-06T14:31:01.650582+00:00
"Chemicals, Polymers, Plastics & Packaging",PLASTICOS DEL PACIFICO S.C.,plasticosdelpacifi.com.mx,Claudia Castro,Chief Operating Officer (COO),C_SUITE,OPERATIONS,ccastro@plasticosdelpacifi.com.mx,VERIFIED,85,+525575077116,2026-09-06T14:31:01.650582+00:00
"Chemicals, Polymers, Plastics & Packaging",PLASTICOS DEL CENTRO S.A. DE C.V.,plasticosdelcentro.com,Alejandro Treviño,Chief Executive Officer (CEO),C_SUITE,EXECUTIVE,atreviño@plasticosdelcentro.com,VERIFIED,85,+525518495413,2026-09-06T14:31:01.650582+00:00
"Chemicals, Polymers, Plastics & Packaging",PLASTICOS DEL NORTE S.A.S.,plasticosdelnorte.mx,Carlos Alarcón,Chief Executive Officer (CEO),C_SUITE,EXECUTIVE,calarcón@plasticosdelnorte.mx,VERIFIED,85,+525579414327,2026-09-06T14:31:01.650582+00:00
"Chemicals, Polymers, Plastics & Packaging",PLASTICOS DEL NORTE S.A.S.,plasticosdelnorte.mx,Gabriel Salinas,Chief Operating Officer (COO),C_SUITE,OPERATIONS,gsalinas@plasticosdelnorte.mx,VERIFIED,85,+525511655096,2026-09-06T14:31:01.650582+00:00
"Chemicals, Polymers, Plastics & Packaging",QUIMICA INTERNACIONAL 74 S.A.S.,quimicainternacion.mx,Adriana Treviño,Chief Technology Officer (CTO),C_SUITE,ENGINEERING_IT,atreviño@quimicainternacion.mx,VERIFIED,85,+527449569091,2026-09-06T14:31:01.650582+00:00
"Chemicals, Polymers, Plastics & Packaging",QUIMICA INTERNACIONAL S.A. DE C.V.,quimicainternacion.com,Patricia Benítez,Chief Human Resources Officer (CHRO),C_SUITE,HR_PEOPLE,pbenítez@quimicainternacion.com,VERIFIED,85,+525647776013,2026-09-06T14:31:01.650582+00:00
"Chemicals, Polymers, Plastics & Packaging",QUIMICA INTERNACIONAL S.A. DE C.V.,quimicainternacion.com,Miguel Castro,Founder,FOUNDER,EXECUTIVE,mcastro@quimicainternacion.com.mx,VERIFIED,85,+528523005033,2026-09-06T14:31:01.650582+00:00
"Chemicals, Polymers, Plastics & Packaging",EMPAQUES INDUSTRIAL S.A. DE C.V.,empaquesindustrial.com,Jorge Hernández,Chief Financial Officer (CFO),C_SUITE,FINANCE,jhernández@empaquesindustrial.com,VERIFIED,85,+528577709843,2026-09-06T14:31:01.650582+00:00
"Chemicals, Polymers, Plastics & Packaging",EMPAQUES INDUSTRIAL S.A. DE C.V.,empaquesindustrial.com,Mariana Valenzuela,Chief Technology Officer (CTO),C_SUITE,ENGINEERING_IT,mvalenzuela@empaquesindustrial.com.mx,VERIFIED,85,+528687170754,2026-09-06T14:31:01.650582+00:00
"Chemicals, Polymers, Plastics & Packaging",QUIMICA DE OCCIDENTE S.A. DE C.V.,quimicadeoccidente.com,Miguel Garza,Chief Financial Officer (CFO),C_SUITE,FINANCE,mgarza@quimicadeoccidente.com,VERIFIED,85,+526497609369,2026-09-06T14:31:01.650582+00:00
"Chemicals, Polymers, Plastics & Packaging",QUIMICA DE OCCIDENTE S.A. DE C.V.,quimicadeoccidente.com,Eduardo López,Chief Operating Officer (COO),C_SUITE,OPERATIONS,elópez@quimicadeoccidente.com,VERIFIED,85,+527655152264,2026-09-06T14:31:01.650582+00:00
"Chemicals, Polymers, Plastics & Packaging",QUIMICA DE LAS AMERICAS S.A.S.,quimicadelasameric.mx,Hector Hernández,Chief Financial Officer (CFO),C_SUITE,FINANCE,hhernández@quimicadelasameric.mx,VERIFIED,85,+526571655776,2026-09-06T14:31:01.650582+00:00
"Chemicals, Polymers, Plastics & Packaging",QUIMICA DE LAS AMERICAS S.A.S.,quimicadelasameric.mx,Carlos Alarcón,Chief Revenue Officer (CRO),C_SUITE,SALES_MARKETING,calarcón@quimicadelasameric.mx,VERIFIED,85,+526035088173,2026-09-06T14:31:01.650582+00:00
"Chemicals, Polymers, Plastics & Packaging",QUIMICA DE OCCIDENTE S.A.B. DE C.V.,quimicadeoccidente.com.mx,Andrea Castro,Chief Human Resources Officer (CHRO),C_SUITE,HR_PEOPLE,acastro@quimicadeoccidente.com.mx,VERIFIED,85,+528899006069,2026-09-06T14:31:01.650582+00:00
"Chemicals, Polymers, Plastics & Packaging",QUIMICA NACIONAL S.A.P.I. DE C.V.,quimicanacional.com.mx,Guillermo Alarcón,Chief Executive Officer (CEO),C_SUITE,EXECUTIVE,galarcón@quimicanacional.com.mx,VERIFIED,85,+526385016440,2026-09-06T14:31:01.656637+00:00
"Chemicals, Polymers, Plastics & Packaging",QUIMICA NACIONAL S.A.S.,quimicanacional61.com.mx,Javier González,Chief Executive Officer (CEO),C_SUITE,EXECUTIVE,jgonzález@quimicanacional61.com.mx,VERIFIED,85,+526367656292,2026-09-06T14:31:01.656637+00:00
"Chemicals, Polymers, Plastics & Packaging",PLASTICOS MODERNA S.C.,plasticosmoderna.mx,Adriana Martínez,Chief Operating Officer (COO),C_SUITE,OPERATIONS,amartínez@plasticosmoderna.mx,VERIFIED,85,+524491049336,2026-09-06T14:31:01.656637+00:00
"Chemicals, Polymers, Plastics & Packaging",PLASTICOS MODERNA S.A.S.,plasticosmoderna.com,David Mendoza,Chief Human Resources Officer (CHRO),C_SUITE,HR_PEOPLE,dmendoza@plasticosmoderna.com,VERIFIED,85,+527052773004,2026-09-06T14:31:01.656637+00:00
"Chemicals, Polymers, Plastics & Packaging",QUIMICA DINAMICA 55 S.A.S.,quimicadinamica.com.mx,Rodrigo López,Chief Financial Officer (CFO),C_SUITE,FINANCE,rlópez@quimicadinamica.com.mx,VERIFIED,85,+528333871567,2026-09-06T14:31:01.659878+00:00
"Chemicals, Polymers, Plastics & Packaging",QUIMICA DINAMICA 55 S.A.S.,quimicadinamica.com.mx,David Benítez,Chief Executive Officer (CEO),C_SUITE,EXECUTIVE,dbenítez@quimicadinamica.com.mx,VERIFIED,85,+525797082604,2026-09-06T14:31:01.659878+00:00
"Chemicals, Polymers, Plastics & Packaging",QUIMICA DINAMICA S.A.B. DE C.V.,quimicadinamica.com,Claudia Benítez,Chief Financial Officer (CFO),C_SUITE,FINANCE,cbenítez@quimicadinamica.com,VERIFIED,85,+528393665720,2026-09-06T14:31:01.659878+00:00
"Chemicals, Polymers, Plastics & Packaging",QUIMICA DINAMICA S.A.B. DE C.V.,quimicadinamica.com,Carlos Hernández,Chief Human Resources Officer (CHRO),C_SUITE,HR_PEOPLE,chernández@quimicadinamica.com,VERIFIED,85,+525916910581,2026-09-06T14:31:01.659878+00:00
"Chemicals, Polymers, Plastics & Packaging",QUIMICA DINAMICA S.A.S.,quimicadinamica71.com,Andrea López,Chief Technology Officer (CTO),C_SUITE,ENGINEERING_IT,alópez@quimicadinamica71.com,VERIFIED,85,+525346586442,2026-09-06T14:31:01.659878+00:00
"Chemicals, Polymers, Plastics & Packaging",QUIMICA DINAMICA S.A.S.,quimicadinamica43.com.mx,Claudia Navarro,Chief Executive Officer (CEO),C_SUITE,EXECUTIVE,cnavarro@quimicadinamica43.com.mx,VERIFIED,85,+529048611179,2026-09-06T14:31:01.659878+00:00
"Chemicals, Polymers, Plastics & Packaging",QUIMICA DINAMICA S.A.B. DE C.V.,quimicadinamica57.com.mx,Adriana Vega,Chief Executive Officer (CEO),C_SUITE,EXECUTIVE,avega@quimicadinamica57.com.mx,VERIFIED,85,+526051436247,2026-09-06T14:31:01.659878+00:00
"Chemicals, Polymers, Plastics & Packaging",EMPAQUES MEXICANA S.A.B. DE C.V.,empaquesmexicana.mx,David López,Chief Executive Officer (CEO),C_SUITE,EXECUTIVE,dlópez@empaquesmexicana.mx,VERIFIED,85,+524880377363,2026-09-06T14:31:01.659878+00:00
"Chemicals, Polymers, Plastics & Packaging",EMPAQUES MEXICANA S.A.B. DE C.V.,empaquesmexicana.mx,Mariana Villaseñor,Chief Financial Officer (CFO),C_SUITE,FINANCE,mvillaseñor@empaquesmexicana.mx,VERIFIED,85,+527659445079,2026-09-06T14:31:01.659878+00:00
"Chemicals, Polymers, Plastics & Packaging",EMPAQUES MEXICANA S.A.P.I. DE C.V.,empaquesmexicana.com,Rodrigo Treviño,Chief Executive Officer (CEO),C_SUITE,EXECUTIVE,rtreviño@empaquesmexicana.com,VERIFIED,85,+525457849811,2026-09-06T14:31:01.659878+00:00
"Chemicals, Polymers, Plastics & Packaging",EMPAQUES MEXICANA 34 S.A. DE C.V.,empaquesmexicana48.com,Alejandro Mendoza,Founder,FOUNDER,EXECUTIVE,amendoza@empaquesmexicana48.com,VERIFIED,85,+526647134318,2026-09-06T14:31:01.659878+00:00
"Chemicals, Polymers, Plastics & Packaging",PLASTICOS MEXICANA S. DE R.L. DE C.V.,plasticosmexicana.mx,Roberto Vega,Chief Executive Officer (CEO),C_SUITE,EXECUTIVE,rvega@plasticosmexicana.mx,VERIFIED,85,+526445770561,2026-09-06T14:31:01.659878+00:00
"Chemicals, Polymers, Plastics & Packaging",PLASTICOS MEXICANA S. DE R.L. DE C.V.,plasticosmexicana.mx,David Navarro,Chief Executive Officer (CEO),C_SUITE,EXECUTIVE,dnavarro@plasticosmexicana.mx,VERIFIED,85,+524976893777,2026-09-06T14:31:01.659878+00:00
"Chemicals, Polymers, Plastics & Packaging",PLASTICOS MEXICANA S. DE R.L. DE C.V.,plasticosmexicana.mx,Jorge Vega,Chief Executive Officer (CEO),C_SUITE,EXECUTIVE,jvega@plasticosmexicana8.com.mx,VERIFIED,85,+525466095019,2026-09-06T14:31:01.659878+00:00
"Chemicals, Polymers, Plastics & Packaging",EMPAQUES EMPRESARIAL S. DE R.L. DE C.V.,empaquesempresaria.mx,Claudia López,Chief Operating Officer (COO),C_SUITE,OPERATIONS,clópez@empaquesempresaria.mx,VERIFIED,85,+526255001221,2026-09-06T14:31:01.659878+00:00
"Chemicals, Polymers, Plastics & Packaging",QUIMICA ESPECIALIZADA S. DE R.L. DE C.V.,quimicaespecializa.mx,Jorge Villaseñor,Chief Human Resources Officer (CHRO),C_SUITE,HR_PEOPLE,jvillaseñor@quimicaespecializa.mx,VERIFIED,85,+526517126818,2026-09-06T14:31:01.659878+00:00
"Chemicals, Polymers, Plastics & Packaging",QUIMICA ESPECIALIZADA S. DE R.L. DE C.V.,quimicaespecializa.mx,Luis Villaseñor,Chief Executive Officer (CEO),C_SUITE,EXECUTIVE,lvillaseñor@quimicaespecializa.mx,VERIFIED,85,+526770006540,2026-09-06T14:31:01.659878+00:00
"Chemicals, Polymers, Plastics & Packaging",QUIMICA ESPECIALIZADA S.A.S.,quimicaespecializa.com.mx,Gabriel Dominguez,Chief Revenue Officer (CRO),C_SUITE,SALES_MARKETING,gdominguez@quimicaespecializa.com.mx,VERIFIED,85,+527798386776,2026-09-06T14:31:01.659878+00:00
"Chemicals, Polymers, Plastics & Packaging",QUIMICA DINAMICA S.A.S.,quimicadinamica.com.mx,Jorge Villaseñor,Chief Operating Officer (COO),C_SUITE,OPERATIONS,jvillaseñor@quimicadinamica.com.mx,VERIFIED,85,+529316744001,2026-09-06T14:31:01.659878+00:00
"Chemicals, Polymers, Plastics & Packaging",QUIMICA DINAMICA S.A.P.I. DE C.V.,quimicadinamica.com,Carlos Martínez,Chief Executive Officer (CEO),C_SUITE,EXECUTIVE,cmartínez@quimicadinamica.com,VERIFIED,85,+527046786053,2026-09-06T14:31:01.659878+00:00
"Chemicals, Polymers, Plastics & Packaging",QUIMICA DINAMICA S.A.B. DE C.V.,quimicadinamica.mx,Claudia Morales,Chief Operating Officer (COO),C_SUITE,OPERATIONS,cmorales@quimicadinamica.mx,VERIFIED,85,+525859905673,2026-09-06T14:31:01.659878+00:00
"Chemicals, Polymers, Plastics & Packaging",EMPAQUES DE LAS AMERICAS S. DE R.L. DE C.V.,empaquesdelasameri.com,Hector García,Chief Operating Officer (COO),C_SUITE,OPERATIONS,hgarcía@empaquesdelasameri.com,VERIFIED,85,+526419673800,2026-09-06T14:31:01.659878+00:00
"Chemicals, Polymers, Plastics & Packaging",EMPAQUES DE LAS AMERICAS S. DE R.L. DE C.V.,empaquesdelasameri.com,Jorge García,Chief Financial Officer (CFO),C_SUITE,FINANCE,jgarcía@empaquesdelasameri.com,VERIFIED,85,+525172186851,2026-09-06T14:31:01.659878+00:00
"Chemicals, Polymers, Plastics & Packaging",EMPAQUES DE OCCIDENTE S.C.,empaquesdeoccident.com,Daniel Benítez,Chief Operating Officer (COO),C_SUITE,OPERATIONS,dbenítez@empaquesdeoccident.com,VERIFIED,85,+528875086982,2026-09-06T14:31:01.659878+00:00
"Chemicals, Polymers, Plastics & Packaging",EMPAQUES DE OCCIDENTE S.C.,empaquesdeoccident.com,Miguel Salinas,Chief Human Resources Officer (CHRO),C_SUITE,HR_PEOPLE,msalinas@empaquesdeoccident.com,VERIFIED,85,+529446292365,2026-09-06T14:31:01.659878+00:00
"Chemicals, Polymers, Plastics & Packaging",EMPAQUES DE LAS AMERICAS S.A.P.I. DE C.V.,empaquesdelasameri.com.mx,Claudia Mendoza,Chief Executive Officer (CEO),C_SUITE,EXECUTIVE,cmendoza@empaquesdelasameri.com.mx,VERIFIED,85,+525498209018,2026-09-06T14:31:01.659878+00:00
"Chemicals, Polymers, Plastics & Packaging",EMPAQUES DE LAS AMERICAS S.A.P.I. DE C.V.,empaquesdelasameri.com.mx,Andrea Ruiz,Chief Technology Officer (CTO),C_SUITE,ENGINEERING_IT,aruiz@empaquesdelasameri.com.mx,VERIFIED,85,+525037701576,2026-09-06T14:31:01.659878+00:00
"Chemicals, Polymers, Plastics & Packaging",EMPAQUES DE OCCIDENTE S.A.P.I. DE C.V.,empaquesdeoccident.mx,Fernando Morales,Chief Operating Officer (COO),C_SUITE,OPERATIONS,fmorales@empaquesdeoccident.mx,VERIFIED,85,+529430424401,2026-09-06T14:31:01.659878+00:00
"Chemicals, Polymers, Plastics & Packaging",EMPAQUES DE OCCIDENTE S.A.P.I. DE C.V.,empaquesdeoccident.mx,Alejandro Villaseñor,Chief Technology Officer (CTO),C_SUITE,ENGINEERING_IT,avillaseñor@empaquesdeoccident.mx,VERIFIED,85,+526692831021,2026-09-06T14:31:01.659878+00:00
"Chemicals, Polymers, Plastics & Packaging",PLASTICOS GLOBAL S.A.P.I. DE C.V.,plasticosglobal.com.mx,Miguel Treviño,Chief Executive Officer (CEO),C_SUITE,EXECUTIVE,mtreviño@plasticosglobal.com.mx,VERIFIED,85,+528763449892,2026-09-06T14:31:01.659878+00:00
"Chemicals, Polymers, Plastics & Packaging",PLASTICOS GLOBAL 16 S.A.P.I. DE C.V.,plasticosglobal.com,Roberto Treviño,Chief Technology Officer (CTO),C_SUITE,ENGINEERING_IT,rtreviño@plasticosglobal.com,VERIFIED,85,+526591579514,2026-09-06T14:31:01.659878+00:00
"Chemicals, Polymers, Plastics & Packaging",PLASTICOS GLOBAL 16 S.A.P.I. DE C.V.,plasticosglobal.com,Patricia Benítez,Chief Technology Officer (CTO),C_SUITE,ENGINEERING_IT,pbenítez@plasticosglobal.com,VERIFIED,85,+528468207077,2026-09-06T14:31:01.659878+00:00
"Chemicals, Polymers, Plastics & Packaging",PLASTICOS GLOBAL 16 S.A.P.I. DE C.V.,plasticosglobal.com,Sofia Benítez,Chief Technology Officer (CTO),C_SUITE,ENGINEERING_IT,sbenítez@plasticosglobal.com,VERIFIED,85,+528792414662,2026-09-06T14:31:01.659878+00:00
"Chemicals, Polymers, Plastics & Packaging",PLASTICOS GLOBAL 31 S.A.S.,plasticosglobal.com.mx,Sofia Villaseñor,Chief Executive Officer (CEO),C_SUITE,EXECUTIVE,svillaseñor@plasticosglobal.com.mx,VERIFIED,85,+526796617800,2026-09-06T14:31:01.659878+00:00
"Chemicals, Polymers, Plastics & Packaging",PLASTICOS GLOBAL 31 S.A.S.,plasticosglobal.com.mx,Rodrigo Navarro,Chief Executive Officer (CEO),C_SUITE,EXECUTIVE,rnavarro@plasticosglobal.com.mx,VERIFIED,85,+525111255462,2026-09-06T14:31:01.659878+00:00
"Chemicals, Polymers, Plastics & Packaging",PLASTICOS GLOBAL 31 S.A.S.,plasticosglobal.com.mx,Fernando Ruiz,Chief Revenue Officer (CRO),C_SUITE,SALES_MARKETING,fruiz@plasticosglobal.com.mx,VERIFIED,85,+529182500837,2026-09-06T14:31:01.659878+00:00
"Chemicals, Polymers, Plastics & Packaging",QUIMICA MEXICANA S.C.,quimicamexicana.com,Claudia Mendoza,Chief Technology Officer (CTO),C_SUITE,ENGINEERING_IT,cmendoza@quimicamexicana.com,VERIFIED,85,+529339655583,2026-09-06T14:31:01.659878+00:00
"Chemicals, Polymers, Plastics & Packaging",QUIMICA MEXICANA S.A.P.I. DE C.V.,quimicamexicana.com.mx,Sofia Benítez,Founder,FOUNDER,EXECUTIVE,sbenítez@quimicamexicana.com.mx,VERIFIED,85,+524221209485,2026-09-06T14:31:01.659878+00:00
"Chemicals, Polymers, Plastics & Packaging",EMPAQUES MEXICANA S.A.S.,empaquesmexicana.com,Eduardo Garza,Chief Technology Officer (CTO),C_SUITE,ENGINEERING_IT,egarza@empaquesmexicana.com,VERIFIED,85,+528048365384,2026-09-06T14:31:01.659878+00:00
"Chemicals, Polymers, Plastics & Packaging",EMPAQUES MEXICANA S.A.S.,empaquesmexicana.com,Patricia Benítez,Founder,FOUNDER,EXECUTIVE,pbenítez@empaquesmexicana.com,VERIFIED,85,+529260393284,2026-09-06T14:31:01.659878+00:00
"Chemicals, Polymers, Plastics & Packaging",EMPAQUES MEXICANA S.A.B. DE C.V.,empaquesmexicana.mx,Jorge Salinas,Chief Revenue Officer (CRO),C_SUITE,SALES_MARKETING,jsalinas@empaquesmexicana.mx,VERIFIED,85,+527586719915,2026-09-06T14:31:01.659878+00:00
"Chemicals, Polymers, Plastics & Packaging",EMPAQUES MEXICANA 64 S.A. DE C.V.,empaquesmexicana.com.mx,Sofia González,Chief Revenue Officer (CRO),C_SUITE,SALES_MARKETING,sgonzález@empaquesmexicana.com.mx,VERIFIED,85,+529236460814,2026-09-06T14:31:01.659878+00:00
"Chemicals, Polymers, Plastics & Packaging",QUIMICA EMPRESARIAL S. DE R.L. DE C.V.,quimicaempresarial.com,Sofia Treviño,Chief Financial Officer (CFO),C_SUITE,FINANCE,streviño@quimicaempresarial.com,VERIFIED,85,+528770633216,2026-09-06T14:31:01.659878+00:00
"Chemicals, Polymers, Plastics & Packaging",PLASTICOS MODERNA S.A.B. DE C.V.,plasticosmoderna57.com,Luis Martínez,Chief Operating Officer (COO),C_SUITE,OPERATIONS,lmartínez@plasticosmoderna57.com,VERIFIED,85,+528458621071,2026-09-06T14:31:01.659878+00:00
"Chemicals, Polymers, Plastics & Packaging",PLASTICOS MODERNA S.A.P.I. DE C.V.,plasticosmoderna.mx,Guillermo García,Chief Executive Officer (CEO),C_SUITE,EXECUTIVE,ggarcía@plasticosmoderna.mx,VERIFIED,85,+524214186221,2026-09-06T14:31:01.659878+00:00
"Chemicals, Polymers, Plastics & Packaging",PLASTICOS MODERNA S.A.P.I. DE C.V.,plasticosmoderna.mx,Javier Alarcón,Chief Financial Officer (CFO),C_SUITE,FINANCE,jalarcón@plasticosmoderna.com,VERIFIED,85,+528810569402,2026-09-06T14:31:01.659878+00:00
"Chemicals, Polymers, Plastics & Packaging",PLASTICOS MODERNA S.A.S.,plasticosmoderna69.com.mx,Luis Dominguez,Chief Revenue Officer (CRO),C_SUITE,SALES_MARKETING,ldominguez@plasticosmoderna69.com.mx,VERIFIED,85,+528455869670,2026-09-06T14:31:01.659878+00:00
"Chemicals, Polymers, Plastics & Packaging",PLASTICOS DE OCCIDENTE S. DE R.L. DE C.V.,plasticosdeocciden.mx,Claudia Castro,Chief Human Resources Officer (CHRO),C_SUITE,HR_PEOPLE,ccastro@plasticosdeocciden.mx,VERIFIED,85,+526590295529,2026-09-06T14:31:01.659878+00:00
"Chemicals, Polymers, Plastics & Packaging",PLASTICOS DE OCCIDENTE S. DE R.L. DE C.V.,plasticosdeocciden.mx,Claudia Benítez,Chief Financial Officer (CFO),C_SUITE,FINANCE,cbenítez@plasticosdeocciden.mx,VERIFIED,85,+526960517477,2026-09-06T14:31:01.659878+00:00
"Chemicals, Polymers, Plastics & Packaging",PLASTICOS DE OCCIDENTE S.A.S.,plasticosdeocciden.com,David García,Chief Executive Officer (CEO),C_SUITE,EXECUTIVE,dgarcía@plasticosdeocciden.com,VERIFIED,85,+524497531757,2026-09-06T14:31:01.659878+00:00
"Chemicals, Polymers, Plastics & Packaging",PLASTICOS DE LAS AMERICAS S.A. DE C.V.,plasticosdelasamer.com,Alejandro Salinas,Chief Technology Officer (CTO),C_SUITE,ENGINEERING_IT,asalinas@plasticosdelasamer.com,VERIFIED,85,+528149532783,2026-09-06T14:31:01.659878+00:00
"Chemicals, Polymers, Plastics & Packaging",PLASTICOS DE LAS AMERICAS 29 S.A. DE C.V.,plasticosdelasamer.com.mx,Patricia García,Chief Human Resources Officer (CHRO),C_SUITE,HR_PEOPLE,pgarcía@plasticosdelasamer.com.mx,VERIFIED,85,+524167166330,2026-09-06T14:31:01.659878+00:00
"Chemicals, Polymers, Plastics & Packaging",PLASTICOS DE LAS AMERICAS S.A. DE C.V.,plasticosdelasamer.mx,Guillermo López,Chief Operating Officer (COO),C_SUITE,OPERATIONS,glópez@plasticosdelasamer.mx,VERIFIED,85,+529091437026,2026-09-06T14:31:01.659878+00:00
"Chemicals, Polymers, Plastics & Packaging",PLASTICOS DE OCCIDENTE S.C.,plasticosdeocciden.com.mx,Sofia Treviño,Chief Executive Officer (CEO),C_SUITE,EXECUTIVE,streviño@plasticosdeocciden.com.mx,VERIFIED,85,+525590084239,2026-09-06T14:31:01.659878+00:00
"Chemicals, Polymers, Plastics & Packaging",PLASTICOS DE OCCIDENTE S.C.,plasticosdeocciden.com.mx,Hector Garza,Founder,FOUNDER,EXECUTIVE,hgarza@plasticosdeocciden.com.mx,VERIFIED,85,+525550745065,2026-09-06T14:31:01.659878+00:00
"Chemicals, Polymers, Plastics & Packaging",PLASTICOS DE OCCIDENTE S.C.,plasticosdeocciden.com.mx,Hector Martínez,Founder,FOUNDER,EXECUTIVE,hmartínez@plasticosdeocciden.com.mx,VERIFIED,85,+525552285852,2026-09-06T14:31:01.659878+00:00
"Chemicals, Polymers, Plastics & Packaging",PLASTICOS DE OCCIDENTE S.C.,plasticosdeocciden.com.mx,Guillermo Hernández,Chief Financial Officer (CFO),C_SUITE,FINANCE,ghernández@plasticosdeocciden.com.mx,VERIFIED,85,+525569253843,2026-09-06T14:31:01.659878+00:00
"Chemicals, Polymers, Plastics & Packaging",PLASTICOS DE LAS AMERICAS S.A.B. DE C.V.,plasticosdelasamer.com,Miguel Mendoza,Founder,FOUNDER,EXECUTIVE,mmendoza@plasticosdelasamer.com,VERIFIED,85,+525544643359,2026-09-06T14:31:01.659878+00:00
"Chemicals, Polymers, Plastics & Packaging",PLASTICOS DE OCCIDENTE S.A.S.,plasticosdeocciden.mx,Mariana Villaseñor,Chief Human Resources Officer (CHRO),C_SUITE,HR_PEOPLE,mvillaseñor@plasticosdeocciden.mx,VERIFIED,85,+525519968065,2026-09-06T14:31:01.659878+00:00
"Chemicals, Polymers, Plastics & Packaging",PLASTICOS DE OCCIDENTE S.A.B. DE C.V.,plasticosdeocciden.com,Guillermo Benítez,Chief Human Resources Officer (CHRO),C_SUITE,HR_PEOPLE,gbenítez@plasticosdeocciden.com,VERIFIED,85,+525579227642,2026-09-06T14:31:01.659878+00:00
"Chemicals, Polymers, Plastics & Packaging",PLASTICOS DE OCCIDENTE S.A.B. DE C.V.,plasticosdeocciden.com,Gabriel Valenzuela,Chief Executive Officer (CEO),C_SUITE,EXECUTIVE,gvalenzuela@plasticosdeocciden.com,VERIFIED,85,+525538954328,2026-09-06T14:31:01.659878+00:00
"Chemicals, Polymers, Plastics & Packaging",EMPAQUES DEL CENTRO S.A.S.,empaquesdelcentro.com.mx,Sofia López,Chief Financial Officer (CFO),C_SUITE,FINANCE,slópez@empaquesdelcentro.com.mx,VERIFIED,85,+528142359945,2026-09-06T14:31:01.659878+00:00
"Chemicals, Polymers, Plastics & Packaging",EMPAQUES DEL CENTRO S.A.S.,empaquesdelcentro.com.mx,Alejandro González,Chief Executive Officer (CEO),C_SUITE,EXECUTIVE,agonzález@empaquesdelcentro.com.mx,VERIFIED,85,+527911149877,2026-09-06T14:31:01.659878+00:00
"Chemicals, Polymers, Plastics & Packaging",EMPAQUES DEL BAJIO S.C.,empaquesdelbajio.com,Adriana Villaseñor,Chief Technology Officer (CTO),C_SUITE,ENGINEERING_IT,avillaseñor@empaquesdelbajio.com,VERIFIED,85,+524073177661,2026-09-06T14:31:01.659878+00:00
"Chemicals, Polymers, Plastics & Packaging",EMPAQUES DEL BAJIO S.C.,empaquesdelbajio.com,Sofia Treviño,Chief Operating Officer (COO),C_SUITE,OPERATIONS,streviño@empaquesdelbajio51.mx,VERIFIED,85,+529476997281,2026-09-06T14:31:01.659878+00:00
"Chemicals, Polymers, Plastics & Packaging",EMPAQUES DEL BAJIO 65 S.A. DE C.V.,empaquesdelbajio.mx,Miguel González,Chief Revenue Officer (CRO),C_SUITE,SALES_MARKETING,mgonzález@empaquesdelbajio.mx,VERIFIED,85,+524093904459,2026-09-06T14:31:01.659878+00:00
"Chemicals, Polymers, Plastics & Packaging",EMPAQUES DEL BAJIO 65 S.A. DE C.V.,empaquesdelbajio.mx,Eduardo Mendoza,Founder,FOUNDER,EXECUTIVE,emendoza@empaquesdelbajio.mx,VERIFIED,85,+528176012437,2026-09-06T14:31:01.659878+00:00
"Chemicals, Polymers, Plastics & Packaging",EMPAQUES DEL PACIFICO S. DE R.L. DE C.V.,empaquesdelpacific.com.mx,Jorge Ruiz,Chief Executive Officer (CEO),C_SUITE,EXECUTIVE,jruiz@empaquesdelpacific.com.mx,VERIFIED,85,+525977552939,2026-09-06T14:31:01.659878+00:00
"Chemicals, Polymers, Plastics & Packaging",EMPAQUES DEL PACIFICO S. DE R.L. DE C.V.,empaquesdelpacific.com.mx,Eduardo Valenzuela,Chief Revenue Officer (CRO),C_SUITE,SALES_MARKETING,evalenzuela@empaquesdelpacific.com.mx,VERIFIED,85,+524559608903,2026-09-06T14:31:01.659878+00:00
"Chemicals, Polymers, Plastics & Packaging",EMPAQUES DEL CENTRO S.A.B. DE C.V.,empaquesdelcentro.mx,Gabriel Castro,Chief Human Resources Officer (CHRO),C_SUITE,HR_PEOPLE,gcastro@empaquesdelcentro.mx,VERIFIED,85,+529367781922,2026-09-06T14:31:01.659878+00:00
"Chemicals, Polymers, Plastics & Packaging",EMPAQUES DEL BAJIO S.A.P.I. DE C.V.,empaquesdelbajio31.mx,David Alarcón,Chief Executive Officer (CEO),C_SUITE,EXECUTIVE,dalarcón@empaquesdelbajio31.mx,VERIFIED,85,+524314908078,2026-09-06T14:31:01.659878+00:00
"Chemicals, Polymers, Plastics & Packaging",EMPAQUES DEL PACIFICO S.A.P.I. DE C.V.,empaquesdelpacific.mx,Carlos Mendoza,Chief Executive Officer (CEO),C_SUITE,EXECUTIVE,cmendoza@empaquesdelpacific.mx,VERIFIED,85,+524967772713,2026-09-06T14:31:01.659878+00:00
"Chemicals, Polymers, Plastics & Packaging",EMPAQUES DEL BAJIO S. DE R.L. DE C.V.,empaquesdelbajio.com.mx,Miguel Hernández,Chief Executive Officer (CEO),C_SUITE,EXECUTIVE,mhernández@empaquesdelbajio.com.mx,VERIFIED,85,+527015168951,2026-09-06T14:31:01.659878+00:00
"Chemicals, Polymers, Plastics & Packaging",PLASTICOS DE OCCIDENTE S.C.,plasticosdeocciden.mx,Guillermo Treviño,Chief Executive Officer (CEO),C_SUITE,EXECUTIVE,gtreviño@plasticosdeocciden.mx,VERIFIED,85,+525798604511,2026-09-06T14:31:01.659878+00:00
"Chemicals, Polymers, Plastics & Packaging",PLASTICOS DE OCCIDENTE S.C.,plasticosdeocciden.mx,Patricia González,Chief Executive Officer (CEO),C_SUITE,EXECUTIVE,pgonzález@plasticosdeocciden.com,VERIFIED,85,+525045266787,2026-09-06T14:31:01.659878+00:00
"Chemicals, Polymers, Plastics & Packaging",PLASTICOS DE LAS AMERICAS S.A.S.,plasticosdelasamer.com.mx,Rodrigo Treviño,Chief Operating Officer (COO),C_SUITE,OPERATIONS,rtreviño@plasticosdelasamer.com.mx,VERIFIED,85,+525652510619,2026-09-06T14:31:01.659878+00:00
"Chemicals, Polymers, Plastics & Packaging",PLASTICOS DE LAS AMERICAS S.A.S.,plasticosdelasamer.com.mx,Gabriel Garza,Chief Revenue Officer (CRO),C_SUITE,SALES_MARKETING,ggarza@plasticosdelasamer.com.mx,VERIFIED,85,+524281255300,2026-09-06T14:31:01.659878+00:00
"Chemicals, Polymers, Plastics & Packaging",PLASTICOS DE LAS AMERICAS S.A.S.,plasticosdelasamer.com.mx,Patricia Benítez,Chief Executive Officer (CEO),C_SUITE,EXECUTIVE,pbenítez@plasticosdelasamer.com.mx,VERIFIED,85,+525429996149,2026-09-06T14:31:01.659878+00:00
"Chemicals, Polymers, Plastics & Packaging",PLASTICOS DE LAS AMERICAS S.A. DE C.V.,plasticosdelasamer.mx,Rodrigo Salinas,Chief Executive Officer (CEO),C_SUITE,EXECUTIVE,rsalinas@plasticosdelasamer.mx,VERIFIED,85,+524084262114,2026-09-06T14:31:01.659878+00:00
"Chemicals, Polymers, Plastics & Packaging",PLASTICOS DE LAS AMERICAS S.A. DE C.V.,plasticosdelasamer.mx,Sofia Hernández,Chief Human Resources Officer (CHRO),C_SUITE,HR_PEOPLE,shernández@plasticosdelasamer.com,VERIFIED,85,+528727415639,2026-09-06T14:31:01.659878+00:00
"Chemicals, Polymers, Plastics & Packaging",PLASTICOS DE LAS AMERICAS S.A. DE C.V.,plasticosdelasamer.mx,Carlos Castro,Chief Financial Officer (CFO),C_SUITE,FINANCE,ccastro@plasticosdelasamer.com,VERIFIED,85,+526940618807,2026-09-06T14:31:01.659878+00:00
"Chemicals, Polymers, Plastics & Packaging",PLASTICOS DE OCCIDENTE 20 S.C.,plasticosdeocciden.com,Adriana Hernández,Chief Financial Officer (CFO),C_SUITE,FINANCE,ahernández@plasticosdeocciden.com,VERIFIED,85,+529294656701,2026-09-06T14:31:01.659878+00:00
"Chemicals, Polymers, Plastics & Packaging",QUIMICA DEL PACIFICO S.C.,quimicadelpacifico.com,Alejandro Navarro,Chief Executive Officer (CEO),C_SUITE,EXECUTIVE,anavarro@quimicadelpacifico.com,VERIFIED,85,+529583918139,2026-09-06T14:31:01.659878+00:00
"Chemicals, Polymers, Plastics & Packaging",QUIMICA DEL PACIFICO S.C.,quimicadelpacifico.com,Mariana López,Chief Revenue Officer (CRO),C_SUITE,SALES_MARKETING,mlópez@quimicadelpacifico.com,VERIFIED,85,+525622202888,2026-09-06T14:31:01.659878+00:00
"Chemicals, Polymers, Plastics & Packaging",QUIMICA DEL PACIFICO S.C.,quimicadelpacifico.com,Rodrigo Castro,Chief Technology Officer (CTO),C_SUITE,ENGINEERING_IT,rcastro@quimicadelpacifico.mx,VERIFIED,85,+526688123742,2026-09-06T14:31:01.659878+00:00
"Chemicals, Polymers, Plastics & Packaging",QUIMICA DEL PACIFICO S.C.,quimicadelpacifico.com,Jorge Navarro,Chief Executive Officer (CEO),C_SUITE,EXECUTIVE,jnavarro@quimicadelpacifico.mx,VERIFIED,85,+524264034362,2026-09-06T14:31:01.659878+00:00
"Chemicals, Polymers, Plastics & Packaging",QUIMICA DEL PACIFICO S.C.,quimicadelpacifico.com,Fernando Salinas,Chief Human Resources Officer (CHRO),C_SUITE,HR_PEOPLE,fsalinas@quimicadelpacifico.com,VERIFIED,85,+526873368277,2026-09-06T14:31:01.659878+00:00
"Chemicals, Polymers, Plastics & Packaging",QUIMICA DEL PACIFICO S.A.S.,quimicadelpacifico.mx,Gabriel Valenzuela,Founder,FOUNDER,EXECUTIVE,gvalenzuela@quimicadelpacifico.mx,VERIFIED,85,+526178027588,2026-09-06T14:31:01.659878+00:00
"Chemicals, Polymers, Plastics & Packaging",QUIMICA DEL BAJIO S. DE R.L. DE C.V.,quimicadelbajio4.com,Luis García,Chief Executive Officer (CEO),C_SUITE,EXECUTIVE,lgarcía@quimicadelbajio4.com,VERIFIED,85,+525334393780,2026-09-06T14:31:01.659878+00:00
"Chemicals, Polymers, Plastics & Packaging",QUIMICA DEL BAJIO S. DE R.L. DE C.V.,quimicadelbajio4.com,Adriana Garza,Chief Revenue Officer (CRO),C_SUITE,SALES_MARKETING,agarza@quimicadelbajio.com.mx,VERIFIED,85,+526149363685,2026-09-06T14:31:01.659878+00:00
"Chemicals, Polymers, Plastics & Packaging",QUIMICA DEL CENTRO S.A.P.I. DE C.V.,quimicadelcentro.com.mx,Luis Martínez,Chief Executive Officer (CEO),C_SUITE,EXECUTIVE,lmartínez@quimicadelcentro.com.mx,VERIFIED,85,+524628519426,2026-09-06T14:31:01.659878+00:00
"Chemicals, Polymers, Plastics & Packaging",QUIMICA DEL BAJIO S. DE R.L. DE C.V.,quimicadelbajio.mx,Eduardo Mendoza,Founder,FOUNDER,EXECUTIVE,emendoza@quimicadelbajio.mx,VERIFIED,85,+528780652848,2026-09-06T14:31:01.659878+00:00
"Chemicals, Polymers, Plastics & Packaging",QUIMICA DEL BAJIO S.A.S.,quimicadelbajio99.com,Andrea Valenzuela,Chief Financial Officer (CFO),C_SUITE,FINANCE,avalenzuela@quimicadelbajio99.com,VERIFIED,85,+528870733168,2026-09-06T14:31:01.659878+00:00
"Chemicals, Polymers, Plastics & Packaging",QUIMICA DINAMICA S.A.P.I. DE C.V.,quimicadinamica.mx,Javier Morales,Chief Executive Officer (CEO),C_SUITE,EXECUTIVE,jmorales@quimicadinamica.mx,VERIFIED,85,+526366102315,2026-09-06T14:31:01.659878+00:00
"Chemicals, Polymers, Plastics & Packaging",QUIMICA DINAMICA S.A.P.I. DE C.V.,quimicadinamica.mx,Patricia Alarcón,Chief Operating Officer (COO),C_SUITE,OPERATIONS,palarcón@quimicadinamica.mx,VERIFIED,85,+527465793067,2026-09-06T14:31:01.659878+00:00
"Chemicals, Polymers, Plastics & Packaging",QUIMICA DINAMICA S.A.P.I. DE C.V.,quimicadinamica.mx,Eduardo González,Chief Executive Officer (CEO),C_SUITE,EXECUTIVE,egonzález@quimicadinamica.com,VERIFIED,85,+528961455859,2026-09-06T14:31:01.659878+00:00
"Chemicals, Polymers, Plastics & Packaging",PLASTICOS LATINOAMERICANA S.A.P.I. DE C.V.,plasticoslatinoame.com.mx,Patricia Dominguez,Chief Financial Officer (CFO),C_SUITE,FINANCE,pdominguez@plasticoslatinoame.com.mx,VERIFIED,85,+525514443404,2026-09-06T14:31:01.659878+00:00
"Chemicals, Polymers, Plastics & Packaging",PLASTICOS LATINOAMERICANA S.A.P.I. DE C.V.,plasticoslatinoame.com.mx,Alejandro Villaseñor,Chief Executive Officer (CEO),C_SUITE,EXECUTIVE,avillaseñor@plasticoslatinoame.mx,VERIFIED,85,+525578188704,2026-09-06T14:31:01.659878+00:00
"Chemicals, Polymers, Plastics & Packaging",PLASTICOS LATINOAMERICANA S.A.P.I. DE C.V.,plasticoslatinoame.com.mx,Claudia Hernández,Chief Financial Officer (CFO),C_SUITE,FINANCE,chernández@plasticoslatinoame.com.mx,VERIFIED,85,+525510797956,2026-09-06T14:31:01.659878+00:00
"Chemicals, Polymers, Plastics & Packaging",PLASTICOS LATINOAMERICANA S.A. DE C.V.,plasticoslatinoame.mx,Mariana Martínez,Chief Technology Officer (CTO),C_SUITE,ENGINEERING_IT,mmartínez@plasticoslatinoame.mx,VERIFIED,85,+525553083179,2026-09-06T14:31:01.659878+00:00
"Chemicals, Polymers, Plastics & Packaging",PLASTICOS LATINOAMERICANA S.A. DE C.V.,plasticoslatinoame.mx,Fernando González,Chief Revenue Officer (CRO),C_SUITE,SALES_MARKETING,fgonzález@plasticoslatinoame.mx,VERIFIED,85,+525534832142,2026-09-06T14:31:01.659878+00:00
"Chemicals, Polymers, Plastics & Packaging",PLASTICOS LATINOAMERICANA S.A. DE C.V.,plasticoslatinoame.com,Andrea Valenzuela,Chief Executive Officer (CEO),C_SUITE,EXECUTIVE,avalenzuela@plasticoslatinoame.com,VERIFIED,85,+525535670800,2026-09-06T14:31:01.659878+00:00
"Chemicals, Polymers, Plastics & Packaging",EMPAQUES INDUSTRIAL 43 S. DE R.L. DE C.V.,empaquesindustrial.com.mx,Guillermo Martínez,Chief Executive Officer (CEO),C_SUITE,EXECUTIVE,gmartínez@empaquesindustrial.com.mx,VERIFIED,85,+528790043947,2026-09-06T14:31:01.659878+00:00
"Chemicals, Polymers, Plastics & Packaging",EMPAQUES INDUSTRIAL 43 S. DE R.L. DE C.V.,empaquesindustrial.com.mx,Guillermo Castro,Chief Executive Officer (CEO),C_SUITE,EXECUTIVE,gcastro@empaquesindustrial.com.mx,VERIFIED,85,+528772717426,2026-09-06T14:31:01.659878+00:00
"Chemicals, Polymers, Plastics & Packaging",EMPAQUES INDUSTRIAL 43 S. DE R.L. DE C.V.,empaquesindustrial.com.mx,Claudia López,Chief Financial Officer (CFO),C_SUITE,FINANCE,clópez@empaquesindustrial.com.mx,VERIFIED,85,+526169704343,2026-09-06T14:31:01.659878+00:00
"Chemicals, Polymers, Plastics & Packaging",EMPAQUES INDUSTRIAL 43 S. DE R.L. DE C.V.,empaquesindustrial.com.mx,Claudia Vega,Chief Financial Officer (CFO),C_SUITE,FINANCE,cvega@empaquesindustrial.com.mx,VERIFIED,85,+524550847218,2026-09-06T14:31:01.659878+00:00
"Chemicals, Polymers, Plastics & Packaging",EMPAQUES INDUSTRIAL 43 S. DE R.L. DE C.V.,empaquesindustrial.com.mx,Adriana Ruiz,Founder,FOUNDER,EXECUTIVE,aruiz@empaquesindustrial.com.mx,VERIFIED,85,+529688879260,2026-09-06T14:31:01.659878+00:00
"Chemicals, Polymers, Plastics & Packaging",EMPAQUES INDUSTRIAL S.A.P.I. DE C.V.,empaquesindustrial.com,Eduardo Villaseñor,Chief Financial Officer (CFO),C_SUITE,FINANCE,evillaseñor@empaquesindustrial.com,VERIFIED,85,+524896079571,2026-09-06T14:31:01.659878+00:00
"Chemicals, Polymers, Plastics & Packaging",PLASTICOS EMPRESARIAL S.A. DE C.V.,plasticosempresari.mx,David Villaseñor,Chief Operating Officer (COO),C_SUITE,OPERATIONS,dvillaseñor@plasticosempresari.mx,VERIFIED,85,+529151801910,2026-09-06T14:31:01.659878+00:00
"Chemicals, Polymers, Plastics & Packaging",PLASTICOS EMPRESARIAL S.A. DE C.V.,plasticosempresari.mx,Miguel Castro,Chief Financial Officer (CFO),C_SUITE,FINANCE,mcastro@plasticosempresari.mx,VERIFIED,85,+527060507610,2026-09-06T14:31:01.659878+00:00
"Chemicals, Polymers, Plastics & Packaging",PLASTICOS EMPRESARIAL S.A. DE C.V.,plasticosempresari.mx,Fernando Villaseñor,Chief Financial Officer (CFO),C_SUITE,FINANCE,fvillaseñor@plasticosempresari.com.mx,VERIFIED,85,+527053489448,2026-09-06T14:31:01.659878+00:00
"Chemicals, Polymers, Plastics & Packaging",EMPAQUES EMPRESARIAL 26 S.A.B. DE C.V.,empaquesempresaria.com.mx,Carlos García,Chief Financial Officer (CFO),C_SUITE,FINANCE,cgarcía@empaquesempresaria.com.mx,VERIFIED,85,+527470945936,2026-09-06T14:31:01.659878+00:00
"Chemicals, Polymers, Plastics & Packaging",EMPAQUES EMPRESARIAL S.A.P.I. DE C.V.,empaquesempresaria.com,Gabriel García,Chief Executive Officer (CEO),C_SUITE,EXECUTIVE,ggarcía@empaquesempresaria.com,VERIFIED,85,+527328942099,2026-09-06T14:31:01.659878+00:00
"Chemicals, Polymers, Plastics & Packaging",EMPAQUES EMPRESARIAL S.A.P.I. DE C.V.,empaquesempresaria.com,Carlos Dominguez,Founder,FOUNDER,EXECUTIVE,cdominguez@empaquesempresaria.com,VERIFIED,85,+524436897454,2026-09-06T14:31:01.659878+00:00
"Chemicals, Polymers, Plastics & Packaging",EMPAQUES EMPRESARIAL S.A.P.I. DE C.V.,empaquesempresaria.com,Eduardo Salinas,Chief Human Resources Officer (CHRO),C_SUITE,HR_PEOPLE,esalinas@empaquesempresaria.com,VERIFIED,85,+527169016437,2026-09-06T14:31:01.659878+00:00
"Chemicals, Polymers, Plastics & Packaging",QUIMICA DEL PACIFICO S.A. DE C.V.,quimicadelpacifico.mx,Alejandro González,Founder,FOUNDER,EXECUTIVE,agonzález@quimicadelpacifico.mx,VERIFIED,85,+529492508433,2026-09-06T14:31:01.659878+00:00
"Chemicals, Polymers, Plastics & Packaging",QUIMICA DEL PACIFICO S.A. DE C.V.,quimicadelpacifico.mx,Jorge López,Chief Executive Officer (CEO),C_SUITE,EXECUTIVE,jlópez@quimicadelpacifico.mx,VERIFIED,85,+526798046150,2026-09-06T14:31:01.659878+00:00
"Chemicals, Polymers, Plastics & Packaging",QUIMICA DEL PACIFICO S.A. DE C.V.,quimicadelpacifico.com.mx,Carlos Valenzuela,Chief Executive Officer (CEO),C_SUITE,EXECUTIVE,cvalenzuela@quimicadelpacifico.com.mx,VERIFIED,85,+525524947622,2026-09-06T14:31:01.659878+00:00
"Chemicals, Polymers, Plastics & Packaging",QUIMICA DEL BAJIO S.A. DE C.V.,quimicadelbajio.com,Daniel González,Chief Executive Officer (CEO),C_SUITE,EXECUTIVE,dgonzález@quimicadelbajio.com,VERIFIED,85,+528691261556,2026-09-06T14:31:01.659878+00:00
"Chemicals, Polymers, Plastics & Packaging",QUIMICA DEL BAJIO S.C.,quimicadelbajio.mx,Miguel Ruiz,Chief Revenue Officer (CRO),C_SUITE,SALES_MARKETING,mruiz@quimicadelbajio.mx,VERIFIED,85,+529067973476,2026-09-06T14:31:01.659878+00:00
"Chemicals, Polymers, Plastics & Packaging",QUIMICA DEL BAJIO S.C.,quimicadelbajio.mx,Claudia Vega,Chief Revenue Officer (CRO),C_SUITE,SALES_MARKETING,cvega@quimicadelbajio.mx,VERIFIED,85,+529661321709,2026-09-06T14:31:01.659878+00:00
"Chemicals, Polymers, Plastics & Packaging",QUIMICA DEL PACIFICO S.A.P.I. DE C.V.,quimicadelpacifico.com,Patricia Castro,Chief Technology Officer (CTO),C_SUITE,ENGINEERING_IT,pcastro@quimicadelpacifico.com,VERIFIED,85,+528165295981,2026-09-06T14:31:01.659878+00:00
"Chemicals, Polymers, Plastics & Packaging",QUIMICA DEL CENTRO S.C.,quimicadelcentro.com,Miguel González,Chief Technology Officer (CTO),C_SUITE,ENGINEERING_IT,mgonzález@quimicadelcentro.com,VERIFIED,85,+524450012203,2026-09-06T14:31:01.659878+00:00
"Chemicals, Polymers, Plastics & Packaging",QUIMICA DEL NORTE S. DE R.L. DE C.V.,quimicadelnorte.com,Gabriel Benítez,Chief Financial Officer (CFO),C_SUITE,FINANCE,gbenítez@quimicadelnorte.com,VERIFIED,85,+524563646112,2026-09-06T14:31:01.659878+00:00
"Chemicals, Polymers, Plastics & Packaging",QUIMICA DEL NORTE 15 S.A. DE C.V.,quimicadelnorte23.mx,Guillermo Benítez,Chief Operating Officer (COO),C_SUITE,OPERATIONS,gbenítez@quimicadelnorte23.mx,VERIFIED,85,+525888031339,2026-09-06T14:31:01.659878+00:00
"Chemicals, Polymers, Plastics & Packaging",QUIMICA DEL BAJIO S.A.B. DE C.V.,quimicadelbajio51.com.mx,Patricia González,Founder,FOUNDER,EXECUTIVE,pgonzález@quimicadelbajio51.com.mx,VERIFIED,85,+528245692972,2026-09-06T14:31:01.659878+00:00
"Chemicals, Polymers, Plastics & Packaging",EMPAQUES CENTRAL S. DE R.L. DE C.V.,empaquescentral.com,Patricia Navarro,Chief Financial Officer (CFO),C_SUITE,FINANCE,pnavarro@empaquescentral.com,VERIFIED,85,+523356944924,2026-09-06T14:31:01.659878+00:00
"Chemicals, Polymers, Plastics & Packaging",EMPAQUES CENTRAL S. DE R.L. DE C.V.,empaquescentral.com,Miguel Dominguez,Chief Revenue Officer (CRO),C_SUITE,SALES_MARKETING,mdominguez@empaquescentral.com,VERIFIED,85,+523318643778,2026-09-06T14:31:01.659878+00:00
"Chemicals, Polymers, Plastics & Packaging",EMPAQUES CENTRAL S. DE R.L. DE C.V.,empaquescentral.com.mx,Gabriel Treviño,Chief Revenue Officer (CRO),C_SUITE,SALES_MARKETING,gtreviño@empaquescentral.com.mx,VERIFIED,85,+523317960104,2026-09-06T14:31:01.659878+00:00
"Chemicals, Polymers, Plastics & Packaging",EMPAQUES CENTRAL S. DE R.L. DE C.V.,empaquescentral.com.mx,David Salinas,Chief Executive Officer (CEO),C_SUITE,EXECUTIVE,dsalinas@empaquescentral.com.mx,VERIFIED,85,+523385303382,2026-09-06T14:31:01.659878+00:00
"Chemicals, Polymers, Plastics & Packaging",EMPAQUES INTERNACIONAL S.A.B. DE C.V.,empaquesinternacio.mx,Hector Treviño,Chief Executive Officer (CEO),C_SUITE,EXECUTIVE,htreviño@empaquesinternacio.mx,VERIFIED,85,+526944339521,2026-09-06T14:31:01.659878+00:00
"Chemicals, Polymers, Plastics & Packaging",EMPAQUES INTERNACIONAL S.A.B. DE C.V.,empaquesinternacio.mx,Mariana Vega,Chief Human Resources Officer (CHRO),C_SUITE,HR_PEOPLE,mvega@empaquesinternacio.mx,VERIFIED,85,+529592442196,2026-09-06T14:31:01.659878+00:00
"Chemicals, Polymers, Plastics & Packaging",EMPAQUES INTERNACIONAL 70 S.A.B. DE C.V.,empaquesinternacio.com,Eduardo Benítez,Chief Executive Officer (CEO),C_SUITE,EXECUTIVE,ebenítez@empaquesinternacio.com,VERIFIED,85,+527869063017,2026-09-06T14:31:01.659878+00:00
"Chemicals, Polymers, Plastics & Packaging",EMPAQUES INTERNACIONAL 70 S.A.B. DE C.V.,empaquesinternacio.com,Javier Garza,Chief Executive Officer (CEO),C_SUITE,EXECUTIVE,jgarza@empaquesinternacio.com,VERIFIED,85,+526528623262,2026-09-06T14:31:01.659878+00:00
"Chemicals, Polymers, Plastics & Packaging",EMPAQUES INTERNACIONAL S.A. DE C.V.,empaquesinternacio.com.mx,Miguel García,Chief Financial Officer (CFO),C_SUITE,FINANCE,mgarcía@empaquesinternacio.com.mx,VERIFIED,85,+528461530014,2026-09-06T14:31:01.659878+00:00
"Chemicals, Polymers, Plastics & Packaging",EMPAQUES MODERNA S.C.,empaquesmoderna.com.mx,Luis Benítez,Chief Human Resources Officer (CHRO),C_SUITE,HR_PEOPLE,lbenítez@empaquesmoderna.com.mx,VERIFIED,85,+529376331093,2026-09-06T14:31:01.659878+00:00
"Chemicals, Polymers, Plastics & Packaging",EMPAQUES MODERNA S.C.,empaquesmoderna.com.mx,Patricia Benítez,Founder,FOUNDER,EXECUTIVE,pbenítez@empaquesmoderna.com.mx,VERIFIED,85,+524542848300,2026-09-06T14:31:01.659878+00:00
"Chemicals, Polymers, Plastics & Packaging",PLASTICOS CENTRAL S.C.,plasticoscentral.com.mx,Hector Garza,Chief Financial Officer (CFO),C_SUITE,FINANCE,hgarza@plasticoscentral.com.mx,VERIFIED,85,+524967916718,2026-09-06T14:31:01.659878+00:00
"Chemicals, Polymers, Plastics & Packaging",QUIMICA DE OCCIDENTE 69 S.A.B. DE C.V.,quimicadeoccidente.mx,Alejandro Mendoza,Chief Executive Officer (CEO),C_SUITE,EXECUTIVE,amendoza@quimicadeoccidente.mx,VERIFIED,85,+524641779736,2026-09-06T14:31:01.659878+00:00
"Chemicals, Polymers, Plastics & Packaging",QUIMICA DE LAS AMERICAS S.A.B. DE C.V.,quimicadelasameric.mx,Fernando González,Chief Executive Officer (CEO),C_SUITE,EXECUTIVE,fgonzález@quimicadelasameric.mx,VERIFIED,85,+528947012251,2026-09-06T14:31:01.659878+00:00
"Chemicals, Polymers, Plastics & Packaging",QUIMICA DE LAS AMERICAS S.A.B. DE C.V.,quimicadelasameric.mx,Jorge Alarcón,Chief Executive Officer (CEO),C_SUITE,EXECUTIVE,jalarcón@quimicadelasameric.com,VERIFIED,85,+525268614537,2026-09-06T14:31:01.659878+00:00
"Chemicals, Polymers, Plastics & Packaging",QUIMICA DE OCCIDENTE S.A.B. DE C.V.,quimicadeoccidente.com,David Navarro,Chief Revenue Officer (CRO),C_SUITE,SALES_MARKETING,dnavarro@quimicadeoccidente.com,VERIFIED,85,+526412967451,2026-09-06T14:31:01.659878+00:00
"Chemicals, Polymers, Plastics & Packaging",QUIMICA DE OCCIDENTE 60 S.A.S.,quimicadeoccidente.com.mx,Rodrigo Martínez,Chief Executive Officer (CEO),C_SUITE,EXECUTIVE,rmartínez@quimicadeoccidente.com.mx,VERIFIED,85,+527281169237,2026-09-06T14:31:01.659878+00:00
"Chemicals, Polymers, Plastics & Packaging",QUIMICA DE LAS AMERICAS S.A.P.I. DE C.V.,quimicadelasameric.com,Jorge Martínez,Chief Human Resources Officer (CHRO),C_SUITE,HR_PEOPLE,jmartínez@quimicadelasameric.com,VERIFIED,85,+527744543926,2026-09-06T14:31:01.659878+00:00
"Chemicals, Polymers, Plastics & Packaging",QUIMICA GLOBAL 25 S.A.P.I. DE C.V.,quimicaglobal.mx,Javier Castro,Chief Executive Officer (CEO),C_SUITE,EXECUTIVE,jcastro@quimicaglobal.mx,VERIFIED,85,+525580250027,2026-09-06T14:31:01.659878+00:00
"Chemicals, Polymers, Plastics & Packaging",QUIMICA GLOBAL 25 S.A.P.I. DE C.V.,quimicaglobal.mx,Gabriel Castro,Chief Executive Officer (CEO),C_SUITE,EXECUTIVE,gcastro@quimicaglobal.mx,VERIFIED,85,+526046548600,2026-09-06T14:31:01.659878+00:00
"Chemicals, Polymers, Plastics & Packaging",QUIMICA GLOBAL S. DE R.L. DE C.V.,quimicaglobal33.com,Luis Castro,Chief Technology Officer (CTO),C_SUITE,ENGINEERING_IT,lcastro@quimicaglobal33.com,VERIFIED,85,+525089936540,2026-09-06T14:31:01.659878+00:00
"Chemicals, Polymers, Plastics & Packaging",QUIMICA GLOBAL S.A.B. DE C.V.,quimicaglobal23.mx,Guillermo Morales,Chief Financial Officer (CFO),C_SUITE,FINANCE,gmorales@quimicaglobal23.mx,VERIFIED,85,+527095313610,2026-09-06T14:31:01.659878+00:00
"Chemicals, Polymers, Plastics & Packaging",PLASTICOS DINAMICA S.A. DE C.V.,plasticosdinamica.mx,Jorge González,Chief Human Resources Officer (CHRO),C_SUITE,HR_PEOPLE,jgonzález@plasticosdinamica.mx,VERIFIED,85,+526237950484,2026-09-06T14:31:01.659878+00:00
"Chemicals, Polymers, Plastics & Packaging",PLASTICOS DINAMICA S.A. DE C.V.,plasticosdinamica.mx,Claudia García,Founder,FOUNDER,EXECUTIVE,cgarcía@plasticosdinamica.mx,VERIFIED,85,+525668785825,2026-09-06T14:31:01.659878+00:00
"Chemicals, Polymers, Plastics & Packaging",PLASTICOS DINAMICA S.C.,plasticosdinamica4.com.mx,Carlos Salinas,Chief Technology Officer (CTO),C_SUITE,ENGINEERING_IT,csalinas@plasticosdinamica4.com.mx,VERIFIED,85,+529727103397,2026-09-06T14:31:01.659878+00:00
"Chemicals, Polymers, Plastics & Packaging",EMPAQUES INDUSTRIAL S.A. DE C.V.,empaquesindustrial.com.mx,Roberto Villaseñor,Chief Operating Officer (COO),C_SUITE,OPERATIONS,rvillaseñor@empaquesindustrial.com.mx,VERIFIED,85,+525954613087,2026-09-06T14:31:01.675340+00:00
"Chemicals, Polymers, Plastics & Packaging",EMPAQUES INDUSTRIAL S.A. DE C.V.,empaquesindustrial.mx,Miguel García,Chief Revenue Officer (CRO),C_SUITE,SALES_MARKETING,mgarcía@empaquesindustrial.mx,VERIFIED,85,+524448555583,2026-09-06T14:31:01.675340+00:00
"Chemicals, Polymers, Plastics & Packaging",EMPAQUES INDUSTRIAL S.A. DE C.V.,empaquesindustrial.mx,Andrea Martínez,Chief Executive Officer (CEO),C_SUITE,EXECUTIVE,amartínez@empaquesindustrial.mx,VERIFIED,85,+527485979349,2026-09-06T14:31:01.675340+00:00
"Chemicals, Polymers, Plastics & Packaging",EMPAQUES INDUSTRIAL S.A. DE C.V.,empaquesindustrial.mx,Claudia Castro,Chief Financial Officer (CFO),C_SUITE,FINANCE,ccastro@empaquesindustrial.mx,VERIFIED,85,+529710706598,2026-09-06T14:31:01.675340+00:00
"Chemicals, Polymers, Plastics & Packaging",EMPAQUES GLOBAL S.C.,empaquesglobal.com,Alejandro Ruiz,Chief Revenue Officer (CRO),C_SUITE,SALES_MARKETING,aruiz@empaquesglobal.com,VERIFIED,85,+525977513424,2026-09-06T14:31:01.675340+00:00
"Chemicals, Polymers, Plastics & Packaging",EMPAQUES GLOBAL S.C.,empaquesglobal.com,Fernando Martínez,Chief Human Resources Officer (CHRO),C_SUITE,HR_PEOPLE,fmartínez@empaquesglobal.com,VERIFIED,85,+525236947147,2026-09-06T14:31:01.675340+00:00
"Chemicals, Polymers, Plastics & Packaging",EMPAQUES GLOBAL S.A. DE C.V.,empaquesglobal.com.mx,Hector Navarro,Chief Operating Officer (COO),C_SUITE,OPERATIONS,hnavarro@empaquesglobal.com.mx,VERIFIED,85,+527570363117,2026-09-06T14:31:01.675340+00:00
"Chemicals, Polymers, Plastics & Packaging",EMPAQUES GLOBAL S.A. DE C.V.,empaquesglobal.com.mx,Patricia Morales,Chief Executive Officer (CEO),C_SUITE,EXECUTIVE,pmorales@empaquesglobal.mx,VERIFIED,85,+529995506712,2026-09-06T14:31:01.675340+00:00
"Chemicals, Polymers, Plastics & Packaging",EMPAQUES INDUSTRIAL 74 S.C.,empaquesindustrial.mx,Daniel Castro,Chief Executive Officer (CEO),C_SUITE,EXECUTIVE,dcastro@empaquesindustrial.mx,VERIFIED,85,+528931529476,2026-09-06T14:31:01.675340+00:00
"Chemicals, Polymers, Plastics & Packaging",EMPAQUES INDUSTRIAL 74 S.C.,empaquesindustrial.mx,Jorge Vega,Chief Revenue Officer (CRO),C_SUITE,SALES_MARKETING,jvega@empaquesindustrial.mx,VERIFIED,85,+527527489183,2026-09-06T14:31:01.675340+00:00
"Chemicals, Polymers, Plastics & Packaging",EMPAQUES INDUSTRIAL S.A.B. DE C.V.,empaquesindustrial.com.mx,Luis García,Founder,FOUNDER,EXECUTIVE,lgarcía@empaquesindustrial.com.mx,VERIFIED,85,+524074117591,2026-09-06T14:31:01.675340+00:00
"Chemicals, Polymers, Plastics & Packaging",EMPAQUES LATINOAMERICANA S.C.,empaqueslatinoamer.com.mx,Alejandro García,Chief Human Resources Officer (CHRO),C_SUITE,HR_PEOPLE,agarcía@empaqueslatinoamer.com.mx,VERIFIED,85,+525541174445,2026-09-06T14:31:01.675340+00:00
"Chemicals, Polymers, Plastics & Packaging",EMPAQUES LATINOAMERICANA 36 S. DE R.L. DE C.V.,empaqueslatinoamer.mx,Carlos Navarro,Chief Revenue Officer (CRO),C_SUITE,SALES_MARKETING,cnavarro@empaqueslatinoamer.mx,VERIFIED,85,+525583932459,2026-09-06T14:31:01.675340+00:00
"Chemicals, Polymers, Plastics & Packaging",EMPAQUES LATINOAMERICANA 36 S. DE R.L. DE C.V.,empaqueslatinoamer.mx,Guillermo Valenzuela,Chief Operating Officer (COO),C_SUITE,OPERATIONS,gvalenzuela@empaqueslatinoamer.mx,VERIFIED,85,+525550937068,2026-09-06T14:31:01.675340+00:00
"Chemicals, Polymers, Plastics & Packaging",QUIMICA EMPRESARIAL S.A.S.,quimicaempresarial.com.mx,Hector Morales,Chief Revenue Officer (CRO),C_SUITE,SALES_MARKETING,hmorales@quimicaempresarial.com.mx,VERIFIED,85,+528123915671,2026-09-06T14:31:01.675340+00:00
"Chemicals, Polymers, Plastics & Packaging",QUIMICA INTEGRAL S.A.B. DE C.V.,quimicaintegral.com.mx,Guillermo Salinas,Chief Financial Officer (CFO),C_SUITE,FINANCE,gsalinas@quimicaintegral.com.mx,VERIFIED,85,+525935685665,2026-09-06T14:31:01.675340+00:00
"Chemicals, Polymers, Plastics & Packaging",QUIMICA INTEGRAL S.A.B. DE C.V.,quimicaintegral.com.mx,Carlos López,Chief Executive Officer (CEO),C_SUITE,EXECUTIVE,clópez@quimicaintegral.com,VERIFIED,85,+527240873274,2026-09-06T14:31:01.675340+00:00
"Chemicals, Polymers, Plastics & Packaging",QUIMICA INTEGRAL S.A.B. DE C.V.,quimicaintegral.com.mx,Claudia Mendoza,Chief Executive Officer (CEO),C_SUITE,EXECUTIVE,cmendoza@quimicaintegral.com.mx,VERIFIED,85,+526092000716,2026-09-06T14:31:01.675340+00:00
"Chemicals, Polymers, Plastics & Packaging",QUIMICA INTEGRAL S.A.B. DE C.V.,quimicaintegral.com.mx,Andrea Villaseñor,Chief Operating Officer (COO),C_SUITE,OPERATIONS,avillaseñor@quimicaintegral.com.mx,VERIFIED,85,+529930472269,2026-09-06T14:31:01.675340+00:00
"Chemicals, Polymers, Plastics & Packaging",QUIMICA INTEGRAL S.A.B. DE C.V.,quimicaintegral.com.mx,Andrea Dominguez,Chief Financial Officer (CFO),C_SUITE,FINANCE,adominguez@quimicaintegral.mx,VERIFIED,85,+524617770936,2026-09-06T14:31:01.675340+00:00
"Chemicals, Polymers, Plastics & Packaging",QUIMICA INTEGRAL S.C.,quimicaintegral25.com,Jorge Martínez,Chief Executive Officer (CEO),C_SUITE,EXECUTIVE,jmartínez@quimicaintegral25.com,VERIFIED,85,+529594097995,2026-09-06T14:31:01.675340+00:00
"Chemicals, Polymers, Plastics & Packaging",QUIMICA DE OCCIDENTE S.A. DE C.V.,quimicadeoccidente.com.mx,Guillermo Dominguez,Founder,FOUNDER,EXECUTIVE,gdominguez@quimicadeoccidente.com.mx,VERIFIED,85,+525539323179,2026-09-06T14:31:01.678587+00:00
"Chemicals, Polymers, Plastics & Packaging",QUIMICA DE OCCIDENTE S.A. DE C.V.,quimicadeoccidente.mx,Alejandro Alarcón,Chief Operating Officer (COO),C_SUITE,OPERATIONS,aalarcón@quimicadeoccidente.mx,VERIFIED,85,+525571615602,2026-09-06T14:31:01.678587+00:00
"Chemicals, Polymers, Plastics & Packaging",QUIMICA INDUSTRIAL 69 S.C.,quimicaindustrial.com,Miguel Navarro,Chief Financial Officer (CFO),C_SUITE,FINANCE,mnavarro@quimicaindustrial.com,VERIFIED,85,+524364500649,2026-09-06T14:31:01.678587+00:00
"Chemicals, Polymers, Plastics & Packaging",QUIMICA INDUSTRIAL 69 S.C.,quimicaindustrial.com,Patricia Vega,Chief Human Resources Officer (CHRO),C_SUITE,HR_PEOPLE,pvega@quimicaindustrial.com,VERIFIED,85,+524253235508,2026-09-06T14:31:01.678587+00:00
"Chemicals, Polymers, Plastics & Packaging",QUIMICA INDUSTRIAL 69 S.C.,quimicaindustrial.com,Hector Ruiz,Chief Financial Officer (CFO),C_SUITE,FINANCE,hruiz@quimicaindustrial.com,VERIFIED,85,+529814751380,2026-09-06T14:31:01.678587+00:00
"Chemicals, Polymers, Plastics & Packaging",QUIMICA INDUSTRIAL S.A. DE C.V.,quimicaindustrial.com.mx,Fernando Navarro,Chief Executive Officer (CEO),C_SUITE,EXECUTIVE,fnavarro@quimicaindustrial.com.mx,VERIFIED,85,+526828295637,2026-09-06T14:31:01.678587+00:00
"Chemicals, Polymers, Plastics & Packaging",QUIMICA LATINOAMERICANA 36 S. DE R.L. DE C.V.,quimicalatinoameri.com.mx,Adriana Villaseñor,Chief Revenue Officer (CRO),C_SUITE,SALES_MARKETING,avillaseñor@quimicalatinoameri.com.mx,VERIFIED,85,+529820855041,2026-09-06T14:31:01.680594+00:00
"Chemicals, Polymers, Plastics & Packaging",QUIMICA LATINOAMERICANA S.A.S.,quimicalatinoameri.mx,Carlos Vega,Chief Operating Officer (COO),C_SUITE,OPERATIONS,cvega@quimicalatinoameri.mx,VERIFIED,85,+526935808964,2026-09-06T14:31:01.680594+00:00
"Chemicals, Polymers, Plastics & Packaging",QUIMICA LATINOAMERICANA S.A.S.,quimicalatinoameri.mx,Guillermo Alarcón,Chief Executive Officer (CEO),C_SUITE,EXECUTIVE,galarcón@quimicalatinoameri.mx,VERIFIED,85,+529990849684,2026-09-06T14:31:01.680594+00:00
"Chemicals, Polymers, Plastics & Packaging",QUIMICA LATINOAMERICANA S.A.S.,quimicalatinoameri.mx,Eduardo Ruiz,Chief Executive Officer (CEO),C_SUITE,EXECUTIVE,eruiz@quimicalatinoameri.mx,VERIFIED,85,+529570506857,2026-09-06T14:31:01.680594+00:00
"Chemicals, Polymers, Plastics & Packaging",QUIMICA LATINOAMERICANA S.A. DE C.V.,quimicalatinoameri.com,Gabriel López,Chief Technology Officer (CTO),C_SUITE,ENGINEERING_IT,glópez@quimicalatinoameri.com,VERIFIED,85,+526161663567,2026-09-06T14:31:01.680594+00:00
"Chemicals, Polymers, Plastics & Packaging",QUIMICA CENTRAL S.A.P.I. DE C.V.,quimicacentral.com,David Treviño,Chief Revenue Officer (CRO),C_SUITE,SALES_MARKETING,dtreviño@quimicacentral.com,VERIFIED,85,+527222680317,2026-09-06T14:31:01.680594+00:00
"Chemicals, Polymers, Plastics & Packaging",QUIMICA CENTRAL 69 S.A.P.I. DE C.V.,quimicacentral.com.mx,Guillermo Treviño,Chief Human Resources Officer (CHRO),C_SUITE,HR_PEOPLE,gtreviño@quimicacentral.com.mx,VERIFIED,85,+528864816380,2026-09-06T14:31:01.680594+00:00
"Chemicals, Polymers, Plastics & Packaging",EMPAQUES GLOBAL S.A.S.,empaquesglobal.com.mx,David Alarcón,Chief Financial Officer (CFO),C_SUITE,FINANCE,dalarcón@empaquesglobal.com.mx,VERIFIED,85,+529515554468,2026-09-06T14:31:01.680594+00:00
"Chemicals, Polymers, Plastics & Packaging",EMPAQUES GLOBAL S.A.S.,empaquesglobal.mx,Daniel Navarro,Chief Executive Officer (CEO),C_SUITE,EXECUTIVE,dnavarro@empaquesglobal.mx,VERIFIED,85,+527216846569,2026-09-06T14:31:01.680594+00:00
"Chemicals, Polymers, Plastics & Packaging",PLASTICOS MEXICANA 24 S. DE R.L. DE C.V.,plasticosmexicana.com,Sofia Hernández,Chief Revenue Officer (CRO),C_SUITE,SALES_MARKETING,shernández@plasticosmexicana.com,VERIFIED,85,+525525004401,2026-09-06T14:31:01.680594+00:00
"Chemicals, Polymers, Plastics & Packaging",PLASTICOS MEXICANA 24 S. DE R.L. DE C.V.,plasticosmexicana.com,Roberto Mendoza,Chief Technology Officer (CTO),C_SUITE,ENGINEERING_IT,rmendoza@plasticosmexicana.com,VERIFIED,85,+525589816562,2026-09-06T14:31:01.680594+00:00
"Chemicals, Polymers, Plastics & Packaging",PLASTICOS MEXICANA S.A.P.I. DE C.V.,plasticosmexicana.com.mx,Eduardo Garza,Chief Revenue Officer (CRO),C_SUITE,SALES_MARKETING,egarza@plasticosmexicana.com.mx,VERIFIED,85,+525542356763,2026-09-06T14:31:01.680594+00:00
"Chemicals, Polymers, Plastics & Packaging",PLASTICOS MEXICANA S.A.P.I. DE C.V.,plasticosmexicana.com.mx,Eduardo Valenzuela,Chief Operating Officer (COO),C_SUITE,OPERATIONS,evalenzuela@plasticosmexicana.com.mx,VERIFIED,85,+525544353645,2026-09-06T14:31:01.680594+00:00
"Chemicals, Polymers, Plastics & Packaging",QUIMICA ESPECIALIZADA 90 S.A.B. DE C.V.,quimicaespecializa.mx,Daniel Garza,Chief Operating Officer (COO),C_SUITE,OPERATIONS,dgarza@quimicaespecializa.mx,VERIFIED,85,+523348579212,2026-09-06T14:31:01.680594+00:00
"Chemicals, Polymers, Plastics & Packaging",QUIMICA EMPRESARIAL S.A. DE C.V.,quimicaempresarial.com.mx,Hector Vega,Chief Financial Officer (CFO),C_SUITE,FINANCE,hvega@quimicaempresarial.com.mx,VERIFIED,85,+527589052008,2026-09-06T14:31:01.680594+00:00
"Chemicals, Polymers, Plastics & Packaging",QUIMICA EMPRESARIAL S.A. DE C.V.,quimicaempresarial.com.mx,Mariana Morales,Chief Revenue Officer (CRO),C_SUITE,SALES_MARKETING,mmorales@quimicaempresarial.com.mx,VERIFIED,85,+529970800330,2026-09-06T14:31:01.680594+00:00
"Chemicals, Polymers, Plastics & Packaging",EMPAQUES AVANZADA S.A. DE C.V.,empaquesavanzada28.com,Miguel Ruiz,Chief Operating Officer (COO),C_SUITE,OPERATIONS,mruiz@empaquesavanzada28.com,VERIFIED,85,+527560351398,2026-09-06T14:31:01.682599+00:00
"Chemicals, Polymers, Plastics & Packaging",EMPAQUES AVANZADA S.A. DE C.V.,empaquesavanzada28.com,Miguel Garza,Chief Technology Officer (CTO),C_SUITE,ENGINEERING_IT,mgarza@empaquesavanzada.com,VERIFIED,85,+527983619759,2026-09-06T14:31:01.682599+00:00
"Chemicals, Polymers, Plastics & Packaging",EMPAQUES AVANZADA S.C.,empaquesavanzada.com,Guillermo Mendoza,Chief Revenue Officer (CRO),C_SUITE,SALES_MARKETING,gmendoza@empaquesavanzada.com,VERIFIED,85,+529381211489,2026-09-06T14:31:01.682599+00:00
"Chemicals, Polymers, Plastics & Packaging",EMPAQUES AVANZADA S.C.,empaquesavanzada.com,Jorge López,Chief Human Resources Officer (CHRO),C_SUITE,HR_PEOPLE,jlópez@empaquesavanzada.com,VERIFIED,85,+525722349012,2026-09-06T14:31:01.682599+00:00
"Chemicals, Polymers, Plastics & Packaging",EMPAQUES AVANZADA S. DE R.L. DE C.V.,empaquesavanzada74.com,Adriana Valenzuela,Chief Executive Officer (CEO),C_SUITE,EXECUTIVE,avalenzuela@empaquesavanzada74.com,VERIFIED,85,+526919657983,2026-09-06T14:31:01.682599+00:00
"Chemicals, Polymers, Plastics & Packaging",EMPAQUES AVANZADA 66 S.A. DE C.V.,empaquesavanzada.mx,Eduardo Valenzuela,Chief Executive Officer (CEO),C_SUITE,EXECUTIVE,evalenzuela@empaquesavanzada.mx,VERIFIED,85,+528433203281,2026-09-06T14:31:01.682599+00:00
"Chemicals, Polymers, Plastics & Packaging",QUIMICA GLOBAL S.A. DE C.V.,quimicaglobal.com.mx,Daniel Hernández,Chief Operating Officer (COO),C_SUITE,OPERATIONS,dhernández@quimicaglobal.com.mx,VERIFIED,85,+525727712613,2026-09-06T14:31:01.684606+00:00
"Chemicals, Polymers, Plastics & Packaging",QUIMICA GLOBAL S.A. DE C.V.,quimicaglobal7.com.mx,Rodrigo Villaseñor,Founder,FOUNDER,EXECUTIVE,rvillaseñor@quimicaglobal7.com.mx,VERIFIED,85,+525111392944,2026-09-06T14:31:01.684606+00:00
"Chemicals, Polymers, Plastics & Packaging",QUIMICA GLOBAL S.C.,quimicaglobal78.com.mx,Andrea Ruiz,Chief Revenue Officer (CRO),C_SUITE,SALES_MARKETING,aruiz@quimicaglobal78.com.mx,VERIFIED,85,+529789751040,2026-09-06T14:31:01.684606+00:00
"Chemicals, Polymers, Plastics & Packaging",EMPAQUES INDUSTRIAL S.A.B. DE C.V.,empaquesindustrial.com,David Castro,Chief Revenue Officer (CRO),C_SUITE,SALES_MARKETING,dcastro@empaquesindustrial.com,VERIFIED,85,+524373232296,2026-09-06T14:31:01.684606+00:00
"Chemicals, Polymers, Plastics & Packaging",EMPAQUES INDUSTRIAL S.C.,empaquesindustrial.com.mx,Alejandro Benítez,Chief Human Resources Officer (CHRO),C_SUITE,HR_PEOPLE,abenítez@empaquesindustrial.com.mx,VERIFIED,85,+527751484283,2026-09-06T14:31:01.686610+00:00
"Chemicals, Polymers, Plastics & Packaging",EMPAQUES INTERNACIONAL S.A.S.,empaquesinternacio.com,Mariana Alarcón,Chief Financial Officer (CFO),C_SUITE,FINANCE,malarcón@empaquesinternacio.com,VERIFIED,85,+528443564882,2026-09-06T14:31:01.686610+00:00
"Chemicals, Polymers, Plastics & Packaging",EMPAQUES INTERNACIONAL S.A.S.,empaquesinternacio.com,Fernando López,Chief Human Resources Officer (CHRO),C_SUITE,HR_PEOPLE,flópez@empaquesinternacio.com,VERIFIED,85,+524338641973,2026-09-06T14:31:01.686610+00:00
"Chemicals, Polymers, Plastics & Packaging",EMPAQUES INTERNACIONAL S. DE R.L. DE C.V.,empaquesinternacio.com.mx,Daniel Hernández,Chief Technology Officer (CTO),C_SUITE,ENGINEERING_IT,dhernández@empaquesinternacio.com.mx,VERIFIED,85,+525394065135,2026-09-06T14:31:01.686610+00:00
"Chemicals, Polymers, Plastics & Packaging",EMPAQUES INTERNACIONAL S. DE R.L. DE C.V.,empaquesinternacio.com.mx,Roberto Garza,Chief Operating Officer (COO),C_SUITE,OPERATIONS,rgarza@empaquesinternacio.com.mx,VERIFIED,85,+527914555868,2026-09-06T14:31:01.686610+00:00
"Chemicals, Polymers, Plastics & Packaging",EMPAQUES INTERNACIONAL S. DE R.L. DE C.V.,empaquesinternacio.com.mx,Gabriel Benítez,Chief Executive Officer (CEO),C_SUITE,EXECUTIVE,gbenítez@empaquesinternacio.com.mx,VERIFIED,85,+525343913079,2026-09-06T14:31:01.686610+00:00
"Chemicals, Polymers, Plastics & Packaging",QUIMICA NACIONAL S. DE R.L. DE C.V.,quimicanacional60.com.mx,Sofia Salinas,Founder,FOUNDER,EXECUTIVE,ssalinas@quimicanacional60.com.mx,VERIFIED,85,+527029595956,2026-09-06T14:31:01.688619+00:00
"Chemicals, Polymers, Plastics & Packaging",QUIMICA NACIONAL S. DE R.L. DE C.V.,quimicanacional60.com.mx,Alejandro Ruiz,Chief Financial Officer (CFO),C_SUITE,FINANCE,aruiz@quimicanacional.com,VERIFIED,85,+526828111317,2026-09-06T14:31:01.688619+00:00
"Chemicals, Polymers, Plastics & Packaging",QUIMICA NACIONAL S. DE R.L. DE C.V.,quimicanacional60.com.mx,Patricia Morales,Chief Technology Officer (CTO),C_SUITE,ENGINEERING_IT,pmorales@quimicanacional96.mx,VERIFIED,85,+529681718106,2026-09-06T14:31:01.688619+00:00
"Chemicals, Polymers, Plastics & Packaging",PLASTICOS MEXICANA S. DE R.L. DE C.V.,plasticosmexicana9.mx,Alejandro Navarro,Chief Revenue Officer (CRO),C_SUITE,SALES_MARKETING,anavarro@plasticosmexicana9.mx,VERIFIED,85,+524710429331,2026-09-06T14:31:01.688619+00:00
"Chemicals, Polymers, Plastics & Packaging",PLASTICOS MEXICANA S. DE R.L. DE C.V.,plasticosmexicana9.mx,Luis Garza,Founder,FOUNDER,EXECUTIVE,lgarza@plasticosmexicana8.com.mx,VERIFIED,85,+525635590262,2026-09-06T14:31:01.688619+00:00
"Chemicals, Polymers, Plastics & Packaging",EMPAQUES INDUSTRIAL S. DE R.L. DE C.V.,empaquesindustrial.com.mx,Guillermo Garza,Chief Operating Officer (COO),C_SUITE,OPERATIONS,ggarza@empaquesindustrial.com.mx,VERIFIED,85,+528053296729,2026-09-06T14:31:01.692827+00:00
"Chemicals, Polymers, Plastics & Packaging",EMPAQUES INDUSTRIAL S. DE R.L. DE C.V.,empaquesindustrial.com.mx,Alejandro Garza,Chief Human Resources Officer (CHRO),C_SUITE,HR_PEOPLE,agarza@empaquesindustrial.com.mx,VERIFIED,85,+525326512150,2026-09-06T14:31:01.692827+00:00
"Chemicals, Polymers, Plastics & Packaging",EMPAQUES INDUSTRIAL S.A.P.I. DE C.V.,empaquesindustrial.com,Andrea Martínez,Chief Executive Officer (CEO),C_SUITE,EXECUTIVE,amartínez@empaquesindustrial.com,VERIFIED,85,+524976034619,2026-09-06T14:31:01.692827+00:00
"Chemicals, Polymers, Plastics & Packaging",EMPAQUES INDUSTRIAL S.A.P.I. DE C.V.,empaquesindustrial.mx,Hector Vega,Chief Executive Officer (CEO),C_SUITE,EXECUTIVE,hvega@empaquesindustrial.mx,VERIFIED,85,+527564973459,2026-09-06T14:31:01.692827+00:00
"Chemicals, Polymers, Plastics & Packaging",PLASTICOS INDUSTRIAL S.A.P.I. DE C.V.,plasticosindustria.com,Gabriel García,Chief Financial Officer (CFO),C_SUITE,FINANCE,ggarcía@plasticosindustria.com,VERIFIED,85,+526199463495,2026-09-06T14:31:01.692827+00:00
"Chemicals, Polymers, Plastics & Packaging",PLASTICOS INDUSTRIAL S.A.P.I. DE C.V.,plasticosindustria.com,Miguel Morales,Chief Human Resources Officer (CHRO),C_SUITE,HR_PEOPLE,mmorales@plasticosindustria.com,VERIFIED,85,+525559939680,2026-09-06T14:31:01.692827+00:00
"Chemicals, Polymers, Plastics & Packaging",PLASTICOS INDUSTRIAL S.A. DE C.V.,plasticosindustria.mx,Carlos Ruiz,Chief Financial Officer (CFO),C_SUITE,FINANCE,cruiz@plasticosindustria.mx,VERIFIED,85,+528391002710,2026-09-06T14:31:01.692827+00:00
"Chemicals, Polymers, Plastics & Packaging",EMPAQUES LATINOAMERICANA S.A.B. DE C.V.,empaqueslatinoamer.com.mx,Andrea Valenzuela,Chief Financial Officer (CFO),C_SUITE,FINANCE,avalenzuela@empaqueslatinoamer.com.mx,VERIFIED,85,+527563203119,2026-09-06T14:31:01.692827+00:00
"Chemicals, Polymers, Plastics & Packaging",EMPAQUES ESPECIALIZADA S. DE R.L. DE C.V.,empaquesespecializ.com,Adriana Vega,Chief Executive Officer (CEO),C_SUITE,EXECUTIVE,avega@empaquesespecializ.com,VERIFIED,85,+528132262513,2026-09-06T14:31:01.692827+00:00
"Chemicals, Polymers, Plastics & Packaging",EMPAQUES ESPECIALIZADA S. DE R.L. DE C.V.,empaquesespecializ.com,Roberto Hernández,Chief Executive Officer (CEO),C_SUITE,EXECUTIVE,rhernández@empaquesespecializ.com,VERIFIED,85,+528182386121,2026-09-06T14:31:01.692827+00:00
"Chemicals, Polymers, Plastics & Packaging",EMPAQUES MEXICANA S.A.P.I. DE C.V.,empaquesmexicana.com,Fernando Hernández,Founder,FOUNDER,EXECUTIVE,fhernández@empaquesmexicana.com,VERIFIED,85,+525576330684,2026-09-06T14:31:01.692827+00:00
"Chemicals, Polymers, Plastics & Packaging",EMPAQUES MEXICANA S.A.S.,empaquesmexicana64.com,Fernando Ruiz,Founder,FOUNDER,EXECUTIVE,fruiz@empaquesmexicana64.com,VERIFIED,85,+525557313888,2026-09-06T14:31:01.692827+00:00
"Chemicals, Polymers, Plastics & Packaging",EMPAQUES MEXICANA S.A. DE C.V.,empaquesmexicana.mx,Hector Dominguez,Chief Operating Officer (COO),C_SUITE,OPERATIONS,hdominguez@empaquesmexicana.mx,VERIFIED,85,+525517823989,2026-09-06T14:31:01.692827+00:00
"Chemicals, Polymers, Plastics & Packaging",EMPAQUES MEXICANA S.A. DE C.V.,empaquesmexicana.mx,Andrea Valenzuela,Chief Executive Officer (CEO),C_SUITE,EXECUTIVE,avalenzuela@empaquesmexicana.mx,VERIFIED,85,+525550860823,2026-09-06T14:31:01.692827+00:00
"Chemicals, Polymers, Plastics & Packaging",QUIMICA DINAMICA S.A.P.I. DE C.V.,quimicadinamica.mx,Roberto Ruiz,Chief Executive Officer (CEO),C_SUITE,EXECUTIVE,rruiz@quimicadinamica.mx,VERIFIED,85,+529022357887,2026-09-06T14:31:01.692827+00:00
"Chemicals, Polymers, Plastics & Packaging",QUIMICA DINAMICA S.A.P.I. DE C.V.,quimicadinamica.mx,Claudia Ruiz,Chief Financial Officer (CFO),C_SUITE,FINANCE,cruiz@quimicadinamica82.mx,VERIFIED,85,+525510939578,2026-09-06T14:31:01.692827+00:00
"Chemicals, Polymers, Plastics & Packaging",QUIMICA DINAMICA S.A.P.I. DE C.V.,quimicadinamica.mx,Roberto Hernández,Chief Operating Officer (COO),C_SUITE,OPERATIONS,rhernández@quimicadinamica.mx,VERIFIED,85,+529135912840,2026-09-06T14:31:01.692827+00:00
"Chemicals, Polymers, Plastics & Packaging",QUIMICA DINAMICA S.A. DE C.V.,quimicadinamica98.com.mx,Carlos Navarro,Chief Human Resources Officer (CHRO),C_SUITE,HR_PEOPLE,cnavarro@quimicadinamica98.com.mx,VERIFIED,85,+527333845561,2026-09-06T14:31:01.692827+00:00
"Chemicals, Polymers, Plastics & Packaging",QUIMICA DINAMICA 98 S. DE R.L. DE C.V.,quimicadinamica54.com,Carlos Hernández,Chief Executive Officer (CEO),C_SUITE,EXECUTIVE,chernández@quimicadinamica54.com,VERIFIED,85,+528930907578,2026-09-06T14:31:01.692827+00:00
"Chemicals, Polymers, Plastics & Packaging",PLASTICOS INTERNACIONAL S.C.,plasticosinternaci.com.mx,Carlos Benítez,Chief Executive Officer (CEO),C_SUITE,EXECUTIVE,cbenítez@plasticosinternaci.com.mx,VERIFIED,85,+525830273736,2026-09-06T14:31:01.696757+00:00
"Chemicals, Polymers, Plastics & Packaging",PLASTICOS INTERNACIONAL S.C.,plasticosinternaci.com.mx,Mariana Garza,Chief Technology Officer (CTO),C_SUITE,ENGINEERING_IT,mgarza@plasticosinternaci.com,VERIFIED,85,+527592011029,2026-09-06T14:31:01.696757+00:00
"Chemicals, Polymers, Plastics & Packaging",PLASTICOS INTERNACIONAL S.A.P.I. DE C.V.,plasticosinternaci.com,Daniel Benítez,Chief Executive Officer (CEO),C_SUITE,EXECUTIVE,dbenítez@plasticosinternaci.com,VERIFIED,85,+528217147202,2026-09-06T14:31:01.696757+00:00
"Chemicals, Polymers, Plastics & Packaging",PLASTICOS DE LAS AMERICAS S.A.B. DE C.V.,plasticosdelasamer.com.mx,Roberto Vega,Chief Revenue Officer (CRO),C_SUITE,SALES_MARKETING,rvega@plasticosdelasamer.com.mx,VERIFIED,85,+524188757663,2026-09-06T14:31:01.697147+00:00
"Chemicals, Polymers, Plastics & Packaging",PLASTICOS DE LAS AMERICAS S.A.B. DE C.V.,plasticosdelasamer.com.mx,Fernando Vega,Chief Executive Officer (CEO),C_SUITE,EXECUTIVE,fvega@plasticosdelasamer.com.mx,VERIFIED,85,+526194870953,2026-09-06T14:31:01.697147+00:00
"Chemicals, Polymers, Plastics & Packaging",PLASTICOS DE OCCIDENTE S. DE R.L. DE C.V.,plasticosdeocciden.com.mx,Jorge Morales,Chief Human Resources Officer (CHRO),C_SUITE,HR_PEOPLE,jmorales@plasticosdeocciden.com.mx,VERIFIED,85,+525867067275,2026-09-06T14:31:01.697147+00:00
"Chemicals, Polymers, Plastics & Packaging",PLASTICOS DE OCCIDENTE S.A. DE C.V.,plasticosdeocciden.mx,Claudia Mendoza,Chief Executive Officer (CEO),C_SUITE,EXECUTIVE,cmendoza@plasticosdeocciden.mx,VERIFIED,85,+524269010874,2026-09-06T14:31:01.697147+00:00
"Chemicals, Polymers, Plastics & Packaging",QUIMICA DE LAS AMERICAS S.A.P.I. DE C.V.,quimicadelasameric.com,Gabriel Vega,Chief Revenue Officer (CRO),C_SUITE,SALES_MARKETING,gvega@quimicadelasameric.com,VERIFIED,85,+527051282093,2026-09-06T14:31:01.697554+00:00
"Chemicals, Polymers, Plastics & Packaging",QUIMICA DE LAS AMERICAS S.A.P.I. DE C.V.,quimicadelasameric.com,Miguel González,Chief Executive Officer (CEO),C_SUITE,EXECUTIVE,mgonzález@quimicadelasameric.com,VERIFIED,85,+528519120103,2026-09-06T14:31:01.697554+00:00
"Chemicals, Polymers, Plastics & Packaging",QUIMICA DE OCCIDENTE S.A.S.,quimicadeoccidente.com,Roberto García,Chief Operating Officer (COO),C_SUITE,OPERATIONS,rgarcía@quimicadeoccidente.com,VERIFIED,85,+529831202910,2026-09-06T14:31:01.697554+00:00
"Chemicals, Polymers, Plastics & Packaging",QUIMICA DE LAS AMERICAS S.A.S.,quimicadelasameric.com.mx,Rodrigo Villaseñor,Chief Operating Officer (COO),C_SUITE,OPERATIONS,rvillaseñor@quimicadelasameric.com.mx,VERIFIED,85,+524753872302,2026-09-06T14:31:01.697554+00:00
"Chemicals, Polymers, Plastics & Packaging",QUIMICA DE LAS AMERICAS S.A.S.,quimicadelasameric.com.mx,David Treviño,Chief Financial Officer (CFO),C_SUITE,FINANCE,dtreviño@quimicadelasameric.com.mx,VERIFIED,85,+527390867871,2026-09-06T14:31:01.697554+00:00
"Chemicals, Polymers, Plastics & Packaging",QUIMICA DE OCCIDENTE S.A.B. DE C.V.,quimicadeoccidente.mx,Jorge Salinas,Chief Technology Officer (CTO),C_SUITE,ENGINEERING_IT,jsalinas@quimicadeoccidente.mx,VERIFIED,85,+527676686368,2026-09-06T14:31:01.697554+00:00
"Chemicals, Polymers, Plastics & Packaging",QUIMICA DE OCCIDENTE S.A.B. DE C.V.,quimicadeoccidente.mx,Patricia Mendoza,Chief Executive Officer (CEO),C_SUITE,EXECUTIVE,pmendoza@quimicadeoccidente.com.mx,VERIFIED,85,+528914273252,2026-09-06T14:31:01.697554+00:00
"Chemicals, Polymers, Plastics & Packaging",QUIMICA DE OCCIDENTE S.A.B. DE C.V.,quimicadeoccidente.com.mx,Alejandro López,Chief Operating Officer (COO),C_SUITE,OPERATIONS,alópez@quimicadeoccidente.com.mx,VERIFIED,85,+529579095672,2026-09-06T14:31:01.697554+00:00
"Chemicals, Polymers, Plastics & Packaging",EMPAQUES NACIONAL S.A.B. DE C.V.,empaquesnacional55.com.mx,Andrea Morales,Chief Human Resources Officer (CHRO),C_SUITE,HR_PEOPLE,amorales@empaquesnacional55.com.mx,VERIFIED,85,+529546150370,2026-09-06T14:31:01.697554+00:00
"Chemicals, Polymers, Plastics & Packaging",EMPAQUES NACIONAL S.A.B. DE C.V.,empaquesnacional55.com.mx,Andrea López,Chief Technology Officer (CTO),C_SUITE,ENGINEERING_IT,alópez@empaquesnacional54.com,VERIFIED,85,+527124370264,2026-09-06T14:31:01.697554+00:00
"Chemicals, Polymers, Plastics & Packaging",EMPAQUES NACIONAL S.A.B. DE C.V.,empaquesnacional55.com.mx,David Valenzuela,Chief Financial Officer (CFO),C_SUITE,FINANCE,dvalenzuela@empaquesnacional.com,VERIFIED,85,+528146293723,2026-09-06T14:31:01.697554+00:00
"Chemicals, Polymers, Plastics & Packaging",EMPAQUES GLOBAL S.A.B. DE C.V.,empaquesglobal.mx,Adriana Navarro,Chief Operating Officer (COO),C_SUITE,OPERATIONS,anavarro@empaquesglobal.mx,VERIFIED,85,+529577457431,2026-09-06T14:31:01.697554+00:00
"Chemicals, Polymers, Plastics & Packaging",EMPAQUES GLOBAL S. DE R.L. DE C.V.,empaquesglobal48.com,Miguel Morales,Chief Executive Officer (CEO),C_SUITE,EXECUTIVE,mmorales@empaquesglobal48.com,VERIFIED,85,+526487776476,2026-09-06T14:31:01.697554+00:00
"Chemicals, Polymers, Plastics & Packaging",QUIMICA INTERNACIONAL 64 S.A. DE C.V.,quimicainternacion.com,Mariana Dominguez,Chief Executive Officer (CEO),C_SUITE,EXECUTIVE,mdominguez@quimicainternacion.com,VERIFIED,85,+524712036819,2026-09-06T14:31:01.697554+00:00
"Chemicals, Polymers, Plastics & Packaging",QUIMICA INTERNACIONAL 64 S.A. DE C.V.,quimicainternacion.com,Fernando Vega,Chief Operating Officer (COO),C_SUITE,OPERATIONS,fvega@quimicainternacion.com,VERIFIED,85,+527365083788,2026-09-06T14:31:01.697554+00:00
"Chemicals, Polymers, Plastics & Packaging",QUIMICA INTERNACIONAL S.A.P.I. DE C.V.,quimicainternacion.com.mx,David García,Founder,FOUNDER,EXECUTIVE,dgarcía@quimicainternacion.com.mx,VERIFIED,85,+524438379425,2026-09-06T14:31:01.697554+00:00
"Chemicals, Polymers, Plastics & Packaging",QUIMICA INTERNACIONAL S.A. DE C.V.,quimicainternacion.com.mx,Hector Navarro,Chief Human Resources Officer (CHRO),C_SUITE,HR_PEOPLE,hnavarro@quimicainternacion.com.mx,VERIFIED,85,+525526380597,2026-09-06T14:31:01.697554+00:00
"Chemicals, Polymers, Plastics & Packaging",QUIMICA INTERNACIONAL S.A.S.,quimicainternacion.mx,Andrea García,Chief Operating Officer (COO),C_SUITE,OPERATIONS,agarcía@quimicainternacion.mx,VERIFIED,85,+525514231623,2026-09-06T14:31:01.697554+00:00
"Chemicals, Polymers, Plastics & Packaging",QUIMICA INTERNACIONAL S.A.S.,quimicainternacion.mx,Roberto Ruiz,Founder,FOUNDER,EXECUTIVE,rruiz@quimicainternacion.mx,VERIFIED,85,+525533275436,2026-09-06T14:31:01.697554+00:00
"Chemicals, Polymers, Plastics & Packaging",QUIMICA INTERNACIONAL S.A.P.I. DE C.V.,quimicainternacion.com,Roberto Ruiz,Chief Executive Officer (CEO),C_SUITE,EXECUTIVE,rruiz@quimicainternacion.com,VERIFIED,85,+525514965618,2026-09-06T14:31:01.697554+00:00
"Chemicals, Polymers, Plastics & Packaging",QUIMICA INTERNACIONAL S.A.P.I. DE C.V.,quimicainternacion.com,Luis López,Founder,FOUNDER,EXECUTIVE,llópez@quimicainternacion.com,VERIFIED,85,+525560401224,2026-09-06T14:31:01.697554+00:00
"Chemicals, Polymers, Plastics & Packaging",PLASTICOS LATINOAMERICANA S. DE R.L. DE C.V.,plasticoslatinoame.mx,Patricia Martínez,Chief Technology Officer (CTO),C_SUITE,ENGINEERING_IT,pmartínez@plasticoslatinoame.mx,VERIFIED,85,+529082637206,2026-09-06T14:31:01.697554+00:00
"Chemicals, Polymers, Plastics & Packaging",PLASTICOS LATINOAMERICANA S. DE R.L. DE C.V.,plasticoslatinoame.mx,Gabriel Mendoza,Chief Financial Officer (CFO),C_SUITE,FINANCE,gmendoza@plasticoslatinoame.com.mx,VERIFIED,85,+525083340936,2026-09-06T14:31:01.697554+00:00
"Chemicals, Polymers, Plastics & Packaging",PLASTICOS LATINOAMERICANA S.A.S.,plasticoslatinoame.com,Mariana Valenzuela,Chief Operating Officer (COO),C_SUITE,OPERATIONS,mvalenzuela@plasticoslatinoame.com,VERIFIED,85,+528285955052,2026-09-06T14:31:01.697554+00:00
"Chemicals, Polymers, Plastics & Packaging",PLASTICOS LATINOAMERICANA S.A.B. DE C.V.,plasticoslatinoame.com.mx,Carlos Benítez,Chief Human Resources Officer (CHRO),C_SUITE,HR_PEOPLE,cbenítez@plasticoslatinoame.com.mx,VERIFIED,85,+526141777347,2026-09-06T14:31:01.697554+00:00
"Chemicals, Polymers, Plastics & Packaging",PLASTICOS LATINOAMERICANA S.A.B. DE C.V.,plasticoslatinoame.com.mx,Claudia García,Chief Human Resources Officer (CHRO),C_SUITE,HR_PEOPLE,cgarcía@plasticoslatinoame.com.mx,VERIFIED,85,+528926473135,2026-09-06T14:31:01.697554+00:00
"Chemicals, Polymers, Plastics & Packaging",EMPAQUES CENTRAL S. DE R.L. DE C.V.,empaquescentral.com,Jorge Benítez,Chief Technology Officer (CTO),C_SUITE,ENGINEERING_IT,jbenítez@empaquescentral.com,VERIFIED,85,+529732444675,2026-09-06T14:31:01.697554+00:00
"Chemicals, Polymers, Plastics & Packaging",EMPAQUES CENTRAL S. DE R.L. DE C.V.,empaquescentral.com,Roberto Garza,Chief Revenue Officer (CRO),C_SUITE,SALES_MARKETING,rgarza@empaquescentral.com,VERIFIED,85,+525722007211,2026-09-06T14:31:01.697554+00:00
"Chemicals, Polymers, Plastics & Packaging",PLASTICOS DE LAS AMERICAS S.A.P.I. DE C.V.,plasticosdelasamer.com.mx,Roberto López,Chief Revenue Officer (CRO),C_SUITE,SALES_MARKETING,rlópez@plasticosdelasamer.com.mx,VERIFIED,85,+528536953606,2026-09-06T14:31:01.697554+00:00
"Chemicals, Polymers, Plastics & Packaging",PLASTICOS DE LAS AMERICAS S.A.S.,plasticosdelasamer.com,Rodrigo Villaseñor,Chief Executive Officer (CEO),C_SUITE,EXECUTIVE,rvillaseñor@plasticosdelasamer.com,VERIFIED,85,+524435295675,2026-09-06T14:31:01.697554+00:00
"Chemicals, Polymers, Plastics & Packaging",PLASTICOS DE LAS AMERICAS 53 S. DE R.L. DE C.V.,plasticosdelasamer.mx,Jorge Alarcón,Chief Financial Officer (CFO),C_SUITE,FINANCE,jalarcón@plasticosdelasamer.mx,VERIFIED,85,+527055794512,2026-09-06T14:31:01.697554+00:00
"Chemicals, Polymers, Plastics & Packaging",PLASTICOS DE OCCIDENTE 48 S.A.B. DE C.V.,plasticosdeocciden.com,Carlos Alarcón,Chief Operating Officer (COO),C_SUITE,OPERATIONS,calarcón@plasticosdeocciden.com,VERIFIED,85,+529017956880,2026-09-06T14:31:01.697554+00:00
"Chemicals, Polymers, Plastics & Packaging",EMPAQUES INTERNACIONAL S.A.B. DE C.V.,empaquesinternacio.com,Carlos Ruiz,Chief Financial Officer (CFO),C_SUITE,FINANCE,cruiz@empaquesinternacio.com,VERIFIED,85,+523325821334,2026-09-06T14:31:01.697554+00:00
"Chemicals, Polymers, Plastics & Packaging",EMPAQUES INTERNACIONAL S.A.B. DE C.V.,empaquesinternacio.com,Daniel Garza,Chief Human Resources Officer (CHRO),C_SUITE,HR_PEOPLE,dgarza@empaquesinternacio.com,VERIFIED,85,+523349718347,2026-09-06T14:31:01.697554+00:00
"Chemicals, Polymers, Plastics & Packaging",EMPAQUES NACIONAL S.C.,empaquesnacional.com.mx,Patricia Dominguez,Chief Human Resources Officer (CHRO),C_SUITE,HR_PEOPLE,pdominguez@empaquesnacional.com.mx,VERIFIED,85,+528937164442,2026-09-06T14:31:01.697554+00:00
"Chemicals, Polymers, Plastics & Packaging",EMPAQUES NACIONAL S.C.,empaquesnacional.com.mx,Hector Valenzuela,Chief Financial Officer (CFO),C_SUITE,FINANCE,hvalenzuela@empaquesnacional.mx,VERIFIED,85,+524568900766,2026-09-06T14:31:01.697554+00:00
"Chemicals, Polymers, Plastics & Packaging",EMPAQUES NACIONAL S.A. DE C.V.,empaquesnacional.com,Sofia Garza,Chief Human Resources Officer (CHRO),C_SUITE,HR_PEOPLE,sgarza@empaquesnacional.com,VERIFIED,85,+529814993383,2026-09-06T14:31:01.697554+00:00
"Chemicals, Polymers, Plastics & Packaging",EMPAQUES NACIONAL S.A. DE C.V.,empaquesnacional.com,Gabriel Vega,Chief Executive Officer (CEO),C_SUITE,EXECUTIVE,gvega@empaquesnacional.com,VERIFIED,85,+529228852119,2026-09-06T14:31:01.697554+00:00
"Chemicals, Polymers, Plastics & Packaging",EMPAQUES NACIONAL 40 S.A. DE C.V.,empaquesnacional39.com.mx,Fernando Salinas,Chief Executive Officer (CEO),C_SUITE,EXECUTIVE,fsalinas@empaquesnacional39.com.mx,VERIFIED,85,+526617120757,2026-09-06T14:31:01.697554+00:00
"Chemicals, Polymers, Plastics & Packaging",EMPAQUES INTERNACIONAL S. DE R.L. DE C.V.,empaquesinternacio.mx,David Salinas,Chief Operating Officer (COO),C_SUITE,OPERATIONS,dsalinas@empaquesinternacio.mx,VERIFIED,85,+527269536204,2026-09-06T14:31:01.697554+00:00
"Chemicals, Polymers, Plastics & Packaging",EMPAQUES INTERNACIONAL S. DE R.L. DE C.V.,empaquesinternacio.mx,Gabriel García,Chief Human Resources Officer (CHRO),C_SUITE,HR_PEOPLE,ggarcía@empaquesinternacio.mx,VERIFIED,85,+526727117895,2026-09-06T14:31:01.697554+00:00
"Chemicals, Polymers, Plastics & Packaging",EMPAQUES INTERNACIONAL S. DE R.L. DE C.V.,empaquesinternacio.mx,Guillermo Valenzuela,Chief Operating Officer (COO),C_SUITE,OPERATIONS,gvalenzuela@empaquesinternacio.mx,VERIFIED,85,+527363221939,2026-09-06T14:31:01.697554+00:00
"Chemicals, Polymers, Plastics & Packaging",EMPAQUES INTERNACIONAL S.A.S.,empaquesinternacio.com,Alejandro Morales,Chief Human Resources Officer (CHRO),C_SUITE,HR_PEOPLE,amorales@empaquesinternacio.com,VERIFIED,85,+528493284560,2026-09-06T14:31:01.697554+00:00
"Chemicals, Polymers, Plastics & Packaging",EMPAQUES INTERNACIONAL S.A.S.,empaquesinternacio.com,Roberto Vega,Chief Executive Officer (CEO),C_SUITE,EXECUTIVE,rvega@empaquesinternacio.com,VERIFIED,85,+526576415304,2026-09-06T14:31:01.697554+00:00
"Chemicals, Polymers, Plastics & Packaging",QUIMICA INTERNACIONAL 46 S.A.P.I. DE C.V.,quimicainternacion.mx,Rodrigo Salinas,Chief Revenue Officer (CRO),C_SUITE,SALES_MARKETING,rsalinas@quimicainternacion.mx,VERIFIED,85,+527164267964,2026-09-06T14:31:01.697554+00:00
"Chemicals, Polymers, Plastics & Packaging",QUIMICA INTERNACIONAL S.A.B. DE C.V.,quimicainternacion.com,Adriana Valenzuela,Chief Operating Officer (COO),C_SUITE,OPERATIONS,avalenzuela@quimicainternacion.com,VERIFIED,85,+526418717296,2026-09-06T14:31:01.697554+00:00
"Chemicals, Polymers, Plastics & Packaging",QUIMICA LATINOAMERICANA S.A. DE C.V.,quimicalatinoameri.mx,Sofia Garza,Chief Executive Officer (CEO),C_SUITE,EXECUTIVE,sgarza@quimicalatinoameri.mx,VERIFIED,85,+529061900060,2026-09-06T14:31:01.697554+00:00
"Chemicals, Polymers, Plastics & Packaging",QUIMICA LATINOAMERICANA S.A. DE C.V.,quimicalatinoameri.mx,Adriana Castro,Chief Executive Officer (CEO),C_SUITE,EXECUTIVE,acastro@quimicalatinoameri.com,VERIFIED,85,+525473821162,2026-09-06T14:31:01.697554+00:00
"Chemicals, Polymers, Plastics & Packaging",QUIMICA LATINOAMERICANA S.C.,quimicalatinoameri.com.mx,Claudia Ruiz,Chief Executive Officer (CEO),C_SUITE,EXECUTIVE,cruiz@quimicalatinoameri.com.mx,VERIFIED,85,+526451735872,2026-09-06T14:31:01.697554+00:00
"Chemicals, Polymers, Plastics & Packaging",QUIMICA LATINOAMERICANA S.C.,quimicalatinoameri.com.mx,Hector Mendoza,Chief Executive Officer (CEO),C_SUITE,EXECUTIVE,hmendoza@quimicalatinoameri.com.mx,VERIFIED,85,+524620999864,2026-09-06T14:31:01.697554+00:00
"Chemicals, Polymers, Plastics & Packaging",QUIMICA LATINOAMERICANA 80 S.C.,quimicalatinoameri.com,Adriana Martínez,Founder,FOUNDER,EXECUTIVE,amartínez@quimicalatinoameri.com,VERIFIED,85,+525654574458,2026-09-06T14:31:01.697554+00:00
"Chemicals, Polymers, Plastics & Packaging",PLASTICOS DINAMICA S.A.S.,plasticosdinamica2.mx,Hector Benítez,Chief Revenue Officer (CRO),C_SUITE,SALES_MARKETING,hbenítez@plasticosdinamica2.mx,VERIFIED,85,+524977283750,2026-09-06T14:31:01.697554+00:00
"Chemicals, Polymers, Plastics & Packaging",PLASTICOS DINAMICA 70 S.A. DE C.V.,plasticosdinamica.com,Daniel Salinas,Chief Executive Officer (CEO),C_SUITE,EXECUTIVE,dsalinas@plasticosdinamica.com,VERIFIED,85,+529943385530,2026-09-06T14:31:01.697554+00:00
"Chemicals, Polymers, Plastics & Packaging",PLASTICOS DINAMICA S.C.,plasticosdinamica6.com.mx,Javier López,Chief Operating Officer (COO),C_SUITE,OPERATIONS,jlópez@plasticosdinamica6.com.mx,VERIFIED,85,+529467153717,2026-09-06T14:31:01.697554+00:00
"Chemicals, Polymers, Plastics & Packaging",PLASTICOS DINAMICA S.C.,plasticosdinamica.com.mx,Javier Ruiz,Chief Operating Officer (COO),C_SUITE,OPERATIONS,jruiz@plasticosdinamica.com.mx,VERIFIED,85,+528698366142,2026-09-06T14:31:01.697554+00:00
"Chemicals, Polymers, Plastics & Packaging",PLASTICOS DINAMICA S.C.,plasticosdinamica.com.mx,Claudia López,Chief Executive Officer (CEO),C_SUITE,EXECUTIVE,clópez@plasticosdinamica.com.mx,VERIFIED,85,+525678744147,2026-09-06T14:31:01.697554+00:00
"Chemicals, Polymers, Plastics & Packaging",QUIMICA ESPECIALIZADA S.A. DE C.V.,quimicaespecializa.com.mx,Javier Dominguez,Chief Technology Officer (CTO),C_SUITE,ENGINEERING_IT,jdominguez@quimicaespecializa.com.mx,VERIFIED,85,+524634629260,2026-09-06T14:31:01.697554+00:00
"Chemicals, Polymers, Plastics & Packaging",QUIMICA ESPECIALIZADA S.A.S.,quimicaespecializa.com,Rodrigo Martínez,Chief Revenue Officer (CRO),C_SUITE,SALES_MARKETING,rmartínez@quimicaespecializa.com,VERIFIED,85,+528185779565,2026-09-06T14:31:01.697554+00:00
"Chemicals, Polymers, Plastics & Packaging",EMPAQUES EMPRESARIAL S.A. DE C.V.,empaquesempresaria.mx,Rodrigo Vega,Chief Executive Officer (CEO),C_SUITE,EXECUTIVE,rvega@empaquesempresaria.mx,VERIFIED,85,+528143983904,2026-09-06T14:31:01.697554+00:00
"Chemicals, Polymers, Plastics & Packaging",EMPAQUES EMPRESARIAL S.A.B. DE C.V.,empaquesempresaria.com,Gabriel Martínez,Chief Executive Officer (CEO),C_SUITE,EXECUTIVE,gmartínez@empaquesempresaria.com,VERIFIED,85,+528134303336,2026-09-06T14:31:01.697554+00:00
"Chemicals, Polymers, Plastics & Packaging",EMPAQUES EMPRESARIAL S.A. DE C.V.,empaquesempresaria.com.mx,Adriana Salinas,Chief Human Resources Officer (CHRO),C_SUITE,HR_PEOPLE,asalinas@empaquesempresaria.com.mx,VERIFIED,85,+528150548201,2026-09-06T14:31:01.697554+00:00
"Chemicals, Polymers, Plastics & Packaging",EMPAQUES ESPECIALIZADA S.A.P.I. DE C.V.,empaquesespecializ.com.mx,Hector Salinas,Chief Executive Officer (CEO),C_SUITE,EXECUTIVE,hsalinas@empaquesespecializ.com.mx,VERIFIED,85,+525664280795,2026-09-06T14:31:01.697554+00:00
"Chemicals, Polymers, Plastics & Packaging",EMPAQUES ESPECIALIZADA S.A.P.I. DE C.V.,empaquesespecializ.com.mx,Andrea Villaseñor,Chief Operating Officer (COO),C_SUITE,OPERATIONS,avillaseñor@empaquesespecializ.com.mx,VERIFIED,85,+529779930965,2026-09-06T14:31:01.697554+00:00
"Chemicals, Polymers, Plastics & Packaging",EMPAQUES ESPECIALIZADA S.A.P.I. DE C.V.,empaquesespecializ.com.mx,David Villaseñor,Chief Executive Officer (CEO),C_SUITE,EXECUTIVE,dvillaseñor@empaquesespecializ.com.mx,VERIFIED,85,+527594523794,2026-09-06T14:31:01.697554+00:00
"Chemicals, Polymers, Plastics & Packaging",EMPAQUES ESPECIALIZADA S.A.P.I. DE C.V.,empaquesespecializ.com.mx,Jorge Salinas,Chief Financial Officer (CFO),C_SUITE,FINANCE,jsalinas@empaquesespecializ.com.mx,VERIFIED,85,+529464059490,2026-09-06T14:31:01.697554+00:00
"Chemicals, Polymers, Plastics & Packaging",EMPAQUES ESPECIALIZADA S.A.P.I. DE C.V.,empaquesespecializ.mx,Patricia López,Chief Human Resources Officer (CHRO),C_SUITE,HR_PEOPLE,plópez@empaquesespecializ.mx,VERIFIED,85,+525811663788,2026-09-06T14:31:01.697554+00:00
"Chemicals, Polymers, Plastics & Packaging",QUIMICA CENTRAL S. DE R.L. DE C.V.,quimicacentral.com,Andrea Dominguez,Chief Technology Officer (CTO),C_SUITE,ENGINEERING_IT,adominguez@quimicacentral.com,VERIFIED,85,+528868817607,2026-09-06T14:31:01.697554+00:00
"Chemicals, Polymers, Plastics & Packaging",QUIMICA CENTRAL S. DE R.L. DE C.V.,quimicacentral.com,Mariana Morales,Chief Financial Officer (CFO),C_SUITE,FINANCE,mmorales@quimicacentral.com,VERIFIED,85,+525528916380,2026-09-06T14:31:01.697554+00:00
"Chemicals, Polymers, Plastics & Packaging",QUIMICA CENTRAL S. DE R.L. DE C.V.,quimicacentral.com,Claudia Valenzuela,Chief Operating Officer (COO),C_SUITE,OPERATIONS,cvalenzuela@quimicacentral.com,VERIFIED,85,+528951033811,2026-09-06T14:31:01.697554+00:00
"Chemicals, Polymers, Plastics & Packaging",QUIMICA CENTRAL S. DE R.L. DE C.V.,quimicacentral.com,Patricia Martínez,Chief Executive Officer (CEO),C_SUITE,EXECUTIVE,pmartínez@quimicacentral44.com.mx,VERIFIED,85,+525464438828,2026-09-06T14:31:01.697554+00:00
"Chemicals, Polymers, Plastics & Packaging",QUIMICA CENTRAL S.A.B. DE C.V.,quimicacentral40.com,Luis López,Chief Executive Officer (CEO),C_SUITE,EXECUTIVE,llópez@quimicacentral40.com,VERIFIED,85,+525629534540,2026-09-06T14:31:01.697554+00:00
"Chemicals, Polymers, Plastics & Packaging",EMPAQUES INTERNACIONAL S.A.B. DE C.V.,empaquesinternacio.com.mx,Carlos Alarcón,Chief Technology Officer (CTO),C_SUITE,ENGINEERING_IT,calarcón@empaquesinternacio.com.mx,VERIFIED,85,+526353769423,2026-09-06T14:31:01.708798+00:00
"Chemicals, Polymers, Plastics & Packaging",EMPAQUES INTERNACIONAL S.A.B. DE C.V.,empaquesinternacio.com.mx,Luis Morales,Chief Financial Officer (CFO),C_SUITE,FINANCE,lmorales@empaquesinternacio.mx,VERIFIED,85,+529369497765,2026-09-06T14:31:01.708798+00:00
"Chemicals, Polymers, Plastics & Packaging",EMPAQUES INTERNACIONAL 21 S. DE R.L. DE C.V.,empaquesinternacio.mx,Carlos Salinas,Chief Human Resources Officer (CHRO),C_SUITE,HR_PEOPLE,csalinas@empaquesinternacio.mx,VERIFIED,85,+525972914396,2026-09-06T14:31:01.708798+00:00
"Chemicals, Polymers, Plastics & Packaging",PLASTICOS LATINOAMERICANA S.A.B. DE C.V.,plasticoslatinoame.mx,Adriana González,Chief Technology Officer (CTO),C_SUITE,ENGINEERING_IT,agonzález@plasticoslatinoame.mx,VERIFIED,85,+527783505449,2026-09-06T14:31:01.708798+00:00
"Chemicals, Polymers, Plastics & Packaging",PLASTICOS LATINOAMERICANA S.C.,plasticoslatinoame.com,Alejandro López,Chief Revenue Officer (CRO),C_SUITE,SALES_MARKETING,alópez@plasticoslatinoame.com,VERIFIED,85,+529425897086,2026-09-06T14:31:01.708798+00:00
"Chemicals, Polymers, Plastics & Packaging",PLASTICOS MODERNA S.A.P.I. DE C.V.,plasticosmoderna.com,Miguel Mendoza,Chief Operating Officer (COO),C_SUITE,OPERATIONS,mmendoza@plasticosmoderna.com,VERIFIED,85,+525524065107,2026-09-06T14:31:01.709585+00:00
"Chemicals, Polymers, Plastics & Packaging",PLASTICOS MODERNA S.A.S.,plasticosmoderna.mx,Hector Garza,Chief Financial Officer (CFO),C_SUITE,FINANCE,hgarza@plasticosmoderna.mx,VERIFIED,85,+525540112158,2026-09-06T14:31:01.709585+00:00
"Chemicals, Polymers, Plastics & Packaging",QUIMICA AVANZADA S.A.S.,quimicaavanzada.mx,Alejandro Vega,Founder,FOUNDER,EXECUTIVE,avega@quimicaavanzada.mx,VERIFIED,85,+523369079745,2026-09-06T14:31:01.709585+00:00
"Chemicals, Polymers, Plastics & Packaging",QUIMICA AVANZADA S.A.B. DE C.V.,quimicaavanzada.com.mx,Mariana Morales,Chief Technology Officer (CTO),C_SUITE,ENGINEERING_IT,mmorales@quimicaavanzada.com.mx,VERIFIED,85,+523360936395,2026-09-06T14:31:01.709585+00:00
"Chemicals, Polymers, Plastics & Packaging",QUIMICA AVANZADA S.A.B. DE C.V.,quimicaavanzada.com.mx,Hector Morales,Chief Revenue Officer (CRO),C_SUITE,SALES_MARKETING,hmorales@quimicaavanzada.com,VERIFIED,85,+523363085161,2026-09-06T14:31:01.709585+00:00
"Chemicals, Polymers, Plastics & Packaging",QUIMICA AVANZADA S.A. DE C.V.,quimicaavanzada79.com.mx,Jorge Vega,Chief Financial Officer (CFO),C_SUITE,FINANCE,jvega@quimicaavanzada79.com.mx,VERIFIED,85,+523383504873,2026-09-06T14:31:01.709585+00:00
"Chemicals, Polymers, Plastics & Packaging",QUIMICA AVANZADA 14 S.C.,quimicaavanzada.com,Roberto Vega,Founder,FOUNDER,EXECUTIVE,rvega@quimicaavanzada.com,VERIFIED,85,+523318189237,2026-09-06T14:31:01.709585+00:00
"Chemicals, Polymers, Plastics & Packaging",PLASTICOS CENTRAL S. DE R.L. DE C.V.,plasticoscentral.mx,Fernando Castro,Chief Executive Officer (CEO),C_SUITE,EXECUTIVE,fcastro@plasticoscentral.mx,VERIFIED,85,+525889697669,2026-09-06T14:31:01.709585+00:00
"Chemicals, Polymers, Plastics & Packaging",PLASTICOS CENTRAL S. DE R.L. DE C.V.,plasticoscentral.mx,Gabriel Salinas,Chief Executive Officer (CEO),C_SUITE,EXECUTIVE,gsalinas@plasticoscentral.mx,VERIFIED,85,+525969255671,2026-09-06T14:31:01.709585+00:00
"Chemicals, Polymers, Plastics & Packaging",PLASTICOS CENTRAL S.A. DE C.V.,plasticoscentral.com,Daniel López,Chief Executive Officer (CEO),C_SUITE,EXECUTIVE,dlópez@plasticoscentral.com,VERIFIED,85,+524839154641,2026-09-06T14:31:01.709585+00:00
"Chemicals, Polymers, Plastics & Packaging",PLASTICOS CENTRAL S.A. DE C.V.,plasticoscentral.com,Carlos Castro,Founder,FOUNDER,EXECUTIVE,ccastro@plasticoscentral.com,VERIFIED,85,+524562640297,2026-09-06T14:31:01.709585+00:00
"Chemicals, Polymers, Plastics & Packaging",PLASTICOS CENTRAL S.A. DE C.V.,plasticoscentral.com.mx,Alejandro Villaseñor,Chief Revenue Officer (CRO),C_SUITE,SALES_MARKETING,avillaseñor@plasticoscentral.com.mx,VERIFIED,85,+528550091969,2026-09-06T14:31:01.709585+00:00
"Chemicals, Polymers, Plastics & Packaging",PLASTICOS EMPRESARIAL S.A. DE C.V.,plasticosempresari.com,Guillermo Castro,Chief Executive Officer (CEO),C_SUITE,EXECUTIVE,gcastro@plasticosempresari.com,VERIFIED,85,+526523519825,2026-09-06T14:31:01.709585+00:00
"Chemicals, Polymers, Plastics & Packaging",PLASTICOS EMPRESARIAL S.A. DE C.V.,plasticosempresari.com,Jorge Hernández,Founder,FOUNDER,EXECUTIVE,jhernández@plasticosempresari.com,VERIFIED,85,+529727465021,2026-09-06T14:31:01.709585+00:00
"Chemicals, Polymers, Plastics & Packaging",PLASTICOS EMPRESARIAL S.A. DE C.V.,plasticosempresari.com,Roberto Alarcón,Chief Human Resources Officer (CHRO),C_SUITE,HR_PEOPLE,ralarcón@plasticosempresari.mx,VERIFIED,85,+527848021114,2026-09-06T14:31:01.709585+00:00
"Chemicals, Polymers, Plastics & Packaging",PLASTICOS EMPRESARIAL S.A.P.I. DE C.V.,plasticosempresari.com.mx,Javier Morales,Chief Executive Officer (CEO),C_SUITE,EXECUTIVE,jmorales@plasticosempresari.com.mx,VERIFIED,85,+526226072438,2026-09-06T14:31:01.709585+00:00
"Chemicals, Polymers, Plastics & Packaging",PLASTICOS EMPRESARIAL S.A.P.I. DE C.V.,plasticosempresari.com.mx,Alejandro Hernández,Founder,FOUNDER,EXECUTIVE,ahernández@plasticosempresari.com.mx,VERIFIED,85,+524690422772,2026-09-06T14:31:01.709585+00:00
"Chemicals, Polymers, Plastics & Packaging",QUIMICA MEXICANA 19 S.A.P.I. DE C.V.,quimicamexicana.mx,Claudia López,Chief Financial Officer (CFO),C_SUITE,FINANCE,clópez@quimicamexicana.mx,VERIFIED,85,+528869561727,2026-09-06T14:31:01.709585+00:00
"Chemicals, Polymers, Plastics & Packaging",QUIMICA MEXICANA S.C.,quimicamexicana.com,Miguel Villaseñor,Chief Financial Officer (CFO),C_SUITE,FINANCE,mvillaseñor@quimicamexicana.com,VERIFIED,85,+528494861629,2026-09-06T14:31:01.709585+00:00
"Chemicals, Polymers, Plastics & Packaging",QUIMICA MEXICANA S.C.,quimicamexicana.com,Carlos Morales,Chief Executive Officer (CEO),C_SUITE,EXECUTIVE,cmorales@quimicamexicana.com.mx,VERIFIED,85,+526649000113,2026-09-06T14:31:01.709585+00:00
"Chemicals, Polymers, Plastics & Packaging",QUIMICA MEXICANA S.A.B. DE C.V.,quimicamexicana.com.mx,Rodrigo Villaseñor,Chief Revenue Officer (CRO),C_SUITE,SALES_MARKETING,rvillaseñor@quimicamexicana.com.mx,VERIFIED,85,+524485242480,2026-09-06T14:31:01.709585+00:00
"Chemicals, Polymers, Plastics & Packaging",QUIMICA MEXICANA S.A.B. DE C.V.,quimicamexicana.com.mx,Hector Treviño,Founder,FOUNDER,EXECUTIVE,htreviño@quimicamexicana.com.mx,VERIFIED,85,+527119420471,2026-09-06T14:31:01.709585+00:00
"Chemicals, Polymers, Plastics & Packaging",QUIMICA MEXICANA S.A.B. DE C.V.,quimicamexicana75.com.mx,Fernando González,Chief Revenue Officer (CRO),C_SUITE,SALES_MARKETING,fgonzález@quimicamexicana75.com.mx,VERIFIED,85,+528053062669,2026-09-06T14:31:01.709585+00:00
"Chemicals, Polymers, Plastics & Packaging",QUIMICA NACIONAL S.C.,quimicanacional.mx,Roberto Garza,Chief Human Resources Officer (CHRO),C_SUITE,HR_PEOPLE,rgarza@quimicanacional.mx,VERIFIED,85,+526210577053,2026-09-06T14:31:01.709585+00:00
"Chemicals, Polymers, Plastics & Packaging",QUIMICA NACIONAL S.A.B. DE C.V.,quimicanacional62.com,Patricia Mendoza,Chief Operating Officer (COO),C_SUITE,OPERATIONS,pmendoza@quimicanacional62.com,VERIFIED,85,+529446264212,2026-09-06T14:31:01.709585+00:00
"Chemicals, Polymers, Plastics & Packaging",QUIMICA NACIONAL S.A.B. DE C.V.,quimicanacional62.com,Alejandro Navarro,Chief Revenue Officer (CRO),C_SUITE,SALES_MARKETING,anavarro@quimicanacional.com,VERIFIED,85,+529882639397,2026-09-06T14:31:01.709585+00:00
"Chemicals, Polymers, Plastics & Packaging",EMPAQUES NACIONAL S.A.P.I. DE C.V.,empaquesnacional.com.mx,Patricia Alarcón,Chief Financial Officer (CFO),C_SUITE,FINANCE,palarcón@empaquesnacional.com.mx,VERIFIED,85,+526313066227,2026-09-06T14:31:01.709585+00:00
"Chemicals, Polymers, Plastics & Packaging",EMPAQUES NACIONAL S.A.P.I. DE C.V.,empaquesnacional.com.mx,Miguel Martínez,Chief Human Resources Officer (CHRO),C_SUITE,HR_PEOPLE,mmartínez@empaquesnacional.mx,VERIFIED,85,+524377213695,2026-09-06T14:31:01.709585+00:00
"Chemicals, Polymers, Plastics & Packaging",EMPAQUES NACIONAL S.A.P.I. DE C.V.,empaquesnacional32.com,Rodrigo Castro,Chief Financial Officer (CFO),C_SUITE,FINANCE,rcastro@empaquesnacional32.com,VERIFIED,85,+524416573077,2026-09-06T14:31:01.709585+00:00
"Chemicals, Polymers, Plastics & Packaging",EMPAQUES NACIONAL S.A.S.,empaquesnacional80.mx,Daniel Salinas,Chief Human Resources Officer (CHRO),C_SUITE,HR_PEOPLE,dsalinas@empaquesnacional80.mx,VERIFIED,85,+524265594752,2026-09-06T14:31:01.709585+00:00
"Chemicals, Polymers, Plastics & Packaging",PLASTICOS CENTRAL S.A.S.,plasticoscentral.com,Jorge Villaseñor,Chief Revenue Officer (CRO),C_SUITE,SALES_MARKETING,jvillaseñor@plasticoscentral.com,VERIFIED,85,+528118861269,2026-09-06T14:31:01.709585+00:00
"Chemicals, Polymers, Plastics & Packaging",PLASTICOS CENTRAL S.A.S.,plasticoscentral.com,Mariana Treviño,Chief Executive Officer (CEO),C_SUITE,EXECUTIVE,mtreviño@plasticoscentral.com,VERIFIED,85,+526145196943,2026-09-06T14:31:01.709585+00:00
"Chemicals, Polymers, Plastics & Packaging",PLASTICOS CENTRAL S.C.,plasticoscentral2.com.mx,Claudia Castro,Founder,FOUNDER,EXECUTIVE,ccastro@plasticoscentral2.com.mx,VERIFIED,85,+529929422484,2026-09-06T14:31:01.709585+00:00
"Chemicals, Polymers, Plastics & Packaging",QUIMICA DE LAS AMERICAS 96 S.A.B. DE C.V.,quimicadelasameric.com,Roberto Dominguez,Chief Revenue Officer (CRO),C_SUITE,SALES_MARKETING,rdominguez@quimicadelasameric.com,VERIFIED,85,+526426110818,2026-09-06T14:31:01.709585+00:00
"Chemicals, Polymers, Plastics & Packaging",QUIMICA DE LAS AMERICAS 96 S.A.B. DE C.V.,quimicadelasameric.com,Adriana Castro,Founder,FOUNDER,EXECUTIVE,acastro@quimicadelasameric.com,VERIFIED,85,+525376069173,2026-09-06T14:31:01.709585+00:00
"Chemicals, Polymers, Plastics & Packaging",QUIMICA DE LAS AMERICAS 96 S.A.B. DE C.V.,quimicadelasameric.com,Rodrigo Garza,Chief Executive Officer (CEO),C_SUITE,EXECUTIVE,rgarza@quimicadelasameric.com,VERIFIED,85,+524611414984,2026-09-06T14:31:01.709585+00:00
"Chemicals, Polymers, Plastics & Packaging",QUIMICA DE LAS AMERICAS 96 S.A.B. DE C.V.,quimicadelasameric.com,Luis Garza,Chief Executive Officer (CEO),C_SUITE,EXECUTIVE,lgarza@quimicadelasameric.com,VERIFIED,85,+527794274802,2026-09-06T14:31:01.709585+00:00
"Chemicals, Polymers, Plastics & Packaging",QUIMICA DE LAS AMERICAS S.A. DE C.V.,quimicadelasameric.com.mx,Fernando López,Chief Operating Officer (COO),C_SUITE,OPERATIONS,flópez@quimicadelasameric.com.mx,VERIFIED,85,+527559122915,2026-09-06T14:31:01.709585+00:00
"Chemicals, Polymers, Plastics & Packaging",QUIMICA DE LAS AMERICAS S.A. DE C.V.,quimicadelasameric.com.mx,Gabriel Morales,Chief Executive Officer (CEO),C_SUITE,EXECUTIVE,gmorales@quimicadelasameric.com.mx,VERIFIED,85,+529893038466,2026-09-06T14:31:01.709585+00:00
"Chemicals, Polymers, Plastics & Packaging",QUIMICA DE OCCIDENTE S.C.,quimicadeoccidente.com.mx,Roberto Mendoza,Chief Operating Officer (COO),C_SUITE,OPERATIONS,rmendoza@quimicadeoccidente.com.mx,VERIFIED,85,+527811866699,2026-09-06T14:31:01.709585+00:00
"Chemicals, Polymers, Plastics & Packaging",QUIMICA DE OCCIDENTE S.C.,quimicadeoccidente.com.mx,Rodrigo López,Chief Technology Officer (CTO),C_SUITE,ENGINEERING_IT,rlópez@quimicadeoccidente.com.mx,VERIFIED,85,+525769474008,2026-09-06T14:31:01.709585+00:00
"Chemicals, Polymers, Plastics & Packaging",QUIMICA MEXICANA S. DE R.L. DE C.V.,quimicamexicana.mx,Guillermo Treviño,Chief Revenue Officer (CRO),C_SUITE,SALES_MARKETING,gtreviño@quimicamexicana.mx,VERIFIED,85,+526937761912,2026-09-06T14:31:01.709585+00:00
"Chemicals, Polymers, Plastics & Packaging",QUIMICA MEXICANA S. DE R.L. DE C.V.,quimicamexicana.mx,Fernando Salinas,Chief Executive Officer (CEO),C_SUITE,EXECUTIVE,fsalinas@quimicamexicana.mx,VERIFIED,85,+526227414365,2026-09-06T14:31:01.709585+00:00
"Chemicals, Polymers, Plastics & Packaging",EMPAQUES MODERNA S.C.,empaquesmoderna.com,Guillermo Mendoza,Chief Technology Officer (CTO),C_SUITE,ENGINEERING_IT,gmendoza@empaquesmoderna.com,VERIFIED,85,+526463393828,2026-09-06T14:31:01.709585+00:00
"Chemicals, Polymers, Plastics & Packaging",EMPAQUES MODERNA S.A.S.,empaquesmoderna83.mx,Mariana Treviño,Chief Technology Officer (CTO),C_SUITE,ENGINEERING_IT,mtreviño@empaquesmoderna83.mx,VERIFIED,85,+529645361298,2026-09-06T14:31:01.709585+00:00
"Chemicals, Polymers, Plastics & Packaging",EMPAQUES MODERNA S.A. DE C.V.,empaquesmoderna24.mx,Patricia Mendoza,Chief Revenue Officer (CRO),C_SUITE,SALES_MARKETING,pmendoza@empaquesmoderna24.mx,VERIFIED,85,+528957626919,2026-09-06T14:31:01.709585+00:00
"Chemicals, Polymers, Plastics & Packaging",EMPAQUES MODERNA S.A.S.,empaquesmoderna.com.mx,Sofia López,Chief Operating Officer (COO),C_SUITE,OPERATIONS,slópez@empaquesmoderna.com.mx,VERIFIED,85,+528061662499,2026-09-06T14:31:01.709585+00:00
"Chemicals, Polymers, Plastics & Packaging",EMPAQUES MODERNA S.A.S.,empaquesmoderna.com.mx,Roberto Salinas,Founder,FOUNDER,EXECUTIVE,rsalinas@empaquesmoderna.com.mx,VERIFIED,85,+524290875682,2026-09-06T14:31:01.709585+00:00
"Chemicals, Polymers, Plastics & Packaging",PLASTICOS NACIONAL S. DE R.L. DE C.V.,plasticosnacional.com.mx,Luis Castro,Chief Financial Officer (CFO),C_SUITE,FINANCE,lcastro@plasticosnacional.com.mx,VERIFIED,85,+527594840090,2026-09-06T14:31:01.709585+00:00
"Chemicals, Polymers, Plastics & Packaging",PLASTICOS NACIONAL S. DE R.L. DE C.V.,plasticosnacional.com.mx,Alejandro Garza,Founder,FOUNDER,EXECUTIVE,agarza@plasticosnacional.com.mx,VERIFIED,85,+524269040213,2026-09-06T14:31:01.709585+00:00
"Chemicals, Polymers, Plastics & Packaging",PLASTICOS NACIONAL S. DE R.L. DE C.V.,plasticosnacional.com.mx,Hector Mendoza,Chief Executive Officer (CEO),C_SUITE,EXECUTIVE,hmendoza@plasticosnacional.com.mx,VERIFIED,85,+524367340099,2026-09-06T14:31:01.709585+00:00
"Chemicals, Polymers, Plastics & Packaging",PLASTICOS NACIONAL S.A.P.I. DE C.V.,plasticosnacional3.com,Carlos Martínez,Chief Executive Officer (CEO),C_SUITE,EXECUTIVE,cmartínez@plasticosnacional3.com,VERIFIED,85,+529525089393,2026-09-06T14:31:01.709585+00:00
"Chemicals, Polymers, Plastics & Packaging",PLASTICOS NACIONAL S.A.P.I. DE C.V.,plasticosnacional3.com,Roberto Morales,Founder,FOUNDER,EXECUTIVE,rmorales@plasticosnacional2.mx,VERIFIED,85,+528113269837,2026-09-06T14:31:01.709585+00:00
"Chemicals, Polymers, Plastics & Packaging",PLASTICOS NACIONAL S.C.,plasticosnacional.mx,Fernando López,Founder,FOUNDER,EXECUTIVE,flópez@plasticosnacional.mx,VERIFIED,85,+526388126098,2026-09-06T14:31:01.709585+00:00
"Chemicals, Polymers, Plastics & Packaging",PLASTICOS CENTRAL S.A. DE C.V.,plasticoscentral40.mx,Miguel Garza,Founder,FOUNDER,EXECUTIVE,mgarza@plasticoscentral40.mx,VERIFIED,85,+524861465982,2026-09-06T14:31:01.709585+00:00
"Chemicals, Polymers, Plastics & Packaging",PLASTICOS CENTRAL S.A.P.I. DE C.V.,plasticoscentral.com,David Martínez,Chief Human Resources Officer (CHRO),C_SUITE,HR_PEOPLE,dmartínez@plasticoscentral.com,VERIFIED,85,+526482320757,2026-09-06T14:31:01.709585+00:00
"Chemicals, Polymers, Plastics & Packaging",PLASTICOS CENTRAL S.A.P.I. DE C.V.,plasticoscentral.com,Eduardo Hernández,Chief Human Resources Officer (CHRO),C_SUITE,HR_PEOPLE,ehernández@plasticoscentral.com,VERIFIED,85,+524034989930,2026-09-06T14:31:01.709585+00:00
"Chemicals, Polymers, Plastics & Packaging",PLASTICOS CENTRAL 51 S. DE R.L. DE C.V.,plasticoscentral.mx,Patricia Villaseñor,Chief Executive Officer (CEO),C_SUITE,EXECUTIVE,pvillaseñor@plasticoscentral.mx,VERIFIED,85,+525833808157,2026-09-06T14:31:01.709585+00:00
"Chemicals, Polymers, Plastics & Packaging",PLASTICOS CENTRAL 51 S. DE R.L. DE C.V.,plasticoscentral.mx,Jorge Benítez,Chief Executive Officer (CEO),C_SUITE,EXECUTIVE,jbenítez@plasticoscentral.mx,VERIFIED,85,+526677914606,2026-09-06T14:31:01.709585+00:00
"Chemicals, Polymers, Plastics & Packaging",PLASTICOS CENTRAL 90 S.A.S.,plasticoscentral.com.mx,Hector López,Founder,FOUNDER,EXECUTIVE,hlópez@plasticoscentral.com.mx,VERIFIED,85,+525427825340,2026-09-06T14:31:01.709585+00:00
"Chemicals, Polymers, Plastics & Packaging",PLASTICOS CENTRAL 90 S.A.S.,plasticoscentral.com.mx,Patricia Ruiz,Chief Technology Officer (CTO),C_SUITE,ENGINEERING_IT,pruiz@plasticoscentral.com.mx,VERIFIED,85,+526279261894,2026-09-06T14:31:01.709585+00:00
"Chemicals, Polymers, Plastics & Packaging",PLASTICOS CENTRAL S.A.S.,plasticoscentral86.com,Sofia García,Chief Financial Officer (CFO),C_SUITE,FINANCE,sgarcía@plasticoscentral86.com,VERIFIED,85,+529829920919,2026-09-06T14:31:01.709585+00:00
"Chemicals, Polymers, Plastics & Packaging",PLASTICOS CENTRAL S.A.B. DE C.V.,plasticoscentral12.mx,Mariana Alarcón,Chief Executive Officer (CEO),C_SUITE,EXECUTIVE,malarcón@plasticoscentral12.mx,VERIFIED,85,+526134897766,2026-09-06T14:31:01.709585+00:00
"Chemicals, Polymers, Plastics & Packaging",EMPAQUES NACIONAL S.A.P.I. DE C.V.,empaquesnacional.com,Sofia Salinas,Chief Operating Officer (COO),C_SUITE,OPERATIONS,ssalinas@empaquesnacional.com,VERIFIED,85,+529724629620,2026-09-06T14:31:01.709585+00:00
"Chemicals, Polymers, Plastics & Packaging",EMPAQUES NACIONAL S.A.P.I. DE C.V.,empaquesnacional.com,Andrea Vega,Chief Technology Officer (CTO),C_SUITE,ENGINEERING_IT,avega@empaquesnacional.com,VERIFIED,85,+524546406313,2026-09-06T14:31:01.709585+00:00
"Chemicals, Polymers, Plastics & Packaging",EMPAQUES NACIONAL S.A.P.I. DE C.V.,empaquesnacional.mx,Alejandro López,Chief Technology Officer (CTO),C_SUITE,ENGINEERING_IT,alópez@empaquesnacional.mx,VERIFIED,85,+528943225404,2026-09-06T14:31:01.709585+00:00
"Chemicals, Polymers, Plastics & Packaging",EMPAQUES NACIONAL S.A.P.I. DE C.V.,empaquesnacional.mx,Adriana González,Chief Executive Officer (CEO),C_SUITE,EXECUTIVE,agonzález@empaquesnacional.mx,VERIFIED,85,+524160675953,2026-09-06T14:31:01.709585+00:00
"Chemicals, Polymers, Plastics & Packaging",QUIMICA ESPECIALIZADA S.A.S.,quimicaespecializa.mx,Claudia Ruiz,Chief Financial Officer (CFO),C_SUITE,FINANCE,cruiz@quimicaespecializa.mx,VERIFIED,85,+529529323674,2026-09-06T14:31:01.709585+00:00
"Chemicals, Polymers, Plastics & Packaging",QUIMICA ESPECIALIZADA 76 S.A.S.,quimicaespecializa.com.mx,Alejandro Castro,Chief Executive Officer (CEO),C_SUITE,EXECUTIVE,acastro@quimicaespecializa.com.mx,VERIFIED,85,+526819894381,2026-09-06T14:31:01.709585+00:00
"Chemicals, Polymers, Plastics & Packaging",QUIMICA ESPECIALIZADA 76 S.A.S.,quimicaespecializa.com.mx,Miguel Dominguez,Chief Human Resources Officer (CHRO),C_SUITE,HR_PEOPLE,mdominguez@quimicaespecializa.com.mx,VERIFIED,85,+524297381178,2026-09-06T14:31:01.709585+00:00
"Chemicals, Polymers, Plastics & Packaging",PLASTICOS DINAMICA 91 S.A.S.,plasticosdinamica.com.mx,Carlos Garza,Chief Human Resources Officer (CHRO),C_SUITE,HR_PEOPLE,cgarza@plasticosdinamica.com.mx,VERIFIED,85,+526329323272,2026-09-06T14:31:01.709585+00:00
"Chemicals, Polymers, Plastics & Packaging",PLASTICOS DINAMICA 91 S.A.S.,plasticosdinamica.com.mx,Roberto Hernández,Chief Executive Officer (CEO),C_SUITE,EXECUTIVE,rhernández@plasticosdinamica.com.mx,VERIFIED,85,+529320529403,2026-09-06T14:31:01.709585+00:00
"Chemicals, Polymers, Plastics & Packaging",PLASTICOS DINAMICA 91 S.A.S.,plasticosdinamica.com.mx,Roberto Alarcón,Chief Executive Officer (CEO),C_SUITE,EXECUTIVE,ralarcón@plasticosdinamica.com.mx,VERIFIED,85,+529750500400,2026-09-06T14:31:01.709585+00:00
"Chemicals, Polymers, Plastics & Packaging",PLASTICOS DINAMICA S.A.B. DE C.V.,plasticosdinamica.com,Guillermo Hernández,Chief Executive Officer (CEO),C_SUITE,EXECUTIVE,ghernández@plasticosdinamica.com,VERIFIED,85,+529852933510,2026-09-06T14:31:01.709585+00:00
"Chemicals, Polymers, Plastics & Packaging",PLASTICOS DINAMICA S.A.B. DE C.V.,plasticosdinamica.com,Alejandro Vega,Chief Financial Officer (CFO),C_SUITE,FINANCE,avega@plasticosdinamica.mx,VERIFIED,85,+524379770732,2026-09-06T14:31:01.709585+00:00
"Chemicals, Polymers, Plastics & Packaging",PLASTICOS DINAMICA S.A.S.,plasticosdinamica4.com.mx,Claudia García,Chief Executive Officer (CEO),C_SUITE,EXECUTIVE,cgarcía@plasticosdinamica4.com.mx,VERIFIED,85,+525830203043,2026-09-06T14:31:01.709585+00:00
"Chemicals, Polymers, Plastics & Packaging",PLASTICOS DINAMICA S.A.B. DE C.V.,plasticosdinamica5.mx,Miguel García,Founder,FOUNDER,EXECUTIVE,mgarcía@plasticosdinamica5.mx,VERIFIED,85,+525543931351,2026-09-06T14:31:01.709585+00:00
"Chemicals, Polymers, Plastics & Packaging",QUIMICA DINAMICA S.C.,quimicadinamica.com.mx,Eduardo Martínez,Chief Executive Officer (CEO),C_SUITE,EXECUTIVE,emartínez@quimicadinamica.com.mx,VERIFIED,85,+529470817310,2026-09-06T14:31:01.709585+00:00
"Chemicals, Polymers, Plastics & Packaging",QUIMICA DINAMICA S. DE R.L. DE C.V.,quimicadinamica68.mx,Hector López,Chief Technology Officer (CTO),C_SUITE,ENGINEERING_IT,hlópez@quimicadinamica68.mx,VERIFIED,85,+526170908528,2026-09-06T14:31:01.709585+00:00
"Chemicals, Polymers, Plastics & Packaging",PLASTICOS INDUSTRIAL S.A.P.I. DE C.V.,plasticosindustria.com,Guillermo Castro,Chief Financial Officer (CFO),C_SUITE,FINANCE,gcastro@plasticosindustria.com,VERIFIED,85,+528993502280,2026-09-06T14:31:01.709585+00:00
"Chemicals, Polymers, Plastics & Packaging",PLASTICOS INDUSTRIAL S.A.P.I. DE C.V.,plasticosindustria.com.mx,Guillermo Dominguez,Founder,FOUNDER,EXECUTIVE,gdominguez@plasticosindustria.com.mx,VERIFIED,85,+526465559173,2026-09-06T14:31:01.709585+00:00
"Chemicals, Polymers, Plastics & Packaging",PLASTICOS INTEGRAL S.A.P.I. DE C.V.,plasticosintegral5.mx,Gabriel Villaseñor,Chief Revenue Officer (CRO),C_SUITE,SALES_MARKETING,gvillaseñor@plasticosintegral5.mx,VERIFIED,85,+527830095105,2026-09-06T14:31:01.709585+00:00
"Chemicals, Polymers, Plastics & Packaging",PLASTICOS INTEGRAL S.A. DE C.V.,plasticosintegral.com,Sofia Benítez,Chief Human Resources Officer (CHRO),C_SUITE,HR_PEOPLE,sbenítez@plasticosintegral.com,VERIFIED,85,+526576050318,2026-09-06T14:31:01.709585+00:00
"Chemicals, Polymers, Plastics & Packaging",PLASTICOS INTEGRAL S.A. DE C.V.,plasticosintegral.com,Eduardo Treviño,Chief Financial Officer (CFO),C_SUITE,FINANCE,etreviño@plasticosintegral9.com,VERIFIED,85,+528735080476,2026-09-06T14:31:01.709585+00:00
"Chemicals, Polymers, Plastics & Packaging",QUIMICA EMPRESARIAL S.A.S.,quimicaempresarial.mx,Gabriel Hernández,Chief Financial Officer (CFO),C_SUITE,FINANCE,ghernández@quimicaempresarial.mx,VERIFIED,85,+525553989462,2026-09-06T14:31:01.709585+00:00
"Chemicals, Polymers, Plastics & Packaging",QUIMICA EMPRESARIAL S.A.S.,quimicaempresarial.mx,Luis Castro,Chief Executive Officer (CEO),C_SUITE,EXECUTIVE,lcastro@quimicaempresarial.mx,VERIFIED,85,+525545842354,2026-09-06T14:31:01.709585+00:00
"Chemicals, Polymers, Plastics & Packaging",PLASTICOS DINAMICA S.A.B. DE C.V.,plasticosdinamica4.com.mx,Claudia Hernández,Chief Executive Officer (CEO),C_SUITE,EXECUTIVE,chernández@plasticosdinamica4.com.mx,VERIFIED,85,+528564994164,2026-09-06T14:31:01.722750+00:00
"Chemicals, Polymers, Plastics & Packaging",PLASTICOS DINAMICA S.A. DE C.V.,plasticosdinamica1.com,David Treviño,Chief Technology Officer (CTO),C_SUITE,ENGINEERING_IT,dtreviño@plasticosdinamica1.com,VERIFIED,85,+529718069120,2026-09-06T14:31:01.722750+00:00
"Chemicals, Polymers, Plastics & Packaging",QUIMICA INDUSTRIAL S.A.B. DE C.V.,quimicaindustrial.com,Gabriel González,Chief Operating Officer (COO),C_SUITE,OPERATIONS,ggonzález@quimicaindustrial.com,VERIFIED,85,+526959027820,2026-09-06T14:31:01.725551+00:00
"Chemicals, Polymers, Plastics & Packaging",EMPAQUES GLOBAL S. DE R.L. DE C.V.,empaquesglobal6.mx,Roberto Salinas,Chief Human Resources Officer (CHRO),C_SUITE,HR_PEOPLE,rsalinas@empaquesglobal6.mx,VERIFIED,85,+524173777999,2026-09-06T14:31:01.725551+00:00
"Chemicals, Polymers, Plastics & Packaging",EMPAQUES ESPECIALIZADA S. DE R.L. DE C.V.,empaquesespecializ.mx,Daniel García,Founder,FOUNDER,EXECUTIVE,dgarcía@empaquesespecializ.mx,VERIFIED,85,+525511296118,2026-09-06T14:31:01.725551+00:00
"Chemicals, Polymers, Plastics & Packaging",EMPAQUES ESPECIALIZADA S. DE R.L. DE C.V.,empaquesespecializ.mx,Jorge Villaseñor,Chief Revenue Officer (CRO),C_SUITE,SALES_MARKETING,jvillaseñor@empaquesespecializ.mx,VERIFIED,85,+525597255185,2026-09-06T14:31:01.725551+00:00
"Chemicals, Polymers, Plastics & Packaging",EMPAQUES DEL CENTRO S.A.S.,empaquesdelcentro8.com.mx,Andrea Treviño,Chief Operating Officer (COO),C_SUITE,OPERATIONS,atreviño@empaquesdelcentro8.com.mx,VERIFIED,85,+527162836597,2026-09-06T14:31:01.725551+00:00
"Chemicals, Polymers, Plastics & Packaging",EMPAQUES DEL PACIFICO S. DE R.L. DE C.V.,empaquesdelpacific.com.mx,Patricia Villaseñor,Chief Human Resources Officer (CHRO),C_SUITE,HR_PEOPLE,pvillaseñor@empaquesdelpacific.com.mx,VERIFIED,85,+528830369719,2026-09-06T14:31:01.725551+00:00
"Chemicals, Polymers, Plastics & Packaging",EMPAQUES DEL PACIFICO S. DE R.L. DE C.V.,empaquesdelpacific.com.mx,Javier Mendoza,Chief Human Resources Officer (CHRO),C_SUITE,HR_PEOPLE,jmendoza@empaquesdelpacific.mx,VERIFIED,85,+529032452438,2026-09-06T14:31:01.725551+00:00
"Chemicals, Polymers, Plastics & Packaging",EMPAQUES DEL PACIFICO S. DE R.L. DE C.V.,empaquesdelpacific.com.mx,Daniel Morales,Chief Operating Officer (COO),C_SUITE,OPERATIONS,dmorales@empaquesdelpacific.com.mx,VERIFIED,85,+526729355169,2026-09-06T14:31:01.725551+00:00
"Chemicals, Polymers, Plastics & Packaging",EMPAQUES DEL PACIFICO S. DE R.L. DE C.V.,empaquesdelpacific.com.mx,Eduardo García,Chief Operating Officer (COO),C_SUITE,OPERATIONS,egarcía@empaquesdelpacific.com.mx,VERIFIED,85,+526032070663,2026-09-06T14:31:01.725551+00:00
"Chemicals, Polymers, Plastics & Packaging",EMPAQUES DEL PACIFICO S.A. DE C.V.,empaquesdelpacific.mx,Guillermo Alarcón,Chief Revenue Officer (CRO),C_SUITE,SALES_MARKETING,galarcón@empaquesdelpacific.mx,VERIFIED,85,+528748216700,2026-09-06T14:31:01.725551+00:00
"Chemicals, Polymers, Plastics & Packaging",EMPAQUES DEL CENTRO S.A.P.I. DE C.V.,empaquesdelcentro.com.mx,Sofia Martínez,Chief Financial Officer (CFO),C_SUITE,FINANCE,smartínez@empaquesdelcentro.com.mx,VERIFIED,85,+527248258727,2026-09-06T14:31:01.725551+00:00
"Chemicals, Polymers, Plastics & Packaging",EMPAQUES DEL BAJIO S.A.B. DE C.V.,empaquesdelbajio.com,Jorge López,Chief Executive Officer (CEO),C_SUITE,EXECUTIVE,jlópez@empaquesdelbajio.com,VERIFIED,85,+525489366712,2026-09-06T14:31:01.725551+00:00
"Chemicals, Polymers, Plastics & Packaging",EMPAQUES DEL PACIFICO 97 S.A.S.,empaquesdelpacific.com,Sofia Vega,Chief Financial Officer (CFO),C_SUITE,FINANCE,svega@empaquesdelpacific.com,VERIFIED,85,+528361356496,2026-09-06T14:31:01.725551+00:00
"Chemicals, Polymers, Plastics & Packaging",EMPAQUES DEL NORTE S.A.P.I. DE C.V.,empaquesdelnorte21.mx,Miguel Morales,Chief Revenue Officer (CRO),C_SUITE,SALES_MARKETING,mmorales@empaquesdelnorte21.mx,VERIFIED,85,+525740625277,2026-09-06T14:31:01.725551+00:00
"Chemicals, Polymers, Plastics & Packaging",EMPAQUES DEL NORTE S.A.P.I. DE C.V.,empaquesdelnorte21.mx,Hector Dominguez,Chief Revenue Officer (CRO),C_SUITE,SALES_MARKETING,hdominguez@empaquesdelnorte.mx,VERIFIED,85,+524119679764,2026-09-06T14:31:01.725551+00:00
"Chemicals, Polymers, Plastics & Packaging",EMPAQUES DEL NORTE S.A. DE C.V.,empaquesdelnorte.com.mx,Roberto Hernández,Chief Executive Officer (CEO),C_SUITE,EXECUTIVE,rhernández@empaquesdelnorte.com.mx,VERIFIED,85,+527832400550,2026-09-06T14:31:01.725551+00:00
"Chemicals, Polymers, Plastics & Packaging",EMPAQUES DEL NORTE S. DE R.L. DE C.V.,empaquesdelnorte.com,Roberto Navarro,Chief Operating Officer (COO),C_SUITE,OPERATIONS,rnavarro@empaquesdelnorte.com,VERIFIED,85,+528112317322,2026-09-06T14:31:01.725551+00:00
"Chemicals, Polymers, Plastics & Packaging",EMPAQUES DEL CENTRO S.A.S.,empaquesdelcentro5.mx,Daniel Martínez,Chief Revenue Officer (CRO),C_SUITE,SALES_MARKETING,dmartínez@empaquesdelcentro5.mx,VERIFIED,85,+527154515295,2026-09-06T14:31:01.725551+00:00
"Chemicals, Polymers, Plastics & Packaging",EMPAQUES DEL CENTRO S.C.,empaquesdelcentro.mx,Claudia Treviño,Chief Executive Officer (CEO),C_SUITE,EXECUTIVE,ctreviño@empaquesdelcentro.mx,VERIFIED,85,+524979099571,2026-09-06T14:31:01.725551+00:00
"Chemicals, Polymers, Plastics & Packaging",PLASTICOS ESPECIALIZADA S.C.,plasticosespeciali.mx,Miguel Treviño,Chief Financial Officer (CFO),C_SUITE,FINANCE,mtreviño@plasticosespeciali.mx,VERIFIED,85,+526473186243,2026-09-06T14:31:01.728422+00:00
"Chemicals, Polymers, Plastics & Packaging",PLASTICOS ESPECIALIZADA 40 S. DE R.L. DE C.V.,plasticosespeciali.com,Roberto Treviño,Chief Financial Officer (CFO),C_SUITE,FINANCE,rtreviño@plasticosespeciali.com,VERIFIED,85,+524838775834,2026-09-06T14:31:01.728422+00:00
"Chemicals, Polymers, Plastics & Packaging",PLASTICOS ESPECIALIZADA S.A.S.,plasticosespeciali.com.mx,Andrea Vega,Chief Operating Officer (COO),C_SUITE,OPERATIONS,avega@plasticosespeciali.com.mx,VERIFIED,85,+525273001847,2026-09-06T14:31:01.728422+00:00
"Chemicals, Polymers, Plastics & Packaging",PLASTICOS MODERNA 46 S. DE R.L. DE C.V.,plasticosmoderna.mx,Mariana Garza,Chief Financial Officer (CFO),C_SUITE,FINANCE,mgarza@plasticosmoderna.mx,VERIFIED,85,+526672720421,2026-09-06T14:31:01.728422+00:00
"Chemicals, Polymers, Plastics & Packaging",PLASTICOS MODERNA 46 S. DE R.L. DE C.V.,plasticosmoderna.mx,Jorge Valenzuela,Founder,FOUNDER,EXECUTIVE,jvalenzuela@plasticosmoderna.mx,VERIFIED,85,+528445743682,2026-09-06T14:31:01.728422+00:00
"Chemicals, Polymers, Plastics & Packaging",PLASTICOS MODERNA S.A.P.I. DE C.V.,plasticosmoderna23.com,Jorge Villaseñor,Chief Financial Officer (CFO),C_SUITE,FINANCE,jvillaseñor@plasticosmoderna23.com,VERIFIED,85,+526381941225,2026-09-06T14:31:01.728422+00:00
"Chemicals, Polymers, Plastics & Packaging",PLASTICOS MODERNA S.A.B. DE C.V.,plasticosmoderna.com.mx,Jorge Mendoza,Founder,FOUNDER,EXECUTIVE,jmendoza@plasticosmoderna.com.mx,VERIFIED,85,+528039565396,2026-09-06T14:31:01.728422+00:00
"Chemicals, Polymers, Plastics & Packaging",PLASTICOS ESPECIALIZADA S.A.P.I. DE C.V.,plasticosespeciali.com.mx,Claudia Hernández,Founder,FOUNDER,EXECUTIVE,chernández@plasticosespeciali.com.mx,VERIFIED,85,+527696363530,2026-09-06T14:31:01.728422+00:00
"Chemicals, Polymers, Plastics & Packaging",PLASTICOS ESPECIALIZADA S.A.P.I. DE C.V.,plasticosespeciali.com,Adriana Ruiz,Founder,FOUNDER,EXECUTIVE,aruiz@plasticosespeciali.com,VERIFIED,85,+525765357653,2026-09-06T14:31:01.728422+00:00
"Chemicals, Polymers, Plastics & Packaging",EMPAQUES NACIONAL S.A.S.,empaquesnacional.mx,Claudia Treviño,Chief Human Resources Officer (CHRO),C_SUITE,HR_PEOPLE,ctreviño@empaquesnacional.mx,VERIFIED,85,+525224295121,2026-09-06T14:31:01.728422+00:00
"Chemicals, Polymers, Plastics & Packaging",EMPAQUES NACIONAL S.A.S.,empaquesnacional.mx,Alejandro Castro,Chief Operating Officer (COO),C_SUITE,OPERATIONS,acastro@empaquesnacional.mx,VERIFIED,85,+526952801902,2026-09-06T14:31:01.728422+00:00
"Chemicals, Polymers, Plastics & Packaging",EMPAQUES NACIONAL S.A.S.,empaquesnacional.mx,Fernando García,Founder,FOUNDER,EXECUTIVE,fgarcía@empaquesnacional.mx,VERIFIED,85,+526192156160,2026-09-06T14:31:01.728422+00:00
"Chemicals, Polymers, Plastics & Packaging",EMPAQUES NACIONAL S.A.P.I. DE C.V.,empaquesnacional.com,Carlos López,Chief Executive Officer (CEO),C_SUITE,EXECUTIVE,clópez@empaquesnacional.com,VERIFIED,85,+525112717056,2026-09-06T14:31:01.728422+00:00
"Chemicals, Polymers, Plastics & Packaging",QUIMICA GLOBAL S.A. DE C.V.,quimicaglobal.com.mx,Roberto Morales,Chief Executive Officer (CEO),C_SUITE,EXECUTIVE,rmorales@quimicaglobal.com.mx,VERIFIED,85,+525086017778,2026-09-06T14:31:01.728422+00:00
"Chemicals, Polymers, Plastics & Packaging",QUIMICA GLOBAL S.A. DE C.V.,quimicaglobal.com.mx,Miguel Mendoza,Chief Executive Officer (CEO),C_SUITE,EXECUTIVE,mmendoza@quimicaglobal.com.mx,VERIFIED,85,+528783247981,2026-09-06T14:31:01.728422+00:00
"Chemicals, Polymers, Plastics & Packaging",QUIMICA GLOBAL S.A. DE C.V.,quimicaglobal.com.mx,Daniel Garza,Chief Executive Officer (CEO),C_SUITE,EXECUTIVE,dgarza@quimicaglobal.com.mx,VERIFIED,85,+528084345397,2026-09-06T14:31:01.728422+00:00
"Chemicals, Polymers, Plastics & Packaging",QUIMICA GLOBAL S.A.P.I. DE C.V.,quimicaglobal.com,Claudia Treviño,Chief Revenue Officer (CRO),C_SUITE,SALES_MARKETING,ctreviño@quimicaglobal.com,VERIFIED,85,+524655604575,2026-09-06T14:31:01.728422+00:00
"Chemicals, Polymers, Plastics & Packaging",QUIMICA MODERNA S.A.P.I. DE C.V.,quimicamoderna25.mx,Adriana Martínez,Chief Executive Officer (CEO),C_SUITE,EXECUTIVE,amartínez@quimicamoderna25.mx,VERIFIED,85,+528544162410,2026-09-06T14:31:01.728422+00:00
"Chemicals, Polymers, Plastics & Packaging",QUIMICA MODERNA S.A.P.I. DE C.V.,quimicamoderna25.mx,Patricia Valenzuela,Chief Financial Officer (CFO),C_SUITE,FINANCE,pvalenzuela@quimicamoderna.com,VERIFIED,85,+525076911143,2026-09-06T14:31:01.728422+00:00
"Chemicals, Polymers, Plastics & Packaging",QUIMICA MODERNA S.A.S.,quimicamoderna.mx,Jorge Salinas,Chief Financial Officer (CFO),C_SUITE,FINANCE,jsalinas@quimicamoderna.mx,VERIFIED,85,+524174369065,2026-09-06T14:31:01.728422+00:00
"Chemicals, Polymers, Plastics & Packaging",QUIMICA MODERNA S.A.S.,quimicamoderna.mx,Eduardo Vega,Founder,FOUNDER,EXECUTIVE,evega@quimicamoderna.mx,VERIFIED,85,+529116825995,2026-09-06T14:31:01.728422+00:00
"Chemicals, Polymers, Plastics & Packaging",EMPAQUES DINAMICA S.A.P.I. DE C.V.,empaquesdinamica49.com.mx,Roberto Valenzuela,Chief Financial Officer (CFO),C_SUITE,FINANCE,rvalenzuela@empaquesdinamica49.com.mx,VERIFIED,85,+524238750166,2026-09-06T14:31:01.728422+00:00
"Chemicals, Polymers, Plastics & Packaging",EMPAQUES DINAMICA S.A.P.I. DE C.V.,empaquesdinamica49.com.mx,Daniel Treviño,Chief Financial Officer (CFO),C_SUITE,FINANCE,dtreviño@empaquesdinamica.com.mx,VERIFIED,85,+525047161943,2026-09-06T14:31:01.728422+00:00
"Chemicals, Polymers, Plastics & Packaging",EMPAQUES ESPECIALIZADA S.A.P.I. DE C.V.,empaquesespecializ.com.mx,Rodrigo Villaseñor,Chief Revenue Officer (CRO),C_SUITE,SALES_MARKETING,rvillaseñor@empaquesespecializ.com.mx,VERIFIED,85,+526163669470,2026-09-06T14:31:01.728422+00:00
"Chemicals, Polymers, Plastics & Packaging",EMPAQUES ESPECIALIZADA S.A.P.I. DE C.V.,empaquesespecializ.com.mx,Claudia López,Chief Executive Officer (CEO),C_SUITE,EXECUTIVE,clópez@empaquesespecializ.com.mx,VERIFIED,85,+528011437992,2026-09-06T14:31:01.728422+00:00
"Chemicals, Polymers, Plastics & Packaging",EMPAQUES ESPECIALIZADA S.A.S.,empaquesespecializ.mx,Fernando Alarcón,Chief Human Resources Officer (CHRO),C_SUITE,HR_PEOPLE,falarcón@empaquesespecializ.mx,VERIFIED,85,+525993973039,2026-09-06T14:31:01.728422+00:00
"Chemicals, Polymers, Plastics & Packaging",EMPAQUES DE OCCIDENTE S.A.S.,empaquesdeoccident.com.mx,Eduardo Treviño,Chief Operating Officer (COO),C_SUITE,OPERATIONS,etreviño@empaquesdeoccident.com.mx,VERIFIED,85,+524666310963,2026-09-06T14:31:01.728422+00:00
"Chemicals, Polymers, Plastics & Packaging",EMPAQUES DE OCCIDENTE S.A.S.,empaquesdeoccident.com.mx,David Alarcón,Founder,FOUNDER,EXECUTIVE,dalarcón@empaquesdeoccident.com.mx,VERIFIED,85,+525970980511,2026-09-06T14:31:01.728422+00:00
"Chemicals, Polymers, Plastics & Packaging",EMPAQUES DE LAS AMERICAS S.A. DE C.V.,empaquesdelasameri.com,Sofia García,Chief Revenue Officer (CRO),C_SUITE,SALES_MARKETING,sgarcía@empaquesdelasameri.com,VERIFIED,85,+529578985899,2026-09-06T14:31:01.728422+00:00
"Chemicals, Polymers, Plastics & Packaging",EMPAQUES DE OCCIDENTE S. DE R.L. DE C.V.,empaquesdeoccident.mx,Hector Salinas,Chief Executive Officer (CEO),C_SUITE,EXECUTIVE,hsalinas@empaquesdeoccident.mx,VERIFIED,85,+526716615633,2026-09-06T14:31:01.728422+00:00
"Chemicals, Polymers, Plastics & Packaging",EMPAQUES DE OCCIDENTE S. DE R.L. DE C.V.,empaquesdeoccident.com,Jorge Vega,Chief Financial Officer (CFO),C_SUITE,FINANCE,jvega@empaquesdeoccident.com,VERIFIED,85,+528628115698,2026-09-06T14:31:01.728422+00:00
"Chemicals, Polymers, Plastics & Packaging",EMPAQUES DE LAS AMERICAS S.A.B. DE C.V.,empaquesdelasameri.mx,David Alarcón,Chief Executive Officer (CEO),C_SUITE,EXECUTIVE,dalarcón@empaquesdelasameri.mx,VERIFIED,85,+526062017183,2026-09-06T14:31:01.728422+00:00
"Chemicals, Polymers, Plastics & Packaging",PLASTICOS LATINOAMERICANA S. DE R.L. DE C.V.,plasticoslatinoame.com,Guillermo Castro,Chief Executive Officer (CEO),C_SUITE,EXECUTIVE,gcastro@plasticoslatinoame.com,VERIFIED,85,+529757784382,2026-09-06T14:31:01.728422+00:00
"Chemicals, Polymers, Plastics & Packaging",PLASTICOS LATINOAMERICANA S. DE R.L. DE C.V.,plasticoslatinoame.com,Guillermo Vega,Chief Financial Officer (CFO),C_SUITE,FINANCE,gvega@plasticoslatinoame.com,VERIFIED,85,+529442312615,2026-09-06T14:31:01.728422+00:00
"Chemicals, Polymers, Plastics & Packaging",PLASTICOS LATINOAMERICANA S. DE R.L. DE C.V.,plasticoslatinoame.com,Andrea Morales,Chief Human Resources Officer (CHRO),C_SUITE,HR_PEOPLE,amorales@plasticoslatinoame.com.mx,VERIFIED,85,+527030925589,2026-09-06T14:31:01.728422+00:00
"Chemicals, Polymers, Plastics & Packaging",PLASTICOS LATINOAMERICANA S.C.,plasticoslatinoame.com.mx,Andrea Garza,Chief Executive Officer (CEO),C_SUITE,EXECUTIVE,agarza@plasticoslatinoame.com.mx,VERIFIED,85,+524524646808,2026-09-06T14:31:01.728422+00:00
"Chemicals, Polymers, Plastics & Packaging",EMPAQUES EMPRESARIAL S.A.B. DE C.V.,empaquesempresaria.com.mx,Jorge Castro,Chief Financial Officer (CFO),C_SUITE,FINANCE,jcastro@empaquesempresaria.com.mx,VERIFIED,85,+523334468678,2026-09-06T14:31:01.732956+00:00
"Chemicals, Polymers, Plastics & Packaging",EMPAQUES EMPRESARIAL S.A.B. DE C.V.,empaquesempresaria.com.mx,Alejandro Ruiz,Chief Financial Officer (CFO),C_SUITE,FINANCE,aruiz@empaquesempresaria.com.mx,VERIFIED,85,+523372810660,2026-09-06T14:31:01.732956+00:00
"Chemicals, Polymers, Plastics & Packaging",EMPAQUES EMPRESARIAL S.C.,empaquesempresaria.com,Daniel Treviño,Chief Financial Officer (CFO),C_SUITE,FINANCE,dtreviño@empaquesempresaria.com,VERIFIED,85,+523324296379,2026-09-06T14:31:01.732956+00:00
"Chemicals, Polymers, Plastics & Packaging",QUIMICA ESPECIALIZADA S.A.S.,quimicaespecializa.com.mx,Gabriel Villaseñor,Chief Human Resources Officer (CHRO),C_SUITE,HR_PEOPLE,gvillaseñor@quimicaespecializa.com.mx,VERIFIED,85,+527431683619,2026-09-06T14:31:01.732956+00:00
"Chemicals, Polymers, Plastics & Packaging",QUIMICA ESPECIALIZADA S.A.S.,quimicaespecializa.com.mx,Roberto Salinas,Chief Executive Officer (CEO),C_SUITE,EXECUTIVE,rsalinas@quimicaespecializa.com.mx,VERIFIED,85,+525155220212,2026-09-06T14:31:01.732956+00:00
"Chemicals, Polymers, Plastics & Packaging",QUIMICA ESPECIALIZADA S.A.S.,quimicaespecializa.com.mx,Sofia Navarro,Chief Revenue Officer (CRO),C_SUITE,SALES_MARKETING,snavarro@quimicaespecializa.com.mx,VERIFIED,85,+528292210365,2026-09-06T14:31:01.732956+00:00
"Chemicals, Polymers, Plastics & Packaging",QUIMICA ESPECIALIZADA S.A. DE C.V.,quimicaespecializa.com,Daniel Garza,Chief Revenue Officer (CRO),C_SUITE,SALES_MARKETING,dgarza@quimicaespecializa.com,VERIFIED,85,+529451329691,2026-09-06T14:31:01.732956+00:00
"Chemicals, Polymers, Plastics & Packaging",PLASTICOS NACIONAL S.A.S.,plasticosnacional.mx,Andrea Ruiz,Chief Revenue Officer (CRO),C_SUITE,SALES_MARKETING,aruiz@plasticosnacional.mx,VERIFIED,85,+528192636969,2026-09-06T14:31:01.732956+00:00
"Chemicals, Polymers, Plastics & Packaging",PLASTICOS NACIONAL S.C.,plasticosnacional.com.mx,Mariana Ruiz,Chief Executive Officer (CEO),C_SUITE,EXECUTIVE,mruiz@plasticosnacional.com.mx,VERIFIED,85,+524317463333,2026-09-06T14:31:01.732956+00:00
"Chemicals, Polymers, Plastics & Packaging",PLASTICOS NACIONAL S.C.,plasticosnacional.com.mx,Hector González,Chief Executive Officer (CEO),C_SUITE,EXECUTIVE,hgonzález@plasticosnacional.com,VERIFIED,85,+528830768946,2026-09-06T14:31:01.732956+00:00
"Chemicals, Polymers, Plastics & Packaging",EMPAQUES ESPECIALIZADA S.A.B. DE C.V.,empaquesespecializ.com.mx,Luis González,Founder,FOUNDER,EXECUTIVE,lgonzález@empaquesespecializ.com.mx,VERIFIED,85,+528522998427,2026-09-06T14:31:01.732956+00:00
"Chemicals, Polymers, Plastics & Packaging",EMPAQUES ESPECIALIZADA S.C.,empaquesespecializ.com,Sofia Garza,Chief Executive Officer (CEO),C_SUITE,EXECUTIVE,sgarza@empaquesespecializ.com,VERIFIED,85,+524089523985,2026-09-06T14:31:01.732956+00:00
"Chemicals, Polymers, Plastics & Packaging",EMPAQUES ESPECIALIZADA S.C.,empaquesespecializ.com,Carlos Villaseñor,Chief Executive Officer (CEO),C_SUITE,EXECUTIVE,cvillaseñor@empaquesespecializ.com,VERIFIED,85,+528179704461,2026-09-06T14:31:01.732956+00:00
"Chemicals, Polymers, Plastics & Packaging",PLASTICOS LATINOAMERICANA S. DE R.L. DE C.V.,plasticoslatinoame.com.mx,Hector Morales,Founder,FOUNDER,EXECUTIVE,hmorales@plasticoslatinoame.com.mx,VERIFIED,85,+523340559350,2026-09-06T14:31:01.732956+00:00
"Chemicals, Polymers, Plastics & Packaging",PLASTICOS DEL NORTE 26 S. DE R.L. DE C.V.,plasticosdelnorte.mx,Miguel Benítez,Founder,FOUNDER,EXECUTIVE,mbenítez@plasticosdelnorte.mx,VERIFIED,85,+528198114050,2026-09-06T14:31:01.732956+00:00
"Chemicals, Polymers, Plastics & Packaging",PLASTICOS DEL PACIFICO S.A.P.I. DE C.V.,plasticosdelpacifi.com,Gabriel Mendoza,Chief Executive Officer (CEO),C_SUITE,EXECUTIVE,gmendoza@plasticosdelpacifi.com,VERIFIED,85,+525278223271,2026-09-06T14:31:01.732956+00:00
"Chemicals, Polymers, Plastics & Packaging",PLASTICOS DEL PACIFICO S.A.P.I. DE C.V.,plasticosdelpacifi.com,Javier Treviño,Chief Financial Officer (CFO),C_SUITE,FINANCE,jtreviño@plasticosdelpacifi.com,VERIFIED,85,+525784156229,2026-09-06T14:31:01.732956+00:00
"Chemicals, Polymers, Plastics & Packaging",PLASTICOS DEL PACIFICO S.A.P.I. DE C.V.,plasticosdelpacifi.com,Roberto Navarro,Chief Technology Officer (CTO),C_SUITE,ENGINEERING_IT,rnavarro@plasticosdelpacifi.mx,VERIFIED,85,+528142131348,2026-09-06T14:31:01.732956+00:00
"Chemicals, Polymers, Plastics & Packaging",PLASTICOS DEL BAJIO S.A.P.I. DE C.V.,plasticosdelbajio.com.mx,Jorge Morales,Chief Operating Officer (COO),C_SUITE,OPERATIONS,jmorales@plasticosdelbajio.com.mx,VERIFIED,85,+527448161291,2026-09-06T14:31:01.732956+00:00
"Chemicals, Polymers, Plastics & Packaging",PLASTICOS DEL NORTE S.A. DE C.V.,plasticosdelnorte.com,Fernando Dominguez,Chief Technology Officer (CTO),C_SUITE,ENGINEERING_IT,fdominguez@plasticosdelnorte.com,VERIFIED,85,+526492858667,2026-09-06T14:31:01.732956+00:00
"Chemicals, Polymers, Plastics & Packaging",PLASTICOS DEL BAJIO S.A.B. DE C.V.,plasticosdelbajio.mx,Patricia Salinas,Chief Financial Officer (CFO),C_SUITE,FINANCE,psalinas@plasticosdelbajio.mx,VERIFIED,85,+526594183659,2026-09-06T14:31:01.732956+00:00
"Chemicals, Polymers, Plastics & Packaging",PLASTICOS DEL BAJIO S.A. DE C.V.,plasticosdelbajio.com,Fernando Hernández,Chief Executive Officer (CEO),C_SUITE,EXECUTIVE,fhernández@plasticosdelbajio.com,VERIFIED,85,+525335395621,2026-09-06T14:31:01.732956+00:00
"Chemicals, Polymers, Plastics & Packaging",QUIMICA GLOBAL S.A.S.,quimicaglobal.mx,Fernando López,Chief Human Resources Officer (CHRO),C_SUITE,HR_PEOPLE,flópez@quimicaglobal.mx,VERIFIED,85,+528015199546,2026-09-06T14:31:01.732956+00:00
"Chemicals, Polymers, Plastics & Packaging",QUIMICA GLOBAL S.A.S.,quimicaglobal.mx,Guillermo Villaseñor,Chief Human Resources Officer (CHRO),C_SUITE,HR_PEOPLE,gvillaseñor@quimicaglobal.mx,VERIFIED,85,+527334037272,2026-09-06T14:31:01.732956+00:00
"Chemicals, Polymers, Plastics & Packaging",EMPAQUES LATINOAMERICANA S.A.S.,empaqueslatinoamer.com,Alejandro Ruiz,Chief Revenue Officer (CRO),C_SUITE,SALES_MARKETING,aruiz@empaqueslatinoamer.com,VERIFIED,85,+525361933265,2026-09-06T14:31:01.732956+00:00
"Chemicals, Polymers, Plastics & Packaging",EMPAQUES LATINOAMERICANA S.A.S.,empaqueslatinoamer.com,Fernando Navarro,Chief Financial Officer (CFO),C_SUITE,FINANCE,fnavarro@empaqueslatinoamer.com,VERIFIED,85,+528682905402,2026-09-06T14:31:01.732956+00:00
"Chemicals, Polymers, Plastics & Packaging",EMPAQUES LATINOAMERICANA S.A.S.,empaqueslatinoamer.com,Patricia Dominguez,Chief Executive Officer (CEO),C_SUITE,EXECUTIVE,pdominguez@empaqueslatinoamer.com,VERIFIED,85,+525916347566,2026-09-06T14:31:01.732956+00:00
"Chemicals, Polymers, Plastics & Packaging",PLASTICOS LATINOAMERICANA S.C.,plasticoslatinoame.mx,Patricia Castro,Founder,FOUNDER,EXECUTIVE,pcastro@plasticoslatinoame.mx,VERIFIED,85,+527933841795,2026-09-06T14:31:01.732956+00:00
"Chemicals, Polymers, Plastics & Packaging",PLASTICOS LATINOAMERICANA S.A.B. DE C.V.,plasticoslatinoame.com,Miguel Alarcón,Chief Financial Officer (CFO),C_SUITE,FINANCE,malarcón@plasticoslatinoame.com,VERIFIED,85,+525846365393,2026-09-06T14:31:01.732956+00:00
"Chemicals, Polymers, Plastics & Packaging",PLASTICOS GLOBAL 40 S.A.P.I. DE C.V.,plasticosglobal.com.mx,Luis Alarcón,Chief Revenue Officer (CRO),C_SUITE,SALES_MARKETING,lalarcón@plasticosglobal.com.mx,VERIFIED,85,+528136459720,2026-09-06T14:31:01.732956+00:00
"Chemicals, Polymers, Plastics & Packaging",EMPAQUES DINAMICA S. DE R.L. DE C.V.,empaquesdinamica99.com,Rodrigo González,Chief Human Resources Officer (CHRO),C_SUITE,HR_PEOPLE,rgonzález@empaquesdinamica99.com,VERIFIED,85,+529571296701,2026-09-06T14:31:01.732956+00:00
"Chemicals, Polymers, Plastics & Packaging",EMPAQUES DINAMICA S. DE R.L. DE C.V.,empaquesdinamica.com,Sofia Mendoza,Chief Financial Officer (CFO),C_SUITE,FINANCE,smendoza@empaquesdinamica.com,VERIFIED,85,+528115316338,2026-09-06T14:31:01.732956+00:00
"Chemicals, Polymers, Plastics & Packaging",PLASTICOS DE OCCIDENTE S.A.B. DE C.V.,plasticosdeocciden.com.mx,Gabriel Navarro,Chief Human Resources Officer (CHRO),C_SUITE,HR_PEOPLE,gnavarro@plasticosdeocciden.com.mx,VERIFIED,85,+524729159217,2026-09-06T14:31:01.732956+00:00
"Chemicals, Polymers, Plastics & Packaging",PLASTICOS DE OCCIDENTE S.A.B. DE C.V.,plasticosdeocciden.com.mx,Adriana Martínez,Founder,FOUNDER,EXECUTIVE,amartínez@plasticosdeocciden.com,VERIFIED,85,+525598362963,2026-09-06T14:31:01.732956+00:00
"Chemicals, Polymers, Plastics & Packaging",PLASTICOS DE OCCIDENTE S.A.B. DE C.V.,plasticosdeocciden.com.mx,Eduardo Castro,Chief Financial Officer (CFO),C_SUITE,FINANCE,ecastro@plasticosdeocciden.com.mx,VERIFIED,85,+526237237426,2026-09-06T14:31:01.732956+00:00
"Chemicals, Polymers, Plastics & Packaging",PLASTICOS DE OCCIDENTE S.A.B. DE C.V.,plasticosdeocciden.com.mx,Alejandro García,Chief Executive Officer (CEO),C_SUITE,EXECUTIVE,agarcía@plasticosdeocciden.com.mx,VERIFIED,85,+528922375914,2026-09-06T14:31:01.732956+00:00
"Chemicals, Polymers, Plastics & Packaging",PLASTICOS DE OCCIDENTE S.A.S.,plasticosdeocciden.mx,Carlos Alarcón,Chief Financial Officer (CFO),C_SUITE,FINANCE,calarcón@plasticosdeocciden.mx,VERIFIED,85,+528345124452,2026-09-06T14:31:01.732956+00:00
"Chemicals, Polymers, Plastics & Packaging",PLASTICOS DE LAS AMERICAS 57 S.A.B. DE C.V.,plasticosdelasamer.com,Luis Mendoza,Chief Operating Officer (COO),C_SUITE,OPERATIONS,lmendoza@plasticosdelasamer.com,VERIFIED,85,+528490194597,2026-09-06T14:31:01.732956+00:00
"Chemicals, Polymers, Plastics & Packaging",PLASTICOS DE OCCIDENTE 96 S.A.B. DE C.V.,plasticosdeocciden.com,Javier Ruiz,Chief Technology Officer (CTO),C_SUITE,ENGINEERING_IT,jruiz@plasticosdeocciden.com,VERIFIED,85,+527425309639,2026-09-06T14:31:01.732956+00:00
"Chemicals, Polymers, Plastics & Packaging",PLASTICOS DE LAS AMERICAS 1 S. DE R.L. DE C.V.,plasticosdelasamer.com.mx,Adriana Alarcón,Founder,FOUNDER,EXECUTIVE,aalarcón@plasticosdelasamer.com.mx,VERIFIED,85,+528840907289,2026-09-06T14:31:01.732956+00:00
"Chemicals, Polymers, Plastics & Packaging",PLASTICOS DE LAS AMERICAS S.A.S.,plasticosdelasamer.mx,Roberto Morales,Founder,FOUNDER,EXECUTIVE,rmorales@plasticosdelasamer.mx,VERIFIED,85,+524089081598,2026-09-06T14:31:01.732956+00:00
"Chemicals, Polymers, Plastics & Packaging",QUIMICA MODERNA S.A.S.,quimicamoderna.com,Hector Salinas,Chief Human Resources Officer (CHRO),C_SUITE,HR_PEOPLE,hsalinas@quimicamoderna.com,VERIFIED,85,+524465485940,2026-09-06T14:31:01.732956+00:00
"Chemicals, Polymers, Plastics & Packaging",QUIMICA MODERNA S.A.S.,quimicamoderna.com,Gabriel Treviño,Chief Financial Officer (CFO),C_SUITE,FINANCE,gtreviño@quimicamoderna.com,VERIFIED,85,+524036861864,2026-09-06T14:31:01.732956+00:00
"Chemicals, Polymers, Plastics & Packaging",QUIMICA MODERNA S.A.P.I. DE C.V.,quimicamoderna60.com,Adriana Alarcón,Chief Revenue Officer (CRO),C_SUITE,SALES_MARKETING,aalarcón@quimicamoderna60.com,VERIFIED,85,+526291482404,2026-09-06T14:31:01.732956+00:00
"Chemicals, Polymers, Plastics & Packaging",QUIMICA DEL BAJIO S.C.,quimicadelbajio.mx,Carlos Mendoza,Chief Financial Officer (CFO),C_SUITE,FINANCE,cmendoza@quimicadelbajio.mx,VERIFIED,85,+524342248915,2026-09-06T14:31:01.732956+00:00
"Chemicals, Polymers, Plastics & Packaging",QUIMICA DEL CENTRO S.A.P.I. DE C.V.,quimicadelcentro91.com,Hector Martínez,Chief Technology Officer (CTO),C_SUITE,ENGINEERING_IT,hmartínez@quimicadelcentro91.com,VERIFIED,85,+525550263936,2026-09-06T14:31:01.732956+00:00
"Chemicals, Polymers, Plastics & Packaging",QUIMICA DEL NORTE S.A.S.,quimicadelnorte.com.mx,Hector García,Chief Executive Officer (CEO),C_SUITE,EXECUTIVE,hgarcía@quimicadelnorte.com.mx,VERIFIED,85,+524133571103,2026-09-06T14:31:01.732956+00:00
"Chemicals, Polymers, Plastics & Packaging",QUIMICA DEL BAJIO S. DE R.L. DE C.V.,quimicadelbajio85.com.mx,Andrea Vega,Chief Human Resources Officer (CHRO),C_SUITE,HR_PEOPLE,avega@quimicadelbajio85.com.mx,VERIFIED,85,+525585441999,2026-09-06T14:31:01.732956+00:00
"Chemicals, Polymers, Plastics & Packaging",QUIMICA DEL BAJIO S. DE R.L. DE C.V.,quimicadelbajio85.com.mx,Fernando López,Chief Operating Officer (COO),C_SUITE,OPERATIONS,flópez@quimicadelbajio10.com.mx,VERIFIED,85,+527373013650,2026-09-06T14:31:01.732956+00:00
"Chemicals, Polymers, Plastics & Packaging",QUIMICA DEL BAJIO S. DE R.L. DE C.V.,quimicadelbajio85.com.mx,Gabriel Alarcón,Chief Executive Officer (CEO),C_SUITE,EXECUTIVE,galarcón@quimicadelbajio.com,VERIFIED,85,+524825517428,2026-09-06T14:31:01.732956+00:00
"Chemicals, Polymers, Plastics & Packaging",QUIMICA DEL CENTRO S.C.,quimicadelcentro46.mx,Roberto Navarro,Chief Executive Officer (CEO),C_SUITE,EXECUTIVE,rnavarro@quimicadelcentro46.mx,VERIFIED,85,+524131356693,2026-09-06T14:31:01.732956+00:00
"Chemicals, Polymers, Plastics & Packaging",QUIMICA DEL PACIFICO S.A.B. DE C.V.,quimicadelpacifico.com.mx,Miguel Mendoza,Chief Executive Officer (CEO),C_SUITE,EXECUTIVE,mmendoza@quimicadelpacifico.com.mx,VERIFIED,85,+529116448446,2026-09-06T14:31:01.732956+00:00
"Chemicals, Polymers, Plastics & Packaging",QUIMICA DEL PACIFICO S.A.B. DE C.V.,quimicadelpacifico.com.mx,Patricia Ruiz,Chief Financial Officer (CFO),C_SUITE,FINANCE,pruiz@quimicadelpacifico.com.mx,VERIFIED,85,+527612489275,2026-09-06T14:31:01.738523+00:00
"Chemicals, Polymers, Plastics & Packaging",QUIMICA DEL BAJIO 40 S. DE R.L. DE C.V.,quimicadelbajio.com.mx,David Ruiz,Chief Human Resources Officer (CHRO),C_SUITE,HR_PEOPLE,druiz@quimicadelbajio.com.mx,VERIFIED,85,+526472250390,2026-09-06T14:31:01.738523+00:00
"Chemicals, Polymers, Plastics & Packaging",QUIMICA DEL BAJIO 40 S. DE R.L. DE C.V.,quimicadelbajio.com.mx,Guillermo Salinas,Chief Executive Officer (CEO),C_SUITE,EXECUTIVE,gsalinas@quimicadelbajio.com.mx,VERIFIED,85,+529692890167,2026-09-06T14:31:01.738523+00:00
"Chemicals, Polymers, Plastics & Packaging",QUIMICA DEL BAJIO 40 S. DE R.L. DE C.V.,quimicadelbajio.com.mx,Luis Castro,Chief Revenue Officer (CRO),C_SUITE,SALES_MARKETING,lcastro@quimicadelbajio.com.mx,VERIFIED,85,+524523227191,2026-09-06T14:31:01.738523+00:00
"Chemicals, Polymers, Plastics & Packaging",QUIMICA INDUSTRIAL S.C.,quimicaindustrial8.com,Alejandro Navarro,Chief Financial Officer (CFO),C_SUITE,FINANCE,anavarro@quimicaindustrial8.com,VERIFIED,85,+527157874452,2026-09-06T14:31:01.738523+00:00
"Chemicals, Polymers, Plastics & Packaging",QUIMICA INDUSTRIAL 74 S.A.S.,quimicaindustrial3.com.mx,Hector Vega,Chief Financial Officer (CFO),C_SUITE,FINANCE,hvega@quimicaindustrial3.com.mx,VERIFIED,85,+524468737040,2026-09-06T14:31:01.738523+00:00
"Chemicals, Polymers, Plastics & Packaging",QUIMICA INDUSTRIAL S. DE R.L. DE C.V.,quimicaindustrial.com,David Ruiz,Chief Operating Officer (COO),C_SUITE,OPERATIONS,druiz@quimicaindustrial.com,VERIFIED,85,+527631631625,2026-09-06T14:31:01.738523+00:00
"Chemicals, Polymers, Plastics & Packaging",EMPAQUES INTERNACIONAL S.C.,empaquesinternacio.com,Andrea Garza,Chief Human Resources Officer (CHRO),C_SUITE,HR_PEOPLE,agarza@empaquesinternacio.com,VERIFIED,85,+528659190171,2026-09-06T14:31:01.738523+00:00
"Chemicals, Polymers, Plastics & Packaging",EMPAQUES INTERNACIONAL S.C.,empaquesinternacio.com,Alejandro Martínez,Chief Operating Officer (COO),C_SUITE,OPERATIONS,amartínez@empaquesinternacio.com,VERIFIED,85,+527660805924,2026-09-06T14:31:01.738523+00:00
"Chemicals, Polymers, Plastics & Packaging",EMPAQUES INTERNACIONAL S.A.P.I. DE C.V.,empaquesinternacio.mx,Andrea García,Chief Revenue Officer (CRO),C_SUITE,SALES_MARKETING,agarcía@empaquesinternacio.mx,VERIFIED,85,+524154812593,2026-09-06T14:31:01.738523+00:00
"Chemicals, Polymers, Plastics & Packaging",EMPAQUES INTERNACIONAL S.C.,empaquesinternacio.com.mx,Adriana González,Chief Financial Officer (CFO),C_SUITE,FINANCE,agonzález@empaquesinternacio.com.mx,VERIFIED,85,+528845325373,2026-09-06T14:31:01.738523+00:00
"Chemicals, Polymers, Plastics & Packaging",PLASTICOS DEL CENTRO S.A. DE C.V.,plasticosdelcentro.com,Mariana Treviño,Chief Executive Officer (CEO),C_SUITE,EXECUTIVE,mtreviño@plasticosdelcentro.com,VERIFIED,85,+527242680341,2026-09-06T14:31:01.738523+00:00
"Chemicals, Polymers, Plastics & Packaging",PLASTICOS DEL CENTRO S.A. DE C.V.,plasticosdelcentro.com,Luis López,Chief Revenue Officer (CRO),C_SUITE,SALES_MARKETING,llópez@plasticosdelcentro.mx,VERIFIED,85,+526633986813,2026-09-06T14:31:01.738523+00:00
"Chemicals, Polymers, Plastics & Packaging",PLASTICOS DEL CENTRO S.A.S.,plasticosdelcentro.com.mx,Guillermo Ruiz,Chief Financial Officer (CFO),C_SUITE,FINANCE,gruiz@plasticosdelcentro.com.mx,VERIFIED,85,+524066725522,2026-09-06T14:31:01.738523+00:00
"Chemicals, Polymers, Plastics & Packaging",PLASTICOS DEL CENTRO S.A.S.,plasticosdelcentro.com.mx,Mariana Garza,Chief Human Resources Officer (CHRO),C_SUITE,HR_PEOPLE,mgarza@plasticosdelcentro.com.mx,VERIFIED,85,+525758964041,2026-09-06T14:31:01.738523+00:00
"Chemicals, Polymers, Plastics & Packaging",PLASTICOS DEL NORTE S.A.P.I. DE C.V.,plasticosdelnorte.com,Miguel Morales,Chief Executive Officer (CEO),C_SUITE,EXECUTIVE,mmorales@plasticosdelnorte.com,VERIFIED,85,+529950613537,2026-09-06T14:31:01.738523+00:00
"Chemicals, Polymers, Plastics & Packaging",PLASTICOS DEL NORTE S.A.P.I. DE C.V.,plasticosdelnorte.com,Sofia Castro,Chief Operating Officer (COO),C_SUITE,OPERATIONS,scastro@plasticosdelnorte.com,VERIFIED,85,+527077765965,2026-09-06T14:31:01.738523+00:00
"Chemicals, Polymers, Plastics & Packaging",PLASTICOS DEL PACIFICO S.A.B. DE C.V.,plasticosdelpacifi.com,Luis Salinas,Founder,FOUNDER,EXECUTIVE,lsalinas@plasticosdelpacifi.com,VERIFIED,85,+525877629345,2026-09-06T14:31:01.738523+00:00
"Chemicals, Polymers, Plastics & Packaging",PLASTICOS DEL PACIFICO S.A.B. DE C.V.,plasticosdelpacifi.com,Patricia García,Chief Executive Officer (CEO),C_SUITE,EXECUTIVE,pgarcía@plasticosdelpacifi.com,VERIFIED,85,+527541934620,2026-09-06T14:31:01.738523+00:00
"Chemicals, Polymers, Plastics & Packaging",PLASTICOS DEL BAJIO S.A.P.I. DE C.V.,plasticosdelbajio.com,Rodrigo Dominguez,Chief Operating Officer (COO),C_SUITE,OPERATIONS,rdominguez@plasticosdelbajio.com,VERIFIED,85,+525141696919,2026-09-06T14:31:01.738523+00:00
"Chemicals, Polymers, Plastics & Packaging",PLASTICOS DEL NORTE S.C.,plasticosdelnorte.com.mx,Gabriel Alarcón,Chief Executive Officer (CEO),C_SUITE,EXECUTIVE,galarcón@plasticosdelnorte.com.mx,VERIFIED,85,+524734575779,2026-09-06T14:31:01.738523+00:00
"Chemicals, Polymers, Plastics & Packaging",PLASTICOS DEL PACIFICO S. DE R.L. DE C.V.,plasticosdelpacifi.com.mx,Hector Navarro,Chief Operating Officer (COO),C_SUITE,OPERATIONS,hnavarro@plasticosdelpacifi.com.mx,VERIFIED,85,+526399669901,2026-09-06T14:31:01.738523+00:00
"Chemicals, Polymers, Plastics & Packaging",PLASTICOS DINAMICA S.A.B. DE C.V.,plasticosdinamica.com.mx,Sofia López,Chief Executive Officer (CEO),C_SUITE,EXECUTIVE,slópez@plasticosdinamica.com.mx,VERIFIED,85,+523359893631,2026-09-06T14:31:01.738523+00:00
"Chemicals, Polymers, Plastics & Packaging",PLASTICOS DINAMICA S.A.B. DE C.V.,plasticosdinamica.com.mx,Roberto Castro,Chief Technology Officer (CTO),C_SUITE,ENGINEERING_IT,rcastro@plasticosdinamica.com.mx,VERIFIED,85,+523335971140,2026-09-06T14:31:01.738523+00:00
"Chemicals, Polymers, Plastics & Packaging",PLASTICOS DINAMICA S.C.,plasticosdinamica6.com,Sofia Navarro,Chief Financial Officer (CFO),C_SUITE,FINANCE,snavarro@plasticosdinamica6.com,VERIFIED,85,+523342743057,2026-09-06T14:31:01.738523+00:00
"Chemicals, Polymers, Plastics & Packaging",EMPAQUES CENTRAL S.C.,empaquescentral71.com,Jorge Dominguez,Chief Operating Officer (COO),C_SUITE,OPERATIONS,jdominguez@empaquescentral71.com,VERIFIED,85,+526564375778,2026-09-06T14:31:01.738523+00:00
"Chemicals, Polymers, Plastics & Packaging",EMPAQUES CENTRAL S.A.S.,empaquescentral.com,Mariana García,Chief Human Resources Officer (CHRO),C_SUITE,HR_PEOPLE,mgarcía@empaquescentral.com,VERIFIED,85,+524022253084,2026-09-06T14:31:01.738523+00:00
"Chemicals, Polymers, Plastics & Packaging",EMPAQUES CENTRAL S.A.B. DE C.V.,empaquescentral47.com.mx,Andrea Treviño,Chief Revenue Officer (CRO),C_SUITE,SALES_MARKETING,atreviño@empaquescentral47.com.mx,VERIFIED,85,+529617398576,2026-09-06T14:31:01.738523+00:00
"Chemicals, Polymers, Plastics & Packaging",QUIMICA MODERNA S.A.S.,quimicamoderna25.com.mx,Guillermo Ruiz,Chief Operating Officer (COO),C_SUITE,OPERATIONS,gruiz@quimicamoderna25.com.mx,VERIFIED,85,+525566996692,2026-09-06T14:31:01.738523+00:00
"Chemicals, Polymers, Plastics & Packaging",QUIMICA MODERNA 97 S.C.,quimicamoderna.com.mx,Patricia Hernández,Chief Human Resources Officer (CHRO),C_SUITE,HR_PEOPLE,phernández@quimicamoderna.com.mx,VERIFIED,85,+525521201562,2026-09-06T14:31:01.738523+00:00
"Chemicals, Polymers, Plastics & Packaging",QUIMICA MODERNA S.A.B. DE C.V.,quimicamoderna.mx,Claudia Treviño,Chief Executive Officer (CEO),C_SUITE,EXECUTIVE,ctreviño@quimicamoderna.mx,VERIFIED,85,+525527696386,2026-09-06T14:31:01.738523+00:00
"Chemicals, Polymers, Plastics & Packaging",QUIMICA EMPRESARIAL S. DE R.L. DE C.V.,quimicaempresarial.com,Patricia Salinas,Chief Human Resources Officer (CHRO),C_SUITE,HR_PEOPLE,psalinas@quimicaempresarial.com,VERIFIED,85,+527454976604,2026-09-06T14:31:01.738523+00:00
"Chemicals, Polymers, Plastics & Packaging",QUIMICA EMPRESARIAL S.C.,quimicaempresarial.com.mx,Daniel García,Chief Executive Officer (CEO),C_SUITE,EXECUTIVE,dgarcía@quimicaempresarial.com.mx,VERIFIED,85,+528520988578,2026-09-06T14:31:01.738523+00:00
"Chemicals, Polymers, Plastics & Packaging",EMPAQUES GLOBAL S. DE R.L. DE C.V.,empaquesglobal.com,Guillermo Mendoza,Chief Executive Officer (CEO),C_SUITE,EXECUTIVE,gmendoza@empaquesglobal.com,VERIFIED,85,+525529761182,2026-09-06T14:31:01.738523+00:00
"Chemicals, Polymers, Plastics & Packaging",EMPAQUES GLOBAL S. DE R.L. DE C.V.,empaquesglobal.com,Mariana Dominguez,Chief Human Resources Officer (CHRO),C_SUITE,HR_PEOPLE,mdominguez@empaquesglobal.com,VERIFIED,85,+525594153259,2026-09-06T14:31:01.738523+00:00
"Chemicals, Polymers, Plastics & Packaging",EMPAQUES GLOBAL 95 S.A.P.I. DE C.V.,empaquesglobal.com.mx,Javier García,Chief Revenue Officer (CRO),C_SUITE,SALES_MARKETING,jgarcía@empaquesglobal.com.mx,VERIFIED,85,+525569733146,2026-09-06T14:31:01.738523+00:00
"Chemicals, Polymers, Plastics & Packaging",EMPAQUES GLOBAL S.A.B. DE C.V.,empaquesglobal.mx,Fernando Alarcón,Chief Human Resources Officer (CHRO),C_SUITE,HR_PEOPLE,falarcón@empaquesglobal.mx,VERIFIED,85,+525550934590,2026-09-06T14:31:01.738523+00:00
"Chemicals, Polymers, Plastics & Packaging",QUIMICA CENTRAL S.A. DE C.V.,quimicacentral34.com.mx,Miguel Salinas,Founder,FOUNDER,EXECUTIVE,msalinas@quimicacentral34.com.mx,VERIFIED,85,+527962073350,2026-09-06T14:31:01.738523+00:00
"Chemicals, Polymers, Plastics & Packaging",QUIMICA CENTRAL S.A.B. DE C.V.,quimicacentral.com.mx,Rodrigo Benítez,Chief Executive Officer (CEO),C_SUITE,EXECUTIVE,rbenítez@quimicacentral.com.mx,VERIFIED,85,+526061182076,2026-09-06T14:31:01.738523+00:00
"Chemicals, Polymers, Plastics & Packaging",QUIMICA CENTRAL S.C.,quimicacentral.mx,Alejandro Treviño,Chief Operating Officer (COO),C_SUITE,OPERATIONS,atreviño@quimicacentral.mx,VERIFIED,85,+524188474792,2026-09-06T14:31:01.738523+00:00
"Chemicals, Polymers, Plastics & Packaging",QUIMICA CENTRAL S. DE R.L. DE C.V.,quimicacentral.com,Javier González,Chief Financial Officer (CFO),C_SUITE,FINANCE,jgonzález@quimicacentral.com,VERIFIED,85,+525341689521,2026-09-06T14:31:01.738523+00:00
"Chemicals, Polymers, Plastics & Packaging",PLASTICOS EMPRESARIAL S. DE R.L. DE C.V.,plasticosempresari.com,Guillermo López,Chief Executive Officer (CEO),C_SUITE,EXECUTIVE,glópez@plasticosempresari.com,VERIFIED,85,+525754938586,2026-09-06T14:31:01.738523+00:00
"Chemicals, Polymers, Plastics & Packaging",PLASTICOS EMPRESARIAL S. DE R.L. DE C.V.,plasticosempresari.com,Carlos Dominguez,Chief Executive Officer (CEO),C_SUITE,EXECUTIVE,cdominguez@plasticosempresari.com,VERIFIED,85,+525483140275,2026-09-06T14:31:01.738523+00:00
"Chemicals, Polymers, Plastics & Packaging",PLASTICOS EMPRESARIAL S.A.P.I. DE C.V.,plasticosempresari.com.mx,Guillermo Ruiz,Chief Financial Officer (CFO),C_SUITE,FINANCE,gruiz@plasticosempresari.com.mx,VERIFIED,85,+527786771884,2026-09-06T14:31:01.738523+00:00
"Chemicals, Polymers, Plastics & Packaging",QUIMICA EMPRESARIAL 47 S.A.B. DE C.V.,quimicaempresarial.com,Gabriel Garza,Chief Human Resources Officer (CHRO),C_SUITE,HR_PEOPLE,ggarza@quimicaempresarial.com,VERIFIED,85,+527262758209,2026-09-06T14:31:01.738523+00:00
"Chemicals, Polymers, Plastics & Packaging",QUIMICA EMPRESARIAL 47 S.A.B. DE C.V.,quimicaempresarial.com,Claudia González,Founder,FOUNDER,EXECUTIVE,cgonzález@quimicaempresarial.com,VERIFIED,85,+525985519667,2026-09-06T14:31:01.738523+00:00
"Chemicals, Polymers, Plastics & Packaging",QUIMICA EMPRESARIAL 47 S.A.B. DE C.V.,quimicaempresarial.com,Andrea Dominguez,Chief Technology Officer (CTO),C_SUITE,ENGINEERING_IT,adominguez@quimicaempresarial.com,VERIFIED,85,+526481977235,2026-09-06T14:31:01.738523+00:00
"Chemicals, Polymers, Plastics & Packaging",QUIMICA EMPRESARIAL S.C.,quimicaempresarial.mx,Miguel Hernández,Founder,FOUNDER,EXECUTIVE,mhernández@quimicaempresarial.mx,VERIFIED,85,+525856958545,2026-09-06T14:31:01.738523+00:00
"Chemicals, Polymers, Plastics & Packaging",PLASTICOS INTERNACIONAL 30 S.A.S.,plasticosinternaci.com,Fernando García,Chief Human Resources Officer (CHRO),C_SUITE,HR_PEOPLE,fgarcía@plasticosinternaci.com,VERIFIED,85,+528232747912,2026-09-06T14:31:01.738523+00:00
"Chemicals, Polymers, Plastics & Packaging",EMPAQUES EMPRESARIAL 39 S.A. DE C.V.,empaquesempresaria.mx,Andrea López,Chief Financial Officer (CFO),C_SUITE,FINANCE,alópez@empaquesempresaria.mx,VERIFIED,85,+525322354198,2026-09-06T14:31:01.742373+00:00
"Chemicals, Polymers, Plastics & Packaging",EMPAQUES MEXICANA S.A. DE C.V.,empaquesmexicana.mx,Mariana Mendoza,Founder,FOUNDER,EXECUTIVE,mmendoza@empaquesmexicana.mx,VERIFIED,85,+528278796713,2026-09-06T14:31:01.742373+00:00
"Chemicals, Polymers, Plastics & Packaging",EMPAQUES MEXICANA S.A. DE C.V.,empaquesmexicana.mx,Sofia Valenzuela,Chief Financial Officer (CFO),C_SUITE,FINANCE,svalenzuela@empaquesmexicana.mx,VERIFIED,85,+526335639054,2026-09-06T14:31:01.742373+00:00
"Chemicals, Polymers, Plastics & Packaging",EMPAQUES MEXICANA S.A.B. DE C.V.,empaquesmexicana.com.mx,Patricia González,Chief Revenue Officer (CRO),C_SUITE,SALES_MARKETING,pgonzález@empaquesmexicana.com.mx,VERIFIED,85,+528547579614,2026-09-06T14:31:01.742373+00:00
"Chemicals, Polymers, Plastics & Packaging",EMPAQUES MEXICANA S.A. DE C.V.,empaquesmexicana22.com,Eduardo Morales,Founder,FOUNDER,EXECUTIVE,emorales@empaquesmexicana22.com,VERIFIED,85,+526349125700,2026-09-06T14:31:01.742373+00:00
"Chemicals, Polymers, Plastics & Packaging",PLASTICOS NACIONAL S.A.P.I. DE C.V.,plasticosnacional.com.mx,Carlos Hernández,Chief Executive Officer (CEO),C_SUITE,EXECUTIVE,chernández@plasticosnacional.com.mx,VERIFIED,85,+523375325501,2026-09-06T14:31:01.743007+00:00
"Chemicals, Polymers, Plastics & Packaging",PLASTICOS NACIONAL S.A.P.I. DE C.V.,plasticosnacional.com.mx,Sofia Navarro,Chief Financial Officer (CFO),C_SUITE,FINANCE,snavarro@plasticosnacional.com.mx,VERIFIED,85,+523316526168,2026-09-06T14:31:01.743007+00:00
"Chemicals, Polymers, Plastics & Packaging",QUIMICA INTEGRAL S.A. DE C.V.,quimicaintegral.com,Alejandro Villaseñor,Chief Human Resources Officer (CHRO),C_SUITE,HR_PEOPLE,avillaseñor@quimicaintegral.com,VERIFIED,85,+528475940139,2026-09-06T14:31:01.743007+00:00
"Chemicals, Polymers, Plastics & Packaging",QUIMICA INTEGRAL S.A.P.I. DE C.V.,quimicaintegral.mx,Rodrigo Villaseñor,Chief Executive Officer (CEO),C_SUITE,EXECUTIVE,rvillaseñor@quimicaintegral.mx,VERIFIED,85,+524425353594,2026-09-06T14:31:01.743007+00:00
"Chemicals, Polymers, Plastics & Packaging",QUIMICA INTEGRAL S.A.P.I. DE C.V.,quimicaintegral.mx,Claudia Navarro,Chief Operating Officer (COO),C_SUITE,OPERATIONS,cnavarro@quimicaintegral.mx,VERIFIED,85,+524024829771,2026-09-06T14:31:01.743007+00:00
"Chemicals, Polymers, Plastics & Packaging",PLASTICOS INDUSTRIAL S.A.S.,plasticosindustria.com,Patricia Vega,Chief Executive Officer (CEO),C_SUITE,EXECUTIVE,pvega@plasticosindustria.com,VERIFIED,85,+525285068523,2026-09-06T14:31:01.743988+00:00
"Chemicals, Polymers, Plastics & Packaging",PLASTICOS INDUSTRIAL S.C.,plasticosindustria.com.mx,Miguel Garza,Founder,FOUNDER,EXECUTIVE,mgarza@plasticosindustria.com.mx,VERIFIED,85,+524760882208,2026-09-06T14:31:01.743988+00:00
"Chemicals, Polymers, Plastics & Packaging",EMPAQUES NACIONAL S.A.B. DE C.V.,empaquesnacional.mx,Andrea Vega,Chief Technology Officer (CTO),C_SUITE,ENGINEERING_IT,avega@empaquesnacional.mx,VERIFIED,85,+525093744894,2026-09-06T14:31:01.743988+00:00
"Chemicals, Polymers, Plastics & Packaging",EMPAQUES NACIONAL S.A.B. DE C.V.,empaquesnacional.mx,Daniel Alarcón,Founder,FOUNDER,EXECUTIVE,dalarcón@empaquesnacional.mx,VERIFIED,85,+527767197526,2026-09-06T14:31:01.743988+00:00
"Chemicals, Polymers, Plastics & Packaging",EMPAQUES NACIONAL 68 S.C.,empaquesnacional84.com,Guillermo Salinas,Chief Technology Officer (CTO),C_SUITE,ENGINEERING_IT,gsalinas@empaquesnacional84.com,VERIFIED,85,+526360071248,2026-09-06T14:31:01.743988+00:00
"Chemicals, Polymers, Plastics & Packaging",EMPAQUES NACIONAL S.A. DE C.V.,empaquesnacional37.com,Adriana Mendoza,Chief Operating Officer (COO),C_SUITE,OPERATIONS,amendoza@empaquesnacional37.com,VERIFIED,85,+525471188989,2026-09-06T14:31:01.743988+00:00
"Chemicals, Polymers, Plastics & Packaging",PLASTICOS LATINOAMERICANA S.A. DE C.V.,plasticoslatinoame.com.mx,Hector Navarro,Chief Technology Officer (CTO),C_SUITE,ENGINEERING_IT,hnavarro@plasticoslatinoame.com.mx,VERIFIED,85,+528172804831,2026-09-06T14:31:01.744617+00:00
"Chemicals, Polymers, Plastics & Packaging",PLASTICOS LATINOAMERICANA S.A. DE C.V.,plasticoslatinoame.com.mx,Roberto López,Chief Executive Officer (CEO),C_SUITE,EXECUTIVE,rlópez@plasticoslatinoame.com.mx,VERIFIED,85,+528162908524,2026-09-06T14:31:01.744617+00:00
"Chemicals, Polymers, Plastics & Packaging",PLASTICOS LATINOAMERICANA S.A. DE C.V.,plasticoslatinoame.com.mx,Luis Villaseñor,Chief Executive Officer (CEO),C_SUITE,EXECUTIVE,lvillaseñor@plasticoslatinoame.com.mx,VERIFIED,85,+528159450614,2026-09-06T14:31:01.744617+00:00
"Chemicals, Polymers, Plastics & Packaging",PLASTICOS LATINOAMERICANA S.A.B. DE C.V.,plasticoslatinoame.mx,Fernando Villaseñor,Chief Executive Officer (CEO),C_SUITE,EXECUTIVE,fvillaseñor@plasticoslatinoame.mx,VERIFIED,85,+528138900921,2026-09-06T14:31:01.744617+00:00
"Chemicals, Polymers, Plastics & Packaging",PLASTICOS LATINOAMERICANA S.A.B. DE C.V.,plasticoslatinoame.mx,Carlos Ruiz,Chief Technology Officer (CTO),C_SUITE,ENGINEERING_IT,cruiz@plasticoslatinoame.mx,VERIFIED,85,+528148238362,2026-09-06T14:31:01.744617+00:00
"Chemicals, Polymers, Plastics & Packaging",PLASTICOS LATINOAMERICANA S.A.B. DE C.V.,plasticoslatinoame.mx,Alejandro Benítez,Chief Financial Officer (CFO),C_SUITE,FINANCE,abenítez@plasticoslatinoame.mx,VERIFIED,85,+528172999531,2026-09-06T14:31:01.744617+00:00
"Chemicals, Polymers, Plastics & Packaging",PLASTICOS LATINOAMERICANA 22 S. DE R.L. DE C.V.,plasticoslatinoame.com,Carlos Morales,Chief Executive Officer (CEO),C_SUITE,EXECUTIVE,cmorales@plasticoslatinoame.com,VERIFIED,85,+528144402746,2026-09-06T14:31:01.744617+00:00
"Chemicals, Polymers, Plastics & Packaging",QUIMICA INTERNACIONAL S. DE R.L. DE C.V.,quimicainternacion.com.mx,Roberto Morales,Chief Financial Officer (CFO),C_SUITE,FINANCE,rmorales@quimicainternacion.com.mx,VERIFIED,85,+528112714055,2026-09-06T14:31:01.744992+00:00
"Chemicals, Polymers, Plastics & Packaging",QUIMICA INTERNACIONAL S. DE R.L. DE C.V.,quimicainternacion.com.mx,Jorge Alarcón,Chief Human Resources Officer (CHRO),C_SUITE,HR_PEOPLE,jalarcón@quimicainternacion.com.mx,VERIFIED,85,+528171136745,2026-09-06T14:31:01.744992+00:00
"Chemicals, Polymers, Plastics & Packaging",QUIMICA INTERNACIONAL S. DE R.L. DE C.V.,quimicainternacion.com.mx,Daniel Treviño,Chief Executive Officer (CEO),C_SUITE,EXECUTIVE,dtreviño@quimicainternacion.com.mx,VERIFIED,85,+528143805312,2026-09-06T14:31:01.744992+00:00
"Chemicals, Polymers, Plastics & Packaging",QUIMICA INTERNACIONAL S. DE R.L. DE C.V.,quimicainternacion.com.mx,Roberto Ruiz,Chief Revenue Officer (CRO),C_SUITE,SALES_MARKETING,rruiz@quimicainternacion.mx,VERIFIED,85,+528199829623,2026-09-06T14:31:01.744992+00:00
"Chemicals, Polymers, Plastics & Packaging",QUIMICA INTERNACIONAL S.A.P.I. DE C.V.,quimicainternacion.mx,Eduardo Castro,Chief Executive Officer (CEO),C_SUITE,EXECUTIVE,ecastro@quimicainternacion.mx,VERIFIED,85,+528194574348,2026-09-06T14:31:01.744992+00:00
"Chemicals, Polymers, Plastics & Packaging",PLASTICOS AVANZADA S.A.S.,plasticosavanzada2.mx,Patricia Garza,Chief Human Resources Officer (CHRO),C_SUITE,HR_PEOPLE,pgarza@plasticosavanzada2.mx,VERIFIED,85,+528438021824,2026-09-06T14:31:01.744992+00:00
"Chemicals, Polymers, Plastics & Packaging",QUIMICA INDUSTRIAL S.A.S.,quimicaindustrial.mx,Miguel Martínez,Chief Revenue Officer (CRO),C_SUITE,SALES_MARKETING,mmartínez@quimicaindustrial.mx,VERIFIED,85,+529551319577,2026-09-06T14:31:01.744992+00:00
"Chemicals, Polymers, Plastics & Packaging",QUIMICA INDUSTRIAL S.A.S.,quimicaindustrial.mx,Daniel Navarro,Chief Financial Officer (CFO),C_SUITE,FINANCE,dnavarro@quimicaindustrial.mx,VERIFIED,85,+527029698320,2026-09-06T14:31:01.744992+00:00
"Chemicals, Polymers, Plastics & Packaging",QUIMICA INDUSTRIAL S.C.,quimicaindustrial3.mx,Fernando López,Chief Technology Officer (CTO),C_SUITE,ENGINEERING_IT,flópez@quimicaindustrial3.mx,VERIFIED,85,+528962535620,2026-09-06T14:31:01.744992+00:00
"Chemicals, Polymers, Plastics & Packaging",QUIMICA INDUSTRIAL S.A.S.,quimicaindustrial.com.mx,Mariana Dominguez,Chief Executive Officer (CEO),C_SUITE,EXECUTIVE,mdominguez@quimicaindustrial.com.mx,VERIFIED,85,+525363506143,2026-09-06T14:31:01.744992+00:00
"Chemicals, Polymers, Plastics & Packaging",EMPAQUES MEXICANA S.A.P.I. DE C.V.,empaquesmexicana.com.mx,Roberto Alarcón,Chief Financial Officer (CFO),C_SUITE,FINANCE,ralarcón@empaquesmexicana.com.mx,VERIFIED,85,+528232628790,2026-09-06T14:31:01.746734+00:00
"Chemicals, Polymers, Plastics & Packaging",EMPAQUES MEXICANA S.A.P.I. DE C.V.,empaquesmexicana.com.mx,Gabriel Vega,Chief Revenue Officer (CRO),C_SUITE,SALES_MARKETING,gvega@empaquesmexicana.com.mx,VERIFIED,85,+527735774079,2026-09-06T14:31:01.746734+00:00
"Chemicals, Polymers, Plastics & Packaging",EMPAQUES MEXICANA S.A. DE C.V.,empaquesmexicana.mx,Adriana Salinas,Chief Human Resources Officer (CHRO),C_SUITE,HR_PEOPLE,asalinas@empaquesmexicana.mx,VERIFIED,85,+525374322813,2026-09-06T14:31:01.746734+00:00
"Chemicals, Polymers, Plastics & Packaging",EMPAQUES MEXICANA S.A. DE C.V.,empaquesmexicana.mx,Adriana Ruiz,Chief Executive Officer (CEO),C_SUITE,EXECUTIVE,aruiz@empaquesmexicana.mx,VERIFIED,85,+524154431948,2026-09-06T14:31:01.746734+00:00
"Chemicals, Polymers, Plastics & Packaging",EMPAQUES MEXICANA S.A.P.I. DE C.V.,empaquesmexicana.com,Luis Ruiz,Chief Financial Officer (CFO),C_SUITE,FINANCE,lruiz@empaquesmexicana.com,VERIFIED,85,+528247942699,2026-09-06T14:31:01.746734+00:00
"Chemicals, Polymers, Plastics & Packaging",EMPAQUES MEXICANA S.A.P.I. DE C.V.,empaquesmexicana37.mx,Fernando Benítez,Chief Financial Officer (CFO),C_SUITE,FINANCE,fbenítez@empaquesmexicana37.mx,VERIFIED,85,+528656027855,2026-09-06T14:31:01.746734+00:00
"Chemicals, Polymers, Plastics & Packaging",EMPAQUES MEXICANA 37 S.A.B. DE C.V.,empaquesmexicana.com,Jorge Alarcón,Chief Technology Officer (CTO),C_SUITE,ENGINEERING_IT,jalarcón@empaquesmexicana.com,VERIFIED,85,+525420128927,2026-09-06T14:31:01.746734+00:00
"Chemicals, Polymers, Plastics & Packaging",EMPAQUES MEXICANA S.A.S.,empaquesmexicana.mx,Adriana Alarcón,Founder,FOUNDER,EXECUTIVE,aalarcón@empaquesmexicana.mx,VERIFIED,85,+528882253841,2026-09-06T14:31:01.746734+00:00
"Chemicals, Polymers, Plastics & Packaging",QUIMICA GLOBAL S.A. DE C.V.,quimicaglobal29.com.mx,David García,Chief Revenue Officer (CRO),C_SUITE,SALES_MARKETING,dgarcía@quimicaglobal29.com.mx,VERIFIED,85,+526977362404,2026-09-06T14:31:01.746734+00:00
"Chemicals, Polymers, Plastics & Packaging",QUIMICA GLOBAL S.A. DE C.V.,quimicaglobal29.com.mx,Sofia Castro,Chief Operating Officer (COO),C_SUITE,OPERATIONS,scastro@quimicaglobal91.com,VERIFIED,85,+528082749164,2026-09-06T14:31:01.746734+00:00
"Chemicals, Polymers, Plastics & Packaging",QUIMICA GLOBAL S.A.S.,quimicaglobal.com.mx,Daniel Navarro,Chief Executive Officer (CEO),C_SUITE,EXECUTIVE,dnavarro@quimicaglobal.com.mx,VERIFIED,85,+527158615366,2026-09-06T14:31:01.746734+00:00
"Chemicals, Polymers, Plastics & Packaging",QUIMICA GLOBAL 57 S.A.S.,quimicaglobal.com,Mariana Hernández,Chief Revenue Officer (CRO),C_SUITE,SALES_MARKETING,mhernández@quimicaglobal.com,VERIFIED,85,+524263895155,2026-09-06T14:31:01.746734+00:00
"Chemicals, Polymers, Plastics & Packaging",QUIMICA GLOBAL 24 S. DE R.L. DE C.V.,quimicaglobal.mx,Roberto Villaseñor,Chief Technology Officer (CTO),C_SUITE,ENGINEERING_IT,rvillaseñor@quimicaglobal.mx,VERIFIED,85,+524279004423,2026-09-06T14:31:01.747516+00:00
"Chemicals, Polymers, Plastics & Packaging",QUIMICA AVANZADA S.A.P.I. DE C.V.,quimicaavanzada22.mx,Guillermo Hernández,Founder,FOUNDER,EXECUTIVE,ghernández@quimicaavanzada22.mx,VERIFIED,85,+528816470445,2026-09-06T14:31:01.747516+00:00
"Chemicals, Polymers, Plastics & Packaging",QUIMICA AVANZADA S.A.B. DE C.V.,quimicaavanzada.com,Fernando Vega,Chief Revenue Officer (CRO),C_SUITE,SALES_MARKETING,fvega@quimicaavanzada.com,VERIFIED,85,+529784206271,2026-09-06T14:31:01.747516+00:00
"Chemicals, Polymers, Plastics & Packaging",QUIMICA AVANZADA S.A.B. DE C.V.,quimicaavanzada.com,Luis Ruiz,Chief Human Resources Officer (CHRO),C_SUITE,HR_PEOPLE,lruiz@quimicaavanzada.com,VERIFIED,85,+529779757276,2026-09-06T14:31:01.747516+00:00
"Chemicals, Polymers, Plastics & Packaging",EMPAQUES AVANZADA S.A. DE C.V.,empaquesavanzada.com,Eduardo Navarro,Founder,FOUNDER,EXECUTIVE,enavarro@empaquesavanzada.com,VERIFIED,85,+528163549438,2026-09-06T14:31:01.747516+00:00
"Chemicals, Polymers, Plastics & Packaging",EMPAQUES AVANZADA S.A. DE C.V.,empaquesavanzada.com,Hector García,Chief Operating Officer (COO),C_SUITE,OPERATIONS,hgarcía@empaquesavanzada20.mx,VERIFIED,85,+528791342587,2026-09-06T14:31:01.747516+00:00
"Chemicals, Polymers, Plastics & Packaging",PLASTICOS CENTRAL S.A.S.,plasticoscentral.com,Carlos Navarro,Chief Revenue Officer (CRO),C_SUITE,SALES_MARKETING,cnavarro@plasticoscentral.com,VERIFIED,85,+529646617589,2026-09-06T14:31:01.747516+00:00
"Chemicals, Polymers, Plastics & Packaging",PLASTICOS AVANZADA S.A.S.,plasticosavanzada.com,Miguel Salinas,Chief Technology Officer (CTO),C_SUITE,ENGINEERING_IT,msalinas@plasticosavanzada.com,VERIFIED,85,+527115303937,2026-09-06T14:31:01.747516+00:00
"Chemicals, Polymers, Plastics & Packaging",PLASTICOS DEL NORTE S.A.B. DE C.V.,plasticosdelnorte6.com,Miguel Mendoza,Founder,FOUNDER,EXECUTIVE,mmendoza@plasticosdelnorte6.com,VERIFIED,85,+527838393208,2026-09-06T14:31:01.747516+00:00
"Chemicals, Polymers, Plastics & Packaging",PLASTICOS DEL PACIFICO 1 S.A.P.I. DE C.V.,plasticosdelpacifi.com,Patricia López,Chief Financial Officer (CFO),C_SUITE,FINANCE,plópez@plasticosdelpacifi.com,VERIFIED,85,+525316582658,2026-09-06T14:31:01.747516+00:00
"Chemicals, Polymers, Plastics & Packaging",PLASTICOS DEL PACIFICO 1 S.A.P.I. DE C.V.,plasticosdelpacifi.com,Gabriel Garza,Chief Financial Officer (CFO),C_SUITE,FINANCE,ggarza@plasticosdelpacifi.com,VERIFIED,85,+524159103222,2026-09-06T14:31:01.747516+00:00
"Chemicals, Polymers, Plastics & Packaging",PLASTICOS DEL BAJIO S.A.S.,plasticosdelbajio.mx,Patricia Alarcón,Founder,FOUNDER,EXECUTIVE,palarcón@plasticosdelbajio.mx,VERIFIED,85,+528379787423,2026-09-06T14:31:01.747516+00:00
"Chemicals, Polymers, Plastics & Packaging",PLASTICOS DEL BAJIO S.A.B. DE C.V.,plasticosdelbajio.com.mx,David López,Chief Revenue Officer (CRO),C_SUITE,SALES_MARKETING,dlópez@plasticosdelbajio.com.mx,VERIFIED,85,+527666551113,2026-09-06T14:31:01.747516+00:00
"Chemicals, Polymers, Plastics & Packaging",PLASTICOS DEL CENTRO S.A.P.I. DE C.V.,plasticosdelcentro.com,Guillermo González,Chief Executive Officer (CEO),C_SUITE,EXECUTIVE,ggonzález@plasticosdelcentro.com,VERIFIED,85,+529974240691,2026-09-06T14:31:01.747516+00:00
"Chemicals, Polymers, Plastics & Packaging",PLASTICOS ESPECIALIZADA S.A.S.,plasticosespeciali.mx,Javier Villaseñor,Chief Executive Officer (CEO),C_SUITE,EXECUTIVE,jvillaseñor@plasticosespeciali.mx,VERIFIED,85,+525688422470,2026-09-06T14:31:01.747516+00:00
"Chemicals, Polymers, Plastics & Packaging",PLASTICOS ESPECIALIZADA S.A.S.,plasticosespeciali.mx,Guillermo Hernández,Chief Technology Officer (CTO),C_SUITE,ENGINEERING_IT,ghernández@plasticosespeciali.mx,VERIFIED,85,+529532468844,2026-09-06T14:31:01.747516+00:00
"Chemicals, Polymers, Plastics & Packaging",PLASTICOS ESPECIALIZADA S.A.S.,plasticosespeciali.mx,Alejandro Garza,Chief Operating Officer (COO),C_SUITE,OPERATIONS,agarza@plasticosespeciali.mx,VERIFIED,85,+526365630898,2026-09-06T14:31:01.747516+00:00
"Chemicals, Polymers, Plastics & Packaging",QUIMICA INDUSTRIAL S.A.S.,quimicaindustrial5.com,Javier Valenzuela,Founder,FOUNDER,EXECUTIVE,jvalenzuela@quimicaindustrial5.com,VERIFIED,85,+526882921072,2026-09-06T14:31:01.747516+00:00
"Chemicals, Polymers, Plastics & Packaging",QUIMICA INDUSTRIAL S.A.P.I. DE C.V.,quimicaindustrial.com,Jorge Valenzuela,Chief Technology Officer (CTO),C_SUITE,ENGINEERING_IT,jvalenzuela@quimicaindustrial.com,VERIFIED,85,+525030262301,2026-09-06T14:31:01.747516+00:00
"Chemicals, Polymers, Plastics & Packaging",QUIMICA INDUSTRIAL S.A.P.I. DE C.V.,quimicaindustrial.com,Alejandro Hernández,Chief Human Resources Officer (CHRO),C_SUITE,HR_PEOPLE,ahernández@quimicaindustrial.com,VERIFIED,85,+524166016527,2026-09-06T14:31:01.747516+00:00
"Chemicals, Polymers, Plastics & Packaging",QUIMICA INDUSTRIAL S.A. DE C.V.,quimicaindustrial.mx,Guillermo Valenzuela,Chief Financial Officer (CFO),C_SUITE,FINANCE,gvalenzuela@quimicaindustrial.mx,VERIFIED,85,+526379691380,2026-09-06T14:31:01.747516+00:00
"Chemicals, Polymers, Plastics & Packaging",PLASTICOS DEL CENTRO S.A.S.,plasticosdelcentro.mx,Rodrigo Castro,Chief Revenue Officer (CRO),C_SUITE,SALES_MARKETING,rcastro@plasticosdelcentro.mx,VERIFIED,85,+524058111931,2026-09-06T14:31:01.747516+00:00
"Chemicals, Polymers, Plastics & Packaging",PLASTICOS DEL CENTRO S.A.S.,plasticosdelcentro.mx,Hector Villaseñor,Chief Human Resources Officer (CHRO),C_SUITE,HR_PEOPLE,hvillaseñor@plasticosdelcentro.mx,VERIFIED,85,+527732958821,2026-09-06T14:31:01.747516+00:00
"Chemicals, Polymers, Plastics & Packaging",PLASTICOS DEL CENTRO S.A.S.,plasticosdelcentro.mx,Sofia Garza,Chief Human Resources Officer (CHRO),C_SUITE,HR_PEOPLE,sgarza@plasticosdelcentro.mx,VERIFIED,85,+526634221400,2026-09-06T14:31:01.747516+00:00
"Chemicals, Polymers, Plastics & Packaging",PLASTICOS DEL CENTRO S. DE R.L. DE C.V.,plasticosdelcentro.com.mx,Claudia Salinas,Chief Financial Officer (CFO),C_SUITE,FINANCE,csalinas@plasticosdelcentro.com.mx,VERIFIED,85,+525187459070,2026-09-06T14:31:01.747516+00:00
"Chemicals, Polymers, Plastics & Packaging",PLASTICOS DEL BAJIO S.A.P.I. DE C.V.,plasticosdelbajio9.com.mx,Miguel Morales,Chief Financial Officer (CFO),C_SUITE,FINANCE,mmorales@plasticosdelbajio9.com.mx,VERIFIED,85,+528864424391,2026-09-06T14:31:01.747516+00:00
"Chemicals, Polymers, Plastics & Packaging",PLASTICOS DEL NORTE 42 S. DE R.L. DE C.V.,plasticosdelnorte.mx,Daniel García,Chief Technology Officer (CTO),C_SUITE,ENGINEERING_IT,dgarcía@plasticosdelnorte.mx,VERIFIED,85,+526314643602,2026-09-06T14:31:01.747516+00:00
"Chemicals, Polymers, Plastics & Packaging",PLASTICOS DEL PACIFICO S.A.S.,plasticosdelpacifi.mx,Miguel Treviño,Chief Human Resources Officer (CHRO),C_SUITE,HR_PEOPLE,mtreviño@plasticosdelpacifi.mx,VERIFIED,85,+528881155158,2026-09-06T14:31:01.747516+00:00
"Chemicals, Polymers, Plastics & Packaging",PLASTICOS DEL PACIFICO S.A.S.,plasticosdelpacifi.mx,Eduardo Benítez,Chief Executive Officer (CEO),C_SUITE,EXECUTIVE,ebenítez@plasticosdelpacifi.mx,VERIFIED,85,+524437524370,2026-09-06T14:31:01.747516+00:00
"Chemicals, Polymers, Plastics & Packaging",PLASTICOS DEL PACIFICO S.A.S.,plasticosdelpacifi.mx,Hector Dominguez,Chief Executive Officer (CEO),C_SUITE,EXECUTIVE,hdominguez@plasticosdelpacifi.mx,VERIFIED,85,+527733776526,2026-09-06T14:31:01.747516+00:00
"Chemicals, Polymers, Plastics & Packaging",PLASTICOS DEL BAJIO S.C.,plasticosdelbajio.com,Alejandro Benítez,Chief Revenue Officer (CRO),C_SUITE,SALES_MARKETING,abenítez@plasticosdelbajio.com,VERIFIED,85,+525983067869,2026-09-06T14:31:01.747516+00:00
"Chemicals, Polymers, Plastics & Packaging",PLASTICOS DEL BAJIO S.C.,plasticosdelbajio.com,Adriana Mendoza,Chief Technology Officer (CTO),C_SUITE,ENGINEERING_IT,amendoza@plasticosdelbajio.com,VERIFIED,85,+524988999518,2026-09-06T14:31:01.747516+00:00
"Chemicals, Polymers, Plastics & Packaging",PLASTICOS DEL NORTE S.A.B. DE C.V.,plasticosdelnorte1.com,Guillermo Villaseñor,Chief Executive Officer (CEO),C_SUITE,EXECUTIVE,gvillaseñor@plasticosdelnorte1.com,VERIFIED,85,+525952814314,2026-09-06T14:31:01.747516+00:00
"Chemicals, Polymers, Plastics & Packaging",PLASTICOS CENTRAL S.A.P.I. DE C.V.,plasticoscentral72.com.mx,Claudia Ruiz,Chief Financial Officer (CFO),C_SUITE,FINANCE,cruiz@plasticoscentral72.com.mx,VERIFIED,85,+525551362210,2026-09-06T14:31:01.747516+00:00
"Chemicals, Polymers, Plastics & Packaging",EMPAQUES NACIONAL S.A.S.,empaquesnacional.mx,Fernando Hernández,Chief Executive Officer (CEO),C_SUITE,EXECUTIVE,fhernández@empaquesnacional.mx,VERIFIED,85,+528131211854,2026-09-06T14:31:01.747516+00:00
"Chemicals, Polymers, Plastics & Packaging",PLASTICOS INDUSTRIAL S.A.S.,plasticosindustria.mx,David Ruiz,Chief Operating Officer (COO),C_SUITE,OPERATIONS,druiz@plasticosindustria.mx,VERIFIED,85,+524934404049,2026-09-06T14:31:01.747516+00:00
"Chemicals, Polymers, Plastics & Packaging",PLASTICOS INDUSTRIAL S.C.,plasticosindustria.com,Daniel Morales,Chief Human Resources Officer (CHRO),C_SUITE,HR_PEOPLE,dmorales@plasticosindustria.com,VERIFIED,85,+524162816621,2026-09-06T14:31:01.747516+00:00
"Chemicals, Polymers, Plastics & Packaging",PLASTICOS CENTRAL S. DE R.L. DE C.V.,plasticoscentral92.mx,David Ruiz,Chief Operating Officer (COO),C_SUITE,OPERATIONS,druiz@plasticoscentral92.mx,VERIFIED,85,+527717842968,2026-09-06T14:31:01.747516+00:00
"Chemicals, Polymers, Plastics & Packaging",PLASTICOS CENTRAL S.C.,plasticoscentral.com.mx,Luis García,Chief Executive Officer (CEO),C_SUITE,EXECUTIVE,lgarcía@plasticoscentral.com.mx,VERIFIED,85,+528111828800,2026-09-06T14:31:01.747516+00:00
"Chemicals, Polymers, Plastics & Packaging",PLASTICOS CENTRAL S.C.,plasticoscentral.com.mx,Sofia García,Chief Financial Officer (CFO),C_SUITE,FINANCE,sgarcía@plasticoscentral.com.mx,VERIFIED,85,+524639406570,2026-09-06T14:31:01.747516+00:00
"Chemicals, Polymers, Plastics & Packaging",QUIMICA ESPECIALIZADA S.C.,quimicaespecializa.com.mx,Rodrigo Hernández,Chief Technology Officer (CTO),C_SUITE,ENGINEERING_IT,rhernández@quimicaespecializa.com.mx,VERIFIED,85,+529548068949,2026-09-06T14:31:01.747516+00:00
"Chemicals, Polymers, Plastics & Packaging",QUIMICA ESPECIALIZADA S.C.,quimicaespecializa.com.mx,Guillermo Garza,Chief Revenue Officer (CRO),C_SUITE,SALES_MARKETING,ggarza@quimicaespecializa.mx,VERIFIED,85,+527587671661,2026-09-06T14:31:01.747516+00:00
"Chemicals, Polymers, Plastics & Packaging",PLASTICOS NACIONAL S.A. DE C.V.,plasticosnacional.com,Patricia Hernández,Chief Operating Officer (COO),C_SUITE,OPERATIONS,phernández@plasticosnacional.com,VERIFIED,85,+528565570147,2026-09-06T14:31:01.747516+00:00
"Chemicals, Polymers, Plastics & Packaging",PLASTICOS NACIONAL S.A.S.,plasticosnacional.mx,Hector Garza,Chief Executive Officer (CEO),C_SUITE,EXECUTIVE,hgarza@plasticosnacional.mx,VERIFIED,85,+528395049893,2026-09-06T14:31:01.747516+00:00
"Chemicals, Polymers, Plastics & Packaging",PLASTICOS NACIONAL S.A. DE C.V.,plasticosnacional1.com.mx,Andrea Valenzuela,Founder,FOUNDER,EXECUTIVE,avalenzuela@plasticosnacional1.com.mx,VERIFIED,85,+529033880582,2026-09-06T14:31:01.747516+00:00
"Chemicals, Polymers, Plastics & Packaging",PLASTICOS NACIONAL S.C.,plasticosnacional6.com,Luis Dominguez,Chief Executive Officer (CEO),C_SUITE,EXECUTIVE,ldominguez@plasticosnacional6.com,VERIFIED,85,+526469512666,2026-09-06T14:31:01.747516+00:00
"Chemicals, Polymers, Plastics & Packaging",PLASTICOS EMPRESARIAL S.C.,plasticosempresari.com.mx,Rodrigo Castro,Chief Human Resources Officer (CHRO),C_SUITE,HR_PEOPLE,rcastro@plasticosempresari.com.mx,VERIFIED,85,+524317619937,2026-09-06T14:31:01.747516+00:00
"Chemicals, Polymers, Plastics & Packaging",PLASTICOS EMPRESARIAL S.A. DE C.V.,plasticosempresari.com,Patricia Dominguez,Chief Human Resources Officer (CHRO),C_SUITE,HR_PEOPLE,pdominguez@plasticosempresari.com,VERIFIED,85,+525566256530,2026-09-06T14:31:01.747516+00:00
"Chemicals, Polymers, Plastics & Packaging",PLASTICOS EMPRESARIAL S.A. DE C.V.,plasticosempresari.com,Rodrigo Benítez,Chief Revenue Officer (CRO),C_SUITE,SALES_MARKETING,rbenítez@plasticosempresari.com,VERIFIED,85,+527926073846,2026-09-06T14:31:01.747516+00:00
"Chemicals, Polymers, Plastics & Packaging",QUIMICA GLOBAL S.A.P.I. DE C.V.,quimicaglobal98.mx,Andrea Ruiz,Founder,FOUNDER,EXECUTIVE,aruiz@quimicaglobal98.mx,VERIFIED,85,+523356614731,2026-09-06T14:31:01.747516+00:00
"Chemicals, Polymers, Plastics & Packaging",QUIMICA GLOBAL S.A.B. DE C.V.,quimicaglobal.com,Gabriel Villaseñor,Chief Executive Officer (CEO),C_SUITE,EXECUTIVE,gvillaseñor@quimicaglobal.com,VERIFIED,85,+523383099744,2026-09-06T14:31:01.747516+00:00
"Chemicals, Polymers, Plastics & Packaging",PLASTICOS INDUSTRIAL S. DE R.L. DE C.V.,plasticosindustria.mx,Guillermo Benítez,Chief Human Resources Officer (CHRO),C_SUITE,HR_PEOPLE,gbenítez@plasticosindustria.mx,VERIFIED,85,+526322294378,2026-09-06T14:31:01.747516+00:00
"Chemicals, Polymers, Plastics & Packaging",PLASTICOS INDUSTRIAL S. DE R.L. DE C.V.,plasticosindustria.mx,Sofia Ruiz,Chief Financial Officer (CFO),C_SUITE,FINANCE,sruiz@plasticosindustria.mx,VERIFIED,85,+527948051708,2026-09-06T14:31:01.747516+00:00
"Chemicals, Polymers, Plastics & Packaging",PLASTICOS INDUSTRIAL S.A.S.,plasticosindustria.com,Fernando Salinas,Chief Financial Officer (CFO),C_SUITE,FINANCE,fsalinas@plasticosindustria.com,VERIFIED,85,+525716310508,2026-09-06T14:31:01.747516+00:00
"Chemicals, Polymers, Plastics & Packaging",EMPAQUES MODERNA S. DE R.L. DE C.V.,empaquesmoderna47.mx,Mariana Dominguez,Chief Financial Officer (CFO),C_SUITE,FINANCE,mdominguez@empaquesmoderna47.mx,VERIFIED,85,+526070123149,2026-09-06T14:31:01.747516+00:00
"Chemicals, Polymers, Plastics & Packaging",EMPAQUES MODERNA 45 S.C.,empaquesmoderna12.com.mx,Gabriel Castro,Chief Executive Officer (CEO),C_SUITE,EXECUTIVE,gcastro@empaquesmoderna12.com.mx,VERIFIED,85,+527473336143,2026-09-06T14:31:01.747516+00:00
"Chemicals, Polymers, Plastics & Packaging",EMPAQUES MODERNA S. DE R.L. DE C.V.,empaquesmoderna.com,Carlos Salinas,Chief Financial Officer (CFO),C_SUITE,FINANCE,csalinas@empaquesmoderna.com,VERIFIED,85,+528921621238,2026-09-06T14:31:01.747516+00:00
"Chemicals, Polymers, Plastics & Packaging",EMPAQUES MODERNA S. DE R.L. DE C.V.,empaquesmoderna.com.mx,Andrea González,Chief Financial Officer (CFO),C_SUITE,FINANCE,agonzález@empaquesmoderna.com.mx,VERIFIED,85,+526733579872,2026-09-06T14:31:01.747516+00:00
"Chemicals, Polymers, Plastics & Packaging",EMPAQUES MODERNA S. DE R.L. DE C.V.,empaquesmoderna.com.mx,Miguel Navarro,Chief Technology Officer (CTO),C_SUITE,ENGINEERING_IT,mnavarro@empaquesmoderna8.mx,VERIFIED,85,+528338247882,2026-09-06T14:31:01.747516+00:00
"Chemicals, Polymers, Plastics & Packaging",EMPAQUES INTEGRAL S.A.P.I. DE C.V.,empaquesintegral.com.mx,Claudia Mendoza,Chief Financial Officer (CFO),C_SUITE,FINANCE,cmendoza@empaquesintegral.com.mx,VERIFIED,85,+526369620881,2026-09-06T14:31:01.747516+00:00
"Chemicals, Polymers, Plastics & Packaging",PLASTICOS DINAMICA S.C.,plasticosdinamica6.com.mx,Alejandro Alarcón,Founder,FOUNDER,EXECUTIVE,aalarcón@plasticosdinamica6.com.mx,VERIFIED,85,+525589743990,2026-09-06T14:31:01.747516+00:00
"Chemicals, Polymers, Plastics & Packaging",PLASTICOS DINAMICA S.A. DE C.V.,plasticosdinamica.com.mx,Guillermo Alarcón,Chief Executive Officer (CEO),C_SUITE,EXECUTIVE,galarcón@plasticosdinamica.com.mx,VERIFIED,85,+525560003898,2026-09-06T14:31:01.747516+00:00
"Chemicals, Polymers, Plastics & Packaging",PLASTICOS DINAMICA 14 S.A.B. DE C.V.,plasticosdinamica.mx,Claudia Martínez,Chief Operating Officer (COO),C_SUITE,OPERATIONS,cmartínez@plasticosdinamica.mx,VERIFIED,85,+525553800490,2026-09-06T14:31:01.747516+00:00
"Chemicals, Polymers, Plastics & Packaging",PLASTICOS CENTRAL S. DE R.L. DE C.V.,plasticoscentral.mx,Eduardo López,Chief Technology Officer (CTO),C_SUITE,ENGINEERING_IT,elópez@plasticoscentral.mx,VERIFIED,85,+527468502186,2026-09-06T14:31:01.747516+00:00
"Chemicals, Polymers, Plastics & Packaging",EMPAQUES DINAMICA S.A. DE C.V.,empaquesdinamica.com,Patricia García,Chief Executive Officer (CEO),C_SUITE,EXECUTIVE,pgarcía@empaquesdinamica.com,VERIFIED,85,+527145935229,2026-09-06T14:31:01.747516+00:00
"Chemicals, Polymers, Plastics & Packaging",EMPAQUES DINAMICA S.A. DE C.V.,empaquesdinamica.com,Guillermo Vega,Chief Human Resources Officer (CHRO),C_SUITE,HR_PEOPLE,gvega@empaquesdinamica1.mx,VERIFIED,85,+529645463222,2026-09-06T14:31:01.747516+00:00
"Chemicals, Polymers, Plastics & Packaging",EMPAQUES MODERNA S.A.P.I. DE C.V.,empaquesmoderna.mx,Hector Treviño,Chief Financial Officer (CFO),C_SUITE,FINANCE,htreviño@empaquesmoderna.mx,VERIFIED,85,+523361550866,2026-09-06T14:31:01.747516+00:00
"Chemicals, Polymers, Plastics & Packaging",EMPAQUES MODERNA S.A.B. DE C.V.,empaquesmoderna88.mx,Daniel Garza,Chief Financial Officer (CFO),C_SUITE,FINANCE,dgarza@empaquesmoderna88.mx,VERIFIED,85,+523398051083,2026-09-06T14:31:01.747516+00:00
"Chemicals, Polymers, Plastics & Packaging",QUIMICA INTEGRAL S.A.P.I. DE C.V.,quimicaintegral.com.mx,Luis Ruiz,Chief Revenue Officer (CRO),C_SUITE,SALES_MARKETING,lruiz@quimicaintegral.com.mx,VERIFIED,85,+525562783436,2026-09-06T14:31:01.747516+00:00
"Chemicals, Polymers, Plastics & Packaging",QUIMICA INTEGRAL S.A.P.I. DE C.V.,quimicaintegral.com.mx,Adriana Hernández,Chief Revenue Officer (CRO),C_SUITE,SALES_MARKETING,ahernández@quimicaintegral.com.mx,VERIFIED,85,+525589954260,2026-09-06T14:31:01.747516+00:00
"Chemicals, Polymers, Plastics & Packaging",QUIMICA INTEGRAL S.A.P.I. DE C.V.,quimicaintegral.com.mx,Miguel Castro,Chief Executive Officer (CEO),C_SUITE,EXECUTIVE,mcastro@quimicaintegral.com.mx,VERIFIED,85,+525551568634,2026-09-06T14:31:01.747516+00:00
"Chemicals, Polymers, Plastics & Packaging",QUIMICA INTEGRAL S.A.P.I. DE C.V.,quimicaintegral.com.mx,Javier Castro,Founder,FOUNDER,EXECUTIVE,jcastro@quimicaintegral64.mx,VERIFIED,85,+525559721952,2026-09-06T14:31:01.747516+00:00
"Chemicals, Polymers, Plastics & Packaging",QUIMICA INTEGRAL S. DE R.L. DE C.V.,quimicaintegral.mx,Roberto González,Chief Financial Officer (CFO),C_SUITE,FINANCE,rgonzález@quimicaintegral.mx,VERIFIED,85,+525519392458,2026-09-06T14:31:01.747516+00:00
"Chemicals, Polymers, Plastics & Packaging",QUIMICA INTEGRAL S. DE R.L. DE C.V.,quimicaintegral.com,David García,Chief Technology Officer (CTO),C_SUITE,ENGINEERING_IT,dgarcía@quimicaintegral.com,VERIFIED,85,+525572571286,2026-09-06T14:31:01.747516+00:00
"Chemicals, Polymers, Plastics & Packaging",EMPAQUES INTEGRAL S.A.B. DE C.V.,empaquesintegral.mx,Javier Villaseñor,Chief Revenue Officer (CRO),C_SUITE,SALES_MARKETING,jvillaseñor@empaquesintegral.mx,VERIFIED,85,+527098379424,2026-09-06T14:31:01.747516+00:00
"Chemicals, Polymers, Plastics & Packaging",EMPAQUES INTEGRAL S.A.B. DE C.V.,empaquesintegral.mx,Mariana Navarro,Chief Operating Officer (COO),C_SUITE,OPERATIONS,mnavarro@empaquesintegral.mx,VERIFIED,85,+526275485360,2026-09-06T14:31:01.747516+00:00
"Chemicals, Polymers, Plastics & Packaging",EMPAQUES INTEGRAL S.C.,empaquesintegral.com,Gabriel Vega,Chief Human Resources Officer (CHRO),C_SUITE,HR_PEOPLE,gvega@empaquesintegral.com,VERIFIED,85,+527247451096,2026-09-06T14:31:01.747516+00:00
"Chemicals, Polymers, Plastics & Packaging",PLASTICOS INTEGRAL S.A.S.,plasticosintegral2.mx,David Garza,Chief Human Resources Officer (CHRO),C_SUITE,HR_PEOPLE,dgarza@plasticosintegral2.mx,VERIFIED,85,+526818832256,2026-09-06T14:31:01.747516+00:00
"Chemicals, Polymers, Plastics & Packaging",PLASTICOS INTEGRAL S.A.S.,plasticosintegral2.mx,Luis Vega,Chief Executive Officer (CEO),C_SUITE,EXECUTIVE,lvega@plasticosintegral.com.mx,VERIFIED,85,+525110550386,2026-09-06T14:31:01.747516+00:00
"Chemicals, Polymers, Plastics & Packaging",PLASTICOS INTEGRAL S.C.,plasticosintegral3.com.mx,Alejandro González,Chief Revenue Officer (CRO),C_SUITE,SALES_MARKETING,agonzález@plasticosintegral3.com.mx,VERIFIED,85,+527870041113,2026-09-06T14:31:01.747516+00:00
"Chemicals, Polymers, Plastics & Packaging",PLASTICOS INTEGRAL S.A.B. DE C.V.,plasticosintegral.com.mx,Sofia López,Chief Executive Officer (CEO),C_SUITE,EXECUTIVE,slópez@plasticosintegral.com.mx,VERIFIED,85,+524354963286,2026-09-06T14:31:01.747516+00:00
"Chemicals, Polymers, Plastics & Packaging",PLASTICOS INTEGRAL S.A.B. DE C.V.,plasticosintegral.com.mx,Eduardo Ruiz,Chief Revenue Officer (CRO),C_SUITE,SALES_MARKETING,eruiz@plasticosintegral.com,VERIFIED,85,+529375935795,2026-09-06T14:31:01.747516+00:00
"Chemicals, Polymers, Plastics & Packaging",PLASTICOS INTEGRAL S.A.B. DE C.V.,plasticosintegral.com.mx,Hector Alarcón,Founder,FOUNDER,EXECUTIVE,halarcón@plasticosintegral.mx,VERIFIED,85,+526565372478,2026-09-06T14:31:01.747516+00:00
"Chemicals, Polymers, Plastics & Packaging",PLASTICOS INTEGRAL S.A.S.,plasticosintegral.mx,Fernando Ruiz,Chief Technology Officer (CTO),C_SUITE,ENGINEERING_IT,fruiz@plasticosintegral.mx,VERIFIED,85,+527452524414,2026-09-06T14:31:01.747516+00:00
"Chemicals, Polymers, Plastics & Packaging",EMPAQUES MEXICANA S.A.B. DE C.V.,empaquesmexicana.com,Adriana Navarro,Chief Revenue Officer (CRO),C_SUITE,SALES_MARKETING,anavarro@empaquesmexicana.com,VERIFIED,85,+523385644922,2026-09-06T14:31:01.760926+00:00
"Chemicals, Polymers, Plastics & Packaging",EMPAQUES MEXICANA S.A.P.I. DE C.V.,empaquesmexicana74.com,Claudia García,Chief Executive Officer (CEO),C_SUITE,EXECUTIVE,cgarcía@empaquesmexicana74.com,VERIFIED,85,+523373339643,2026-09-06T14:31:01.760926+00:00
"Chemicals, Polymers, Plastics & Packaging",EMPAQUES MEXICANA 56 S.A. DE C.V.,empaquesmexicana.mx,Roberto Dominguez,Chief Human Resources Officer (CHRO),C_SUITE,HR_PEOPLE,rdominguez@empaquesmexicana.mx,VERIFIED,85,+523352762166,2026-09-06T14:31:01.760926+00:00
"Chemicals, Polymers, Plastics & Packaging",EMPAQUES MEXICANA 56 S.A. DE C.V.,empaquesmexicana.mx,Luis Ruiz,Chief Technology Officer (CTO),C_SUITE,ENGINEERING_IT,lruiz@empaquesmexicana.mx,VERIFIED,85,+523359432053,2026-09-06T14:31:01.760926+00:00
"Chemicals, Polymers, Plastics & Packaging",QUIMICA ESPECIALIZADA S. DE R.L. DE C.V.,quimicaespecializa.com.mx,Miguel Garza,Chief Executive Officer (CEO),C_SUITE,EXECUTIVE,mgarza@quimicaespecializa.com.mx,VERIFIED,85,+527574824644,2026-09-06T14:31:01.760926+00:00
"Chemicals, Polymers, Plastics & Packaging",QUIMICA ESPECIALIZADA S. DE R.L. DE C.V.,quimicaespecializa.com.mx,Roberto Martínez,Chief Executive Officer (CEO),C_SUITE,EXECUTIVE,rmartínez@quimicaespecializa.mx,VERIFIED,85,+527782004244,2026-09-06T14:31:01.760926+00:00
"Chemicals, Polymers, Plastics & Packaging",QUIMICA ESPECIALIZADA S.C.,quimicaespecializa.com,Javier Morales,Chief Executive Officer (CEO),C_SUITE,EXECUTIVE,jmorales@quimicaespecializa.com,VERIFIED,85,+528428651370,2026-09-06T14:31:01.760926+00:00
"Chemicals, Polymers, Plastics & Packaging",QUIMICA ESPECIALIZADA S.C.,quimicaespecializa.com,Miguel Dominguez,Chief Operating Officer (COO),C_SUITE,OPERATIONS,mdominguez@quimicaespecializa.com,VERIFIED,85,+526335350202,2026-09-06T14:31:01.760926+00:00
"Chemicals, Polymers, Plastics & Packaging",QUIMICA DE LAS AMERICAS S.A.P.I. DE C.V.,quimicadelasameric.com.mx,Rodrigo Treviño,Chief Revenue Officer (CRO),C_SUITE,SALES_MARKETING,rtreviño@quimicadelasameric.com.mx,VERIFIED,85,+523347608224,2026-09-06T14:31:01.760926+00:00
"Chemicals, Polymers, Plastics & Packaging",QUIMICA DE LAS AMERICAS S.A.P.I. DE C.V.,quimicadelasameric.mx,Patricia López,Chief Operating Officer (COO),C_SUITE,OPERATIONS,plópez@quimicadelasameric.mx,VERIFIED,85,+523347548517,2026-09-06T14:31:01.760926+00:00
"Chemicals, Polymers, Plastics & Packaging",QUIMICA DE OCCIDENTE 29 S.A. DE C.V.,quimicadeoccidente.com,Daniel Martínez,Chief Financial Officer (CFO),C_SUITE,FINANCE,dmartínez@quimicadeoccidente.com,VERIFIED,85,+523345469395,2026-09-06T14:31:01.760926+00:00
"Chemicals, Polymers, Plastics & Packaging",QUIMICA DE OCCIDENTE S. DE R.L. DE C.V.,quimicadeoccidente.mx,Patricia Alarcón,Chief Operating Officer (COO),C_SUITE,OPERATIONS,palarcón@quimicadeoccidente.mx,VERIFIED,85,+523352427071,2026-09-06T14:31:01.760926+00:00
"Chemicals, Polymers, Plastics & Packaging",QUIMICA DE OCCIDENTE S.A.S.,quimicadeoccidente.com.mx,Mariana Treviño,Chief Operating Officer (COO),C_SUITE,OPERATIONS,mtreviño@quimicadeoccidente.com.mx,VERIFIED,85,+523348538470,2026-09-06T14:31:01.760926+00:00
"Chemicals, Polymers, Plastics & Packaging",PLASTICOS ESPECIALIZADA S.A. DE C.V.,plasticosespeciali.com,Carlos Alarcón,Chief Executive Officer (CEO),C_SUITE,EXECUTIVE,calarcón@plasticosespeciali.com,VERIFIED,85,+526878211382,2026-09-06T14:31:01.760926+00:00
"Chemicals, Polymers, Plastics & Packaging",PLASTICOS ESPECIALIZADA S.A. DE C.V.,plasticosespeciali.com,Guillermo González,Chief Financial Officer (CFO),C_SUITE,FINANCE,ggonzález@plasticosespeciali.com,VERIFIED,85,+528416915344,2026-09-06T14:31:01.760926+00:00
"Chemicals, Polymers, Plastics & Packaging",PLASTICOS ESPECIALIZADA S.A. DE C.V.,plasticosespeciali.com,Guillermo Dominguez,Chief Executive Officer (CEO),C_SUITE,EXECUTIVE,gdominguez@plasticosespeciali.com,VERIFIED,85,+527731060409,2026-09-06T14:31:01.760926+00:00
"Chemicals, Polymers, Plastics & Packaging",PLASTICOS ESPECIALIZADA S.A. DE C.V.,plasticosespeciali.com,Javier Martínez,Chief Technology Officer (CTO),C_SUITE,ENGINEERING_IT,jmartínez@plasticosespeciali.com,VERIFIED,85,+527773649407,2026-09-06T14:31:01.760926+00:00
"Chemicals, Polymers, Plastics & Packaging",EMPAQUES INTEGRAL S.A.B. DE C.V.,empaquesintegral19.com,Claudia Salinas,Chief Operating Officer (COO),C_SUITE,OPERATIONS,csalinas@empaquesintegral19.com,VERIFIED,85,+525152017877,2026-09-06T14:31:01.760926+00:00
"Chemicals, Polymers, Plastics & Packaging",EMPAQUES INTEGRAL S.A.B. DE C.V.,empaquesintegral19.com,David Mendoza,Founder,FOUNDER,EXECUTIVE,dmendoza@empaquesintegral85.mx,VERIFIED,85,+524469016637,2026-09-06T14:31:01.760926+00:00
"Chemicals, Polymers, Plastics & Packaging",EMPAQUES INTEGRAL S. DE R.L. DE C.V.,empaquesintegral.com.mx,Fernando Castro,Chief Revenue Officer (CRO),C_SUITE,SALES_MARKETING,fcastro@empaquesintegral.com.mx,VERIFIED,85,+524998477508,2026-09-06T14:31:01.760926+00:00
"Chemicals, Polymers, Plastics & Packaging",EMPAQUES INTEGRAL 33 S.C.,empaquesintegral.mx,Adriana Navarro,Chief Revenue Officer (CRO),C_SUITE,SALES_MARKETING,anavarro@empaquesintegral.mx,VERIFIED,85,+526656327730,2026-09-06T14:31:01.760926+00:00
"Chemicals, Polymers, Plastics & Packaging",PLASTICOS INTEGRAL S.A. DE C.V.,plasticosintegral.mx,Guillermo García,Chief Executive Officer (CEO),C_SUITE,EXECUTIVE,ggarcía@plasticosintegral.mx,VERIFIED,85,+528456483333,2026-09-06T14:31:01.760926+00:00
"Chemicals, Polymers, Plastics & Packaging",PLASTICOS INTEGRAL S.A. DE C.V.,plasticosintegral.mx,Javier Villaseñor,Chief Executive Officer (CEO),C_SUITE,EXECUTIVE,jvillaseñor@plasticosintegral.mx,VERIFIED,85,+528653003925,2026-09-06T14:31:01.760926+00:00
"Chemicals, Polymers, Plastics & Packaging",PLASTICOS INTEGRAL S.A. DE C.V.,plasticosintegral.mx,David González,Chief Revenue Officer (CRO),C_SUITE,SALES_MARKETING,dgonzález@plasticosintegral.mx,VERIFIED,85,+528195526729,2026-09-06T14:31:01.760926+00:00
"Chemicals, Polymers, Plastics & Packaging",PLASTICOS INTEGRAL S. DE R.L. DE C.V.,plasticosintegral.com,Hector Mendoza,Chief Human Resources Officer (CHRO),C_SUITE,HR_PEOPLE,hmendoza@plasticosintegral.com,VERIFIED,85,+525134087256,2026-09-06T14:31:01.760926+00:00
"Chemicals, Polymers, Plastics & Packaging",PLASTICOS INTEGRAL S. DE R.L. DE C.V.,plasticosintegral7.com.mx,Eduardo Vega,Chief Operating Officer (COO),C_SUITE,OPERATIONS,evega@plasticosintegral7.com.mx,VERIFIED,85,+524616054791,2026-09-06T14:31:01.760926+00:00
"Chemicals, Polymers, Plastics & Packaging",PLASTICOS MEXICANA 15 S.A.P.I. DE C.V.,plasticosmexicana.com,Miguel Mendoza,Chief Human Resources Officer (CHRO),C_SUITE,HR_PEOPLE,mmendoza@plasticosmexicana.com,VERIFIED,85,+528068410120,2026-09-06T14:31:01.760926+00:00
"Chemicals, Polymers, Plastics & Packaging",PLASTICOS MEXICANA S.A.S.,plasticosmexicana.mx,Alejandro Salinas,Chief Financial Officer (CFO),C_SUITE,FINANCE,asalinas@plasticosmexicana.mx,VERIFIED,85,+525267603748,2026-09-06T14:31:01.760926+00:00
"Chemicals, Polymers, Plastics & Packaging",QUIMICA AVANZADA S.C.,quimicaavanzada.com,Sofia García,Founder,FOUNDER,EXECUTIVE,sgarcía@quimicaavanzada.com,VERIFIED,85,+528146250175,2026-09-06T14:31:01.760926+00:00
"Chemicals, Polymers, Plastics & Packaging",PLASTICOS LATINOAMERICANA 36 S.A.S.,plasticoslatinoame.mx,Roberto Mendoza,Chief Executive Officer (CEO),C_SUITE,EXECUTIVE,rmendoza@plasticoslatinoame.mx,VERIFIED,85,+524220026409,2026-09-06T14:31:01.760926+00:00
"Chemicals, Polymers, Plastics & Packaging",QUIMICA INDUSTRIAL 53 S. DE R.L. DE C.V.,quimicaindustrial.com,Adriana González,Chief Executive Officer (CEO),C_SUITE,EXECUTIVE,agonzález@quimicaindustrial.com,VERIFIED,85,+525594300593,2026-09-06T14:31:01.760926+00:00
"Chemicals, Polymers, Plastics & Packaging",QUIMICA INDUSTRIAL S.A.S.,quimicaindustrial.com.mx,Alejandro Alarcón,Chief Executive Officer (CEO),C_SUITE,EXECUTIVE,aalarcón@quimicaindustrial.com.mx,VERIFIED,85,+525586328612,2026-09-06T14:31:01.760926+00:00
"Chemicals, Polymers, Plastics & Packaging",QUIMICA INDUSTRIAL S.A.S.,quimicaindustrial2.com.mx,Miguel Ruiz,Founder,FOUNDER,EXECUTIVE,mruiz@quimicaindustrial2.com.mx,VERIFIED,85,+525560401008,2026-09-06T14:31:01.760926+00:00
"Chemicals, Polymers, Plastics & Packaging",QUIMICA INDUSTRIAL S.A.B. DE C.V.,quimicaindustrial8.com,Rodrigo Navarro,Chief Technology Officer (CTO),C_SUITE,ENGINEERING_IT,rnavarro@quimicaindustrial8.com,VERIFIED,85,+525512419962,2026-09-06T14:31:01.760926+00:00
"Chemicals, Polymers, Plastics & Packaging",PLASTICOS DINAMICA S.A.B. DE C.V.,plasticosdinamica6.mx,Roberto Mendoza,Chief Technology Officer (CTO),C_SUITE,ENGINEERING_IT,rmendoza@plasticosdinamica6.mx,VERIFIED,85,+524115025766,2026-09-06T14:31:01.760926+00:00
"Chemicals, Polymers, Plastics & Packaging",PLASTICOS DINAMICA S.A.P.I. DE C.V.,plasticosdinamica.com,Miguel Mendoza,Chief Technology Officer (CTO),C_SUITE,ENGINEERING_IT,mmendoza@plasticosdinamica.com,VERIFIED,85,+528475976452,2026-09-06T14:31:01.760926+00:00
"Chemicals, Polymers, Plastics & Packaging",PLASTICOS AVANZADA S.A.S.,plasticosavanzada.com,Daniel Ruiz,Chief Revenue Officer (CRO),C_SUITE,SALES_MARKETING,druiz@plasticosavanzada.com,VERIFIED,85,+529237489317,2026-09-06T14:31:01.760926+00:00
"Chemicals, Polymers, Plastics & Packaging",PLASTICOS AVANZADA S.A.S.,plasticosavanzada.com,Rodrigo Mendoza,Chief Human Resources Officer (CHRO),C_SUITE,HR_PEOPLE,rmendoza@plasticosavanzada.com,VERIFIED,85,+526933127635,2026-09-06T14:31:01.760926+00:00
"Chemicals, Polymers, Plastics & Packaging",PLASTICOS AVANZADA S.A.S.,plasticosavanzada.com,Alejandro Hernández,Chief Technology Officer (CTO),C_SUITE,ENGINEERING_IT,ahernández@plasticosavanzada.com,VERIFIED,85,+524226985651,2026-09-06T14:31:01.760926+00:00
"Chemicals, Polymers, Plastics & Packaging",PLASTICOS AVANZADA S.A.S.,plasticosavanzada.com,Alejandro Villaseñor,Founder,FOUNDER,EXECUTIVE,avillaseñor@plasticosavanzada.com,VERIFIED,85,+525152458718,2026-09-06T14:31:01.760926+00:00
"Chemicals, Polymers, Plastics & Packaging",PLASTICOS AVANZADA S.A. DE C.V.,plasticosavanzada.mx,Andrea García,Chief Technology Officer (CTO),C_SUITE,ENGINEERING_IT,agarcía@plasticosavanzada.mx,VERIFIED,85,+529452626885,2026-09-06T14:31:01.760926+00:00
"Chemicals, Polymers, Plastics & Packaging",PLASTICOS AVANZADA S. DE R.L. DE C.V.,plasticosavanzada2.com.mx,Alejandro Martínez,Chief Executive Officer (CEO),C_SUITE,EXECUTIVE,amartínez@plasticosavanzada2.com.mx,VERIFIED,85,+529642763628,2026-09-06T14:31:01.760926+00:00
"Chemicals, Polymers, Plastics & Packaging",QUIMICA CENTRAL S.A.S.,quimicacentral.mx,Rodrigo Garza,Founder,FOUNDER,EXECUTIVE,rgarza@quimicacentral.mx,VERIFIED,85,+525576417310,2026-09-06T14:31:01.760926+00:00
"Chemicals, Polymers, Plastics & Packaging",QUIMICA CENTRAL S.A. DE C.V.,quimicacentral.com,Roberto López,Chief Revenue Officer (CRO),C_SUITE,SALES_MARKETING,rlópez@quimicacentral.com,VERIFIED,85,+525552137108,2026-09-06T14:31:01.760926+00:00
"Chemicals, Polymers, Plastics & Packaging",QUIMICA CENTRAL S.A. DE C.V.,quimicacentral.com,Gabriel Treviño,Chief Revenue Officer (CRO),C_SUITE,SALES_MARKETING,gtreviño@quimicacentral.com.mx,VERIFIED,85,+525562359604,2026-09-06T14:31:01.760926+00:00
"Chemicals, Polymers, Plastics & Packaging",QUIMICA CENTRAL S.C.,quimicacentral.com.mx,Patricia González,Chief Operating Officer (COO),C_SUITE,OPERATIONS,pgonzález@quimicacentral.com.mx,VERIFIED,85,+525535614944,2026-09-06T14:31:01.760926+00:00
"Chemicals, Polymers, Plastics & Packaging",EMPAQUES DE LAS AMERICAS S.A. DE C.V.,empaquesdelasameri.com,David González,Chief Operating Officer (COO),C_SUITE,OPERATIONS,dgonzález@empaquesdelasameri.com,VERIFIED,85,+528440715289,2026-09-06T14:31:01.760926+00:00
"Chemicals, Polymers, Plastics & Packaging",EMPAQUES DE LAS AMERICAS S.A. DE C.V.,empaquesdelasameri.com,Jorge Salinas,Chief Revenue Officer (CRO),C_SUITE,SALES_MARKETING,jsalinas@empaquesdelasameri.com,VERIFIED,85,+524325424307,2026-09-06T14:31:01.760926+00:00
"Chemicals, Polymers, Plastics & Packaging",EMPAQUES DE LAS AMERICAS S.A. DE C.V.,empaquesdelasameri.com,Alejandro Mendoza,Chief Human Resources Officer (CHRO),C_SUITE,HR_PEOPLE,amendoza@empaquesdelasameri.com,VERIFIED,85,+525577876210,2026-09-06T14:31:01.760926+00:00
"Chemicals, Polymers, Plastics & Packaging",EMPAQUES DE OCCIDENTE S.A.S.,empaquesdeoccident.com,Daniel Hernández,Chief Financial Officer (CFO),C_SUITE,FINANCE,dhernández@empaquesdeoccident.com,VERIFIED,85,+527314328946,2026-09-06T14:31:01.760926+00:00
"Chemicals, Polymers, Plastics & Packaging",EMPAQUES DE OCCIDENTE S. DE R.L. DE C.V.,empaquesdeoccident.mx,Hector Ruiz,Founder,FOUNDER,EXECUTIVE,hruiz@empaquesdeoccident.mx,VERIFIED,85,+526091323217,2026-09-06T14:31:01.760926+00:00
"Chemicals, Polymers, Plastics & Packaging",EMPAQUES CENTRAL S. DE R.L. DE C.V.,empaquescentral.mx,Claudia Alarcón,Chief Financial Officer (CFO),C_SUITE,FINANCE,calarcón@empaquescentral.mx,VERIFIED,85,+529359142870,2026-09-06T14:31:01.760926+00:00
"Chemicals, Polymers, Plastics & Packaging",EMPAQUES CENTRAL S. DE R.L. DE C.V.,empaquescentral.mx,Carlos Vega,Chief Technology Officer (CTO),C_SUITE,ENGINEERING_IT,cvega@empaquescentral.mx,VERIFIED,85,+526896153655,2026-09-06T14:31:01.760926+00:00
"Chemicals, Polymers, Plastics & Packaging",EMPAQUES CENTRAL S. DE R.L. DE C.V.,empaquescentral.mx,Claudia Vega,Chief Revenue Officer (CRO),C_SUITE,SALES_MARKETING,cvega@empaquescentral.mx,VERIFIED,85,+529733461257,2026-09-06T14:31:01.760926+00:00
"Chemicals, Polymers, Plastics & Packaging",EMPAQUES CENTRAL S.A.B. DE C.V.,empaquescentral.com.mx,Jorge Mendoza,Chief Executive Officer (CEO),C_SUITE,EXECUTIVE,jmendoza@empaquescentral.com.mx,VERIFIED,85,+528398066832,2026-09-06T14:31:01.760926+00:00
"Chemicals, Polymers, Plastics & Packaging",QUIMICA INDUSTRIAL 62 S.C.,quimicaindustrial4.mx,Fernando Villaseñor,Chief Technology Officer (CTO),C_SUITE,ENGINEERING_IT,fvillaseñor@quimicaindustrial4.mx,VERIFIED,85,+529442247071,2026-09-06T14:31:01.760926+00:00
"Chemicals, Polymers, Plastics & Packaging",QUIMICA INDUSTRIAL S.C.,quimicaindustrial.com.mx,Jorge Dominguez,Chief Revenue Officer (CRO),C_SUITE,SALES_MARKETING,jdominguez@quimicaindustrial.com.mx,VERIFIED,85,+524522488232,2026-09-06T14:31:01.760926+00:00
"Chemicals, Polymers, Plastics & Packaging",PLASTICOS INDUSTRIAL S.A.S.,plasticosindustria.com,Rodrigo González,Founder,FOUNDER,EXECUTIVE,rgonzález@plasticosindustria.com,VERIFIED,85,+529531338116,2026-09-06T14:31:01.760926+00:00
"Chemicals, Polymers, Plastics & Packaging",PLASTICOS INDUSTRIAL S.A.S.,plasticosindustria.mx,Hector Salinas,Founder,FOUNDER,EXECUTIVE,hsalinas@plasticosindustria.mx,VERIFIED,85,+524070434923,2026-09-06T14:31:01.760926+00:00
"Chemicals, Polymers, Plastics & Packaging",PLASTICOS INDUSTRIAL S.A.S.,plasticosindustria.mx,Luis Navarro,Chief Revenue Officer (CRO),C_SUITE,SALES_MARKETING,lnavarro@plasticosindustria.mx,VERIFIED,85,+524962457168,2026-09-06T14:31:01.760926+00:00
"Chemicals, Polymers, Plastics & Packaging",PLASTICOS INDUSTRIAL S.A.B. DE C.V.,plasticosindustria.com.mx,Miguel Martínez,Chief Revenue Officer (CRO),C_SUITE,SALES_MARKETING,mmartínez@plasticosindustria.com.mx,VERIFIED,85,+528480990598,2026-09-06T14:31:01.760926+00:00
"Chemicals, Polymers, Plastics & Packaging",PLASTICOS LATINOAMERICANA 92 S.A.B. DE C.V.,plasticoslatinoame.mx,Andrea Benítez,Chief Human Resources Officer (CHRO),C_SUITE,HR_PEOPLE,abenítez@plasticoslatinoame.mx,VERIFIED,85,+529858633877,2026-09-06T14:31:01.760926+00:00
"Chemicals, Polymers, Plastics & Packaging",PLASTICOS LATINOAMERICANA S.C.,plasticoslatinoame.com.mx,Eduardo Alarcón,Chief Operating Officer (COO),C_SUITE,OPERATIONS,ealarcón@plasticoslatinoame.com.mx,VERIFIED,85,+528524543564,2026-09-06T14:31:01.760926+00:00
"Chemicals, Polymers, Plastics & Packaging",PLASTICOS LATINOAMERICANA S.C.,plasticoslatinoame.com.mx,Patricia Mendoza,Chief Operating Officer (COO),C_SUITE,OPERATIONS,pmendoza@plasticoslatinoame.com,VERIFIED,85,+528887919370,2026-09-06T14:31:01.760926+00:00
"Chemicals, Polymers, Plastics & Packaging",EMPAQUES DINAMICA 70 S.A.P.I. DE C.V.,empaquesdinamica.com.mx,Adriana Treviño,Chief Operating Officer (COO),C_SUITE,OPERATIONS,atreviño@empaquesdinamica.com.mx,VERIFIED,85,+525533519571,2026-09-06T14:31:01.760926+00:00
"Chemicals, Polymers, Plastics & Packaging",EMPAQUES DINAMICA S.A.P.I. DE C.V.,empaquesdinamica.mx,Carlos González,Chief Executive Officer (CEO),C_SUITE,EXECUTIVE,cgonzález@empaquesdinamica.mx,VERIFIED,85,+525511107210,2026-09-06T14:31:01.760926+00:00
"Chemicals, Polymers, Plastics & Packaging",PLASTICOS INTEGRAL S.A.B. DE C.V.,plasticosintegral.mx,Fernando Navarro,Founder,FOUNDER,EXECUTIVE,fnavarro@plasticosintegral.mx,VERIFIED,85,+528178544325,2026-09-06T14:31:01.760926+00:00
"Chemicals, Polymers, Plastics & Packaging",PLASTICOS INTEGRAL S.A.B. DE C.V.,plasticosintegral.mx,Hector Navarro,Chief Revenue Officer (CRO),C_SUITE,SALES_MARKETING,hnavarro@plasticosintegral.com.mx,VERIFIED,85,+528118493803,2026-09-06T14:31:01.760926+00:00
"Chemicals, Polymers, Plastics & Packaging",PLASTICOS INTEGRAL S.A.B. DE C.V.,plasticosintegral.mx,Gabriel Salinas,Chief Financial Officer (CFO),C_SUITE,FINANCE,gsalinas@plasticosintegral.mx,VERIFIED,85,+528141735714,2026-09-06T14:31:01.760926+00:00
"Chemicals, Polymers, Plastics & Packaging",PLASTICOS INTEGRAL 89 S.A.P.I. DE C.V.,plasticosintegral.com,Rodrigo Benítez,Chief Executive Officer (CEO),C_SUITE,EXECUTIVE,rbenítez@plasticosintegral.com,VERIFIED,85,+528134701266,2026-09-06T14:31:01.760926+00:00
"Chemicals, Polymers, Plastics & Packaging",PLASTICOS INTEGRAL S. DE R.L. DE C.V.,plasticosintegral5.com,Gabriel Morales,Chief Revenue Officer (CRO),C_SUITE,SALES_MARKETING,gmorales@plasticosintegral5.com,VERIFIED,85,+528142445747,2026-09-06T14:31:01.760926+00:00
"Chemicals, Polymers, Plastics & Packaging",PLASTICOS INTEGRAL S.C.,plasticosintegral3.com,Patricia Castro,Chief Financial Officer (CFO),C_SUITE,FINANCE,pcastro@plasticosintegral3.com,VERIFIED,85,+528114653510,2026-09-06T14:31:01.760926+00:00
"Chemicals, Polymers, Plastics & Packaging",EMPAQUES AVANZADA S.A. DE C.V.,empaquesavanzada.mx,Javier Martínez,Chief Technology Officer (CTO),C_SUITE,ENGINEERING_IT,jmartínez@empaquesavanzada.mx,VERIFIED,85,+529229935858,2026-09-06T14:31:01.760926+00:00
"Chemicals, Polymers, Plastics & Packaging",EMPAQUES AVANZADA S. DE R.L. DE C.V.,empaquesavanzada.com.mx,Guillermo Villaseñor,Chief Technology Officer (CTO),C_SUITE,ENGINEERING_IT,gvillaseñor@empaquesavanzada.com.mx,VERIFIED,85,+529325445286,2026-09-06T14:31:01.760926+00:00
"Chemicals, Polymers, Plastics & Packaging",EMPAQUES AVANZADA S.A.S.,empaquesavanzada.com,Hector Benítez,Chief Financial Officer (CFO),C_SUITE,FINANCE,hbenítez@empaquesavanzada.com,VERIFIED,85,+525026237782,2026-09-06T14:31:01.760926+00:00
"Chemicals, Polymers, Plastics & Packaging",QUIMICA MEXICANA 39 S. DE R.L. DE C.V.,quimicamexicana.com,Patricia Dominguez,Chief Operating Officer (COO),C_SUITE,OPERATIONS,pdominguez@quimicamexicana.com,VERIFIED,85,+528670352175,2026-09-06T14:31:01.760926+00:00
"Chemicals, Polymers, Plastics & Packaging",QUIMICA MEXICANA S. DE R.L. DE C.V.,quimicamexicana.com.mx,Mariana Martínez,Chief Revenue Officer (CRO),C_SUITE,SALES_MARKETING,mmartínez@quimicamexicana.com.mx,VERIFIED,85,+529197917090,2026-09-06T14:31:01.760926+00:00
"Chemicals, Polymers, Plastics & Packaging",EMPAQUES ESPECIALIZADA S. DE R.L. DE C.V.,empaquesespecializ.com,Claudia Mendoza,Chief Human Resources Officer (CHRO),C_SUITE,HR_PEOPLE,cmendoza@empaquesespecializ.com,VERIFIED,85,+524987761938,2026-09-06T14:31:01.760926+00:00
"Chemicals, Polymers, Plastics & Packaging",EMPAQUES ESPECIALIZADA S. DE R.L. DE C.V.,empaquesespecializ.com,Carlos Hernández,Chief Technology Officer (CTO),C_SUITE,ENGINEERING_IT,chernández@empaquesespecializ.mx,VERIFIED,85,+524975637800,2026-09-06T14:31:01.760926+00:00
"Chemicals, Polymers, Plastics & Packaging",EMPAQUES ESPECIALIZADA 47 S.C.,empaquesespecializ.mx,David Hernández,Chief Human Resources Officer (CHRO),C_SUITE,HR_PEOPLE,dhernández@empaquesespecializ.mx,VERIFIED,85,+528722594892,2026-09-06T14:31:01.760926+00:00
"Chemicals, Polymers, Plastics & Packaging",QUIMICA AVANZADA S.C.,quimicaavanzada53.mx,Miguel Treviño,Chief Human Resources Officer (CHRO),C_SUITE,HR_PEOPLE,mtreviño@quimicaavanzada53.mx,VERIFIED,85,+529687051874,2026-09-06T14:31:01.760926+00:00
"Chemicals, Polymers, Plastics & Packaging",QUIMICA AVANZADA S.A.P.I. DE C.V.,quimicaavanzada59.com.mx,Patricia Navarro,Chief Revenue Officer (CRO),C_SUITE,SALES_MARKETING,pnavarro@quimicaavanzada59.com.mx,VERIFIED,85,+528471547373,2026-09-06T14:31:01.760926+00:00
"Chemicals, Polymers, Plastics & Packaging",QUIMICA ESPECIALIZADA 93 S. DE R.L. DE C.V.,quimicaespecializa.com.mx,Javier Benítez,Chief Executive Officer (CEO),C_SUITE,EXECUTIVE,jbenítez@quimicaespecializa.com.mx,VERIFIED,85,+525171279234,2026-09-06T14:31:01.760926+00:00
"Chemicals, Polymers, Plastics & Packaging",QUIMICA ESPECIALIZADA 93 S. DE R.L. DE C.V.,quimicaespecializa.com.mx,Andrea Mendoza,Chief Executive Officer (CEO),C_SUITE,EXECUTIVE,amendoza@quimicaespecializa.com.mx,VERIFIED,85,+525686862913,2026-09-06T14:31:01.760926+00:00
"Chemicals, Polymers, Plastics & Packaging",QUIMICA ESPECIALIZADA 93 S. DE R.L. DE C.V.,quimicaespecializa.com.mx,Guillermo Valenzuela,Chief Revenue Officer (CRO),C_SUITE,SALES_MARKETING,gvalenzuela@quimicaespecializa.com.mx,VERIFIED,85,+526940498288,2026-09-06T14:31:01.760926+00:00
"Chemicals, Polymers, Plastics & Packaging",QUIMICA ESPECIALIZADA S.A.S.,quimicaespecializa.com,David Treviño,Founder,FOUNDER,EXECUTIVE,dtreviño@quimicaespecializa.com,VERIFIED,85,+528064103006,2026-09-06T14:31:01.760926+00:00
"Chemicals, Polymers, Plastics & Packaging",QUIMICA ESPECIALIZADA S.A.S.,quimicaespecializa.com,Guillermo Garza,Chief Revenue Officer (CRO),C_SUITE,SALES_MARKETING,ggarza@quimicaespecializa.com,VERIFIED,85,+526787999798,2026-09-06T14:31:01.760926+00:00
"Chemicals, Polymers, Plastics & Packaging",QUIMICA ESPECIALIZADA S.A.S.,quimicaespecializa.com,Adriana Treviño,Chief Human Resources Officer (CHRO),C_SUITE,HR_PEOPLE,atreviño@quimicaespecializa.com,VERIFIED,85,+526249398885,2026-09-06T14:31:01.760926+00:00
"Chemicals, Polymers, Plastics & Packaging",QUIMICA ESPECIALIZADA S. DE R.L. DE C.V.,quimicaespecializa.mx,Mariana Alarcón,Chief Operating Officer (COO),C_SUITE,OPERATIONS,malarcón@quimicaespecializa.mx,VERIFIED,85,+526899874957,2026-09-06T14:31:01.760926+00:00
"Chemicals, Polymers, Plastics & Packaging",QUIMICA GLOBAL S.A.S.,quimicaglobal.mx,Fernando Mendoza,Chief Executive Officer (CEO),C_SUITE,EXECUTIVE,fmendoza@quimicaglobal.mx,VERIFIED,85,+528712308478,2026-09-06T14:31:01.760926+00:00
"Chemicals, Polymers, Plastics & Packaging",QUIMICA GLOBAL S.A.S.,quimicaglobal.com,Adriana Castro,Founder,FOUNDER,EXECUTIVE,acastro@quimicaglobal.com,VERIFIED,85,+524865016750,2026-09-06T14:31:01.760926+00:00
"Chemicals, Polymers, Plastics & Packaging",PLASTICOS GLOBAL S.A. DE C.V.,plasticosglobal.com.mx,Luis Vega,Chief Human Resources Officer (CHRO),C_SUITE,HR_PEOPLE,lvega@plasticosglobal.com.mx,VERIFIED,85,+525011689196,2026-09-06T14:31:01.760926+00:00
"Chemicals, Polymers, Plastics & Packaging",PLASTICOS GLOBAL S.A. DE C.V.,plasticosglobal.com.mx,Rodrigo Vega,Chief Financial Officer (CFO),C_SUITE,FINANCE,rvega@plasticosglobal.com.mx,VERIFIED,85,+528541124404,2026-09-06T14:31:01.760926+00:00
"Chemicals, Polymers, Plastics & Packaging",PLASTICOS GLOBAL S.A. DE C.V.,plasticosglobal41.mx,Hector López,Chief Operating Officer (COO),C_SUITE,OPERATIONS,hlópez@plasticosglobal41.mx,VERIFIED,85,+524728944758,2026-09-06T14:31:01.760926+00:00
"Chemicals, Polymers, Plastics & Packaging",PLASTICOS GLOBAL S.A. DE C.V.,plasticosglobal41.mx,Claudia García,Chief Operating Officer (COO),C_SUITE,OPERATIONS,cgarcía@plasticosglobal.com,VERIFIED,85,+526342055763,2026-09-06T14:31:01.760926+00:00
"Chemicals, Polymers, Plastics & Packaging",PLASTICOS AVANZADA S.A.B. DE C.V.,plasticosavanzada.com,Guillermo Benítez,Chief Revenue Officer (CRO),C_SUITE,SALES_MARKETING,gbenítez@plasticosavanzada.com,VERIFIED,85,+529841042399,2026-09-06T14:31:01.760926+00:00
"Chemicals, Polymers, Plastics & Packaging",PLASTICOS AVANZADA S.A.B. DE C.V.,plasticosavanzada.com,Guillermo Treviño,Founder,FOUNDER,EXECUTIVE,gtreviño@plasticosavanzada4.com.mx,VERIFIED,85,+526524126457,2026-09-06T14:31:01.760926+00:00
"Chemicals, Polymers, Plastics & Packaging",PLASTICOS AVANZADA S.A.B. DE C.V.,plasticosavanzada.com,Carlos García,Chief Technology Officer (CTO),C_SUITE,ENGINEERING_IT,cgarcía@plasticosavanzada.com,VERIFIED,85,+529786368757,2026-09-06T14:31:01.760926+00:00
"Chemicals, Polymers, Plastics & Packaging",PLASTICOS AVANZADA S. DE R.L. DE C.V.,plasticosavanzada.mx,Miguel Hernández,Chief Technology Officer (CTO),C_SUITE,ENGINEERING_IT,mhernández@plasticosavanzada.mx,VERIFIED,85,+525971259806,2026-09-06T14:31:01.775419+00:00
"Chemicals, Polymers, Plastics & Packaging",PLASTICOS AVANZADA S. DE R.L. DE C.V.,plasticosavanzada5.com,Claudia Dominguez,Chief Executive Officer (CEO),C_SUITE,EXECUTIVE,cdominguez@plasticosavanzada5.com,VERIFIED,85,+525218851805,2026-09-06T14:31:01.775419+00:00
"Chemicals, Polymers, Plastics & Packaging",QUIMICA NACIONAL S.C.,quimicanacional.com,Roberto Salinas,Chief Operating Officer (COO),C_SUITE,OPERATIONS,rsalinas@quimicanacional.com,VERIFIED,85,+529137337976,2026-09-06T14:31:01.776658+00:00
"Chemicals, Polymers, Plastics & Packaging",QUIMICA NACIONAL S.C.,quimicanacional.com,Roberto Valenzuela,Chief Human Resources Officer (CHRO),C_SUITE,HR_PEOPLE,rvalenzuela@quimicanacional.com,VERIFIED,85,+528542715557,2026-09-06T14:31:01.776658+00:00
"Chemicals, Polymers, Plastics & Packaging",QUIMICA NACIONAL S.C.,quimicanacional.com,Hector Castro,Chief Technology Officer (CTO),C_SUITE,ENGINEERING_IT,hcastro@quimicanacional.com,VERIFIED,85,+527673088445,2026-09-06T14:31:01.776658+00:00
"Chemicals, Polymers, Plastics & Packaging",QUIMICA NACIONAL S.A. DE C.V.,quimicanacional.mx,Sofia Villaseñor,Chief Financial Officer (CFO),C_SUITE,FINANCE,svillaseñor@quimicanacional.mx,VERIFIED,85,+527393108141,2026-09-06T14:31:01.776658+00:00
"Chemicals, Polymers, Plastics & Packaging",QUIMICA INDUSTRIAL 94 S.A.P.I. DE C.V.,quimicaindustrial.mx,Alejandro García,Chief Executive Officer (CEO),C_SUITE,EXECUTIVE,agarcía@quimicaindustrial.mx,VERIFIED,85,+529055901631,2026-09-06T14:31:01.777989+00:00
"Chemicals, Polymers, Plastics & Packaging",QUIMICA INDUSTRIAL S.A.S.,quimicaindustrial7.com,Adriana Martínez,Chief Financial Officer (CFO),C_SUITE,FINANCE,amartínez@quimicaindustrial7.com,VERIFIED,85,+528163695496,2026-09-06T14:31:01.777989+00:00
"Chemicals, Polymers, Plastics & Packaging",QUIMICA LATINOAMERICANA S. DE R.L. DE C.V.,quimicalatinoameri.mx,Rodrigo Castro,Chief Revenue Officer (CRO),C_SUITE,SALES_MARKETING,rcastro@quimicalatinoameri.mx,VERIFIED,85,+526377539966,2026-09-06T14:31:01.777989+00:00
"Chemicals, Polymers, Plastics & Packaging",QUIMICA LATINOAMERICANA S. DE R.L. DE C.V.,quimicalatinoameri.mx,Adriana Vega,Chief Human Resources Officer (CHRO),C_SUITE,HR_PEOPLE,avega@quimicalatinoameri.com.mx,VERIFIED,85,+525433115325,2026-09-06T14:31:01.777989+00:00
"Chemicals, Polymers, Plastics & Packaging",QUIMICA LATINOAMERICANA S. DE R.L. DE C.V.,quimicalatinoameri.mx,Gabriel Valenzuela,Chief Revenue Officer (CRO),C_SUITE,SALES_MARKETING,gvalenzuela@quimicalatinoameri.mx,VERIFIED,85,+526160744414,2026-09-06T14:31:01.777989+00:00
"Chemicals, Polymers, Plastics & Packaging",QUIMICA LATINOAMERICANA S. DE R.L. DE C.V.,quimicalatinoameri.mx,Fernando Valenzuela,Chief Revenue Officer (CRO),C_SUITE,SALES_MARKETING,fvalenzuela@quimicalatinoameri.com.mx,VERIFIED,85,+527235173509,2026-09-06T14:31:01.777989+00:00
"Chemicals, Polymers, Plastics & Packaging",QUIMICA INTERNACIONAL S.A.B. DE C.V.,quimicainternacion.mx,Roberto Dominguez,Chief Financial Officer (CFO),C_SUITE,FINANCE,rdominguez@quimicainternacion.mx,VERIFIED,85,+529044218743,2026-09-06T14:31:01.777989+00:00
"Chemicals, Polymers, Plastics & Packaging",QUIMICA INTERNACIONAL S.A.B. DE C.V.,quimicainternacion.mx,David Dominguez,Chief Revenue Officer (CRO),C_SUITE,SALES_MARKETING,ddominguez@quimicainternacion.com,VERIFIED,85,+526150887491,2026-09-06T14:31:01.777989+00:00
"Chemicals, Polymers, Plastics & Packaging",EMPAQUES AVANZADA 40 S.C.,empaquesavanzada.mx,Sofia Mendoza,Chief Revenue Officer (CRO),C_SUITE,SALES_MARKETING,smendoza@empaquesavanzada.mx,VERIFIED,85,+526692035521,2026-09-06T14:31:01.777989+00:00
"Chemicals, Polymers, Plastics & Packaging",EMPAQUES AVANZADA 40 S.C.,empaquesavanzada.mx,David Vega,Chief Executive Officer (CEO),C_SUITE,EXECUTIVE,dvega@empaquesavanzada.mx,VERIFIED,85,+524990110715,2026-09-06T14:31:01.777989+00:00
"Chemicals, Polymers, Plastics & Packaging",EMPAQUES AVANZADA S.A.P.I. DE C.V.,empaquesavanzada.com.mx,Mariana Treviño,Chief Executive Officer (CEO),C_SUITE,EXECUTIVE,mtreviño@empaquesavanzada.com.mx,VERIFIED,85,+529631087844,2026-09-06T14:31:01.777989+00:00
"Chemicals, Polymers, Plastics & Packaging",QUIMICA CENTRAL S.A. DE C.V.,quimicacentral.com.mx,Fernando Morales,Founder,FOUNDER,EXECUTIVE,fmorales@quimicacentral.com.mx,VERIFIED,85,+524082542887,2026-09-06T14:31:01.777989+00:00
"Chemicals, Polymers, Plastics & Packaging",QUIMICA CENTRAL S.A. DE C.V.,quimicacentral.com.mx,Claudia Vega,Chief Human Resources Officer (CHRO),C_SUITE,HR_PEOPLE,cvega@quimicacentral.com.mx,VERIFIED,85,+529690462991,2026-09-06T14:31:01.777989+00:00
"Chemicals, Polymers, Plastics & Packaging",QUIMICA CENTRAL S.A. DE C.V.,quimicacentral.com.mx,Patricia García,Chief Revenue Officer (CRO),C_SUITE,SALES_MARKETING,pgarcía@quimicacentral.com,VERIFIED,85,+526780126066,2026-09-06T14:31:01.777989+00:00
"Chemicals, Polymers, Plastics & Packaging",QUIMICA CENTRAL S.A. DE C.V.,quimicacentral.com.mx,Adriana Salinas,Chief Operating Officer (COO),C_SUITE,OPERATIONS,asalinas@quimicacentral61.mx,VERIFIED,85,+527512901735,2026-09-06T14:31:01.777989+00:00
"Chemicals, Polymers, Plastics & Packaging",PLASTICOS INTERNACIONAL 5 S.A.P.I. DE C.V.,plasticosinternaci.mx,David Ruiz,Chief Executive Officer (CEO),C_SUITE,EXECUTIVE,druiz@plasticosinternaci.mx,VERIFIED,85,+524585311123,2026-09-06T14:31:01.777989+00:00
"Chemicals, Polymers, Plastics & Packaging",QUIMICA INTERNACIONAL 83 S.A.S.,quimicainternacion.mx,Adriana Ruiz,Chief Revenue Officer (CRO),C_SUITE,SALES_MARKETING,aruiz@quimicainternacion.mx,VERIFIED,85,+528944502403,2026-09-06T14:31:01.777989+00:00
"Chemicals, Polymers, Plastics & Packaging",QUIMICA INTERNACIONAL S.A.B. DE C.V.,quimicainternacion.com.mx,Sofia Hernández,Chief Financial Officer (CFO),C_SUITE,FINANCE,shernández@quimicainternacion.com.mx,VERIFIED,85,+525318544841,2026-09-06T14:31:01.777989+00:00
"Chemicals, Polymers, Plastics & Packaging",PLASTICOS MODERNA S.A.P.I. DE C.V.,plasticosmoderna39.com,Claudia Benítez,Chief Executive Officer (CEO),C_SUITE,EXECUTIVE,cbenítez@plasticosmoderna39.com,VERIFIED,85,+527875524120,2026-09-06T14:31:01.777989+00:00
"Chemicals, Polymers, Plastics & Packaging",PLASTICOS MODERNA 40 S.A. DE C.V.,plasticosmoderna.com.mx,Carlos Castro,Chief Executive Officer (CEO),C_SUITE,EXECUTIVE,ccastro@plasticosmoderna.com.mx,VERIFIED,85,+527995328642,2026-09-06T14:31:01.777989+00:00
"Chemicals, Polymers, Plastics & Packaging",PLASTICOS MODERNA 40 S.A. DE C.V.,plasticosmoderna.com.mx,Hector Castro,Founder,FOUNDER,EXECUTIVE,hcastro@plasticosmoderna.com.mx,VERIFIED,85,+527397097631,2026-09-06T14:31:01.777989+00:00
"Chemicals, Polymers, Plastics & Packaging",PLASTICOS MODERNA S.A.B. DE C.V.,plasticosmoderna94.mx,Patricia Morales,Chief Executive Officer (CEO),C_SUITE,EXECUTIVE,pmorales@plasticosmoderna94.mx,VERIFIED,85,+529229371332,2026-09-06T14:31:01.777989+00:00
"Chemicals, Polymers, Plastics & Packaging",EMPAQUES GLOBAL 20 S.A. DE C.V.,empaquesglobal75.mx,Javier Dominguez,Chief Operating Officer (COO),C_SUITE,OPERATIONS,jdominguez@empaquesglobal75.mx,VERIFIED,85,+529926899186,2026-09-06T14:31:01.777989+00:00
"Chemicals, Polymers, Plastics & Packaging",EMPAQUES GLOBAL S.C.,empaquesglobal.com,Daniel Treviño,Chief Human Resources Officer (CHRO),C_SUITE,HR_PEOPLE,dtreviño@empaquesglobal.com,VERIFIED,85,+524169368649,2026-09-06T14:31:01.777989+00:00
"Chemicals, Polymers, Plastics & Packaging",EMPAQUES GLOBAL S.C.,empaquesglobal.com,Javier Villaseñor,Founder,FOUNDER,EXECUTIVE,jvillaseñor@empaquesglobal.mx,VERIFIED,85,+525781778902,2026-09-06T14:31:01.777989+00:00
"Chemicals, Polymers, Plastics & Packaging",EMPAQUES GLOBAL S.C.,empaquesglobal.com.mx,Gabriel Vega,Founder,FOUNDER,EXECUTIVE,gvega@empaquesglobal.com.mx,VERIFIED,85,+527823322136,2026-09-06T14:31:01.777989+00:00
"Chemicals, Polymers, Plastics & Packaging",PLASTICOS INTERNACIONAL S.A.B. DE C.V.,plasticosinternaci.mx,David Mendoza,Chief Executive Officer (CEO),C_SUITE,EXECUTIVE,dmendoza@plasticosinternaci.mx,VERIFIED,85,+528774184887,2026-09-06T14:31:01.777989+00:00
"Chemicals, Polymers, Plastics & Packaging",PLASTICOS INTERNACIONAL S.A.B. DE C.V.,plasticosinternaci.mx,Jorge Treviño,Chief Technology Officer (CTO),C_SUITE,ENGINEERING_IT,jtreviño@plasticosinternaci.mx,VERIFIED,85,+529413695978,2026-09-06T14:31:01.777989+00:00
"Chemicals, Polymers, Plastics & Packaging",PLASTICOS INTERNACIONAL S.A.B. DE C.V.,plasticosinternaci.mx,Sofia Castro,Chief Financial Officer (CFO),C_SUITE,FINANCE,scastro@plasticosinternaci.mx,VERIFIED,85,+525412264595,2026-09-06T14:31:01.777989+00:00
"Chemicals, Polymers, Plastics & Packaging",PLASTICOS INTERNACIONAL S.C.,plasticosinternaci.com,Adriana Valenzuela,Chief Revenue Officer (CRO),C_SUITE,SALES_MARKETING,avalenzuela@plasticosinternaci.com,VERIFIED,85,+527258523427,2026-09-06T14:31:01.777989+00:00
"Chemicals, Polymers, Plastics & Packaging",PLASTICOS INTERNACIONAL S.C.,plasticosinternaci.com,Alejandro Alarcón,Chief Technology Officer (CTO),C_SUITE,ENGINEERING_IT,aalarcón@plasticosinternaci.com,VERIFIED,85,+527111990739,2026-09-06T14:31:01.777989+00:00
"Chemicals, Polymers, Plastics & Packaging",QUIMICA ESPECIALIZADA S. DE R.L. DE C.V.,quimicaespecializa.mx,Jorge Valenzuela,Founder,FOUNDER,EXECUTIVE,jvalenzuela@quimicaespecializa.mx,VERIFIED,85,+528891558619,2026-09-06T14:31:01.777989+00:00
"Chemicals, Polymers, Plastics & Packaging",QUIMICA ESPECIALIZADA S. DE R.L. DE C.V.,quimicaespecializa.mx,Luis Salinas,Chief Operating Officer (COO),C_SUITE,OPERATIONS,lsalinas@quimicaespecializa.mx,VERIFIED,85,+529740552406,2026-09-06T14:31:01.777989+00:00
"Chemicals, Polymers, Plastics & Packaging",QUIMICA ESPECIALIZADA S.A.S.,quimicaespecializa.com.mx,Javier Treviño,Founder,FOUNDER,EXECUTIVE,jtreviño@quimicaespecializa.com.mx,VERIFIED,85,+528876064349,2026-09-06T14:31:01.777989+00:00
"Chemicals, Polymers, Plastics & Packaging",QUIMICA ESPECIALIZADA S.A.S.,quimicaespecializa.com.mx,Hector Treviño,Chief Technology Officer (CTO),C_SUITE,ENGINEERING_IT,htreviño@quimicaespecializa.com.mx,VERIFIED,85,+528869674049,2026-09-06T14:31:01.777989+00:00
"Chemicals, Polymers, Plastics & Packaging",QUIMICA ESPECIALIZADA S.A.S.,quimicaespecializa.com.mx,Patricia Salinas,Chief Operating Officer (COO),C_SUITE,OPERATIONS,psalinas@quimicaespecializa.com.mx,VERIFIED,85,+526353127234,2026-09-06T14:31:01.777989+00:00
"Chemicals, Polymers, Plastics & Packaging",PLASTICOS AVANZADA 51 S.A.B. DE C.V.,plasticosavanzada.com,Carlos Alarcón,Chief Human Resources Officer (CHRO),C_SUITE,HR_PEOPLE,calarcón@plasticosavanzada.com,VERIFIED,85,+528162587956,2026-09-06T14:31:01.777989+00:00
"Chemicals, Polymers, Plastics & Packaging",PLASTICOS AVANZADA 51 S.A.B. DE C.V.,plasticosavanzada.com,Mariana Benítez,Chief Financial Officer (CFO),C_SUITE,FINANCE,mbenítez@plasticosavanzada.com,VERIFIED,85,+528198405104,2026-09-06T14:31:01.777989+00:00
"Chemicals, Polymers, Plastics & Packaging",PLASTICOS AVANZADA S.A.P.I. DE C.V.,plasticosavanzada1.com.mx,Patricia García,Chief Executive Officer (CEO),C_SUITE,EXECUTIVE,pgarcía@plasticosavanzada1.com.mx,VERIFIED,85,+528137336145,2026-09-06T14:31:01.777989+00:00
"Chemicals, Polymers, Plastics & Packaging",PLASTICOS AVANZADA S.A.S.,plasticosavanzada5.mx,Patricia Benítez,Chief Human Resources Officer (CHRO),C_SUITE,HR_PEOPLE,pbenítez@plasticosavanzada5.mx,VERIFIED,85,+528152973314,2026-09-06T14:31:01.777989+00:00
"Chemicals, Polymers, Plastics & Packaging",PLASTICOS AVANZADA 65 S.A.P.I. DE C.V.,plasticosavanzada4.com.mx,Rodrigo Garza,Chief Financial Officer (CFO),C_SUITE,FINANCE,rgarza@plasticosavanzada4.com.mx,VERIFIED,85,+528189167484,2026-09-06T14:31:01.777989+00:00
"Chemicals, Polymers, Plastics & Packaging",EMPAQUES INTERNACIONAL S.A. DE C.V.,empaquesinternacio.mx,Hector Benítez,Chief Executive Officer (CEO),C_SUITE,EXECUTIVE,hbenítez@empaquesinternacio.mx,VERIFIED,85,+528167560047,2026-09-06T14:31:01.777989+00:00
"Chemicals, Polymers, Plastics & Packaging",EMPAQUES INTERNACIONAL S.A. DE C.V.,empaquesinternacio.mx,Javier Ruiz,Chief Operating Officer (COO),C_SUITE,OPERATIONS,jruiz@empaquesinternacio.com,VERIFIED,85,+526111053719,2026-09-06T14:31:01.777989+00:00
"Chemicals, Polymers, Plastics & Packaging",EMPAQUES INTERNACIONAL S.A. DE C.V.,empaquesinternacio.mx,Carlos Villaseñor,Chief Executive Officer (CEO),C_SUITE,EXECUTIVE,cvillaseñor@empaquesinternacio.mx,VERIFIED,85,+525582809672,2026-09-06T14:31:01.777989+00:00
"Chemicals, Polymers, Plastics & Packaging",EMPAQUES INTERNACIONAL S.C.,empaquesinternacio.com.mx,Jorge García,Chief Financial Officer (CFO),C_SUITE,FINANCE,jgarcía@empaquesinternacio.com.mx,VERIFIED,85,+527951165963,2026-09-06T14:31:01.777989+00:00
"Chemicals, Polymers, Plastics & Packaging",EMPAQUES INTERNACIONAL S.C.,empaquesinternacio.com,Hector Navarro,Chief Technology Officer (CTO),C_SUITE,ENGINEERING_IT,hnavarro@empaquesinternacio.com,VERIFIED,85,+528788668935,2026-09-06T14:31:01.777989+00:00
"Chemicals, Polymers, Plastics & Packaging",QUIMICA LATINOAMERICANA S.A.P.I. DE C.V.,quimicalatinoameri.mx,Miguel Garza,Chief Executive Officer (CEO),C_SUITE,EXECUTIVE,mgarza@quimicalatinoameri.mx,VERIFIED,85,+525445873451,2026-09-06T14:31:01.777989+00:00
"Chemicals, Polymers, Plastics & Packaging",QUIMICA LATINOAMERICANA S.A.P.I. DE C.V.,quimicalatinoameri.mx,Adriana López,Chief Human Resources Officer (CHRO),C_SUITE,HR_PEOPLE,alópez@quimicalatinoameri.mx,VERIFIED,85,+526363973540,2026-09-06T14:31:01.777989+00:00
"Chemicals, Polymers, Plastics & Packaging",QUIMICA LATINOAMERICANA S.A.P.I. DE C.V.,quimicalatinoameri.mx,Alejandro Ruiz,Chief Operating Officer (COO),C_SUITE,OPERATIONS,aruiz@quimicalatinoameri.mx,VERIFIED,85,+525199018199,2026-09-06T14:31:01.777989+00:00
"Chemicals, Polymers, Plastics & Packaging",QUIMICA LATINOAMERICANA S. DE R.L. DE C.V.,quimicalatinoameri.com,Eduardo Valenzuela,Chief Technology Officer (CTO),C_SUITE,ENGINEERING_IT,evalenzuela@quimicalatinoameri.com,VERIFIED,85,+526215525821,2026-09-06T14:31:01.777989+00:00
"Chemicals, Polymers, Plastics & Packaging",QUIMICA LATINOAMERICANA S.A.B. DE C.V.,quimicalatinoameri.com.mx,Andrea Treviño,Founder,FOUNDER,EXECUTIVE,atreviño@quimicalatinoameri.com.mx,VERIFIED,85,+528780236411,2026-09-06T14:31:01.777989+00:00
"Chemicals, Polymers, Plastics & Packaging",PLASTICOS CENTRAL 30 S.A. DE C.V.,plasticoscentral.com,Gabriel Dominguez,Chief Executive Officer (CEO),C_SUITE,EXECUTIVE,gdominguez@plasticoscentral.com,VERIFIED,85,+529563757002,2026-09-06T14:31:01.777989+00:00
"Chemicals, Polymers, Plastics & Packaging",PLASTICOS CENTRAL 30 S.A. DE C.V.,plasticoscentral.com,Guillermo Martínez,Chief Executive Officer (CEO),C_SUITE,EXECUTIVE,gmartínez@plasticoscentral.com,VERIFIED,85,+524958347274,2026-09-06T14:31:01.777989+00:00
"Chemicals, Polymers, Plastics & Packaging",PLASTICOS CENTRAL S.A.B. DE C.V.,plasticoscentral95.com.mx,Guillermo Vega,Chief Financial Officer (CFO),C_SUITE,FINANCE,gvega@plasticoscentral95.com.mx,VERIFIED,85,+526955066007,2026-09-06T14:31:01.777989+00:00
"Chemicals, Polymers, Plastics & Packaging",PLASTICOS CENTRAL S.A. DE C.V.,plasticoscentral.com.mx,Roberto Mendoza,Chief Executive Officer (CEO),C_SUITE,EXECUTIVE,rmendoza@plasticoscentral.com.mx,VERIFIED,85,+525013487384,2026-09-06T14:31:01.777989+00:00
"Chemicals, Polymers, Plastics & Packaging",PLASTICOS CENTRAL S.C.,plasticoscentral8.com.mx,Eduardo Vega,Chief Executive Officer (CEO),C_SUITE,EXECUTIVE,evega@plasticoscentral8.com.mx,VERIFIED,85,+526711847681,2026-09-06T14:31:01.777989+00:00
"Chemicals, Polymers, Plastics & Packaging",PLASTICOS CENTRAL S. DE R.L. DE C.V.,plasticoscentral.mx,Guillermo Mendoza,Chief Human Resources Officer (CHRO),C_SUITE,HR_PEOPLE,gmendoza@plasticoscentral.mx,VERIFIED,85,+528988126700,2026-09-06T14:31:01.777989+00:00
"Chemicals, Polymers, Plastics & Packaging",QUIMICA NACIONAL S.A.P.I. DE C.V.,quimicanacional.com.mx,Andrea López,Chief Executive Officer (CEO),C_SUITE,EXECUTIVE,alópez@quimicanacional.com.mx,VERIFIED,85,+527130931893,2026-09-06T14:31:01.777989+00:00
"Chemicals, Polymers, Plastics & Packaging",QUIMICA NACIONAL S.C.,quimicanacional91.mx,Carlos Valenzuela,Chief Financial Officer (CFO),C_SUITE,FINANCE,cvalenzuela@quimicanacional91.mx,VERIFIED,85,+527333647684,2026-09-06T14:31:01.777989+00:00
"Chemicals, Polymers, Plastics & Packaging",QUIMICA NACIONAL S.A.S.,quimicanacional.com,Javier García,Chief Executive Officer (CEO),C_SUITE,EXECUTIVE,jgarcía@quimicanacional.com,VERIFIED,85,+525071172985,2026-09-06T14:31:01.777989+00:00
"Chemicals, Polymers, Plastics & Packaging",EMPAQUES DE OCCIDENTE S.A.S.,empaquesdeoccident.mx,Luis Salinas,Founder,FOUNDER,EXECUTIVE,lsalinas@empaquesdeoccident.mx,VERIFIED,85,+524556043807,2026-09-06T14:31:01.777989+00:00
"Chemicals, Polymers, Plastics & Packaging",EMPAQUES DE OCCIDENTE S.A.S.,empaquesdeoccident.mx,Alejandro Hernández,Founder,FOUNDER,EXECUTIVE,ahernández@empaquesdeoccident.mx,VERIFIED,85,+528862365867,2026-09-06T14:31:01.777989+00:00
"Chemicals, Polymers, Plastics & Packaging",EMPAQUES DE LAS AMERICAS S.A.S.,empaquesdelasameri.com.mx,Adriana Valenzuela,Founder,FOUNDER,EXECUTIVE,avalenzuela@empaquesdelasameri.com.mx,VERIFIED,85,+527768688889,2026-09-06T14:31:01.777989+00:00
"Chemicals, Polymers, Plastics & Packaging",EMPAQUES DE LAS AMERICAS S.A.P.I. DE C.V.,empaquesdelasameri.mx,Gabriel Salinas,Chief Operating Officer (COO),C_SUITE,OPERATIONS,gsalinas@empaquesdelasameri.mx,VERIFIED,85,+527437119694,2026-09-06T14:31:01.777989+00:00
"Chemicals, Polymers, Plastics & Packaging",EMPAQUES DE OCCIDENTE S.C.,empaquesdeoccident.com.mx,Carlos Garza,Chief Technology Officer (CTO),C_SUITE,ENGINEERING_IT,cgarza@empaquesdeoccident.com.mx,VERIFIED,85,+525122947367,2026-09-06T14:31:01.777989+00:00
"Chemicals, Polymers, Plastics & Packaging",EMPAQUES DE OCCIDENTE S.C.,empaquesdeoccident.com.mx,Hector Ruiz,Chief Revenue Officer (CRO),C_SUITE,SALES_MARKETING,hruiz@empaquesdeoccident.com.mx,VERIFIED,85,+525866431319,2026-09-06T14:31:01.777989+00:00
"Chemicals, Polymers, Plastics & Packaging",PLASTICOS INTEGRAL S. DE R.L. DE C.V.,plasticosintegral.com.mx,Daniel Mendoza,Chief Revenue Officer (CRO),C_SUITE,SALES_MARKETING,dmendoza@plasticosintegral.com.mx,VERIFIED,85,+526470963409,2026-09-06T14:31:01.777989+00:00
"Chemicals, Polymers, Plastics & Packaging",PLASTICOS INDUSTRIAL S.A.B. DE C.V.,plasticosindustria.com.mx,David Martínez,Chief Operating Officer (COO),C_SUITE,OPERATIONS,dmartínez@plasticosindustria.com.mx,VERIFIED,85,+528115783228,2026-09-06T14:31:01.777989+00:00
"Chemicals, Polymers, Plastics & Packaging",PLASTICOS INDUSTRIAL S.A.B. DE C.V.,plasticosindustria.com.mx,Eduardo Dominguez,Chief Financial Officer (CFO),C_SUITE,FINANCE,edominguez@plasticosindustria.com.mx,VERIFIED,85,+528130682773,2026-09-06T14:31:01.777989+00:00
"Chemicals, Polymers, Plastics & Packaging",PLASTICOS ESPECIALIZADA S.A.P.I. DE C.V.,plasticosespeciali.mx,Eduardo Martínez,Founder,FOUNDER,EXECUTIVE,emartínez@plasticosespeciali.mx,VERIFIED,85,+524890880247,2026-09-06T14:31:01.777989+00:00
"Chemicals, Polymers, Plastics & Packaging",PLASTICOS ESPECIALIZADA S.A.P.I. DE C.V.,plasticosespeciali.mx,Andrea Vega,Chief Executive Officer (CEO),C_SUITE,EXECUTIVE,avega@plasticosespeciali.mx,VERIFIED,85,+524966371219,2026-09-06T14:31:01.777989+00:00
"Chemicals, Polymers, Plastics & Packaging",PLASTICOS ESPECIALIZADA 11 S.A.B. DE C.V.,plasticosespeciali.com.mx,Fernando Ruiz,Chief Financial Officer (CFO),C_SUITE,FINANCE,fruiz@plasticosespeciali.com.mx,VERIFIED,85,+528982317977,2026-09-06T14:31:01.777989+00:00
"Chemicals, Polymers, Plastics & Packaging",PLASTICOS DINAMICA S.A.P.I. DE C.V.,plasticosdinamica.mx,Daniel Hernández,Chief Operating Officer (COO),C_SUITE,OPERATIONS,dhernández@plasticosdinamica.mx,VERIFIED,85,+527230665981,2026-09-06T14:31:01.777989+00:00
"Chemicals, Polymers, Plastics & Packaging",PLASTICOS DINAMICA S.C.,plasticosdinamica.com,Guillermo Dominguez,Chief Operating Officer (COO),C_SUITE,OPERATIONS,gdominguez@plasticosdinamica.com,VERIFIED,85,+528570538715,2026-09-06T14:31:01.777989+00:00
"Chemicals, Polymers, Plastics & Packaging",PLASTICOS DINAMICA S.C.,plasticosdinamica.com,Eduardo Garza,Chief Executive Officer (CEO),C_SUITE,EXECUTIVE,egarza@plasticosdinamica.com,VERIFIED,85,+529054207742,2026-09-06T14:31:01.777989+00:00
"Chemicals, Polymers, Plastics & Packaging",QUIMICA INTEGRAL S.A.P.I. DE C.V.,quimicaintegral.mx,Hector Garza,Chief Technology Officer (CTO),C_SUITE,ENGINEERING_IT,hgarza@quimicaintegral.mx,VERIFIED,85,+526460882324,2026-09-06T14:31:01.777989+00:00
"Chemicals, Polymers, Plastics & Packaging",PLASTICOS GLOBAL S.C.,plasticosglobal33.com.mx,Carlos Villaseñor,Chief Executive Officer (CEO),C_SUITE,EXECUTIVE,cvillaseñor@plasticosglobal33.com.mx,VERIFIED,85,+529995931180,2026-09-06T14:31:01.777989+00:00
"Chemicals, Polymers, Plastics & Packaging",PLASTICOS GLOBAL S.C.,plasticosglobal33.com.mx,David Hernández,Chief Revenue Officer (CRO),C_SUITE,SALES_MARKETING,dhernández@plasticosglobal.com,VERIFIED,85,+528470779012,2026-09-06T14:31:01.777989+00:00
"Chemicals, Polymers, Plastics & Packaging",PLASTICOS GLOBAL S. DE R.L. DE C.V.,plasticosglobal.com,Sofia Salinas,Founder,FOUNDER,EXECUTIVE,ssalinas@plasticosglobal.com,VERIFIED,85,+526914221243,2026-09-06T14:31:01.777989+00:00
"Chemicals, Polymers, Plastics & Packaging",EMPAQUES INTERNACIONAL S.C.,empaquesinternacio.com,Guillermo Navarro,Chief Executive Officer (CEO),C_SUITE,EXECUTIVE,gnavarro@empaquesinternacio.com,VERIFIED,85,+526532049114,2026-09-06T14:31:01.777989+00:00
"Chemicals, Polymers, Plastics & Packaging",EMPAQUES INTERNACIONAL S.C.,empaquesinternacio.com,Guillermo García,Chief Revenue Officer (CRO),C_SUITE,SALES_MARKETING,ggarcía@empaquesinternacio.com,VERIFIED,85,+528645284403,2026-09-06T14:31:01.777989+00:00
"Chemicals, Polymers, Plastics & Packaging",EMPAQUES INTERNACIONAL S.C.,empaquesinternacio.com,Andrea Hernández,Chief Executive Officer (CEO),C_SUITE,EXECUTIVE,ahernández@empaquesinternacio.com,VERIFIED,85,+524875294328,2026-09-06T14:31:01.777989+00:00
"Chemicals, Polymers, Plastics & Packaging",EMPAQUES INTERNACIONAL S.A.B. DE C.V.,empaquesinternacio.mx,Gabriel Navarro,Chief Revenue Officer (CRO),C_SUITE,SALES_MARKETING,gnavarro@empaquesinternacio.mx,VERIFIED,85,+528083778747,2026-09-06T14:31:01.777989+00:00
"Chemicals, Polymers, Plastics & Packaging",QUIMICA NACIONAL S. DE R.L. DE C.V.,quimicanacional.com,Alejandro Hernández,Chief Human Resources Officer (CHRO),C_SUITE,HR_PEOPLE,ahernández@quimicanacional.com,VERIFIED,85,+528593610969,2026-09-06T14:31:01.777989+00:00
"Chemicals, Polymers, Plastics & Packaging",QUIMICA NACIONAL S. DE R.L. DE C.V.,quimicanacional.com,Luis Hernández,Founder,FOUNDER,EXECUTIVE,lhernández@quimicanacional.com,VERIFIED,85,+526864867589,2026-09-06T14:31:01.777989+00:00
"Chemicals, Polymers, Plastics & Packaging",QUIMICA NACIONAL S. DE R.L. DE C.V.,quimicanacional.com,Andrea Martínez,Chief Operating Officer (COO),C_SUITE,OPERATIONS,amartínez@quimicanacional.com,VERIFIED,85,+524085178342,2026-09-06T14:31:01.777989+00:00
"Chemicals, Polymers, Plastics & Packaging",EMPAQUES INDUSTRIAL 27 S. DE R.L. DE C.V.,empaquesindustrial.mx,Adriana Navarro,Chief Executive Officer (CEO),C_SUITE,EXECUTIVE,anavarro@empaquesindustrial.mx,VERIFIED,85,+527449535318,2026-09-06T14:31:01.777989+00:00
"Chemicals, Polymers, Plastics & Packaging",EMPAQUES INDUSTRIAL 27 S. DE R.L. DE C.V.,empaquesindustrial.mx,Miguel Benítez,Chief Financial Officer (CFO),C_SUITE,FINANCE,mbenítez@empaquesindustrial.mx,VERIFIED,85,+527138994956,2026-09-06T14:31:01.777989+00:00
"Chemicals, Polymers, Plastics & Packaging",EMPAQUES INDUSTRIAL 27 S. DE R.L. DE C.V.,empaquesindustrial.mx,Jorge Ruiz,Chief Executive Officer (CEO),C_SUITE,EXECUTIVE,jruiz@empaquesindustrial.mx,VERIFIED,85,+529413310206,2026-09-06T14:31:01.777989+00:00
"Chemicals, Polymers, Plastics & Packaging",EMPAQUES INDUSTRIAL S.A.B. DE C.V.,empaquesindustrial.com.mx,Eduardo López,Chief Human Resources Officer (CHRO),C_SUITE,HR_PEOPLE,elópez@empaquesindustrial.com.mx,VERIFIED,85,+524861831238,2026-09-06T14:31:01.777989+00:00
"Chemicals, Polymers, Plastics & Packaging",EMPAQUES INDUSTRIAL S.A.B. DE C.V.,empaquesindustrial.com.mx,Jorge Alarcón,Chief Executive Officer (CEO),C_SUITE,EXECUTIVE,jalarcón@empaquesindustrial.com.mx,VERIFIED,85,+528429033352,2026-09-06T14:31:01.777989+00:00
"Chemicals, Polymers, Plastics & Packaging",EMPAQUES INDUSTRIAL S.A.B. DE C.V.,empaquesindustrial.com.mx,Patricia Garza,Founder,FOUNDER,EXECUTIVE,pgarza@empaquesindustrial.com.mx,VERIFIED,85,+525975917279,2026-09-06T14:31:01.777989+00:00
"Chemicals, Polymers, Plastics & Packaging",EMPAQUES DINAMICA S.C.,empaquesdinamica.com.mx,Hector Navarro,Chief Financial Officer (CFO),C_SUITE,FINANCE,hnavarro@empaquesdinamica.com.mx,VERIFIED,85,+527014563655,2026-09-06T14:31:01.777989+00:00
"Chemicals, Polymers, Plastics & Packaging",EMPAQUES DINAMICA S.C.,empaquesdinamica.com.mx,Luis Salinas,Chief Executive Officer (CEO),C_SUITE,EXECUTIVE,lsalinas@empaquesdinamica.com,VERIFIED,85,+524940473753,2026-09-06T14:31:01.777989+00:00
"Chemicals, Polymers, Plastics & Packaging",EMPAQUES DINAMICA S.C.,empaquesdinamica.com,Mariana García,Chief Technology Officer (CTO),C_SUITE,ENGINEERING_IT,mgarcía@empaquesdinamica.com,VERIFIED,85,+524495150975,2026-09-06T14:31:01.777989+00:00
"Chemicals, Polymers, Plastics & Packaging",EMPAQUES DINAMICA S.C.,empaquesdinamica.com,Fernando Benítez,Chief Executive Officer (CEO),C_SUITE,EXECUTIVE,fbenítez@empaquesdinamica54.com,VERIFIED,85,+524698912486,2026-09-06T14:31:01.777989+00:00
"Chemicals, Polymers, Plastics & Packaging",PLASTICOS MEXICANA S.A.S.,plasticosmexicana9.com,Fernando Vega,Chief Technology Officer (CTO),C_SUITE,ENGINEERING_IT,fvega@plasticosmexicana9.com,VERIFIED,85,+528343288581,2026-09-06T14:31:01.777989+00:00
"Chemicals, Polymers, Plastics & Packaging",EMPAQUES AVANZADA S. DE R.L. DE C.V.,empaquesavanzada.mx,Jorge Mendoza,Founder,FOUNDER,EXECUTIVE,jmendoza@empaquesavanzada.mx,VERIFIED,85,+526144453976,2026-09-06T14:31:01.777989+00:00
"Chemicals, Polymers, Plastics & Packaging",EMPAQUES AVANZADA S. DE R.L. DE C.V.,empaquesavanzada.mx,Mariana Benítez,Chief Financial Officer (CFO),C_SUITE,FINANCE,mbenítez@empaquesavanzada.mx,VERIFIED,85,+526215724275,2026-09-06T14:31:01.777989+00:00
"Chemicals, Polymers, Plastics & Packaging",EMPAQUES AVANZADA S. DE R.L. DE C.V.,empaquesavanzada.mx,Eduardo Mendoza,Chief Revenue Officer (CRO),C_SUITE,SALES_MARKETING,emendoza@empaquesavanzada.com.mx,VERIFIED,85,+528830999783,2026-09-06T14:31:01.777989+00:00
"Chemicals, Polymers, Plastics & Packaging",EMPAQUES AVANZADA S. DE R.L. DE C.V.,empaquesavanzada.mx,Patricia Castro,Founder,FOUNDER,EXECUTIVE,pcastro@empaquesavanzada.mx,VERIFIED,85,+528574250263,2026-09-06T14:31:01.777989+00:00
"Chemicals, Polymers, Plastics & Packaging",EMPAQUES AVANZADA S.A.S.,empaquesavanzada.com.mx,Roberto Garza,Chief Executive Officer (CEO),C_SUITE,EXECUTIVE,rgarza@empaquesavanzada.com.mx,VERIFIED,85,+529958107743,2026-09-06T14:31:01.777989+00:00
"Chemicals, Polymers, Plastics & Packaging",EMPAQUES GLOBAL S.A.B. DE C.V.,empaquesglobal.mx,Miguel Treviño,Chief Executive Officer (CEO),C_SUITE,EXECUTIVE,mtreviño@empaquesglobal.mx,VERIFIED,85,+524792012698,2026-09-06T14:31:01.790521+00:00
"Chemicals, Polymers, Plastics & Packaging",EMPAQUES GLOBAL S.A. DE C.V.,empaquesglobal.com.mx,Sofia Vega,Chief Executive Officer (CEO),C_SUITE,EXECUTIVE,svega@empaquesglobal.com.mx,VERIFIED,85,+529644190664,2026-09-06T14:31:01.790521+00:00
"Chemicals, Polymers, Plastics & Packaging",EMPAQUES DINAMICA 45 S. DE R.L. DE C.V.,empaquesdinamica.mx,Sofia Valenzuela,Founder,FOUNDER,EXECUTIVE,svalenzuela@empaquesdinamica.mx,VERIFIED,85,+524466022474,2026-09-06T14:31:01.790521+00:00
"Chemicals, Polymers, Plastics & Packaging",EMPAQUES DINAMICA S.A.B. DE C.V.,empaquesdinamica.com.mx,Rodrigo López,Chief Revenue Officer (CRO),C_SUITE,SALES_MARKETING,rlópez@empaquesdinamica.com.mx,VERIFIED,85,+529924121616,2026-09-06T14:31:01.790521+00:00
"Chemicals, Polymers, Plastics & Packaging",EMPAQUES DINAMICA S.A.B. DE C.V.,empaquesdinamica.com.mx,Javier Treviño,Chief Financial Officer (CFO),C_SUITE,FINANCE,jtreviño@empaquesdinamica.com.mx,VERIFIED,85,+529112694746,2026-09-06T14:31:01.790521+00:00
"Chemicals, Polymers, Plastics & Packaging",QUIMICA GLOBAL 6 S.A. DE C.V.,quimicaglobal.com.mx,Mariana García,Chief Revenue Officer (CRO),C_SUITE,SALES_MARKETING,mgarcía@quimicaglobal.com.mx,VERIFIED,85,+529856924277,2026-09-06T14:31:01.790521+00:00
"Chemicals, Polymers, Plastics & Packaging",QUIMICA GLOBAL 6 S.A. DE C.V.,quimicaglobal.com.mx,Carlos Martínez,Chief Operating Officer (COO),C_SUITE,OPERATIONS,cmartínez@quimicaglobal.com.mx,VERIFIED,85,+526196593656,2026-09-06T14:31:01.790521+00:00
"Chemicals, Polymers, Plastics & Packaging",EMPAQUES INTEGRAL S.A.B. DE C.V.,empaquesintegral.com.mx,Patricia Castro,Chief Financial Officer (CFO),C_SUITE,FINANCE,pcastro@empaquesintegral.com.mx,VERIFIED,85,+523386669616,2026-09-06T14:31:01.790521+00:00
"Chemicals, Polymers, Plastics & Packaging",EMPAQUES INTEGRAL S.A. DE C.V.,empaquesintegral.com,Rodrigo Hernández,Chief Revenue Officer (CRO),C_SUITE,SALES_MARKETING,rhernández@empaquesintegral.com,VERIFIED,85,+523333518248,2026-09-06T14:31:01.790521+00:00
"Chemicals, Polymers, Plastics & Packaging",EMPAQUES INTEGRAL S.A.S.,empaquesintegral48.com,Carlos Benítez,Chief Operating Officer (COO),C_SUITE,OPERATIONS,cbenítez@empaquesintegral48.com,VERIFIED,85,+523379372958,2026-09-06T14:31:01.790521+00:00
"Chemicals, Polymers, Plastics & Packaging",EMPAQUES INDUSTRIAL S.C.,empaquesindustrial.mx,Claudia Castro,Chief Human Resources Officer (CHRO),C_SUITE,HR_PEOPLE,ccastro@empaquesindustrial.mx,VERIFIED,85,+525377860204,2026-09-06T14:31:01.790521+00:00
"Chemicals, Polymers, Plastics & Packaging",EMPAQUES INDUSTRIAL S.C.,empaquesindustrial.mx,Guillermo Salinas,Chief Operating Officer (COO),C_SUITE,OPERATIONS,gsalinas@empaquesindustrial.mx,VERIFIED,85,+524365972071,2026-09-06T14:31:01.790521+00:00
"Chemicals, Polymers, Plastics & Packaging",EMPAQUES INDUSTRIAL S.C.,empaquesindustrial.mx,Hector García,Chief Operating Officer (COO),C_SUITE,OPERATIONS,hgarcía@empaquesindustrial.com.mx,VERIFIED,85,+527519063615,2026-09-06T14:31:01.790521+00:00
"Chemicals, Polymers, Plastics & Packaging",EMPAQUES INDUSTRIAL S.A.P.I. DE C.V.,empaquesindustrial.com.mx,Eduardo Salinas,Chief Financial Officer (CFO),C_SUITE,FINANCE,esalinas@empaquesindustrial.com.mx,VERIFIED,85,+526326948478,2026-09-06T14:31:01.790521+00:00
"Chemicals, Polymers, Plastics & Packaging",EMPAQUES INDUSTRIAL S.A.P.I. DE C.V.,empaquesindustrial.com,Patricia Treviño,Chief Financial Officer (CFO),C_SUITE,FINANCE,ptreviño@empaquesindustrial.com,VERIFIED,85,+528089167464,2026-09-06T14:31:01.790521+00:00
"Chemicals, Polymers, Plastics & Packaging",PLASTICOS ESPECIALIZADA S.A.B. DE C.V.,plasticosespeciali.mx,Carlos Martínez,Founder,FOUNDER,EXECUTIVE,cmartínez@plasticosespeciali.mx,VERIFIED,85,+525251581214,2026-09-06T14:31:01.790521+00:00
"Chemicals, Polymers, Plastics & Packaging",PLASTICOS ESPECIALIZADA S.A.B. DE C.V.,plasticosespeciali.mx,Hector Salinas,Chief Executive Officer (CEO),C_SUITE,EXECUTIVE,hsalinas@plasticosespeciali.com,VERIFIED,85,+528381643898,2026-09-06T14:31:01.790521+00:00
"Chemicals, Polymers, Plastics & Packaging",PLASTICOS ESPECIALIZADA S.A.S.,plasticosespeciali.com.mx,Hector Morales,Founder,FOUNDER,EXECUTIVE,hmorales@plasticosespeciali.com.mx,VERIFIED,85,+528659426489,2026-09-06T14:31:01.790521+00:00
"Chemicals, Polymers, Plastics & Packaging",PLASTICOS INTERNACIONAL S.A.P.I. DE C.V.,plasticosinternaci.com,Fernando González,Chief Human Resources Officer (CHRO),C_SUITE,HR_PEOPLE,fgonzález@plasticosinternaci.com,VERIFIED,85,+528653819666,2026-09-06T14:31:01.792111+00:00
"Chemicals, Polymers, Plastics & Packaging",PLASTICOS INTERNACIONAL S.A.P.I. DE C.V.,plasticosinternaci.com,Claudia Ruiz,Chief Executive Officer (CEO),C_SUITE,EXECUTIVE,cruiz@plasticosinternaci.com,VERIFIED,85,+528822320947,2026-09-06T14:31:01.792111+00:00
"Chemicals, Polymers, Plastics & Packaging",PLASTICOS INTERNACIONAL S. DE R.L. DE C.V.,plasticosinternaci.com.mx,Alejandro Navarro,Chief Executive Officer (CEO),C_SUITE,EXECUTIVE,anavarro@plasticosinternaci.com.mx,VERIFIED,85,+524475071919,2026-09-06T14:31:01.792111+00:00
"Chemicals, Polymers, Plastics & Packaging",PLASTICOS INTERNACIONAL S.A.P.I. DE C.V.,plasticosinternaci.mx,Hector Vega,Chief Technology Officer (CTO),C_SUITE,ENGINEERING_IT,hvega@plasticosinternaci.mx,VERIFIED,85,+527085839881,2026-09-06T14:31:01.792111+00:00
"Chemicals, Polymers, Plastics & Packaging",PLASTICOS CENTRAL S.A.B. DE C.V.,plasticoscentral.com,Fernando Navarro,Chief Executive Officer (CEO),C_SUITE,EXECUTIVE,fnavarro@plasticoscentral.com,VERIFIED,85,+524045528834,2026-09-06T14:31:01.792843+00:00
"Chemicals, Polymers, Plastics & Packaging",EMPAQUES EMPRESARIAL S.A.S.,empaquesempresaria.mx,Javier Dominguez,Founder,FOUNDER,EXECUTIVE,jdominguez@empaquesempresaria.mx,VERIFIED,85,+527859186131,2026-09-06T14:31:01.792843+00:00
"Chemicals, Polymers, Plastics & Packaging",EMPAQUES EMPRESARIAL S.A.B. DE C.V.,empaquesempresaria.com.mx,Carlos Ruiz,Chief Revenue Officer (CRO),C_SUITE,SALES_MARKETING,cruiz@empaquesempresaria.com.mx,VERIFIED,85,+525492586019,2026-09-06T14:31:01.792843+00:00
"Chemicals, Polymers, Plastics & Packaging",EMPAQUES NACIONAL S.C.,empaquesnacional28.mx,Patricia Morales,Chief Revenue Officer (CRO),C_SUITE,SALES_MARKETING,pmorales@empaquesnacional28.mx,VERIFIED,85,+528180427115,2026-09-06T14:31:01.792843+00:00
"Chemicals, Polymers, Plastics & Packaging",EMPAQUES NACIONAL 26 S.A.S.,empaquesnacional39.com,Carlos Garza,Chief Executive Officer (CEO),C_SUITE,EXECUTIVE,cgarza@empaquesnacional39.com,VERIFIED,85,+528190879581,2026-09-06T14:31:01.792843+00:00
"Chemicals, Polymers, Plastics & Packaging",EMPAQUES GLOBAL S.A. DE C.V.,empaquesglobal20.mx,Jorge Castro,Chief Operating Officer (COO),C_SUITE,OPERATIONS,jcastro@empaquesglobal20.mx,VERIFIED,85,+528717316679,2026-09-06T14:31:01.792843+00:00
"Chemicals, Polymers, Plastics & Packaging",EMPAQUES GLOBAL S.A. DE C.V.,empaquesglobal20.mx,Fernando Salinas,Chief Revenue Officer (CRO),C_SUITE,SALES_MARKETING,fsalinas@empaquesglobal.com.mx,VERIFIED,85,+529576924380,2026-09-06T14:31:01.792843+00:00
"Chemicals, Polymers, Plastics & Packaging",EMPAQUES GLOBAL 14 S.A.S.,empaquesglobal33.com,Hector Vega,Chief Technology Officer (CTO),C_SUITE,ENGINEERING_IT,hvega@empaquesglobal33.com,VERIFIED,85,+524130100490,2026-09-06T14:31:01.792843+00:00
"Chemicals, Polymers, Plastics & Packaging",EMPAQUES GLOBAL S.A. DE C.V.,empaquesglobal89.com.mx,Mariana Salinas,Chief Financial Officer (CFO),C_SUITE,FINANCE,msalinas@empaquesglobal89.com.mx,VERIFIED,85,+525876602475,2026-09-06T14:31:01.792843+00:00
"Chemicals, Polymers, Plastics & Packaging",PLASTICOS NACIONAL S.A.B. DE C.V.,plasticosnacional.com.mx,Fernando Dominguez,Chief Revenue Officer (CRO),C_SUITE,SALES_MARKETING,fdominguez@plasticosnacional.com.mx,VERIFIED,85,+527187482600,2026-09-06T14:31:01.792843+00:00
"Chemicals, Polymers, Plastics & Packaging",PLASTICOS NACIONAL S.A.B. DE C.V.,plasticosnacional.com.mx,Rodrigo Garza,Chief Executive Officer (CEO),C_SUITE,EXECUTIVE,rgarza@plasticosnacional.com.mx,VERIFIED,85,+525355909239,2026-09-06T14:31:01.792843+00:00
"Chemicals, Polymers, Plastics & Packaging",PLASTICOS NACIONAL S. DE R.L. DE C.V.,plasticosnacional.mx,Roberto Castro,Chief Financial Officer (CFO),C_SUITE,FINANCE,rcastro@plasticosnacional.mx,VERIFIED,85,+528182330087,2026-09-06T14:31:01.792843+00:00
"Chemicals, Polymers, Plastics & Packaging",PLASTICOS NACIONAL S.A.B. DE C.V.,plasticosnacional8.com,Miguel García,Chief Technology Officer (CTO),C_SUITE,ENGINEERING_IT,mgarcía@plasticosnacional8.com,VERIFIED,85,+529627241626,2026-09-06T14:31:01.792843+00:00
"Chemicals, Polymers, Plastics & Packaging",PLASTICOS AVANZADA S.A.P.I. DE C.V.,plasticosavanzada.mx,Fernando López,Founder,FOUNDER,EXECUTIVE,flópez@plasticosavanzada.mx,VERIFIED,85,+527454337481,2026-09-06T14:31:01.793898+00:00
"Chemicals, Polymers, Plastics & Packaging",PLASTICOS AVANZADA S.A.S.,plasticosavanzada3.mx,Roberto Mendoza,Founder,FOUNDER,EXECUTIVE,rmendoza@plasticosavanzada3.mx,VERIFIED,85,+526031122307,2026-09-06T14:31:01.793898+00:00
"Chemicals, Polymers, Plastics & Packaging",PLASTICOS AVANZADA S.A.S.,plasticosavanzada.com,Daniel González,Founder,FOUNDER,EXECUTIVE,dgonzález@plasticosavanzada.com,VERIFIED,85,+525392004518,2026-09-06T14:31:01.793898+00:00
"Chemicals, Polymers, Plastics & Packaging",PLASTICOS AVANZADA S.A.S.,plasticosavanzada.com,Hector García,Chief Human Resources Officer (CHRO),C_SUITE,HR_PEOPLE,hgarcía@plasticosavanzada4.mx,VERIFIED,85,+527724888133,2026-09-06T14:31:01.793898+00:00
"Chemicals, Polymers, Plastics & Packaging",PLASTICOS AVANZADA S.A. DE C.V.,plasticosavanzada5.mx,Javier Castro,Chief Financial Officer (CFO),C_SUITE,FINANCE,jcastro@plasticosavanzada5.mx,VERIFIED,85,+526829448518,2026-09-06T14:31:01.793898+00:00
"Chemicals, Polymers, Plastics & Packaging",PLASTICOS AVANZADA S.A.S.,plasticosavanzada5.com,Patricia Vega,Chief Executive Officer (CEO),C_SUITE,EXECUTIVE,pvega@plasticosavanzada5.com,VERIFIED,85,+528871034507,2026-09-06T14:31:01.793898+00:00
"Chemicals, Polymers, Plastics & Packaging",EMPAQUES MODERNA S.A.B. DE C.V.,empaquesmoderna87.mx,Adriana Villaseñor,Chief Executive Officer (CEO),C_SUITE,EXECUTIVE,avillaseñor@empaquesmoderna87.mx,VERIFIED,85,+527064316185,2026-09-06T14:31:01.793898+00:00
"Chemicals, Polymers, Plastics & Packaging",EMPAQUES MODERNA S.A.B. DE C.V.,empaquesmoderna87.mx,Adriana Vega,Chief Human Resources Officer (CHRO),C_SUITE,HR_PEOPLE,avega@empaquesmoderna.com,VERIFIED,85,+528682662045,2026-09-06T14:31:01.793898+00:00
"Chemicals, Polymers, Plastics & Packaging",EMPAQUES MODERNA S.A. DE C.V.,empaquesmoderna.mx,Daniel Benítez,Chief Operating Officer (COO),C_SUITE,OPERATIONS,dbenítez@empaquesmoderna.mx,VERIFIED,85,+529994876213,2026-09-06T14:31:01.793898+00:00
"Chemicals, Polymers, Plastics & Packaging",EMPAQUES MODERNA S.A. DE C.V.,empaquesmoderna.mx,Rodrigo Vega,Chief Operating Officer (COO),C_SUITE,OPERATIONS,rvega@empaquesmoderna71.com.mx,VERIFIED,85,+527824752539,2026-09-06T14:31:01.793898+00:00
"Chemicals, Polymers, Plastics & Packaging",EMPAQUES MODERNA S.A. DE C.V.,empaquesmoderna.mx,Javier González,Chief Executive Officer (CEO),C_SUITE,EXECUTIVE,jgonzález@empaquesmoderna.mx,VERIFIED,85,+524825942419,2026-09-06T14:31:01.793898+00:00
"Chemicals, Polymers, Plastics & Packaging",QUIMICA MODERNA S.A.B. DE C.V.,quimicamoderna.com.mx,Sofia Navarro,Chief Technology Officer (CTO),C_SUITE,ENGINEERING_IT,snavarro@quimicamoderna.com.mx,VERIFIED,85,+524849936575,2026-09-06T14:31:01.793898+00:00
"Chemicals, Polymers, Plastics & Packaging",QUIMICA MODERNA S.A.B. DE C.V.,quimicamoderna.com.mx,Alejandro Morales,Chief Executive Officer (CEO),C_SUITE,EXECUTIVE,amorales@quimicamoderna.com.mx,VERIFIED,85,+524014555432,2026-09-06T14:31:01.793898+00:00
"Chemicals, Polymers, Plastics & Packaging",QUIMICA MODERNA 95 S.A.S.,quimicamoderna22.com,Hector Martínez,Chief Operating Officer (COO),C_SUITE,OPERATIONS,hmartínez@quimicamoderna22.com,VERIFIED,85,+528834381191,2026-09-06T14:31:01.793898+00:00
"Chemicals, Polymers, Plastics & Packaging",QUIMICA MODERNA S.A.S.,quimicamoderna.mx,Sofia Dominguez,Chief Executive Officer (CEO),C_SUITE,EXECUTIVE,sdominguez@quimicamoderna.mx,VERIFIED,85,+526662363177,2026-09-06T14:31:01.793898+00:00
"Chemicals, Polymers, Plastics & Packaging",QUIMICA MODERNA S.A.S.,quimicamoderna.mx,Alejandro Salinas,Chief Revenue Officer (CRO),C_SUITE,SALES_MARKETING,asalinas@quimicamoderna.mx,VERIFIED,85,+529883298265,2026-09-06T14:31:01.793898+00:00
"Chemicals, Polymers, Plastics & Packaging",EMPAQUES LATINOAMERICANA S.A. DE C.V.,empaqueslatinoamer.com.mx,Roberto Ruiz,Chief Human Resources Officer (CHRO),C_SUITE,HR_PEOPLE,rruiz@empaqueslatinoamer.com.mx,VERIFIED,85,+524994028512,2026-09-06T14:31:01.793898+00:00
"Chemicals, Polymers, Plastics & Packaging",EMPAQUES LATINOAMERICANA S.A. DE C.V.,empaqueslatinoamer.com.mx,Gabriel Vega,Chief Technology Officer (CTO),C_SUITE,ENGINEERING_IT,gvega@empaqueslatinoamer.com.mx,VERIFIED,85,+528941773252,2026-09-06T14:31:01.793898+00:00
"Chemicals, Polymers, Plastics & Packaging",EMPAQUES LATINOAMERICANA S.A. DE C.V.,empaqueslatinoamer.com.mx,Hector Martínez,Chief Financial Officer (CFO),C_SUITE,FINANCE,hmartínez@empaqueslatinoamer.com.mx,VERIFIED,85,+524248739868,2026-09-06T14:31:01.793898+00:00
"Chemicals, Polymers, Plastics & Packaging",EMPAQUES LATINOAMERICANA S.C.,empaqueslatinoamer.mx,Gabriel Villaseñor,Chief Operating Officer (COO),C_SUITE,OPERATIONS,gvillaseñor@empaqueslatinoamer.mx,VERIFIED,85,+526813834114,2026-09-06T14:31:01.793898+00:00
"Chemicals, Polymers, Plastics & Packaging",EMPAQUES LATINOAMERICANA S. DE R.L. DE C.V.,empaqueslatinoamer.com,Hector Morales,Chief Revenue Officer (CRO),C_SUITE,SALES_MARKETING,hmorales@empaqueslatinoamer.com,VERIFIED,85,+529875096821,2026-09-06T14:31:01.793898+00:00
"Chemicals, Polymers, Plastics & Packaging",EMPAQUES NACIONAL S.A.P.I. DE C.V.,empaquesnacional.com,David Dominguez,Founder,FOUNDER,EXECUTIVE,ddominguez@empaquesnacional.com,VERIFIED,85,+528750014300,2026-09-06T14:31:01.793898+00:00
"Chemicals, Polymers, Plastics & Packaging",EMPAQUES NACIONAL S.A.P.I. DE C.V.,empaquesnacional.com,Hector García,Chief Executive Officer (CEO),C_SUITE,EXECUTIVE,hgarcía@empaquesnacional.com,VERIFIED,85,+525956015979,2026-09-06T14:31:01.793898+00:00
"Chemicals, Polymers, Plastics & Packaging",EMPAQUES NACIONAL S.A.P.I. DE C.V.,empaquesnacional.com,Claudia Ruiz,Chief Operating Officer (COO),C_SUITE,OPERATIONS,cruiz@empaquesnacional17.com.mx,VERIFIED,85,+524569391009,2026-09-06T14:31:01.793898+00:00
"Chemicals, Polymers, Plastics & Packaging",QUIMICA INTERNACIONAL S. DE R.L. DE C.V.,quimicainternacion.com.mx,Javier Ruiz,Chief Revenue Officer (CRO),C_SUITE,SALES_MARKETING,jruiz@quimicainternacion.com.mx,VERIFIED,85,+524718931568,2026-09-06T14:31:01.793898+00:00
"Chemicals, Polymers, Plastics & Packaging",PLASTICOS EMPRESARIAL S.A.P.I. DE C.V.,plasticosempresari.mx,Gabriel Morales,Chief Operating Officer (COO),C_SUITE,OPERATIONS,gmorales@plasticosempresari.mx,VERIFIED,85,+525032860549,2026-09-06T14:31:01.793898+00:00
"Chemicals, Polymers, Plastics & Packaging",PLASTICOS EMPRESARIAL S.A.B. DE C.V.,plasticosempresari.com.mx,Claudia Morales,Chief Operating Officer (COO),C_SUITE,OPERATIONS,cmorales@plasticosempresari.com.mx,VERIFIED,85,+526574269324,2026-09-06T14:31:01.793898+00:00
"Chemicals, Polymers, Plastics & Packaging",QUIMICA MODERNA 75 S. DE R.L. DE C.V.,quimicamoderna.mx,Sofia Martínez,Chief Executive Officer (CEO),C_SUITE,EXECUTIVE,smartínez@quimicamoderna.mx,VERIFIED,85,+529345110016,2026-09-06T14:31:01.793898+00:00
"Chemicals, Polymers, Plastics & Packaging",QUIMICA MODERNA 75 S. DE R.L. DE C.V.,quimicamoderna.mx,Jorge Morales,Chief Financial Officer (CFO),C_SUITE,FINANCE,jmorales@quimicamoderna.mx,VERIFIED,85,+525363610333,2026-09-06T14:31:01.793898+00:00
"Chemicals, Polymers, Plastics & Packaging",PLASTICOS ESPECIALIZADA S. DE R.L. DE C.V.,plasticosespeciali.mx,Mariana Mendoza,Chief Operating Officer (COO),C_SUITE,OPERATIONS,mmendoza@plasticosespeciali.mx,VERIFIED,85,+527668404251,2026-09-06T14:31:01.793898+00:00
"Chemicals, Polymers, Plastics & Packaging",PLASTICOS ESPECIALIZADA S. DE R.L. DE C.V.,plasticosespeciali.mx,Javier Morales,Chief Executive Officer (CEO),C_SUITE,EXECUTIVE,jmorales@plasticosespeciali.mx,VERIFIED,85,+524039406331,2026-09-06T14:31:01.793898+00:00
"Chemicals, Polymers, Plastics & Packaging",PLASTICOS ESPECIALIZADA S. DE R.L. DE C.V.,plasticosespeciali.com,Carlos Benítez,Chief Executive Officer (CEO),C_SUITE,EXECUTIVE,cbenítez@plasticosespeciali.com,VERIFIED,85,+526268290218,2026-09-06T14:31:01.793898+00:00
"Chemicals, Polymers, Plastics & Packaging",QUIMICA MODERNA S.A. DE C.V.,quimicamoderna.mx,David Alarcón,Chief Revenue Officer (CRO),C_SUITE,SALES_MARKETING,dalarcón@quimicamoderna.mx,VERIFIED,85,+525238565269,2026-09-06T14:31:01.793898+00:00
"Chemicals, Polymers, Plastics & Packaging",QUIMICA MODERNA S.A. DE C.V.,quimicamoderna.com,Jorge Martínez,Chief Human Resources Officer (CHRO),C_SUITE,HR_PEOPLE,jmartínez@quimicamoderna.com,VERIFIED,85,+529542938022,2026-09-06T14:31:01.793898+00:00
"Chemicals, Polymers, Plastics & Packaging",QUIMICA MODERNA S.A. DE C.V.,quimicamoderna.com,Fernando Vega,Chief Technology Officer (CTO),C_SUITE,ENGINEERING_IT,fvega@quimicamoderna77.com,VERIFIED,85,+529790021959,2026-09-06T14:31:01.793898+00:00
"Chemicals, Polymers, Plastics & Packaging",EMPAQUES DE LAS AMERICAS S.C.,empaquesdelasameri.com,Miguel Navarro,Founder,FOUNDER,EXECUTIVE,mnavarro@empaquesdelasameri.com,VERIFIED,85,+526560771504,2026-09-06T14:31:01.793898+00:00
"Chemicals, Polymers, Plastics & Packaging",EMPAQUES DE OCCIDENTE S.A.S.,empaquesdeoccident.com,Eduardo Morales,Chief Executive Officer (CEO),C_SUITE,EXECUTIVE,emorales@empaquesdeoccident.com,VERIFIED,85,+526379547036,2026-09-06T14:31:01.793898+00:00
"Chemicals, Polymers, Plastics & Packaging",EMPAQUES DE OCCIDENTE S.C.,empaquesdeoccident.com.mx,Patricia Treviño,Chief Human Resources Officer (CHRO),C_SUITE,HR_PEOPLE,ptreviño@empaquesdeoccident.com.mx,VERIFIED,85,+527855491377,2026-09-06T14:31:01.793898+00:00
"Chemicals, Polymers, Plastics & Packaging",EMPAQUES DE OCCIDENTE S.C.,empaquesdeoccident.com.mx,Alejandro Alarcón,Chief Technology Officer (CTO),C_SUITE,ENGINEERING_IT,aalarcón@empaquesdeoccident.com.mx,VERIFIED,85,+525149710638,2026-09-06T14:31:01.793898+00:00
"Chemicals, Polymers, Plastics & Packaging",EMPAQUES DE OCCIDENTE S.C.,empaquesdeoccident.com.mx,Sofia Salinas,Chief Financial Officer (CFO),C_SUITE,FINANCE,ssalinas@empaquesdeoccident.com.mx,VERIFIED,85,+526951041177,2026-09-06T14:31:01.793898+00:00
"Chemicals, Polymers, Plastics & Packaging",EMPAQUES EMPRESARIAL S.A. DE C.V.,empaquesempresaria.com,David Martínez,Chief Executive Officer (CEO),C_SUITE,EXECUTIVE,dmartínez@empaquesempresaria.com,VERIFIED,85,+527651330214,2026-09-06T14:31:01.793898+00:00
"Chemicals, Polymers, Plastics & Packaging",EMPAQUES EMPRESARIAL S.A. DE C.V.,empaquesempresaria.com,Alejandro Alarcón,Chief Human Resources Officer (CHRO),C_SUITE,HR_PEOPLE,aalarcón@empaquesempresaria.com,VERIFIED,85,+528349348938,2026-09-06T14:31:01.793898+00:00
"Chemicals, Polymers, Plastics & Packaging",EMPAQUES EMPRESARIAL S.A. DE C.V.,empaquesempresaria.com,Alejandro Martínez,Chief Financial Officer (CFO),C_SUITE,FINANCE,amartínez@empaquesempresaria.com,VERIFIED,85,+529869366922,2026-09-06T14:31:01.793898+00:00
"Chemicals, Polymers, Plastics & Packaging",PLASTICOS NACIONAL S. DE R.L. DE C.V.,plasticosnacional.com.mx,Adriana Navarro,Chief Human Resources Officer (CHRO),C_SUITE,HR_PEOPLE,anavarro@plasticosnacional.com.mx,VERIFIED,85,+526037068891,2026-09-06T14:31:01.793898+00:00
"Chemicals, Polymers, Plastics & Packaging",PLASTICOS NACIONAL 68 S.A.B. DE C.V.,plasticosnacional.com,Adriana López,Chief Human Resources Officer (CHRO),C_SUITE,HR_PEOPLE,alópez@plasticosnacional.com,VERIFIED,85,+526828178657,2026-09-06T14:31:01.793898+00:00
"Chemicals, Polymers, Plastics & Packaging",QUIMICA MODERNA S.A.B. DE C.V.,quimicamoderna.com.mx,Carlos Mendoza,Chief Revenue Officer (CRO),C_SUITE,SALES_MARKETING,cmendoza@quimicamoderna.com.mx,VERIFIED,85,+527094070131,2026-09-06T14:31:01.793898+00:00
"Chemicals, Polymers, Plastics & Packaging",QUIMICA MODERNA 4 S. DE R.L. DE C.V.,quimicamoderna38.com,Patricia Villaseñor,Chief Executive Officer (CEO),C_SUITE,EXECUTIVE,pvillaseñor@quimicamoderna38.com,VERIFIED,85,+524785392934,2026-09-06T14:31:01.793898+00:00
"Chemicals, Polymers, Plastics & Packaging",QUIMICA MODERNA S.A.B. DE C.V.,quimicamoderna15.com.mx,David Hernández,Chief Executive Officer (CEO),C_SUITE,EXECUTIVE,dhernández@quimicamoderna15.com.mx,VERIFIED,85,+528522974100,2026-09-06T14:31:01.793898+00:00
"Chemicals, Polymers, Plastics & Packaging",EMPAQUES MODERNA S. DE R.L. DE C.V.,empaquesmoderna85.com,Daniel Hernández,Chief Executive Officer (CEO),C_SUITE,EXECUTIVE,dhernández@empaquesmoderna85.com,VERIFIED,85,+529872813476,2026-09-06T14:31:01.793898+00:00
"Chemicals, Polymers, Plastics & Packaging",EMPAQUES GLOBAL S.A.P.I. DE C.V.,empaquesglobal.mx,Carlos Castro,Chief Operating Officer (COO),C_SUITE,OPERATIONS,ccastro@empaquesglobal.mx,VERIFIED,85,+526428838704,2026-09-06T14:31:01.793898+00:00
"Chemicals, Polymers, Plastics & Packaging",EMPAQUES GLOBAL S.A.P.I. DE C.V.,empaquesglobal.mx,Alejandro García,Founder,FOUNDER,EXECUTIVE,agarcía@empaquesglobal.com,VERIFIED,85,+527243950591,2026-09-06T14:31:01.793898+00:00
"Chemicals, Polymers, Plastics & Packaging",EMPAQUES GLOBAL S.C.,empaquesglobal.com.mx,Sofia Dominguez,Chief Operating Officer (COO),C_SUITE,OPERATIONS,sdominguez@empaquesglobal.com.mx,VERIFIED,85,+525818319459,2026-09-06T14:31:01.793898+00:00
"Chemicals, Polymers, Plastics & Packaging",EMPAQUES GLOBAL S.C.,empaquesglobal.com.mx,Luis Valenzuela,Chief Financial Officer (CFO),C_SUITE,FINANCE,lvalenzuela@empaquesglobal81.mx,VERIFIED,85,+529770090080,2026-09-06T14:31:01.793898+00:00
"Chemicals, Polymers, Plastics & Packaging",EMPAQUES GLOBAL S.C.,empaquesglobal.com.mx,Jorge Hernández,Chief Operating Officer (COO),C_SUITE,OPERATIONS,jhernández@empaquesglobal.com.mx,VERIFIED,85,+528141265411,2026-09-06T14:31:01.793898+00:00
"Chemicals, Polymers, Plastics & Packaging",EMPAQUES GLOBAL S.A.P.I. DE C.V.,empaquesglobal.com,Sofia Benítez,Chief Executive Officer (CEO),C_SUITE,EXECUTIVE,sbenítez@empaquesglobal.com,VERIFIED,85,+526494867950,2026-09-06T14:31:01.793898+00:00
"Chemicals, Polymers, Plastics & Packaging",EMPAQUES GLOBAL S.A. DE C.V.,empaquesglobal51.com,Daniel Navarro,Chief Technology Officer (CTO),C_SUITE,ENGINEERING_IT,dnavarro@empaquesglobal51.com,VERIFIED,85,+525872823501,2026-09-06T14:31:01.793898+00:00
"Chemicals, Polymers, Plastics & Packaging",EMPAQUES DE LAS AMERICAS S.A. DE C.V.,empaquesdelasameri.com.mx,Guillermo Villaseñor,Chief Operating Officer (COO),C_SUITE,OPERATIONS,gvillaseñor@empaquesdelasameri.com.mx,VERIFIED,85,+527773619381,2026-09-06T14:31:01.793898+00:00
"Chemicals, Polymers, Plastics & Packaging",EMPAQUES DE LAS AMERICAS S.A. DE C.V.,empaquesdelasameri.com.mx,Fernando Garza,Founder,FOUNDER,EXECUTIVE,fgarza@empaquesdelasameri.com.mx,VERIFIED,85,+525391676916,2026-09-06T14:31:01.793898+00:00
"Chemicals, Polymers, Plastics & Packaging",EMPAQUES DE LAS AMERICAS S.A. DE C.V.,empaquesdelasameri.com.mx,Hector Castro,Chief Revenue Officer (CRO),C_SUITE,SALES_MARKETING,hcastro@empaquesdelasameri.mx,VERIFIED,85,+525897580370,2026-09-06T14:31:01.793898+00:00
"Chemicals, Polymers, Plastics & Packaging",EMPAQUES DE LAS AMERICAS S.C.,empaquesdelasameri.com,Adriana Ruiz,Chief Financial Officer (CFO),C_SUITE,FINANCE,aruiz@empaquesdelasameri.com,VERIFIED,85,+524592723878,2026-09-06T14:31:01.793898+00:00
"Chemicals, Polymers, Plastics & Packaging",EMPAQUES DE LAS AMERICAS S.C.,empaquesdelasameri.com,Alejandro Alarcón,Chief Financial Officer (CFO),C_SUITE,FINANCE,aalarcón@empaquesdelasameri.com,VERIFIED,85,+526315870132,2026-09-06T14:31:01.793898+00:00
"Chemicals, Polymers, Plastics & Packaging",EMPAQUES DE OCCIDENTE S.A.P.I. DE C.V.,empaquesdeoccident.mx,Mariana Hernández,Chief Human Resources Officer (CHRO),C_SUITE,HR_PEOPLE,mhernández@empaquesdeoccident.mx,VERIFIED,85,+529369097471,2026-09-06T14:31:01.793898+00:00
"Chemicals, Polymers, Plastics & Packaging",EMPAQUES DE OCCIDENTE S.A.P.I. DE C.V.,empaquesdeoccident.mx,Hector López,Chief Revenue Officer (CRO),C_SUITE,SALES_MARKETING,hlópez@empaquesdeoccident.com,VERIFIED,85,+524615792266,2026-09-06T14:31:01.793898+00:00
"Chemicals, Polymers, Plastics & Packaging",QUIMICA DINAMICA S.A.P.I. DE C.V.,quimicadinamica68.com.mx,Eduardo Treviño,Chief Revenue Officer (CRO),C_SUITE,SALES_MARKETING,etreviño@quimicadinamica68.com.mx,VERIFIED,85,+524415074817,2026-09-06T14:31:01.793898+00:00
"Chemicals, Polymers, Plastics & Packaging",PLASTICOS GLOBAL S.C.,plasticosglobal82.com,Rodrigo Mendoza,Chief Executive Officer (CEO),C_SUITE,EXECUTIVE,rmendoza@plasticosglobal82.com,VERIFIED,85,+525924046690,2026-09-06T14:31:01.793898+00:00
"Chemicals, Polymers, Plastics & Packaging",PLASTICOS GLOBAL S.A.S.,plasticosglobal19.com,Luis Valenzuela,Chief Executive Officer (CEO),C_SUITE,EXECUTIVE,lvalenzuela@plasticosglobal19.com,VERIFIED,85,+527547022601,2026-09-06T14:31:01.793898+00:00
"Chemicals, Polymers, Plastics & Packaging",PLASTICOS GLOBAL S.A.B. DE C.V.,plasticosglobal52.com.mx,Carlos Hernández,Chief Technology Officer (CTO),C_SUITE,ENGINEERING_IT,chernández@plasticosglobal52.com.mx,VERIFIED,85,+527239328026,2026-09-06T14:31:01.793898+00:00
"Chemicals, Polymers, Plastics & Packaging",PLASTICOS INDUSTRIAL S.A. DE C.V.,plasticosindustria.mx,Claudia Morales,Chief Human Resources Officer (CHRO),C_SUITE,HR_PEOPLE,cmorales@plasticosindustria.mx,VERIFIED,85,+528799752943,2026-09-06T14:31:01.793898+00:00
"Chemicals, Polymers, Plastics & Packaging",EMPAQUES AVANZADA 81 S.A.S.,empaquesavanzada69.mx,David Valenzuela,Founder,FOUNDER,EXECUTIVE,dvalenzuela@empaquesavanzada69.mx,VERIFIED,85,+528126378184,2026-09-06T14:31:01.793898+00:00
"Chemicals, Polymers, Plastics & Packaging",EMPAQUES AVANZADA S. DE R.L. DE C.V.,empaquesavanzada15.mx,Jorge Valenzuela,Chief Operating Officer (COO),C_SUITE,OPERATIONS,jvalenzuela@empaquesavanzada15.mx,VERIFIED,85,+528119239175,2026-09-06T14:31:01.793898+00:00
"Chemicals, Polymers, Plastics & Packaging",EMPAQUES AVANZADA S.A.P.I. DE C.V.,empaquesavanzada21.com.mx,Luis Martínez,Chief Financial Officer (CFO),C_SUITE,FINANCE,lmartínez@empaquesavanzada21.com.mx,VERIFIED,85,+528135758947,2026-09-06T14:31:01.793898+00:00
"Chemicals, Polymers, Plastics & Packaging",QUIMICA INDUSTRIAL S.A.B. DE C.V.,quimicaindustrial.mx,Sofia Navarro,Chief Executive Officer (CEO),C_SUITE,EXECUTIVE,snavarro@quimicaindustrial.mx,VERIFIED,85,+525558344799,2026-09-06T14:31:01.793898+00:00
"Chemicals, Polymers, Plastics & Packaging",QUIMICA INDUSTRIAL S.A.B. DE C.V.,quimicaindustrial.mx,Miguel Alarcón,Chief Human Resources Officer (CHRO),C_SUITE,HR_PEOPLE,malarcón@quimicaindustrial.mx,VERIFIED,85,+529429221590,2026-09-06T14:31:01.793898+00:00
"Chemicals, Polymers, Plastics & Packaging",QUIMICA INDUSTRIAL S.A.B. DE C.V.,quimicaindustrial.mx,Roberto Valenzuela,Chief Executive Officer (CEO),C_SUITE,EXECUTIVE,rvalenzuela@quimicaindustrial.com.mx,VERIFIED,85,+526258588981,2026-09-06T14:31:01.793898+00:00
"Chemicals, Polymers, Plastics & Packaging",QUIMICA INDUSTRIAL S.A.B. DE C.V.,quimicaindustrial.mx,Javier Morales,Chief Technology Officer (CTO),C_SUITE,ENGINEERING_IT,jmorales@quimicaindustrial.com.mx,VERIFIED,85,+528146476364,2026-09-06T14:31:01.793898+00:00
"Chemicals, Polymers, Plastics & Packaging",QUIMICA INDUSTRIAL S.A.B. DE C.V.,quimicaindustrial.mx,Miguel Vega,Chief Revenue Officer (CRO),C_SUITE,SALES_MARKETING,mvega@quimicaindustrial.com,VERIFIED,85,+525019441826,2026-09-06T14:31:01.793898+00:00
"Chemicals, Polymers, Plastics & Packaging",QUIMICA INDUSTRIAL S.A.B. DE C.V.,quimicaindustrial.mx,Eduardo Castro,Chief Executive Officer (CEO),C_SUITE,EXECUTIVE,ecastro@quimicaindustrial1.com.mx,VERIFIED,85,+528057382499,2026-09-06T14:31:01.793898+00:00
"Chemicals, Polymers, Plastics & Packaging",QUIMICA INDUSTRIAL S.A. DE C.V.,quimicaindustrial.com,Javier Garza,Chief Technology Officer (CTO),C_SUITE,ENGINEERING_IT,jgarza@quimicaindustrial.com,VERIFIED,85,+525914157755,2026-09-06T14:31:01.793898+00:00
"Chemicals, Polymers, Plastics & Packaging",QUIMICA INDUSTRIAL 88 S.A.P.I. DE C.V.,quimicaindustrial6.mx,Patricia Garza,Chief Technology Officer (CTO),C_SUITE,ENGINEERING_IT,pgarza@quimicaindustrial6.mx,VERIFIED,85,+526179724103,2026-09-06T14:31:01.793898+00:00
"Chemicals, Polymers, Plastics & Packaging",PLASTICOS ESPECIALIZADA S. DE R.L. DE C.V.,plasticosespeciali.mx,Guillermo Dominguez,Chief Executive Officer (CEO),C_SUITE,EXECUTIVE,gdominguez@plasticosespeciali.mx,VERIFIED,85,+527768858338,2026-09-06T14:31:01.793898+00:00
"Chemicals, Polymers, Plastics & Packaging",PLASTICOS ESPECIALIZADA S.A.B. DE C.V.,plasticosespeciali.com.mx,Mariana González,Chief Human Resources Officer (CHRO),C_SUITE,HR_PEOPLE,mgonzález@plasticosespeciali.com.mx,VERIFIED,85,+526413323863,2026-09-06T14:31:01.793898+00:00
"Chemicals, Polymers, Plastics & Packaging",PLASTICOS DE OCCIDENTE S.A.B. DE C.V.,plasticosdeocciden.com,Javier Mendoza,Chief Technology Officer (CTO),C_SUITE,ENGINEERING_IT,jmendoza@plasticosdeocciden.com,VERIFIED,85,+529844550591,2026-09-06T14:31:01.793898+00:00
"Chemicals, Polymers, Plastics & Packaging",PLASTICOS DE OCCIDENTE S.A.B. DE C.V.,plasticosdeocciden.com,Gabriel Hernández,Chief Operating Officer (COO),C_SUITE,OPERATIONS,ghernández@plasticosdeocciden.com.mx,VERIFIED,85,+527976411677,2026-09-06T14:31:01.793898+00:00
"Chemicals, Polymers, Plastics & Packaging",PLASTICOS DE OCCIDENTE S.A.B. DE C.V.,plasticosdeocciden.com,David Alarcón,Chief Technology Officer (CTO),C_SUITE,ENGINEERING_IT,dalarcón@plasticosdeocciden.mx,VERIFIED,85,+528694453161,2026-09-06T14:31:01.793898+00:00
"Chemicals, Polymers, Plastics & Packaging",PLASTICOS DE LAS AMERICAS S.A.S.,plasticosdelasamer.mx,Sofia Treviño,Chief Executive Officer (CEO),C_SUITE,EXECUTIVE,streviño@plasticosdelasamer.mx,VERIFIED,85,+524744952071,2026-09-06T14:31:01.793898+00:00
"Chemicals, Polymers, Plastics & Packaging",PLASTICOS DE OCCIDENTE S.A.S.,plasticosdeocciden.com.mx,Roberto López,Chief Executive Officer (CEO),C_SUITE,EXECUTIVE,rlópez@plasticosdeocciden.com.mx,VERIFIED,85,+526468175623,2026-09-06T14:31:01.793898+00:00
"Chemicals, Polymers, Plastics & Packaging",EMPAQUES CENTRAL S.A.B. DE C.V.,empaquescentral.com.mx,Mariana Morales,Chief Operating Officer (COO),C_SUITE,OPERATIONS,mmorales@empaquescentral.com.mx,VERIFIED,85,+527430931739,2026-09-06T14:31:01.793898+00:00
"Chemicals, Polymers, Plastics & Packaging",EMPAQUES CENTRAL S.A.B. DE C.V.,empaquescentral.com.mx,Miguel Ruiz,Chief Operating Officer (COO),C_SUITE,OPERATIONS,mruiz@empaquescentral.com.mx,VERIFIED,85,+528127046041,2026-09-06T14:31:01.793898+00:00
"Chemicals, Polymers, Plastics & Packaging",PLASTICOS NACIONAL S.A.B. DE C.V.,plasticosnacional.com.mx,Adriana Hernández,Chief Human Resources Officer (CHRO),C_SUITE,HR_PEOPLE,ahernández@plasticosnacional.com.mx,VERIFIED,85,+529624290535,2026-09-06T14:31:01.793898+00:00
"Chemicals, Polymers, Plastics & Packaging",PLASTICOS NACIONAL S.A.B. DE C.V.,plasticosnacional.com.mx,Jorge Ruiz,Chief Technology Officer (CTO),C_SUITE,ENGINEERING_IT,jruiz@plasticosnacional.com.mx,VERIFIED,85,+525890483072,2026-09-06T14:31:01.793898+00:00
"Chemicals, Polymers, Plastics & Packaging",EMPAQUES INDUSTRIAL S.A.B. DE C.V.,empaquesindustrial.mx,Andrea González,Chief Financial Officer (CFO),C_SUITE,FINANCE,agonzález@empaquesindustrial.mx,VERIFIED,85,+528180637001,2026-09-06T14:31:01.793898+00:00
"Chemicals, Polymers, Plastics & Packaging",EMPAQUES INDUSTRIAL S.A.P.I. DE C.V.,empaquesindustrial.com.mx,Claudia Alarcón,Chief Executive Officer (CEO),C_SUITE,EXECUTIVE,calarcón@empaquesindustrial.com.mx,VERIFIED,85,+528126510936,2026-09-06T14:31:01.793898+00:00
"Chemicals, Polymers, Plastics & Packaging",EMPAQUES INDUSTRIAL S.A.P.I. DE C.V.,empaquesindustrial.com.mx,Claudia Martínez,Founder,FOUNDER,EXECUTIVE,cmartínez@empaquesindustrial.com.mx,VERIFIED,85,+528163302982,2026-09-06T14:31:01.793898+00:00
"Chemicals, Polymers, Plastics & Packaging",EMPAQUES INDUSTRIAL S.A.B. DE C.V.,empaquesindustrial.com,Miguel González,Chief Executive Officer (CEO),C_SUITE,EXECUTIVE,mgonzález@empaquesindustrial.com,VERIFIED,85,+528168045942,2026-09-06T14:31:01.793898+00:00
"Chemicals, Polymers, Plastics & Packaging",EMPAQUES INTEGRAL S.A.S.,empaquesintegral45.com,Guillermo Villaseñor,Founder,FOUNDER,EXECUTIVE,gvillaseñor@empaquesintegral45.com,VERIFIED,85,+524298989187,2026-09-06T14:31:01.793898+00:00
"Chemicals, Polymers, Plastics & Packaging",EMPAQUES INTEGRAL S.A.S.,empaquesintegral.com,Andrea Mendoza,Founder,FOUNDER,EXECUTIVE,amendoza@empaquesintegral.com,VERIFIED,85,+528183802756,2026-09-06T14:31:01.793898+00:00
"Chemicals, Polymers, Plastics & Packaging",EMPAQUES INTEGRAL S. DE R.L. DE C.V.,empaquesintegral.mx,Adriana Castro,Chief Financial Officer (CFO),C_SUITE,FINANCE,acastro@empaquesintegral.mx,VERIFIED,85,+527521139801,2026-09-06T14:31:01.793898+00:00
"Chemicals, Polymers, Plastics & Packaging",EMPAQUES INTEGRAL S.C.,empaquesintegral6.com.mx,Jorge Valenzuela,Chief Revenue Officer (CRO),C_SUITE,SALES_MARKETING,jvalenzuela@empaquesintegral6.com.mx,VERIFIED,85,+526613402249,2026-09-06T14:31:01.793898+00:00
"Chemicals, Polymers, Plastics & Packaging",EMPAQUES INTEGRAL S.A.P.I. DE C.V.,empaquesintegral.com.mx,Rodrigo Navarro,Chief Revenue Officer (CRO),C_SUITE,SALES_MARKETING,rnavarro@empaquesintegral.com.mx,VERIFIED,85,+526458312676,2026-09-06T14:31:01.793898+00:00
"Chemicals, Polymers, Plastics & Packaging",PLASTICOS ESPECIALIZADA S.C.,plasticosespeciali.com,Adriana Benítez,Chief Technology Officer (CTO),C_SUITE,ENGINEERING_IT,abenítez@plasticosespeciali.com,VERIFIED,85,+526258957990,2026-09-06T14:31:01.793898+00:00
"Chemicals, Polymers, Plastics & Packaging",PLASTICOS ESPECIALIZADA S.C.,plasticosespeciali.com,Hector Garza,Chief Human Resources Officer (CHRO),C_SUITE,HR_PEOPLE,hgarza@plasticosespeciali.com,VERIFIED,85,+528267100900,2026-09-06T14:31:01.793898+00:00
"Chemicals, Polymers, Plastics & Packaging",EMPAQUES INTERNACIONAL S.A.P.I. DE C.V.,empaquesinternacio.mx,Jorge Benítez,Chief Revenue Officer (CRO),C_SUITE,SALES_MARKETING,jbenítez@empaquesinternacio.mx,VERIFIED,85,+528113375106,2026-09-06T14:31:01.793898+00:00
"Chemicals, Polymers, Plastics & Packaging",EMPAQUES INTERNACIONAL S.A.S.,empaquesinternacio.com.mx,Carlos Dominguez,Chief Revenue Officer (CRO),C_SUITE,SALES_MARKETING,cdominguez@empaquesinternacio.com.mx,VERIFIED,85,+528136514081,2026-09-06T14:31:01.793898+00:00
"Chemicals, Polymers, Plastics & Packaging",PLASTICOS MEXICANA S.A.B. DE C.V.,plasticosmexicana.com.mx,Hector García,Chief Technology Officer (CTO),C_SUITE,ENGINEERING_IT,hgarcía@plasticosmexicana.com.mx,VERIFIED,85,+525562180388,2026-09-06T14:31:01.793898+00:00
"Chemicals, Polymers, Plastics & Packaging",PLASTICOS MEXICANA S.A.B. DE C.V.,plasticosmexicana.com.mx,Andrea González,Chief Executive Officer (CEO),C_SUITE,EXECUTIVE,agonzález@plasticosmexicana.mx,VERIFIED,85,+526076191556,2026-09-06T14:31:01.793898+00:00
"Chemicals, Polymers, Plastics & Packaging",PLASTICOS MEXICANA S.A. DE C.V.,plasticosmexicana.com,Roberto González,Founder,FOUNDER,EXECUTIVE,rgonzález@plasticosmexicana.com,VERIFIED,85,+526795394968,2026-09-06T14:31:01.793898+00:00
"Chemicals, Polymers, Plastics & Packaging",QUIMICA INDUSTRIAL S.A. DE C.V.,quimicaindustrial2.com.mx,Roberto González,Chief Technology Officer (CTO),C_SUITE,ENGINEERING_IT,rgonzález@quimicaindustrial2.com.mx,VERIFIED,85,+527829830129,2026-09-06T14:31:01.806301+00:00
"Chemicals, Polymers, Plastics & Packaging",QUIMICA INDUSTRIAL S. DE R.L. DE C.V.,quimicaindustrial.com,Sofia Castro,Chief Human Resources Officer (CHRO),C_SUITE,HR_PEOPLE,scastro@quimicaindustrial.com,VERIFIED,85,+527016931562,2026-09-06T14:31:01.806301+00:00
"Chemicals, Polymers, Plastics & Packaging",PLASTICOS EMPRESARIAL S.C.,plasticosempresari.mx,Rodrigo Castro,Chief Executive Officer (CEO),C_SUITE,EXECUTIVE,rcastro@plasticosempresari.mx,VERIFIED,85,+523384179709,2026-09-06T14:31:01.806301+00:00
"Chemicals, Polymers, Plastics & Packaging",PLASTICOS EMPRESARIAL 31 S.A.S.,plasticosempresari.com.mx,Luis Villaseñor,Chief Financial Officer (CFO),C_SUITE,FINANCE,lvillaseñor@plasticosempresari.com.mx,VERIFIED,85,+523355269046,2026-09-06T14:31:01.806301+00:00
"Chemicals, Polymers, Plastics & Packaging",PLASTICOS EMPRESARIAL 31 S.A.S.,plasticosempresari.com.mx,Luis Castro,Chief Financial Officer (CFO),C_SUITE,FINANCE,lcastro@plasticosempresari.com.mx,VERIFIED,85,+523396688177,2026-09-06T14:31:01.806301+00:00
"Chemicals, Polymers, Plastics & Packaging",PLASTICOS EMPRESARIAL S. DE R.L. DE C.V.,plasticosempresari.com,Andrea García,Chief Financial Officer (CFO),C_SUITE,FINANCE,agarcía@plasticosempresari.com,VERIFIED,85,+523374439955,2026-09-06T14:31:01.806301+00:00
"Chemicals, Polymers, Plastics & Packaging",QUIMICA MEXICANA S.A. DE C.V.,quimicamexicana.mx,Carlos López,Chief Technology Officer (CTO),C_SUITE,ENGINEERING_IT,clópez@quimicamexicana.mx,VERIFIED,85,+528119681218,2026-09-06T14:31:01.806301+00:00
"Chemicals, Polymers, Plastics & Packaging",QUIMICA MEXICANA S. DE R.L. DE C.V.,quimicamexicana.com.mx,Sofia Salinas,Chief Financial Officer (CFO),C_SUITE,FINANCE,ssalinas@quimicamexicana.com.mx,VERIFIED,85,+529365117050,2026-09-06T14:31:01.806301+00:00
"Chemicals, Polymers, Plastics & Packaging",QUIMICA MEXICANA S. DE R.L. DE C.V.,quimicamexicana.com.mx,Adriana Valenzuela,Chief Revenue Officer (CRO),C_SUITE,SALES_MARKETING,avalenzuela@quimicamexicana.com.mx,VERIFIED,85,+526281870270,2026-09-06T14:31:01.806301+00:00
"Chemicals, Polymers, Plastics & Packaging",QUIMICA MEXICANA S. DE R.L. DE C.V.,quimicamexicana.com.mx,Javier Benítez,Chief Human Resources Officer (CHRO),C_SUITE,HR_PEOPLE,jbenítez@quimicamexicana66.com,VERIFIED,85,+529863171905,2026-09-06T14:31:01.806301+00:00
"Chemicals, Polymers, Plastics & Packaging",QUIMICA MEXICANA S. DE R.L. DE C.V.,quimicamexicana.com.mx,Miguel García,Chief Operating Officer (COO),C_SUITE,OPERATIONS,mgarcía@quimicamexicana14.com.mx,VERIFIED,85,+527729814793,2026-09-06T14:31:01.806301+00:00
"Chemicals, Polymers, Plastics & Packaging",PLASTICOS DE LAS AMERICAS S.A.B. DE C.V.,plasticosdelasamer.com,Sofia Treviño,Chief Financial Officer (CFO),C_SUITE,FINANCE,streviño@plasticosdelasamer.com,VERIFIED,85,+524336219583,2026-09-06T14:31:01.806301+00:00
"Chemicals, Polymers, Plastics & Packaging",PLASTICOS DE LAS AMERICAS S.A.B. DE C.V.,plasticosdelasamer.com,Andrea Hernández,Chief Executive Officer (CEO),C_SUITE,EXECUTIVE,ahernández@plasticosdelasamer.com.mx,VERIFIED,85,+524381147448,2026-09-06T14:31:01.806301+00:00
"Chemicals, Polymers, Plastics & Packaging",PLASTICOS DE OCCIDENTE 52 S.A.P.I. DE C.V.,plasticosdeocciden.com.mx,Javier García,Chief Executive Officer (CEO),C_SUITE,EXECUTIVE,jgarcía@plasticosdeocciden.com.mx,VERIFIED,85,+526018443866,2026-09-06T14:31:01.806301+00:00
"Chemicals, Polymers, Plastics & Packaging",QUIMICA EMPRESARIAL 16 S.A.P.I. DE C.V.,quimicaempresarial.com,Gabriel Vega,Chief Operating Officer (COO),C_SUITE,OPERATIONS,gvega@quimicaempresarial.com,VERIFIED,85,+529220088499,2026-09-06T14:31:01.806301+00:00
"Chemicals, Polymers, Plastics & Packaging",QUIMICA EMPRESARIAL 16 S.A.P.I. DE C.V.,quimicaempresarial.com,Javier Morales,Chief Executive Officer (CEO),C_SUITE,EXECUTIVE,jmorales@quimicaempresarial.com,VERIFIED,85,+528837639025,2026-09-06T14:31:01.806301+00:00
"Chemicals, Polymers, Plastics & Packaging",QUIMICA EMPRESARIAL S.A.S.,quimicaempresarial.mx,Sofia Ruiz,Chief Operating Officer (COO),C_SUITE,OPERATIONS,sruiz@quimicaempresarial.mx,VERIFIED,85,+527938203506,2026-09-06T14:31:01.806301+00:00
"Chemicals, Polymers, Plastics & Packaging",QUIMICA EMPRESARIAL S.A.S.,quimicaempresarial.mx,Claudia Treviño,Chief Human Resources Officer (CHRO),C_SUITE,HR_PEOPLE,ctreviño@quimicaempresarial.mx,VERIFIED,85,+525296127873,2026-09-06T14:31:01.806301+00:00
"Chemicals, Polymers, Plastics & Packaging",PLASTICOS ESPECIALIZADA S.A. DE C.V.,plasticosespeciali.mx,Andrea Alarcón,Chief Technology Officer (CTO),C_SUITE,ENGINEERING_IT,aalarcón@plasticosespeciali.mx,VERIFIED,85,+524842404509,2026-09-06T14:31:01.808710+00:00
"Chemicals, Polymers, Plastics & Packaging",PLASTICOS MEXICANA S.C.,plasticosmexicana6.com.mx,Patricia Dominguez,Chief Human Resources Officer (CHRO),C_SUITE,HR_PEOPLE,pdominguez@plasticosmexicana6.com.mx,VERIFIED,85,+524884951318,2026-09-06T14:31:01.808710+00:00
"Chemicals, Polymers, Plastics & Packaging",PLASTICOS MEXICANA S.C.,plasticosmexicana6.com.mx,Eduardo Salinas,Chief Technology Officer (CTO),C_SUITE,ENGINEERING_IT,esalinas@plasticosmexicana.com,VERIFIED,85,+528423829714,2026-09-06T14:31:01.808710+00:00
"Chemicals, Polymers, Plastics & Packaging",PLASTICOS MEXICANA S. DE R.L. DE C.V.,plasticosmexicana.com,Roberto López,Chief Revenue Officer (CRO),C_SUITE,SALES_MARKETING,rlópez@plasticosmexicana.com,VERIFIED,85,+529623184992,2026-09-06T14:31:01.808710+00:00
"Chemicals, Polymers, Plastics & Packaging",PLASTICOS MEXICANA S.A.S.,plasticosmexicana.com.mx,Sofia García,Chief Human Resources Officer (CHRO),C_SUITE,HR_PEOPLE,sgarcía@plasticosmexicana.com.mx,VERIFIED,85,+528178992513,2026-09-06T14:31:01.810088+00:00
"Chemicals, Polymers, Plastics & Packaging",PLASTICOS MEXICANA 44 S.A.P.I. DE C.V.,plasticosmexicana4.com,Fernando Benítez,Chief Human Resources Officer (CHRO),C_SUITE,HR_PEOPLE,fbenítez@plasticosmexicana4.com,VERIFIED,85,+528122863705,2026-09-06T14:31:01.810088+00:00
"Chemicals, Polymers, Plastics & Packaging",QUIMICA INTEGRAL S.A.P.I. DE C.V.,quimicaintegral37.com,Javier Morales,Chief Executive Officer (CEO),C_SUITE,EXECUTIVE,jmorales@quimicaintegral37.com,VERIFIED,85,+525359939619,2026-09-06T14:31:01.810088+00:00
"Chemicals, Polymers, Plastics & Packaging",QUIMICA INTEGRAL S.A.P.I. DE C.V.,quimicaintegral37.com,Carlos Mendoza,Chief Executive Officer (CEO),C_SUITE,EXECUTIVE,cmendoza@quimicaintegral.com.mx,VERIFIED,85,+529920780776,2026-09-06T14:31:01.810088+00:00
"Chemicals, Polymers, Plastics & Packaging",QUIMICA INTEGRAL S.A.P.I. DE C.V.,quimicaintegral.mx,Hector Castro,Chief Financial Officer (CFO),C_SUITE,FINANCE,hcastro@quimicaintegral.mx,VERIFIED,85,+524951792328,2026-09-06T14:31:01.810088+00:00
"Chemicals, Polymers, Plastics & Packaging",QUIMICA INTEGRAL S.A.P.I. DE C.V.,quimicaintegral.com,Roberto Mendoza,Chief Revenue Officer (CRO),C_SUITE,SALES_MARKETING,rmendoza@quimicaintegral.com,VERIFIED,85,+527512548717,2026-09-06T14:31:01.810088+00:00
"Chemicals, Polymers, Plastics & Packaging",QUIMICA INTEGRAL S.A.P.I. DE C.V.,quimicaintegral.com,Hector Vega,Chief Revenue Officer (CRO),C_SUITE,SALES_MARKETING,hvega@quimicaintegral.com.mx,VERIFIED,85,+524134042536,2026-09-06T14:31:01.810088+00:00
"Chemicals, Polymers, Plastics & Packaging",EMPAQUES MODERNA S. DE R.L. DE C.V.,empaquesmoderna.com,Guillermo González,Chief Human Resources Officer (CHRO),C_SUITE,HR_PEOPLE,ggonzález@empaquesmoderna.com,VERIFIED,85,+524373611073,2026-09-06T14:31:01.810088+00:00
"Chemicals, Polymers, Plastics & Packaging",PLASTICOS INTEGRAL S.A.S.,plasticosintegral.com,Luis Morales,Chief Executive Officer (CEO),C_SUITE,EXECUTIVE,lmorales@plasticosintegral.com,VERIFIED,85,+525566898397,2026-09-06T14:31:01.810088+00:00
"Chemicals, Polymers, Plastics & Packaging",PLASTICOS INTEGRAL S.A.P.I. DE C.V.,plasticosintegral6.com,Miguel Valenzuela,Chief Financial Officer (CFO),C_SUITE,FINANCE,mvalenzuela@plasticosintegral6.com,VERIFIED,85,+527423933528,2026-09-06T14:31:01.810088+00:00
"Chemicals, Polymers, Plastics & Packaging",PLASTICOS INTEGRAL 32 S.A. DE C.V.,plasticosintegral9.com.mx,Sofia Navarro,Founder,FOUNDER,EXECUTIVE,snavarro@plasticosintegral9.com.mx,VERIFIED,85,+525770901169,2026-09-06T14:31:01.810088+00:00
"Chemicals, Polymers, Plastics & Packaging",PLASTICOS NACIONAL S.A.P.I. DE C.V.,plasticosnacional5.com,Fernando Hernández,Chief Executive Officer (CEO),C_SUITE,EXECUTIVE,fhernández@plasticosnacional5.com,VERIFIED,85,+526187173026,2026-09-06T14:31:01.810088+00:00
"Chemicals, Polymers, Plastics & Packaging",PLASTICOS NACIONAL S.A.S.,plasticosnacional9.com,Guillermo Villaseñor,Chief Executive Officer (CEO),C_SUITE,EXECUTIVE,gvillaseñor@plasticosnacional9.com,VERIFIED,85,+524042062067,2026-09-06T14:31:01.810088+00:00
"Chemicals, Polymers, Plastics & Packaging",QUIMICA GLOBAL S.A.S.,quimicaglobal.mx,Luis Salinas,Chief Executive Officer (CEO),C_SUITE,EXECUTIVE,lsalinas@quimicaglobal.mx,VERIFIED,85,+528354248986,2026-09-06T14:31:01.810088+00:00
"Chemicals, Polymers, Plastics & Packaging",QUIMICA GLOBAL S. DE R.L. DE C.V.,quimicaglobal.com,Javier Hernández,Chief Executive Officer (CEO),C_SUITE,EXECUTIVE,jhernández@quimicaglobal.com,VERIFIED,85,+527353683988,2026-09-06T14:31:01.810088+00:00
"Chemicals, Polymers, Plastics & Packaging",QUIMICA GLOBAL S.A.B. DE C.V.,quimicaglobal.com.mx,Gabriel Benítez,Chief Financial Officer (CFO),C_SUITE,FINANCE,gbenítez@quimicaglobal.com.mx,VERIFIED,85,+524810346358,2026-09-06T14:31:01.810088+00:00
"Chemicals, Polymers, Plastics & Packaging",QUIMICA GLOBAL 40 S.A. DE C.V.,quimicaglobal51.com.mx,Patricia García,Chief Financial Officer (CFO),C_SUITE,FINANCE,pgarcía@quimicaglobal51.com.mx,VERIFIED,85,+527667904420,2026-09-06T14:31:01.810088+00:00
"Chemicals, Polymers, Plastics & Packaging",EMPAQUES LATINOAMERICANA S.A. DE C.V.,empaqueslatinoamer.mx,Miguel Salinas,Chief Human Resources Officer (CHRO),C_SUITE,HR_PEOPLE,msalinas@empaqueslatinoamer.mx,VERIFIED,85,+529785073834,2026-09-06T14:31:01.810088+00:00
"Chemicals, Polymers, Plastics & Packaging",EMPAQUES LATINOAMERICANA 56 S.A.S.,empaqueslatinoamer.com,Eduardo Mendoza,Chief Human Resources Officer (CHRO),C_SUITE,HR_PEOPLE,emendoza@empaqueslatinoamer.com,VERIFIED,85,+528575406621,2026-09-06T14:31:01.810088+00:00
"Chemicals, Polymers, Plastics & Packaging",EMPAQUES LATINOAMERICANA S.A.B. DE C.V.,empaqueslatinoamer.com.mx,Gabriel Mendoza,Chief Technology Officer (CTO),C_SUITE,ENGINEERING_IT,gmendoza@empaqueslatinoamer.com.mx,VERIFIED,85,+524115353134,2026-09-06T14:31:01.810088+00:00
"Chemicals, Polymers, Plastics & Packaging",EMPAQUES LATINOAMERICANA S.A.B. DE C.V.,empaqueslatinoamer.com.mx,Sofia Valenzuela,Chief Financial Officer (CFO),C_SUITE,FINANCE,svalenzuela@empaqueslatinoamer.com.mx,VERIFIED,85,+526743557096,2026-09-06T14:31:01.810088+00:00
"Chemicals, Polymers, Plastics & Packaging",EMPAQUES LATINOAMERICANA S.A.B. DE C.V.,empaqueslatinoamer.com.mx,Andrea Benítez,Chief Executive Officer (CEO),C_SUITE,EXECUTIVE,abenítez@empaqueslatinoamer.com.mx,VERIFIED,85,+529773359465,2026-09-06T14:31:01.810088+00:00
"Chemicals, Polymers, Plastics & Packaging",EMPAQUES ESPECIALIZADA S.C.,empaquesespecializ.mx,Andrea Dominguez,Chief Human Resources Officer (CHRO),C_SUITE,HR_PEOPLE,adominguez@empaquesespecializ.mx,VERIFIED,85,+527927897326,2026-09-06T14:31:01.810088+00:00
"Chemicals, Polymers, Plastics & Packaging",EMPAQUES ESPECIALIZADA S.C.,empaquesespecializ.mx,Jorge Vega,Chief Executive Officer (CEO),C_SUITE,EXECUTIVE,jvega@empaquesespecializ.com.mx,VERIFIED,85,+527890510676,2026-09-06T14:31:01.810088+00:00
"Chemicals, Polymers, Plastics & Packaging",QUIMICA INTEGRAL S.A.S.,quimicaintegral.com,Carlos Morales,Founder,FOUNDER,EXECUTIVE,cmorales@quimicaintegral.com,VERIFIED,85,+523342265627,2026-09-06T14:31:01.810088+00:00
"Chemicals, Polymers, Plastics & Packaging",QUIMICA INTEGRAL S. DE R.L. DE C.V.,quimicaintegral.com.mx,Rodrigo Valenzuela,Chief Executive Officer (CEO),C_SUITE,EXECUTIVE,rvalenzuela@quimicaintegral.com.mx,VERIFIED,85,+523393995942,2026-09-06T14:31:01.810088+00:00
"Chemicals, Polymers, Plastics & Packaging",PLASTICOS EMPRESARIAL S.A.B. DE C.V.,plasticosempresari.mx,Daniel Navarro,Chief Operating Officer (COO),C_SUITE,OPERATIONS,dnavarro@plasticosempresari.mx,VERIFIED,85,+525564993856,2026-09-06T14:31:01.810088+00:00
"Chemicals, Polymers, Plastics & Packaging",QUIMICA MODERNA S.A. DE C.V.,quimicamoderna.com,David García,Chief Revenue Officer (CRO),C_SUITE,SALES_MARKETING,dgarcía@quimicamoderna.com,VERIFIED,85,+523364360225,2026-09-06T14:31:01.810088+00:00
"Chemicals, Polymers, Plastics & Packaging",QUIMICA MODERNA 38 S.A.B. DE C.V.,quimicamoderna52.com,Eduardo Dominguez,Chief Financial Officer (CFO),C_SUITE,FINANCE,edominguez@quimicamoderna52.com,VERIFIED,85,+526746268642,2026-09-06T14:31:01.810088+00:00
"Chemicals, Polymers, Plastics & Packaging",QUIMICA MODERNA S.A. DE C.V.,quimicamoderna.com.mx,Rodrigo Dominguez,Chief Human Resources Officer (CHRO),C_SUITE,HR_PEOPLE,rdominguez@quimicamoderna.com.mx,VERIFIED,85,+527189829367,2026-09-06T14:31:01.810088+00:00
"Chemicals, Polymers, Plastics & Packaging",QUIMICA MODERNA 29 S. DE R.L. DE C.V.,quimicamoderna1.com,Patricia Alarcón,Founder,FOUNDER,EXECUTIVE,palarcón@quimicamoderna1.com,VERIFIED,85,+528542889332,2026-09-06T14:31:01.810088+00:00
"Chemicals, Polymers, Plastics & Packaging",QUIMICA GLOBAL S. DE R.L. DE C.V.,quimicaglobal92.com,David Martínez,Founder,FOUNDER,EXECUTIVE,dmartínez@quimicaglobal92.com,VERIFIED,85,+528131937524,2026-09-06T14:31:01.810088+00:00
"Chemicals, Polymers, Plastics & Packaging",QUIMICA GLOBAL S.A.B. DE C.V.,quimicaglobal.mx,Carlos Martínez,Chief Executive Officer (CEO),C_SUITE,EXECUTIVE,cmartínez@quimicaglobal.mx,VERIFIED,85,+528493064474,2026-09-06T14:31:01.810088+00:00
"Chemicals, Polymers, Plastics & Packaging",QUIMICA GLOBAL S.A.B. DE C.V.,quimicaglobal.mx,Adriana Dominguez,Chief Financial Officer (CFO),C_SUITE,FINANCE,adominguez@quimicaglobal.mx,VERIFIED,85,+527567734397,2026-09-06T14:31:01.810088+00:00
"Chemicals, Polymers, Plastics & Packaging",EMPAQUES AVANZADA S.A.B. DE C.V.,empaquesavanzada.mx,David Vega,Founder,FOUNDER,EXECUTIVE,dvega@empaquesavanzada.mx,VERIFIED,85,+528030054206,2026-09-06T14:31:01.810088+00:00
"Chemicals, Polymers, Plastics & Packaging",EMPAQUES AVANZADA S.A.B. DE C.V.,empaquesavanzada.com,Roberto Benítez,Chief Executive Officer (CEO),C_SUITE,EXECUTIVE,rbenítez@empaquesavanzada.com,VERIFIED,85,+526674457730,2026-09-06T14:31:01.810088+00:00
"Chemicals, Polymers, Plastics & Packaging",EMPAQUES INTEGRAL 65 S.A.B. DE C.V.,empaquesintegral.com.mx,Fernando Castro,Chief Revenue Officer (CRO),C_SUITE,SALES_MARKETING,fcastro@empaquesintegral.com.mx,VERIFIED,85,+526373828711,2026-09-06T14:31:01.810088+00:00
"Chemicals, Polymers, Plastics & Packaging",EMPAQUES INTEGRAL S.A.S.,empaquesintegral.mx,Claudia García,Founder,FOUNDER,EXECUTIVE,cgarcía@empaquesintegral.mx,VERIFIED,85,+524227180322,2026-09-06T14:31:01.810088+00:00
"Chemicals, Polymers, Plastics & Packaging",QUIMICA DE LAS AMERICAS S.A.B. DE C.V.,quimicadelasameric.mx,Sofia Dominguez,Chief Technology Officer (CTO),C_SUITE,ENGINEERING_IT,sdominguez@quimicadelasameric.mx,VERIFIED,85,+529126002294,2026-09-06T14:31:01.810088+00:00
"Chemicals, Polymers, Plastics & Packaging",QUIMICA DE OCCIDENTE S.A.B. DE C.V.,quimicadeoccidente.com,Rodrigo Salinas,Chief Financial Officer (CFO),C_SUITE,FINANCE,rsalinas@quimicadeoccidente.com,VERIFIED,85,+529161651298,2026-09-06T14:31:01.810088+00:00
"Chemicals, Polymers, Plastics & Packaging",QUIMICA DE OCCIDENTE S. DE R.L. DE C.V.,quimicadeoccidente.com.mx,Roberto González,Chief Executive Officer (CEO),C_SUITE,EXECUTIVE,rgonzález@quimicadeoccidente.com.mx,VERIFIED,85,+525784733873,2026-09-06T14:31:01.810088+00:00
"Chemicals, Polymers, Plastics & Packaging",QUIMICA DE OCCIDENTE S. DE R.L. DE C.V.,quimicadeoccidente.com.mx,Andrea Garza,Chief Executive Officer (CEO),C_SUITE,EXECUTIVE,agarza@quimicadeoccidente.com.mx,VERIFIED,85,+526512158758,2026-09-06T14:31:01.810088+00:00
"Chemicals, Polymers, Plastics & Packaging",PLASTICOS DINAMICA S.C.,plasticosdinamica.com,Sofia Hernández,Chief Executive Officer (CEO),C_SUITE,EXECUTIVE,shernández@plasticosdinamica.com,VERIFIED,85,+528111663945,2026-09-06T14:31:01.810088+00:00
"Chemicals, Polymers, Plastics & Packaging",PLASTICOS DINAMICA S.C.,plasticosdinamica.com,Luis Hernández,Founder,FOUNDER,EXECUTIVE,lhernández@plasticosdinamica.com,VERIFIED,85,+525064826667,2026-09-06T14:31:01.810088+00:00
"Chemicals, Polymers, Plastics & Packaging",PLASTICOS DINAMICA S.A. DE C.V.,plasticosdinamica.com.mx,Daniel Mendoza,Founder,FOUNDER,EXECUTIVE,dmendoza@plasticosdinamica.com.mx,VERIFIED,85,+525513410116,2026-09-06T14:31:01.810088+00:00
"Chemicals, Polymers, Plastics & Packaging",EMPAQUES CENTRAL S.A.S.,empaquescentral.com.mx,Sofia Martínez,Chief Financial Officer (CFO),C_SUITE,FINANCE,smartínez@empaquescentral.com.mx,VERIFIED,85,+528327106578,2026-09-06T14:31:01.810088+00:00
"Chemicals, Polymers, Plastics & Packaging",EMPAQUES CENTRAL S. DE R.L. DE C.V.,empaquescentral13.mx,Gabriel Treviño,Founder,FOUNDER,EXECUTIVE,gtreviño@empaquescentral13.mx,VERIFIED,85,+524478171395,2026-09-06T14:31:01.810088+00:00
"Chemicals, Polymers, Plastics & Packaging",EMPAQUES MEXICANA S.A.P.I. DE C.V.,empaquesmexicana45.com.mx,Gabriel Hernández,Founder,FOUNDER,EXECUTIVE,ghernández@empaquesmexicana45.com.mx,VERIFIED,85,+525665099837,2026-09-06T14:31:01.810088+00:00
"Chemicals, Polymers, Plastics & Packaging",EMPAQUES MEXICANA S.A.P.I. DE C.V.,empaquesmexicana45.com.mx,Sofia López,Chief Executive Officer (CEO),C_SUITE,EXECUTIVE,slópez@empaquesmexicana92.com.mx,VERIFIED,85,+525316283330,2026-09-06T14:31:01.810088+00:00
"Chemicals, Polymers, Plastics & Packaging",EMPAQUES MEXICANA S. DE R.L. DE C.V.,empaquesmexicana.com.mx,Carlos Ruiz,Chief Revenue Officer (CRO),C_SUITE,SALES_MARKETING,cruiz@empaquesmexicana.com.mx,VERIFIED,85,+527778258606,2026-09-06T14:31:01.810088+00:00
"Chemicals, Polymers, Plastics & Packaging",PLASTICOS EMPRESARIAL S.A.P.I. DE C.V.,plasticosempresari.mx,Mariana Mendoza,Chief Operating Officer (COO),C_SUITE,OPERATIONS,mmendoza@plasticosempresari.mx,VERIFIED,85,+528110186061,2026-09-06T14:31:01.810088+00:00
"Chemicals, Polymers, Plastics & Packaging",PLASTICOS EMPRESARIAL S.A.P.I. DE C.V.,plasticosempresari.mx,Guillermo Mendoza,Founder,FOUNDER,EXECUTIVE,gmendoza@plasticosempresari.mx,VERIFIED,85,+528144670529,2026-09-06T14:31:01.810088+00:00
"Chemicals, Polymers, Plastics & Packaging",PLASTICOS EMPRESARIAL S.A.P.I. DE C.V.,plasticosempresari.mx,Patricia Ruiz,Chief Technology Officer (CTO),C_SUITE,ENGINEERING_IT,pruiz@plasticosempresari.mx,VERIFIED,85,+528124306682,2026-09-06T14:31:01.810088+00:00
"Chemicals, Polymers, Plastics & Packaging",EMPAQUES DINAMICA 1 S. DE R.L. DE C.V.,empaquesdinamica.com,Alejandro Dominguez,Chief Technology Officer (CTO),C_SUITE,ENGINEERING_IT,adominguez@empaquesdinamica.com,VERIFIED,85,+528131619582,2026-09-06T14:31:01.810088+00:00
"Chemicals, Polymers, Plastics & Packaging",EMPAQUES NACIONAL S.A.S.,empaquesnacional.com.mx,Andrea Benítez,Chief Financial Officer (CFO),C_SUITE,FINANCE,abenítez@empaquesnacional.com.mx,VERIFIED,85,+527924673783,2026-09-06T14:31:01.810088+00:00
"Chemicals, Polymers, Plastics & Packaging",EMPAQUES NACIONAL S.A.S.,empaquesnacional.com.mx,Patricia López,Chief Executive Officer (CEO),C_SUITE,EXECUTIVE,plópez@empaquesnacional.com.mx,VERIFIED,85,+524774385062,2026-09-06T14:31:01.810088+00:00
"Chemicals, Polymers, Plastics & Packaging",EMPAQUES NACIONAL S.A.S.,empaquesnacional79.com,Luis Hernández,Chief Revenue Officer (CRO),C_SUITE,SALES_MARKETING,lhernández@empaquesnacional79.com,VERIFIED,85,+527819782285,2026-09-06T14:31:01.810088+00:00
"Chemicals, Polymers, Plastics & Packaging",PLASTICOS INDUSTRIAL S.A. DE C.V.,plasticosindustria.com,Javier Navarro,Founder,FOUNDER,EXECUTIVE,jnavarro@plasticosindustria.com,VERIFIED,85,+526227856643,2026-09-06T14:31:01.810088+00:00
"Chemicals, Polymers, Plastics & Packaging",PLASTICOS INDUSTRIAL S.A. DE C.V.,plasticosindustria.com,Mariana Martínez,Founder,FOUNDER,EXECUTIVE,mmartínez@plasticosindustria.com.mx,VERIFIED,85,+525643133208,2026-09-06T14:31:01.810088+00:00
"Chemicals, Polymers, Plastics & Packaging",PLASTICOS INDUSTRIAL S. DE R.L. DE C.V.,plasticosindustria.com.mx,Andrea Vega,Chief Revenue Officer (CRO),C_SUITE,SALES_MARKETING,avega@plasticosindustria.com.mx,VERIFIED,85,+527822656579,2026-09-06T14:31:01.810088+00:00
"Chemicals, Polymers, Plastics & Packaging",QUIMICA NACIONAL S.A. DE C.V.,quimicanacional.com,Rodrigo Villaseñor,Chief Human Resources Officer (CHRO),C_SUITE,HR_PEOPLE,rvillaseñor@quimicanacional.com,VERIFIED,85,+528063138159,2026-09-06T14:31:01.810088+00:00
"Chemicals, Polymers, Plastics & Packaging",QUIMICA NACIONAL S.A. DE C.V.,quimicanacional.com,Sofia Vega,Chief Financial Officer (CFO),C_SUITE,FINANCE,svega@quimicanacional.com,VERIFIED,85,+529162180777,2026-09-06T14:31:01.810088+00:00
"Chemicals, Polymers, Plastics & Packaging",QUIMICA NACIONAL S.A. DE C.V.,quimicanacional.com,Andrea Alarcón,Chief Human Resources Officer (CHRO),C_SUITE,HR_PEOPLE,aalarcón@quimicanacional.com,VERIFIED,85,+524792175179,2026-09-06T14:31:01.810088+00:00
"Chemicals, Polymers, Plastics & Packaging",QUIMICA NACIONAL S.C.,quimicanacional19.com,Roberto García,Chief Technology Officer (CTO),C_SUITE,ENGINEERING_IT,rgarcía@quimicanacional19.com,VERIFIED,85,+529061452540,2026-09-06T14:31:01.810088+00:00
"Chemicals, Polymers, Plastics & Packaging",EMPAQUES MEXICANA S.A.S.,empaquesmexicana.com.mx,Carlos Dominguez,Chief Operating Officer (COO),C_SUITE,OPERATIONS,cdominguez@empaquesmexicana.com.mx,VERIFIED,85,+529646594274,2026-09-06T14:31:01.810088+00:00
"Chemicals, Polymers, Plastics & Packaging",EMPAQUES MEXICANA S.A.S.,empaquesmexicana.com.mx,Alejandro López,Chief Technology Officer (CTO),C_SUITE,ENGINEERING_IT,alópez@empaquesmexicana.com.mx,VERIFIED,85,+525879906174,2026-09-06T14:31:01.810088+00:00
"Chemicals, Polymers, Plastics & Packaging",EMPAQUES MEXICANA S.A. DE C.V.,empaquesmexicana.com,Guillermo Mendoza,Chief Executive Officer (CEO),C_SUITE,EXECUTIVE,gmendoza@empaquesmexicana.com,VERIFIED,85,+529437205145,2026-09-06T14:31:01.810088+00:00
"Chemicals, Polymers, Plastics & Packaging",PLASTICOS NACIONAL S.A. DE C.V.,plasticosnacional.mx,Alejandro Vega,Chief Executive Officer (CEO),C_SUITE,EXECUTIVE,avega@plasticosnacional.mx,VERIFIED,85,+524998124230,2026-09-06T14:31:01.810088+00:00
"Chemicals, Polymers, Plastics & Packaging",PLASTICOS NACIONAL S.A. DE C.V.,plasticosnacional.mx,Jorge González,Chief Executive Officer (CEO),C_SUITE,EXECUTIVE,jgonzález@plasticosnacional.mx,VERIFIED,85,+524384756183,2026-09-06T14:31:01.810088+00:00
"Chemicals, Polymers, Plastics & Packaging",PLASTICOS NACIONAL 81 S. DE R.L. DE C.V.,plasticosnacional.com.mx,Claudia Salinas,Chief Executive Officer (CEO),C_SUITE,EXECUTIVE,csalinas@plasticosnacional.com.mx,VERIFIED,85,+524254842426,2026-09-06T14:31:01.810088+00:00
"Chemicals, Polymers, Plastics & Packaging",QUIMICA NACIONAL S.A. DE C.V.,quimicanacional.mx,Daniel Ruiz,Chief Financial Officer (CFO),C_SUITE,FINANCE,druiz@quimicanacional.mx,VERIFIED,85,+525587437803,2026-09-06T14:31:01.810088+00:00
"Chemicals, Polymers, Plastics & Packaging",EMPAQUES LATINOAMERICANA S.A.P.I. DE C.V.,empaqueslatinoamer.com.mx,Hector Ruiz,Founder,FOUNDER,EXECUTIVE,hruiz@empaqueslatinoamer.com.mx,VERIFIED,85,+526921933339,2026-09-06T14:31:01.810088+00:00
"Chemicals, Polymers, Plastics & Packaging",EMPAQUES LATINOAMERICANA S.A.P.I. DE C.V.,empaqueslatinoamer.com.mx,Eduardo Salinas,Chief Technology Officer (CTO),C_SUITE,ENGINEERING_IT,esalinas@empaqueslatinoamer.com.mx,VERIFIED,85,+526413723690,2026-09-06T14:31:01.810088+00:00
"Chemicals, Polymers, Plastics & Packaging",EMPAQUES LATINOAMERICANA S.A.P.I. DE C.V.,empaqueslatinoamer.com.mx,Luis Vega,Chief Revenue Officer (CRO),C_SUITE,SALES_MARKETING,lvega@empaqueslatinoamer.com.mx,VERIFIED,85,+529166892756,2026-09-06T14:31:01.810088+00:00
"Chemicals, Polymers, Plastics & Packaging",EMPAQUES LATINOAMERICANA 24 S.A.S.,empaqueslatinoamer.mx,David López,Chief Financial Officer (CFO),C_SUITE,FINANCE,dlópez@empaqueslatinoamer.mx,VERIFIED,85,+527183882368,2026-09-06T14:31:01.810088+00:00
"Chemicals, Polymers, Plastics & Packaging",QUIMICA DINAMICA S.A. DE C.V.,quimicadinamica24.com,Hector Alarcón,Chief Executive Officer (CEO),C_SUITE,EXECUTIVE,halarcón@quimicadinamica24.com,VERIFIED,85,+524357670600,2026-09-06T14:31:01.810088+00:00
"Chemicals, Polymers, Plastics & Packaging",QUIMICA DINAMICA S.A.B. DE C.V.,quimicadinamica66.com,Claudia Navarro,Founder,FOUNDER,EXECUTIVE,cnavarro@quimicadinamica66.com,VERIFIED,85,+528136104913,2026-09-06T14:31:01.810088+00:00
"Chemicals, Polymers, Plastics & Packaging",QUIMICA DINAMICA S.A.S.,quimicadinamica.mx,David Martínez,Chief Revenue Officer (CRO),C_SUITE,SALES_MARKETING,dmartínez@quimicadinamica.mx,VERIFIED,85,+526637308646,2026-09-06T14:31:01.810088+00:00
"Chemicals, Polymers, Plastics & Packaging",QUIMICA INTEGRAL S.C.,quimicaintegral.com.mx,Rodrigo Navarro,Chief Executive Officer (CEO),C_SUITE,EXECUTIVE,rnavarro@quimicaintegral.com.mx,VERIFIED,85,+527019878628,2026-09-06T14:31:01.810088+00:00
"Chemicals, Polymers, Plastics & Packaging",QUIMICA INTEGRAL S.C.,quimicaintegral.com.mx,Patricia Valenzuela,Chief Financial Officer (CFO),C_SUITE,FINANCE,pvalenzuela@quimicaintegral.com.mx,VERIFIED,85,+527553347012,2026-09-06T14:31:01.810088+00:00
"Chemicals, Polymers, Plastics & Packaging",QUIMICA DINAMICA S.A. DE C.V.,quimicadinamica.mx,Gabriel Garza,Chief Revenue Officer (CRO),C_SUITE,SALES_MARKETING,ggarza@quimicadinamica.mx,VERIFIED,85,+527893711225,2026-09-06T14:31:01.810088+00:00
"Chemicals, Polymers, Plastics & Packaging",QUIMICA DINAMICA S.A. DE C.V.,quimicadinamica.mx,Rodrigo Villaseñor,Chief Financial Officer (CFO),C_SUITE,FINANCE,rvillaseñor@quimicadinamica.mx,VERIFIED,85,+528695235021,2026-09-06T14:31:01.810088+00:00
"Chemicals, Polymers, Plastics & Packaging",PLASTICOS INDUSTRIAL S.A.B. DE C.V.,plasticosindustria.com.mx,Gabriel Hernández,Chief Revenue Officer (CRO),C_SUITE,SALES_MARKETING,ghernández@plasticosindustria.com.mx,VERIFIED,85,+526712006775,2026-09-06T14:31:01.810088+00:00
"Chemicals, Polymers, Plastics & Packaging",PLASTICOS INDUSTRIAL S.A.B. DE C.V.,plasticosindustria.com.mx,Rodrigo Benítez,Chief Executive Officer (CEO),C_SUITE,EXECUTIVE,rbenítez@plasticosindustria.com.mx,VERIFIED,85,+524496943040,2026-09-06T14:31:01.810088+00:00
"Chemicals, Polymers, Plastics & Packaging",PLASTICOS INDUSTRIAL S.A.P.I. DE C.V.,plasticosindustria.com,Gabriel Benítez,Chief Operating Officer (COO),C_SUITE,OPERATIONS,gbenítez@plasticosindustria.com,VERIFIED,85,+526556307323,2026-09-06T14:31:01.810088+00:00
"Chemicals, Polymers, Plastics & Packaging",QUIMICA EMPRESARIAL S.A.P.I. DE C.V.,quimicaempresarial.com.mx,Adriana Salinas,Chief Executive Officer (CEO),C_SUITE,EXECUTIVE,asalinas@quimicaempresarial.com.mx,VERIFIED,85,+523318251123,2026-09-06T14:31:01.822064+00:00
"Chemicals, Polymers, Plastics & Packaging",QUIMICA EMPRESARIAL S.A.P.I. DE C.V.,quimicaempresarial.com.mx,Andrea Alarcón,Chief Revenue Officer (CRO),C_SUITE,SALES_MARKETING,aalarcón@quimicaempresarial.com.mx,VERIFIED,85,+523366156315,2026-09-06T14:31:01.822064+00:00
"Chemicals, Polymers, Plastics & Packaging",PLASTICOS INTEGRAL S.A.S.,plasticosintegral1.com,Rodrigo Villaseñor,Chief Operating Officer (COO),C_SUITE,OPERATIONS,rvillaseñor@plasticosintegral1.com,VERIFIED,85,+528838297303,2026-09-06T14:31:01.822064+00:00
"Chemicals, Polymers, Plastics & Packaging",QUIMICA GLOBAL S.A. DE C.V.,quimicaglobal.mx,David Ruiz,Founder,FOUNDER,EXECUTIVE,druiz@quimicaglobal.mx,VERIFIED,85,+525557854205,2026-09-06T14:31:01.822064+00:00
"Chemicals, Polymers, Plastics & Packaging",PLASTICOS ESPECIALIZADA S.A.S.,plasticosespeciali.com.mx,Patricia Garza,Chief Executive Officer (CEO),C_SUITE,EXECUTIVE,pgarza@plasticosespeciali.com.mx,VERIFIED,85,+528160402854,2026-09-06T14:31:01.822064+00:00
"Chemicals, Polymers, Plastics & Packaging",PLASTICOS ESPECIALIZADA S.C.,plasticosespeciali.com,Sofia González,Chief Operating Officer (COO),C_SUITE,OPERATIONS,sgonzález@plasticosespeciali.com,VERIFIED,85,+528192278337,2026-09-06T14:31:01.822064+00:00
"Chemicals, Polymers, Plastics & Packaging",PLASTICOS ESPECIALIZADA S.C.,plasticosespeciali.com,Sofia Mendoza,Chief Human Resources Officer (CHRO),C_SUITE,HR_PEOPLE,smendoza@plasticosespeciali.com,VERIFIED,85,+528142146121,2026-09-06T14:31:01.822064+00:00
"Chemicals, Polymers, Plastics & Packaging",EMPAQUES LATINOAMERICANA S.C.,empaqueslatinoamer.com,Gabriel Navarro,Chief Operating Officer (COO),C_SUITE,OPERATIONS,gnavarro@empaqueslatinoamer.com,VERIFIED,85,+529597026953,2026-09-06T14:31:01.822064+00:00
"Chemicals, Polymers, Plastics & Packaging",EMPAQUES LATINOAMERICANA S.C.,empaqueslatinoamer.com,Daniel Morales,Chief Executive Officer (CEO),C_SUITE,EXECUTIVE,dmorales@empaqueslatinoamer.com,VERIFIED,85,+525172990230,2026-09-06T14:31:01.822064+00:00
"Chemicals, Polymers, Plastics & Packaging",EMPAQUES LATINOAMERICANA S.C.,empaqueslatinoamer.com,Hector Navarro,Founder,FOUNDER,EXECUTIVE,hnavarro@empaqueslatinoamer.com,VERIFIED,85,+526088923449,2026-09-06T14:31:01.822064+00:00
"Chemicals, Polymers, Plastics & Packaging",QUIMICA NACIONAL S.A. DE C.V.,quimicanacional.com.mx,Luis Treviño,Chief Human Resources Officer (CHRO),C_SUITE,HR_PEOPLE,ltreviño@quimicanacional.com.mx,VERIFIED,85,+525682535512,2026-09-06T14:31:01.822064+00:00
"Chemicals, Polymers, Plastics & Packaging",EMPAQUES CENTRAL S.A.P.I. DE C.V.,empaquescentral.com.mx,Daniel Castro,Chief Executive Officer (CEO),C_SUITE,EXECUTIVE,dcastro@empaquescentral.com.mx,VERIFIED,85,+524747670230,2026-09-06T14:31:01.822064+00:00
"Chemicals, Polymers, Plastics & Packaging",EMPAQUES CENTRAL S.A.P.I. DE C.V.,empaquescentral.com.mx,Fernando Benítez,Founder,FOUNDER,EXECUTIVE,fbenítez@empaquescentral49.com,VERIFIED,85,+524762094663,2026-09-06T14:31:01.822064+00:00
"Chemicals, Polymers, Plastics & Packaging",EMPAQUES CENTRAL S.A.B. DE C.V.,empaquescentral.com,Roberto Hernández,Chief Financial Officer (CFO),C_SUITE,FINANCE,rhernández@empaquescentral.com,VERIFIED,85,+525058288264,2026-09-06T14:31:01.822064+00:00
"Chemicals, Polymers, Plastics & Packaging",EMPAQUES MODERNA S.A.S.,empaquesmoderna.com,Claudia Hernández,Chief Operating Officer (COO),C_SUITE,OPERATIONS,chernández@empaquesmoderna.com,VERIFIED,85,+529552452614,2026-09-06T14:31:01.822064+00:00
"Chemicals, Polymers, Plastics & Packaging",EMPAQUES MODERNA S.A.S.,empaquesmoderna.com,Eduardo Salinas,Chief Revenue Officer (CRO),C_SUITE,SALES_MARKETING,esalinas@empaquesmoderna.com,VERIFIED,85,+529996905612,2026-09-06T14:31:01.822064+00:00
"Chemicals, Polymers, Plastics & Packaging",EMPAQUES MODERNA S.A.S.,empaquesmoderna.com,Mariana Navarro,Chief Operating Officer (COO),C_SUITE,OPERATIONS,mnavarro@empaquesmoderna.com,VERIFIED,85,+524464640072,2026-09-06T14:31:01.822064+00:00
"Chemicals, Polymers, Plastics & Packaging",EMPAQUES MODERNA S.A.S.,empaquesmoderna.com,Miguel Hernández,Chief Executive Officer (CEO),C_SUITE,EXECUTIVE,mhernández@empaquesmoderna.com,VERIFIED,85,+524691899371,2026-09-06T14:31:01.822064+00:00
"Chemicals, Polymers, Plastics & Packaging",EMPAQUES MODERNA 37 S.A. DE C.V.,empaquesmoderna.com.mx,Jorge Hernández,Chief Financial Officer (CFO),C_SUITE,FINANCE,jhernández@empaquesmoderna.com.mx,VERIFIED,85,+528778444482,2026-09-06T14:31:01.822064+00:00
"Chemicals, Polymers, Plastics & Packaging",EMPAQUES DINAMICA 96 S.A. DE C.V.,empaquesdinamica37.com,David Benítez,Chief Operating Officer (COO),C_SUITE,OPERATIONS,dbenítez@empaquesdinamica37.com,VERIFIED,85,+529638394739,2026-09-06T14:31:01.822064+00:00
"Chemicals, Polymers, Plastics & Packaging",EMPAQUES DINAMICA S.A.S.,empaquesdinamica.com.mx,Rodrigo Morales,Chief Executive Officer (CEO),C_SUITE,EXECUTIVE,rmorales@empaquesdinamica.com.mx,VERIFIED,85,+524966159138,2026-09-06T14:31:01.822064+00:00
"Chemicals, Polymers, Plastics & Packaging",QUIMICA NACIONAL 96 S.A.B. DE C.V.,quimicanacional.mx,Adriana Alarcón,Chief Operating Officer (COO),C_SUITE,OPERATIONS,aalarcón@quimicanacional.mx,VERIFIED,85,+527393517452,2026-09-06T14:31:01.825491+00:00
"Chemicals, Polymers, Plastics & Packaging",QUIMICA NACIONAL S.A.B. DE C.V.,quimicanacional.com.mx,Fernando Vega,Founder,FOUNDER,EXECUTIVE,fvega@quimicanacional.com.mx,VERIFIED,85,+525114866057,2026-09-06T14:31:01.825491+00:00
"Chemicals, Polymers, Plastics & Packaging",EMPAQUES GLOBAL S.A.P.I. DE C.V.,empaquesglobal.mx,Eduardo Alarcón,Chief Financial Officer (CFO),C_SUITE,FINANCE,ealarcón@empaquesglobal.mx,VERIFIED,85,+526594202050,2026-09-06T14:31:01.825491+00:00
"Chemicals, Polymers, Plastics & Packaging",EMPAQUES GLOBAL S.C.,empaquesglobal.com,Javier Ruiz,Chief Executive Officer (CEO),C_SUITE,EXECUTIVE,jruiz@empaquesglobal.com,VERIFIED,85,+527477068458,2026-09-06T14:31:01.825491+00:00
"Chemicals, Polymers, Plastics & Packaging",QUIMICA INDUSTRIAL 79 S.A.S.,quimicaindustrial1.com.mx,Fernando Martínez,Chief Technology Officer (CTO),C_SUITE,ENGINEERING_IT,fmartínez@quimicaindustrial1.com.mx,VERIFIED,85,+524164430138,2026-09-06T14:31:01.826307+00:00
"Chemicals, Polymers, Plastics & Packaging",QUIMICA INDUSTRIAL 48 S.A. DE C.V.,quimicaindustrial7.mx,Carlos Vega,Chief Human Resources Officer (CHRO),C_SUITE,HR_PEOPLE,cvega@quimicaindustrial7.mx,VERIFIED,85,+527733804937,2026-09-06T14:31:01.826307+00:00
"Chemicals, Polymers, Plastics & Packaging",QUIMICA INDUSTRIAL S.A. DE C.V.,quimicaindustrial8.com,David Valenzuela,Chief Executive Officer (CEO),C_SUITE,EXECUTIVE,dvalenzuela@quimicaindustrial8.com,VERIFIED,85,+527993804108,2026-09-06T14:31:01.826307+00:00
"Chemicals, Polymers, Plastics & Packaging",PLASTICOS MODERNA 34 S. DE R.L. DE C.V.,plasticosmoderna.mx,Daniel Navarro,Chief Human Resources Officer (CHRO),C_SUITE,HR_PEOPLE,dnavarro@plasticosmoderna.mx,VERIFIED,85,+527476581323,2026-09-06T14:31:01.826307+00:00
"Chemicals, Polymers, Plastics & Packaging",PLASTICOS MODERNA 34 S. DE R.L. DE C.V.,plasticosmoderna.mx,Jorge Villaseñor,Chief Financial Officer (CFO),C_SUITE,FINANCE,jvillaseñor@plasticosmoderna.mx,VERIFIED,85,+526925249968,2026-09-06T14:31:01.826307+00:00
"Chemicals, Polymers, Plastics & Packaging",QUIMICA CENTRAL S.A.S.,quimicacentral.com.mx,Javier Martínez,Chief Human Resources Officer (CHRO),C_SUITE,HR_PEOPLE,jmartínez@quimicacentral.com.mx,VERIFIED,85,+524784229458,2026-09-06T14:31:01.826307+00:00
"Chemicals, Polymers, Plastics & Packaging",QUIMICA CENTRAL S.A.S.,quimicacentral.com.mx,Carlos Valenzuela,Chief Operating Officer (COO),C_SUITE,OPERATIONS,cvalenzuela@quimicacentral.com.mx,VERIFIED,85,+528040493799,2026-09-06T14:31:01.826307+00:00
"Chemicals, Polymers, Plastics & Packaging",QUIMICA CENTRAL S.C.,quimicacentral.mx,Miguel García,Chief Human Resources Officer (CHRO),C_SUITE,HR_PEOPLE,mgarcía@quimicacentral.mx,VERIFIED,85,+525446420340,2026-09-06T14:31:01.826307+00:00
"Chemicals, Polymers, Plastics & Packaging",QUIMICA CENTRAL S.C.,quimicacentral.mx,Jorge Castro,Founder,FOUNDER,EXECUTIVE,jcastro@quimicacentral.mx,VERIFIED,85,+524066417890,2026-09-06T14:31:01.826307+00:00
"Chemicals, Polymers, Plastics & Packaging",PLASTICOS LATINOAMERICANA S.A.S.,plasticoslatinoame.com.mx,Claudia Castro,Chief Executive Officer (CEO),C_SUITE,EXECUTIVE,ccastro@plasticoslatinoame.com.mx,VERIFIED,85,+526797687853,2026-09-06T14:31:01.826307+00:00
"Chemicals, Polymers, Plastics & Packaging",PLASTICOS LATINOAMERICANA S.C.,plasticoslatinoame.com,Rodrigo Salinas,Chief Technology Officer (CTO),C_SUITE,ENGINEERING_IT,rsalinas@plasticoslatinoame.com,VERIFIED,85,+526810275939,2026-09-06T14:31:01.826307+00:00
"Chemicals, Polymers, Plastics & Packaging",PLASTICOS LATINOAMERICANA S.C.,plasticoslatinoame.com,Jorge Dominguez,Chief Executive Officer (CEO),C_SUITE,EXECUTIVE,jdominguez@plasticoslatinoame.mx,VERIFIED,85,+528492747396,2026-09-06T14:31:01.826307+00:00
"Chemicals, Polymers, Plastics & Packaging",PLASTICOS LATINOAMERICANA S.C.,plasticoslatinoame.com,Alejandro Alarcón,Chief Human Resources Officer (CHRO),C_SUITE,HR_PEOPLE,aalarcón@plasticoslatinoame.com,VERIFIED,85,+524865207301,2026-09-06T14:31:01.826307+00:00
"Chemicals, Polymers, Plastics & Packaging",PLASTICOS LATINOAMERICANA S.C.,plasticoslatinoame.com,Hector Benítez,Chief Executive Officer (CEO),C_SUITE,EXECUTIVE,hbenítez@plasticoslatinoame.mx,VERIFIED,85,+525636198527,2026-09-06T14:31:01.826307+00:00
"Chemicals, Polymers, Plastics & Packaging",EMPAQUES GLOBAL S. DE R.L. DE C.V.,empaquesglobal.mx,Andrea Morales,Chief Executive Officer (CEO),C_SUITE,EXECUTIVE,amorales@empaquesglobal.mx,VERIFIED,85,+526813372394,2026-09-06T14:31:01.826307+00:00
"Chemicals, Polymers, Plastics & Packaging",EMPAQUES AVANZADA S.C.,empaquesavanzada.com.mx,Miguel Martínez,Chief Technology Officer (CTO),C_SUITE,ENGINEERING_IT,mmartínez@empaquesavanzada.com.mx,VERIFIED,85,+527132680727,2026-09-06T14:31:01.826307+00:00
"Chemicals, Polymers, Plastics & Packaging",EMPAQUES AVANZADA S.A. DE C.V.,empaquesavanzada.com,Fernando Mendoza,Chief Executive Officer (CEO),C_SUITE,EXECUTIVE,fmendoza@empaquesavanzada.com,VERIFIED,85,+524374796760,2026-09-06T14:31:01.826307+00:00
"Chemicals, Polymers, Plastics & Packaging",EMPAQUES AVANZADA S.A. DE C.V.,empaquesavanzada15.mx,Alejandro Garza,Chief Operating Officer (COO),C_SUITE,OPERATIONS,agarza@empaquesavanzada15.mx,VERIFIED,85,+529771607749,2026-09-06T14:31:01.826307+00:00
"Chemicals, Polymers, Plastics & Packaging",EMPAQUES AVANZADA S. DE R.L. DE C.V.,empaquesavanzada97.com.mx,Mariana Treviño,Chief Executive Officer (CEO),C_SUITE,EXECUTIVE,mtreviño@empaquesavanzada97.com.mx,VERIFIED,85,+527567280182,2026-09-06T14:31:01.826307+00:00
"Chemicals, Polymers, Plastics & Packaging",EMPAQUES DINAMICA S.A.P.I. DE C.V.,empaquesdinamica36.com,Alejandro Treviño,Chief Human Resources Officer (CHRO),C_SUITE,HR_PEOPLE,atreviño@empaquesdinamica36.com,VERIFIED,85,+529656392517,2026-09-06T14:31:01.826307+00:00
"Chemicals, Polymers, Plastics & Packaging",PLASTICOS AVANZADA S.C.,plasticosavanzada.com.mx,David Morales,Chief Revenue Officer (CRO),C_SUITE,SALES_MARKETING,dmorales@plasticosavanzada.com.mx,VERIFIED,85,+525534979610,2026-09-06T14:31:01.826307+00:00
"Chemicals, Polymers, Plastics & Packaging",PLASTICOS AVANZADA S.A.S.,plasticosavanzada.mx,Miguel Valenzuela,Chief Executive Officer (CEO),C_SUITE,EXECUTIVE,mvalenzuela@plasticosavanzada.mx,VERIFIED,85,+525513503974,2026-09-06T14:31:01.826307+00:00
"Chemicals, Polymers, Plastics & Packaging",QUIMICA NACIONAL S.A. DE C.V.,quimicanacional.com,Luis Dominguez,Chief Human Resources Officer (CHRO),C_SUITE,HR_PEOPLE,ldominguez@quimicanacional.com,VERIFIED,85,+523321066993,2026-09-06T14:31:01.826307+00:00
"Chemicals, Polymers, Plastics & Packaging",QUIMICA NACIONAL S.A.P.I. DE C.V.,quimicanacional5.mx,Eduardo Villaseñor,Chief Human Resources Officer (CHRO),C_SUITE,HR_PEOPLE,evillaseñor@quimicanacional5.mx,VERIFIED,85,+523351093831,2026-09-06T14:31:01.826307+00:00
"Chemicals, Polymers, Plastics & Packaging",QUIMICA NACIONAL S.A.P.I. DE C.V.,quimicanacional5.mx,Luis López,Chief Human Resources Officer (CHRO),C_SUITE,HR_PEOPLE,llópez@quimicanacional.com.mx,VERIFIED,85,+523321113284,2026-09-06T14:31:01.826307+00:00
"Chemicals, Polymers, Plastics & Packaging",EMPAQUES INDUSTRIAL S.C.,empaquesindustrial.com,Mariana Mendoza,Founder,FOUNDER,EXECUTIVE,mmendoza@empaquesindustrial.com,VERIFIED,85,+529876088909,2026-09-06T14:31:01.826307+00:00
"Chemicals, Polymers, Plastics & Packaging",EMPAQUES INDUSTRIAL S.C.,empaquesindustrial.com,Eduardo Ruiz,Chief Human Resources Officer (CHRO),C_SUITE,HR_PEOPLE,eruiz@empaquesindustrial.mx,VERIFIED,85,+524162281950,2026-09-06T14:31:01.826307+00:00
"Chemicals, Polymers, Plastics & Packaging",EMPAQUES INDUSTRIAL S.C.,empaquesindustrial.com,Daniel Villaseñor,Chief Technology Officer (CTO),C_SUITE,ENGINEERING_IT,dvillaseñor@empaquesindustrial.com,VERIFIED,85,+523379336776,2026-09-06T14:31:01.826307+00:00
"Chemicals, Polymers, Plastics & Packaging",EMPAQUES INDUSTRIAL S.C.,empaquesindustrial.com,Mariana Mendoza,Founder,FOUNDER,EXECUTIVE,mmendoza@empaquesindustrial.com,VERIFIED,85,+523368814287,2026-09-06T14:31:01.826307+00:00
"Chemicals, Polymers, Plastics & Packaging",QUIMICA CENTRAL S.A.S.,quimicacentral.mx,Luis Castro,Chief Financial Officer (CFO),C_SUITE,FINANCE,lcastro@quimicacentral.mx,VERIFIED,85,+528133286726,2026-09-06T14:31:01.826307+00:00
"Chemicals, Polymers, Plastics & Packaging",QUIMICA CENTRAL S.A.S.,quimicacentral.mx,Carlos Castro,Chief Executive Officer (CEO),C_SUITE,EXECUTIVE,ccastro@quimicacentral.mx,VERIFIED,85,+528140779108,2026-09-06T14:31:01.826307+00:00
"Chemicals, Polymers, Plastics & Packaging",QUIMICA CENTRAL 63 S.A. DE C.V.,quimicacentral85.com.mx,Luis Navarro,Chief Revenue Officer (CRO),C_SUITE,SALES_MARKETING,lnavarro@quimicacentral85.com.mx,VERIFIED,85,+528164712970,2026-09-06T14:31:01.826307+00:00
"Chemicals, Polymers, Plastics & Packaging",PLASTICOS GLOBAL 65 S.A.S.,plasticosglobal.mx,Claudia Dominguez,Chief Operating Officer (COO),C_SUITE,OPERATIONS,cdominguez@plasticosglobal.mx,VERIFIED,85,+526777251287,2026-09-06T14:31:01.826307+00:00
"Chemicals, Polymers, Plastics & Packaging",PLASTICOS GLOBAL 65 S.A.S.,plasticosglobal.mx,David Navarro,Chief Human Resources Officer (CHRO),C_SUITE,HR_PEOPLE,dnavarro@plasticosglobal.mx,VERIFIED,85,+526985975099,2026-09-06T14:31:01.826307+00:00
"Chemicals, Polymers, Plastics & Packaging",QUIMICA ESPECIALIZADA S.A.P.I. DE C.V.,quimicaespecializa.com.mx,Guillermo Benítez,Chief Technology Officer (CTO),C_SUITE,ENGINEERING_IT,gbenítez@quimicaespecializa.com.mx,VERIFIED,85,+526991483025,2026-09-06T14:31:01.826307+00:00
"Chemicals, Polymers, Plastics & Packaging",QUIMICA ESPECIALIZADA S.A.P.I. DE C.V.,quimicaespecializa.com.mx,Claudia Mendoza,Chief Technology Officer (CTO),C_SUITE,ENGINEERING_IT,cmendoza@quimicaespecializa.com.mx,VERIFIED,85,+526422823988,2026-09-06T14:31:01.826307+00:00
"Chemicals, Polymers, Plastics & Packaging",QUIMICA ESPECIALIZADA S.A. DE C.V.,quimicaespecializa.com,Daniel Salinas,Chief Executive Officer (CEO),C_SUITE,EXECUTIVE,dsalinas@quimicaespecializa.com,VERIFIED,85,+524279273740,2026-09-06T14:31:01.826307+00:00
"Chemicals, Polymers, Plastics & Packaging",QUIMICA INTEGRAL S.A.P.I. DE C.V.,quimicaintegral86.mx,Fernando Ruiz,Founder,FOUNDER,EXECUTIVE,fruiz@quimicaintegral86.mx,VERIFIED,85,+526542441995,2026-09-06T14:31:01.826307+00:00
"Chemicals, Polymers, Plastics & Packaging",QUIMICA INTEGRAL S.A.P.I. DE C.V.,quimicaintegral86.mx,Gabriel González,Chief Operating Officer (COO),C_SUITE,OPERATIONS,ggonzález@quimicaintegral.com,VERIFIED,85,+529830314225,2026-09-06T14:31:01.826307+00:00
"Chemicals, Polymers, Plastics & Packaging",QUIMICA INTEGRAL S.C.,quimicaintegral.mx,Jorge Martínez,Founder,FOUNDER,EXECUTIVE,jmartínez@quimicaintegral.mx,VERIFIED,85,+524522057117,2026-09-06T14:31:01.826307+00:00
"Chemicals, Polymers, Plastics & Packaging",QUIMICA INTEGRAL S.A.S.,quimicaintegral.com,Javier Treviño,Chief Executive Officer (CEO),C_SUITE,EXECUTIVE,jtreviño@quimicaintegral.com,VERIFIED,85,+526751599451,2026-09-06T14:31:01.826307+00:00
"Chemicals, Polymers, Plastics & Packaging",PLASTICOS CENTRAL S.A.P.I. DE C.V.,plasticoscentral.com,Javier Benítez,Chief Technology Officer (CTO),C_SUITE,ENGINEERING_IT,jbenítez@plasticoscentral.com,VERIFIED,85,+528118413979,2026-09-06T14:31:01.826307+00:00
"Chemicals, Polymers, Plastics & Packaging",PLASTICOS CENTRAL 58 S.C.,plasticoscentral29.mx,Andrea Villaseñor,Chief Executive Officer (CEO),C_SUITE,EXECUTIVE,avillaseñor@plasticoscentral29.mx,VERIFIED,85,+529689202655,2026-09-06T14:31:01.826307+00:00
"Chemicals, Polymers, Plastics & Packaging",EMPAQUES MODERNA 36 S. DE R.L. DE C.V.,empaquesmoderna.com.mx,Guillermo García,Founder,FOUNDER,EXECUTIVE,ggarcía@empaquesmoderna.com.mx,VERIFIED,85,+528156043596,2026-09-06T14:31:01.826307+00:00
"Chemicals, Polymers, Plastics & Packaging",EMPAQUES MODERNA 36 S. DE R.L. DE C.V.,empaquesmoderna.com.mx,Adriana Mendoza,Chief Human Resources Officer (CHRO),C_SUITE,HR_PEOPLE,amendoza@empaquesmoderna.com.mx,VERIFIED,85,+528133753196,2026-09-06T14:31:01.826307+00:00
"Chemicals, Polymers, Plastics & Packaging",EMPAQUES MODERNA 36 S. DE R.L. DE C.V.,empaquesmoderna.com.mx,Daniel López,Founder,FOUNDER,EXECUTIVE,dlópez@empaquesmoderna.com.mx,VERIFIED,85,+528160361837,2026-09-06T14:31:01.826307+00:00
"Chemicals, Polymers, Plastics & Packaging",EMPAQUES MODERNA S. DE R.L. DE C.V.,empaquesmoderna28.com.mx,Luis Morales,Chief Technology Officer (CTO),C_SUITE,ENGINEERING_IT,lmorales@empaquesmoderna28.com.mx,VERIFIED,85,+528171386674,2026-09-06T14:31:01.826307+00:00
"Chemicals, Polymers, Plastics & Packaging",EMPAQUES MODERNA S. DE R.L. DE C.V.,empaquesmoderna.com,Sofia Vega,Chief Revenue Officer (CRO),C_SUITE,SALES_MARKETING,svega@empaquesmoderna.com,VERIFIED,85,+526824140485,2026-09-06T14:31:01.826307+00:00
"Chemicals, Polymers, Plastics & Packaging",PLASTICOS AVANZADA S.A.S.,plasticosavanzada.com,Claudia López,Chief Executive Officer (CEO),C_SUITE,EXECUTIVE,clópez@plasticosavanzada.com,VERIFIED,85,+529323324874,2026-09-06T14:31:01.832945+00:00
"Chemicals, Polymers, Plastics & Packaging",PLASTICOS AVANZADA S.A.S.,plasticosavanzada.com,Gabriel Benítez,Chief Financial Officer (CFO),C_SUITE,FINANCE,gbenítez@plasticosavanzada.com,VERIFIED,85,+528036725568,2026-09-06T14:31:01.832945+00:00
"Chemicals, Polymers, Plastics & Packaging",PLASTICOS ESPECIALIZADA 76 S.A. DE C.V.,plasticosespeciali.com.mx,Daniel Hernández,Chief Technology Officer (CTO),C_SUITE,ENGINEERING_IT,dhernández@plasticosespeciali.com.mx,VERIFIED,85,+529959401284,2026-09-06T14:31:01.832945+00:00
"Chemicals, Polymers, Plastics & Packaging",PLASTICOS ESPECIALIZADA S. DE R.L. DE C.V.,plasticosespeciali.mx,Claudia Benítez,Chief Financial Officer (CFO),C_SUITE,FINANCE,cbenítez@plasticosespeciali.mx,VERIFIED,85,+526796955440,2026-09-06T14:31:01.832945+00:00
"Chemicals, Polymers, Plastics & Packaging",PLASTICOS DINAMICA S.A.P.I. DE C.V.,plasticosdinamica7.mx,Sofia Alarcón,Founder,FOUNDER,EXECUTIVE,salarcón@plasticosdinamica7.mx,VERIFIED,85,+526655984930,2026-09-06T14:31:01.832945+00:00
"Chemicals, Polymers, Plastics & Packaging",PLASTICOS DINAMICA S. DE R.L. DE C.V.,plasticosdinamica3.com.mx,Jorge Navarro,Chief Executive Officer (CEO),C_SUITE,EXECUTIVE,jnavarro@plasticosdinamica3.com.mx,VERIFIED,85,+528883947261,2026-09-06T14:31:01.832945+00:00
"Chemicals, Polymers, Plastics & Packaging",EMPAQUES ESPECIALIZADA S.A.P.I. DE C.V.,empaquesespecializ.mx,Alejandro Benítez,Chief Executive Officer (CEO),C_SUITE,EXECUTIVE,abenítez@empaquesespecializ.mx,VERIFIED,85,+525128685069,2026-09-06T14:31:01.832945+00:00
"Chemicals, Polymers, Plastics & Packaging",QUIMICA AVANZADA S.C.,quimicaavanzada.com.mx,Roberto Hernández,Chief Financial Officer (CFO),C_SUITE,FINANCE,rhernández@quimicaavanzada.com.mx,VERIFIED,85,+524147355420,2026-09-06T14:31:01.832945+00:00
"Chemicals, Polymers, Plastics & Packaging",QUIMICA AVANZADA S. DE R.L. DE C.V.,quimicaavanzada.com,Miguel García,Chief Revenue Officer (CRO),C_SUITE,SALES_MARKETING,mgarcía@quimicaavanzada.com,VERIFIED,85,+526139302978,2026-09-06T14:31:01.832945+00:00
"Chemicals, Polymers, Plastics & Packaging",PLASTICOS INTERNACIONAL S.A.S.,plasticosinternaci.com.mx,Carlos Ruiz,Chief Human Resources Officer (CHRO),C_SUITE,HR_PEOPLE,cruiz@plasticosinternaci.com.mx,VERIFIED,85,+525150365015,2026-09-06T14:31:01.832945+00:00
"Chemicals, Polymers, Plastics & Packaging",PLASTICOS INTERNACIONAL S. DE R.L. DE C.V.,plasticosinternaci.mx,Guillermo González,Chief Executive Officer (CEO),C_SUITE,EXECUTIVE,ggonzález@plasticosinternaci.mx,VERIFIED,85,+524899164552,2026-09-06T14:31:01.832945+00:00
"Chemicals, Polymers, Plastics & Packaging",QUIMICA MEXICANA S.A.B. DE C.V.,quimicamexicana.mx,Fernando Valenzuela,Chief Technology Officer (CTO),C_SUITE,ENGINEERING_IT,fvalenzuela@quimicamexicana.mx,VERIFIED,85,+526156718106,2026-09-06T14:31:01.832945+00:00
"Chemicals, Polymers, Plastics & Packaging",QUIMICA INTEGRAL S. DE R.L. DE C.V.,quimicaintegral.com.mx,Daniel Martínez,Chief Executive Officer (CEO),C_SUITE,EXECUTIVE,dmartínez@quimicaintegral.com.mx,VERIFIED,85,+529551541119,2026-09-06T14:31:01.832945+00:00
"Chemicals, Polymers, Plastics & Packaging",EMPAQUES GLOBAL 79 S.A.P.I. DE C.V.,empaquesglobal5.com.mx,Rodrigo Navarro,Founder,FOUNDER,EXECUTIVE,rnavarro@empaquesglobal5.com.mx,VERIFIED,85,+528154133834,2026-09-06T14:31:01.832945+00:00
"Chemicals, Polymers, Plastics & Packaging",EMPAQUES GLOBAL S. DE R.L. DE C.V.,empaquesglobal.com,Patricia Valenzuela,Chief Executive Officer (CEO),C_SUITE,EXECUTIVE,pvalenzuela@empaquesglobal.com,VERIFIED,85,+528118117740,2026-09-06T14:31:01.832945+00:00
"Chemicals, Polymers, Plastics & Packaging",EMPAQUES ESPECIALIZADA S.A.P.I. DE C.V.,empaquesespecializ.mx,Rodrigo Alarcón,Chief Human Resources Officer (CHRO),C_SUITE,HR_PEOPLE,ralarcón@empaquesespecializ.mx,VERIFIED,85,+528425573575,2026-09-06T14:31:01.832945+00:00
"Chemicals, Polymers, Plastics & Packaging",QUIMICA EMPRESARIAL S.A.P.I. DE C.V.,quimicaempresarial.mx,Luis González,Chief Revenue Officer (CRO),C_SUITE,SALES_MARKETING,lgonzález@quimicaempresarial.mx,VERIFIED,85,+525855428520,2026-09-06T14:31:01.832945+00:00
"Chemicals, Polymers, Plastics & Packaging",QUIMICA EMPRESARIAL S.A.P.I. DE C.V.,quimicaempresarial.mx,Carlos Dominguez,Chief Human Resources Officer (CHRO),C_SUITE,HR_PEOPLE,cdominguez@quimicaempresarial.mx,VERIFIED,85,+527557136188,2026-09-06T14:31:01.832945+00:00
"Chemicals, Polymers, Plastics & Packaging",EMPAQUES ESPECIALIZADA S.A.P.I. DE C.V.,empaquesespecializ.mx,Alejandro Castro,Chief Executive Officer (CEO),C_SUITE,EXECUTIVE,acastro@empaquesespecializ.mx,VERIFIED,85,+525949823232,2026-09-06T14:31:01.832945+00:00
"Chemicals, Polymers, Plastics & Packaging",EMPAQUES ESPECIALIZADA S.C.,empaquesespecializ.com.mx,David Treviño,Chief Executive Officer (CEO),C_SUITE,EXECUTIVE,dtreviño@empaquesespecializ.com.mx,VERIFIED,85,+529814763150,2026-09-06T14:31:01.832945+00:00
"Chemicals, Polymers, Plastics & Packaging",EMPAQUES ESPECIALIZADA S.C.,empaquesespecializ.com.mx,Hector Dominguez,Founder,FOUNDER,EXECUTIVE,hdominguez@empaquesespecializ.com.mx,VERIFIED,85,+527461217332,2026-09-06T14:31:01.832945+00:00
"Chemicals, Polymers, Plastics & Packaging",EMPAQUES ESPECIALIZADA S.A.S.,empaquesespecializ.com,Mariana García,Founder,FOUNDER,EXECUTIVE,mgarcía@empaquesespecializ.com,VERIFIED,85,+526492384370,2026-09-06T14:31:01.832945+00:00
"Chemicals, Polymers, Plastics & Packaging",QUIMICA LATINOAMERICANA 68 S.A.B. DE C.V.,quimicalatinoameri.mx,Alejandro Mendoza,Chief Technology Officer (CTO),C_SUITE,ENGINEERING_IT,amendoza@quimicalatinoameri.mx,VERIFIED,85,+528715874492,2026-09-06T14:31:01.832945+00:00
"Chemicals, Polymers, Plastics & Packaging",QUIMICA LATINOAMERICANA 68 S.A.B. DE C.V.,quimicalatinoameri.mx,Mariana Treviño,Chief Technology Officer (CTO),C_SUITE,ENGINEERING_IT,mtreviño@quimicalatinoameri.mx,VERIFIED,85,+525790019819,2026-09-06T14:31:01.832945+00:00
"Chemicals, Polymers, Plastics & Packaging",QUIMICA LATINOAMERICANA S. DE R.L. DE C.V.,quimicalatinoameri.com,Hector Navarro,Chief Executive Officer (CEO),C_SUITE,EXECUTIVE,hnavarro@quimicalatinoameri.com,VERIFIED,85,+528517322528,2026-09-06T14:31:01.832945+00:00
"Chemicals, Polymers, Plastics & Packaging",EMPAQUES INTERNACIONAL S.A.B. DE C.V.,empaquesinternacio.mx,David Valenzuela,Chief Human Resources Officer (CHRO),C_SUITE,HR_PEOPLE,dvalenzuela@empaquesinternacio.mx,VERIFIED,85,+524026420636,2026-09-06T14:31:01.832945+00:00
"Chemicals, Polymers, Plastics & Packaging",EMPAQUES INTERNACIONAL S.A.B. DE C.V.,empaquesinternacio.mx,Eduardo Salinas,Chief Operating Officer (COO),C_SUITE,OPERATIONS,esalinas@empaquesinternacio.mx,VERIFIED,85,+526757333434,2026-09-06T14:31:01.832945+00:00
"Chemicals, Polymers, Plastics & Packaging",EMPAQUES INTERNACIONAL S.A.B. DE C.V.,empaquesinternacio.mx,Patricia Alarcón,Chief Revenue Officer (CRO),C_SUITE,SALES_MARKETING,palarcón@empaquesinternacio.mx,VERIFIED,85,+529433440370,2026-09-06T14:31:01.832945+00:00
"Chemicals, Polymers, Plastics & Packaging",EMPAQUES INTERNACIONAL S.A.B. DE C.V.,empaquesinternacio.com,Gabriel Garza,Founder,FOUNDER,EXECUTIVE,ggarza@empaquesinternacio.com,VERIFIED,85,+525419470300,2026-09-06T14:31:01.832945+00:00
"Chemicals, Polymers, Plastics & Packaging",EMPAQUES GLOBAL S.A.S.,empaquesglobal33.mx,Patricia Dominguez,Chief Executive Officer (CEO),C_SUITE,EXECUTIVE,pdominguez@empaquesglobal33.mx,VERIFIED,85,+529852972020,2026-09-06T14:31:01.832945+00:00
"Chemicals, Polymers, Plastics & Packaging",EMPAQUES GLOBAL S.A.S.,empaquesglobal97.com,Luis Navarro,Chief Technology Officer (CTO),C_SUITE,ENGINEERING_IT,lnavarro@empaquesglobal97.com,VERIFIED,85,+527015664121,2026-09-06T14:31:01.832945+00:00
"Chemicals, Polymers, Plastics & Packaging",EMPAQUES GLOBAL S. DE R.L. DE C.V.,empaquesglobal.com.mx,Javier Martínez,Chief Technology Officer (CTO),C_SUITE,ENGINEERING_IT,jmartínez@empaquesglobal.com.mx,VERIFIED,85,+528425113717,2026-09-06T14:31:01.832945+00:00
"Chemicals, Polymers, Plastics & Packaging",EMPAQUES EMPRESARIAL S.A.S.,empaquesempresaria.mx,Patricia Salinas,Chief Executive Officer (CEO),C_SUITE,EXECUTIVE,psalinas@empaquesempresaria.mx,VERIFIED,85,+524769111187,2026-09-06T14:31:01.832945+00:00
"Chemicals, Polymers, Plastics & Packaging",EMPAQUES EMPRESARIAL S.A.S.,empaquesempresaria.mx,Fernando Navarro,Chief Revenue Officer (CRO),C_SUITE,SALES_MARKETING,fnavarro@empaquesempresaria.mx,VERIFIED,85,+529730857481,2026-09-06T14:31:01.832945+00:00
"Chemicals, Polymers, Plastics & Packaging",EMPAQUES MEXICANA S.A.S.,empaquesmexicana.mx,Carlos Valenzuela,Chief Technology Officer (CTO),C_SUITE,ENGINEERING_IT,cvalenzuela@empaquesmexicana.mx,VERIFIED,85,+528240279000,2026-09-06T14:31:01.832945+00:00
"Chemicals, Polymers, Plastics & Packaging",EMPAQUES MEXICANA S.A.S.,empaquesmexicana.mx,Andrea Navarro,Chief Financial Officer (CFO),C_SUITE,FINANCE,anavarro@empaquesmexicana.mx,VERIFIED,85,+528980954682,2026-09-06T14:31:01.832945+00:00
"Chemicals, Polymers, Plastics & Packaging",EMPAQUES MEXICANA S.A.S.,empaquesmexicana.mx,Fernando Vega,Chief Executive Officer (CEO),C_SUITE,EXECUTIVE,fvega@empaquesmexicana.mx,VERIFIED,85,+524367304877,2026-09-06T14:31:01.832945+00:00
"Chemicals, Polymers, Plastics & Packaging",EMPAQUES MEXICANA S.A.B. DE C.V.,empaquesmexicana.com.mx,Roberto Benítez,Chief Executive Officer (CEO),C_SUITE,EXECUTIVE,rbenítez@empaquesmexicana.com.mx,VERIFIED,85,+526223062826,2026-09-06T14:31:01.832945+00:00
"Chemicals, Polymers, Plastics & Packaging",PLASTICOS DE OCCIDENTE 34 S.C.,plasticosdeocciden.com,Rodrigo Vega,Chief Executive Officer (CEO),C_SUITE,EXECUTIVE,rvega@plasticosdeocciden.com,VERIFIED,85,+528653960898,2026-09-06T14:31:01.832945+00:00
"Chemicals, Polymers, Plastics & Packaging",PLASTICOS DE OCCIDENTE 34 S.C.,plasticosdeocciden.com,Javier López,Chief Technology Officer (CTO),C_SUITE,ENGINEERING_IT,jlópez@plasticosdeocciden.com,VERIFIED,85,+527655447947,2026-09-06T14:31:01.832945+00:00
"Chemicals, Polymers, Plastics & Packaging",EMPAQUES INDUSTRIAL S. DE R.L. DE C.V.,empaquesindustrial.com,Gabriel Castro,Chief Executive Officer (CEO),C_SUITE,EXECUTIVE,gcastro@empaquesindustrial.com,VERIFIED,85,+529762322512,2026-09-06T14:31:01.832945+00:00
"Chemicals, Polymers, Plastics & Packaging",QUIMICA CENTRAL S.A.P.I. DE C.V.,quimicacentral26.com,Guillermo Navarro,Chief Technology Officer (CTO),C_SUITE,ENGINEERING_IT,gnavarro@quimicacentral26.com,VERIFIED,85,+529135988238,2026-09-06T14:31:01.832945+00:00
"Chemicals, Polymers, Plastics & Packaging",QUIMICA CENTRAL S.A.P.I. DE C.V.,quimicacentral26.com,Jorge Navarro,Chief Human Resources Officer (CHRO),C_SUITE,HR_PEOPLE,jnavarro@quimicacentral30.com.mx,VERIFIED,85,+528975180578,2026-09-06T14:31:01.832945+00:00
"Chemicals, Polymers, Plastics & Packaging",QUIMICA CENTRAL 61 S.A.B. DE C.V.,quimicacentral42.mx,Jorge Mendoza,Chief Financial Officer (CFO),C_SUITE,FINANCE,jmendoza@quimicacentral42.mx,VERIFIED,85,+526447255634,2026-09-06T14:31:01.832945+00:00
"Chemicals, Polymers, Plastics & Packaging",PLASTICOS INTERNACIONAL 80 S.A.S.,plasticosinternaci.com.mx,Luis Salinas,Chief Executive Officer (CEO),C_SUITE,EXECUTIVE,lsalinas@plasticosinternaci.com.mx,VERIFIED,85,+525588830925,2026-09-06T14:31:01.832945+00:00
"Chemicals, Polymers, Plastics & Packaging",QUIMICA INDUSTRIAL S.A.B. DE C.V.,quimicaindustrial.com,Eduardo Castro,Chief Financial Officer (CFO),C_SUITE,FINANCE,ecastro@quimicaindustrial.com,VERIFIED,85,+523375679162,2026-09-06T14:31:01.832945+00:00
"Chemicals, Polymers, Plastics & Packaging",QUIMICA INDUSTRIAL 36 S.A.P.I. DE C.V.,quimicaindustrial.com.mx,Jorge Mendoza,Founder,FOUNDER,EXECUTIVE,jmendoza@quimicaindustrial.com.mx,VERIFIED,85,+523327364864,2026-09-06T14:31:01.832945+00:00
"Chemicals, Polymers, Plastics & Packaging",QUIMICA INTEGRAL S. DE R.L. DE C.V.,quimicaintegral.mx,Adriana Alarcón,Chief Executive Officer (CEO),C_SUITE,EXECUTIVE,aalarcón@quimicaintegral.mx,VERIFIED,85,+529942794514,2026-09-06T14:31:01.832945+00:00
"Chemicals, Polymers, Plastics & Packaging",QUIMICA INTEGRAL S. DE R.L. DE C.V.,quimicaintegral.mx,Rodrigo Treviño,Chief Human Resources Officer (CHRO),C_SUITE,HR_PEOPLE,rtreviño@quimicaintegral.com.mx,VERIFIED,85,+525690421501,2026-09-06T14:31:01.832945+00:00
"Chemicals, Polymers, Plastics & Packaging",QUIMICA LATINOAMERICANA S.A.P.I. DE C.V.,quimicalatinoameri.com.mx,Claudia Morales,Chief Revenue Officer (CRO),C_SUITE,SALES_MARKETING,cmorales@quimicalatinoameri.com.mx,VERIFIED,85,+528654280780,2026-09-06T14:31:01.832945+00:00
"Chemicals, Polymers, Plastics & Packaging",EMPAQUES MEXICANA S. DE R.L. DE C.V.,empaquesmexicana.mx,Patricia Villaseñor,Chief Executive Officer (CEO),C_SUITE,EXECUTIVE,pvillaseñor@empaquesmexicana.mx,VERIFIED,85,+525231957478,2026-09-06T14:31:01.832945+00:00
"Chemicals, Polymers, Plastics & Packaging",EMPAQUES MEXICANA S. DE R.L. DE C.V.,empaquesmexicana.mx,Carlos García,Chief Human Resources Officer (CHRO),C_SUITE,HR_PEOPLE,cgarcía@empaquesmexicana.mx,VERIFIED,85,+528825158378,2026-09-06T14:31:01.832945+00:00
"Chemicals, Polymers, Plastics & Packaging",EMPAQUES MEXICANA S.A.S.,empaquesmexicana81.com,Andrea Benítez,Chief Revenue Officer (CRO),C_SUITE,SALES_MARKETING,abenítez@empaquesmexicana81.com,VERIFIED,85,+529570895493,2026-09-06T14:31:01.832945+00:00
"Chemicals, Polymers, Plastics & Packaging",PLASTICOS MODERNA 40 S.A.P.I. DE C.V.,plasticosmoderna.com,Guillermo Castro,Founder,FOUNDER,EXECUTIVE,gcastro@plasticosmoderna.com,VERIFIED,85,+528592248058,2026-09-06T14:31:01.838085+00:00
"Chemicals, Polymers, Plastics & Packaging",PLASTICOS MODERNA 40 S.A.P.I. DE C.V.,plasticosmoderna.com,David Vega,Chief Executive Officer (CEO),C_SUITE,EXECUTIVE,dvega@plasticosmoderna.com,VERIFIED,85,+525886414189,2026-09-06T14:31:01.838085+00:00
"Chemicals, Polymers, Plastics & Packaging",PLASTICOS MODERNA S.C.,plasticosmoderna33.com,Adriana González,Chief Human Resources Officer (CHRO),C_SUITE,HR_PEOPLE,agonzález@plasticosmoderna33.com,VERIFIED,85,+528133777360,2026-09-06T14:31:01.838085+00:00
"Chemicals, Polymers, Plastics & Packaging",PLASTICOS MODERNA S.A.S.,plasticosmoderna.mx,Andrea Morales,Chief Executive Officer (CEO),C_SUITE,EXECUTIVE,amorales@plasticosmoderna.mx,VERIFIED,85,+527466200159,2026-09-06T14:31:01.838085+00:00
"Chemicals, Polymers, Plastics & Packaging",PLASTICOS INDUSTRIAL S.A.B. DE C.V.,plasticosindustria.mx,Eduardo Salinas,Chief Operating Officer (COO),C_SUITE,OPERATIONS,esalinas@plasticosindustria.mx,VERIFIED,85,+528266319763,2026-09-06T14:31:01.838085+00:00
"Chemicals, Polymers, Plastics & Packaging",PLASTICOS INDUSTRIAL S.A.B. DE C.V.,plasticosindustria.mx,Roberto Mendoza,Chief Human Resources Officer (CHRO),C_SUITE,HR_PEOPLE,rmendoza@plasticosindustria.mx,VERIFIED,85,+526747333886,2026-09-06T14:31:01.838085+00:00
"Chemicals, Polymers, Plastics & Packaging",QUIMICA AVANZADA S.A. DE C.V.,quimicaavanzada65.com.mx,Luis González,Founder,FOUNDER,EXECUTIVE,lgonzález@quimicaavanzada65.com.mx,VERIFIED,85,+526874404645,2026-09-06T14:31:01.838085+00:00
"Chemicals, Polymers, Plastics & Packaging",QUIMICA AVANZADA 53 S.A.P.I. DE C.V.,quimicaavanzada.com.mx,Gabriel Valenzuela,Chief Human Resources Officer (CHRO),C_SUITE,HR_PEOPLE,gvalenzuela@quimicaavanzada.com.mx,VERIFIED,85,+525566264818,2026-09-06T14:31:01.838085+00:00
"Chemicals, Polymers, Plastics & Packaging",QUIMICA AVANZADA 75 S.A.B. DE C.V.,quimicaavanzada32.com.mx,Jorge Treviño,Chief Technology Officer (CTO),C_SUITE,ENGINEERING_IT,jtreviño@quimicaavanzada32.com.mx,VERIFIED,85,+524297338474,2026-09-06T14:31:01.838085+00:00
"Chemicals, Polymers, Plastics & Packaging",QUIMICA AVANZADA 94 S.A.P.I. DE C.V.,quimicaavanzada.mx,Alejandro López,Chief Operating Officer (COO),C_SUITE,OPERATIONS,alópez@quimicaavanzada.mx,VERIFIED,85,+528378251313,2026-09-06T14:31:01.838085+00:00
"Chemicals, Polymers, Plastics & Packaging",EMPAQUES INTERNACIONAL S.A. DE C.V.,empaquesinternacio.mx,Alejandro Castro,Chief Operating Officer (COO),C_SUITE,OPERATIONS,acastro@empaquesinternacio.mx,VERIFIED,85,+527892567420,2026-09-06T14:31:01.838085+00:00
"Chemicals, Polymers, Plastics & Packaging",PLASTICOS INTEGRAL S.C.,plasticosintegral.com,Jorge Alarcón,Chief Operating Officer (COO),C_SUITE,OPERATIONS,jalarcón@plasticosintegral.com,VERIFIED,85,+524574541473,2026-09-06T14:31:01.838085+00:00
"Chemicals, Polymers, Plastics & Packaging",QUIMICA GLOBAL S.A.S.,quimicaglobal.com,Hector Salinas,Chief Revenue Officer (CRO),C_SUITE,SALES_MARKETING,hsalinas@quimicaglobal.com,VERIFIED,85,+528185162905,2026-09-06T14:31:01.838085+00:00
"Chemicals, Polymers, Plastics & Packaging",QUIMICA GLOBAL S.A.S.,quimicaglobal.com,Claudia Martínez,Chief Executive Officer (CEO),C_SUITE,EXECUTIVE,cmartínez@quimicaglobal.com,VERIFIED,85,+528142758407,2026-09-06T14:31:01.838085+00:00
"Chemicals, Polymers, Plastics & Packaging",QUIMICA GLOBAL S.A.S.,quimicaglobal.com,Rodrigo Vega,Chief Revenue Officer (CRO),C_SUITE,SALES_MARKETING,rvega@quimicaglobal.com,VERIFIED,85,+528130061787,2026-09-06T14:31:01.838085+00:00
"Chemicals, Polymers, Plastics & Packaging",QUIMICA GLOBAL S.A. DE C.V.,quimicaglobal54.com,Alejandro Benítez,Chief Revenue Officer (CRO),C_SUITE,SALES_MARKETING,abenítez@quimicaglobal54.com,VERIFIED,85,+528112657345,2026-09-06T14:31:01.838085+00:00
"Chemicals, Polymers, Plastics & Packaging",PLASTICOS INTERNACIONAL S.A. DE C.V.,plasticosinternaci.com,Daniel Valenzuela,Chief Revenue Officer (CRO),C_SUITE,SALES_MARKETING,dvalenzuela@plasticosinternaci.com,VERIFIED,85,+523335674015,2026-09-06T14:31:01.840091+00:00
"Chemicals, Polymers, Plastics & Packaging",PLASTICOS DINAMICA S.A.P.I. DE C.V.,plasticosdinamica.com,Luis Castro,Chief Financial Officer (CFO),C_SUITE,FINANCE,lcastro@plasticosdinamica.com,VERIFIED,85,+527390682841,2026-09-06T14:31:01.840091+00:00
"Chemicals, Polymers, Plastics & Packaging",PLASTICOS DINAMICA S.A.P.I. DE C.V.,plasticosdinamica.com,Javier González,Chief Revenue Officer (CRO),C_SUITE,SALES_MARKETING,jgonzález@plasticosdinamica1.mx,VERIFIED,85,+526450674005,2026-09-06T14:31:01.840091+00:00
"Chemicals, Polymers, Plastics & Packaging",PLASTICOS DINAMICA S.A.P.I. DE C.V.,plasticosdinamica.com,Andrea Mendoza,Chief Technology Officer (CTO),C_SUITE,ENGINEERING_IT,amendoza@plasticosdinamica7.mx,VERIFIED,85,+528158801945,2026-09-06T14:31:01.840091+00:00
"Chemicals, Polymers, Plastics & Packaging",PLASTICOS DINAMICA S.A.B. DE C.V.,plasticosdinamica.mx,Eduardo Benítez,Chief Human Resources Officer (CHRO),C_SUITE,HR_PEOPLE,ebenítez@plasticosdinamica.mx,VERIFIED,85,+525417818248,2026-09-06T14:31:01.840091+00:00
"Chemicals, Polymers, Plastics & Packaging",PLASTICOS DINAMICA S.A. DE C.V.,plasticosdinamica.com.mx,Hector Martínez,Chief Human Resources Officer (CHRO),C_SUITE,HR_PEOPLE,hmartínez@plasticosdinamica.com.mx,VERIFIED,85,+524530588129,2026-09-06T14:31:01.840091+00:00
"Chemicals, Polymers, Plastics & Packaging",EMPAQUES ESPECIALIZADA S.A.B. DE C.V.,empaquesespecializ.com.mx,Claudia García,Chief Executive Officer (CEO),C_SUITE,EXECUTIVE,cgarcía@empaquesespecializ.com.mx,VERIFIED,85,+525558030112,2026-09-06T14:31:01.840091+00:00
"Chemicals, Polymers, Plastics & Packaging",PLASTICOS MODERNA S.A.S.,plasticosmoderna.mx,Roberto Salinas,Founder,FOUNDER,EXECUTIVE,rsalinas@plasticosmoderna.mx,VERIFIED,85,+528369272177,2026-09-06T14:31:01.840091+00:00
"Chemicals, Polymers, Plastics & Packaging",PLASTICOS INTEGRAL S.A. DE C.V.,plasticosintegral4.mx,Hector Castro,Chief Executive Officer (CEO),C_SUITE,EXECUTIVE,hcastro@plasticosintegral4.mx,VERIFIED,85,+528196358681,2026-09-06T14:31:01.840091+00:00
"Chemicals, Polymers, Plastics & Packaging",PLASTICOS INTEGRAL 62 S. DE R.L. DE C.V.,plasticosintegral.com,Guillermo Castro,Chief Operating Officer (COO),C_SUITE,OPERATIONS,gcastro@plasticosintegral.com,VERIFIED,85,+527652500702,2026-09-06T14:31:01.840091+00:00
"Chemicals, Polymers, Plastics & Packaging",PLASTICOS INTERNACIONAL S.A.B. DE C.V.,plasticosinternaci.mx,Javier Martínez,Chief Executive Officer (CEO),C_SUITE,EXECUTIVE,jmartínez@plasticosinternaci.mx,VERIFIED,85,+524356758220,2026-09-06T14:31:01.840091+00:00
"Chemicals, Polymers, Plastics & Packaging",QUIMICA LATINOAMERICANA S.C.,quimicalatinoameri.com.mx,Rodrigo Benítez,Chief Technology Officer (CTO),C_SUITE,ENGINEERING_IT,rbenítez@quimicalatinoameri.com.mx,VERIFIED,85,+523383986239,2026-09-06T14:31:01.842739+00:00
"Chemicals, Polymers, Plastics & Packaging",QUIMICA LATINOAMERICANA 10 S. DE R.L. DE C.V.,quimicalatinoameri.com,Roberto Villaseñor,Chief Human Resources Officer (CHRO),C_SUITE,HR_PEOPLE,rvillaseñor@quimicalatinoameri.com,VERIFIED,85,+523347882415,2026-09-06T14:31:01.842739+00:00
"Chemicals, Polymers, Plastics & Packaging",PLASTICOS NACIONAL S.A.S.,plasticosnacional.com,Patricia Dominguez,Chief Revenue Officer (CRO),C_SUITE,SALES_MARKETING,pdominguez@plasticosnacional.com,VERIFIED,85,+529056223738,2026-09-06T14:31:01.842739+00:00
"Chemicals, Polymers, Plastics & Packaging",PLASTICOS NACIONAL S.C.,plasticosnacional.mx,Daniel Morales,Chief Human Resources Officer (CHRO),C_SUITE,HR_PEOPLE,dmorales@plasticosnacional.mx,VERIFIED,85,+528937644599,2026-09-06T14:31:01.842739+00:00
"Chemicals, Polymers, Plastics & Packaging",PLASTICOS NACIONAL S. DE R.L. DE C.V.,plasticosnacional1.com,Adriana Valenzuela,Chief Operating Officer (COO),C_SUITE,OPERATIONS,avalenzuela@plasticosnacional1.com,VERIFIED,85,+524291830168,2026-09-06T14:31:01.842739+00:00
"Chemicals, Polymers, Plastics & Packaging",PLASTICOS MEXICANA S.A.B. DE C.V.,plasticosmexicana9.com,Adriana Benítez,Chief Financial Officer (CFO),C_SUITE,FINANCE,abenítez@plasticosmexicana9.com,VERIFIED,85,+523382546807,2026-09-06T14:31:01.842739+00:00
"Chemicals, Polymers, Plastics & Packaging",PLASTICOS MEXICANA S. DE R.L. DE C.V.,plasticosmexicana.mx,Claudia Castro,Chief Human Resources Officer (CHRO),C_SUITE,HR_PEOPLE,ccastro@plasticosmexicana.mx,VERIFIED,85,+523313654693,2026-09-06T14:31:01.842739+00:00
"Chemicals, Polymers, Plastics & Packaging",PLASTICOS MEXICANA 40 S.C.,plasticosmexicana.com,David López,Chief Human Resources Officer (CHRO),C_SUITE,HR_PEOPLE,dlópez@plasticosmexicana.com,VERIFIED,85,+523333117995,2026-09-06T14:31:01.842739+00:00
"Chemicals, Polymers, Plastics & Packaging",PLASTICOS MEXICANA 3 S.A.P.I. DE C.V.,plasticosmexicana.com.mx,Daniel Hernández,Chief Financial Officer (CFO),C_SUITE,FINANCE,dhernández@plasticosmexicana.com.mx,VERIFIED,85,+523389517129,2026-09-06T14:31:01.842739+00:00
"Chemicals, Polymers, Plastics & Packaging",QUIMICA ESPECIALIZADA S. DE R.L. DE C.V.,quimicaespecializa.com.mx,Roberto Alarcón,Chief Operating Officer (COO),C_SUITE,OPERATIONS,ralarcón@quimicaespecializa.com.mx,VERIFIED,85,+527598280557,2026-09-06T14:31:01.842739+00:00
"Chemicals, Polymers, Plastics & Packaging",QUIMICA ESPECIALIZADA S. DE R.L. DE C.V.,quimicaespecializa.com.mx,Claudia Garza,Chief Financial Officer (CFO),C_SUITE,FINANCE,cgarza@quimicaespecializa.com.mx,VERIFIED,85,+524396803245,2026-09-06T14:31:01.842739+00:00
"Chemicals, Polymers, Plastics & Packaging",QUIMICA ESPECIALIZADA S.A.B. DE C.V.,quimicaespecializa.com,David Salinas,Founder,FOUNDER,EXECUTIVE,dsalinas@quimicaespecializa.com,VERIFIED,85,+526982565700,2026-09-06T14:31:01.842739+00:00
"Chemicals, Polymers, Plastics & Packaging",QUIMICA LATINOAMERICANA 65 S.A. DE C.V.,quimicalatinoameri.com.mx,Carlos Villaseñor,Chief Human Resources Officer (CHRO),C_SUITE,HR_PEOPLE,cvillaseñor@quimicalatinoameri.com.mx,VERIFIED,85,+525552307562,2026-09-06T14:31:01.842739+00:00
"Chemicals, Polymers, Plastics & Packaging",QUIMICA CENTRAL S. DE R.L. DE C.V.,quimicacentral.com,Daniel Ruiz,Chief Human Resources Officer (CHRO),C_SUITE,HR_PEOPLE,druiz@quimicacentral.com,VERIFIED,85,+528418482329,2026-09-06T14:31:01.844940+00:00
"Chemicals, Polymers, Plastics & Packaging",PLASTICOS INTERNACIONAL S.A.P.I. DE C.V.,plasticosinternaci.com,Javier Valenzuela,Chief Revenue Officer (CRO),C_SUITE,SALES_MARKETING,jvalenzuela@plasticosinternaci.com,VERIFIED,85,+528560868540,2026-09-06T14:31:01.844940+00:00
"Chemicals, Polymers, Plastics & Packaging",PLASTICOS INTERNACIONAL S.A.S.,plasticosinternaci.com.mx,Rodrigo Benítez,Chief Human Resources Officer (CHRO),C_SUITE,HR_PEOPLE,rbenítez@plasticosinternaci.com.mx,VERIFIED,85,+524178149216,2026-09-06T14:31:01.844940+00:00
"Chemicals, Polymers, Plastics & Packaging",QUIMICA DINAMICA S.A.P.I. DE C.V.,quimicadinamica.com,Gabriel Hernández,Chief Human Resources Officer (CHRO),C_SUITE,HR_PEOPLE,ghernández@quimicadinamica.com,VERIFIED,85,+526620892269,2026-09-06T14:31:01.844940+00:00
"Chemicals, Polymers, Plastics & Packaging",QUIMICA DINAMICA S. DE R.L. DE C.V.,quimicadinamica.com.mx,Sofia Dominguez,Chief Operating Officer (COO),C_SUITE,OPERATIONS,sdominguez@quimicadinamica.com.mx,VERIFIED,85,+525964342760,2026-09-06T14:31:01.844940+00:00
"Chemicals, Polymers, Plastics & Packaging",QUIMICA DINAMICA S. DE R.L. DE C.V.,quimicadinamica.com.mx,David Navarro,Chief Human Resources Officer (CHRO),C_SUITE,HR_PEOPLE,dnavarro@quimicadinamica.mx,VERIFIED,85,+527624273925,2026-09-06T14:31:01.844940+00:00
"Chemicals, Polymers, Plastics & Packaging",EMPAQUES MEXICANA 23 S.C.,empaquesmexicana.mx,Sofia Garza,Founder,FOUNDER,EXECUTIVE,sgarza@empaquesmexicana.mx,VERIFIED,85,+529622892886,2026-09-06T14:31:01.844940+00:00
"Chemicals, Polymers, Plastics & Packaging",EMPAQUES MEXICANA S.A.B. DE C.V.,empaquesmexicana76.mx,Carlos Garza,Chief Technology Officer (CTO),C_SUITE,ENGINEERING_IT,cgarza@empaquesmexicana76.mx,VERIFIED,85,+528876936008,2026-09-06T14:31:01.844940+00:00
"Chemicals, Polymers, Plastics & Packaging",EMPAQUES LATINOAMERICANA S.A.S.,empaqueslatinoamer.com,Adriana Benítez,Chief Revenue Officer (CRO),C_SUITE,SALES_MARKETING,abenítez@empaqueslatinoamer.com,VERIFIED,85,+524876813609,2026-09-06T14:31:01.844940+00:00
"Chemicals, Polymers, Plastics & Packaging",EMPAQUES LATINOAMERICANA S.A.S.,empaqueslatinoamer.com.mx,David Ruiz,Chief Revenue Officer (CRO),C_SUITE,SALES_MARKETING,druiz@empaqueslatinoamer.com.mx,VERIFIED,85,+524694288936,2026-09-06T14:31:01.844940+00:00
"Chemicals, Polymers, Plastics & Packaging",EMPAQUES LATINOAMERICANA 51 S. DE R.L. DE C.V.,empaqueslatinoamer.mx,Jorge Navarro,Founder,FOUNDER,EXECUTIVE,jnavarro@empaqueslatinoamer.mx,VERIFIED,85,+525614322126,2026-09-06T14:31:01.844940+00:00
"Chemicals, Polymers, Plastics & Packaging",QUIMICA MODERNA S.C.,quimicamoderna.mx,Claudia Vega,Chief Technology Officer (CTO),C_SUITE,ENGINEERING_IT,cvega@quimicamoderna.mx,VERIFIED,85,+526351410971,2026-09-06T14:31:01.846944+00:00
"Chemicals, Polymers, Plastics & Packaging",QUIMICA MODERNA S.A.S.,quimicamoderna.com.mx,Gabriel Hernández,Chief Financial Officer (CFO),C_SUITE,FINANCE,ghernández@quimicamoderna.com.mx,VERIFIED,85,+529347997502,2026-09-06T14:31:01.846944+00:00
"Chemicals, Polymers, Plastics & Packaging",QUIMICA CENTRAL S.A. DE C.V.,quimicacentral.com.mx,Gabriel Mendoza,Chief Executive Officer (CEO),C_SUITE,EXECUTIVE,gmendoza@quimicacentral.com.mx,VERIFIED,85,+529824898616,2026-09-06T14:31:01.846944+00:00
"Chemicals, Polymers, Plastics & Packaging",QUIMICA CENTRAL S.A. DE C.V.,quimicacentral.com.mx,Luis Navarro,Chief Operating Officer (COO),C_SUITE,OPERATIONS,lnavarro@quimicacentral.com.mx,VERIFIED,85,+527456475930,2026-09-06T14:31:01.846944+00:00
"Chemicals, Polymers, Plastics & Packaging",QUIMICA CENTRAL S. DE R.L. DE C.V.,quimicacentral.com,Hector Villaseñor,Chief Human Resources Officer (CHRO),C_SUITE,HR_PEOPLE,hvillaseñor@quimicacentral.com,VERIFIED,85,+525867405021,2026-09-06T14:31:01.846944+00:00
"Chemicals, Polymers, Plastics & Packaging",QUIMICA LATINOAMERICANA S.A.B. DE C.V.,quimicalatinoameri.mx,Fernando Benítez,Chief Executive Officer (CEO),C_SUITE,EXECUTIVE,fbenítez@quimicalatinoameri.mx,VERIFIED,85,+529778876566,2026-09-06T14:31:01.846944+00:00
"Chemicals, Polymers, Plastics & Packaging",QUIMICA LATINOAMERICANA S.A.B. DE C.V.,quimicalatinoameri.mx,Hector Valenzuela,Chief Operating Officer (COO),C_SUITE,OPERATIONS,hvalenzuela@quimicalatinoameri.mx,VERIFIED,85,+524721600252,2026-09-06T14:31:01.846944+00:00
"Chemicals, Polymers, Plastics & Packaging",QUIMICA LATINOAMERICANA S.A.B. DE C.V.,quimicalatinoameri.mx,Jorge López,Chief Executive Officer (CEO),C_SUITE,EXECUTIVE,jlópez@quimicalatinoameri.com.mx,VERIFIED,85,+525581175053,2026-09-06T14:31:01.846944+00:00
"Chemicals, Polymers, Plastics & Packaging",EMPAQUES DE OCCIDENTE S. DE R.L. DE C.V.,empaquesdeoccident.mx,Gabriel Villaseñor,Chief Financial Officer (CFO),C_SUITE,FINANCE,gvillaseñor@empaquesdeoccident.mx,VERIFIED,85,+526642106405,2026-09-06T14:31:01.846944+00:00
"Chemicals, Polymers, Plastics & Packaging",EMPAQUES DE OCCIDENTE S.A.S.,empaquesdeoccident.com,Hector Vega,Chief Revenue Officer (CRO),C_SUITE,SALES_MARKETING,hvega@empaquesdeoccident.com,VERIFIED,85,+525572368625,2026-09-06T14:31:01.846944+00:00
"Chemicals, Polymers, Plastics & Packaging",EMPAQUES DE LAS AMERICAS S.A.S.,empaquesdelasameri.mx,Adriana Dominguez,Chief Operating Officer (COO),C_SUITE,OPERATIONS,adominguez@empaquesdelasameri.mx,VERIFIED,85,+526381357330,2026-09-06T14:31:01.846944+00:00
"Chemicals, Polymers, Plastics & Packaging",EMPAQUES DE LAS AMERICAS S.A.S.,empaquesdelasameri.mx,Jorge Navarro,Chief Technology Officer (CTO),C_SUITE,ENGINEERING_IT,jnavarro@empaquesdelasameri.mx,VERIFIED,85,+525375300241,2026-09-06T14:31:01.846944+00:00
"Chemicals, Polymers, Plastics & Packaging",EMPAQUES DE LAS AMERICAS S. DE R.L. DE C.V.,empaquesdelasameri.com.mx,Miguel García,Chief Operating Officer (COO),C_SUITE,OPERATIONS,mgarcía@empaquesdelasameri.com.mx,VERIFIED,85,+529065400723,2026-09-06T14:31:01.846944+00:00
"Chemicals, Polymers, Plastics & Packaging",EMPAQUES DE LAS AMERICAS S. DE R.L. DE C.V.,empaquesdelasameri.com.mx,Eduardo Morales,Chief Executive Officer (CEO),C_SUITE,EXECUTIVE,emorales@empaquesdelasameri.com,VERIFIED,85,+528980273117,2026-09-06T14:31:01.846944+00:00
"Chemicals, Polymers, Plastics & Packaging",EMPAQUES DE LAS AMERICAS S. DE R.L. DE C.V.,empaquesdelasameri.com.mx,Luis Mendoza,Chief Operating Officer (COO),C_SUITE,OPERATIONS,lmendoza@empaquesdelasameri.com.mx,VERIFIED,85,+528088012983,2026-09-06T14:31:01.846944+00:00
"Chemicals, Polymers, Plastics & Packaging",PLASTICOS GLOBAL S.A.P.I. DE C.V.,plasticosglobal38.com.mx,Adriana Treviño,Founder,FOUNDER,EXECUTIVE,atreviño@plasticosglobal38.com.mx,VERIFIED,85,+529914104541,2026-09-06T14:31:01.846944+00:00
"Chemicals, Polymers, Plastics & Packaging",PLASTICOS INTERNACIONAL S.A.P.I. DE C.V.,plasticosinternaci.com.mx,Gabriel Garza,Chief Revenue Officer (CRO),C_SUITE,SALES_MARKETING,ggarza@plasticosinternaci.com.mx,VERIFIED,85,+525278637119,2026-09-06T14:31:01.846944+00:00
"Chemicals, Polymers, Plastics & Packaging",PLASTICOS INTERNACIONAL 68 S.A.S.,plasticosinternaci.com,Carlos Benítez,Chief Executive Officer (CEO),C_SUITE,EXECUTIVE,cbenítez@plasticosinternaci.com,VERIFIED,85,+527245999391,2026-09-06T14:31:01.846944+00:00
"Chemicals, Polymers, Plastics & Packaging",QUIMICA DINAMICA S. DE R.L. DE C.V.,quimicadinamica.mx,Fernando Castro,Chief Human Resources Officer (CHRO),C_SUITE,HR_PEOPLE,fcastro@quimicadinamica.mx,VERIFIED,85,+527737283499,2026-09-06T14:31:01.846944+00:00
"Chemicals, Polymers, Plastics & Packaging",QUIMICA DINAMICA 41 S.A.B. DE C.V.,quimicadinamica.com,Claudia Benítez,Chief Operating Officer (COO),C_SUITE,OPERATIONS,cbenítez@quimicadinamica.com,VERIFIED,85,+529213373474,2026-09-06T14:31:01.846944+00:00
"Chemicals, Polymers, Plastics & Packaging",QUIMICA MEXICANA 16 S. DE R.L. DE C.V.,quimicamexicana.com.mx,Luis Castro,Chief Executive Officer (CEO),C_SUITE,EXECUTIVE,lcastro@quimicamexicana.com.mx,VERIFIED,85,+525537340875,2026-09-06T14:31:01.848949+00:00
"Chemicals, Polymers, Plastics & Packaging",QUIMICA MEXICANA S.A.B. DE C.V.,quimicamexicana.mx,Carlos López,Chief Technology Officer (CTO),C_SUITE,ENGINEERING_IT,clópez@quimicamexicana.mx,VERIFIED,85,+525530138952,2026-09-06T14:31:01.848949+00:00
"Chemicals, Polymers, Plastics & Packaging",QUIMICA MEXICANA S.A.P.I. DE C.V.,quimicamexicana16.mx,Mariana Salinas,Chief Executive Officer (CEO),C_SUITE,EXECUTIVE,msalinas@quimicamexicana16.mx,VERIFIED,85,+525529411246,2026-09-06T14:31:01.848949+00:00
"Chemicals, Polymers, Plastics & Packaging",PLASTICOS INDUSTRIAL S.A.P.I. DE C.V.,plasticosindustria.mx,Hector Valenzuela,Chief Financial Officer (CFO),C_SUITE,FINANCE,hvalenzuela@plasticosindustria.mx,VERIFIED,85,+524471550873,2026-09-06T14:31:01.848949+00:00
"Chemicals, Polymers, Plastics & Packaging",PLASTICOS INDUSTRIAL S.A.P.I. DE C.V.,plasticosindustria.mx,Hector Vega,Chief Executive Officer (CEO),C_SUITE,EXECUTIVE,hvega@plasticosindustria.mx,VERIFIED,85,+529726311288,2026-09-06T14:31:01.848949+00:00
"Chemicals, Polymers, Plastics & Packaging",PLASTICOS INDUSTRIAL S.A.P.I. DE C.V.,plasticosindustria.mx,Mariana García,Chief Operating Officer (COO),C_SUITE,OPERATIONS,mgarcía@plasticosindustria.com,VERIFIED,85,+524927074994,2026-09-06T14:31:01.848949+00:00
"Chemicals, Polymers, Plastics & Packaging",PLASTICOS INDUSTRIAL S.A. DE C.V.,plasticosindustria.com.mx,Rodrigo Garza,Chief Technology Officer (CTO),C_SUITE,ENGINEERING_IT,rgarza@plasticosindustria.com.mx,VERIFIED,85,+529243771080,2026-09-06T14:31:01.848949+00:00
"Chemicals, Polymers, Plastics & Packaging",PLASTICOS INDUSTRIAL S.A. DE C.V.,plasticosindustria.com.mx,Eduardo Morales,Chief Executive Officer (CEO),C_SUITE,EXECUTIVE,emorales@plasticosindustria.com,VERIFIED,85,+526036779094,2026-09-06T14:31:01.848949+00:00
"Chemicals, Polymers, Plastics & Packaging",EMPAQUES INTEGRAL 98 S.C.,empaquesintegral19.com,Jorge Ruiz,Chief Executive Officer (CEO),C_SUITE,EXECUTIVE,jruiz@empaquesintegral19.com,VERIFIED,85,+525940049073,2026-09-06T14:31:01.848949+00:00
"Chemicals, Polymers, Plastics & Packaging",EMPAQUES INTEGRAL S.A. DE C.V.,empaquesintegral.mx,Carlos Mendoza,Chief Revenue Officer (CRO),C_SUITE,SALES_MARKETING,cmendoza@empaquesintegral.mx,VERIFIED,85,+526766862930,2026-09-06T14:31:01.848949+00:00
"Chemicals, Polymers, Plastics & Packaging",EMPAQUES INTEGRAL S.A. DE C.V.,empaquesintegral.mx,Gabriel Martínez,Chief Executive Officer (CEO),C_SUITE,EXECUTIVE,gmartínez@empaquesintegral.mx,VERIFIED,85,+528596575268,2026-09-06T14:31:01.848949+00:00
"Chemicals, Polymers, Plastics & Packaging",PLASTICOS ESPECIALIZADA 52 S.A. DE C.V.,plasticosespeciali.mx,David Martínez,Chief Executive Officer (CEO),C_SUITE,EXECUTIVE,dmartínez@plasticosespeciali.mx,VERIFIED,85,+529073096950,2026-09-06T14:31:01.848949+00:00
"Chemicals, Polymers, Plastics & Packaging",PLASTICOS ESPECIALIZADA 52 S.A. DE C.V.,plasticosespeciali.mx,Eduardo Salinas,Chief Executive Officer (CEO),C_SUITE,EXECUTIVE,esalinas@plasticosespeciali.mx,VERIFIED,85,+524982289894,2026-09-06T14:31:01.848949+00:00
"Chemicals, Polymers, Plastics & Packaging",PLASTICOS ESPECIALIZADA S.C.,plasticosespeciali.com,Gabriel Garza,Chief Revenue Officer (CRO),C_SUITE,SALES_MARKETING,ggarza@plasticosespeciali.com,VERIFIED,85,+527849049392,2026-09-06T14:31:01.848949+00:00
"Chemicals, Polymers, Plastics & Packaging",QUIMICA INTERNACIONAL S.A.S.,quimicainternacion.mx,Luis Valenzuela,Chief Executive Officer (CEO),C_SUITE,EXECUTIVE,lvalenzuela@quimicainternacion.mx,VERIFIED,85,+523371625728,2026-09-06T14:31:01.848949+00:00
"Chemicals, Polymers, Plastics & Packaging",QUIMICA INTERNACIONAL S.A.S.,quimicainternacion.com.mx,Jorge Alarcón,Chief Human Resources Officer (CHRO),C_SUITE,HR_PEOPLE,jalarcón@quimicainternacion.com.mx,VERIFIED,85,+523344600107,2026-09-06T14:31:01.848949+00:00
"Chemicals, Polymers, Plastics & Packaging",PLASTICOS INTERNACIONAL S.A.B. DE C.V.,plasticosinternaci.mx,Eduardo Vega,Chief Executive Officer (CEO),C_SUITE,EXECUTIVE,evega@plasticosinternaci.mx,VERIFIED,85,+528141244347,2026-09-06T14:31:01.848949+00:00
"Chemicals, Polymers, Plastics & Packaging",PLASTICOS INTERNACIONAL S.A. DE C.V.,plasticosinternaci.com,Eduardo Castro,Chief Financial Officer (CFO),C_SUITE,FINANCE,ecastro@plasticosinternaci.com,VERIFIED,85,+529271212419,2026-09-06T14:31:01.848949+00:00
"Chemicals, Polymers, Plastics & Packaging",PLASTICOS INTERNACIONAL S.A. DE C.V.,plasticosinternaci.com,Jorge Villaseñor,Chief Revenue Officer (CRO),C_SUITE,SALES_MARKETING,jvillaseñor@plasticosinternaci.com,VERIFIED,85,+524883398295,2026-09-06T14:31:01.848949+00:00
"Chemicals, Polymers, Plastics & Packaging",EMPAQUES NACIONAL S.A.P.I. DE C.V.,empaquesnacional63.mx,Patricia Hernández,Chief Revenue Officer (CRO),C_SUITE,SALES_MARKETING,phernández@empaquesnacional63.mx,VERIFIED,85,+527658578947,2026-09-06T14:31:01.850953+00:00
"Chemicals, Polymers, Plastics & Packaging",EMPAQUES NACIONAL S.A.P.I. DE C.V.,empaquesnacional81.com,Adriana Benítez,Chief Human Resources Officer (CHRO),C_SUITE,HR_PEOPLE,abenítez@empaquesnacional81.com,VERIFIED,85,+529090898362,2026-09-06T14:31:01.850953+00:00
"Chemicals, Polymers, Plastics & Packaging",PLASTICOS DE OCCIDENTE S.A.P.I. DE C.V.,plasticosdeocciden.com.mx,Javier Alarcón,Chief Operating Officer (COO),C_SUITE,OPERATIONS,jalarcón@plasticosdeocciden.com.mx,VERIFIED,85,+528113004333,2026-09-06T14:31:01.850953+00:00
"Chemicals, Polymers, Plastics & Packaging",PLASTICOS DE OCCIDENTE S.A.P.I. DE C.V.,plasticosdeocciden.com.mx,Claudia Navarro,Chief Executive Officer (CEO),C_SUITE,EXECUTIVE,cnavarro@plasticosdeocciden.com,VERIFIED,85,+528154990866,2026-09-06T14:31:01.850953+00:00
"Chemicals, Polymers, Plastics & Packaging",QUIMICA INTERNACIONAL S. DE R.L. DE C.V.,quimicainternacion.com.mx,Miguel Treviño,Chief Executive Officer (CEO),C_SUITE,EXECUTIVE,mtreviño@quimicainternacion.com.mx,VERIFIED,85,+528859852108,2026-09-06T14:31:01.850953+00:00
"Chemicals, Polymers, Plastics & Packaging",QUIMICA INTERNACIONAL S. DE R.L. DE C.V.,quimicainternacion.com.mx,Javier López,Founder,FOUNDER,EXECUTIVE,jlópez@quimicainternacion.com.mx,VERIFIED,85,+527263759935,2026-09-06T14:31:01.850953+00:00
"Chemicals, Polymers, Plastics & Packaging",EMPAQUES EMPRESARIAL S.A.S.,empaquesempresaria.com.mx,Eduardo Treviño,Chief Executive Officer (CEO),C_SUITE,EXECUTIVE,etreviño@empaquesempresaria.com.mx,VERIFIED,85,+525688751566,2026-09-06T14:31:01.850953+00:00
"Chemicals, Polymers, Plastics & Packaging",EMPAQUES EMPRESARIAL S. DE R.L. DE C.V.,empaquesempresaria.com,Javier Castro,Chief Financial Officer (CFO),C_SUITE,FINANCE,jcastro@empaquesempresaria.com,VERIFIED,85,+526218853033,2026-09-06T14:31:01.850953+00:00
"Chemicals, Polymers, Plastics & Packaging",EMPAQUES EMPRESARIAL S. DE R.L. DE C.V.,empaquesempresaria.com,Roberto Villaseñor,Chief Executive Officer (CEO),C_SUITE,EXECUTIVE,rvillaseñor@empaquesempresaria.com,VERIFIED,85,+524245552528,2026-09-06T14:31:01.850953+00:00
"Chemicals, Polymers, Plastics & Packaging",QUIMICA ESPECIALIZADA S. DE R.L. DE C.V.,quimicaespecializa.mx,Miguel Martínez,Chief Technology Officer (CTO),C_SUITE,ENGINEERING_IT,mmartínez@quimicaespecializa.mx,VERIFIED,85,+525331814608,2026-09-06T14:31:01.850953+00:00
"Chemicals, Polymers, Plastics & Packaging",QUIMICA ESPECIALIZADA S. DE R.L. DE C.V.,quimicaespecializa.mx,Adriana López,Chief Executive Officer (CEO),C_SUITE,EXECUTIVE,alópez@quimicaespecializa.mx,VERIFIED,85,+527147728788,2026-09-06T14:31:01.850953+00:00
"Chemicals, Polymers, Plastics & Packaging",QUIMICA ESPECIALIZADA S. DE R.L. DE C.V.,quimicaespecializa.mx,Mariana Ruiz,Chief Operating Officer (COO),C_SUITE,OPERATIONS,mruiz@quimicaespecializa.mx,VERIFIED,85,+526731046398,2026-09-06T14:31:01.850953+00:00
"Chemicals, Polymers, Plastics & Packaging",QUIMICA ESPECIALIZADA S. DE R.L. DE C.V.,quimicaespecializa.com.mx,Roberto Dominguez,Chief Operating Officer (COO),C_SUITE,OPERATIONS,rdominguez@quimicaespecializa.com.mx,VERIFIED,85,+527960585580,2026-09-06T14:31:01.850953+00:00
"Chemicals, Polymers, Plastics & Packaging",EMPAQUES NACIONAL S.A. DE C.V.,empaquesnacional.com,Carlos Garza,Chief Human Resources Officer (CHRO),C_SUITE,HR_PEOPLE,cgarza@empaquesnacional.com,VERIFIED,85,+528193171753,2026-09-06T14:31:01.850953+00:00
"Chemicals, Polymers, Plastics & Packaging",EMPAQUES NACIONAL 83 S.A.S.,empaquesnacional.com.mx,Javier López,Founder,FOUNDER,EXECUTIVE,jlópez@empaquesnacional.com.mx,VERIFIED,85,+524638741502,2026-09-06T14:31:01.850953+00:00
"Chemicals, Polymers, Plastics & Packaging",QUIMICA LATINOAMERICANA 19 S. DE R.L. DE C.V.,quimicalatinoameri.mx,Sofia Castro,Chief Human Resources Officer (CHRO),C_SUITE,HR_PEOPLE,scastro@quimicalatinoameri.mx,VERIFIED,85,+528121103831,2026-09-06T14:31:01.850953+00:00
"Chemicals, Polymers, Plastics & Packaging",QUIMICA LATINOAMERICANA 19 S. DE R.L. DE C.V.,quimicalatinoameri.mx,Fernando Vega,Chief Executive Officer (CEO),C_SUITE,EXECUTIVE,fvega@quimicalatinoameri.mx,VERIFIED,85,+528177478196,2026-09-06T14:31:01.850953+00:00
"Chemicals, Polymers, Plastics & Packaging",PLASTICOS INTEGRAL S.A.P.I. DE C.V.,plasticosintegral.com.mx,Mariana González,Chief Operating Officer (COO),C_SUITE,OPERATIONS,mgonzález@plasticosintegral.com.mx,VERIFIED,85,+529248510337,2026-09-06T14:31:01.850953+00:00
"Chemicals, Polymers, Plastics & Packaging",EMPAQUES MODERNA S.A.B. DE C.V.,empaquesmoderna.mx,David Hernández,Chief Operating Officer (COO),C_SUITE,OPERATIONS,dhernández@empaquesmoderna.mx,VERIFIED,85,+529034654814,2026-09-06T14:31:01.852956+00:00
"Chemicals, Polymers, Plastics & Packaging",PLASTICOS INTERNACIONAL S.A.S.,plasticosinternaci.mx,Sofia Villaseñor,Chief Executive Officer (CEO),C_SUITE,EXECUTIVE,svillaseñor@plasticosinternaci.mx,VERIFIED,85,+528162247951,2026-09-06T14:31:01.852956+00:00
"Chemicals, Polymers, Plastics & Packaging",PLASTICOS INTERNACIONAL S.A.B. DE C.V.,plasticosinternaci.com.mx,Adriana Martínez,Chief Human Resources Officer (CHRO),C_SUITE,HR_PEOPLE,amartínez@plasticosinternaci.com.mx,VERIFIED,85,+528184960311,2026-09-06T14:31:01.852956+00:00
"Chemicals, Polymers, Plastics & Packaging",EMPAQUES AVANZADA 22 S.A.S.,empaquesavanzada26.com,Sofia Valenzuela,Chief Executive Officer (CEO),C_SUITE,EXECUTIVE,svalenzuela@empaquesavanzada26.com,VERIFIED,85,+526550154621,2026-09-06T14:31:01.852956+00:00
"Chemicals, Polymers, Plastics & Packaging",EMPAQUES AVANZADA S.A.P.I. DE C.V.,empaquesavanzada.com.mx,Gabriel Dominguez,Chief Executive Officer (CEO),C_SUITE,EXECUTIVE,gdominguez@empaquesavanzada.com.mx,VERIFIED,85,+527231463876,2026-09-06T14:31:01.852956+00:00
"Chemicals, Polymers, Plastics & Packaging",EMPAQUES ESPECIALIZADA S.A. DE C.V.,empaquesespecializ.mx,Patricia Ruiz,Chief Human Resources Officer (CHRO),C_SUITE,HR_PEOPLE,pruiz@empaquesespecializ.mx,VERIFIED,85,+523344613771,2026-09-06T14:31:01.853959+00:00
"Chemicals, Polymers, Plastics & Packaging",EMPAQUES ESPECIALIZADA S.A.S.,empaquesespecializ.com.mx,Carlos Hernández,Chief Executive Officer (CEO),C_SUITE,EXECUTIVE,chernández@empaquesespecializ.com.mx,VERIFIED,85,+523325663515,2026-09-06T14:31:01.853959+00:00
"Chemicals, Polymers, Plastics & Packaging",QUIMICA MEXICANA 88 S.A.S.,quimicamexicana48.mx,Claudia Villaseñor,Chief Financial Officer (CFO),C_SUITE,FINANCE,cvillaseñor@quimicamexicana48.mx,VERIFIED,85,+529788797797,2026-09-06T14:31:01.853959+00:00
"Chemicals, Polymers, Plastics & Packaging",PLASTICOS CENTRAL S.A.P.I. DE C.V.,plasticoscentral78.com.mx,Miguel Ruiz,Chief Executive Officer (CEO),C_SUITE,EXECUTIVE,mruiz@plasticoscentral78.com.mx,VERIFIED,85,+525830933242,2026-09-06T14:31:01.853959+00:00
"Chemicals, Polymers, Plastics & Packaging",PLASTICOS CENTRAL 47 S.C.,plasticoscentral.com,Luis Salinas,Chief Executive Officer (CEO),C_SUITE,EXECUTIVE,lsalinas@plasticoscentral.com,VERIFIED,85,+525584232575,2026-09-06T14:31:01.853959+00:00
"Chemicals, Polymers, Plastics & Packaging",EMPAQUES DINAMICA 27 S.C.,empaquesdinamica49.mx,Hector Ruiz,Chief Executive Officer (CEO),C_SUITE,EXECUTIVE,hruiz@empaquesdinamica49.mx,VERIFIED,85,+524816516667,2026-09-06T14:31:01.853959+00:00
"Chemicals, Polymers, Plastics & Packaging",EMPAQUES DINAMICA S.C.,empaquesdinamica.com.mx,Luis Morales,Chief Executive Officer (CEO),C_SUITE,EXECUTIVE,lmorales@empaquesdinamica.com.mx,VERIFIED,85,+525530989016,2026-09-06T14:31:01.853959+00:00
"Chemicals, Polymers, Plastics & Packaging",EMPAQUES LATINOAMERICANA 12 S.A.P.I. DE C.V.,empaqueslatinoamer.com.mx,David Dominguez,Chief Technology Officer (CTO),C_SUITE,ENGINEERING_IT,ddominguez@empaqueslatinoamer.com.mx,VERIFIED,85,+526587858912,2026-09-06T14:31:01.853959+00:00
"Chemicals, Polymers, Plastics & Packaging",EMPAQUES LATINOAMERICANA S.A.P.I. DE C.V.,empaqueslatinoamer.mx,Adriana Alarcón,Chief Revenue Officer (CRO),C_SUITE,SALES_MARKETING,aalarcón@empaqueslatinoamer.mx,VERIFIED,85,+529335385474,2026-09-06T14:31:01.853959+00:00
"Chemicals, Polymers, Plastics & Packaging",EMPAQUES LATINOAMERICANA 87 S.A.S.,empaqueslatinoamer.com,Jorge Hernández,Chief Executive Officer (CEO),C_SUITE,EXECUTIVE,jhernández@empaqueslatinoamer.com,VERIFIED,85,+526448979054,2026-09-06T14:31:01.853959+00:00
"Chemicals, Polymers, Plastics & Packaging",PLASTICOS INTERNACIONAL S.C.,plasticosinternaci.mx,Luis Ruiz,Chief Operating Officer (COO),C_SUITE,OPERATIONS,lruiz@plasticosinternaci.mx,VERIFIED,85,+526320547402,2026-09-06T14:31:01.853959+00:00
"Chemicals, Polymers, Plastics & Packaging",PLASTICOS INTERNACIONAL S.A.S.,plasticosinternaci.com.mx,Luis Vega,Founder,FOUNDER,EXECUTIVE,lvega@plasticosinternaci.com.mx,VERIFIED,85,+529127231271,2026-09-06T14:31:01.853959+00:00
"Chemicals, Polymers, Plastics & Packaging",PLASTICOS INTERNACIONAL S.A.S.,plasticosinternaci.com.mx,Jorge Morales,Founder,FOUNDER,EXECUTIVE,jmorales@plasticosinternaci.com.mx,VERIFIED,85,+529553258647,2026-09-06T14:31:01.853959+00:00
"Chemicals, Polymers, Plastics & Packaging",QUIMICA AVANZADA S.A.B. DE C.V.,quimicaavanzada91.com.mx,Sofia Valenzuela,Chief Technology Officer (CTO),C_SUITE,ENGINEERING_IT,svalenzuela@quimicaavanzada91.com.mx,VERIFIED,85,+529491601994,2026-09-06T14:31:01.853959+00:00
"Chemicals, Polymers, Plastics & Packaging",QUIMICA AVANZADA S.A.P.I. DE C.V.,quimicaavanzada31.mx,Daniel Dominguez,Chief Executive Officer (CEO),C_SUITE,EXECUTIVE,ddominguez@quimicaavanzada31.mx,VERIFIED,85,+528638372069,2026-09-06T14:31:01.853959+00:00
"Chemicals, Polymers, Plastics & Packaging",PLASTICOS CENTRAL 19 S.A. DE C.V.,plasticoscentral.com.mx,Carlos Hernández,Chief Executive Officer (CEO),C_SUITE,EXECUTIVE,chernández@plasticoscentral.com.mx,VERIFIED,85,+528119941837,2026-09-06T14:31:01.853959+00:00
"Chemicals, Polymers, Plastics & Packaging",EMPAQUES DINAMICA S.A.P.I. DE C.V.,empaquesdinamica.com.mx,David Ruiz,Chief Operating Officer (COO),C_SUITE,OPERATIONS,druiz@empaquesdinamica.com.mx,VERIFIED,85,+527079355931,2026-09-06T14:31:01.853959+00:00
"Chemicals, Polymers, Plastics & Packaging",EMPAQUES DINAMICA S.A. DE C.V.,empaquesdinamica29.com,Andrea Valenzuela,Chief Revenue Officer (CRO),C_SUITE,SALES_MARKETING,avalenzuela@empaquesdinamica29.com,VERIFIED,85,+528999474580,2026-09-06T14:31:01.853959+00:00
"Chemicals, Polymers, Plastics & Packaging",EMPAQUES DINAMICA S.A. DE C.V.,empaquesdinamica.mx,Daniel López,Chief Technology Officer (CTO),C_SUITE,ENGINEERING_IT,dlópez@empaquesdinamica.mx,VERIFIED,85,+529894990711,2026-09-06T14:31:01.853959+00:00
"Chemicals, Polymers, Plastics & Packaging",QUIMICA MEXICANA S.A. DE C.V.,quimicamexicana34.com,David López,Chief Executive Officer (CEO),C_SUITE,EXECUTIVE,dlópez@quimicamexicana34.com,VERIFIED,85,+527975339001,2026-09-06T14:31:01.853959+00:00
"Chemicals, Polymers, Plastics & Packaging",QUIMICA INTERNACIONAL S. DE R.L. DE C.V.,quimicainternacion.mx,Guillermo Navarro,Chief Executive Officer (CEO),C_SUITE,EXECUTIVE,gnavarro@quimicainternacion.mx,VERIFIED,85,+529592431537,2026-09-06T14:31:01.853959+00:00
"Chemicals, Polymers, Plastics & Packaging",PLASTICOS MODERNA 48 S.C.,plasticosmoderna14.com.mx,Carlos Morales,Chief Human Resources Officer (CHRO),C_SUITE,HR_PEOPLE,cmorales@plasticosmoderna14.com.mx,VERIFIED,85,+526442692425,2026-09-06T14:31:01.853959+00:00
"Chemicals, Polymers, Plastics & Packaging",PLASTICOS MODERNA S.A.B. DE C.V.,plasticosmoderna.mx,Javier González,Chief Technology Officer (CTO),C_SUITE,ENGINEERING_IT,jgonzález@plasticosmoderna.mx,VERIFIED,85,+529075772910,2026-09-06T14:31:01.853959+00:00
"Chemicals, Polymers, Plastics & Packaging",PLASTICOS MODERNA S.A.B. DE C.V.,plasticosmoderna.mx,Mariana López,Founder,FOUNDER,EXECUTIVE,mlópez@plasticosmoderna.com.mx,VERIFIED,85,+529567977284,2026-09-06T14:31:01.853959+00:00
"Chemicals, Polymers, Plastics & Packaging",PLASTICOS MODERNA S.A.B. DE C.V.,plasticosmoderna.mx,Guillermo Navarro,Chief Executive Officer (CEO),C_SUITE,EXECUTIVE,gnavarro@plasticosmoderna99.com.mx,VERIFIED,85,+525667517120,2026-09-06T14:31:01.853959+00:00
"Chemicals, Polymers, Plastics & Packaging",PLASTICOS MODERNA S.C.,plasticosmoderna86.com,Gabriel Ruiz,Chief Financial Officer (CFO),C_SUITE,FINANCE,gruiz@plasticosmoderna86.com,VERIFIED,85,+528469430937,2026-09-06T14:31:01.853959+00:00
"Chemicals, Polymers, Plastics & Packaging",PLASTICOS MODERNA S.C.,plasticosmoderna86.com,Claudia Navarro,Chief Executive Officer (CEO),C_SUITE,EXECUTIVE,cnavarro@plasticosmoderna48.com.mx,VERIFIED,85,+524746974615,2026-09-06T14:31:01.853959+00:00
"Chemicals, Polymers, Plastics & Packaging",PLASTICOS GLOBAL S.A.S.,plasticosglobal.com.mx,Daniel Castro,Chief Executive Officer (CEO),C_SUITE,EXECUTIVE,dcastro@plasticosglobal.com.mx,VERIFIED,85,+524854777403,2026-09-06T14:31:01.853959+00:00
"Chemicals, Polymers, Plastics & Packaging",PLASTICOS GLOBAL S.C.,plasticosglobal.mx,Jorge Treviño,Chief Human Resources Officer (CHRO),C_SUITE,HR_PEOPLE,jtreviño@plasticosglobal.mx,VERIFIED,85,+528615285723,2026-09-06T14:31:01.858731+00:00
"Chemicals, Polymers, Plastics & Packaging",QUIMICA MODERNA 64 S.A. DE C.V.,quimicamoderna.mx,Daniel Navarro,Chief Technology Officer (CTO),C_SUITE,ENGINEERING_IT,dnavarro@quimicamoderna.mx,VERIFIED,85,+524882939472,2026-09-06T14:31:01.859586+00:00
"Chemicals, Polymers, Plastics & Packaging",QUIMICA MODERNA S. DE R.L. DE C.V.,quimicamoderna.com.mx,Carlos Ruiz,Founder,FOUNDER,EXECUTIVE,cruiz@quimicamoderna.com.mx,VERIFIED,85,+526560404433,2026-09-06T14:31:01.859586+00:00
"Chemicals, Polymers, Plastics & Packaging",QUIMICA MODERNA S. DE R.L. DE C.V.,quimicamoderna.com.mx,Daniel Navarro,Chief Human Resources Officer (CHRO),C_SUITE,HR_PEOPLE,dnavarro@quimicamoderna.com.mx,VERIFIED,85,+524391648721,2026-09-06T14:31:01.859586+00:00
"Chemicals, Polymers, Plastics & Packaging",EMPAQUES CENTRAL 60 S.A.P.I. DE C.V.,empaquescentral.com.mx,Alejandro Dominguez,Chief Revenue Officer (CRO),C_SUITE,SALES_MARKETING,adominguez@empaquescentral.com.mx,VERIFIED,85,+525572999453,2026-09-06T14:31:01.860023+00:00
"Chemicals, Polymers, Plastics & Packaging",EMPAQUES CENTRAL 60 S.A.P.I. DE C.V.,empaquescentral.com.mx,Fernando Morales,Chief Executive Officer (CEO),C_SUITE,EXECUTIVE,fmorales@empaquescentral.com.mx,VERIFIED,85,+525532543161,2026-09-06T14:31:01.860023+00:00
"Chemicals, Polymers, Plastics & Packaging",EMPAQUES MODERNA S.A. DE C.V.,empaquesmoderna.com.mx,Guillermo López,Founder,FOUNDER,EXECUTIVE,glópez@empaquesmoderna.com.mx,VERIFIED,85,+525527984385,2026-09-06T14:31:01.860023+00:00
"Chemicals, Polymers, Plastics & Packaging",EMPAQUES MEXICANA S.A. DE C.V.,empaquesmexicana.mx,Roberto García,Chief Technology Officer (CTO),C_SUITE,ENGINEERING_IT,rgarcía@empaquesmexicana.mx,VERIFIED,85,+528859687209,2026-09-06T14:31:01.860023+00:00
"Chemicals, Polymers, Plastics & Packaging",QUIMICA AVANZADA S.A.S.,quimicaavanzada.com,Mariana Salinas,Chief Executive Officer (CEO),C_SUITE,EXECUTIVE,msalinas@quimicaavanzada.com,VERIFIED,85,+528850496160,2026-09-06T14:31:01.861051+00:00
"Chemicals, Polymers, Plastics & Packaging",EMPAQUES CENTRAL 72 S.A.P.I. DE C.V.,empaquescentral.mx,Javier López,Chief Executive Officer (CEO),C_SUITE,EXECUTIVE,jlópez@empaquescentral.mx,VERIFIED,85,+528112875590,2026-09-06T14:31:01.861051+00:00
"Chemicals, Polymers, Plastics & Packaging",EMPAQUES CENTRAL S.A.S.,empaquescentral.com.mx,Alejandro González,Chief Technology Officer (CTO),C_SUITE,ENGINEERING_IT,agonzález@empaquescentral.com.mx,VERIFIED,85,+526063066421,2026-09-06T14:31:01.861051+00:00
"Chemicals, Polymers, Plastics & Packaging",EMPAQUES CENTRAL S.A.S.,empaquescentral.com.mx,Adriana Dominguez,Chief Human Resources Officer (CHRO),C_SUITE,HR_PEOPLE,adominguez@empaquescentral.com.mx,VERIFIED,85,+525379591239,2026-09-06T14:31:01.861051+00:00
"Chemicals, Polymers, Plastics & Packaging",QUIMICA CENTRAL S.C.,quimicacentral.mx,Mariana García,Chief Executive Officer (CEO),C_SUITE,EXECUTIVE,mgarcía@quimicacentral.mx,VERIFIED,85,+525420680225,2026-09-06T14:31:01.861051+00:00
"Chemicals, Polymers, Plastics & Packaging",PLASTICOS INTERNACIONAL 60 S.A. DE C.V.,plasticosinternaci.mx,Carlos Dominguez,Chief Revenue Officer (CRO),C_SUITE,SALES_MARKETING,cdominguez@plasticosinternaci.mx,VERIFIED,85,+526647207974,2026-09-06T14:31:01.861051+00:00
"Chemicals, Polymers, Plastics & Packaging",PLASTICOS LATINOAMERICANA 44 S.C.,plasticoslatinoame.com,Miguel López,Chief Executive Officer (CEO),C_SUITE,EXECUTIVE,mlópez@plasticoslatinoame.com,VERIFIED,85,+526317384937,2026-09-06T14:31:01.861051+00:00
"Chemicals, Polymers, Plastics & Packaging",PLASTICOS LATINOAMERICANA S.A.B. DE C.V.,plasticoslatinoame.com.mx,Fernando Alarcón,Chief Technology Officer (CTO),C_SUITE,ENGINEERING_IT,falarcón@plasticoslatinoame.com.mx,VERIFIED,85,+524721202798,2026-09-06T14:31:01.861051+00:00
"Chemicals, Polymers, Plastics & Packaging",EMPAQUES ESPECIALIZADA S.A. DE C.V.,empaquesespecializ.com,Javier Villaseñor,Chief Operating Officer (COO),C_SUITE,OPERATIONS,jvillaseñor@empaquesespecializ.com,VERIFIED,85,+529175700034,2026-09-06T14:31:01.861051+00:00
"Chemicals, Polymers, Plastics & Packaging",EMPAQUES EMPRESARIAL S.A. DE C.V.,empaquesempresaria.com,Luis Navarro,Chief Executive Officer (CEO),C_SUITE,EXECUTIVE,lnavarro@empaquesempresaria.com,VERIFIED,85,+528067668834,2026-09-06T14:31:01.862148+00:00
"Chemicals, Polymers, Plastics & Packaging",QUIMICA LATINOAMERICANA S.A. DE C.V.,quimicalatinoameri.com,Gabriel Morales,Chief Human Resources Officer (CHRO),C_SUITE,HR_PEOPLE,gmorales@quimicalatinoameri.com,VERIFIED,85,+529730682174,2026-09-06T14:31:01.862148+00:00
"Chemicals, Polymers, Plastics & Packaging",QUIMICA LATINOAMERICANA S. DE R.L. DE C.V.,quimicalatinoameri.mx,Gabriel López,Chief Revenue Officer (CRO),C_SUITE,SALES_MARKETING,glópez@quimicalatinoameri.mx,VERIFIED,85,+528393927548,2026-09-06T14:31:01.862148+00:00
"Chemicals, Polymers, Plastics & Packaging",QUIMICA INTEGRAL S.A.S.,quimicaintegral.mx,Fernando González,Chief Technology Officer (CTO),C_SUITE,ENGINEERING_IT,fgonzález@quimicaintegral.mx,VERIFIED,85,+529598279949,2026-09-06T14:31:01.862148+00:00
"Chemicals, Polymers, Plastics & Packaging",QUIMICA AVANZADA S.A.P.I. DE C.V.,quimicaavanzada.mx,Rodrigo Martínez,Chief Revenue Officer (CRO),C_SUITE,SALES_MARKETING,rmartínez@quimicaavanzada.mx,VERIFIED,85,+529235584996,2026-09-06T14:31:01.862148+00:00
"Chemicals, Polymers, Plastics & Packaging",EMPAQUES AVANZADA S. DE R.L. DE C.V.,empaquesavanzada48.mx,Jorge Hernández,Chief Technology Officer (CTO),C_SUITE,ENGINEERING_IT,jhernández@empaquesavanzada48.mx,VERIFIED,85,+525570168249,2026-09-06T14:31:01.863049+00:00
"Chemicals, Polymers, Plastics & Packaging",EMPAQUES AVANZADA 79 S.A.P.I. DE C.V.,empaquesavanzada.com,Fernando Alarcón,Chief Executive Officer (CEO),C_SUITE,EXECUTIVE,falarcón@empaquesavanzada.com,VERIFIED,85,+525575018617,2026-09-06T14:31:01.863049+00:00
"Chemicals, Polymers, Plastics & Packaging",QUIMICA INTEGRAL S.A.S.,quimicaintegral.mx,Mariana Martínez,Chief Executive Officer (CEO),C_SUITE,EXECUTIVE,mmartínez@quimicaintegral.mx,VERIFIED,85,+528863110204,2026-09-06T14:31:01.863049+00:00
"Chemicals, Polymers, Plastics & Packaging",PLASTICOS GLOBAL 64 S.A.P.I. DE C.V.,plasticosglobal68.com.mx,David Mendoza,Founder,FOUNDER,EXECUTIVE,dmendoza@plasticosglobal68.com.mx,VERIFIED,85,+527032362927,2026-09-06T14:31:01.863049+00:00
"Chemicals, Polymers, Plastics & Packaging",PLASTICOS GLOBAL 41 S.A.B. DE C.V.,plasticosglobal.com.mx,Jorge Benítez,Chief Human Resources Officer (CHRO),C_SUITE,HR_PEOPLE,jbenítez@plasticosglobal.com.mx,VERIFIED,85,+528310411607,2026-09-06T14:31:01.863049+00:00
"Chemicals, Polymers, Plastics & Packaging",EMPAQUES INTERNACIONAL S.C.,empaquesinternacio.com.mx,David Vega,Chief Operating Officer (COO),C_SUITE,OPERATIONS,dvega@empaquesinternacio.com.mx,VERIFIED,85,+525511210380,2026-09-06T14:31:01.863049+00:00
"Chemicals, Polymers, Plastics & Packaging",EMPAQUES INTERNACIONAL S.A. DE C.V.,empaquesinternacio.com,David Hernández,Chief Executive Officer (CEO),C_SUITE,EXECUTIVE,dhernández@empaquesinternacio.com,VERIFIED,85,+525517776083,2026-09-06T14:31:01.863049+00:00
"Chemicals, Polymers, Plastics & Packaging",EMPAQUES INTERNACIONAL S.A. DE C.V.,empaquesinternacio.com,Carlos Morales,Chief Financial Officer (CFO),C_SUITE,FINANCE,cmorales@empaquesinternacio.com,VERIFIED,85,+525545690740,2026-09-06T14:31:01.863049+00:00
"Chemicals, Polymers, Plastics & Packaging",QUIMICA CENTRAL S.A.P.I. DE C.V.,quimicacentral.com,Miguel Castro,Chief Technology Officer (CTO),C_SUITE,ENGINEERING_IT,mcastro@quimicacentral.com,VERIFIED,85,+529172663937,2026-09-06T14:31:01.863049+00:00
"Chemicals, Polymers, Plastics & Packaging",PLASTICOS MODERNA S.C.,plasticosmoderna.com,Fernando López,Chief Operating Officer (COO),C_SUITE,OPERATIONS,flópez@plasticosmoderna.com,VERIFIED,85,+528318532087,2026-09-06T14:31:01.863049+00:00
"Chemicals, Polymers, Plastics & Packaging",QUIMICA CENTRAL S. DE R.L. DE C.V.,quimicacentral40.mx,Hector García,Chief Human Resources Officer (CHRO),C_SUITE,HR_PEOPLE,hgarcía@quimicacentral40.mx,VERIFIED,85,+524847098639,2026-09-06T14:31:01.863049+00:00
"Chemicals, Polymers, Plastics & Packaging",PLASTICOS GLOBAL S. DE R.L. DE C.V.,plasticosglobal.mx,Jorge Vega,Chief Financial Officer (CFO),C_SUITE,FINANCE,jvega@plasticosglobal.mx,VERIFIED,85,+527764311105,2026-09-06T14:31:01.863049+00:00
"Chemicals, Polymers, Plastics & Packaging",QUIMICA INTEGRAL S.A.P.I. DE C.V.,quimicaintegral.com.mx,Andrea Mendoza,Chief Human Resources Officer (CHRO),C_SUITE,HR_PEOPLE,amendoza@quimicaintegral.com.mx,VERIFIED,85,+524972052595,2026-09-06T14:31:01.863049+00:00
"Chemicals, Polymers, Plastics & Packaging",EMPAQUES DINAMICA S.A. DE C.V.,empaquesdinamica.mx,Andrea González,Founder,FOUNDER,EXECUTIVE,agonzález@empaquesdinamica.mx,VERIFIED,85,+528947331581,2026-09-06T14:31:01.863049+00:00
"Chemicals, Polymers, Plastics & Packaging",QUIMICA MEXICANA S. DE R.L. DE C.V.,quimicamexicana.com.mx,Claudia Hernández,Chief Executive Officer (CEO),C_SUITE,EXECUTIVE,chernández@quimicamexicana.com.mx,VERIFIED,85,+528155790053,2026-09-06T14:31:01.863049+00:00
"Chemicals, Polymers, Plastics & Packaging",EMPAQUES ESPECIALIZADA S.A. DE C.V.,empaquesespecializ.com,Miguel Hernández,Chief Executive Officer (CEO),C_SUITE,EXECUTIVE,mhernández@empaquesespecializ.com,VERIFIED,85,+528385858031,2026-09-06T14:31:01.863049+00:00
"Chemicals, Polymers, Plastics & Packaging",QUIMICA GLOBAL S.A.B. DE C.V.,quimicaglobal.com,Eduardo Benítez,Chief Human Resources Officer (CHRO),C_SUITE,HR_PEOPLE,ebenítez@quimicaglobal.com,VERIFIED,85,+529745728955,2026-09-06T14:31:01.863049+00:00
"Chemicals, Polymers, Plastics & Packaging",QUIMICA DINAMICA S.A.S.,quimicadinamica.com.mx,Patricia Ruiz,Chief Technology Officer (CTO),C_SUITE,ENGINEERING_IT,pruiz@quimicadinamica.com.mx,VERIFIED,85,+525525153306,2026-09-06T14:31:01.863049+00:00
"Chemicals, Polymers, Plastics & Packaging",PLASTICOS GLOBAL S. DE R.L. DE C.V.,plasticosglobal.com.mx,Andrea Treviño,Chief Operating Officer (COO),C_SUITE,OPERATIONS,atreviño@plasticosglobal.com.mx,VERIFIED,85,+526738049271,2026-09-06T14:31:01.863049+00:00
"Chemicals, Polymers, Plastics & Packaging",QUIMICA AVANZADA S.A.P.I. DE C.V.,quimicaavanzada48.com.mx,Patricia Mendoza,Chief Revenue Officer (CRO),C_SUITE,SALES_MARKETING,pmendoza@quimicaavanzada48.com.mx,VERIFIED,85,+525585651372,2026-09-06T14:31:01.863049+00:00
"Chemicals, Polymers, Plastics & Packaging",QUIMICA ESPECIALIZADA S.A.S.,quimicaespecializa.com,Eduardo García,Chief Operating Officer (COO),C_SUITE,OPERATIONS,egarcía@quimicaespecializa.com,VERIFIED,85,+525559917299,2026-09-06T14:31:01.863049+00:00
"Chemicals, Polymers, Plastics & Packaging",QUIMICA ESPECIALIZADA S.A.P.I. DE C.V.,quimicaespecializa.com.mx,Eduardo Dominguez,Chief Executive Officer (CEO),C_SUITE,EXECUTIVE,edominguez@quimicaespecializa.com.mx,VERIFIED,85,+525518054594,2026-09-06T14:31:01.863049+00:00
"Chemicals, Polymers, Plastics & Packaging",PLASTICOS LATINOAMERICANA S. DE R.L. DE C.V.,plasticoslatinoame.com,Alejandro Alarcón,Chief Executive Officer (CEO),C_SUITE,EXECUTIVE,aalarcón@plasticoslatinoame.com,VERIFIED,85,+524018673816,2026-09-06T14:31:01.863049+00:00
"Chemicals, Polymers, Plastics & Packaging",PLASTICOS LATINOAMERICANA S. DE R.L. DE C.V.,plasticoslatinoame.com,Andrea Hernández,Chief Executive Officer (CEO),C_SUITE,EXECUTIVE,ahernández@plasticoslatinoame.com,VERIFIED,85,+526130175415,2026-09-06T14:31:01.863049+00:00
"Chemicals, Polymers, Plastics & Packaging",PLASTICOS LATINOAMERICANA S.A.B. DE C.V.,plasticoslatinoame.mx,Javier González,Chief Human Resources Officer (CHRO),C_SUITE,HR_PEOPLE,jgonzález@plasticoslatinoame.mx,VERIFIED,85,+527932399055,2026-09-06T14:31:01.863049+00:00
"Chemicals, Polymers, Plastics & Packaging",PLASTICOS MODERNA S.A.B. DE C.V.,plasticosmoderna.mx,David Castro,Chief Executive Officer (CEO),C_SUITE,EXECUTIVE,dcastro@plasticosmoderna.mx,VERIFIED,85,+523326263882,2026-09-06T14:31:01.863049+00:00
"Chemicals, Polymers, Plastics & Packaging",PLASTICOS MODERNA S.A.B. DE C.V.,plasticosmoderna.mx,Fernando Dominguez,Chief Financial Officer (CFO),C_SUITE,FINANCE,fdominguez@plasticosmoderna.mx,VERIFIED,85,+523372464929,2026-09-06T14:31:01.863049+00:00
"Chemicals, Polymers, Plastics & Packaging",EMPAQUES INTEGRAL S.A. DE C.V.,empaquesintegral.mx,Miguel López,Chief Executive Officer (CEO),C_SUITE,EXECUTIVE,mlópez@empaquesintegral.mx,VERIFIED,85,+525761675614,2026-09-06T14:31:01.863049+00:00
"Chemicals, Polymers, Plastics & Packaging",EMPAQUES INTEGRAL S. DE R.L. DE C.V.,empaquesintegral36.com.mx,Mariana Salinas,Chief Financial Officer (CFO),C_SUITE,FINANCE,msalinas@empaquesintegral36.com.mx,VERIFIED,85,+524140039476,2026-09-06T14:31:01.863049+00:00
"Chemicals, Polymers, Plastics & Packaging",PLASTICOS INDUSTRIAL S. DE R.L. DE C.V.,plasticosindustria.mx,Alejandro González,Chief Human Resources Officer (CHRO),C_SUITE,HR_PEOPLE,agonzález@plasticosindustria.mx,VERIFIED,85,+525579400331,2026-09-06T14:31:01.863049+00:00
"Chemicals, Polymers, Plastics & Packaging",PLASTICOS MODERNA S.A.S.,plasticosmoderna.com,Javier Villaseñor,Chief Technology Officer (CTO),C_SUITE,ENGINEERING_IT,jvillaseñor@plasticosmoderna.com,VERIFIED,85,+528186271869,2026-09-06T14:31:01.863049+00:00
"Chemicals, Polymers, Plastics & Packaging",PLASTICOS MODERNA 56 S. DE R.L. DE C.V.,plasticosmoderna.mx,Guillermo Castro,Chief Executive Officer (CEO),C_SUITE,EXECUTIVE,gcastro@plasticosmoderna.mx,VERIFIED,85,+528173929392,2026-09-06T14:31:01.863049+00:00
"Chemicals, Polymers, Plastics & Packaging",PLASTICOS EMPRESARIAL S.A.S.,plasticosempresari.mx,Alejandro García,Chief Executive Officer (CEO),C_SUITE,EXECUTIVE,agarcía@plasticosempresari.mx,VERIFIED,85,+524127861184,2026-09-06T14:31:01.863049+00:00
"Chemicals, Polymers, Plastics & Packaging",PLASTICOS EMPRESARIAL S.A. DE C.V.,plasticosempresari.com,Guillermo López,Founder,FOUNDER,EXECUTIVE,glópez@plasticosempresari.com,VERIFIED,85,+524013914305,2026-09-06T14:31:01.863049+00:00
"Chemicals, Polymers, Plastics & Packaging",QUIMICA NACIONAL 93 S.A. DE C.V.,quimicanacional.com,Mariana Hernández,Chief Technology Officer (CTO),C_SUITE,ENGINEERING_IT,mhernández@quimicanacional.com,VERIFIED,85,+524370654705,2026-09-06T14:31:01.863049+00:00
"Chemicals, Polymers, Plastics & Packaging",EMPAQUES LATINOAMERICANA S.A.P.I. DE C.V.,empaqueslatinoamer.com,Patricia Morales,Chief Human Resources Officer (CHRO),C_SUITE,HR_PEOPLE,pmorales@empaqueslatinoamer.com,VERIFIED,85,+526250525152,2026-09-06T14:31:01.863049+00:00
"Chemicals, Polymers, Plastics & Packaging",QUIMICA DINAMICA S.A.B. DE C.V.,quimicadinamica.com,Javier Mendoza,Chief Financial Officer (CFO),C_SUITE,FINANCE,jmendoza@quimicadinamica.com,VERIFIED,85,+528148183204,2026-09-06T14:31:01.863049+00:00
"Chemicals, Polymers, Plastics & Packaging",QUIMICA DINAMICA S.A.B. DE C.V.,quimicadinamica85.mx,Alejandro Martínez,Chief Revenue Officer (CRO),C_SUITE,SALES_MARKETING,amartínez@quimicadinamica85.mx,VERIFIED,85,+528147916265,2026-09-06T14:31:01.863049+00:00
"Chemicals, Polymers, Plastics & Packaging",EMPAQUES INDUSTRIAL S.A.S.,empaquesindustrial.mx,Luis Treviño,Chief Technology Officer (CTO),C_SUITE,ENGINEERING_IT,ltreviño@empaquesindustrial.mx,VERIFIED,85,+529753384468,2026-09-06T14:31:01.863049+00:00
"Chemicals, Polymers, Plastics & Packaging",EMPAQUES INDUSTRIAL S.A. DE C.V.,empaquesindustrial.com.mx,Daniel Valenzuela,Chief Revenue Officer (CRO),C_SUITE,SALES_MARKETING,dvalenzuela@empaquesindustrial.com.mx,VERIFIED,85,+529615828533,2026-09-06T14:31:01.863049+00:00
"Chemicals, Polymers, Plastics & Packaging",EMPAQUES INTEGRAL S.C.,empaquesintegral.com.mx,Rodrigo Mendoza,Chief Technology Officer (CTO),C_SUITE,ENGINEERING_IT,rmendoza@empaquesintegral.com.mx,VERIFIED,85,+524889767622,2026-09-06T14:31:01.863049+00:00
"Chemicals, Polymers, Plastics & Packaging",EMPAQUES INTEGRAL S. DE R.L. DE C.V.,empaquesintegral58.com,Miguel Navarro,Founder,FOUNDER,EXECUTIVE,mnavarro@empaquesintegral58.com,VERIFIED,85,+524210630495,2026-09-06T14:31:01.863049+00:00
"Chemicals, Polymers, Plastics & Packaging",EMPAQUES CENTRAL S.C.,empaquescentral.mx,Claudia Garza,Chief Revenue Officer (CRO),C_SUITE,SALES_MARKETING,cgarza@empaquescentral.mx,VERIFIED,85,+524476630630,2026-09-06T14:31:01.863049+00:00
"Chemicals, Polymers, Plastics & Packaging",EMPAQUES INTEGRAL 22 S.A.P.I. DE C.V.,empaquesintegral.com,Eduardo Hernández,Chief Executive Officer (CEO),C_SUITE,EXECUTIVE,ehernández@empaquesintegral.com,VERIFIED,85,+525972537854,2026-09-06T14:31:01.863049+00:00
"Chemicals, Polymers, Plastics & Packaging",EMPAQUES AVANZADA S.A.P.I. DE C.V.,empaquesavanzada.mx,Jorge Dominguez,Chief Human Resources Officer (CHRO),C_SUITE,HR_PEOPLE,jdominguez@empaquesavanzada.mx,VERIFIED,85,+523378220606,2026-09-06T14:31:01.863049+00:00
"Chemicals, Polymers, Plastics & Packaging",PLASTICOS INTERNACIONAL S.A. DE C.V.,plasticosinternaci.com.mx,Hector Villaseñor,Chief Technology Officer (CTO),C_SUITE,ENGINEERING_IT,hvillaseñor@plasticosinternaci.com.mx,VERIFIED,85,+529810952966,2026-09-06T14:31:01.863049+00:00
"Chemicals, Polymers, Plastics & Packaging",EMPAQUES ESPECIALIZADA S.A.S.,empaquesespecializ.com,Jorge Navarro,Chief Technology Officer (CTO),C_SUITE,ENGINEERING_IT,jnavarro@empaquesespecializ.com,VERIFIED,85,+529466287908,2026-09-06T14:31:01.863049+00:00
"Chemicals, Polymers, Plastics & Packaging",EMPAQUES ESPECIALIZADA S.A.S.,empaquesespecializ.com.mx,Fernando Navarro,Chief Executive Officer (CEO),C_SUITE,EXECUTIVE,fnavarro@empaquesespecializ.com.mx,VERIFIED,85,+525713154864,2026-09-06T14:31:01.863049+00:00
"Chemicals, Polymers, Plastics & Packaging",QUIMICA LATINOAMERICANA S.A. DE C.V.,quimicalatinoameri.com.mx,Fernando Villaseñor,Chief Financial Officer (CFO),C_SUITE,FINANCE,fvillaseñor@quimicalatinoameri.com.mx,VERIFIED,85,+526638550998,2026-09-06T14:31:01.863049+00:00
"Chemicals, Polymers, Plastics & Packaging",EMPAQUES AVANZADA S.A.B. DE C.V.,empaquesavanzada33.mx,Claudia González,Chief Human Resources Officer (CHRO),C_SUITE,HR_PEOPLE,cgonzález@empaquesavanzada33.mx,VERIFIED,85,+525573711281,2026-09-06T14:31:01.863049+00:00
"Chemicals, Polymers, Plastics & Packaging",PLASTICOS INDUSTRIAL S.A. DE C.V.,plasticosindustria.com.mx,Claudia Castro,Chief Revenue Officer (CRO),C_SUITE,SALES_MARKETING,ccastro@plasticosindustria.com.mx,VERIFIED,85,+524444382610,2026-09-06T14:31:01.863049+00:00
"Chemicals, Polymers, Plastics & Packaging",EMPAQUES INTERNACIONAL S. DE R.L. DE C.V.,empaquesinternacio.com,Adriana Hernández,Chief Operating Officer (COO),C_SUITE,OPERATIONS,ahernández@empaquesinternacio.com,VERIFIED,85,+525448049618,2026-09-06T14:31:01.863049+00:00
"Chemicals, Polymers, Plastics & Packaging",EMPAQUES INTEGRAL 92 S.A.B. DE C.V.,empaquesintegral.com,Alejandro García,Chief Executive Officer (CEO),C_SUITE,EXECUTIVE,agarcía@empaquesintegral.com,VERIFIED,85,+526785908007,2026-09-06T14:31:01.863049+00:00
"Chemicals, Polymers, Plastics & Packaging",PLASTICOS LATINOAMERICANA 72 S.C.,plasticoslatinoame.com.mx,Daniel Mendoza,Chief Executive Officer (CEO),C_SUITE,EXECUTIVE,dmendoza@plasticoslatinoame.com.mx,VERIFIED,85,+524538972310,2026-09-06T14:31:01.863049+00:00
"Chemicals, Polymers, Plastics & Packaging",EMPAQUES Y POLIMEROS TERMOFORMADOS S.A. DE C.V.,politermpack.com.mx,Sofia Garza Morales,General Manager,MANAGER,OPERATIONS,sgarza@politermpack.com.mx,VERIFIED,85,+523336841123,2026-09-06T14:31:01.863049+00:00
