industry,company_name,company_domain,full_name,standardized_title,seniority_level,department,work_email,email_status,email_confidence_score,direct_phone,created_at
"Food, Beverage & Agribusiness",ALIMENTOS Y BEBIDAS MEXICANA S.C.,alimentosybebidasm.mx,Jorge Treviño,Founder,FOUNDER,EXECUTIVE,jtreviño@alimentosybebidasm.mx,VERIFIED,85,+528145314989,2026-09-06T14:31:01.183148+00:00
"Food, Beverage & Agribusiness",ALIMENTOS Y BEBIDAS MEXICANA S.C.,alimentosybebidasm.mx,Eduardo Mendoza,Chief Executive Officer (CEO),C_SUITE,EXECUTIVE,emendoza@alimentosybebidasm.mx,VERIFIED,85,+528121583093,2026-09-06T14:31:01.183148+00:00
"Food, Beverage & Agribusiness",ALIMENTOS Y BEBIDAS MEXICANA S.C.,alimentosybebidasm.mx,Hector Ruiz,Chief Technology Officer (CTO),C_SUITE,ENGINEERING_IT,hruiz@alimentosybebidasm.mx,VERIFIED,85,+528166224186,2026-09-06T14:31:01.183148+00:00
"Food, Beverage & Agribusiness",ALIMENTOS Y BEBIDAS MEXICANA 4 S.A.S.,alimentosybebidasm.com,Claudia Alarcón,Founder,FOUNDER,EXECUTIVE,calarcón@alimentosybebidasm.com,VERIFIED,85,+528118322781,2026-09-06T14:31:01.183148+00:00
"Food, Beverage & Agribusiness",ALIMENTOS Y BEBIDAS MEXICANA 4 S.A.S.,alimentosybebidasm.com,Mariana Villaseñor,Chief Executive Officer (CEO),C_SUITE,EXECUTIVE,mvillaseñor@alimentosybebidasm.com,VERIFIED,85,+528170661848,2026-09-06T14:31:01.183148+00:00
"Food, Beverage & Agribusiness",ALIMENTOS Y BEBIDAS MEXICANA 4 S.A.S.,alimentosybebidasm.com,Jorge Vega,Founder,FOUNDER,EXECUTIVE,jvega@alimentosybebidasm.com,VERIFIED,85,+528168263445,2026-09-06T14:31:01.183148+00:00
"Food, Beverage & Agribusiness",ALIMENTOS Y BEBIDAS GLOBAL S. DE R.L. DE C.V.,alimentosybebidasg.mx,Gabriel López,Chief Executive Officer (CEO),C_SUITE,EXECUTIVE,glópez@alimentosybebidasg.mx,VERIFIED,85,+528162825751,2026-09-06T14:31:01.183148+00:00
"Food, Beverage & Agribusiness",ALIMENTOS Y BEBIDAS GLOBAL S. DE R.L. DE C.V.,alimentosybebidasg.mx,Alejandro García,Chief Technology Officer (CTO),C_SUITE,ENGINEERING_IT,agarcía@alimentosybebidasg.mx,VERIFIED,85,+528181056870,2026-09-06T14:31:01.183148+00:00
"Food, Beverage & Agribusiness",ALIMENTOS Y BEBIDAS AVANZADA 74 S.C.,alimentosybebidasa.com,Carlos Treviño,Founder,FOUNDER,EXECUTIVE,ctreviño@alimentosybebidasa.com,VERIFIED,85,+528115143970,2026-09-06T14:31:01.183148+00:00
"Food, Beverage & Agribusiness",ALIMENTOS Y BEBIDAS MEXICANA S.A. DE C.V.,alimentosybebidasm.com.mx,Adriana Dominguez,Founder,FOUNDER,EXECUTIVE,adominguez@alimentosybebidasm.com.mx,VERIFIED,85,+528116793001,2026-09-06T14:31:01.183148+00:00
"Food, Beverage & Agribusiness",ALIMENTOS Y BEBIDAS MEXICANA S.A. DE C.V.,alimentosybebidasm.com.mx,Daniel González,Chief Revenue Officer (CRO),C_SUITE,SALES_MARKETING,dgonzález@alimentosybebidasm.com.mx,VERIFIED,85,+528185863002,2026-09-06T14:31:01.183148+00:00
"Food, Beverage & Agribusiness",ALIMENTOS Y BEBIDAS MEXICANA S.A. DE C.V.,alimentosybebidasm.com.mx,Mariana Vega,Founder,FOUNDER,EXECUTIVE,mvega@alimentosybebidasm.com.mx,VERIFIED,85,+528176050530,2026-09-06T14:31:01.183148+00:00
"Food, Beverage & Agribusiness",ALIMENTOS Y BEBIDAS MEXICANA S.A. DE C.V.,alimentosybebidasm.com.mx,Guillermo García,Chief Human Resources Officer (CHRO),C_SUITE,HR_PEOPLE,ggarcía@alimentosybebidasm.com.mx,VERIFIED,85,+528127512288,2026-09-06T14:31:01.183148+00:00
"Food, Beverage & Agribusiness",ALIMENTOS Y BEBIDAS LATINOAMERICANA 20 S.A. DE C.V.,alimentosybebidasl.com,Hector González,Chief Technology Officer (CTO),C_SUITE,ENGINEERING_IT,hgonzález@alimentosybebidasl.com,VERIFIED,85,+528120678899,2026-09-06T14:31:01.183148+00:00
"Food, Beverage & Agribusiness",ALIMENTOS Y BEBIDAS LATINOAMERICANA 20 S.A. DE C.V.,alimentosybebidasl.com,Andrea Vega,Chief Financial Officer (CFO),C_SUITE,FINANCE,avega@alimentosybebidasl.com,VERIFIED,85,+528171826995,2026-09-06T14:31:01.183148+00:00
"Food, Beverage & Agribusiness",ALIMENTOS Y BEBIDAS DEL CENTRO 43 S.C.,alimentosybebidasd.com.mx,Javier Vega,Chief Executive Officer (CEO),C_SUITE,EXECUTIVE,jvega@alimentosybebidasd.com.mx,VERIFIED,85,+528142321865,2026-09-06T14:31:01.183148+00:00
"Food, Beverage & Agribusiness",ALIMENTOS Y BEBIDAS DEL CENTRO 43 S.C.,alimentosybebidasd.com.mx,Eduardo Valenzuela,Chief Executive Officer (CEO),C_SUITE,EXECUTIVE,evalenzuela@alimentosybebidasd.com.mx,VERIFIED,85,+528158580145,2026-09-06T14:31:01.183148+00:00
"Food, Beverage & Agribusiness",ALIMENTOS Y BEBIDAS DEL CENTRO 43 S.C.,alimentosybebidasd.com.mx,Jorge Hernández,Chief Executive Officer (CEO),C_SUITE,EXECUTIVE,jhernández@alimentosybebidasd.com.mx,VERIFIED,85,+528132425274,2026-09-06T14:31:01.183148+00:00
"Food, Beverage & Agribusiness",ALIMENTOS Y BEBIDAS DEL CENTRO 43 S.C.,alimentosybebidasd.com.mx,Hector Hernández,Chief Executive Officer (CEO),C_SUITE,EXECUTIVE,hhernández@alimentosybebidasd.com.mx,VERIFIED,85,+528186845358,2026-09-06T14:31:01.183148+00:00
"Food, Beverage & Agribusiness",ALIMENTOS Y BEBIDAS DEL CENTRO 43 S.C.,alimentosybebidasd.com.mx,Jorge Garza,Chief Executive Officer (CEO),C_SUITE,EXECUTIVE,jgarza@alimentosybebidasd.com.mx,VERIFIED,85,+528197933512,2026-09-06T14:31:01.183148+00:00
"Food, Beverage & Agribusiness",ALIMENTOS Y BEBIDAS DEL CENTRO 43 S.C.,alimentosybebidasd.com.mx,Guillermo Navarro,Chief Financial Officer (CFO),C_SUITE,FINANCE,gnavarro@alimentosybebidasd.com.mx,VERIFIED,85,+528158900386,2026-09-06T14:31:01.183148+00:00
"Food, Beverage & Agribusiness",ALIMENTOS Y BEBIDAS DEL CENTRO 43 S.C.,alimentosybebidasd.com.mx,Claudia López,Founder,FOUNDER,EXECUTIVE,clópez@alimentosybebidasd.com.mx,VERIFIED,85,+528147230972,2026-09-06T14:31:01.183148+00:00
"Food, Beverage & Agribusiness",ALIMENTOS Y BEBIDAS INTERNACIONAL S.A.S.,alimentosybebidasi.com.mx,Mariana Dominguez,Chief Technology Officer (CTO),C_SUITE,ENGINEERING_IT,mdominguez@alimentosybebidasi.com.mx,VERIFIED,85,+528182043671,2026-09-06T14:31:01.183148+00:00
"Food, Beverage & Agribusiness",ALIMENTOS Y BEBIDAS INTERNACIONAL S.A.S.,alimentosybebidasi.com.mx,Sofia Villaseñor,Chief Operating Officer (COO),C_SUITE,OPERATIONS,svillaseñor@alimentosybebidasi.com.mx,VERIFIED,85,+528173974681,2026-09-06T14:31:01.183148+00:00
"Food, Beverage & Agribusiness",ALIMENTOS Y BEBIDAS INTERNACIONAL S.A.S.,alimentosybebidasi.com.mx,Andrea Treviño,Chief Human Resources Officer (CHRO),C_SUITE,HR_PEOPLE,atreviño@alimentosybebidasi.com.mx,VERIFIED,85,+528154712829,2026-09-06T14:31:01.183148+00:00
"Food, Beverage & Agribusiness",ALIMENTOS Y BEBIDAS INTERNACIONAL S.A.S.,alimentosybebidasi.com.mx,Patricia Valenzuela,Chief Financial Officer (CFO),C_SUITE,FINANCE,pvalenzuela@alimentosybebidasi.com.mx,VERIFIED,85,+528149224636,2026-09-06T14:31:01.183148+00:00
"Food, Beverage & Agribusiness",ALIMENTOS Y BEBIDAS CENTRAL S.A.B. DE C.V.,alimentosybebidasc.com.mx,Claudia Hernández,Chief Technology Officer (CTO),C_SUITE,ENGINEERING_IT,chernández@alimentosybebidasc.com.mx,VERIFIED,85,+528141267572,2026-09-06T14:31:01.183148+00:00
"Food, Beverage & Agribusiness",ALIMENTOS Y BEBIDAS CENTRAL S.A.B. DE C.V.,alimentosybebidasc.com.mx,Luis Castro,Chief Technology Officer (CTO),C_SUITE,ENGINEERING_IT,lcastro@alimentosybebidasc.com.mx,VERIFIED,85,+528176336497,2026-09-06T14:31:01.183148+00:00
"Food, Beverage & Agribusiness",ALIMENTOS Y BEBIDAS DE OCCIDENTE S.A.S.,alimentosybebidasd.com,Hector Ruiz,Chief Operating Officer (COO),C_SUITE,OPERATIONS,hruiz@alimentosybebidasd.com,VERIFIED,85,+528130810816,2026-09-06T14:31:01.183148+00:00
"Food, Beverage & Agribusiness",ALIMENTOS Y BEBIDAS DE OCCIDENTE S.A.S.,alimentosybebidasd.com,Alejandro López,Chief Financial Officer (CFO),C_SUITE,FINANCE,alópez@alimentosybebidasd.com,VERIFIED,85,+528112318373,2026-09-06T14:31:01.183148+00:00
"Food, Beverage & Agribusiness",ALIMENTOS Y BEBIDAS DE OCCIDENTE S.A.S.,alimentosybebidasd.com,Roberto Mendoza,Chief Financial Officer (CFO),C_SUITE,FINANCE,rmendoza@alimentosybebidasd.com,VERIFIED,85,+528128376097,2026-09-06T14:31:01.183148+00:00
"Food, Beverage & Agribusiness",ALIMENTOS Y BEBIDAS DE OCCIDENTE S.A.S.,alimentosybebidasd.com,Rodrigo Castro,Founder,FOUNDER,EXECUTIVE,rcastro@alimentosybebidasd.com,VERIFIED,85,+528144475860,2026-09-06T14:31:01.183148+00:00
"Food, Beverage & Agribusiness",ALIMENTOS Y BEBIDAS DE OCCIDENTE S.A.S.,alimentosybebidasd.com,Claudia López,Chief Executive Officer (CEO),C_SUITE,EXECUTIVE,clópez@alimentosybebidasd.com,VERIFIED,85,+528173142796,2026-09-06T14:31:01.183148+00:00
"Food, Beverage & Agribusiness",ALIMENTOS Y BEBIDAS DE OCCIDENTE S.A.S.,alimentosybebidasd.com,Luis Treviño,Chief Technology Officer (CTO),C_SUITE,ENGINEERING_IT,ltreviño@alimentosybebidasd.com,VERIFIED,85,+528153157833,2026-09-06T14:31:01.183148+00:00
"Food, Beverage & Agribusiness",ALIMENTOS Y BEBIDAS NACIONAL 81 S. DE R.L. DE C.V.,alimentosybebidasn.mx,Sofia Villaseñor,Founder,FOUNDER,EXECUTIVE,svillaseñor@alimentosybebidasn.mx,VERIFIED,85,+528133938896,2026-09-06T14:31:01.183148+00:00
"Food, Beverage & Agribusiness",ALIMENTOS Y BEBIDAS NACIONAL 81 S. DE R.L. DE C.V.,alimentosybebidasn.mx,Miguel Salinas,Chief Human Resources Officer (CHRO),C_SUITE,HR_PEOPLE,msalinas@alimentosybebidasn.mx,VERIFIED,85,+528196308470,2026-09-06T14:31:01.183148+00:00
"Food, Beverage & Agribusiness",ALIMENTOS Y BEBIDAS NACIONAL 81 S. DE R.L. DE C.V.,alimentosybebidasn.mx,Miguel Hernández,Chief Operating Officer (COO),C_SUITE,OPERATIONS,mhernández@alimentosybebidasn.mx,VERIFIED,85,+528137961365,2026-09-06T14:31:01.183148+00:00
"Food, Beverage & Agribusiness",ALIMENTOS Y BEBIDAS DEL PACIFICO S.A. DE C.V.,alimentosybebidasd.mx,Sofia Navarro,Chief Executive Officer (CEO),C_SUITE,EXECUTIVE,snavarro@alimentosybebidasd.mx,VERIFIED,85,+528188414986,2026-09-06T14:31:01.183148+00:00
"Food, Beverage & Agribusiness",ALIMENTOS Y BEBIDAS DEL PACIFICO S.A. DE C.V.,alimentosybebidasd.mx,Miguel Vega,Chief Financial Officer (CFO),C_SUITE,FINANCE,mvega@alimentosybebidasd.mx,VERIFIED,85,+528153405225,2026-09-06T14:31:01.183148+00:00
"Food, Beverage & Agribusiness",ALIMENTOS Y BEBIDAS DEL PACIFICO S.A. DE C.V.,alimentosybebidasd.mx,Adriana Castro,Chief Revenue Officer (CRO),C_SUITE,SALES_MARKETING,acastro@alimentosybebidasd.mx,VERIFIED,85,+528189646810,2026-09-06T14:31:01.183148+00:00
"Food, Beverage & Agribusiness",ALIMENTOS Y BEBIDAS DEL PACIFICO S.A. DE C.V.,alimentosybebidasd.mx,Rodrigo Martínez,Chief Executive Officer (CEO),C_SUITE,EXECUTIVE,rmartínez@alimentosybebidasd.mx,VERIFIED,85,+528135195812,2026-09-06T14:31:01.183148+00:00
"Food, Beverage & Agribusiness",ALIMENTOS Y BEBIDAS DEL PACIFICO S.A. DE C.V.,alimentosybebidasd.mx,Alejandro Valenzuela,Chief Human Resources Officer (CHRO),C_SUITE,HR_PEOPLE,avalenzuela@alimentosybebidasd.mx,VERIFIED,85,+528134082787,2026-09-06T14:31:01.183148+00:00
"Food, Beverage & Agribusiness",ALIMENTOS Y BEBIDAS DEL PACIFICO S.A. DE C.V.,alimentosybebidasd.mx,Guillermo Vega,Chief Technology Officer (CTO),C_SUITE,ENGINEERING_IT,gvega@alimentosybebidasd.mx,VERIFIED,85,+528152787991,2026-09-06T14:31:01.183148+00:00
"Food, Beverage & Agribusiness",ALIMENTOS Y BEBIDAS LATINOAMERICANA 60 S.A.S.,alimentosybebidasl.com.mx,David Hernández,Chief Operating Officer (COO),C_SUITE,OPERATIONS,dhernández@alimentosybebidasl.com.mx,VERIFIED,85,+528129592848,2026-09-06T14:31:01.183148+00:00
"Food, Beverage & Agribusiness",ALIMENTOS Y BEBIDAS LATINOAMERICANA 60 S.A.S.,alimentosybebidasl.com.mx,David Alarcón,Chief Financial Officer (CFO),C_SUITE,FINANCE,dalarcón@alimentosybebidasl.com.mx,VERIFIED,85,+528141170488,2026-09-06T14:31:01.183148+00:00
"Food, Beverage & Agribusiness",ALIMENTOS Y BEBIDAS LATINOAMERICANA S.A.S.,alimentosybebidasl.mx,Fernando López,Chief Operating Officer (COO),C_SUITE,OPERATIONS,flópez@alimentosybebidasl.mx,VERIFIED,85,+528170187228,2026-09-06T14:31:01.183148+00:00
"Food, Beverage & Agribusiness",ALIMENTOS Y BEBIDAS LATINOAMERICANA S.A.S.,alimentosybebidasl.mx,Patricia Benítez,Chief Financial Officer (CFO),C_SUITE,FINANCE,pbenítez@alimentosybebidasl.mx,VERIFIED,85,+528142813087,2026-09-06T14:31:01.183148+00:00
"Food, Beverage & Agribusiness",ALIMENTOS Y BEBIDAS EMPRESARIAL S.A. DE C.V.,alimentosybebidase.com,Claudia Martínez,Chief Operating Officer (COO),C_SUITE,OPERATIONS,cmartínez@alimentosybebidase.com,VERIFIED,85,+528114372738,2026-09-06T14:31:01.183148+00:00
"Food, Beverage & Agribusiness",ALIMENTOS Y BEBIDAS INTEGRAL S.A.S.,alimentosybebidasi.com,Luis Treviño,Chief Executive Officer (CEO),C_SUITE,EXECUTIVE,ltreviño@alimentosybebidasi.com,VERIFIED,85,+528114957007,2026-09-06T14:31:01.183148+00:00
"Food, Beverage & Agribusiness",ALIMENTOS Y BEBIDAS AVANZADA 79 S. DE R.L. DE C.V.,alimentosybebidasa.mx,Daniel Salinas,Chief Financial Officer (CFO),C_SUITE,FINANCE,dsalinas@alimentosybebidasa.mx,VERIFIED,85,+528186333513,2026-09-06T14:31:01.183148+00:00
"Food, Beverage & Agribusiness",ALIMENTOS Y BEBIDAS CENTRAL S.A.S.,alimentosybebidasc.mx,Carlos Castro,Founder,FOUNDER,EXECUTIVE,ccastro@alimentosybebidasc.mx,VERIFIED,85,+528143046216,2026-09-06T14:31:01.183148+00:00
"Food, Beverage & Agribusiness",ALIMENTOS Y BEBIDAS GLOBAL S. DE R.L. DE C.V.,alimentosybebidasg.com.mx,Daniel Martínez,Chief Technology Officer (CTO),C_SUITE,ENGINEERING_IT,dmartínez@alimentosybebidasg.com.mx,VERIFIED,85,+528176530891,2026-09-06T14:31:01.183148+00:00
"Food, Beverage & Agribusiness",ALIMENTOS Y BEBIDAS AVANZADA S. DE R.L. DE C.V.,alimentosybebidasa.com.mx,Carlos Castro,Chief Executive Officer (CEO),C_SUITE,EXECUTIVE,ccastro@alimentosybebidasa.com.mx,VERIFIED,85,+528182597039,2026-09-06T14:31:01.183148+00:00
"Food, Beverage & Agribusiness",ALIMENTOS Y BEBIDAS DE LAS AMERICAS S.A.S.,alimentosybebidasd.com.mx,Roberto López,Chief Operating Officer (COO),C_SUITE,OPERATIONS,rlópez@alimentosybebidasd.com.mx,VERIFIED,85,+524864281234,2026-09-06T14:31:01.188901+00:00
"Food, Beverage & Agribusiness",ALIMENTOS Y BEBIDAS DE LAS AMERICAS S.A.S.,alimentosybebidasd.com.mx,David Treviño,Chief Revenue Officer (CRO),C_SUITE,SALES_MARKETING,dtreviño@alimentosybebidasd.com.mx,VERIFIED,85,+527777431531,2026-09-06T14:31:01.188901+00:00
"Food, Beverage & Agribusiness",ALIMENTOS Y BEBIDAS DE LAS AMERICAS S.A.S.,alimentosybebidasd.com.mx,Andrea Villaseñor,Chief Human Resources Officer (CHRO),C_SUITE,HR_PEOPLE,avillaseñor@alimentosybebidasd.com.mx,VERIFIED,85,+524676401930,2026-09-06T14:31:01.188901+00:00
"Food, Beverage & Agribusiness",ALIMENTOS Y BEBIDAS DE LAS AMERICAS S.A.S.,alimentosybebidasd.com.mx,Eduardo González,Chief Executive Officer (CEO),C_SUITE,EXECUTIVE,egonzález@alimentosybebidasd.com.mx,VERIFIED,85,+529711734145,2026-09-06T14:31:01.188901+00:00
"Food, Beverage & Agribusiness",ALIMENTOS Y BEBIDAS DE LAS AMERICAS S.A.S.,alimentosybebidasd.com.mx,Mariana Treviño,Chief Financial Officer (CFO),C_SUITE,FINANCE,mtreviño@alimentosybebidasd.com.mx,VERIFIED,85,+524117339426,2026-09-06T14:31:01.188901+00:00
"Food, Beverage & Agribusiness",ALIMENTOS Y BEBIDAS DE LAS AMERICAS S.A.S.,alimentosybebidasd.com.mx,Andrea Castro,Chief Executive Officer (CEO),C_SUITE,EXECUTIVE,acastro@alimentosybebidasd.com.mx,VERIFIED,85,+529876372355,2026-09-06T14:31:01.188901+00:00
"Food, Beverage & Agribusiness",ALIMENTOS Y BEBIDAS DE LAS AMERICAS S.A.S.,alimentosybebidasd.com.mx,Miguel Castro,Chief Revenue Officer (CRO),C_SUITE,SALES_MARKETING,mcastro@alimentosybebidasd.com.mx,VERIFIED,85,+528367524991,2026-09-06T14:31:01.188901+00:00
"Food, Beverage & Agribusiness",ALIMENTOS Y BEBIDAS DE LAS AMERICAS S.A.S.,alimentosybebidasd.com.mx,Javier Treviño,Chief Operating Officer (COO),C_SUITE,OPERATIONS,jtreviño@alimentosybebidasd.com.mx,VERIFIED,85,+525496853048,2026-09-06T14:31:01.188901+00:00
"Food, Beverage & Agribusiness",ALIMENTOS Y BEBIDAS DE LAS AMERICAS S.A.S.,alimentosybebidasd.com.mx,Patricia Dominguez,Chief Revenue Officer (CRO),C_SUITE,SALES_MARKETING,pdominguez@alimentosybebidasd.com.mx,VERIFIED,85,+529764931591,2026-09-06T14:31:01.188901+00:00
"Food, Beverage & Agribusiness",ALIMENTOS Y BEBIDAS DEL CENTRO S. DE R.L. DE C.V.,alimentosybebidasd.com,Rodrigo Alarcón,Chief Human Resources Officer (CHRO),C_SUITE,HR_PEOPLE,ralarcón@alimentosybebidasd.com,VERIFIED,85,+527930231054,2026-09-06T14:31:01.188901+00:00
"Food, Beverage & Agribusiness",ALIMENTOS Y BEBIDAS DEL CENTRO S. DE R.L. DE C.V.,alimentosybebidasd.com,David González,Chief Executive Officer (CEO),C_SUITE,EXECUTIVE,dgonzález@alimentosybebidasd.com,VERIFIED,85,+525752162927,2026-09-06T14:31:01.188901+00:00
"Food, Beverage & Agribusiness",ALIMENTOS Y BEBIDAS DEL CENTRO S. DE R.L. DE C.V.,alimentosybebidasd.com,Carlos Valenzuela,Chief Operating Officer (COO),C_SUITE,OPERATIONS,cvalenzuela@alimentosybebidasd.com,VERIFIED,85,+529840117299,2026-09-06T14:31:01.188901+00:00
"Food, Beverage & Agribusiness",ALIMENTOS Y BEBIDAS DEL CENTRO S. DE R.L. DE C.V.,alimentosybebidasd.com,Patricia López,Chief Executive Officer (CEO),C_SUITE,EXECUTIVE,plópez@alimentosybebidasd.com,VERIFIED,85,+526630138273,2026-09-06T14:31:01.188901+00:00
"Food, Beverage & Agribusiness",ALIMENTOS Y BEBIDAS DEL CENTRO S. DE R.L. DE C.V.,alimentosybebidasd.com,Andrea Villaseñor,Chief Revenue Officer (CRO),C_SUITE,SALES_MARKETING,avillaseñor@alimentosybebidasd.com,VERIFIED,85,+524827199695,2026-09-06T14:31:01.188901+00:00
"Food, Beverage & Agribusiness",ALIMENTOS Y BEBIDAS DEL CENTRO S. DE R.L. DE C.V.,alimentosybebidasd.com,Gabriel Garza,Chief Financial Officer (CFO),C_SUITE,FINANCE,ggarza@alimentosybebidasd.com,VERIFIED,85,+529598971066,2026-09-06T14:31:01.188901+00:00
"Food, Beverage & Agribusiness",ALIMENTOS Y BEBIDAS DEL CENTRO S. DE R.L. DE C.V.,alimentosybebidasd.com,Roberto Benítez,Chief Executive Officer (CEO),C_SUITE,EXECUTIVE,rbenítez@alimentosybebidasd.com,VERIFIED,85,+529764824999,2026-09-06T14:31:01.188901+00:00
"Food, Beverage & Agribusiness",ALIMENTOS Y BEBIDAS DEL CENTRO S. DE R.L. DE C.V.,alimentosybebidasd.com,Carlos Hernández,Chief Technology Officer (CTO),C_SUITE,ENGINEERING_IT,chernández@alimentosybebidasd.com,VERIFIED,85,+525531928870,2026-09-06T14:31:01.188901+00:00
"Food, Beverage & Agribusiness",ALIMENTOS Y BEBIDAS DEL CENTRO S. DE R.L. DE C.V.,alimentosybebidasd.com,Roberto Ruiz,Chief Executive Officer (CEO),C_SUITE,EXECUTIVE,rruiz@alimentosybebidasd.com,VERIFIED,85,+525222755664,2026-09-06T14:31:01.188901+00:00
"Food, Beverage & Agribusiness",ALIMENTOS Y BEBIDAS DEL CENTRO S. DE R.L. DE C.V.,alimentosybebidasd.com,Patricia Alarcón,Chief Executive Officer (CEO),C_SUITE,EXECUTIVE,palarcón@alimentosybebidasd.com,VERIFIED,85,+524380394058,2026-09-06T14:31:01.188901+00:00
"Food, Beverage & Agribusiness",ALIMENTOS Y BEBIDAS DEL CENTRO S. DE R.L. DE C.V.,alimentosybebidasd.com,Luis Morales,Founder,FOUNDER,EXECUTIVE,lmorales@alimentosybebidasd.com,VERIFIED,85,+528454925862,2026-09-06T14:31:01.188901+00:00
"Food, Beverage & Agribusiness",ALIMENTOS Y BEBIDAS EMPRESARIAL S.A. DE C.V.,alimentosybebidase.com.mx,Luis Mendoza,Chief Human Resources Officer (CHRO),C_SUITE,HR_PEOPLE,lmendoza@alimentosybebidase.com.mx,VERIFIED,85,+529967173690,2026-09-06T14:31:01.188901+00:00
"Food, Beverage & Agribusiness",ALIMENTOS Y BEBIDAS EMPRESARIAL S.A. DE C.V.,alimentosybebidase.com.mx,Adriana Garza,Chief Operating Officer (COO),C_SUITE,OPERATIONS,agarza@alimentosybebidase.com,VERIFIED,85,+528927228328,2026-09-06T14:31:01.188901+00:00
"Food, Beverage & Agribusiness",ALIMENTOS Y BEBIDAS EMPRESARIAL S.A. DE C.V.,alimentosybebidase.com.mx,Carlos Hernández,Chief Human Resources Officer (CHRO),C_SUITE,HR_PEOPLE,chernández@alimentosybebidase.com.mx,VERIFIED,85,+524461123650,2026-09-06T14:31:01.188901+00:00
"Food, Beverage & Agribusiness",ALIMENTOS Y BEBIDAS EMPRESARIAL S.A. DE C.V.,alimentosybebidase.com.mx,Guillermo Hernández,Chief Executive Officer (CEO),C_SUITE,EXECUTIVE,ghernández@alimentosybebidase.com.mx,VERIFIED,85,+525893937204,2026-09-06T14:31:01.188901+00:00
"Food, Beverage & Agribusiness",ALIMENTOS Y BEBIDAS EMPRESARIAL S.A. DE C.V.,alimentosybebidase.com.mx,Roberto Vega,Founder,FOUNDER,EXECUTIVE,rvega@alimentosybebidase.com.mx,VERIFIED,85,+526242512054,2026-09-06T14:31:01.188901+00:00
"Food, Beverage & Agribusiness",ALIMENTOS Y BEBIDAS EMPRESARIAL S.A. DE C.V.,alimentosybebidase.com.mx,Miguel Hernández,Chief Executive Officer (CEO),C_SUITE,EXECUTIVE,mhernández@alimentosybebidase.com.mx,VERIFIED,85,+524990599967,2026-09-06T14:31:01.188901+00:00
"Food, Beverage & Agribusiness",ALIMENTOS Y BEBIDAS INTERNACIONAL S.A. DE C.V.,alimentosybebidasi.com.mx,Guillermo Hernández,Chief Operating Officer (COO),C_SUITE,OPERATIONS,ghernández@alimentosybebidasi.com.mx,VERIFIED,85,+527799878665,2026-09-06T14:31:01.188901+00:00
"Food, Beverage & Agribusiness",ALIMENTOS Y BEBIDAS INTERNACIONAL S.A. DE C.V.,alimentosybebidasi.com.mx,Javier García,Chief Operating Officer (COO),C_SUITE,OPERATIONS,jgarcía@alimentosybebidasi.mx,VERIFIED,85,+529562679091,2026-09-06T14:31:01.188901+00:00
"Food, Beverage & Agribusiness",ALIMENTOS Y BEBIDAS INTERNACIONAL S.A. DE C.V.,alimentosybebidasi.com.mx,Jorge Dominguez,Chief Technology Officer (CTO),C_SUITE,ENGINEERING_IT,jdominguez@alimentosybebidasi.com.mx,VERIFIED,85,+528439025146,2026-09-06T14:31:01.188901+00:00
"Food, Beverage & Agribusiness",ALIMENTOS Y BEBIDAS INTERNACIONAL S.A. DE C.V.,alimentosybebidasi.com.mx,Jorge Salinas,Chief Executive Officer (CEO),C_SUITE,EXECUTIVE,jsalinas@alimentosybebidasi.com.mx,VERIFIED,85,+526417584838,2026-09-06T14:31:01.188901+00:00
"Food, Beverage & Agribusiness",ALIMENTOS Y BEBIDAS DEL NORTE 26 S.C.,alimentosybebidasd.mx,Rodrigo Hernández,Chief Human Resources Officer (CHRO),C_SUITE,HR_PEOPLE,rhernández@alimentosybebidasd.mx,VERIFIED,85,+529472556999,2026-09-06T14:31:01.188901+00:00
"Food, Beverage & Agribusiness",ALIMENTOS Y BEBIDAS DEL NORTE 26 S.C.,alimentosybebidasd.mx,Patricia Martínez,Founder,FOUNDER,EXECUTIVE,pmartínez@alimentosybebidasd.mx,VERIFIED,85,+529040713562,2026-09-06T14:31:01.188901+00:00
"Food, Beverage & Agribusiness",ALIMENTOS Y BEBIDAS DEL NORTE 26 S.C.,alimentosybebidasd.mx,Alejandro Benítez,Chief Executive Officer (CEO),C_SUITE,EXECUTIVE,abenítez@alimentosybebidasd.mx,VERIFIED,85,+524372322502,2026-09-06T14:31:01.188901+00:00
"Food, Beverage & Agribusiness",ALIMENTOS Y BEBIDAS DEL NORTE 26 S.C.,alimentosybebidasd.mx,Eduardo Benítez,Chief Human Resources Officer (CHRO),C_SUITE,HR_PEOPLE,ebenítez@alimentosybebidasd.mx,VERIFIED,85,+529727391483,2026-09-06T14:31:01.190904+00:00
"Food, Beverage & Agribusiness",ALIMENTOS Y BEBIDAS DEL NORTE 26 S.C.,alimentosybebidasd.mx,Daniel Morales,Founder,FOUNDER,EXECUTIVE,dmorales@alimentosybebidasd.mx,VERIFIED,85,+529197779618,2026-09-06T14:31:01.190904+00:00
"Food, Beverage & Agribusiness",ALIMENTOS Y BEBIDAS DEL NORTE 26 S.C.,alimentosybebidasd.mx,Patricia Villaseñor,Chief Human Resources Officer (CHRO),C_SUITE,HR_PEOPLE,pvillaseñor@alimentosybebidasd.mx,VERIFIED,85,+529767427534,2026-09-06T14:31:01.190904+00:00
"Food, Beverage & Agribusiness",ALIMENTOS Y BEBIDAS DEL NORTE 26 S.C.,alimentosybebidasd.mx,Andrea Navarro,Chief Executive Officer (CEO),C_SUITE,EXECUTIVE,anavarro@alimentosybebidasd.mx,VERIFIED,85,+528098889167,2026-09-06T14:31:01.190904+00:00
"Food, Beverage & Agribusiness",ALIMENTOS Y BEBIDAS MEXICANA S.A.B. DE C.V.,alimentosybebidasm.mx,Sofia Benítez,Chief Human Resources Officer (CHRO),C_SUITE,HR_PEOPLE,sbenítez@alimentosybebidasm.mx,VERIFIED,85,+524490658264,2026-09-06T14:31:01.190904+00:00
"Food, Beverage & Agribusiness",ALIMENTOS Y BEBIDAS INTEGRAL S.A.S.,alimentosybebidasi.mx,Adriana Dominguez,Chief Financial Officer (CFO),C_SUITE,FINANCE,adominguez@alimentosybebidasi.mx,VERIFIED,85,+527725858655,2026-09-06T14:31:01.190904+00:00
"Food, Beverage & Agribusiness",ALIMENTOS Y BEBIDAS INTEGRAL S.A.S.,alimentosybebidasi.mx,David Valenzuela,Chief Operating Officer (COO),C_SUITE,OPERATIONS,dvalenzuela@alimentosybebidasi.mx,VERIFIED,85,+526357006009,2026-09-06T14:31:01.190904+00:00
"Food, Beverage & Agribusiness",ALIMENTOS Y BEBIDAS INTEGRAL S.A.S.,alimentosybebidasi.mx,Rodrigo Vega,Chief Executive Officer (CEO),C_SUITE,EXECUTIVE,rvega@alimentosybebidasi.mx,VERIFIED,85,+526885938152,2026-09-06T14:31:01.190904+00:00
"Food, Beverage & Agribusiness",ALIMENTOS Y BEBIDAS GLOBAL 99 S.A. DE C.V.,alimentosybebidasg.com,Andrea Vega,Chief Executive Officer (CEO),C_SUITE,EXECUTIVE,avega@alimentosybebidasg.com,VERIFIED,85,+525460640113,2026-09-06T14:31:01.190904+00:00
"Food, Beverage & Agribusiness",ALIMENTOS Y BEBIDAS GLOBAL 99 S.A. DE C.V.,alimentosybebidasg.com,Javier Hernández,Chief Operating Officer (COO),C_SUITE,OPERATIONS,jhernández@alimentosybebidasg.com,VERIFIED,85,+524110513234,2026-09-06T14:31:01.190904+00:00
"Food, Beverage & Agribusiness",ALIMENTOS Y BEBIDAS GLOBAL 99 S.A. DE C.V.,alimentosybebidasg.com,Carlos Valenzuela,Chief Executive Officer (CEO),C_SUITE,EXECUTIVE,cvalenzuela@alimentosybebidasg.com,VERIFIED,85,+527299695091,2026-09-06T14:31:01.190904+00:00
"Food, Beverage & Agribusiness",ALIMENTOS Y BEBIDAS GLOBAL 99 S.A. DE C.V.,alimentosybebidasg.com,Eduardo Martínez,Chief Executive Officer (CEO),C_SUITE,EXECUTIVE,emartínez@alimentosybebidasg.com,VERIFIED,85,+525118243804,2026-09-06T14:31:01.190904+00:00
"Food, Beverage & Agribusiness",ALIMENTOS Y BEBIDAS NACIONAL S. DE R.L. DE C.V.,alimentosybebidasn.mx,Adriana Treviño,Chief Financial Officer (CFO),C_SUITE,FINANCE,atreviño@alimentosybebidasn.mx,VERIFIED,85,+528339218451,2026-09-06T14:31:01.190904+00:00
"Food, Beverage & Agribusiness",ALIMENTOS Y BEBIDAS NACIONAL S. DE R.L. DE C.V.,alimentosybebidasn.mx,Guillermo Valenzuela,Chief Financial Officer (CFO),C_SUITE,FINANCE,gvalenzuela@alimentosybebidasn.mx,VERIFIED,85,+526267090308,2026-09-06T14:31:01.190904+00:00
"Food, Beverage & Agribusiness",ALIMENTOS Y BEBIDAS LATINOAMERICANA S.A.B. DE C.V.,alimentosybebidasl.mx,Eduardo Vega,Chief Financial Officer (CFO),C_SUITE,FINANCE,evega@alimentosybebidasl.mx,VERIFIED,85,+529392062953,2026-09-06T14:31:01.190904+00:00
"Food, Beverage & Agribusiness",ALIMENTOS Y BEBIDAS LATINOAMERICANA S.A.B. DE C.V.,alimentosybebidasl.mx,Javier López,Founder,FOUNDER,EXECUTIVE,jlópez@alimentosybebidasl.com.mx,VERIFIED,85,+526086452363,2026-09-06T14:31:01.190904+00:00
"Food, Beverage & Agribusiness",ALIMENTOS Y BEBIDAS MODERNA S.A. DE C.V.,alimentosybebidasm.com.mx,Andrea Mendoza,Chief Financial Officer (CFO),C_SUITE,FINANCE,amendoza@alimentosybebidasm.com.mx,VERIFIED,85,+527558151042,2026-09-06T14:31:01.190904+00:00
"Food, Beverage & Agribusiness",ALIMENTOS Y BEBIDAS MODERNA S.A. DE C.V.,alimentosybebidasm.com.mx,Adriana Valenzuela,Chief Human Resources Officer (CHRO),C_SUITE,HR_PEOPLE,avalenzuela@alimentosybebidasm.com.mx,VERIFIED,85,+529757007332,2026-09-06T14:31:01.190904+00:00
"Food, Beverage & Agribusiness",ALIMENTOS Y BEBIDAS NACIONAL S.A. DE C.V.,alimentosybebidasn.com,Roberto Ruiz,Chief Technology Officer (CTO),C_SUITE,ENGINEERING_IT,rruiz@alimentosybebidasn.com,VERIFIED,85,+528691966431,2026-09-06T14:31:01.190904+00:00
"Food, Beverage & Agribusiness",ALIMENTOS Y BEBIDAS NACIONAL S.A. DE C.V.,alimentosybebidasn.com,Javier Vega,Chief Revenue Officer (CRO),C_SUITE,SALES_MARKETING,jvega@alimentosybebidasn.com,VERIFIED,85,+528891085279,2026-09-06T14:31:01.190904+00:00
"Food, Beverage & Agribusiness",ALIMENTOS Y BEBIDAS AVANZADA S.C.,alimentosybebidasa.mx,Patricia Martínez,Chief Financial Officer (CFO),C_SUITE,FINANCE,pmartínez@alimentosybebidasa.mx,VERIFIED,85,+527493172950,2026-09-06T14:31:01.190904+00:00
"Food, Beverage & Agribusiness",ALIMENTOS Y BEBIDAS AVANZADA S.C.,alimentosybebidasa.mx,Javier López,Chief Financial Officer (CFO),C_SUITE,FINANCE,jlópez@alimentosybebidasa.com.mx,VERIFIED,85,+529693514338,2026-09-06T14:31:01.190904+00:00
"Food, Beverage & Agribusiness",ALIMENTOS Y BEBIDAS AVANZADA S.C.,alimentosybebidasa.mx,Andrea Vega,Chief Operating Officer (COO),C_SUITE,OPERATIONS,avega@alimentosybebidasa.com,VERIFIED,85,+525577605029,2026-09-06T14:31:01.190904+00:00
"Food, Beverage & Agribusiness",ALIMENTOS Y BEBIDAS CENTRAL S.A. DE C.V.,alimentosybebidasc.com.mx,Claudia Villaseñor,Chief Financial Officer (CFO),C_SUITE,FINANCE,cvillaseñor@alimentosybebidasc.com.mx,VERIFIED,85,+529321209525,2026-09-06T14:31:01.190904+00:00
"Food, Beverage & Agribusiness",ALIMENTOS Y BEBIDAS CENTRAL S.C.,alimentosybebidasc.com,Adriana Benítez,Chief Financial Officer (CFO),C_SUITE,FINANCE,abenítez@alimentosybebidasc.com,VERIFIED,85,+526768759050,2026-09-06T14:31:01.190904+00:00
"Food, Beverage & Agribusiness",ALIMENTOS Y BEBIDAS INDUSTRIAL S.A.P.I. DE C.V.,alimentosybebidasi.com,Luis Mendoza,Chief Technology Officer (CTO),C_SUITE,ENGINEERING_IT,lmendoza@alimentosybebidasi.com,VERIFIED,85,+527411473935,2026-09-06T14:31:01.190904+00:00
"Food, Beverage & Agribusiness",ALIMENTOS Y BEBIDAS INDUSTRIAL S.A.P.I. DE C.V.,alimentosybebidasi.com,Daniel Villaseñor,Founder,FOUNDER,EXECUTIVE,dvillaseñor@alimentosybebidasi.com,VERIFIED,85,+527282031145,2026-09-06T14:31:01.190904+00:00
"Food, Beverage & Agribusiness",ALIMENTOS Y BEBIDAS INDUSTRIAL S.A.P.I. DE C.V.,alimentosybebidasi.com,Andrea Treviño,Chief Operating Officer (COO),C_SUITE,OPERATIONS,atreviño@alimentosybebidasi.com,VERIFIED,85,+525089333987,2026-09-06T14:31:01.190904+00:00
"Food, Beverage & Agribusiness",ALIMENTOS Y BEBIDAS LATINOAMERICANA 59 S.A.B. DE C.V.,alimentosybebidasl.com.mx,David Hernández,Founder,FOUNDER,EXECUTIVE,dhernández@alimentosybebidasl.com.mx,VERIFIED,85,+527712042599,2026-09-06T14:31:01.190904+00:00
"Food, Beverage & Agribusiness",ALIMENTOS Y BEBIDAS AVANZADA S.C.,alimentosybebidasa.com.mx,Gabriel Alarcón,Chief Executive Officer (CEO),C_SUITE,EXECUTIVE,galarcón@alimentosybebidasa.com.mx,VERIFIED,85,+528487486704,2026-09-06T14:31:01.190904+00:00
"Food, Beverage & Agribusiness",ALIMENTOS Y BEBIDAS NACIONAL S.A. DE C.V.,alimentosybebidasn.mx,Andrea Mendoza,Founder,FOUNDER,EXECUTIVE,amendoza@alimentosybebidasn.mx,VERIFIED,85,+523374602781,2026-09-06T14:31:01.199119+00:00
"Food, Beverage & Agribusiness",ALIMENTOS Y BEBIDAS NACIONAL S.A. DE C.V.,alimentosybebidasn.mx,Daniel Villaseñor,Founder,FOUNDER,EXECUTIVE,dvillaseñor@alimentosybebidasn.mx,VERIFIED,85,+523372541960,2026-09-06T14:31:01.199119+00:00
"Food, Beverage & Agribusiness",ALIMENTOS Y BEBIDAS DE LAS AMERICAS S.A.B. DE C.V.,alimentosybebidasd.com,Alejandro Garza,Chief Technology Officer (CTO),C_SUITE,ENGINEERING_IT,agarza@alimentosybebidasd.com,VERIFIED,85,+523334340133,2026-09-06T14:31:01.199119+00:00
"Food, Beverage & Agribusiness",ALIMENTOS Y BEBIDAS DE LAS AMERICAS S.A.B. DE C.V.,alimentosybebidasd.com,Fernando Morales,Chief Operating Officer (COO),C_SUITE,OPERATIONS,fmorales@alimentosybebidasd.com,VERIFIED,85,+523390154819,2026-09-06T14:31:01.199119+00:00
"Food, Beverage & Agribusiness",ALIMENTOS Y BEBIDAS DE LAS AMERICAS S.A.B. DE C.V.,alimentosybebidasd.com,Patricia Martínez,Chief Operating Officer (COO),C_SUITE,OPERATIONS,pmartínez@alimentosybebidasd.com,VERIFIED,85,+523349596372,2026-09-06T14:31:01.199119+00:00
"Food, Beverage & Agribusiness",ALIMENTOS Y BEBIDAS DE LAS AMERICAS S.A.B. DE C.V.,alimentosybebidasd.com,Daniel López,Chief Human Resources Officer (CHRO),C_SUITE,HR_PEOPLE,dlópez@alimentosybebidasd.com,VERIFIED,85,+523365860495,2026-09-06T14:31:01.199119+00:00
"Food, Beverage & Agribusiness",ALIMENTOS Y BEBIDAS CENTRAL S.C.,alimentosybebidasc.mx,Carlos García,Founder,FOUNDER,EXECUTIVE,cgarcía@alimentosybebidasc.mx,VERIFIED,85,+523374655937,2026-09-06T14:31:01.199119+00:00
"Food, Beverage & Agribusiness",ALIMENTOS Y BEBIDAS CENTRAL S.C.,alimentosybebidasc.mx,Daniel Vega,Chief Human Resources Officer (CHRO),C_SUITE,HR_PEOPLE,dvega@alimentosybebidasc.mx,VERIFIED,85,+523355236388,2026-09-06T14:31:01.199119+00:00
"Food, Beverage & Agribusiness",ALIMENTOS Y BEBIDAS CENTRAL S.C.,alimentosybebidasc.mx,Andrea García,Chief Financial Officer (CFO),C_SUITE,FINANCE,agarcía@alimentosybebidasc.com,VERIFIED,85,+523313856002,2026-09-06T14:31:01.199119+00:00
"Food, Beverage & Agribusiness",ALIMENTOS Y BEBIDAS CENTRAL 40 S. DE R.L. DE C.V.,alimentosybebidasc.com.mx,Andrea Benítez,Founder,FOUNDER,EXECUTIVE,abenítez@alimentosybebidasc.com.mx,VERIFIED,85,+523318163394,2026-09-06T14:31:01.199119+00:00
"Food, Beverage & Agribusiness",ALIMENTOS Y BEBIDAS EMPRESARIAL S.A.B. DE C.V.,alimentosybebidase.mx,Jorge González,Chief Technology Officer (CTO),C_SUITE,ENGINEERING_IT,jgonzález@alimentosybebidase.mx,VERIFIED,85,+523376664627,2026-09-06T14:31:01.199119+00:00
"Food, Beverage & Agribusiness",ALIMENTOS Y BEBIDAS EMPRESARIAL S.A.B. DE C.V.,alimentosybebidase.mx,Adriana Hernández,Chief Executive Officer (CEO),C_SUITE,EXECUTIVE,ahernández@alimentosybebidase.mx,VERIFIED,85,+523341494831,2026-09-06T14:31:01.199119+00:00
"Food, Beverage & Agribusiness",ALIMENTOS Y BEBIDAS EMPRESARIAL S.A.B. DE C.V.,alimentosybebidase.mx,Andrea González,Chief Revenue Officer (CRO),C_SUITE,SALES_MARKETING,agonzález@alimentosybebidase.mx,VERIFIED,85,+523345991772,2026-09-06T14:31:01.199119+00:00
"Food, Beverage & Agribusiness",ALIMENTOS Y BEBIDAS EMPRESARIAL S.A.B. DE C.V.,alimentosybebidase.mx,Daniel Martínez,Chief Human Resources Officer (CHRO),C_SUITE,HR_PEOPLE,dmartínez@alimentosybebidase.mx,VERIFIED,85,+523326783866,2026-09-06T14:31:01.201123+00:00
"Food, Beverage & Agribusiness",ALIMENTOS Y BEBIDAS EMPRESARIAL S.A.B. DE C.V.,alimentosybebidase.mx,Roberto Martínez,Chief Revenue Officer (CRO),C_SUITE,SALES_MARKETING,rmartínez@alimentosybebidase.mx,VERIFIED,85,+523384907348,2026-09-06T14:31:01.201123+00:00
"Food, Beverage & Agribusiness",ALIMENTOS Y BEBIDAS EMPRESARIAL S.A.B. DE C.V.,alimentosybebidase.mx,Luis Hernández,Chief Financial Officer (CFO),C_SUITE,FINANCE,lhernández@alimentosybebidase.mx,VERIFIED,85,+523312203179,2026-09-06T14:31:01.201123+00:00
"Food, Beverage & Agribusiness",ALIMENTOS Y BEBIDAS DEL BAJIO S.A.S.,alimentosybebidasd.mx,Jorge Garza,Chief Technology Officer (CTO),C_SUITE,ENGINEERING_IT,jgarza@alimentosybebidasd.mx,VERIFIED,85,+523387661309,2026-09-06T14:31:01.201123+00:00
"Food, Beverage & Agribusiness",ALIMENTOS Y BEBIDAS DEL BAJIO S.A.S.,alimentosybebidasd.mx,Andrea Salinas,Chief Executive Officer (CEO),C_SUITE,EXECUTIVE,asalinas@alimentosybebidasd.mx,VERIFIED,85,+523373987907,2026-09-06T14:31:01.201123+00:00
"Food, Beverage & Agribusiness",ALIMENTOS Y BEBIDAS DEL BAJIO S.A.S.,alimentosybebidasd.mx,Fernando Salinas,Chief Human Resources Officer (CHRO),C_SUITE,HR_PEOPLE,fsalinas@alimentosybebidasd.mx,VERIFIED,85,+523389742596,2026-09-06T14:31:01.201123+00:00
"Food, Beverage & Agribusiness",ALIMENTOS Y BEBIDAS DEL BAJIO S.A.S.,alimentosybebidasd.mx,Daniel Garza,Chief Executive Officer (CEO),C_SUITE,EXECUTIVE,dgarza@alimentosybebidasd.mx,VERIFIED,85,+523353158953,2026-09-06T14:31:01.201123+00:00
"Food, Beverage & Agribusiness",ALIMENTOS Y BEBIDAS DEL BAJIO S.A.S.,alimentosybebidasd.mx,Adriana Salinas,Chief Technology Officer (CTO),C_SUITE,ENGINEERING_IT,asalinas@alimentosybebidasd.mx,VERIFIED,85,+523352656866,2026-09-06T14:31:01.201123+00:00
"Food, Beverage & Agribusiness",ALIMENTOS Y BEBIDAS LATINOAMERICANA S.A.P.I. DE C.V.,alimentosybebidasl.com,Javier López,Chief Executive Officer (CEO),C_SUITE,EXECUTIVE,jlópez@alimentosybebidasl.com,VERIFIED,85,+523351973068,2026-09-06T14:31:01.201123+00:00
"Food, Beverage & Agribusiness",ALIMENTOS Y BEBIDAS LATINOAMERICANA S.A.P.I. DE C.V.,alimentosybebidasl.com,Eduardo Alarcón,Chief Executive Officer (CEO),C_SUITE,EXECUTIVE,ealarcón@alimentosybebidasl.com,VERIFIED,85,+523335118818,2026-09-06T14:31:01.201123+00:00
"Food, Beverage & Agribusiness",ALIMENTOS Y BEBIDAS EMPRESARIAL S.A. DE C.V.,alimentosybebidase.com.mx,Sofia González,Chief Financial Officer (CFO),C_SUITE,FINANCE,sgonzález@alimentosybebidase.com.mx,VERIFIED,85,+523326020895,2026-09-06T14:31:01.201123+00:00
"Food, Beverage & Agribusiness",ALIMENTOS Y BEBIDAS EMPRESARIAL S.A. DE C.V.,alimentosybebidase.com.mx,Adriana Navarro,Chief Financial Officer (CFO),C_SUITE,FINANCE,anavarro@alimentosybebidase.com.mx,VERIFIED,85,+523335302060,2026-09-06T14:31:01.201123+00:00
"Food, Beverage & Agribusiness",ALIMENTOS Y BEBIDAS EMPRESARIAL S.A. DE C.V.,alimentosybebidase.com.mx,Rodrigo Morales,Chief Technology Officer (CTO),C_SUITE,ENGINEERING_IT,rmorales@alimentosybebidase.com.mx,VERIFIED,85,+523397250392,2026-09-06T14:31:01.201123+00:00
"Food, Beverage & Agribusiness",ALIMENTOS Y BEBIDAS EMPRESARIAL S.A. DE C.V.,alimentosybebidase.com.mx,Hector Dominguez,Chief Financial Officer (CFO),C_SUITE,FINANCE,hdominguez@alimentosybebidase.com.mx,VERIFIED,85,+523325219153,2026-09-06T14:31:01.201123+00:00
"Food, Beverage & Agribusiness",ALIMENTOS Y BEBIDAS EMPRESARIAL S.A. DE C.V.,alimentosybebidase.com.mx,Daniel Alarcón,Chief Financial Officer (CFO),C_SUITE,FINANCE,dalarcón@alimentosybebidase.com.mx,VERIFIED,85,+523379417165,2026-09-06T14:31:01.201123+00:00
"Food, Beverage & Agribusiness",ALIMENTOS Y BEBIDAS EMPRESARIAL S.A. DE C.V.,alimentosybebidase.com.mx,Eduardo Garza,Chief Financial Officer (CFO),C_SUITE,FINANCE,egarza@alimentosybebidase.com.mx,VERIFIED,85,+523379377978,2026-09-06T14:31:01.201123+00:00
"Food, Beverage & Agribusiness",ALIMENTOS Y BEBIDAS INDUSTRIAL S.A. DE C.V.,alimentosybebidasi.mx,Sofia Dominguez,Chief Executive Officer (CEO),C_SUITE,EXECUTIVE,sdominguez@alimentosybebidasi.mx,VERIFIED,85,+523342793693,2026-09-06T14:31:01.201123+00:00
"Food, Beverage & Agribusiness",ALIMENTOS Y BEBIDAS INDUSTRIAL S.A. DE C.V.,alimentosybebidasi.mx,Hector Salinas,Chief Technology Officer (CTO),C_SUITE,ENGINEERING_IT,hsalinas@alimentosybebidasi.mx,VERIFIED,85,+523341195003,2026-09-06T14:31:01.201123+00:00
"Food, Beverage & Agribusiness",ALIMENTOS Y BEBIDAS INDUSTRIAL S.A. DE C.V.,alimentosybebidasi.mx,Rodrigo Villaseñor,Chief Financial Officer (CFO),C_SUITE,FINANCE,rvillaseñor@alimentosybebidasi.mx,VERIFIED,85,+523388508201,2026-09-06T14:31:01.201123+00:00
"Food, Beverage & Agribusiness",ALIMENTOS Y BEBIDAS INDUSTRIAL S.A. DE C.V.,alimentosybebidasi.mx,Daniel Castro,Chief Executive Officer (CEO),C_SUITE,EXECUTIVE,dcastro@alimentosybebidasi.mx,VERIFIED,85,+523382350561,2026-09-06T14:31:01.201123+00:00
"Food, Beverage & Agribusiness",ALIMENTOS Y BEBIDAS INDUSTRIAL S.A. DE C.V.,alimentosybebidasi.mx,Claudia Alarcón,Chief Operating Officer (COO),C_SUITE,OPERATIONS,calarcón@alimentosybebidasi.mx,VERIFIED,85,+523364698840,2026-09-06T14:31:01.201123+00:00
"Food, Beverage & Agribusiness",ALIMENTOS Y BEBIDAS NACIONAL S.A.B. DE C.V.,alimentosybebidasn.com.mx,Eduardo González,Founder,FOUNDER,EXECUTIVE,egonzález@alimentosybebidasn.com.mx,VERIFIED,85,+523396730867,2026-09-06T14:31:01.201123+00:00
"Food, Beverage & Agribusiness",ALIMENTOS Y BEBIDAS NACIONAL S.A.B. DE C.V.,alimentosybebidasn.com.mx,Mariana Alarcón,Chief Human Resources Officer (CHRO),C_SUITE,HR_PEOPLE,malarcón@alimentosybebidasn.com.mx,VERIFIED,85,+523335416596,2026-09-06T14:31:01.201123+00:00
"Food, Beverage & Agribusiness",ALIMENTOS Y BEBIDAS NACIONAL S.A.B. DE C.V.,alimentosybebidasn.com.mx,Jorge García,Chief Revenue Officer (CRO),C_SUITE,SALES_MARKETING,jgarcía@alimentosybebidasn.com.mx,VERIFIED,85,+523314190276,2026-09-06T14:31:01.201123+00:00
"Food, Beverage & Agribusiness",ALIMENTOS Y BEBIDAS INTEGRAL S.C.,alimentosybebidasi.com.mx,Roberto Navarro,Chief Technology Officer (CTO),C_SUITE,ENGINEERING_IT,rnavarro@alimentosybebidasi.com.mx,VERIFIED,85,+523386123815,2026-09-06T14:31:01.201123+00:00
"Food, Beverage & Agribusiness",ALIMENTOS Y BEBIDAS INTEGRAL S.C.,alimentosybebidasi.com.mx,Daniel García,Chief Operating Officer (COO),C_SUITE,OPERATIONS,dgarcía@alimentosybebidasi.com.mx,VERIFIED,85,+523335239111,2026-09-06T14:31:01.201123+00:00
"Food, Beverage & Agribusiness",ALIMENTOS Y BEBIDAS INTEGRAL S.C.,alimentosybebidasi.com.mx,Guillermo Mendoza,Chief Financial Officer (CFO),C_SUITE,FINANCE,gmendoza@alimentosybebidasi.com.mx,VERIFIED,85,+523378332528,2026-09-06T14:31:01.201123+00:00
"Food, Beverage & Agribusiness",ALIMENTOS Y BEBIDAS INTEGRAL S.C.,alimentosybebidasi.com.mx,David Treviño,Chief Human Resources Officer (CHRO),C_SUITE,HR_PEOPLE,dtreviño@alimentosybebidasi.com.mx,VERIFIED,85,+523373434773,2026-09-06T14:31:01.201123+00:00
"Food, Beverage & Agribusiness",ALIMENTOS Y BEBIDAS INTEGRAL S.C.,alimentosybebidasi.com.mx,Sofia Treviño,Founder,FOUNDER,EXECUTIVE,streviño@alimentosybebidasi.com.mx,VERIFIED,85,+523315264473,2026-09-06T14:31:01.201123+00:00
"Food, Beverage & Agribusiness",ALIMENTOS Y BEBIDAS INTEGRAL S.C.,alimentosybebidasi.com.mx,Miguel Dominguez,Chief Revenue Officer (CRO),C_SUITE,SALES_MARKETING,mdominguez@alimentosybebidasi.com.mx,VERIFIED,85,+523392416647,2026-09-06T14:31:01.201123+00:00
"Food, Beverage & Agribusiness",ALIMENTOS Y BEBIDAS INDUSTRIAL S.A.B. DE C.V.,alimentosybebidasi.com,Guillermo Navarro,Chief Human Resources Officer (CHRO),C_SUITE,HR_PEOPLE,gnavarro@alimentosybebidasi.com,VERIFIED,85,+523365832561,2026-09-06T14:31:01.201123+00:00
"Food, Beverage & Agribusiness",ALIMENTOS Y BEBIDAS INDUSTRIAL S.A.B. DE C.V.,alimentosybebidasi.com,Guillermo Treviño,Chief Human Resources Officer (CHRO),C_SUITE,HR_PEOPLE,gtreviño@alimentosybebidasi.com,VERIFIED,85,+523375937792,2026-09-06T14:31:01.201123+00:00
"Food, Beverage & Agribusiness",ALIMENTOS Y BEBIDAS CENTRAL S.A. DE C.V.,alimentosybebidasc.com,Gabriel Treviño,Chief Operating Officer (COO),C_SUITE,OPERATIONS,gtreviño@alimentosybebidasc.com,VERIFIED,85,+523365155651,2026-09-06T14:31:01.201123+00:00
"Food, Beverage & Agribusiness",ALIMENTOS Y BEBIDAS MEXICANA 7 S.A.P.I. DE C.V.,alimentosybebidasm.mx,Rodrigo Vega,Chief Executive Officer (CEO),C_SUITE,EXECUTIVE,rvega@alimentosybebidasm.mx,VERIFIED,85,+523383694881,2026-09-06T14:31:01.201123+00:00
"Food, Beverage & Agribusiness",ALIMENTOS Y BEBIDAS MEXICANA 7 S.A.P.I. DE C.V.,alimentosybebidasm.mx,Sofia Salinas,Chief Executive Officer (CEO),C_SUITE,EXECUTIVE,ssalinas@alimentosybebidasm.mx,VERIFIED,85,+523315463555,2026-09-06T14:31:01.201123+00:00
"Food, Beverage & Agribusiness",ALIMENTOS Y BEBIDAS MEXICANA 7 S.A.P.I. DE C.V.,alimentosybebidasm.mx,Adriana García,Chief Technology Officer (CTO),C_SUITE,ENGINEERING_IT,agarcía@alimentosybebidasm.mx,VERIFIED,85,+523353266666,2026-09-06T14:31:01.201123+00:00
"Food, Beverage & Agribusiness",ALIMENTOS Y BEBIDAS GLOBAL 94 S.A.P.I. DE C.V.,alimentosybebidasg.com,Luis Alarcón,Chief Executive Officer (CEO),C_SUITE,EXECUTIVE,lalarcón@alimentosybebidasg.com,VERIFIED,85,+523315566817,2026-09-06T14:31:01.201123+00:00
"Food, Beverage & Agribusiness",ALIMENTOS Y BEBIDAS GLOBAL 94 S.A.P.I. DE C.V.,alimentosybebidasg.com,Carlos Treviño,Chief Human Resources Officer (CHRO),C_SUITE,HR_PEOPLE,ctreviño@alimentosybebidasg.com,VERIFIED,85,+523320341962,2026-09-06T14:31:01.201123+00:00
"Food, Beverage & Agribusiness",ALIMENTOS Y BEBIDAS DEL CENTRO S.A.P.I. DE C.V.,alimentosybebidasd.com.mx,Mariana Alarcón,Chief Revenue Officer (CRO),C_SUITE,SALES_MARKETING,malarcón@alimentosybebidasd.com.mx,VERIFIED,85,+523347853822,2026-09-06T14:31:01.201123+00:00
"Food, Beverage & Agribusiness",ALIMENTOS Y BEBIDAS DEL CENTRO S.A.P.I. DE C.V.,alimentosybebidasd.com.mx,Patricia Valenzuela,Chief Financial Officer (CFO),C_SUITE,FINANCE,pvalenzuela@alimentosybebidasd.com.mx,VERIFIED,85,+523369484532,2026-09-06T14:31:01.201123+00:00
"Food, Beverage & Agribusiness",ALIMENTOS Y BEBIDAS DEL CENTRO S.A.P.I. DE C.V.,alimentosybebidasd.com.mx,Rodrigo González,Founder,FOUNDER,EXECUTIVE,rgonzález@alimentosybebidasd.com.mx,VERIFIED,85,+523370157677,2026-09-06T14:31:01.201123+00:00
"Food, Beverage & Agribusiness",ALIMENTOS Y BEBIDAS DEL CENTRO S.A.P.I. DE C.V.,alimentosybebidasd.com.mx,Javier Valenzuela,Founder,FOUNDER,EXECUTIVE,jvalenzuela@alimentosybebidasd.com.mx,VERIFIED,85,+523333831101,2026-09-06T14:31:01.201123+00:00
"Food, Beverage & Agribusiness",ALIMENTOS Y BEBIDAS DEL CENTRO S.A.P.I. DE C.V.,alimentosybebidasd.com.mx,Andrea Garza,Chief Executive Officer (CEO),C_SUITE,EXECUTIVE,agarza@alimentosybebidasd.com.mx,VERIFIED,85,+523389319559,2026-09-06T14:31:01.201123+00:00
"Food, Beverage & Agribusiness",ALIMENTOS Y BEBIDAS DEL CENTRO S.A.P.I. DE C.V.,alimentosybebidasd.com.mx,Hector González,Founder,FOUNDER,EXECUTIVE,hgonzález@alimentosybebidasd.com.mx,VERIFIED,85,+523389934872,2026-09-06T14:31:01.201123+00:00
"Food, Beverage & Agribusiness",ALIMENTOS Y BEBIDAS DEL CENTRO S.A.P.I. DE C.V.,alimentosybebidasd.com.mx,Guillermo Villaseñor,Chief Technology Officer (CTO),C_SUITE,ENGINEERING_IT,gvillaseñor@alimentosybebidasd.com.mx,VERIFIED,85,+523362074494,2026-09-06T14:31:01.201123+00:00
"Food, Beverage & Agribusiness",ALIMENTOS Y BEBIDAS DEL CENTRO S.A.P.I. DE C.V.,alimentosybebidasd.com.mx,Mariana Martínez,Founder,FOUNDER,EXECUTIVE,mmartínez@alimentosybebidasd.com.mx,VERIFIED,85,+523321544142,2026-09-06T14:31:01.201123+00:00
"Food, Beverage & Agribusiness",ALIMENTOS Y BEBIDAS DEL CENTRO S.A.P.I. DE C.V.,alimentosybebidasd.com.mx,Claudia Benítez,Chief Operating Officer (COO),C_SUITE,OPERATIONS,cbenítez@alimentosybebidasd.com.mx,VERIFIED,85,+523370237567,2026-09-06T14:31:01.201123+00:00
"Food, Beverage & Agribusiness",ALIMENTOS Y BEBIDAS MODERNA 35 S.A.S.,alimentosybebidasm.com.mx,Claudia Navarro,Chief Human Resources Officer (CHRO),C_SUITE,HR_PEOPLE,cnavarro@alimentosybebidasm.com.mx,VERIFIED,85,+523346154933,2026-09-06T14:31:01.201123+00:00
"Food, Beverage & Agribusiness",ALIMENTOS Y BEBIDAS GLOBAL S. DE R.L. DE C.V.,alimentosybebidasg.mx,Eduardo Navarro,Chief Financial Officer (CFO),C_SUITE,FINANCE,enavarro@alimentosybebidasg.mx,VERIFIED,85,+523387626079,2026-09-06T14:31:01.201123+00:00
"Food, Beverage & Agribusiness",ALIMENTOS Y BEBIDAS GLOBAL S. DE R.L. DE C.V.,alimentosybebidasg.mx,Gabriel Valenzuela,Chief Executive Officer (CEO),C_SUITE,EXECUTIVE,gvalenzuela@alimentosybebidasg.mx,VERIFIED,85,+523326259636,2026-09-06T14:31:01.201123+00:00
"Food, Beverage & Agribusiness",ALIMENTOS Y BEBIDAS GLOBAL S. DE R.L. DE C.V.,alimentosybebidasg.mx,Guillermo García,Chief Revenue Officer (CRO),C_SUITE,SALES_MARKETING,ggarcía@alimentosybebidasg.com.mx,VERIFIED,85,+523336821414,2026-09-06T14:31:01.201123+00:00
"Food, Beverage & Agribusiness",ALIMENTOS Y BEBIDAS LATINOAMERICANA S.A.S.,alimentosybebidasl.com.mx,Hector Morales,Chief Human Resources Officer (CHRO),C_SUITE,HR_PEOPLE,hmorales@alimentosybebidasl.com.mx,VERIFIED,85,+523392219176,2026-09-06T14:31:01.201123+00:00
"Food, Beverage & Agribusiness",ALIMENTOS Y BEBIDAS AVANZADA S.A. DE C.V.,alimentosybebidasa.mx,Hector García,Founder,FOUNDER,EXECUTIVE,hgarcía@alimentosybebidasa.mx,VERIFIED,85,+523340380004,2026-09-06T14:31:01.201123+00:00
"Food, Beverage & Agribusiness",ALIMENTOS Y BEBIDAS AVANZADA S.A. DE C.V.,alimentosybebidasa.com,Rodrigo López,Chief Revenue Officer (CRO),C_SUITE,SALES_MARKETING,rlópez@alimentosybebidasa.com,VERIFIED,85,+523351587737,2026-09-06T14:31:01.201123+00:00
"Food, Beverage & Agribusiness",ALIMENTOS Y BEBIDAS INTERNACIONAL S. DE R.L. DE C.V.,alimentosybebidasi.com,Mariana González,Chief Revenue Officer (CRO),C_SUITE,SALES_MARKETING,mgonzález@alimentosybebidasi.com,VERIFIED,85,+529948838106,2026-09-06T14:31:01.362206+00:00
"Food, Beverage & Agribusiness",ALIMENTOS Y BEBIDAS INTERNACIONAL S. DE R.L. DE C.V.,alimentosybebidasi.com,Claudia Valenzuela,Chief Human Resources Officer (CHRO),C_SUITE,HR_PEOPLE,cvalenzuela@alimentosybebidasi.com,VERIFIED,85,+527845800754,2026-09-06T14:31:01.362206+00:00
"Food, Beverage & Agribusiness",ALIMENTOS Y BEBIDAS NACIONAL S.A.B. DE C.V.,alimentosybebidasn.mx,Mariana Salinas,Chief Technology Officer (CTO),C_SUITE,ENGINEERING_IT,msalinas@alimentosybebidasn.mx,VERIFIED,85,+527696371504,2026-09-06T14:31:01.362206+00:00
"Food, Beverage & Agribusiness",ALIMENTOS Y BEBIDAS INDUSTRIAL S.A.B. DE C.V.,alimentosybebidasi.mx,Mariana Morales,Chief Revenue Officer (CRO),C_SUITE,SALES_MARKETING,mmorales@alimentosybebidasi.mx,VERIFIED,85,+526581250197,2026-09-06T14:31:01.362206+00:00
"Food, Beverage & Agribusiness",ALIMENTOS Y BEBIDAS INDUSTRIAL S.A.B. DE C.V.,alimentosybebidasi.mx,Luis Mendoza,Chief Executive Officer (CEO),C_SUITE,EXECUTIVE,lmendoza@alimentosybebidasi.mx,VERIFIED,85,+528380622147,2026-09-06T14:31:01.362206+00:00
"Food, Beverage & Agribusiness",ALIMENTOS Y BEBIDAS INDUSTRIAL S.A.B. DE C.V.,alimentosybebidasi.mx,Mariana García,Chief Operating Officer (COO),C_SUITE,OPERATIONS,mgarcía@alimentosybebidasi.mx,VERIFIED,85,+529084469528,2026-09-06T14:31:01.362206+00:00
"Food, Beverage & Agribusiness",ALIMENTOS Y BEBIDAS INDUSTRIAL S.A.B. DE C.V.,alimentosybebidasi.mx,Patricia Mendoza,Chief Financial Officer (CFO),C_SUITE,FINANCE,pmendoza@alimentosybebidasi.mx,VERIFIED,85,+526352786173,2026-09-06T14:31:01.362206+00:00
"Food, Beverage & Agribusiness",ALIMENTOS Y BEBIDAS INDUSTRIAL S.A.B. DE C.V.,alimentosybebidasi.mx,Jorge Navarro,Chief Human Resources Officer (CHRO),C_SUITE,HR_PEOPLE,jnavarro@alimentosybebidasi.mx,VERIFIED,85,+527498925591,2026-09-06T14:31:01.362206+00:00
"Food, Beverage & Agribusiness",ALIMENTOS Y BEBIDAS INDUSTRIAL S.A.B. DE C.V.,alimentosybebidasi.mx,Eduardo Castro,Chief Technology Officer (CTO),C_SUITE,ENGINEERING_IT,ecastro@alimentosybebidasi.mx,VERIFIED,85,+525294847797,2026-09-06T14:31:01.362206+00:00
"Food, Beverage & Agribusiness",ALIMENTOS Y BEBIDAS DEL NORTE S.A. DE C.V.,alimentosybebidasd.com.mx,Patricia Dominguez,Chief Revenue Officer (CRO),C_SUITE,SALES_MARKETING,pdominguez@alimentosybebidasd.com.mx,VERIFIED,85,+524692941334,2026-09-06T14:31:01.362206+00:00
"Food, Beverage & Agribusiness",ALIMENTOS Y BEBIDAS DEL NORTE S.A. DE C.V.,alimentosybebidasd.com.mx,Daniel Navarro,Chief Executive Officer (CEO),C_SUITE,EXECUTIVE,dnavarro@alimentosybebidasd.com.mx,VERIFIED,85,+527338325406,2026-09-06T14:31:01.362206+00:00
"Food, Beverage & Agribusiness",ALIMENTOS Y BEBIDAS DEL NORTE S.A. DE C.V.,alimentosybebidasd.com.mx,Javier García,Chief Operating Officer (COO),C_SUITE,OPERATIONS,jgarcía@alimentosybebidasd.com.mx,VERIFIED,85,+524030437995,2026-09-06T14:31:01.362206+00:00
"Food, Beverage & Agribusiness",ALIMENTOS Y BEBIDAS DEL NORTE S.A. DE C.V.,alimentosybebidasd.com.mx,Fernando Castro,Chief Financial Officer (CFO),C_SUITE,FINANCE,fcastro@alimentosybebidasd.com.mx,VERIFIED,85,+529696377452,2026-09-06T14:31:01.362206+00:00
"Food, Beverage & Agribusiness",ALIMENTOS Y BEBIDAS DEL NORTE S.A. DE C.V.,alimentosybebidasd.com.mx,Alejandro García,Chief Technology Officer (CTO),C_SUITE,ENGINEERING_IT,agarcía@alimentosybebidasd.com.mx,VERIFIED,85,+529483882999,2026-09-06T14:31:01.362206+00:00
"Food, Beverage & Agribusiness",ALIMENTOS Y BEBIDAS DEL NORTE S.A. DE C.V.,alimentosybebidasd.com.mx,Andrea Benítez,Chief Human Resources Officer (CHRO),C_SUITE,HR_PEOPLE,abenítez@alimentosybebidasd.com.mx,VERIFIED,85,+527372167044,2026-09-06T14:31:01.362206+00:00
"Food, Beverage & Agribusiness",ALIMENTOS Y BEBIDAS DEL NORTE S.A. DE C.V.,alimentosybebidasd.com.mx,Javier Valenzuela,Founder,FOUNDER,EXECUTIVE,jvalenzuela@alimentosybebidasd.com.mx,VERIFIED,85,+526595620482,2026-09-06T14:31:01.362206+00:00
"Food, Beverage & Agribusiness",ALIMENTOS Y BEBIDAS DEL NORTE S.A. DE C.V.,alimentosybebidasd.com.mx,Alejandro Ruiz,Chief Revenue Officer (CRO),C_SUITE,SALES_MARKETING,aruiz@alimentosybebidasd.com.mx,VERIFIED,85,+526739450846,2026-09-06T14:31:01.362206+00:00
"Food, Beverage & Agribusiness",ALIMENTOS Y BEBIDAS DEL NORTE S.A. DE C.V.,alimentosybebidasd.com.mx,Miguel González,Chief Technology Officer (CTO),C_SUITE,ENGINEERING_IT,mgonzález@alimentosybebidasd.com.mx,VERIFIED,85,+526490241308,2026-09-06T14:31:01.362206+00:00
"Food, Beverage & Agribusiness",ALIMENTOS Y BEBIDAS DEL NORTE S.A. DE C.V.,alimentosybebidasd.com.mx,Miguel Salinas,Chief Executive Officer (CEO),C_SUITE,EXECUTIVE,msalinas@alimentosybebidasd.com.mx,VERIFIED,85,+527977387745,2026-09-06T14:31:01.362206+00:00
"Food, Beverage & Agribusiness",ALIMENTOS Y BEBIDAS EMPRESARIAL 57 S.A.B. DE C.V.,alimentosybebidase.mx,Guillermo Villaseñor,Chief Revenue Officer (CRO),C_SUITE,SALES_MARKETING,gvillaseñor@alimentosybebidase.mx,VERIFIED,85,+526918539147,2026-09-06T14:31:01.362206+00:00
"Food, Beverage & Agribusiness",ALIMENTOS Y BEBIDAS EMPRESARIAL 57 S.A.B. DE C.V.,alimentosybebidase.mx,Claudia Castro,Chief Technology Officer (CTO),C_SUITE,ENGINEERING_IT,ccastro@alimentosybebidase.mx,VERIFIED,85,+529066723402,2026-09-06T14:31:01.362206+00:00
"Food, Beverage & Agribusiness",ALIMENTOS Y BEBIDAS EMPRESARIAL 57 S.A.B. DE C.V.,alimentosybebidase.mx,Fernando Salinas,Chief Technology Officer (CTO),C_SUITE,ENGINEERING_IT,fsalinas@alimentosybebidase.mx,VERIFIED,85,+528971538078,2026-09-06T14:31:01.362206+00:00
"Food, Beverage & Agribusiness",ALIMENTOS Y BEBIDAS EMPRESARIAL 57 S.A.B. DE C.V.,alimentosybebidase.mx,Carlos Navarro,Chief Executive Officer (CEO),C_SUITE,EXECUTIVE,cnavarro@alimentosybebidase.mx,VERIFIED,85,+528668034009,2026-09-06T14:31:01.362206+00:00
"Food, Beverage & Agribusiness",ALIMENTOS Y BEBIDAS CENTRAL S.A.B. DE C.V.,alimentosybebidasc.mx,Fernando González,Chief Operating Officer (COO),C_SUITE,OPERATIONS,fgonzález@alimentosybebidasc.mx,VERIFIED,85,+526378653087,2026-09-06T14:31:01.362206+00:00
"Food, Beverage & Agribusiness",ALIMENTOS Y BEBIDAS CENTRAL S.A.B. DE C.V.,alimentosybebidasc.mx,Gabriel Benítez,Chief Executive Officer (CEO),C_SUITE,EXECUTIVE,gbenítez@alimentosybebidasc.mx,VERIFIED,85,+526181489936,2026-09-06T14:31:01.362206+00:00
"Food, Beverage & Agribusiness",ALIMENTOS Y BEBIDAS CENTRAL S.A.B. DE C.V.,alimentosybebidasc.mx,Daniel López,Chief Operating Officer (COO),C_SUITE,OPERATIONS,dlópez@alimentosybebidasc.com,VERIFIED,85,+527526376405,2026-09-06T14:31:01.362206+00:00
"Food, Beverage & Agribusiness",ALIMENTOS Y BEBIDAS CENTRAL S.A.B. DE C.V.,alimentosybebidasc.mx,Sofia Hernández,Chief Operating Officer (COO),C_SUITE,OPERATIONS,shernández@alimentosybebidasc.com.mx,VERIFIED,85,+524052029767,2026-09-06T14:31:01.362206+00:00
"Food, Beverage & Agribusiness",ALIMENTOS Y BEBIDAS DEL NORTE S.C.,alimentosybebidasd.mx,Claudia López,Chief Technology Officer (CTO),C_SUITE,ENGINEERING_IT,clópez@alimentosybebidasd.mx,VERIFIED,85,+524393366732,2026-09-06T14:31:01.362206+00:00
"Food, Beverage & Agribusiness",ALIMENTOS Y BEBIDAS DEL NORTE S.C.,alimentosybebidasd.mx,Jorge Vega,Founder,FOUNDER,EXECUTIVE,jvega@alimentosybebidasd.mx,VERIFIED,85,+524578796174,2026-09-06T14:31:01.362206+00:00
"Food, Beverage & Agribusiness",ALIMENTOS Y BEBIDAS DEL NORTE S.C.,alimentosybebidasd.mx,David Hernández,Chief Human Resources Officer (CHRO),C_SUITE,HR_PEOPLE,dhernández@alimentosybebidasd.mx,VERIFIED,85,+525974524118,2026-09-06T14:31:01.362206+00:00
"Food, Beverage & Agribusiness",ALIMENTOS Y BEBIDAS DEL NORTE S.C.,alimentosybebidasd.mx,Javier Salinas,Chief Operating Officer (COO),C_SUITE,OPERATIONS,jsalinas@alimentosybebidasd.mx,VERIFIED,85,+529773777001,2026-09-06T14:31:01.362206+00:00
"Food, Beverage & Agribusiness",ALIMENTOS Y BEBIDAS DEL NORTE S.C.,alimentosybebidasd.mx,Mariana García,Chief Operating Officer (COO),C_SUITE,OPERATIONS,mgarcía@alimentosybebidasd.mx,VERIFIED,85,+526394141924,2026-09-06T14:31:01.362206+00:00
"Food, Beverage & Agribusiness",ALIMENTOS Y BEBIDAS DEL NORTE S.C.,alimentosybebidasd.mx,Guillermo Salinas,Chief Operating Officer (COO),C_SUITE,OPERATIONS,gsalinas@alimentosybebidasd.mx,VERIFIED,85,+525356573788,2026-09-06T14:31:01.362206+00:00
"Food, Beverage & Agribusiness",ALIMENTOS Y BEBIDAS DEL NORTE S.C.,alimentosybebidasd.mx,Javier Castro,Chief Operating Officer (COO),C_SUITE,OPERATIONS,jcastro@alimentosybebidasd.mx,VERIFIED,85,+528270037648,2026-09-06T14:31:01.362206+00:00
"Food, Beverage & Agribusiness",ALIMENTOS Y BEBIDAS CENTRAL S.C.,alimentosybebidasc.com.mx,Sofia Vega,Chief Operating Officer (COO),C_SUITE,OPERATIONS,svega@alimentosybebidasc.com.mx,VERIFIED,85,+528579977181,2026-09-06T14:31:01.362206+00:00
"Food, Beverage & Agribusiness",ALIMENTOS Y BEBIDAS CENTRAL S.C.,alimentosybebidasc.com.mx,Hector Vega,Chief Technology Officer (CTO),C_SUITE,ENGINEERING_IT,hvega@alimentosybebidasc.com.mx,VERIFIED,85,+526093666826,2026-09-06T14:31:01.362206+00:00
"Food, Beverage & Agribusiness",ALIMENTOS Y BEBIDAS CENTRAL S.C.,alimentosybebidasc.com.mx,Carlos Treviño,Chief Revenue Officer (CRO),C_SUITE,SALES_MARKETING,ctreviño@alimentosybebidasc.com.mx,VERIFIED,85,+526099351865,2026-09-06T14:31:01.362206+00:00
"Food, Beverage & Agribusiness",ALIMENTOS Y BEBIDAS DEL PACIFICO S.A.P.I. DE C.V.,alimentosybebidasd.com,Luis Ruiz,Chief Financial Officer (CFO),C_SUITE,FINANCE,lruiz@alimentosybebidasd.com,VERIFIED,85,+527787571145,2026-09-06T14:31:01.362206+00:00
"Food, Beverage & Agribusiness",ALIMENTOS Y BEBIDAS DEL PACIFICO S.A.P.I. DE C.V.,alimentosybebidasd.com,Adriana Castro,Chief Financial Officer (CFO),C_SUITE,FINANCE,acastro@alimentosybebidasd.com,VERIFIED,85,+524144748774,2026-09-06T14:31:01.362206+00:00
"Food, Beverage & Agribusiness",ALIMENTOS Y BEBIDAS DEL PACIFICO S.A.P.I. DE C.V.,alimentosybebidasd.com,Daniel Treviño,Chief Executive Officer (CEO),C_SUITE,EXECUTIVE,dtreviño@alimentosybebidasd.com,VERIFIED,85,+525259257409,2026-09-06T14:31:01.362206+00:00
"Food, Beverage & Agribusiness",ALIMENTOS Y BEBIDAS NACIONAL S.A.B. DE C.V.,alimentosybebidasn.com,Fernando Treviño,Chief Technology Officer (CTO),C_SUITE,ENGINEERING_IT,ftreviño@alimentosybebidasn.com,VERIFIED,85,+528098732266,2026-09-06T14:31:01.362206+00:00
"Food, Beverage & Agribusiness",ALIMENTOS Y BEBIDAS LATINOAMERICANA S.A. DE C.V.,alimentosybebidasl.com,Sofia Vega,Chief Financial Officer (CFO),C_SUITE,FINANCE,svega@alimentosybebidasl.com,VERIFIED,85,+525933564903,2026-09-06T14:31:01.362206+00:00
"Food, Beverage & Agribusiness",ALIMENTOS Y BEBIDAS LATINOAMERICANA S.A. DE C.V.,alimentosybebidasl.com,Hector Morales,Chief Technology Officer (CTO),C_SUITE,ENGINEERING_IT,hmorales@alimentosybebidasl.com,VERIFIED,85,+529372928353,2026-09-06T14:31:01.362206+00:00
"Food, Beverage & Agribusiness",ALIMENTOS Y BEBIDAS INTERNACIONAL S.A.S.,alimentosybebidasi.com.mx,Gabriel Alarcón,Chief Operating Officer (COO),C_SUITE,OPERATIONS,galarcón@alimentosybebidasi.com.mx,VERIFIED,85,+525568479811,2026-09-06T14:31:01.362206+00:00
"Food, Beverage & Agribusiness",ALIMENTOS Y BEBIDAS AVANZADA S.A. DE C.V.,alimentosybebidasa.com.mx,Guillermo Martínez,Chief Operating Officer (COO),C_SUITE,OPERATIONS,gmartínez@alimentosybebidasa.com.mx,VERIFIED,85,+526989510509,2026-09-06T14:31:01.362206+00:00
"Food, Beverage & Agribusiness",ALIMENTOS Y BEBIDAS MEXICANA S.A.S.,alimentosybebidasm.mx,Gabriel González,Chief Financial Officer (CFO),C_SUITE,FINANCE,ggonzález@alimentosybebidasm.mx,VERIFIED,85,+524818619635,2026-09-06T14:31:01.362206+00:00
"Food, Beverage & Agribusiness",ALIMENTOS Y BEBIDAS MEXICANA S.A.S.,alimentosybebidasm.mx,Mariana García,Chief Technology Officer (CTO),C_SUITE,ENGINEERING_IT,mgarcía@alimentosybebidasm.mx,VERIFIED,85,+526957362721,2026-09-06T14:31:01.362206+00:00
"Food, Beverage & Agribusiness",ALIMENTOS Y BEBIDAS MEXICANA S.A.S.,alimentosybebidasm.mx,Adriana Benítez,Chief Technology Officer (CTO),C_SUITE,ENGINEERING_IT,abenítez@alimentosybebidasm.mx,VERIFIED,85,+525149855634,2026-09-06T14:31:01.362206+00:00
"Food, Beverage & Agribusiness",ALIMENTOS Y BEBIDAS LATINOAMERICANA S.A. DE C.V.,alimentosybebidasl.com.mx,Javier Ruiz,Chief Financial Officer (CFO),C_SUITE,FINANCE,jruiz@alimentosybebidasl.com.mx,VERIFIED,85,+526110448286,2026-09-06T14:31:01.362206+00:00
"Food, Beverage & Agribusiness",ALIMENTOS Y BEBIDAS LATINOAMERICANA S.A.S.,alimentosybebidasl.mx,Miguel Mendoza,Chief Operating Officer (COO),C_SUITE,OPERATIONS,mmendoza@alimentosybebidasl.mx,VERIFIED,85,+525316482768,2026-09-06T14:31:01.362206+00:00
"Food, Beverage & Agribusiness",ALIMENTOS Y BEBIDAS AVANZADA S.C.,alimentosybebidasa.mx,Rodrigo Castro,Chief Financial Officer (CFO),C_SUITE,FINANCE,rcastro@alimentosybebidasa.mx,VERIFIED,85,+526498484154,2026-09-06T14:31:01.362206+00:00
"Food, Beverage & Agribusiness",ALIMENTOS Y BEBIDAS NACIONAL S.A.S.,alimentosybebidasn.com.mx,David Treviño,Chief Operating Officer (COO),C_SUITE,OPERATIONS,dtreviño@alimentosybebidasn.com.mx,VERIFIED,85,+528899544248,2026-09-06T14:31:01.362206+00:00
"Food, Beverage & Agribusiness",ALIMENTOS Y BEBIDAS MODERNA S.A.S.,alimentosybebidasm.com,Hector Martínez,Chief Technology Officer (CTO),C_SUITE,ENGINEERING_IT,hmartínez@alimentosybebidasm.com,VERIFIED,85,+525166854849,2026-09-06T14:31:01.362206+00:00
"Food, Beverage & Agribusiness",ALIMENTOS Y BEBIDAS LATINOAMERICANA S.A.S.,alimentosybebidasl.mx,Hector Morales,Chief Financial Officer (CFO),C_SUITE,FINANCE,hmorales@alimentosybebidasl.mx,VERIFIED,85,+529361672709,2026-09-06T14:31:01.378457+00:00
"Food, Beverage & Agribusiness",ALIMENTOS Y BEBIDAS LATINOAMERICANA S.A.S.,alimentosybebidasl.mx,Hector Valenzuela,Chief Technology Officer (CTO),C_SUITE,ENGINEERING_IT,hvalenzuela@alimentosybebidasl.mx,VERIFIED,85,+528768719724,2026-09-06T14:31:01.378457+00:00
"Food, Beverage & Agribusiness",ALIMENTOS Y BEBIDAS LATINOAMERICANA S.A.S.,alimentosybebidasl.mx,Claudia Morales,Chief Revenue Officer (CRO),C_SUITE,SALES_MARKETING,cmorales@alimentosybebidasl.com,VERIFIED,85,+529939008276,2026-09-06T14:31:01.378457+00:00
"Food, Beverage & Agribusiness",ALIMENTOS Y BEBIDAS LATINOAMERICANA S.A.S.,alimentosybebidasl.mx,Adriana Valenzuela,Chief Technology Officer (CTO),C_SUITE,ENGINEERING_IT,avalenzuela@alimentosybebidasl.mx,VERIFIED,85,+524828130954,2026-09-06T14:31:01.378457+00:00
"Food, Beverage & Agribusiness",ALIMENTOS Y BEBIDAS AVANZADA S.A. DE C.V.,alimentosybebidasa.mx,David Mendoza,Chief Human Resources Officer (CHRO),C_SUITE,HR_PEOPLE,dmendoza@alimentosybebidasa.mx,VERIFIED,85,+529292542778,2026-09-06T14:31:01.378457+00:00
"Food, Beverage & Agribusiness",ALIMENTOS Y BEBIDAS ESPECIALIZADA S.A.B. DE C.V.,alimentosybebidase.com,Jorge González,Chief Technology Officer (CTO),C_SUITE,ENGINEERING_IT,jgonzález@alimentosybebidase.com,VERIFIED,85,+527790625188,2026-09-06T14:31:01.378457+00:00
"Food, Beverage & Agribusiness",ALIMENTOS Y BEBIDAS ESPECIALIZADA S.A.B. DE C.V.,alimentosybebidase.com,Carlos Castro,Chief Financial Officer (CFO),C_SUITE,FINANCE,ccastro@alimentosybebidase.mx,VERIFIED,85,+529514747078,2026-09-06T14:31:01.378457+00:00
"Food, Beverage & Agribusiness",ALIMENTOS Y BEBIDAS INDUSTRIAL S.A.P.I. DE C.V.,alimentosybebidasi.com,David Hernández,Chief Revenue Officer (CRO),C_SUITE,SALES_MARKETING,dhernández@alimentosybebidasi.com,VERIFIED,85,+528928062088,2026-09-06T14:31:01.378457+00:00
"Food, Beverage & Agribusiness",ALIMENTOS Y BEBIDAS INDUSTRIAL S.A.P.I. DE C.V.,alimentosybebidasi.com,Alejandro Salinas,Chief Technology Officer (CTO),C_SUITE,ENGINEERING_IT,asalinas@alimentosybebidasi.com,VERIFIED,85,+525460744547,2026-09-06T14:31:01.378457+00:00
"Food, Beverage & Agribusiness",ALIMENTOS Y BEBIDAS INDUSTRIAL S.A.P.I. DE C.V.,alimentosybebidasi.com,Jorge Benítez,Chief Technology Officer (CTO),C_SUITE,ENGINEERING_IT,jbenítez@alimentosybebidasi.com,VERIFIED,85,+525861441899,2026-09-06T14:31:01.378457+00:00
"Food, Beverage & Agribusiness",ALIMENTOS Y BEBIDAS INDUSTRIAL S.A.P.I. DE C.V.,alimentosybebidasi.com,Claudia Ruiz,Chief Executive Officer (CEO),C_SUITE,EXECUTIVE,cruiz@alimentosybebidasi.com,VERIFIED,85,+525868980792,2026-09-06T14:31:01.378457+00:00
"Food, Beverage & Agribusiness",ALIMENTOS Y BEBIDAS DEL NORTE S. DE R.L. DE C.V.,alimentosybebidasd.mx,Gabriel López,Chief Operating Officer (COO),C_SUITE,OPERATIONS,glópez@alimentosybebidasd.mx,VERIFIED,85,+525650598653,2026-09-06T14:31:01.378457+00:00
"Food, Beverage & Agribusiness",ALIMENTOS Y BEBIDAS DEL NORTE S. DE R.L. DE C.V.,alimentosybebidasd.mx,Mariana Garza,Chief Technology Officer (CTO),C_SUITE,ENGINEERING_IT,mgarza@alimentosybebidasd.mx,VERIFIED,85,+526894371270,2026-09-06T14:31:01.378457+00:00
"Food, Beverage & Agribusiness",ALIMENTOS Y BEBIDAS DEL NORTE S. DE R.L. DE C.V.,alimentosybebidasd.mx,Alejandro Salinas,Chief Operating Officer (COO),C_SUITE,OPERATIONS,asalinas@alimentosybebidasd.mx,VERIFIED,85,+529042656126,2026-09-06T14:31:01.378457+00:00
"Food, Beverage & Agribusiness",ALIMENTOS Y BEBIDAS DEL NORTE S. DE R.L. DE C.V.,alimentosybebidasd.mx,Javier Villaseñor,Founder,FOUNDER,EXECUTIVE,jvillaseñor@alimentosybebidasd.mx,VERIFIED,85,+528549785521,2026-09-06T14:31:01.378457+00:00
"Food, Beverage & Agribusiness",ALIMENTOS Y BEBIDAS DEL NORTE S. DE R.L. DE C.V.,alimentosybebidasd.mx,Hector González,Founder,FOUNDER,EXECUTIVE,hgonzález@alimentosybebidasd.mx,VERIFIED,85,+528792296507,2026-09-06T14:31:01.378457+00:00
"Food, Beverage & Agribusiness",ALIMENTOS Y BEBIDAS DEL NORTE S. DE R.L. DE C.V.,alimentosybebidasd.mx,Claudia Dominguez,Chief Executive Officer (CEO),C_SUITE,EXECUTIVE,cdominguez@alimentosybebidasd.mx,VERIFIED,85,+524216552606,2026-09-06T14:31:01.378457+00:00
"Food, Beverage & Agribusiness",ALIMENTOS Y BEBIDAS DEL NORTE S. DE R.L. DE C.V.,alimentosybebidasd.mx,Andrea Garza,Chief Operating Officer (COO),C_SUITE,OPERATIONS,agarza@alimentosybebidasd.mx,VERIFIED,85,+525982990196,2026-09-06T14:31:01.378457+00:00
"Food, Beverage & Agribusiness",ALIMENTOS Y BEBIDAS DEL NORTE S. DE R.L. DE C.V.,alimentosybebidasd.mx,Miguel Martínez,Chief Human Resources Officer (CHRO),C_SUITE,HR_PEOPLE,mmartínez@alimentosybebidasd.mx,VERIFIED,85,+525443192531,2026-09-06T14:31:01.378457+00:00
"Food, Beverage & Agribusiness",ALIMENTOS Y BEBIDAS DEL PACIFICO S.A.S.,alimentosybebidasd.com,Miguel Treviño,Chief Technology Officer (CTO),C_SUITE,ENGINEERING_IT,mtreviño@alimentosybebidasd.com,VERIFIED,85,+524956039310,2026-09-06T14:31:01.378457+00:00
"Food, Beverage & Agribusiness",ALIMENTOS Y BEBIDAS DEL PACIFICO S.A.S.,alimentosybebidasd.com,Adriana Ruiz,Chief Executive Officer (CEO),C_SUITE,EXECUTIVE,aruiz@alimentosybebidasd.com,VERIFIED,85,+526964513017,2026-09-06T14:31:01.378457+00:00
"Food, Beverage & Agribusiness",ALIMENTOS Y BEBIDAS DEL PACIFICO S.A.S.,alimentosybebidasd.com,Guillermo Villaseñor,Chief Operating Officer (COO),C_SUITE,OPERATIONS,gvillaseñor@alimentosybebidasd.com,VERIFIED,85,+529486437326,2026-09-06T14:31:01.378457+00:00
"Food, Beverage & Agribusiness",ALIMENTOS Y BEBIDAS DEL PACIFICO S.A.S.,alimentosybebidasd.com,Fernando García,Chief Financial Officer (CFO),C_SUITE,FINANCE,fgarcía@alimentosybebidasd.com,VERIFIED,85,+525871463089,2026-09-06T14:31:01.378457+00:00
"Food, Beverage & Agribusiness",ALIMENTOS Y BEBIDAS DEL PACIFICO S.A.S.,alimentosybebidasd.com,Carlos García,Chief Revenue Officer (CRO),C_SUITE,SALES_MARKETING,cgarcía@alimentosybebidasd.com,VERIFIED,85,+526165718969,2026-09-06T14:31:01.378457+00:00
"Food, Beverage & Agribusiness",ALIMENTOS Y BEBIDAS DEL PACIFICO S.A.S.,alimentosybebidasd.com,Patricia Salinas,Founder,FOUNDER,EXECUTIVE,psalinas@alimentosybebidasd.com,VERIFIED,85,+525875780931,2026-09-06T14:31:01.378457+00:00
"Food, Beverage & Agribusiness",ALIMENTOS Y BEBIDAS DEL PACIFICO S.A.S.,alimentosybebidasd.com,Hector Treviño,Chief Operating Officer (COO),C_SUITE,OPERATIONS,htreviño@alimentosybebidasd.com,VERIFIED,85,+526456735743,2026-09-06T14:31:01.378457+00:00
"Food, Beverage & Agribusiness",ALIMENTOS Y BEBIDAS DEL PACIFICO S.A.S.,alimentosybebidasd.com,Daniel García,Founder,FOUNDER,EXECUTIVE,dgarcía@alimentosybebidasd.com,VERIFIED,85,+527947125094,2026-09-06T14:31:01.378457+00:00
"Food, Beverage & Agribusiness",ALIMENTOS Y BEBIDAS GLOBAL S. DE R.L. DE C.V.,alimentosybebidasg.com,Javier Salinas,Founder,FOUNDER,EXECUTIVE,jsalinas@alimentosybebidasg.com,VERIFIED,85,+526542433783,2026-09-06T14:31:01.378457+00:00
"Food, Beverage & Agribusiness",ALIMENTOS Y BEBIDAS GLOBAL S. DE R.L. DE C.V.,alimentosybebidasg.com,Daniel Vega,Chief Operating Officer (COO),C_SUITE,OPERATIONS,dvega@alimentosybebidasg.com.mx,VERIFIED,85,+529925659071,2026-09-06T14:31:01.378457+00:00
"Food, Beverage & Agribusiness",ALIMENTOS Y BEBIDAS GLOBAL S. DE R.L. DE C.V.,alimentosybebidasg.com,Hector González,Chief Human Resources Officer (CHRO),C_SUITE,HR_PEOPLE,hgonzález@alimentosybebidasg.com,VERIFIED,85,+529423223256,2026-09-06T14:31:01.378457+00:00
"Food, Beverage & Agribusiness",ALIMENTOS Y BEBIDAS GLOBAL S. DE R.L. DE C.V.,alimentosybebidasg.com,Hector Martínez,Chief Revenue Officer (CRO),C_SUITE,SALES_MARKETING,hmartínez@alimentosybebidasg.mx,VERIFIED,85,+526146980011,2026-09-06T14:31:01.378457+00:00
"Food, Beverage & Agribusiness",ALIMENTOS Y BEBIDAS GLOBAL S. DE R.L. DE C.V.,alimentosybebidasg.com,Mariana Salinas,Chief Human Resources Officer (CHRO),C_SUITE,HR_PEOPLE,msalinas@alimentosybebidasg.com,VERIFIED,85,+526099743501,2026-09-06T14:31:01.378457+00:00
"Food, Beverage & Agribusiness",ALIMENTOS Y BEBIDAS INTEGRAL S.A.P.I. DE C.V.,alimentosybebidasi.mx,Adriana Villaseñor,Chief Executive Officer (CEO),C_SUITE,EXECUTIVE,avillaseñor@alimentosybebidasi.mx,VERIFIED,85,+525919691369,2026-09-06T14:31:01.378457+00:00
"Food, Beverage & Agribusiness",ALIMENTOS Y BEBIDAS INTEGRAL S.A.P.I. DE C.V.,alimentosybebidasi.mx,Patricia González,Chief Technology Officer (CTO),C_SUITE,ENGINEERING_IT,pgonzález@alimentosybebidasi.mx,VERIFIED,85,+524163280157,2026-09-06T14:31:01.378457+00:00
"Food, Beverage & Agribusiness",ALIMENTOS Y BEBIDAS DINAMICA S.A. DE C.V.,alimentosybebidasd.com.mx,Claudia Martínez,Chief Human Resources Officer (CHRO),C_SUITE,HR_PEOPLE,cmartínez@alimentosybebidasd.com.mx,VERIFIED,85,+528432562834,2026-09-06T14:31:01.378457+00:00
"Food, Beverage & Agribusiness",ALIMENTOS Y BEBIDAS DINAMICA S.A. DE C.V.,alimentosybebidasd.com.mx,Rodrigo Navarro,Chief Executive Officer (CEO),C_SUITE,EXECUTIVE,rnavarro@alimentosybebidasd.com.mx,VERIFIED,85,+524362839545,2026-09-06T14:31:01.378457+00:00
"Food, Beverage & Agribusiness",ALIMENTOS Y BEBIDAS DINAMICA S.A. DE C.V.,alimentosybebidasd.com.mx,Roberto Mendoza,Chief Operating Officer (COO),C_SUITE,OPERATIONS,rmendoza@alimentosybebidasd.com.mx,VERIFIED,85,+529361443205,2026-09-06T14:31:01.378457+00:00
"Food, Beverage & Agribusiness",ALIMENTOS Y BEBIDAS DINAMICA S.A. DE C.V.,alimentosybebidasd.com.mx,Fernando Morales,Chief Revenue Officer (CRO),C_SUITE,SALES_MARKETING,fmorales@alimentosybebidasd.com.mx,VERIFIED,85,+528960320479,2026-09-06T14:31:01.378457+00:00
"Food, Beverage & Agribusiness",ALIMENTOS Y BEBIDAS MEXICANA S.A.P.I. DE C.V.,alimentosybebidasm.com.mx,Carlos Treviño,Chief Technology Officer (CTO),C_SUITE,ENGINEERING_IT,ctreviño@alimentosybebidasm.com.mx,VERIFIED,85,+524790558131,2026-09-06T14:31:01.378457+00:00
"Food, Beverage & Agribusiness",ALIMENTOS Y BEBIDAS MEXICANA S.A.P.I. DE C.V.,alimentosybebidasm.com.mx,Patricia González,Founder,FOUNDER,EXECUTIVE,pgonzález@alimentosybebidasm.mx,VERIFIED,85,+526088444800,2026-09-06T14:31:01.378457+00:00
"Food, Beverage & Agribusiness",ALIMENTOS Y BEBIDAS MODERNA S.A.B. DE C.V.,alimentosybebidasm.mx,Luis Mendoza,Chief Financial Officer (CFO),C_SUITE,FINANCE,lmendoza@alimentosybebidasm.mx,VERIFIED,85,+528477069449,2026-09-06T14:31:01.378457+00:00
"Food, Beverage & Agribusiness",ALIMENTOS Y BEBIDAS NACIONAL S.A. DE C.V.,alimentosybebidasn.com,Javier Treviño,Chief Financial Officer (CFO),C_SUITE,FINANCE,jtreviño@alimentosybebidasn.com,VERIFIED,85,+529578943918,2026-09-06T14:31:01.378457+00:00
"Food, Beverage & Agribusiness",ALIMENTOS Y BEBIDAS ESPECIALIZADA 21 S.A.S.,alimentosybebidase.mx,Carlos Dominguez,Chief Financial Officer (CFO),C_SUITE,FINANCE,cdominguez@alimentosybebidase.mx,VERIFIED,85,+526933308852,2026-09-06T14:31:01.378457+00:00
"Food, Beverage & Agribusiness",ALIMENTOS Y BEBIDAS ESPECIALIZADA 21 S.A.S.,alimentosybebidase.mx,Fernando Salinas,Chief Revenue Officer (CRO),C_SUITE,SALES_MARKETING,fsalinas@alimentosybebidase.mx,VERIFIED,85,+527350752932,2026-09-06T14:31:01.378457+00:00
"Food, Beverage & Agribusiness",ALIMENTOS Y BEBIDAS AVANZADA S.A. DE C.V.,alimentosybebidasa.com.mx,David Alarcón,Chief Operating Officer (COO),C_SUITE,OPERATIONS,dalarcón@alimentosybebidasa.com.mx,VERIFIED,85,+527554329831,2026-09-06T14:31:01.378457+00:00
"Food, Beverage & Agribusiness",ALIMENTOS Y BEBIDAS INTERNACIONAL S.A.S.,alimentosybebidasi.com.mx,Eduardo Castro,Chief Operating Officer (COO),C_SUITE,OPERATIONS,ecastro@alimentosybebidasi.com.mx,VERIFIED,85,+527313557582,2026-09-06T14:31:01.378457+00:00
"Food, Beverage & Agribusiness",ALIMENTOS Y BEBIDAS INTERNACIONAL S.A.S.,alimentosybebidasi.com.mx,Claudia García,Founder,FOUNDER,EXECUTIVE,cgarcía@alimentosybebidasi.com.mx,VERIFIED,85,+526046384658,2026-09-06T14:31:01.378457+00:00
"Food, Beverage & Agribusiness",ALIMENTOS Y BEBIDAS INTERNACIONAL S.A.S.,alimentosybebidasi.com.mx,Adriana Vega,Chief Revenue Officer (CRO),C_SUITE,SALES_MARKETING,avega@alimentosybebidasi.com.mx,VERIFIED,85,+526792749365,2026-09-06T14:31:01.378457+00:00
"Food, Beverage & Agribusiness",ALIMENTOS Y BEBIDAS INTERNACIONAL S.A.S.,alimentosybebidasi.com.mx,Mariana Vega,Chief Technology Officer (CTO),C_SUITE,ENGINEERING_IT,mvega@alimentosybebidasi.com.mx,VERIFIED,85,+527511971208,2026-09-06T14:31:01.378457+00:00
"Food, Beverage & Agribusiness",ALIMENTOS Y BEBIDAS INTERNACIONAL S.A.S.,alimentosybebidasi.com.mx,Alejandro García,Chief Executive Officer (CEO),C_SUITE,EXECUTIVE,agarcía@alimentosybebidasi.com.mx,VERIFIED,85,+528163275339,2026-09-06T14:31:01.378457+00:00
"Food, Beverage & Agribusiness",ALIMENTOS Y BEBIDAS INTERNACIONAL S.A.S.,alimentosybebidasi.com.mx,Sofia Ruiz,Founder,FOUNDER,EXECUTIVE,sruiz@alimentosybebidasi.com.mx,VERIFIED,85,+525147720610,2026-09-06T14:31:01.378457+00:00
"Food, Beverage & Agribusiness",ALIMENTOS Y BEBIDAS EMPRESARIAL S.A.S.,alimentosybebidase.com.mx,Gabriel Alarcón,Founder,FOUNDER,EXECUTIVE,galarcón@alimentosybebidase.com.mx,VERIFIED,85,+527913701694,2026-09-06T14:31:01.378457+00:00
"Food, Beverage & Agribusiness",ALIMENTOS Y BEBIDAS EMPRESARIAL S.A.S.,alimentosybebidase.com.mx,Daniel Martínez,Chief Human Resources Officer (CHRO),C_SUITE,HR_PEOPLE,dmartínez@alimentosybebidase.com.mx,VERIFIED,85,+527273528168,2026-09-06T14:31:01.378457+00:00
"Food, Beverage & Agribusiness",ALIMENTOS Y BEBIDAS NACIONAL 40 S.C.,alimentosybebidasn.mx,Daniel González,Chief Technology Officer (CTO),C_SUITE,ENGINEERING_IT,dgonzález@alimentosybebidasn.mx,VERIFIED,85,+528347989763,2026-09-06T14:31:01.378457+00:00
"Food, Beverage & Agribusiness",ALIMENTOS Y BEBIDAS NACIONAL 40 S.C.,alimentosybebidasn.mx,Daniel Garza,Chief Revenue Officer (CRO),C_SUITE,SALES_MARKETING,dgarza@alimentosybebidasn.mx,VERIFIED,85,+529459281791,2026-09-06T14:31:01.378457+00:00
"Food, Beverage & Agribusiness",ALIMENTOS Y BEBIDAS NACIONAL S.A.P.I. DE C.V.,alimentosybebidasn.com.mx,Miguel Valenzuela,Chief Executive Officer (CEO),C_SUITE,EXECUTIVE,mvalenzuela@alimentosybebidasn.com.mx,VERIFIED,85,+527311451738,2026-09-06T14:31:01.378457+00:00
"Food, Beverage & Agribusiness",ALIMENTOS Y BEBIDAS LATINOAMERICANA S.A. DE C.V.,alimentosybebidasl.com.mx,Adriana Mendoza,Chief Revenue Officer (CRO),C_SUITE,SALES_MARKETING,amendoza@alimentosybebidasl.com.mx,VERIFIED,85,+524393661525,2026-09-06T14:31:01.378457+00:00
"Food, Beverage & Agribusiness",ALIMENTOS Y BEBIDAS MEXICANA S. DE R.L. DE C.V.,alimentosybebidasm.com,Miguel Morales,Chief Executive Officer (CEO),C_SUITE,EXECUTIVE,mmorales@alimentosybebidasm.com,VERIFIED,85,+529486055421,2026-09-06T14:31:01.378457+00:00
"Food, Beverage & Agribusiness",ALIMENTOS Y BEBIDAS AVANZADA S.A.B. DE C.V.,alimentosybebidasa.mx,Eduardo Valenzuela,Founder,FOUNDER,EXECUTIVE,evalenzuela@alimentosybebidasa.mx,VERIFIED,85,+526051319584,2026-09-06T14:31:01.378457+00:00
"Food, Beverage & Agribusiness",ALIMENTOS Y BEBIDAS DE LAS AMERICAS S.A.B. DE C.V.,alimentosybebidasd.com.mx,Fernando Villaseñor,Chief Executive Officer (CEO),C_SUITE,EXECUTIVE,fvillaseñor@alimentosybebidasd.com.mx,VERIFIED,85,+524459209068,2026-09-06T14:31:01.378457+00:00
"Food, Beverage & Agribusiness",ALIMENTOS Y BEBIDAS DE LAS AMERICAS S.A.B. DE C.V.,alimentosybebidasd.com.mx,Adriana Dominguez,Chief Executive Officer (CEO),C_SUITE,EXECUTIVE,adominguez@alimentosybebidasd.com.mx,VERIFIED,85,+525575594039,2026-09-06T14:31:01.378457+00:00
"Food, Beverage & Agribusiness",ALIMENTOS Y BEBIDAS DE LAS AMERICAS S.A.B. DE C.V.,alimentosybebidasd.com.mx,Mariana Mendoza,Chief Executive Officer (CEO),C_SUITE,EXECUTIVE,mmendoza@alimentosybebidasd.com.mx,VERIFIED,85,+529026117329,2026-09-06T14:31:01.378457+00:00
"Food, Beverage & Agribusiness",ALIMENTOS Y BEBIDAS DE LAS AMERICAS S.A.B. DE C.V.,alimentosybebidasd.com.mx,Eduardo Vega,Chief Revenue Officer (CRO),C_SUITE,SALES_MARKETING,evega@alimentosybebidasd.com.mx,VERIFIED,85,+524711377644,2026-09-06T14:31:01.378457+00:00
"Food, Beverage & Agribusiness",ALIMENTOS Y BEBIDAS DE LAS AMERICAS S.A.B. DE C.V.,alimentosybebidasd.com.mx,Fernando Treviño,Chief Executive Officer (CEO),C_SUITE,EXECUTIVE,ftreviño@alimentosybebidasd.com.mx,VERIFIED,85,+527482221948,2026-09-06T14:31:01.378457+00:00
"Food, Beverage & Agribusiness",ALIMENTOS Y BEBIDAS DE LAS AMERICAS S.A.B. DE C.V.,alimentosybebidasd.com.mx,Patricia Alarcón,Chief Financial Officer (CFO),C_SUITE,FINANCE,palarcón@alimentosybebidasd.com.mx,VERIFIED,85,+524999369050,2026-09-06T14:31:01.378457+00:00
"Food, Beverage & Agribusiness",ALIMENTOS Y BEBIDAS DE LAS AMERICAS S.A.B. DE C.V.,alimentosybebidasd.com.mx,Alejandro Navarro,Chief Technology Officer (CTO),C_SUITE,ENGINEERING_IT,anavarro@alimentosybebidasd.com.mx,VERIFIED,85,+525271393507,2026-09-06T14:31:01.378457+00:00
"Food, Beverage & Agribusiness",ALIMENTOS Y BEBIDAS DE LAS AMERICAS S.A.B. DE C.V.,alimentosybebidasd.com.mx,Rodrigo Ruiz,Chief Executive Officer (CEO),C_SUITE,EXECUTIVE,rruiz@alimentosybebidasd.com.mx,VERIFIED,85,+526786490666,2026-09-06T14:31:01.378457+00:00
"Food, Beverage & Agribusiness",ALIMENTOS Y BEBIDAS DE LAS AMERICAS S.A.B. DE C.V.,alimentosybebidasd.com.mx,Guillermo Alarcón,Chief Executive Officer (CEO),C_SUITE,EXECUTIVE,galarcón@alimentosybebidasd.com.mx,VERIFIED,85,+527557539425,2026-09-06T14:31:01.378457+00:00
"Food, Beverage & Agribusiness",ALIMENTOS Y BEBIDAS DE LAS AMERICAS S.A.B. DE C.V.,alimentosybebidasd.com.mx,Fernando Valenzuela,Chief Executive Officer (CEO),C_SUITE,EXECUTIVE,fvalenzuela@alimentosybebidasd.com.mx,VERIFIED,85,+529710247468,2026-09-06T14:31:01.378457+00:00
"Food, Beverage & Agribusiness",ALIMENTOS Y BEBIDAS DE LAS AMERICAS S.A.B. DE C.V.,alimentosybebidasd.com.mx,Sofia Treviño,Founder,FOUNDER,EXECUTIVE,streviño@alimentosybebidasd.com.mx,VERIFIED,85,+529228783038,2026-09-06T14:31:01.378457+00:00
"Food, Beverage & Agribusiness",ALIMENTOS Y BEBIDAS MEXICANA S.A.B. DE C.V.,alimentosybebidasm.mx,Patricia Navarro,Chief Executive Officer (CEO),C_SUITE,EXECUTIVE,pnavarro@alimentosybebidasm.mx,VERIFIED,85,+525059949287,2026-09-06T14:31:01.378457+00:00
"Food, Beverage & Agribusiness",ALIMENTOS Y BEBIDAS MEXICANA S.A.B. DE C.V.,alimentosybebidasm.mx,Claudia Dominguez,Chief Executive Officer (CEO),C_SUITE,EXECUTIVE,cdominguez@alimentosybebidasm.mx,VERIFIED,85,+525295494137,2026-09-06T14:31:01.378457+00:00
"Food, Beverage & Agribusiness",ALIMENTOS Y BEBIDAS MEXICANA S.A.B. DE C.V.,alimentosybebidasm.mx,Roberto Benítez,Founder,FOUNDER,EXECUTIVE,rbenítez@alimentosybebidasm.mx,VERIFIED,85,+526730064179,2026-09-06T14:31:01.378457+00:00
"Food, Beverage & Agribusiness",ALIMENTOS Y BEBIDAS MEXICANA S.A.B. DE C.V.,alimentosybebidasm.mx,Miguel Benítez,Chief Revenue Officer (CRO),C_SUITE,SALES_MARKETING,mbenítez@alimentosybebidasm.mx,VERIFIED,85,+524327607633,2026-09-06T14:31:01.378457+00:00
"Food, Beverage & Agribusiness",ALIMENTOS Y BEBIDAS MEXICANA S.A.B. DE C.V.,alimentosybebidasm.mx,Fernando Martínez,Chief Technology Officer (CTO),C_SUITE,ENGINEERING_IT,fmartínez@alimentosybebidasm.mx,VERIFIED,85,+527579013545,2026-09-06T14:31:01.378457+00:00
"Food, Beverage & Agribusiness",ALIMENTOS Y BEBIDAS MEXICANA S.A.B. DE C.V.,alimentosybebidasm.mx,Hector Martínez,Chief Human Resources Officer (CHRO),C_SUITE,HR_PEOPLE,hmartínez@alimentosybebidasm.com,VERIFIED,85,+528787786165,2026-09-06T14:31:01.378457+00:00
"Food, Beverage & Agribusiness",ALIMENTOS Y BEBIDAS MEXICANA S.A.B. DE C.V.,alimentosybebidasm.mx,Sofia Treviño,Chief Executive Officer (CEO),C_SUITE,EXECUTIVE,streviño@alimentosybebidasm.com,VERIFIED,85,+524215867927,2026-09-06T14:31:01.378457+00:00
"Food, Beverage & Agribusiness",ALIMENTOS Y BEBIDAS MEXICANA S.A.B. DE C.V.,alimentosybebidasm.mx,Andrea Dominguez,Chief Executive Officer (CEO),C_SUITE,EXECUTIVE,adominguez@alimentosybebidasm.mx,VERIFIED,85,+528688919196,2026-09-06T14:31:01.378457+00:00
"Food, Beverage & Agribusiness",ALIMENTOS Y BEBIDAS LATINOAMERICANA S.A. DE C.V.,alimentosybebidasl.com.mx,Javier Martínez,Chief Operating Officer (COO),C_SUITE,OPERATIONS,jmartínez@alimentosybebidasl.com.mx,VERIFIED,85,+526836080495,2026-09-06T14:31:01.378457+00:00
"Food, Beverage & Agribusiness",ALIMENTOS Y BEBIDAS LATINOAMERICANA S.A. DE C.V.,alimentosybebidasl.com.mx,Daniel Hernández,Chief Executive Officer (CEO),C_SUITE,EXECUTIVE,dhernández@alimentosybebidasl.com.mx,VERIFIED,85,+528664005712,2026-09-06T14:31:01.378457+00:00
"Food, Beverage & Agribusiness",ALIMENTOS Y BEBIDAS LATINOAMERICANA S.A. DE C.V.,alimentosybebidasl.com.mx,Hector Castro,Chief Operating Officer (COO),C_SUITE,OPERATIONS,hcastro@alimentosybebidasl.com.mx,VERIFIED,85,+525562794165,2026-09-06T14:31:01.378457+00:00
"Food, Beverage & Agribusiness",ALIMENTOS Y BEBIDAS EMPRESARIAL S.A.B. DE C.V.,alimentosybebidase.mx,Jorge Mendoza,Chief Executive Officer (CEO),C_SUITE,EXECUTIVE,jmendoza@alimentosybebidase.mx,VERIFIED,85,+528274670762,2026-09-06T14:31:01.378457+00:00
"Food, Beverage & Agribusiness",ALIMENTOS Y BEBIDAS EMPRESARIAL S.A.B. DE C.V.,alimentosybebidase.mx,Patricia Ruiz,Founder,FOUNDER,EXECUTIVE,pruiz@alimentosybebidase.mx,VERIFIED,85,+524321571982,2026-09-06T14:31:01.378457+00:00
"Food, Beverage & Agribusiness",ALIMENTOS Y BEBIDAS EMPRESARIAL S.A.B. DE C.V.,alimentosybebidase.mx,Hector Salinas,Chief Revenue Officer (CRO),C_SUITE,SALES_MARKETING,hsalinas@alimentosybebidase.com,VERIFIED,85,+529732476555,2026-09-06T14:31:01.378457+00:00
"Food, Beverage & Agribusiness",ALIMENTOS Y BEBIDAS EMPRESARIAL S.A.B. DE C.V.,alimentosybebidase.mx,Mariana Garza,Chief Human Resources Officer (CHRO),C_SUITE,HR_PEOPLE,mgarza@alimentosybebidase.mx,VERIFIED,85,+529971440061,2026-09-06T14:31:01.378457+00:00
"Food, Beverage & Agribusiness",ALIMENTOS Y BEBIDAS EMPRESARIAL S.A.B. DE C.V.,alimentosybebidase.mx,Sofia López,Chief Executive Officer (CEO),C_SUITE,EXECUTIVE,slópez@alimentosybebidase.mx,VERIFIED,85,+526689619964,2026-09-06T14:31:01.378457+00:00
"Food, Beverage & Agribusiness",ALIMENTOS Y BEBIDAS EMPRESARIAL S.A.B. DE C.V.,alimentosybebidase.mx,Alejandro Garza,Chief Technology Officer (CTO),C_SUITE,ENGINEERING_IT,agarza@alimentosybebidase.mx,VERIFIED,85,+527833827882,2026-09-06T14:31:01.378457+00:00
"Food, Beverage & Agribusiness",ALIMENTOS Y BEBIDAS DINAMICA S.A. DE C.V.,alimentosybebidasd.mx,Fernando Hernández,Chief Executive Officer (CEO),C_SUITE,EXECUTIVE,fhernández@alimentosybebidasd.mx,VERIFIED,85,+524250333338,2026-09-06T14:31:01.378457+00:00
"Food, Beverage & Agribusiness",ALIMENTOS Y BEBIDAS DINAMICA S.A. DE C.V.,alimentosybebidasd.mx,Sofia Benítez,Chief Human Resources Officer (CHRO),C_SUITE,HR_PEOPLE,sbenítez@alimentosybebidasd.mx,VERIFIED,85,+529499205829,2026-09-06T14:31:01.378457+00:00
"Food, Beverage & Agribusiness",ALIMENTOS Y BEBIDAS DINAMICA S.A. DE C.V.,alimentosybebidasd.mx,Rodrigo Treviño,Chief Financial Officer (CFO),C_SUITE,FINANCE,rtreviño@alimentosybebidasd.mx,VERIFIED,85,+524347187891,2026-09-06T14:31:01.378457+00:00
"Food, Beverage & Agribusiness",ALIMENTOS Y BEBIDAS DINAMICA S.A. DE C.V.,alimentosybebidasd.mx,Rodrigo Morales,Chief Human Resources Officer (CHRO),C_SUITE,HR_PEOPLE,rmorales@alimentosybebidasd.mx,VERIFIED,85,+524633931247,2026-09-06T14:31:01.378457+00:00
"Food, Beverage & Agribusiness",ALIMENTOS Y BEBIDAS DINAMICA S.A. DE C.V.,alimentosybebidasd.mx,Javier López,Chief Operating Officer (COO),C_SUITE,OPERATIONS,jlópez@alimentosybebidasd.mx,VERIFIED,85,+524360523697,2026-09-06T14:31:01.378457+00:00
"Food, Beverage & Agribusiness",ALIMENTOS Y BEBIDAS MEXICANA S.A.S.,alimentosybebidasm.com,Jorge Ruiz,Founder,FOUNDER,EXECUTIVE,jruiz@alimentosybebidasm.com,VERIFIED,85,+526166940356,2026-09-06T14:31:01.378457+00:00
"Food, Beverage & Agribusiness",ALIMENTOS Y BEBIDAS MEXICANA S.A.S.,alimentosybebidasm.com,Alejandro Garza,Chief Technology Officer (CTO),C_SUITE,ENGINEERING_IT,agarza@alimentosybebidasm.com,VERIFIED,85,+529159405650,2026-09-06T14:31:01.378457+00:00
"Food, Beverage & Agribusiness",ALIMENTOS Y BEBIDAS MEXICANA S.A.S.,alimentosybebidasm.com,Fernando Vega,Chief Human Resources Officer (CHRO),C_SUITE,HR_PEOPLE,fvega@alimentosybebidasm.com,VERIFIED,85,+529060145497,2026-09-06T14:31:01.378457+00:00
"Food, Beverage & Agribusiness",ALIMENTOS Y BEBIDAS INDUSTRIAL 54 S.A. DE C.V.,alimentosybebidasi.com.mx,Fernando Salinas,Chief Technology Officer (CTO),C_SUITE,ENGINEERING_IT,fsalinas@alimentosybebidasi.com.mx,VERIFIED,85,+526223352510,2026-09-06T14:31:01.378457+00:00
"Food, Beverage & Agribusiness",ALIMENTOS Y BEBIDAS INDUSTRIAL 54 S.A. DE C.V.,alimentosybebidasi.com.mx,Hector García,Chief Executive Officer (CEO),C_SUITE,EXECUTIVE,hgarcía@alimentosybebidasi.com.mx,VERIFIED,85,+524841929708,2026-09-06T14:31:01.378457+00:00
"Food, Beverage & Agribusiness",ALIMENTOS Y BEBIDAS INDUSTRIAL 54 S.A. DE C.V.,alimentosybebidasi.com.mx,Rodrigo Navarro,Chief Technology Officer (CTO),C_SUITE,ENGINEERING_IT,rnavarro@alimentosybebidasi.com.mx,VERIFIED,85,+529085990512,2026-09-06T14:31:01.378457+00:00
"Food, Beverage & Agribusiness",ALIMENTOS Y BEBIDAS INTEGRAL S.C.,alimentosybebidasi.mx,Luis Salinas,Chief Technology Officer (CTO),C_SUITE,ENGINEERING_IT,lsalinas@alimentosybebidasi.mx,VERIFIED,85,+529396485836,2026-09-06T14:31:01.378457+00:00
"Food, Beverage & Agribusiness",ALIMENTOS Y BEBIDAS INTEGRAL S.C.,alimentosybebidasi.mx,Jorge Garza,Founder,FOUNDER,EXECUTIVE,jgarza@alimentosybebidasi.mx,VERIFIED,85,+524961563775,2026-09-06T14:31:01.378457+00:00
"Food, Beverage & Agribusiness",ALIMENTOS Y BEBIDAS INTEGRAL S.C.,alimentosybebidasi.mx,Luis Alarcón,Chief Human Resources Officer (CHRO),C_SUITE,HR_PEOPLE,lalarcón@alimentosybebidasi.mx,VERIFIED,85,+525538767122,2026-09-06T14:31:01.378457+00:00
"Food, Beverage & Agribusiness",ALIMENTOS Y BEBIDAS INTEGRAL S.C.,alimentosybebidasi.mx,Jorge Mendoza,Chief Revenue Officer (CRO),C_SUITE,SALES_MARKETING,jmendoza@alimentosybebidasi.mx,VERIFIED,85,+529297413496,2026-09-06T14:31:01.378457+00:00
"Food, Beverage & Agribusiness",ALIMENTOS Y BEBIDAS NACIONAL S. DE R.L. DE C.V.,alimentosybebidasn.com,Sofia Martínez,Chief Executive Officer (CEO),C_SUITE,EXECUTIVE,smartínez@alimentosybebidasn.com,VERIFIED,85,+524724721875,2026-09-06T14:31:01.378457+00:00
"Food, Beverage & Agribusiness",ALIMENTOS Y BEBIDAS NACIONAL S. DE R.L. DE C.V.,alimentosybebidasn.com,Miguel Villaseñor,Chief Operating Officer (COO),C_SUITE,OPERATIONS,mvillaseñor@alimentosybebidasn.com,VERIFIED,85,+524396099960,2026-09-06T14:31:01.378457+00:00
"Food, Beverage & Agribusiness",ALIMENTOS Y BEBIDAS NACIONAL S. DE R.L. DE C.V.,alimentosybebidasn.com,Alejandro Navarro,Chief Technology Officer (CTO),C_SUITE,ENGINEERING_IT,anavarro@alimentosybebidasn.com,VERIFIED,85,+524259391072,2026-09-06T14:31:01.378457+00:00
"Food, Beverage & Agribusiness",ALIMENTOS Y BEBIDAS NACIONAL S. DE R.L. DE C.V.,alimentosybebidasn.mx,Fernando Ruiz,Chief Human Resources Officer (CHRO),C_SUITE,HR_PEOPLE,fruiz@alimentosybebidasn.mx,VERIFIED,85,+526558160295,2026-09-06T14:31:01.378457+00:00
"Food, Beverage & Agribusiness",ALIMENTOS Y BEBIDAS NACIONAL S.A.S.,alimentosybebidasn.com.mx,Roberto López,Chief Executive Officer (CEO),C_SUITE,EXECUTIVE,rlópez@alimentosybebidasn.com.mx,VERIFIED,85,+528062249970,2026-09-06T14:31:01.378457+00:00
"Food, Beverage & Agribusiness",ALIMENTOS Y BEBIDAS NACIONAL S.A.S.,alimentosybebidasn.com.mx,Daniel Treviño,Chief Executive Officer (CEO),C_SUITE,EXECUTIVE,dtreviño@alimentosybebidasn.com.mx,VERIFIED,85,+526747208345,2026-09-06T14:31:01.378457+00:00
"Food, Beverage & Agribusiness",ALIMENTOS Y BEBIDAS GLOBAL S. DE R.L. DE C.V.,alimentosybebidasg.com.mx,Mariana Vega,Chief Revenue Officer (CRO),C_SUITE,SALES_MARKETING,mvega@alimentosybebidasg.com.mx,VERIFIED,85,+528346849984,2026-09-06T14:31:01.378457+00:00
"Food, Beverage & Agribusiness",ALIMENTOS Y BEBIDAS MEXICANA S.A.B. DE C.V.,alimentosybebidasm.com.mx,Roberto Morales,Chief Operating Officer (COO),C_SUITE,OPERATIONS,rmorales@alimentosybebidasm.com.mx,VERIFIED,85,+529929853143,2026-09-06T14:31:01.378457+00:00
"Food, Beverage & Agribusiness",ALIMENTOS Y BEBIDAS MEXICANA S.A.B. DE C.V.,alimentosybebidasm.com.mx,Gabriel Ruiz,Chief Technology Officer (CTO),C_SUITE,ENGINEERING_IT,gruiz@alimentosybebidasm.com.mx,VERIFIED,85,+524614744999,2026-09-06T14:31:01.378457+00:00
"Food, Beverage & Agribusiness",ALIMENTOS Y BEBIDAS AVANZADA S.C.,alimentosybebidasa.com,Fernando López,Chief Operating Officer (COO),C_SUITE,OPERATIONS,flópez@alimentosybebidasa.com,VERIFIED,85,+526526590750,2026-09-06T14:31:01.378457+00:00
"Food, Beverage & Agribusiness",ALIMENTOS Y BEBIDAS AVANZADA S.C.,alimentosybebidasa.com,Guillermo Villaseñor,Chief Financial Officer (CFO),C_SUITE,FINANCE,gvillaseñor@alimentosybebidasa.com,VERIFIED,85,+524446278747,2026-09-06T14:31:01.378457+00:00
"Food, Beverage & Agribusiness",ALIMENTOS Y BEBIDAS INTERNACIONAL 26 S. DE R.L. DE C.V.,alimentosybebidasi.com,Claudia López,Founder,FOUNDER,EXECUTIVE,clópez@alimentosybebidasi.com,VERIFIED,85,+526062703352,2026-09-06T14:31:01.378457+00:00
"Food, Beverage & Agribusiness",ALIMENTOS Y BEBIDAS INTERNACIONAL 26 S. DE R.L. DE C.V.,alimentosybebidasi.com,Alejandro Alarcón,Chief Financial Officer (CFO),C_SUITE,FINANCE,aalarcón@alimentosybebidasi.com,VERIFIED,85,+528781433027,2026-09-06T14:31:01.378457+00:00
"Food, Beverage & Agribusiness",ALIMENTOS Y BEBIDAS AVANZADA 6 S. DE R.L. DE C.V.,alimentosybebidasa.com.mx,Carlos Treviño,Chief Executive Officer (CEO),C_SUITE,EXECUTIVE,ctreviño@alimentosybebidasa.com.mx,VERIFIED,85,+529354378697,2026-09-06T14:31:01.378457+00:00
"Food, Beverage & Agribusiness",ALIMENTOS Y BEBIDAS AVANZADA 6 S. DE R.L. DE C.V.,alimentosybebidasa.com.mx,Roberto Castro,Chief Executive Officer (CEO),C_SUITE,EXECUTIVE,rcastro@alimentosybebidasa.com.mx,VERIFIED,85,+524925398805,2026-09-06T14:31:01.378457+00:00
"Food, Beverage & Agribusiness",ALIMENTOS Y BEBIDAS GLOBAL S.A.P.I. DE C.V.,alimentosybebidasg.com,Carlos López,Chief Revenue Officer (CRO),C_SUITE,SALES_MARKETING,clópez@alimentosybebidasg.com,VERIFIED,85,+528870769740,2026-09-06T14:31:01.378457+00:00
"Food, Beverage & Agribusiness",ALIMENTOS Y BEBIDAS ESPECIALIZADA S.C.,alimentosybebidase.com.mx,Daniel Benítez,Chief Executive Officer (CEO),C_SUITE,EXECUTIVE,dbenítez@alimentosybebidase.com.mx,VERIFIED,85,+527219147192,2026-09-06T14:31:01.378457+00:00
"Food, Beverage & Agribusiness",ALIMENTOS Y BEBIDAS ESPECIALIZADA S.C.,alimentosybebidase.com.mx,Luis Navarro,Founder,FOUNDER,EXECUTIVE,lnavarro@alimentosybebidase.com.mx,VERIFIED,85,+524832042077,2026-09-06T14:31:01.378457+00:00
"Food, Beverage & Agribusiness",ALIMENTOS Y BEBIDAS DEL NORTE 17 S. DE R.L. DE C.V.,alimentosybebidasd.com,Guillermo Salinas,Chief Technology Officer (CTO),C_SUITE,ENGINEERING_IT,gsalinas@alimentosybebidasd.com,VERIFIED,85,+528947566556,2026-09-06T14:31:01.378457+00:00
"Food, Beverage & Agribusiness",ALIMENTOS Y BEBIDAS DEL NORTE 17 S. DE R.L. DE C.V.,alimentosybebidasd.com,Rodrigo Mendoza,Chief Technology Officer (CTO),C_SUITE,ENGINEERING_IT,rmendoza@alimentosybebidasd.com,VERIFIED,85,+527792586998,2026-09-06T14:31:01.378457+00:00
"Food, Beverage & Agribusiness",ALIMENTOS Y BEBIDAS DEL NORTE 17 S. DE R.L. DE C.V.,alimentosybebidasd.com,Guillermo Dominguez,Chief Technology Officer (CTO),C_SUITE,ENGINEERING_IT,gdominguez@alimentosybebidasd.com,VERIFIED,85,+524462298114,2026-09-06T14:31:01.378457+00:00
"Food, Beverage & Agribusiness",ALIMENTOS Y BEBIDAS CENTRAL S.A.B. DE C.V.,alimentosybebidasc.com.mx,Claudia López,Chief Human Resources Officer (CHRO),C_SUITE,HR_PEOPLE,clópez@alimentosybebidasc.com.mx,VERIFIED,85,+528050461206,2026-09-06T14:31:01.378457+00:00
"Food, Beverage & Agribusiness",ALIMENTOS Y BEBIDAS GLOBAL S.A.S.,alimentosybebidasg.mx,Rodrigo Alarcón,Founder,FOUNDER,EXECUTIVE,ralarcón@alimentosybebidasg.mx,VERIFIED,85,+525312725804,2026-09-06T14:31:01.378457+00:00
"Food, Beverage & Agribusiness",ALIMENTOS Y BEBIDAS ESPECIALIZADA S.A.S.,alimentosybebidase.mx,Claudia Treviño,Chief Executive Officer (CEO),C_SUITE,EXECUTIVE,ctreviño@alimentosybebidase.mx,VERIFIED,85,+529469619773,2026-09-06T14:31:01.378457+00:00
"Food, Beverage & Agribusiness",ALIMENTOS Y BEBIDAS ESPECIALIZADA S.A.S.,alimentosybebidase.mx,Daniel Navarro,Chief Executive Officer (CEO),C_SUITE,EXECUTIVE,dnavarro@alimentosybebidase.mx,VERIFIED,85,+524724093733,2026-09-06T14:31:01.378457+00:00
"Food, Beverage & Agribusiness",ALIMENTOS Y BEBIDAS ESPECIALIZADA S.A.S.,alimentosybebidase.mx,Javier Alarcón,Chief Executive Officer (CEO),C_SUITE,EXECUTIVE,jalarcón@alimentosybebidase.mx,VERIFIED,85,+524939113680,2026-09-06T14:31:01.378457+00:00
"Food, Beverage & Agribusiness",ALIMENTOS Y BEBIDAS ESPECIALIZADA S.A.S.,alimentosybebidase.mx,Sofia Benítez,Chief Executive Officer (CEO),C_SUITE,EXECUTIVE,sbenítez@alimentosybebidase.mx,VERIFIED,85,+528548704685,2026-09-06T14:31:01.378457+00:00
"Food, Beverage & Agribusiness",ALIMENTOS Y BEBIDAS DEL NORTE S. DE R.L. DE C.V.,alimentosybebidasd.com.mx,David Navarro,Chief Revenue Officer (CRO),C_SUITE,SALES_MARKETING,dnavarro@alimentosybebidasd.com.mx,VERIFIED,85,+527329776706,2026-09-06T14:31:01.378457+00:00
"Food, Beverage & Agribusiness",ALIMENTOS Y BEBIDAS DEL NORTE S. DE R.L. DE C.V.,alimentosybebidasd.com.mx,Hector Mendoza,Chief Financial Officer (CFO),C_SUITE,FINANCE,hmendoza@alimentosybebidasd.com.mx,VERIFIED,85,+529032883111,2026-09-06T14:31:01.378457+00:00
"Food, Beverage & Agribusiness",ALIMENTOS Y BEBIDAS DEL NORTE S. DE R.L. DE C.V.,alimentosybebidasd.com.mx,Andrea Mendoza,Chief Executive Officer (CEO),C_SUITE,EXECUTIVE,amendoza@alimentosybebidasd.com.mx,VERIFIED,85,+526063581460,2026-09-06T14:31:01.378457+00:00
"Food, Beverage & Agribusiness",ALIMENTOS Y BEBIDAS DEL NORTE S. DE R.L. DE C.V.,alimentosybebidasd.com.mx,Andrea Navarro,Chief Operating Officer (COO),C_SUITE,OPERATIONS,anavarro@alimentosybebidasd.com.mx,VERIFIED,85,+527229120402,2026-09-06T14:31:01.378457+00:00
"Food, Beverage & Agribusiness",ALIMENTOS Y BEBIDAS DEL NORTE S. DE R.L. DE C.V.,alimentosybebidasd.com.mx,Eduardo Garza,Chief Executive Officer (CEO),C_SUITE,EXECUTIVE,egarza@alimentosybebidasd.com.mx,VERIFIED,85,+528893495629,2026-09-06T14:31:01.378457+00:00
"Food, Beverage & Agribusiness",ALIMENTOS Y BEBIDAS DEL NORTE S. DE R.L. DE C.V.,alimentosybebidasd.com.mx,Hector Alarcón,Founder,FOUNDER,EXECUTIVE,halarcón@alimentosybebidasd.com.mx,VERIFIED,85,+529460977579,2026-09-06T14:31:01.378457+00:00
"Food, Beverage & Agribusiness",ALIMENTOS Y BEBIDAS DEL NORTE S. DE R.L. DE C.V.,alimentosybebidasd.com.mx,Gabriel Valenzuela,Chief Human Resources Officer (CHRO),C_SUITE,HR_PEOPLE,gvalenzuela@alimentosybebidasd.com.mx,VERIFIED,85,+529728952377,2026-09-06T14:31:01.378457+00:00
"Food, Beverage & Agribusiness",ALIMENTOS Y BEBIDAS DEL NORTE S. DE R.L. DE C.V.,alimentosybebidasd.com.mx,Alejandro Martínez,Chief Human Resources Officer (CHRO),C_SUITE,HR_PEOPLE,amartínez@alimentosybebidasd.com.mx,VERIFIED,85,+528272483200,2026-09-06T14:31:01.378457+00:00
"Food, Beverage & Agribusiness",ALIMENTOS Y BEBIDAS DEL NORTE S. DE R.L. DE C.V.,alimentosybebidasd.com.mx,Guillermo Castro,Chief Executive Officer (CEO),C_SUITE,EXECUTIVE,gcastro@alimentosybebidasd.com.mx,VERIFIED,85,+528238444297,2026-09-06T14:31:01.378457+00:00
"Food, Beverage & Agribusiness",ALIMENTOS Y BEBIDAS DEL NORTE S. DE R.L. DE C.V.,alimentosybebidasd.com.mx,Miguel Ruiz,Chief Operating Officer (COO),C_SUITE,OPERATIONS,mruiz@alimentosybebidasd.com.mx,VERIFIED,85,+525996222346,2026-09-06T14:31:01.378457+00:00
"Food, Beverage & Agribusiness",ALIMENTOS Y BEBIDAS DEL NORTE S. DE R.L. DE C.V.,alimentosybebidasd.com.mx,Claudia Valenzuela,Founder,FOUNDER,EXECUTIVE,cvalenzuela@alimentosybebidasd.com.mx,VERIFIED,85,+526210763817,2026-09-06T14:31:01.378457+00:00
"Food, Beverage & Agribusiness",ALIMENTOS Y BEBIDAS DEL NORTE S. DE R.L. DE C.V.,alimentosybebidasd.com.mx,Guillermo Ruiz,Chief Operating Officer (COO),C_SUITE,OPERATIONS,gruiz@alimentosybebidasd.com.mx,VERIFIED,85,+528555945498,2026-09-06T14:31:01.378457+00:00
"Food, Beverage & Agribusiness",ALIMENTOS Y BEBIDAS DEL NORTE S. DE R.L. DE C.V.,alimentosybebidasd.com.mx,Claudia Dominguez,Chief Technology Officer (CTO),C_SUITE,ENGINEERING_IT,cdominguez@alimentosybebidasd.com.mx,VERIFIED,85,+526023483162,2026-09-06T14:31:01.378457+00:00
"Food, Beverage & Agribusiness",ALIMENTOS Y BEBIDAS DE OCCIDENTE S.A.P.I. DE C.V.,alimentosybebidasd.mx,Jorge Valenzuela,Chief Revenue Officer (CRO),C_SUITE,SALES_MARKETING,jvalenzuela@alimentosybebidasd.mx,VERIFIED,85,+524981220110,2026-09-06T14:31:01.378457+00:00
"Food, Beverage & Agribusiness",ALIMENTOS Y BEBIDAS DE OCCIDENTE S.A.P.I. DE C.V.,alimentosybebidasd.mx,Andrea Ruiz,Chief Technology Officer (CTO),C_SUITE,ENGINEERING_IT,aruiz@alimentosybebidasd.mx,VERIFIED,85,+528428294122,2026-09-06T14:31:01.378457+00:00
"Food, Beverage & Agribusiness",ALIMENTOS Y BEBIDAS DE OCCIDENTE S.A.P.I. DE C.V.,alimentosybebidasd.mx,Miguel Garza,Chief Financial Officer (CFO),C_SUITE,FINANCE,mgarza@alimentosybebidasd.mx,VERIFIED,85,+525432875009,2026-09-06T14:31:01.378457+00:00
"Food, Beverage & Agribusiness",ALIMENTOS Y BEBIDAS DE OCCIDENTE S.A.P.I. DE C.V.,alimentosybebidasd.mx,David López,Chief Operating Officer (COO),C_SUITE,OPERATIONS,dlópez@alimentosybebidasd.mx,VERIFIED,85,+526732282484,2026-09-06T14:31:01.378457+00:00
"Food, Beverage & Agribusiness",ALIMENTOS Y BEBIDAS DE OCCIDENTE S.A.P.I. DE C.V.,alimentosybebidasd.mx,Hector Valenzuela,Chief Executive Officer (CEO),C_SUITE,EXECUTIVE,hvalenzuela@alimentosybebidasd.com,VERIFIED,85,+527095265938,2026-09-06T14:31:01.378457+00:00
"Food, Beverage & Agribusiness",ALIMENTOS Y BEBIDAS DE OCCIDENTE S.A.P.I. DE C.V.,alimentosybebidasd.mx,Rodrigo Treviño,Chief Operating Officer (COO),C_SUITE,OPERATIONS,rtreviño@alimentosybebidasd.mx,VERIFIED,85,+527171408390,2026-09-06T14:31:01.378457+00:00
"Food, Beverage & Agribusiness",ALIMENTOS Y BEBIDAS DE OCCIDENTE S.A.P.I. DE C.V.,alimentosybebidasd.mx,Andrea González,Chief Operating Officer (COO),C_SUITE,OPERATIONS,agonzález@alimentosybebidasd.mx,VERIFIED,85,+526795305377,2026-09-06T14:31:01.378457+00:00
"Food, Beverage & Agribusiness",ALIMENTOS Y BEBIDAS DE OCCIDENTE S.A.P.I. DE C.V.,alimentosybebidasd.mx,Adriana Treviño,Chief Executive Officer (CEO),C_SUITE,EXECUTIVE,atreviño@alimentosybebidasd.mx,VERIFIED,85,+526571781271,2026-09-06T14:31:01.378457+00:00
"Food, Beverage & Agribusiness",ALIMENTOS Y BEBIDAS DE OCCIDENTE S.A.P.I. DE C.V.,alimentosybebidasd.mx,Adriana Navarro,Chief Financial Officer (CFO),C_SUITE,FINANCE,anavarro@alimentosybebidasd.mx,VERIFIED,85,+526622533742,2026-09-06T14:31:01.378457+00:00
"Food, Beverage & Agribusiness",ALIMENTOS Y BEBIDAS DE OCCIDENTE S.A.P.I. DE C.V.,alimentosybebidasd.mx,Carlos Benítez,Chief Technology Officer (CTO),C_SUITE,ENGINEERING_IT,cbenítez@alimentosybebidasd.mx,VERIFIED,85,+525060191301,2026-09-06T14:31:01.378457+00:00
"Food, Beverage & Agribusiness",ALIMENTOS Y BEBIDAS DE OCCIDENTE S.A.P.I. DE C.V.,alimentosybebidasd.mx,Gabriel Treviño,Chief Financial Officer (CFO),C_SUITE,FINANCE,gtreviño@alimentosybebidasd.mx,VERIFIED,85,+528975404254,2026-09-06T14:31:01.378457+00:00
"Food, Beverage & Agribusiness",ALIMENTOS Y BEBIDAS DE OCCIDENTE S.A.P.I. DE C.V.,alimentosybebidasd.mx,Alejandro Mendoza,Chief Executive Officer (CEO),C_SUITE,EXECUTIVE,amendoza@alimentosybebidasd.mx,VERIFIED,85,+525737220979,2026-09-06T14:31:01.378457+00:00
"Food, Beverage & Agribusiness",ALIMENTOS Y BEBIDAS DE OCCIDENTE S.A.P.I. DE C.V.,alimentosybebidasd.mx,Mariana Benítez,Chief Executive Officer (CEO),C_SUITE,EXECUTIVE,mbenítez@alimentosybebidasd.mx,VERIFIED,85,+525162482554,2026-09-06T14:31:01.378457+00:00
"Food, Beverage & Agribusiness",ALIMENTOS Y BEBIDAS DEL CENTRO S.A. DE C.V.,alimentosybebidasd.com,Patricia Navarro,Founder,FOUNDER,EXECUTIVE,pnavarro@alimentosybebidasd.com,VERIFIED,85,+525217893294,2026-09-06T14:31:01.378457+00:00
"Food, Beverage & Agribusiness",ALIMENTOS Y BEBIDAS DEL CENTRO S.A. DE C.V.,alimentosybebidasd.com,Fernando Alarcón,Chief Revenue Officer (CRO),C_SUITE,SALES_MARKETING,falarcón@alimentosybebidasd.com,VERIFIED,85,+525490009338,2026-09-06T14:31:01.378457+00:00
"Food, Beverage & Agribusiness",ALIMENTOS Y BEBIDAS DEL CENTRO S.A. DE C.V.,alimentosybebidasd.com,Miguel Salinas,Founder,FOUNDER,EXECUTIVE,msalinas@alimentosybebidasd.com,VERIFIED,85,+528174669717,2026-09-06T14:31:01.378457+00:00
"Food, Beverage & Agribusiness",ALIMENTOS Y BEBIDAS DEL CENTRO S.A. DE C.V.,alimentosybebidasd.com,Mariana Valenzuela,Chief Technology Officer (CTO),C_SUITE,ENGINEERING_IT,mvalenzuela@alimentosybebidasd.com,VERIFIED,85,+529880983561,2026-09-06T14:31:01.378457+00:00
"Food, Beverage & Agribusiness",ALIMENTOS Y BEBIDAS DEL CENTRO S.A. DE C.V.,alimentosybebidasd.com,Hector Castro,Chief Revenue Officer (CRO),C_SUITE,SALES_MARKETING,hcastro@alimentosybebidasd.com,VERIFIED,85,+527216738666,2026-09-06T14:31:01.378457+00:00
"Food, Beverage & Agribusiness",ALIMENTOS Y BEBIDAS DEL CENTRO S.A. DE C.V.,alimentosybebidasd.com,Luis Alarcón,Chief Operating Officer (COO),C_SUITE,OPERATIONS,lalarcón@alimentosybebidasd.com,VERIFIED,85,+526463285278,2026-09-06T14:31:01.378457+00:00
"Food, Beverage & Agribusiness",ALIMENTOS Y BEBIDAS DEL CENTRO S.A. DE C.V.,alimentosybebidasd.com,Roberto Vega,Chief Financial Officer (CFO),C_SUITE,FINANCE,rvega@alimentosybebidasd.com,VERIFIED,85,+527720263500,2026-09-06T14:31:01.378457+00:00
"Food, Beverage & Agribusiness",ALIMENTOS Y BEBIDAS DEL CENTRO S.A. DE C.V.,alimentosybebidasd.com,Carlos Villaseñor,Founder,FOUNDER,EXECUTIVE,cvillaseñor@alimentosybebidasd.com,VERIFIED,85,+526476754420,2026-09-06T14:31:01.378457+00:00
"Food, Beverage & Agribusiness",ALIMENTOS Y BEBIDAS DEL CENTRO S.A. DE C.V.,alimentosybebidasd.com,Gabriel Martínez,Chief Human Resources Officer (CHRO),C_SUITE,HR_PEOPLE,gmartínez@alimentosybebidasd.com,VERIFIED,85,+525727821750,2026-09-06T14:31:01.378457+00:00
"Food, Beverage & Agribusiness",ALIMENTOS Y BEBIDAS DEL CENTRO S.A. DE C.V.,alimentosybebidasd.com,Rodrigo Alarcón,Chief Operating Officer (COO),C_SUITE,OPERATIONS,ralarcón@alimentosybebidasd.com,VERIFIED,85,+525996385544,2026-09-06T14:31:01.378457+00:00
"Food, Beverage & Agribusiness",ALIMENTOS Y BEBIDAS DEL CENTRO S.A. DE C.V.,alimentosybebidasd.com,Hector López,Chief Human Resources Officer (CHRO),C_SUITE,HR_PEOPLE,hlópez@alimentosybebidasd.com,VERIFIED,85,+527247714718,2026-09-06T14:31:01.378457+00:00
"Food, Beverage & Agribusiness",ALIMENTOS Y BEBIDAS DEL CENTRO S.A. DE C.V.,alimentosybebidasd.com,Rodrigo Mendoza,Chief Human Resources Officer (CHRO),C_SUITE,HR_PEOPLE,rmendoza@alimentosybebidasd.com,VERIFIED,85,+525681120554,2026-09-06T14:31:01.378457+00:00
"Food, Beverage & Agribusiness",ALIMENTOS Y BEBIDAS DEL CENTRO S.A. DE C.V.,alimentosybebidasd.com,Patricia Benítez,Chief Revenue Officer (CRO),C_SUITE,SALES_MARKETING,pbenítez@alimentosybebidasd.com,VERIFIED,85,+529648304954,2026-09-06T14:31:01.378457+00:00
"Food, Beverage & Agribusiness",ALIMENTOS Y BEBIDAS DEL CENTRO S.A. DE C.V.,alimentosybebidasd.com,Alejandro López,Chief Technology Officer (CTO),C_SUITE,ENGINEERING_IT,alópez@alimentosybebidasd.com,VERIFIED,85,+527230652212,2026-09-06T14:31:01.378457+00:00
"Food, Beverage & Agribusiness",ALIMENTOS Y BEBIDAS DEL CENTRO S.A. DE C.V.,alimentosybebidasd.com,Adriana Valenzuela,Chief Executive Officer (CEO),C_SUITE,EXECUTIVE,avalenzuela@alimentosybebidasd.com,VERIFIED,85,+528270391553,2026-09-06T14:31:01.378457+00:00
"Food, Beverage & Agribusiness",ALIMENTOS Y BEBIDAS LATINOAMERICANA S.A.S.,alimentosybebidasl.mx,Hector Martínez,Chief Revenue Officer (CRO),C_SUITE,SALES_MARKETING,hmartínez@alimentosybebidasl.mx,VERIFIED,85,+529399230315,2026-09-06T14:31:01.378457+00:00
"Food, Beverage & Agribusiness",ALIMENTOS Y BEBIDAS INDUSTRIAL S.A. DE C.V.,alimentosybebidasi.com,Claudia Vega,Chief Executive Officer (CEO),C_SUITE,EXECUTIVE,cvega@alimentosybebidasi.com,VERIFIED,85,+529131643869,2026-09-06T14:31:01.378457+00:00
"Food, Beverage & Agribusiness",ALIMENTOS Y BEBIDAS INDUSTRIAL S.A. DE C.V.,alimentosybebidasi.com,Guillermo Ruiz,Chief Executive Officer (CEO),C_SUITE,EXECUTIVE,gruiz@alimentosybebidasi.com,VERIFIED,85,+526093689768,2026-09-06T14:31:01.378457+00:00
"Food, Beverage & Agribusiness",ALIMENTOS Y BEBIDAS INDUSTRIAL S.A. DE C.V.,alimentosybebidasi.com,Roberto Valenzuela,Chief Human Resources Officer (CHRO),C_SUITE,HR_PEOPLE,rvalenzuela@alimentosybebidasi.com,VERIFIED,85,+526982463488,2026-09-06T14:31:01.378457+00:00
"Food, Beverage & Agribusiness",ALIMENTOS Y BEBIDAS CENTRAL S.C.,alimentosybebidasc.com.mx,Alejandro Vega,Chief Executive Officer (CEO),C_SUITE,EXECUTIVE,avega@alimentosybebidasc.com.mx,VERIFIED,85,+529835520752,2026-09-06T14:31:01.378457+00:00
"Food, Beverage & Agribusiness",ALIMENTOS Y BEBIDAS CENTRAL S.C.,alimentosybebidasc.com.mx,Adriana Salinas,Chief Revenue Officer (CRO),C_SUITE,SALES_MARKETING,asalinas@alimentosybebidasc.com.mx,VERIFIED,85,+524017885437,2026-09-06T14:31:01.378457+00:00
"Food, Beverage & Agribusiness",ALIMENTOS Y BEBIDAS CENTRAL S.C.,alimentosybebidasc.com.mx,Alejandro Salinas,Chief Revenue Officer (CRO),C_SUITE,SALES_MARKETING,asalinas@alimentosybebidasc.com.mx,VERIFIED,85,+524762971445,2026-09-06T14:31:01.378457+00:00
"Food, Beverage & Agribusiness",ALIMENTOS Y BEBIDAS CENTRAL S.C.,alimentosybebidasc.com.mx,Luis Benítez,Chief Revenue Officer (CRO),C_SUITE,SALES_MARKETING,lbenítez@alimentosybebidasc.com.mx,VERIFIED,85,+524730057752,2026-09-06T14:31:01.378457+00:00
"Food, Beverage & Agribusiness",ALIMENTOS Y BEBIDAS INDUSTRIAL 30 S.A.B. DE C.V.,alimentosybebidasi.com.mx,Eduardo Hernández,Chief Revenue Officer (CRO),C_SUITE,SALES_MARKETING,ehernández@alimentosybebidasi.com.mx,VERIFIED,85,+525571886254,2026-09-06T14:31:01.378457+00:00
"Food, Beverage & Agribusiness",ALIMENTOS Y BEBIDAS INDUSTRIAL 30 S.A.B. DE C.V.,alimentosybebidasi.com.mx,Gabriel Mendoza,Chief Technology Officer (CTO),C_SUITE,ENGINEERING_IT,gmendoza@alimentosybebidasi.com.mx,VERIFIED,85,+528093934672,2026-09-06T14:31:01.378457+00:00
"Food, Beverage & Agribusiness",ALIMENTOS Y BEBIDAS INDUSTRIAL 30 S.A.B. DE C.V.,alimentosybebidasi.com.mx,Sofia Hernández,Founder,FOUNDER,EXECUTIVE,shernández@alimentosybebidasi.com.mx,VERIFIED,85,+525527676888,2026-09-06T14:31:01.378457+00:00
"Food, Beverage & Agribusiness",ALIMENTOS Y BEBIDAS INDUSTRIAL 30 S.A.B. DE C.V.,alimentosybebidasi.com.mx,Sofia López,Founder,FOUNDER,EXECUTIVE,slópez@alimentosybebidasi.com.mx,VERIFIED,85,+525957310454,2026-09-06T14:31:01.378457+00:00
"Food, Beverage & Agribusiness",ALIMENTOS Y BEBIDAS AVANZADA S.A. DE C.V.,alimentosybebidasa.mx,Sofia Benítez,Chief Executive Officer (CEO),C_SUITE,EXECUTIVE,sbenítez@alimentosybebidasa.mx,VERIFIED,85,+524333609634,2026-09-06T14:31:01.378457+00:00
"Food, Beverage & Agribusiness",ALIMENTOS Y BEBIDAS AVANZADA S.A. DE C.V.,alimentosybebidasa.mx,Javier Mendoza,Chief Revenue Officer (CRO),C_SUITE,SALES_MARKETING,jmendoza@alimentosybebidasa.mx,VERIFIED,85,+527248151465,2026-09-06T14:31:01.378457+00:00
"Food, Beverage & Agribusiness",ALIMENTOS Y BEBIDAS AVANZADA S.A.S.,alimentosybebidasa.com.mx,Guillermo Mendoza,Chief Revenue Officer (CRO),C_SUITE,SALES_MARKETING,gmendoza@alimentosybebidasa.com.mx,VERIFIED,85,+525628041172,2026-09-06T14:31:01.378457+00:00
"Food, Beverage & Agribusiness",ALIMENTOS Y BEBIDAS AVANZADA S.A.S.,alimentosybebidasa.com.mx,Guillermo Dominguez,Founder,FOUNDER,EXECUTIVE,gdominguez@alimentosybebidasa.com.mx,VERIFIED,85,+525430383767,2026-09-06T14:31:01.378457+00:00
"Food, Beverage & Agribusiness",ALIMENTOS Y BEBIDAS AVANZADA 45 S. DE R.L. DE C.V.,alimentosybebidasa.com,Andrea Castro,Chief Revenue Officer (CRO),C_SUITE,SALES_MARKETING,acastro@alimentosybebidasa.com,VERIFIED,85,+525696601848,2026-09-06T14:31:01.378457+00:00
"Food, Beverage & Agribusiness",ALIMENTOS Y BEBIDAS MODERNA S.A.P.I. DE C.V.,alimentosybebidasm.com,Adriana Valenzuela,Chief Human Resources Officer (CHRO),C_SUITE,HR_PEOPLE,avalenzuela@alimentosybebidasm.com,VERIFIED,85,+525946145675,2026-09-06T14:31:01.378457+00:00
"Food, Beverage & Agribusiness",ALIMENTOS Y BEBIDAS MODERNA S.A.P.I. DE C.V.,alimentosybebidasm.com,Daniel Navarro,Founder,FOUNDER,EXECUTIVE,dnavarro@alimentosybebidasm.com.mx,VERIFIED,85,+528023862374,2026-09-06T14:31:01.378457+00:00
"Food, Beverage & Agribusiness",ALIMENTOS Y BEBIDAS GLOBAL S.A.B. DE C.V.,alimentosybebidasg.com,Alejandro Garza,Chief Executive Officer (CEO),C_SUITE,EXECUTIVE,agarza@alimentosybebidasg.com,VERIFIED,85,+529088656947,2026-09-06T14:31:01.378457+00:00
"Food, Beverage & Agribusiness",ALIMENTOS Y BEBIDAS NACIONAL S.C.,alimentosybebidasn.com.mx,Guillermo Castro,Chief Executive Officer (CEO),C_SUITE,EXECUTIVE,gcastro@alimentosybebidasn.com.mx,VERIFIED,85,+528299334267,2026-09-06T14:31:01.378457+00:00
"Food, Beverage & Agribusiness",ALIMENTOS Y BEBIDAS EMPRESARIAL 6 S.C.,alimentosybebidase.com,Roberto Morales,Chief Executive Officer (CEO),C_SUITE,EXECUTIVE,rmorales@alimentosybebidase.com,VERIFIED,85,+528555913185,2026-09-06T14:31:01.378457+00:00
"Food, Beverage & Agribusiness",ALIMENTOS Y BEBIDAS EMPRESARIAL 6 S.C.,alimentosybebidase.com,Guillermo Alarcón,Chief Human Resources Officer (CHRO),C_SUITE,HR_PEOPLE,galarcón@alimentosybebidase.com,VERIFIED,85,+524928972768,2026-09-06T14:31:01.378457+00:00
"Food, Beverage & Agribusiness",ALIMENTOS Y BEBIDAS EMPRESARIAL 6 S.C.,alimentosybebidase.com,Adriana García,Chief Human Resources Officer (CHRO),C_SUITE,HR_PEOPLE,agarcía@alimentosybebidase.com,VERIFIED,85,+525651617488,2026-09-06T14:31:01.378457+00:00
"Food, Beverage & Agribusiness",ALIMENTOS Y BEBIDAS NACIONAL S.C.,alimentosybebidasn.com,Jorge Morales,Chief Executive Officer (CEO),C_SUITE,EXECUTIVE,jmorales@alimentosybebidasn.com,VERIFIED,85,+525855022434,2026-09-06T14:31:01.378457+00:00
"Food, Beverage & Agribusiness",ALIMENTOS Y BEBIDAS NACIONAL S.C.,alimentosybebidasn.com,Carlos Martínez,Chief Executive Officer (CEO),C_SUITE,EXECUTIVE,cmartínez@alimentosybebidasn.com,VERIFIED,85,+526022024950,2026-09-06T14:31:01.378457+00:00
"Food, Beverage & Agribusiness",ALIMENTOS Y BEBIDAS INTERNACIONAL S.C.,alimentosybebidasi.mx,Hector Vega,Chief Technology Officer (CTO),C_SUITE,ENGINEERING_IT,hvega@alimentosybebidasi.mx,VERIFIED,85,+525089354179,2026-09-06T14:31:01.378457+00:00
"Food, Beverage & Agribusiness",ALIMENTOS Y BEBIDAS INTERNACIONAL S.C.,alimentosybebidasi.mx,Eduardo López,Chief Operating Officer (COO),C_SUITE,OPERATIONS,elópez@alimentosybebidasi.mx,VERIFIED,85,+525331979372,2026-09-06T14:31:01.378457+00:00
"Food, Beverage & Agribusiness",ALIMENTOS Y BEBIDAS MEXICANA S. DE R.L. DE C.V.,alimentosybebidasm.mx,Luis Dominguez,Chief Financial Officer (CFO),C_SUITE,FINANCE,ldominguez@alimentosybebidasm.mx,VERIFIED,85,+525241199044,2026-09-06T14:31:01.378457+00:00
"Food, Beverage & Agribusiness",ALIMENTOS Y BEBIDAS MEXICANA S. DE R.L. DE C.V.,alimentosybebidasm.mx,Javier Martínez,Chief Human Resources Officer (CHRO),C_SUITE,HR_PEOPLE,jmartínez@alimentosybebidasm.mx,VERIFIED,85,+528895876068,2026-09-06T14:31:01.378457+00:00
"Food, Beverage & Agribusiness",ALIMENTOS Y BEBIDAS MEXICANA S. DE R.L. DE C.V.,alimentosybebidasm.mx,Javier Alarcón,Chief Human Resources Officer (CHRO),C_SUITE,HR_PEOPLE,jalarcón@alimentosybebidasm.com.mx,VERIFIED,85,+528550182397,2026-09-06T14:31:01.378457+00:00
"Food, Beverage & Agribusiness",ALIMENTOS Y BEBIDAS MEXICANA S. DE R.L. DE C.V.,alimentosybebidasm.mx,David López,Chief Revenue Officer (CRO),C_SUITE,SALES_MARKETING,dlópez@alimentosybebidasm.mx,VERIFIED,85,+525720617449,2026-09-06T14:31:01.378457+00:00
"Food, Beverage & Agribusiness",ALIMENTOS Y BEBIDAS LATINOAMERICANA S.A.B. DE C.V.,alimentosybebidasl.com.mx,Miguel Ruiz,Chief Executive Officer (CEO),C_SUITE,EXECUTIVE,mruiz@alimentosybebidasl.com.mx,VERIFIED,85,+526482562679,2026-09-06T14:31:01.378457+00:00
"Food, Beverage & Agribusiness",ALIMENTOS Y BEBIDAS LATINOAMERICANA S.A.B. DE C.V.,alimentosybebidasl.com.mx,Rodrigo Vega,Chief Technology Officer (CTO),C_SUITE,ENGINEERING_IT,rvega@alimentosybebidasl.com.mx,VERIFIED,85,+525043265533,2026-09-06T14:31:01.378457+00:00
"Food, Beverage & Agribusiness",ALIMENTOS Y BEBIDAS DE LAS AMERICAS S.A.B. DE C.V.,alimentosybebidasd.com,Patricia Villaseñor,Chief Executive Officer (CEO),C_SUITE,EXECUTIVE,pvillaseñor@alimentosybebidasd.com,VERIFIED,85,+524720436788,2026-09-06T14:31:01.389754+00:00
"Food, Beverage & Agribusiness",ALIMENTOS Y BEBIDAS DE LAS AMERICAS S.A.B. DE C.V.,alimentosybebidasd.com,Luis García,Chief Executive Officer (CEO),C_SUITE,EXECUTIVE,lgarcía@alimentosybebidasd.com,VERIFIED,85,+524533332692,2026-09-06T14:31:01.389754+00:00
"Food, Beverage & Agribusiness",ALIMENTOS Y BEBIDAS DE LAS AMERICAS S.A.B. DE C.V.,alimentosybebidasd.com,Daniel Villaseñor,Chief Operating Officer (COO),C_SUITE,OPERATIONS,dvillaseñor@alimentosybebidasd.com,VERIFIED,85,+528655992588,2026-09-06T14:31:01.389754+00:00
"Food, Beverage & Agribusiness",ALIMENTOS Y BEBIDAS DE LAS AMERICAS S.A.B. DE C.V.,alimentosybebidasd.com,Andrea González,Founder,FOUNDER,EXECUTIVE,agonzález@alimentosybebidasd.com,VERIFIED,85,+524990784648,2026-09-06T14:31:01.389754+00:00
"Food, Beverage & Agribusiness",ALIMENTOS Y BEBIDAS INTERNACIONAL S. DE R.L. DE C.V.,alimentosybebidasi.mx,Gabriel Treviño,Chief Human Resources Officer (CHRO),C_SUITE,HR_PEOPLE,gtreviño@alimentosybebidasi.mx,VERIFIED,85,+529679733348,2026-09-06T14:31:01.389754+00:00
"Food, Beverage & Agribusiness",ALIMENTOS Y BEBIDAS INTERNACIONAL S. DE R.L. DE C.V.,alimentosybebidasi.mx,Rodrigo Hernández,Chief Executive Officer (CEO),C_SUITE,EXECUTIVE,rhernández@alimentosybebidasi.mx,VERIFIED,85,+524145799896,2026-09-06T14:31:01.389754+00:00
"Food, Beverage & Agribusiness",ALIMENTOS Y BEBIDAS INTERNACIONAL S. DE R.L. DE C.V.,alimentosybebidasi.mx,Andrea Garza,Chief Financial Officer (CFO),C_SUITE,FINANCE,agarza@alimentosybebidasi.mx,VERIFIED,85,+525365781356,2026-09-06T14:31:01.389754+00:00
"Food, Beverage & Agribusiness",ALIMENTOS Y BEBIDAS INTERNACIONAL S. DE R.L. DE C.V.,alimentosybebidasi.mx,David Treviño,Chief Executive Officer (CEO),C_SUITE,EXECUTIVE,dtreviño@alimentosybebidasi.mx,VERIFIED,85,+527360430369,2026-09-06T14:31:01.389754+00:00
"Food, Beverage & Agribusiness",ALIMENTOS Y BEBIDAS INTERNACIONAL S. DE R.L. DE C.V.,alimentosybebidasi.mx,Claudia Dominguez,Founder,FOUNDER,EXECUTIVE,cdominguez@alimentosybebidasi.mx,VERIFIED,85,+528633381782,2026-09-06T14:31:01.389754+00:00
"Food, Beverage & Agribusiness",ALIMENTOS Y BEBIDAS INTERNACIONAL S. DE R.L. DE C.V.,alimentosybebidasi.mx,Eduardo Villaseñor,Chief Revenue Officer (CRO),C_SUITE,SALES_MARKETING,evillaseñor@alimentosybebidasi.mx,VERIFIED,85,+527752468800,2026-09-06T14:31:01.389754+00:00
"Food, Beverage & Agribusiness",ALIMENTOS Y BEBIDAS INTERNACIONAL S. DE R.L. DE C.V.,alimentosybebidasi.mx,Daniel Martínez,Chief Financial Officer (CFO),C_SUITE,FINANCE,dmartínez@alimentosybebidasi.mx,VERIFIED,85,+527589737839,2026-09-06T14:31:01.389754+00:00
"Food, Beverage & Agribusiness",ALIMENTOS Y BEBIDAS DEL CENTRO S.C.,alimentosybebidasd.com.mx,Jorge Benítez,Chief Revenue Officer (CRO),C_SUITE,SALES_MARKETING,jbenítez@alimentosybebidasd.com.mx,VERIFIED,85,+524415019406,2026-09-06T14:31:01.389754+00:00
"Food, Beverage & Agribusiness",ALIMENTOS Y BEBIDAS DEL CENTRO S.C.,alimentosybebidasd.com.mx,Adriana Dominguez,Chief Technology Officer (CTO),C_SUITE,ENGINEERING_IT,adominguez@alimentosybebidasd.com.mx,VERIFIED,85,+529953323027,2026-09-06T14:31:01.389754+00:00
"Food, Beverage & Agribusiness",ALIMENTOS Y BEBIDAS DEL CENTRO S.C.,alimentosybebidasd.com.mx,David López,Chief Executive Officer (CEO),C_SUITE,EXECUTIVE,dlópez@alimentosybebidasd.com.mx,VERIFIED,85,+527748056795,2026-09-06T14:31:01.389754+00:00
"Food, Beverage & Agribusiness",ALIMENTOS Y BEBIDAS DEL CENTRO S.C.,alimentosybebidasd.com.mx,Hector Martínez,Chief Human Resources Officer (CHRO),C_SUITE,HR_PEOPLE,hmartínez@alimentosybebidasd.com.mx,VERIFIED,85,+527724618253,2026-09-06T14:31:01.389754+00:00
"Food, Beverage & Agribusiness",ALIMENTOS Y BEBIDAS DEL CENTRO S.C.,alimentosybebidasd.com.mx,Mariana Morales,Chief Financial Officer (CFO),C_SUITE,FINANCE,mmorales@alimentosybebidasd.com.mx,VERIFIED,85,+528564276425,2026-09-06T14:31:01.389754+00:00
"Food, Beverage & Agribusiness",ALIMENTOS Y BEBIDAS DEL CENTRO S.C.,alimentosybebidasd.com.mx,Javier Villaseñor,Chief Operating Officer (COO),C_SUITE,OPERATIONS,jvillaseñor@alimentosybebidasd.com.mx,VERIFIED,85,+527141115414,2026-09-06T14:31:01.389754+00:00
"Food, Beverage & Agribusiness",ALIMENTOS Y BEBIDAS DEL CENTRO S.C.,alimentosybebidasd.com.mx,Rodrigo García,Chief Human Resources Officer (CHRO),C_SUITE,HR_PEOPLE,rgarcía@alimentosybebidasd.com.mx,VERIFIED,85,+528412558904,2026-09-06T14:31:01.389754+00:00
"Food, Beverage & Agribusiness",ALIMENTOS Y BEBIDAS DEL CENTRO S.C.,alimentosybebidasd.com.mx,Mariana Alarcón,Founder,FOUNDER,EXECUTIVE,malarcón@alimentosybebidasd.com.mx,VERIFIED,85,+525365320603,2026-09-06T14:31:01.389754+00:00
"Food, Beverage & Agribusiness",ALIMENTOS Y BEBIDAS DEL CENTRO S.C.,alimentosybebidasd.com.mx,Rodrigo Navarro,Chief Executive Officer (CEO),C_SUITE,EXECUTIVE,rnavarro@alimentosybebidasd.com.mx,VERIFIED,85,+528799687417,2026-09-06T14:31:01.389754+00:00
"Food, Beverage & Agribusiness",ALIMENTOS Y BEBIDAS LATINOAMERICANA S.A.B. DE C.V.,alimentosybebidasl.mx,Sofia Navarro,Chief Financial Officer (CFO),C_SUITE,FINANCE,snavarro@alimentosybebidasl.mx,VERIFIED,85,+525277826739,2026-09-06T14:31:01.389754+00:00
"Food, Beverage & Agribusiness",ALIMENTOS Y BEBIDAS MEXICANA S. DE R.L. DE C.V.,alimentosybebidasm.com,Mariana López,Chief Executive Officer (CEO),C_SUITE,EXECUTIVE,mlópez@alimentosybebidasm.com,VERIFIED,85,+524231393914,2026-09-06T14:31:01.389754+00:00
"Food, Beverage & Agribusiness",ALIMENTOS Y BEBIDAS MEXICANA S. DE R.L. DE C.V.,alimentosybebidasm.com,Luis Benítez,Chief Human Resources Officer (CHRO),C_SUITE,HR_PEOPLE,lbenítez@alimentosybebidasm.com,VERIFIED,85,+524179241648,2026-09-06T14:31:01.389754+00:00
"Food, Beverage & Agribusiness",ALIMENTOS Y BEBIDAS MEXICANA S. DE R.L. DE C.V.,alimentosybebidasm.com,David Morales,Chief Revenue Officer (CRO),C_SUITE,SALES_MARKETING,dmorales@alimentosybebidasm.com,VERIFIED,85,+529893989443,2026-09-06T14:31:01.389754+00:00
"Food, Beverage & Agribusiness",ALIMENTOS Y BEBIDAS CENTRAL S.C.,alimentosybebidasc.com,Patricia Alarcón,Chief Operating Officer (COO),C_SUITE,OPERATIONS,palarcón@alimentosybebidasc.com,VERIFIED,85,+527031194260,2026-09-06T14:31:01.389754+00:00
"Food, Beverage & Agribusiness",ALIMENTOS Y BEBIDAS CENTRAL 49 S.A.P.I. DE C.V.,alimentosybebidasc.mx,Luis Martínez,Chief Human Resources Officer (CHRO),C_SUITE,HR_PEOPLE,lmartínez@alimentosybebidasc.mx,VERIFIED,85,+528882418008,2026-09-06T14:31:01.389754+00:00
"Food, Beverage & Agribusiness",ALIMENTOS Y BEBIDAS CENTRAL 49 S.A.P.I. DE C.V.,alimentosybebidasc.mx,Eduardo Morales,Chief Revenue Officer (CRO),C_SUITE,SALES_MARKETING,emorales@alimentosybebidasc.mx,VERIFIED,85,+525945557074,2026-09-06T14:31:01.389754+00:00
"Food, Beverage & Agribusiness",ALIMENTOS Y BEBIDAS CENTRAL 49 S.A.P.I. DE C.V.,alimentosybebidasc.mx,Guillermo Dominguez,Chief Executive Officer (CEO),C_SUITE,EXECUTIVE,gdominguez@alimentosybebidasc.mx,VERIFIED,85,+526987262379,2026-09-06T14:31:01.389754+00:00
"Food, Beverage & Agribusiness",ALIMENTOS Y BEBIDAS MODERNA 36 S.A.S.,alimentosybebidasm.mx,Jorge Mendoza,Founder,FOUNDER,EXECUTIVE,jmendoza@alimentosybebidasm.mx,VERIFIED,85,+529218823820,2026-09-06T14:31:01.389754+00:00
"Food, Beverage & Agribusiness",ALIMENTOS Y BEBIDAS MODERNA 36 S.A.S.,alimentosybebidasm.mx,Guillermo Villaseñor,Chief Financial Officer (CFO),C_SUITE,FINANCE,gvillaseñor@alimentosybebidasm.mx,VERIFIED,85,+524197729138,2026-09-06T14:31:01.389754+00:00
"Food, Beverage & Agribusiness",ALIMENTOS Y BEBIDAS MODERNA 36 S.A.S.,alimentosybebidasm.mx,Andrea Dominguez,Chief Human Resources Officer (CHRO),C_SUITE,HR_PEOPLE,adominguez@alimentosybebidasm.mx,VERIFIED,85,+529933089827,2026-09-06T14:31:01.389754+00:00
"Food, Beverage & Agribusiness",ALIMENTOS Y BEBIDAS MODERNA 36 S.A.S.,alimentosybebidasm.mx,Daniel Hernández,Chief Executive Officer (CEO),C_SUITE,EXECUTIVE,dhernández@alimentosybebidasm.mx,VERIFIED,85,+529547991093,2026-09-06T14:31:01.389754+00:00
"Food, Beverage & Agribusiness",ALIMENTOS Y BEBIDAS LATINOAMERICANA 50 S. DE R.L. DE C.V.,alimentosybebidasl.com,Alejandro Mendoza,Chief Revenue Officer (CRO),C_SUITE,SALES_MARKETING,amendoza@alimentosybebidasl.com,VERIFIED,85,+529231009246,2026-09-06T14:31:01.389754+00:00
"Food, Beverage & Agribusiness",ALIMENTOS Y BEBIDAS MEXICANA S.A.B. DE C.V.,alimentosybebidasm.com.mx,Carlos Valenzuela,Chief Executive Officer (CEO),C_SUITE,EXECUTIVE,cvalenzuela@alimentosybebidasm.com.mx,VERIFIED,85,+524487818253,2026-09-06T14:31:01.392032+00:00
"Food, Beverage & Agribusiness",ALIMENTOS Y BEBIDAS NACIONAL S.A.S.,alimentosybebidasn.com,Patricia García,Chief Operating Officer (COO),C_SUITE,OPERATIONS,pgarcía@alimentosybebidasn.com,VERIFIED,85,+526439711963,2026-09-06T14:31:01.392032+00:00
"Food, Beverage & Agribusiness",ALIMENTOS Y BEBIDAS EMPRESARIAL S. DE R.L. DE C.V.,alimentosybebidase.com.mx,Roberto Castro,Chief Revenue Officer (CRO),C_SUITE,SALES_MARKETING,rcastro@alimentosybebidase.com.mx,VERIFIED,85,+527042091425,2026-09-06T14:31:01.392032+00:00
"Food, Beverage & Agribusiness",ALIMENTOS Y BEBIDAS EMPRESARIAL S. DE R.L. DE C.V.,alimentosybebidase.com.mx,Javier Treviño,Chief Revenue Officer (CRO),C_SUITE,SALES_MARKETING,jtreviño@alimentosybebidase.com.mx,VERIFIED,85,+524076414285,2026-09-06T14:31:01.392032+00:00
"Food, Beverage & Agribusiness",ALIMENTOS Y BEBIDAS EMPRESARIAL S. DE R.L. DE C.V.,alimentosybebidase.com.mx,Jorge Garza,Chief Operating Officer (COO),C_SUITE,OPERATIONS,jgarza@alimentosybebidase.com.mx,VERIFIED,85,+527327171910,2026-09-06T14:31:01.392032+00:00
"Food, Beverage & Agribusiness",ALIMENTOS Y BEBIDAS EMPRESARIAL S. DE R.L. DE C.V.,alimentosybebidase.com.mx,Claudia González,Founder,FOUNDER,EXECUTIVE,cgonzález@alimentosybebidase.com.mx,VERIFIED,85,+528051591044,2026-09-06T14:31:01.392032+00:00
"Food, Beverage & Agribusiness",ALIMENTOS Y BEBIDAS DEL BAJIO S.A.S.,alimentosybebidasd.mx,Daniel Castro,Chief Financial Officer (CFO),C_SUITE,FINANCE,dcastro@alimentosybebidasd.mx,VERIFIED,85,+525572529336,2026-09-06T14:31:01.392032+00:00
"Food, Beverage & Agribusiness",ALIMENTOS Y BEBIDAS DEL BAJIO S.A.S.,alimentosybebidasd.mx,David Salinas,Chief Operating Officer (COO),C_SUITE,OPERATIONS,dsalinas@alimentosybebidasd.mx,VERIFIED,85,+526552354831,2026-09-06T14:31:01.392032+00:00
"Food, Beverage & Agribusiness",ALIMENTOS Y BEBIDAS DEL BAJIO S.A.S.,alimentosybebidasd.mx,Fernando López,Chief Revenue Officer (CRO),C_SUITE,SALES_MARKETING,flópez@alimentosybebidasd.mx,VERIFIED,85,+524346833484,2026-09-06T14:31:01.392032+00:00
"Food, Beverage & Agribusiness",ALIMENTOS Y BEBIDAS DEL BAJIO S.A.S.,alimentosybebidasd.mx,Daniel Dominguez,Chief Operating Officer (COO),C_SUITE,OPERATIONS,ddominguez@alimentosybebidasd.mx,VERIFIED,85,+526534660898,2026-09-06T14:31:01.392032+00:00
"Food, Beverage & Agribusiness",ALIMENTOS Y BEBIDAS LATINOAMERICANA S.A.P.I. DE C.V.,alimentosybebidasl.com.mx,Adriana Villaseñor,Chief Executive Officer (CEO),C_SUITE,EXECUTIVE,avillaseñor@alimentosybebidasl.com.mx,VERIFIED,85,+525615475710,2026-09-06T14:31:01.392032+00:00
"Food, Beverage & Agribusiness",ALIMENTOS Y BEBIDAS AVANZADA S.A.S.,alimentosybebidasa.mx,Sofia Villaseñor,Chief Revenue Officer (CRO),C_SUITE,SALES_MARKETING,svillaseñor@alimentosybebidasa.mx,VERIFIED,85,+527137355270,2026-09-06T14:31:01.392032+00:00
"Food, Beverage & Agribusiness",ALIMENTOS Y BEBIDAS GLOBAL S.A.P.I. DE C.V.,alimentosybebidasg.com,Carlos Dominguez,Chief Human Resources Officer (CHRO),C_SUITE,HR_PEOPLE,cdominguez@alimentosybebidasg.com,VERIFIED,85,+524129549805,2026-09-06T14:31:01.392032+00:00
"Food, Beverage & Agribusiness",ALIMENTOS Y BEBIDAS EMPRESARIAL S.C.,alimentosybebidase.com,Rodrigo Castro,Chief Human Resources Officer (CHRO),C_SUITE,HR_PEOPLE,rcastro@alimentosybebidase.com,VERIFIED,85,+529857080762,2026-09-06T14:31:01.392032+00:00
"Food, Beverage & Agribusiness",ALIMENTOS Y BEBIDAS GLOBAL S.A.S.,alimentosybebidasg.com.mx,Mariana Dominguez,Chief Human Resources Officer (CHRO),C_SUITE,HR_PEOPLE,mdominguez@alimentosybebidasg.com.mx,VERIFIED,85,+528693918606,2026-09-06T14:31:01.392032+00:00
"Food, Beverage & Agribusiness",ALIMENTOS Y BEBIDAS DE LAS AMERICAS S. DE R.L. DE C.V.,alimentosybebidasd.com,Carlos Alarcón,Chief Revenue Officer (CRO),C_SUITE,SALES_MARKETING,calarcón@alimentosybebidasd.com,VERIFIED,85,+529110350422,2026-09-06T14:31:01.392032+00:00
"Food, Beverage & Agribusiness",ALIMENTOS Y BEBIDAS DE LAS AMERICAS S. DE R.L. DE C.V.,alimentosybebidasd.com,Claudia Hernández,Chief Financial Officer (CFO),C_SUITE,FINANCE,chernández@alimentosybebidasd.com,VERIFIED,85,+529422893840,2026-09-06T14:31:01.392032+00:00
"Food, Beverage & Agribusiness",ALIMENTOS Y BEBIDAS DE LAS AMERICAS S. DE R.L. DE C.V.,alimentosybebidasd.com,Andrea Hernández,Chief Executive Officer (CEO),C_SUITE,EXECUTIVE,ahernández@alimentosybebidasd.com,VERIFIED,85,+526061781123,2026-09-06T14:31:01.392032+00:00
"Food, Beverage & Agribusiness",ALIMENTOS Y BEBIDAS DE LAS AMERICAS S. DE R.L. DE C.V.,alimentosybebidasd.com,Patricia Castro,Chief Human Resources Officer (CHRO),C_SUITE,HR_PEOPLE,pcastro@alimentosybebidasd.com,VERIFIED,85,+525514898080,2026-09-06T14:31:01.392032+00:00
"Food, Beverage & Agribusiness",ALIMENTOS Y BEBIDAS DE LAS AMERICAS S. DE R.L. DE C.V.,alimentosybebidasd.com,Carlos Hernández,Chief Operating Officer (COO),C_SUITE,OPERATIONS,chernández@alimentosybebidasd.com,VERIFIED,85,+524481504055,2026-09-06T14:31:01.392032+00:00
"Food, Beverage & Agribusiness",ALIMENTOS Y BEBIDAS LATINOAMERICANA S.C.,alimentosybebidasl.mx,Gabriel Castro,Chief Technology Officer (CTO),C_SUITE,ENGINEERING_IT,gcastro@alimentosybebidasl.mx,VERIFIED,85,+525523223140,2026-09-06T14:31:01.392573+00:00
"Food, Beverage & Agribusiness",ALIMENTOS Y BEBIDAS DE OCCIDENTE S.A.B. DE C.V.,alimentosybebidasd.mx,Javier Treviño,Chief Human Resources Officer (CHRO),C_SUITE,HR_PEOPLE,jtreviño@alimentosybebidasd.mx,VERIFIED,85,+525048832725,2026-09-06T14:31:01.392573+00:00
"Food, Beverage & Agribusiness",ALIMENTOS Y BEBIDAS DE OCCIDENTE S.A.B. DE C.V.,alimentosybebidasd.mx,Luis Valenzuela,Chief Human Resources Officer (CHRO),C_SUITE,HR_PEOPLE,lvalenzuela@alimentosybebidasd.mx,VERIFIED,85,+529547165706,2026-09-06T14:31:01.392573+00:00
"Food, Beverage & Agribusiness",ALIMENTOS Y BEBIDAS DE OCCIDENTE S.A.B. DE C.V.,alimentosybebidasd.mx,Daniel Salinas,Chief Financial Officer (CFO),C_SUITE,FINANCE,dsalinas@alimentosybebidasd.mx,VERIFIED,85,+526318230018,2026-09-06T14:31:01.392573+00:00
"Food, Beverage & Agribusiness",ALIMENTOS Y BEBIDAS DE OCCIDENTE S.A.B. DE C.V.,alimentosybebidasd.mx,Andrea Navarro,Founder,FOUNDER,EXECUTIVE,anavarro@alimentosybebidasd.mx,VERIFIED,85,+524033542013,2026-09-06T14:31:01.392573+00:00
"Food, Beverage & Agribusiness",ALIMENTOS Y BEBIDAS DE OCCIDENTE S.A.B. DE C.V.,alimentosybebidasd.mx,Eduardo Treviño,Chief Executive Officer (CEO),C_SUITE,EXECUTIVE,etreviño@alimentosybebidasd.mx,VERIFIED,85,+527256867213,2026-09-06T14:31:01.392573+00:00
"Food, Beverage & Agribusiness",ALIMENTOS Y BEBIDAS DE OCCIDENTE S.A.B. DE C.V.,alimentosybebidasd.mx,Eduardo Ruiz,Chief Human Resources Officer (CHRO),C_SUITE,HR_PEOPLE,eruiz@alimentosybebidasd.mx,VERIFIED,85,+527841563826,2026-09-06T14:31:01.392573+00:00
"Food, Beverage & Agribusiness",ALIMENTOS Y BEBIDAS DE OCCIDENTE S.A.B. DE C.V.,alimentosybebidasd.mx,Claudia Salinas,Founder,FOUNDER,EXECUTIVE,csalinas@alimentosybebidasd.mx,VERIFIED,85,+529346202461,2026-09-06T14:31:01.392573+00:00
"Food, Beverage & Agribusiness",ALIMENTOS Y BEBIDAS DE OCCIDENTE S.A.B. DE C.V.,alimentosybebidasd.mx,Javier Dominguez,Chief Technology Officer (CTO),C_SUITE,ENGINEERING_IT,jdominguez@alimentosybebidasd.mx,VERIFIED,85,+528363776550,2026-09-06T14:31:01.392573+00:00
"Food, Beverage & Agribusiness",ALIMENTOS Y BEBIDAS DE OCCIDENTE S.A.B. DE C.V.,alimentosybebidasd.mx,Daniel López,Chief Revenue Officer (CRO),C_SUITE,SALES_MARKETING,dlópez@alimentosybebidasd.mx,VERIFIED,85,+524452528321,2026-09-06T14:31:01.392573+00:00
"Food, Beverage & Agribusiness",ALIMENTOS Y BEBIDAS INTERNACIONAL S.A.P.I. DE C.V.,alimentosybebidasi.com.mx,Adriana Dominguez,Chief Financial Officer (CFO),C_SUITE,FINANCE,adominguez@alimentosybebidasi.com.mx,VERIFIED,85,+524931201696,2026-09-06T14:31:01.392573+00:00
"Food, Beverage & Agribusiness",ALIMENTOS Y BEBIDAS INTERNACIONAL S.A.P.I. DE C.V.,alimentosybebidasi.com.mx,Roberto Villaseñor,Chief Executive Officer (CEO),C_SUITE,EXECUTIVE,rvillaseñor@alimentosybebidasi.com.mx,VERIFIED,85,+527958614071,2026-09-06T14:31:01.392573+00:00
"Food, Beverage & Agribusiness",ALIMENTOS Y BEBIDAS INTERNACIONAL S.A.P.I. DE C.V.,alimentosybebidasi.com.mx,Miguel Ruiz,Founder,FOUNDER,EXECUTIVE,mruiz@alimentosybebidasi.com.mx,VERIFIED,85,+525115438578,2026-09-06T14:31:01.392573+00:00
"Food, Beverage & Agribusiness",ALIMENTOS Y BEBIDAS INTERNACIONAL S.A.P.I. DE C.V.,alimentosybebidasi.com.mx,Adriana Benítez,Chief Human Resources Officer (CHRO),C_SUITE,HR_PEOPLE,abenítez@alimentosybebidasi.com.mx,VERIFIED,85,+524933748010,2026-09-06T14:31:01.392573+00:00
"Food, Beverage & Agribusiness",ALIMENTOS Y BEBIDAS INTERNACIONAL S.A.P.I. DE C.V.,alimentosybebidasi.com.mx,Luis Hernández,Chief Executive Officer (CEO),C_SUITE,EXECUTIVE,lhernández@alimentosybebidasi.com.mx,VERIFIED,85,+528088683680,2026-09-06T14:31:01.392573+00:00
"Food, Beverage & Agribusiness",ALIMENTOS Y BEBIDAS ESPECIALIZADA S.A. DE C.V.,alimentosybebidase.com,Alejandro Valenzuela,Chief Human Resources Officer (CHRO),C_SUITE,HR_PEOPLE,avalenzuela@alimentosybebidase.com,VERIFIED,85,+527819275696,2026-09-06T14:31:01.392573+00:00
"Food, Beverage & Agribusiness",ALIMENTOS Y BEBIDAS ESPECIALIZADA S.A. DE C.V.,alimentosybebidase.com,Luis González,Chief Executive Officer (CEO),C_SUITE,EXECUTIVE,lgonzález@alimentosybebidase.com,VERIFIED,85,+529881396094,2026-09-06T14:31:01.392573+00:00
"Food, Beverage & Agribusiness",ALIMENTOS Y BEBIDAS ESPECIALIZADA S.A. DE C.V.,alimentosybebidase.com,Jorge García,Chief Operating Officer (COO),C_SUITE,OPERATIONS,jgarcía@alimentosybebidase.com,VERIFIED,85,+529097220263,2026-09-06T14:31:01.392573+00:00
"Food, Beverage & Agribusiness",ALIMENTOS Y BEBIDAS ESPECIALIZADA S.A. DE C.V.,alimentosybebidase.com,Eduardo Valenzuela,Chief Human Resources Officer (CHRO),C_SUITE,HR_PEOPLE,evalenzuela@alimentosybebidase.mx,VERIFIED,85,+524027971949,2026-09-06T14:31:01.392573+00:00
"Food, Beverage & Agribusiness",ALIMENTOS Y BEBIDAS ESPECIALIZADA S.A. DE C.V.,alimentosybebidase.com,Rodrigo González,Chief Financial Officer (CFO),C_SUITE,FINANCE,rgonzález@alimentosybebidase.mx,VERIFIED,85,+527470104943,2026-09-06T14:31:01.392573+00:00
"Food, Beverage & Agribusiness",ALIMENTOS Y BEBIDAS DINAMICA S. DE R.L. DE C.V.,alimentosybebidasd.com.mx,Guillermo Ruiz,Chief Executive Officer (CEO),C_SUITE,EXECUTIVE,gruiz@alimentosybebidasd.com.mx,VERIFIED,85,+525665372630,2026-09-06T14:31:01.392573+00:00
"Food, Beverage & Agribusiness",ALIMENTOS Y BEBIDAS DINAMICA S. DE R.L. DE C.V.,alimentosybebidasd.com.mx,Eduardo Navarro,Founder,FOUNDER,EXECUTIVE,enavarro@alimentosybebidasd.com.mx,VERIFIED,85,+527922483346,2026-09-06T14:31:01.392573+00:00
"Food, Beverage & Agribusiness",ALIMENTOS Y BEBIDAS DINAMICA S. DE R.L. DE C.V.,alimentosybebidasd.com.mx,Carlos Castro,Chief Executive Officer (CEO),C_SUITE,EXECUTIVE,ccastro@alimentosybebidasd.com.mx,VERIFIED,85,+527660085882,2026-09-06T14:31:01.392573+00:00
"Food, Beverage & Agribusiness",ALIMENTOS Y BEBIDAS DINAMICA S. DE R.L. DE C.V.,alimentosybebidasd.com.mx,Gabriel Hernández,Chief Executive Officer (CEO),C_SUITE,EXECUTIVE,ghernández@alimentosybebidasd.com.mx,VERIFIED,85,+525732199310,2026-09-06T14:31:01.392573+00:00
"Food, Beverage & Agribusiness",ALIMENTOS Y BEBIDAS DINAMICA S. DE R.L. DE C.V.,alimentosybebidasd.com.mx,Rodrigo López,Chief Financial Officer (CFO),C_SUITE,FINANCE,rlópez@alimentosybebidasd.com.mx,VERIFIED,85,+529744809750,2026-09-06T14:31:01.392573+00:00
"Food, Beverage & Agribusiness",ALIMENTOS Y BEBIDAS DINAMICA S. DE R.L. DE C.V.,alimentosybebidasd.com.mx,Hector Salinas,Chief Human Resources Officer (CHRO),C_SUITE,HR_PEOPLE,hsalinas@alimentosybebidasd.com.mx,VERIFIED,85,+529620863710,2026-09-06T14:31:01.392573+00:00
"Food, Beverage & Agribusiness",ALIMENTOS Y BEBIDAS DINAMICA S. DE R.L. DE C.V.,alimentosybebidasd.com.mx,Daniel Treviño,Chief Technology Officer (CTO),C_SUITE,ENGINEERING_IT,dtreviño@alimentosybebidasd.com.mx,VERIFIED,85,+524544716973,2026-09-06T14:31:01.392573+00:00
"Food, Beverage & Agribusiness",ALIMENTOS Y BEBIDAS DINAMICA S. DE R.L. DE C.V.,alimentosybebidasd.com.mx,Carlos Benítez,Founder,FOUNDER,EXECUTIVE,cbenítez@alimentosybebidasd.com.mx,VERIFIED,85,+528830114487,2026-09-06T14:31:01.392573+00:00
"Food, Beverage & Agribusiness",ALIMENTOS Y BEBIDAS INDUSTRIAL S.A.B. DE C.V.,alimentosybebidasi.com,Daniel Benítez,Chief Executive Officer (CEO),C_SUITE,EXECUTIVE,dbenítez@alimentosybebidasi.com,VERIFIED,85,+525124169081,2026-09-06T14:31:01.392573+00:00
"Food, Beverage & Agribusiness",ALIMENTOS Y BEBIDAS INDUSTRIAL S.A.B. DE C.V.,alimentosybebidasi.com,Jorge Benítez,Chief Human Resources Officer (CHRO),C_SUITE,HR_PEOPLE,jbenítez@alimentosybebidasi.com,VERIFIED,85,+529896041441,2026-09-06T14:31:01.392573+00:00
"Food, Beverage & Agribusiness",ALIMENTOS Y BEBIDAS INDUSTRIAL S.A.B. DE C.V.,alimentosybebidasi.com,Eduardo Garza,Chief Operating Officer (COO),C_SUITE,OPERATIONS,egarza@alimentosybebidasi.com,VERIFIED,85,+526611738589,2026-09-06T14:31:01.392573+00:00
"Food, Beverage & Agribusiness",ALIMENTOS Y BEBIDAS LATINOAMERICANA S.A.P.I. DE C.V.,alimentosybebidasl.com.mx,Eduardo Villaseñor,Chief Human Resources Officer (CHRO),C_SUITE,HR_PEOPLE,evillaseñor@alimentosybebidasl.com.mx,VERIFIED,85,+528039849634,2026-09-06T14:31:01.392573+00:00
"Food, Beverage & Agribusiness",ALIMENTOS Y BEBIDAS LATINOAMERICANA S.A.P.I. DE C.V.,alimentosybebidasl.com.mx,Luis Dominguez,Founder,FOUNDER,EXECUTIVE,ldominguez@alimentosybebidasl.com.mx,VERIFIED,85,+528594197649,2026-09-06T14:31:01.392573+00:00
"Food, Beverage & Agribusiness",ALIMENTOS Y BEBIDAS EMPRESARIAL 84 S.A.B. DE C.V.,alimentosybebidase.mx,Daniel Castro,Chief Financial Officer (CFO),C_SUITE,FINANCE,dcastro@alimentosybebidase.mx,VERIFIED,85,+529342846710,2026-09-06T14:31:01.392573+00:00
"Food, Beverage & Agribusiness",ALIMENTOS Y BEBIDAS EMPRESARIAL 84 S.A.B. DE C.V.,alimentosybebidase.mx,Hector Navarro,Chief Revenue Officer (CRO),C_SUITE,SALES_MARKETING,hnavarro@alimentosybebidase.mx,VERIFIED,85,+524779441370,2026-09-06T14:31:01.392573+00:00
"Food, Beverage & Agribusiness",ALIMENTOS Y BEBIDAS EMPRESARIAL 84 S.A.B. DE C.V.,alimentosybebidase.mx,Luis Navarro,Chief Executive Officer (CEO),C_SUITE,EXECUTIVE,lnavarro@alimentosybebidase.mx,VERIFIED,85,+524069143109,2026-09-06T14:31:01.392573+00:00
"Food, Beverage & Agribusiness",ALIMENTOS Y BEBIDAS NACIONAL S.A. DE C.V.,alimentosybebidasn.mx,Sofia Villaseñor,Chief Technology Officer (CTO),C_SUITE,ENGINEERING_IT,svillaseñor@alimentosybebidasn.mx,VERIFIED,85,+529796768714,2026-09-06T14:31:01.392573+00:00
"Food, Beverage & Agribusiness",ALIMENTOS Y BEBIDAS NACIONAL S.A. DE C.V.,alimentosybebidasn.mx,Rodrigo Valenzuela,Founder,FOUNDER,EXECUTIVE,rvalenzuela@alimentosybebidasn.mx,VERIFIED,85,+529542130433,2026-09-06T14:31:01.392573+00:00
"Food, Beverage & Agribusiness",ALIMENTOS Y BEBIDAS MEXICANA 95 S.A.B. DE C.V.,alimentosybebidasm.com.mx,Rodrigo Hernández,Chief Human Resources Officer (CHRO),C_SUITE,HR_PEOPLE,rhernández@alimentosybebidasm.com.mx,VERIFIED,85,+524526459346,2026-09-06T14:31:01.392573+00:00
"Food, Beverage & Agribusiness",ALIMENTOS Y BEBIDAS MEXICANA 95 S.A.B. DE C.V.,alimentosybebidasm.com.mx,Andrea Valenzuela,Chief Technology Officer (CTO),C_SUITE,ENGINEERING_IT,avalenzuela@alimentosybebidasm.com.mx,VERIFIED,85,+526598631016,2026-09-06T14:31:01.392573+00:00
"Food, Beverage & Agribusiness",ALIMENTOS Y BEBIDAS MEXICANA 95 S.A.B. DE C.V.,alimentosybebidasm.com.mx,Guillermo Benítez,Chief Financial Officer (CFO),C_SUITE,FINANCE,gbenítez@alimentosybebidasm.com.mx,VERIFIED,85,+525025328428,2026-09-06T14:31:01.393479+00:00
"Food, Beverage & Agribusiness",ALIMENTOS Y BEBIDAS AVANZADA S.C.,alimentosybebidasa.com.mx,Patricia Valenzuela,Chief Technology Officer (CTO),C_SUITE,ENGINEERING_IT,pvalenzuela@alimentosybebidasa.com.mx,VERIFIED,85,+529073376303,2026-09-06T14:31:01.393479+00:00
"Food, Beverage & Agribusiness",ALIMENTOS Y BEBIDAS NACIONAL S.C.,alimentosybebidasn.com,Fernando Vega,Chief Operating Officer (COO),C_SUITE,OPERATIONS,fvega@alimentosybebidasn.com,VERIFIED,85,+525438027688,2026-09-06T14:31:01.393479+00:00
"Food, Beverage & Agribusiness",ALIMENTOS Y BEBIDAS NACIONAL S.C.,alimentosybebidasn.com,Alejandro Mendoza,Chief Financial Officer (CFO),C_SUITE,FINANCE,amendoza@alimentosybebidasn.com.mx,VERIFIED,85,+525790985296,2026-09-06T14:31:01.393479+00:00
"Food, Beverage & Agribusiness",ALIMENTOS Y BEBIDAS NACIONAL S.C.,alimentosybebidasn.com,Eduardo Navarro,Chief Operating Officer (COO),C_SUITE,OPERATIONS,enavarro@alimentosybebidasn.com,VERIFIED,85,+527281343576,2026-09-06T14:31:01.393479+00:00
"Food, Beverage & Agribusiness",ALIMENTOS Y BEBIDAS CENTRAL S.A.S.,alimentosybebidasc.com,Jorge Benítez,Chief Operating Officer (COO),C_SUITE,OPERATIONS,jbenítez@alimentosybebidasc.com,VERIFIED,85,+528115955052,2026-09-06T14:31:01.393479+00:00
"Food, Beverage & Agribusiness",ALIMENTOS Y BEBIDAS GLOBAL S.A.B. DE C.V.,alimentosybebidasg.com.mx,Daniel Martínez,Chief Executive Officer (CEO),C_SUITE,EXECUTIVE,dmartínez@alimentosybebidasg.com.mx,VERIFIED,85,+529961894955,2026-09-06T14:31:01.393479+00:00
"Food, Beverage & Agribusiness",ALIMENTOS Y BEBIDAS GLOBAL S.A.B. DE C.V.,alimentosybebidasg.com.mx,David Alarcón,Chief Operating Officer (COO),C_SUITE,OPERATIONS,dalarcón@alimentosybebidasg.com,VERIFIED,85,+527179634521,2026-09-06T14:31:01.393479+00:00
"Food, Beverage & Agribusiness",ALIMENTOS Y BEBIDAS CENTRAL S.A.P.I. DE C.V.,alimentosybebidasc.mx,Patricia Vega,Chief Human Resources Officer (CHRO),C_SUITE,HR_PEOPLE,pvega@alimentosybebidasc.mx,VERIFIED,85,+525614791472,2026-09-06T14:31:01.393479+00:00
"Food, Beverage & Agribusiness",ALIMENTOS Y BEBIDAS CENTRAL S.C.,alimentosybebidasc.com.mx,Mariana Salinas,Chief Operating Officer (COO),C_SUITE,OPERATIONS,msalinas@alimentosybebidasc.com.mx,VERIFIED,85,+524298238724,2026-09-06T14:31:01.393786+00:00
"Food, Beverage & Agribusiness",ALIMENTOS Y BEBIDAS GLOBAL 14 S.A. DE C.V.,alimentosybebidasg.mx,Carlos Benítez,Chief Operating Officer (COO),C_SUITE,OPERATIONS,cbenítez@alimentosybebidasg.mx,VERIFIED,85,+528933894125,2026-09-06T14:31:01.393786+00:00
"Food, Beverage & Agribusiness",ALIMENTOS Y BEBIDAS MEXICANA S.A. DE C.V.,alimentosybebidasm.com,Jorge Castro,Chief Revenue Officer (CRO),C_SUITE,SALES_MARKETING,jcastro@alimentosybebidasm.com,VERIFIED,85,+525784660599,2026-09-06T14:31:01.393786+00:00
"Food, Beverage & Agribusiness",ALIMENTOS Y BEBIDAS AVANZADA S.A. DE C.V.,alimentosybebidasa.com,Javier Garza,Chief Executive Officer (CEO),C_SUITE,EXECUTIVE,jgarza@alimentosybebidasa.com,VERIFIED,85,+527182053954,2026-09-06T14:31:01.393786+00:00
"Food, Beverage & Agribusiness",ALIMENTOS Y BEBIDAS DE PUEBLA SA DE CV,alimentosdelcentro.com.mx,Roberto Sanchez Lopez,Chief Financial Officer (CFO),C_SUITE,FINANCE,roberto.sanchez@alimentosdelcentro.com.mx,VERIFIED,85,2225678901,2026-09-06T14:31:01.393786+00:00
"Food, Beverage & Agribusiness",ALIMENTOS Y BEBIDAS ESPECIALIZADA S.A.B. DE C.V.,alimentosybebidase.com,Miguel Garza,Chief Executive Officer (CEO),C_SUITE,EXECUTIVE,mgarza@alimentosybebidase.com,VERIFIED,85,+525594547501,2026-09-06T14:31:01.405579+00:00
"Food, Beverage & Agribusiness",ALIMENTOS Y BEBIDAS ESPECIALIZADA S.A.B. DE C.V.,alimentosybebidase.com,Claudia Villaseñor,Chief Executive Officer (CEO),C_SUITE,EXECUTIVE,cvillaseñor@alimentosybebidase.com,VERIFIED,85,+525514506485,2026-09-06T14:31:01.405579+00:00
"Food, Beverage & Agribusiness",ALIMENTOS Y BEBIDAS ESPECIALIZADA S.A.B. DE C.V.,alimentosybebidase.com,Mariana Treviño,Chief Revenue Officer (CRO),C_SUITE,SALES_MARKETING,mtreviño@alimentosybebidase.com,VERIFIED,85,+525596753478,2026-09-06T14:31:01.405579+00:00
"Food, Beverage & Agribusiness",ALIMENTOS Y BEBIDAS ESPECIALIZADA S.A.B. DE C.V.,alimentosybebidase.com,Alejandro Hernández,Founder,FOUNDER,EXECUTIVE,ahernández@alimentosybebidase.com,VERIFIED,85,+525526647408,2026-09-06T14:31:01.405579+00:00
"Food, Beverage & Agribusiness",ALIMENTOS Y BEBIDAS ESPECIALIZADA S.A.B. DE C.V.,alimentosybebidase.com,Hector Castro,Chief Operating Officer (COO),C_SUITE,OPERATIONS,hcastro@alimentosybebidase.com,VERIFIED,85,+525575786357,2026-09-06T14:31:01.405579+00:00
"Food, Beverage & Agribusiness",ALIMENTOS Y BEBIDAS ESPECIALIZADA S.A.B. DE C.V.,alimentosybebidase.com,Mariana García,Founder,FOUNDER,EXECUTIVE,mgarcía@alimentosybebidase.com,VERIFIED,85,+525561736880,2026-09-06T14:31:01.405579+00:00
"Food, Beverage & Agribusiness",ALIMENTOS Y BEBIDAS DEL PACIFICO S.C.,alimentosybebidasd.com.mx,Carlos Hernández,Chief Revenue Officer (CRO),C_SUITE,SALES_MARKETING,chernández@alimentosybebidasd.com.mx,VERIFIED,85,+525562386666,2026-09-06T14:31:01.405579+00:00
"Food, Beverage & Agribusiness",ALIMENTOS Y BEBIDAS DEL PACIFICO S.C.,alimentosybebidasd.com.mx,Jorge Salinas,Chief Financial Officer (CFO),C_SUITE,FINANCE,jsalinas@alimentosybebidasd.com.mx,VERIFIED,85,+525594594728,2026-09-06T14:31:01.405579+00:00
"Food, Beverage & Agribusiness",ALIMENTOS Y BEBIDAS DEL PACIFICO S.C.,alimentosybebidasd.com.mx,Javier Villaseñor,Chief Financial Officer (CFO),C_SUITE,FINANCE,jvillaseñor@alimentosybebidasd.com.mx,VERIFIED,85,+525583685560,2026-09-06T14:31:01.405579+00:00
"Food, Beverage & Agribusiness",ALIMENTOS Y BEBIDAS DEL PACIFICO S.C.,alimentosybebidasd.com.mx,Javier Benítez,Chief Operating Officer (COO),C_SUITE,OPERATIONS,jbenítez@alimentosybebidasd.com.mx,VERIFIED,85,+525522715530,2026-09-06T14:31:01.405579+00:00
"Food, Beverage & Agribusiness",ALIMENTOS Y BEBIDAS DEL PACIFICO S.C.,alimentosybebidasd.com.mx,Mariana López,Chief Executive Officer (CEO),C_SUITE,EXECUTIVE,mlópez@alimentosybebidasd.com.mx,VERIFIED,85,+525543045912,2026-09-06T14:31:01.405579+00:00
"Food, Beverage & Agribusiness",ALIMENTOS Y BEBIDAS DEL PACIFICO S.C.,alimentosybebidasd.com.mx,Rodrigo Salinas,Chief Human Resources Officer (CHRO),C_SUITE,HR_PEOPLE,rsalinas@alimentosybebidasd.com.mx,VERIFIED,85,+525563235662,2026-09-06T14:31:01.405579+00:00
"Food, Beverage & Agribusiness",ALIMENTOS Y BEBIDAS DEL PACIFICO S.C.,alimentosybebidasd.com.mx,Sofia Castro,Chief Technology Officer (CTO),C_SUITE,ENGINEERING_IT,scastro@alimentosybebidasd.com.mx,VERIFIED,85,+525534917393,2026-09-06T14:31:01.405579+00:00
"Food, Beverage & Agribusiness",ALIMENTOS Y BEBIDAS DEL PACIFICO S.C.,alimentosybebidasd.com.mx,Alejandro Treviño,Chief Financial Officer (CFO),C_SUITE,FINANCE,atreviño@alimentosybebidasd.com.mx,VERIFIED,85,+525583758015,2026-09-06T14:31:01.405579+00:00
"Food, Beverage & Agribusiness",ALIMENTOS Y BEBIDAS DEL PACIFICO S.C.,alimentosybebidasd.com.mx,Hector García,Chief Executive Officer (CEO),C_SUITE,EXECUTIVE,hgarcía@alimentosybebidasd.com.mx,VERIFIED,85,+525521547354,2026-09-06T14:31:01.405579+00:00
"Food, Beverage & Agribusiness",ALIMENTOS Y BEBIDAS DEL NORTE S.A.S.,alimentosybebidasd.mx,Gabriel Ruiz,Chief Executive Officer (CEO),C_SUITE,EXECUTIVE,gruiz@alimentosybebidasd.mx,VERIFIED,85,+525540278010,2026-09-06T14:31:01.405579+00:00
"Food, Beverage & Agribusiness",ALIMENTOS Y BEBIDAS DEL NORTE S.A.S.,alimentosybebidasd.mx,Patricia Salinas,Founder,FOUNDER,EXECUTIVE,psalinas@alimentosybebidasd.mx,VERIFIED,85,+525541415316,2026-09-06T14:31:01.405579+00:00
"Food, Beverage & Agribusiness",ALIMENTOS Y BEBIDAS DEL NORTE S.A.S.,alimentosybebidasd.mx,Claudia Garza,Chief Executive Officer (CEO),C_SUITE,EXECUTIVE,cgarza@alimentosybebidasd.mx,VERIFIED,85,+525521645971,2026-09-06T14:31:01.405579+00:00
"Food, Beverage & Agribusiness",ALIMENTOS Y BEBIDAS DEL NORTE S.A.S.,alimentosybebidasd.mx,Gabriel Valenzuela,Chief Technology Officer (CTO),C_SUITE,ENGINEERING_IT,gvalenzuela@alimentosybebidasd.mx,VERIFIED,85,+525596866263,2026-09-06T14:31:01.405579+00:00
"Food, Beverage & Agribusiness",ALIMENTOS Y BEBIDAS DEL NORTE S.A.S.,alimentosybebidasd.mx,Jorge Morales,Chief Executive Officer (CEO),C_SUITE,EXECUTIVE,jmorales@alimentosybebidasd.mx,VERIFIED,85,+525517828081,2026-09-06T14:31:01.405579+00:00
"Food, Beverage & Agribusiness",ALIMENTOS Y BEBIDAS DEL NORTE S.A.S.,alimentosybebidasd.mx,Roberto Villaseñor,Chief Executive Officer (CEO),C_SUITE,EXECUTIVE,rvillaseñor@alimentosybebidasd.mx,VERIFIED,85,+525515976396,2026-09-06T14:31:01.405579+00:00
"Food, Beverage & Agribusiness",ALIMENTOS Y BEBIDAS DEL NORTE S.A.S.,alimentosybebidasd.mx,Carlos López,Chief Operating Officer (COO),C_SUITE,OPERATIONS,clópez@alimentosybebidasd.mx,VERIFIED,85,+525558309007,2026-09-06T14:31:01.405579+00:00
"Food, Beverage & Agribusiness",ALIMENTOS Y BEBIDAS GLOBAL S.A.P.I. DE C.V.,alimentosybebidasg.com,Adriana López,Chief Revenue Officer (CRO),C_SUITE,SALES_MARKETING,alópez@alimentosybebidasg.com,VERIFIED,85,+525540819609,2026-09-06T14:31:01.405579+00:00
"Food, Beverage & Agribusiness",ALIMENTOS Y BEBIDAS DEL CENTRO S.A.P.I. DE C.V.,alimentosybebidasd.com,Claudia Salinas,Chief Human Resources Officer (CHRO),C_SUITE,HR_PEOPLE,csalinas@alimentosybebidasd.com,VERIFIED,85,+525571704500,2026-09-06T14:31:01.405579+00:00
"Food, Beverage & Agribusiness",ALIMENTOS Y BEBIDAS DEL CENTRO S.A.P.I. DE C.V.,alimentosybebidasd.com,Gabriel López,Chief Revenue Officer (CRO),C_SUITE,SALES_MARKETING,glópez@alimentosybebidasd.com,VERIFIED,85,+525543995736,2026-09-06T14:31:01.405579+00:00
"Food, Beverage & Agribusiness",ALIMENTOS Y BEBIDAS DEL CENTRO S.A.P.I. DE C.V.,alimentosybebidasd.com,Adriana Hernández,Chief Operating Officer (COO),C_SUITE,OPERATIONS,ahernández@alimentosybebidasd.com,VERIFIED,85,+525564086746,2026-09-06T14:31:01.405579+00:00
"Food, Beverage & Agribusiness",ALIMENTOS Y BEBIDAS DEL CENTRO S.A.P.I. DE C.V.,alimentosybebidasd.com,Eduardo Salinas,Chief Technology Officer (CTO),C_SUITE,ENGINEERING_IT,esalinas@alimentosybebidasd.com,VERIFIED,85,+525554723189,2026-09-06T14:31:01.405579+00:00
"Food, Beverage & Agribusiness",ALIMENTOS Y BEBIDAS DEL CENTRO S.A.P.I. DE C.V.,alimentosybebidasd.com,Fernando Vega,Chief Human Resources Officer (CHRO),C_SUITE,HR_PEOPLE,fvega@alimentosybebidasd.com,VERIFIED,85,+525538728543,2026-09-06T14:31:01.405579+00:00
"Food, Beverage & Agribusiness",ALIMENTOS Y BEBIDAS DEL CENTRO S.A.P.I. DE C.V.,alimentosybebidasd.com,Javier Treviño,Founder,FOUNDER,EXECUTIVE,jtreviño@alimentosybebidasd.com,VERIFIED,85,+525576103384,2026-09-06T14:31:01.405579+00:00
"Food, Beverage & Agribusiness",ALIMENTOS Y BEBIDAS DEL CENTRO S.A.P.I. DE C.V.,alimentosybebidasd.com,Gabriel Navarro,Chief Revenue Officer (CRO),C_SUITE,SALES_MARKETING,gnavarro@alimentosybebidasd.com,VERIFIED,85,+525559097149,2026-09-06T14:31:01.405579+00:00
"Food, Beverage & Agribusiness",ALIMENTOS Y BEBIDAS INTEGRAL 19 S.C.,alimentosybebidasi.com,Patricia Hernández,Chief Operating Officer (COO),C_SUITE,OPERATIONS,phernández@alimentosybebidasi.com,VERIFIED,85,+525599112091,2026-09-06T14:31:01.405579+00:00
"Food, Beverage & Agribusiness",ALIMENTOS Y BEBIDAS INTEGRAL 19 S.C.,alimentosybebidasi.com,Adriana García,Chief Financial Officer (CFO),C_SUITE,FINANCE,agarcía@alimentosybebidasi.com,VERIFIED,85,+525571529706,2026-09-06T14:31:01.405579+00:00
"Food, Beverage & Agribusiness",ALIMENTOS Y BEBIDAS INTEGRAL 19 S.C.,alimentosybebidasi.com,Hector Martínez,Chief Operating Officer (COO),C_SUITE,OPERATIONS,hmartínez@alimentosybebidasi.com,VERIFIED,85,+525583600560,2026-09-06T14:31:01.405579+00:00
"Food, Beverage & Agribusiness",ALIMENTOS Y BEBIDAS INTEGRAL 19 S.C.,alimentosybebidasi.com,Roberto Castro,Founder,FOUNDER,EXECUTIVE,rcastro@alimentosybebidasi.com,VERIFIED,85,+525512423108,2026-09-06T14:31:01.405579+00:00
"Food, Beverage & Agribusiness",ALIMENTOS Y BEBIDAS INTEGRAL 19 S.C.,alimentosybebidasi.com,Claudia Valenzuela,Chief Executive Officer (CEO),C_SUITE,EXECUTIVE,cvalenzuela@alimentosybebidasi.com,VERIFIED,85,+525544444778,2026-09-06T14:31:01.405579+00:00
"Food, Beverage & Agribusiness",ALIMENTOS Y BEBIDAS INTEGRAL 19 S.C.,alimentosybebidasi.com,Carlos Benítez,Chief Executive Officer (CEO),C_SUITE,EXECUTIVE,cbenítez@alimentosybebidasi.com,VERIFIED,85,+525564108547,2026-09-06T14:31:01.405579+00:00
"Food, Beverage & Agribusiness",ALIMENTOS Y BEBIDAS INTEGRAL 19 S.C.,alimentosybebidasi.com,Rodrigo Treviño,Chief Operating Officer (COO),C_SUITE,OPERATIONS,rtreviño@alimentosybebidasi.com,VERIFIED,85,+525573938770,2026-09-06T14:31:01.405579+00:00
"Food, Beverage & Agribusiness",ALIMENTOS Y BEBIDAS INDUSTRIAL S.A.S.,alimentosybebidasi.mx,Gabriel Ruiz,Chief Technology Officer (CTO),C_SUITE,ENGINEERING_IT,gruiz@alimentosybebidasi.mx,VERIFIED,85,+525532516499,2026-09-06T14:31:01.405579+00:00
"Food, Beverage & Agribusiness",ALIMENTOS Y BEBIDAS INDUSTRIAL S.A.S.,alimentosybebidasi.mx,Hector López,Chief Human Resources Officer (CHRO),C_SUITE,HR_PEOPLE,hlópez@alimentosybebidasi.mx,VERIFIED,85,+525528880433,2026-09-06T14:31:01.405579+00:00
"Food, Beverage & Agribusiness",ALIMENTOS Y BEBIDAS LATINOAMERICANA 95 S.A. DE C.V.,alimentosybebidasl.com.mx,Gabriel Alarcón,Chief Operating Officer (COO),C_SUITE,OPERATIONS,galarcón@alimentosybebidasl.com.mx,VERIFIED,85,+525564597254,2026-09-06T14:31:01.405579+00:00
"Food, Beverage & Agribusiness",ALIMENTOS Y BEBIDAS LATINOAMERICANA 95 S.A. DE C.V.,alimentosybebidasl.com.mx,Miguel Mendoza,Chief Operating Officer (COO),C_SUITE,OPERATIONS,mmendoza@alimentosybebidasl.com.mx,VERIFIED,85,+525554568777,2026-09-06T14:31:01.405579+00:00
"Food, Beverage & Agribusiness",ALIMENTOS Y BEBIDAS MEXICANA S.A.S.,alimentosybebidasm.com.mx,Carlos Dominguez,Chief Human Resources Officer (CHRO),C_SUITE,HR_PEOPLE,cdominguez@alimentosybebidasm.com.mx,VERIFIED,85,+525594678504,2026-09-06T14:31:01.405579+00:00
"Food, Beverage & Agribusiness",ALIMENTOS Y BEBIDAS AVANZADA S.C.,alimentosybebidasa.mx,Alejandro Garza,Founder,FOUNDER,EXECUTIVE,agarza@alimentosybebidasa.mx,VERIFIED,85,+525567366926,2026-09-06T14:31:01.405579+00:00
"Food, Beverage & Agribusiness",ALIMENTOS Y BEBIDAS LATINOAMERICANA S. DE R.L. DE C.V.,alimentosybebidasl.mx,Andrea Mendoza,Chief Operating Officer (COO),C_SUITE,OPERATIONS,amendoza@alimentosybebidasl.mx,VERIFIED,85,+525585763708,2026-09-06T14:31:01.405579+00:00
"Food, Beverage & Agribusiness",ALIMENTOS Y BEBIDAS LATINOAMERICANA S. DE R.L. DE C.V.,alimentosybebidasl.mx,Adriana Vega,Chief Financial Officer (CFO),C_SUITE,FINANCE,avega@alimentosybebidasl.mx,VERIFIED,85,+525539199916,2026-09-06T14:31:01.405579+00:00
"Food, Beverage & Agribusiness",ALIMENTOS Y BEBIDAS LATINOAMERICANA S.A. DE C.V.,alimentosybebidasl.com,Gabriel Treviño,Chief Operating Officer (COO),C_SUITE,OPERATIONS,gtreviño@alimentosybebidasl.com,VERIFIED,85,+525527576981,2026-09-06T14:31:01.405579+00:00
"Food, Beverage & Agribusiness",ALIMENTOS Y BEBIDAS LATINOAMERICANA S.A. DE C.V.,alimentosybebidasl.com,Luis Hernández,Chief Human Resources Officer (CHRO),C_SUITE,HR_PEOPLE,lhernández@alimentosybebidasl.com,VERIFIED,85,+525520018205,2026-09-06T14:31:01.405579+00:00
"Food, Beverage & Agribusiness",ALIMENTOS Y BEBIDAS GLOBAL 82 S. DE R.L. DE C.V.,alimentosybebidasg.mx,Adriana Vega,Chief Executive Officer (CEO),C_SUITE,EXECUTIVE,avega@alimentosybebidasg.mx,VERIFIED,85,+525534479525,2026-09-06T14:31:01.405579+00:00
"Food, Beverage & Agribusiness",ALIMENTOS Y BEBIDAS GLOBAL 82 S. DE R.L. DE C.V.,alimentosybebidasg.mx,Andrea Vega,Chief Executive Officer (CEO),C_SUITE,EXECUTIVE,avega@alimentosybebidasg.mx,VERIFIED,85,+525586298850,2026-09-06T14:31:01.405579+00:00
"Food, Beverage & Agribusiness",ALIMENTOS Y BEBIDAS MEXICANA S. DE R.L. DE C.V.,alimentosybebidasm.mx,Daniel Ruiz,Chief Executive Officer (CEO),C_SUITE,EXECUTIVE,druiz@alimentosybebidasm.mx,VERIFIED,85,+525569008843,2026-09-06T14:31:01.405579+00:00
"Food, Beverage & Agribusiness",ALIMENTOS Y BEBIDAS CENTRAL S.C.,alimentosybebidasc.com.mx,Luis González,Chief Executive Officer (CEO),C_SUITE,EXECUTIVE,lgonzález@alimentosybebidasc.com.mx,VERIFIED,85,+525537993364,2026-09-06T14:31:01.405579+00:00
"Food, Beverage & Agribusiness",ALIMENTOS Y BEBIDAS NACIONAL S.A.B. DE C.V.,alimentosybebidasn.mx,Patricia Ruiz,Chief Revenue Officer (CRO),C_SUITE,SALES_MARKETING,pruiz@alimentosybebidasn.mx,VERIFIED,85,+525581246632,2026-09-06T14:31:01.405579+00:00
"Food, Beverage & Agribusiness",ALIMENTOS Y BEBIDAS NACIONAL S.A.B. DE C.V.,alimentosybebidasn.mx,Andrea Benítez,Founder,FOUNDER,EXECUTIVE,abenítez@alimentosybebidasn.mx,VERIFIED,85,+525599126662,2026-09-06T14:31:01.405579+00:00
"Food, Beverage & Agribusiness",ALIMENTOS Y BEBIDAS CENTRAL 13 S.A. DE C.V.,alimentosybebidasc.mx,Jorge Ruiz,Chief Technology Officer (CTO),C_SUITE,ENGINEERING_IT,jruiz@alimentosybebidasc.mx,VERIFIED,85,+525582795895,2026-09-06T14:31:01.405579+00:00
"Food, Beverage & Agribusiness",ALIMENTOS Y BEBIDAS INTERNACIONAL S.A.B. DE C.V.,alimentosybebidasi.com.mx,Patricia Hernández,Chief Technology Officer (CTO),C_SUITE,ENGINEERING_IT,phernández@alimentosybebidasi.com.mx,VERIFIED,85,+525597414157,2026-09-06T14:31:01.405579+00:00
"Food, Beverage & Agribusiness",ALIMENTOS Y BEBIDAS AVANZADA 93 S.A.S.,alimentosybebidasa.com.mx,Javier Morales,Chief Human Resources Officer (CHRO),C_SUITE,HR_PEOPLE,jmorales@alimentosybebidasa.com.mx,VERIFIED,85,+525552042327,2026-09-06T14:31:01.405579+00:00
"Food, Beverage & Agribusiness",ALIMENTOS Y BEBIDAS MODERNA S.A.P.I. DE C.V.,alimentosybebidasm.com,Guillermo Alarcón,Chief Executive Officer (CEO),C_SUITE,EXECUTIVE,galarcón@alimentosybebidasm.com,VERIFIED,85,+525526605937,2026-09-06T14:31:01.405579+00:00
"Food, Beverage & Agribusiness",ALIMENTOS Y BEBIDAS DEL CENTRO S.A.P.I. DE C.V.,alimentosybebidasd.mx,Claudia Martínez,Chief Operating Officer (COO),C_SUITE,OPERATIONS,cmartínez@alimentosybebidasd.mx,VERIFIED,85,+524684863591,2026-09-06T14:31:01.421248+00:00
"Food, Beverage & Agribusiness",ALIMENTOS Y BEBIDAS DEL CENTRO S.A.P.I. DE C.V.,alimentosybebidasd.mx,Patricia Treviño,Chief Operating Officer (COO),C_SUITE,OPERATIONS,ptreviño@alimentosybebidasd.mx,VERIFIED,85,+526597717374,2026-09-06T14:31:01.421248+00:00
"Food, Beverage & Agribusiness",ALIMENTOS Y BEBIDAS DEL CENTRO S.A.P.I. DE C.V.,alimentosybebidasd.mx,Daniel Navarro,Chief Executive Officer (CEO),C_SUITE,EXECUTIVE,dnavarro@alimentosybebidasd.mx,VERIFIED,85,+528085608163,2026-09-06T14:31:01.421248+00:00
"Food, Beverage & Agribusiness",ALIMENTOS Y BEBIDAS DEL CENTRO S.A.P.I. DE C.V.,alimentosybebidasd.mx,Sofia Morales,Founder,FOUNDER,EXECUTIVE,smorales@alimentosybebidasd.mx,VERIFIED,85,+527366148596,2026-09-06T14:31:01.421248+00:00
"Food, Beverage & Agribusiness",ALIMENTOS Y BEBIDAS DEL CENTRO S.A.P.I. DE C.V.,alimentosybebidasd.mx,Javier Navarro,Chief Revenue Officer (CRO),C_SUITE,SALES_MARKETING,jnavarro@alimentosybebidasd.mx,VERIFIED,85,+524749845584,2026-09-06T14:31:01.421248+00:00
"Food, Beverage & Agribusiness",ALIMENTOS Y BEBIDAS DEL CENTRO S.A.P.I. DE C.V.,alimentosybebidasd.mx,Guillermo Ruiz,Chief Operating Officer (COO),C_SUITE,OPERATIONS,gruiz@alimentosybebidasd.mx,VERIFIED,85,+527045024125,2026-09-06T14:31:01.421248+00:00
"Food, Beverage & Agribusiness",ALIMENTOS Y BEBIDAS DEL CENTRO S.A.P.I. DE C.V.,alimentosybebidasd.mx,Andrea Hernández,Chief Technology Officer (CTO),C_SUITE,ENGINEERING_IT,ahernández@alimentosybebidasd.mx,VERIFIED,85,+524943905691,2026-09-06T14:31:01.421248+00:00
"Food, Beverage & Agribusiness",ALIMENTOS Y BEBIDAS DEL CENTRO S.A.P.I. DE C.V.,alimentosybebidasd.mx,Alejandro Morales,Chief Revenue Officer (CRO),C_SUITE,SALES_MARKETING,amorales@alimentosybebidasd.mx,VERIFIED,85,+527770032353,2026-09-06T14:31:01.421248+00:00
"Food, Beverage & Agribusiness",ALIMENTOS Y BEBIDAS DEL CENTRO S.A.P.I. DE C.V.,alimentosybebidasd.mx,Miguel Navarro,Chief Financial Officer (CFO),C_SUITE,FINANCE,mnavarro@alimentosybebidasd.mx,VERIFIED,85,+525567186422,2026-09-06T14:31:01.421248+00:00
"Food, Beverage & Agribusiness",ALIMENTOS Y BEBIDAS EMPRESARIAL S.C.,alimentosybebidase.com.mx,Miguel Salinas,Founder,FOUNDER,EXECUTIVE,msalinas@alimentosybebidase.com.mx,VERIFIED,85,+528249691326,2026-09-06T14:31:01.421248+00:00
"Food, Beverage & Agribusiness",ALIMENTOS Y BEBIDAS EMPRESARIAL S.C.,alimentosybebidase.com.mx,Hector García,Chief Human Resources Officer (CHRO),C_SUITE,HR_PEOPLE,hgarcía@alimentosybebidase.com.mx,VERIFIED,85,+525526014379,2026-09-06T14:31:01.421248+00:00
"Food, Beverage & Agribusiness",ALIMENTOS Y BEBIDAS EMPRESARIAL S.C.,alimentosybebidase.com.mx,Luis Dominguez,Chief Executive Officer (CEO),C_SUITE,EXECUTIVE,ldominguez@alimentosybebidase.com.mx,VERIFIED,85,+529958007077,2026-09-06T14:31:01.421248+00:00
"Food, Beverage & Agribusiness",ALIMENTOS Y BEBIDAS EMPRESARIAL S.C.,alimentosybebidase.com.mx,Miguel Navarro,Chief Human Resources Officer (CHRO),C_SUITE,HR_PEOPLE,mnavarro@alimentosybebidase.com.mx,VERIFIED,85,+528920689678,2026-09-06T14:31:01.421248+00:00
"Food, Beverage & Agribusiness",ALIMENTOS Y BEBIDAS EMPRESARIAL S.C.,alimentosybebidase.com.mx,Alejandro Castro,Chief Executive Officer (CEO),C_SUITE,EXECUTIVE,acastro@alimentosybebidase.com,VERIFIED,85,+524529691801,2026-09-06T14:31:01.421248+00:00
"Food, Beverage & Agribusiness",ALIMENTOS Y BEBIDAS EMPRESARIAL S.C.,alimentosybebidase.com.mx,Luis Martínez,Founder,FOUNDER,EXECUTIVE,lmartínez@alimentosybebidase.com.mx,VERIFIED,85,+527953658390,2026-09-06T14:31:01.421248+00:00
"Food, Beverage & Agribusiness",ALIMENTOS Y BEBIDAS EMPRESARIAL S.C.,alimentosybebidase.com.mx,Mariana Dominguez,Chief Revenue Officer (CRO),C_SUITE,SALES_MARKETING,mdominguez@alimentosybebidase.com.mx,VERIFIED,85,+525278988828,2026-09-06T14:31:01.421248+00:00
"Food, Beverage & Agribusiness",ALIMENTOS Y BEBIDAS DINAMICA S. DE R.L. DE C.V.,alimentosybebidasd.com,Patricia Navarro,Founder,FOUNDER,EXECUTIVE,pnavarro@alimentosybebidasd.com,VERIFIED,85,+528080202344,2026-09-06T14:31:01.421248+00:00
"Food, Beverage & Agribusiness",ALIMENTOS Y BEBIDAS DINAMICA S. DE R.L. DE C.V.,alimentosybebidasd.com,Hector Mendoza,Chief Operating Officer (COO),C_SUITE,OPERATIONS,hmendoza@alimentosybebidasd.com,VERIFIED,85,+527752809737,2026-09-06T14:31:01.421248+00:00
"Food, Beverage & Agribusiness",ALIMENTOS Y BEBIDAS DINAMICA S. DE R.L. DE C.V.,alimentosybebidasd.com,Patricia Salinas,Chief Financial Officer (CFO),C_SUITE,FINANCE,psalinas@alimentosybebidasd.com,VERIFIED,85,+527272855819,2026-09-06T14:31:01.421248+00:00
"Food, Beverage & Agribusiness",ALIMENTOS Y BEBIDAS DINAMICA S. DE R.L. DE C.V.,alimentosybebidasd.com,Roberto Garza,Chief Executive Officer (CEO),C_SUITE,EXECUTIVE,rgarza@alimentosybebidasd.com,VERIFIED,85,+524381507885,2026-09-06T14:31:01.421248+00:00
"Food, Beverage & Agribusiness",ALIMENTOS Y BEBIDAS DINAMICA S. DE R.L. DE C.V.,alimentosybebidasd.com,Roberto Alarcón,Chief Revenue Officer (CRO),C_SUITE,SALES_MARKETING,ralarcón@alimentosybebidasd.com,VERIFIED,85,+529262541105,2026-09-06T14:31:01.421248+00:00
"Food, Beverage & Agribusiness",ALIMENTOS Y BEBIDAS DINAMICA S. DE R.L. DE C.V.,alimentosybebidasd.com,Andrea Martínez,Chief Executive Officer (CEO),C_SUITE,EXECUTIVE,amartínez@alimentosybebidasd.com,VERIFIED,85,+526935525808,2026-09-06T14:31:01.421248+00:00
"Food, Beverage & Agribusiness",ALIMENTOS Y BEBIDAS DINAMICA S. DE R.L. DE C.V.,alimentosybebidasd.com,Eduardo Navarro,Chief Technology Officer (CTO),C_SUITE,ENGINEERING_IT,enavarro@alimentosybebidasd.com,VERIFIED,85,+526949160871,2026-09-06T14:31:01.421248+00:00
"Food, Beverage & Agribusiness",ALIMENTOS Y BEBIDAS DINAMICA S. DE R.L. DE C.V.,alimentosybebidasd.com,Roberto Hernández,Founder,FOUNDER,EXECUTIVE,rhernández@alimentosybebidasd.com,VERIFIED,85,+526638882798,2026-09-06T14:31:01.421248+00:00
"Food, Beverage & Agribusiness",ALIMENTOS Y BEBIDAS DINAMICA S. DE R.L. DE C.V.,alimentosybebidasd.com,Jorge Vega,Chief Operating Officer (COO),C_SUITE,OPERATIONS,jvega@alimentosybebidasd.com,VERIFIED,85,+524728912030,2026-09-06T14:31:01.421248+00:00
"Food, Beverage & Agribusiness",ALIMENTOS Y BEBIDAS DINAMICA S. DE R.L. DE C.V.,alimentosybebidasd.com,Carlos López,Chief Financial Officer (CFO),C_SUITE,FINANCE,clópez@alimentosybebidasd.com,VERIFIED,85,+527361268302,2026-09-06T14:31:01.421248+00:00
"Food, Beverage & Agribusiness",ALIMENTOS Y BEBIDAS DINAMICA S. DE R.L. DE C.V.,alimentosybebidasd.com,Fernando Hernández,Chief Executive Officer (CEO),C_SUITE,EXECUTIVE,fhernández@alimentosybebidasd.com,VERIFIED,85,+529441232646,2026-09-06T14:31:01.421248+00:00
"Food, Beverage & Agribusiness",ALIMENTOS Y BEBIDAS DINAMICA S. DE R.L. DE C.V.,alimentosybebidasd.com,Guillermo Navarro,Chief Executive Officer (CEO),C_SUITE,EXECUTIVE,gnavarro@alimentosybebidasd.com,VERIFIED,85,+528194476093,2026-09-06T14:31:01.421248+00:00
"Food, Beverage & Agribusiness",ALIMENTOS Y BEBIDAS AVANZADA S.A.P.I. DE C.V.,alimentosybebidasa.com,Carlos Treviño,Chief Operating Officer (COO),C_SUITE,OPERATIONS,ctreviño@alimentosybebidasa.com,VERIFIED,85,+526041365047,2026-09-06T14:31:01.421248+00:00
"Food, Beverage & Agribusiness",ALIMENTOS Y BEBIDAS CENTRAL S.C.,alimentosybebidasc.com,Miguel Salinas,Chief Executive Officer (CEO),C_SUITE,EXECUTIVE,msalinas@alimentosybebidasc.com,VERIFIED,85,+526482897798,2026-09-06T14:31:01.421248+00:00
"Food, Beverage & Agribusiness",ALIMENTOS Y BEBIDAS GLOBAL 91 S.C.,alimentosybebidasg.com,Roberto Dominguez,Chief Technology Officer (CTO),C_SUITE,ENGINEERING_IT,rdominguez@alimentosybebidasg.com,VERIFIED,85,+527554449949,2026-09-06T14:31:01.421248+00:00
"Food, Beverage & Agribusiness",ALIMENTOS Y BEBIDAS INDUSTRIAL S.A. DE C.V.,alimentosybebidasi.mx,Adriana Villaseñor,Chief Technology Officer (CTO),C_SUITE,ENGINEERING_IT,avillaseñor@alimentosybebidasi.mx,VERIFIED,85,+528241815885,2026-09-06T14:31:01.421248+00:00
"Food, Beverage & Agribusiness",ALIMENTOS Y BEBIDAS INDUSTRIAL S.A. DE C.V.,alimentosybebidasi.mx,Rodrigo González,Chief Operating Officer (COO),C_SUITE,OPERATIONS,rgonzález@alimentosybebidasi.mx,VERIFIED,85,+529751603546,2026-09-06T14:31:01.421248+00:00
"Food, Beverage & Agribusiness",ALIMENTOS Y BEBIDAS INDUSTRIAL S.A. DE C.V.,alimentosybebidasi.mx,Miguel Benítez,Chief Financial Officer (CFO),C_SUITE,FINANCE,mbenítez@alimentosybebidasi.com.mx,VERIFIED,85,+525734133963,2026-09-06T14:31:01.421248+00:00
"Food, Beverage & Agribusiness",ALIMENTOS Y BEBIDAS INDUSTRIAL S.A. DE C.V.,alimentosybebidasi.mx,Rodrigo Morales,Chief Operating Officer (COO),C_SUITE,OPERATIONS,rmorales@alimentosybebidasi.com.mx,VERIFIED,85,+528714433506,2026-09-06T14:31:01.421248+00:00
"Food, Beverage & Agribusiness",ALIMENTOS Y BEBIDAS INDUSTRIAL S.A. DE C.V.,alimentosybebidasi.mx,Sofia López,Chief Technology Officer (CTO),C_SUITE,ENGINEERING_IT,slópez@alimentosybebidasi.mx,VERIFIED,85,+524769021110,2026-09-06T14:31:01.421248+00:00
"Food, Beverage & Agribusiness",ALIMENTOS Y BEBIDAS INDUSTRIAL S.A. DE C.V.,alimentosybebidasi.mx,Adriana Vega,Chief Technology Officer (CTO),C_SUITE,ENGINEERING_IT,avega@alimentosybebidasi.mx,VERIFIED,85,+528014990434,2026-09-06T14:31:01.421248+00:00
"Food, Beverage & Agribusiness",ALIMENTOS Y BEBIDAS ESPECIALIZADA S.A.S.,alimentosybebidase.mx,Adriana Castro,Chief Executive Officer (CEO),C_SUITE,EXECUTIVE,acastro@alimentosybebidase.mx,VERIFIED,85,+529494903934,2026-09-06T14:31:01.421248+00:00
"Food, Beverage & Agribusiness",ALIMENTOS Y BEBIDAS ESPECIALIZADA S.A.S.,alimentosybebidase.mx,Hector Alarcón,Chief Executive Officer (CEO),C_SUITE,EXECUTIVE,halarcón@alimentosybebidase.mx,VERIFIED,85,+526510237415,2026-09-06T14:31:01.421248+00:00
"Food, Beverage & Agribusiness",ALIMENTOS Y BEBIDAS ESPECIALIZADA S.A.S.,alimentosybebidase.mx,Gabriel Dominguez,Chief Revenue Officer (CRO),C_SUITE,SALES_MARKETING,gdominguez@alimentosybebidase.mx,VERIFIED,85,+526557513190,2026-09-06T14:31:01.421248+00:00
"Food, Beverage & Agribusiness",ALIMENTOS Y BEBIDAS ESPECIALIZADA S.A.S.,alimentosybebidase.mx,Daniel Benítez,Chief Operating Officer (COO),C_SUITE,OPERATIONS,dbenítez@alimentosybebidase.mx,VERIFIED,85,+525526572177,2026-09-06T14:31:01.421248+00:00
"Food, Beverage & Agribusiness",ALIMENTOS Y BEBIDAS MEXICANA 87 S.A. DE C.V.,alimentosybebidasm.mx,Gabriel Ruiz,Chief Executive Officer (CEO),C_SUITE,EXECUTIVE,gruiz@alimentosybebidasm.mx,VERIFIED,85,+528894179833,2026-09-06T14:31:01.421248+00:00
"Food, Beverage & Agribusiness",ALIMENTOS Y BEBIDAS MEXICANA S.A.S.,alimentosybebidasm.com,Javier Salinas,Chief Human Resources Officer (CHRO),C_SUITE,HR_PEOPLE,jsalinas@alimentosybebidasm.com,VERIFIED,85,+527668494962,2026-09-06T14:31:01.421248+00:00
"Food, Beverage & Agribusiness",ALIMENTOS Y BEBIDAS MEXICANA S.A.S.,alimentosybebidasm.com,Roberto Navarro,Chief Financial Officer (CFO),C_SUITE,FINANCE,rnavarro@alimentosybebidasm.com,VERIFIED,85,+524671797263,2026-09-06T14:31:01.421248+00:00
"Food, Beverage & Agribusiness",ALIMENTOS Y BEBIDAS MEXICANA S.A.S.,alimentosybebidasm.com,Jorge Valenzuela,Chief Operating Officer (COO),C_SUITE,OPERATIONS,jvalenzuela@alimentosybebidasm.com,VERIFIED,85,+528764999699,2026-09-06T14:31:01.421248+00:00
"Food, Beverage & Agribusiness",ALIMENTOS Y BEBIDAS MEXICANA S.A.S.,alimentosybebidasm.com,Eduardo Martínez,Chief Technology Officer (CTO),C_SUITE,ENGINEERING_IT,emartínez@alimentosybebidasm.com,VERIFIED,85,+527067003840,2026-09-06T14:31:01.421248+00:00
"Food, Beverage & Agribusiness",ALIMENTOS Y BEBIDAS AVANZADA S.A. DE C.V.,alimentosybebidasa.com.mx,Adriana González,Chief Executive Officer (CEO),C_SUITE,EXECUTIVE,agonzález@alimentosybebidasa.com.mx,VERIFIED,85,+525461879325,2026-09-06T14:31:01.421248+00:00
"Food, Beverage & Agribusiness",ALIMENTOS Y BEBIDAS AVANZADA S.A. DE C.V.,alimentosybebidasa.com.mx,David Vega,Chief Executive Officer (CEO),C_SUITE,EXECUTIVE,dvega@alimentosybebidasa.com.mx,VERIFIED,85,+526260576902,2026-09-06T14:31:01.421248+00:00
"Food, Beverage & Agribusiness",ALIMENTOS Y BEBIDAS NACIONAL S. DE R.L. DE C.V.,alimentosybebidasn.mx,Miguel Treviño,Chief Revenue Officer (CRO),C_SUITE,SALES_MARKETING,mtreviño@alimentosybebidasn.mx,VERIFIED,85,+526892474373,2026-09-06T14:31:01.421248+00:00
"Food, Beverage & Agribusiness",ALIMENTOS Y BEBIDAS NACIONAL S. DE R.L. DE C.V.,alimentosybebidasn.mx,Luis Morales,Founder,FOUNDER,EXECUTIVE,lmorales@alimentosybebidasn.mx,VERIFIED,85,+527658503123,2026-09-06T14:31:01.421248+00:00
"Food, Beverage & Agribusiness",ALIMENTOS Y BEBIDAS MODERNA S. DE R.L. DE C.V.,alimentosybebidasm.com.mx,Gabriel Martínez,Founder,FOUNDER,EXECUTIVE,gmartínez@alimentosybebidasm.com.mx,VERIFIED,85,+525575617085,2026-09-06T14:31:01.421248+00:00
"Food, Beverage & Agribusiness",ALIMENTOS Y BEBIDAS MODERNA S. DE R.L. DE C.V.,alimentosybebidasm.com.mx,Claudia Treviño,Chief Operating Officer (COO),C_SUITE,OPERATIONS,ctreviño@alimentosybebidasm.com.mx,VERIFIED,85,+527134405989,2026-09-06T14:31:01.421248+00:00
"Food, Beverage & Agribusiness",ALIMENTOS Y BEBIDAS AVANZADA S.A.S.,alimentosybebidasa.mx,Patricia Benítez,Chief Executive Officer (CEO),C_SUITE,EXECUTIVE,pbenítez@alimentosybebidasa.mx,VERIFIED,85,+529131266890,2026-09-06T14:31:01.421248+00:00
"Food, Beverage & Agribusiness",ALIMENTOS Y BEBIDAS AVANZADA S.A.S.,alimentosybebidasa.mx,Sofia Castro,Chief Executive Officer (CEO),C_SUITE,EXECUTIVE,scastro@alimentosybebidasa.mx,VERIFIED,85,+527792019360,2026-09-06T14:31:01.421248+00:00
"Food, Beverage & Agribusiness",ALIMENTOS Y BEBIDAS GLOBAL S. DE R.L. DE C.V.,alimentosybebidasg.com.mx,Andrea Dominguez,Chief Revenue Officer (CRO),C_SUITE,SALES_MARKETING,adominguez@alimentosybebidasg.com.mx,VERIFIED,85,+525521497206,2026-09-06T14:31:01.421248+00:00
"Food, Beverage & Agribusiness",ALIMENTOS Y BEBIDAS LATINOAMERICANA S.C.,alimentosybebidasl.mx,Guillermo Hernández,Founder,FOUNDER,EXECUTIVE,ghernández@alimentosybebidasl.mx,VERIFIED,85,+525184595520,2026-09-06T14:31:01.421248+00:00
"Food, Beverage & Agribusiness",ALIMENTOS Y BEBIDAS LATINOAMERICANA S.C.,alimentosybebidasl.mx,Jorge Hernández,Chief Executive Officer (CEO),C_SUITE,EXECUTIVE,jhernández@alimentosybebidasl.mx,VERIFIED,85,+524850880760,2026-09-06T14:31:01.421248+00:00
"Food, Beverage & Agribusiness",ALIMENTOS Y BEBIDAS LATINOAMERICANA S.C.,alimentosybebidasl.mx,Rodrigo García,Chief Financial Officer (CFO),C_SUITE,FINANCE,rgarcía@alimentosybebidasl.mx,VERIFIED,85,+524665014650,2026-09-06T14:31:01.421248+00:00
"Food, Beverage & Agribusiness",ALIMENTOS Y BEBIDAS GLOBAL S.A.B. DE C.V.,alimentosybebidasg.mx,Gabriel Mendoza,Chief Financial Officer (CFO),C_SUITE,FINANCE,gmendoza@alimentosybebidasg.mx,VERIFIED,85,+527579789791,2026-09-06T14:31:01.421248+00:00
"Food, Beverage & Agribusiness",ALIMENTOS Y BEBIDAS INDUSTRIAL S.A.P.I. DE C.V.,alimentosybebidasi.com,Hector García,Founder,FOUNDER,EXECUTIVE,hgarcía@alimentosybebidasi.com,VERIFIED,85,+526818199812,2026-09-06T14:31:01.421248+00:00
"Food, Beverage & Agribusiness",ALIMENTOS Y BEBIDAS INDUSTRIAL S.A.P.I. DE C.V.,alimentosybebidasi.com,Guillermo Hernández,Chief Financial Officer (CFO),C_SUITE,FINANCE,ghernández@alimentosybebidasi.com,VERIFIED,85,+528812781619,2026-09-06T14:31:01.421248+00:00
"Food, Beverage & Agribusiness",ALIMENTOS Y BEBIDAS DEL PACIFICO S.A.P.I. DE C.V.,alimentosybebidasd.com.mx,Daniel Vega,Chief Executive Officer (CEO),C_SUITE,EXECUTIVE,dvega@alimentosybebidasd.com.mx,VERIFIED,85,+524043246211,2026-09-06T14:31:01.421248+00:00
"Food, Beverage & Agribusiness",ALIMENTOS Y BEBIDAS DEL PACIFICO S.A.P.I. DE C.V.,alimentosybebidasd.com.mx,Carlos Valenzuela,Chief Human Resources Officer (CHRO),C_SUITE,HR_PEOPLE,cvalenzuela@alimentosybebidasd.com.mx,VERIFIED,85,+526389894302,2026-09-06T14:31:01.421248+00:00
"Food, Beverage & Agribusiness",ALIMENTOS Y BEBIDAS DEL PACIFICO S.A.P.I. DE C.V.,alimentosybebidasd.com.mx,Carlos Navarro,Chief Operating Officer (COO),C_SUITE,OPERATIONS,cnavarro@alimentosybebidasd.com.mx,VERIFIED,85,+527576058552,2026-09-06T14:31:01.421248+00:00
"Food, Beverage & Agribusiness",ALIMENTOS Y BEBIDAS DEL PACIFICO S.A.P.I. DE C.V.,alimentosybebidasd.com.mx,Javier López,Chief Operating Officer (COO),C_SUITE,OPERATIONS,jlópez@alimentosybebidasd.com.mx,VERIFIED,85,+526092986322,2026-09-06T14:31:01.421248+00:00
"Food, Beverage & Agribusiness",ALIMENTOS Y BEBIDAS INTEGRAL S.C.,alimentosybebidasi.com.mx,Javier González,Founder,FOUNDER,EXECUTIVE,jgonzález@alimentosybebidasi.com.mx,VERIFIED,85,+527793642306,2026-09-06T14:31:01.421248+00:00
"Food, Beverage & Agribusiness",ALIMENTOS Y BEBIDAS DE LAS AMERICAS S.A.S.,alimentosybebidasd.com.mx,David Treviño,Founder,FOUNDER,EXECUTIVE,dtreviño@alimentosybebidasd.com.mx,VERIFIED,85,+529726915052,2026-09-06T14:31:01.425925+00:00
"Food, Beverage & Agribusiness",ALIMENTOS Y BEBIDAS DE LAS AMERICAS S.A.S.,alimentosybebidasd.com.mx,Fernando Salinas,Chief Human Resources Officer (CHRO),C_SUITE,HR_PEOPLE,fsalinas@alimentosybebidasd.com.mx,VERIFIED,85,+526239678326,2026-09-06T14:31:01.425925+00:00
"Food, Beverage & Agribusiness",ALIMENTOS Y BEBIDAS DE LAS AMERICAS S.A.S.,alimentosybebidasd.com.mx,Miguel Navarro,Chief Executive Officer (CEO),C_SUITE,EXECUTIVE,mnavarro@alimentosybebidasd.com.mx,VERIFIED,85,+526737200239,2026-09-06T14:31:01.425925+00:00
"Food, Beverage & Agribusiness",ALIMENTOS Y BEBIDAS DE LAS AMERICAS S.A.S.,alimentosybebidasd.com.mx,Eduardo Valenzuela,Chief Operating Officer (COO),C_SUITE,OPERATIONS,evalenzuela@alimentosybebidasd.com.mx,VERIFIED,85,+529856594864,2026-09-06T14:31:01.425925+00:00
"Food, Beverage & Agribusiness",ALIMENTOS Y BEBIDAS DE LAS AMERICAS S.A.S.,alimentosybebidasd.com.mx,Alejandro González,Chief Human Resources Officer (CHRO),C_SUITE,HR_PEOPLE,agonzález@alimentosybebidasd.com.mx,VERIFIED,85,+526994796362,2026-09-06T14:31:01.425925+00:00
"Food, Beverage & Agribusiness",ALIMENTOS Y BEBIDAS DE LAS AMERICAS S.A.S.,alimentosybebidasd.com.mx,Patricia García,Chief Operating Officer (COO),C_SUITE,OPERATIONS,pgarcía@alimentosybebidasd.com.mx,VERIFIED,85,+524048410530,2026-09-06T14:31:01.425925+00:00
"Food, Beverage & Agribusiness",ALIMENTOS Y BEBIDAS DE LAS AMERICAS S.A.S.,alimentosybebidasd.com.mx,Patricia Treviño,Chief Revenue Officer (CRO),C_SUITE,SALES_MARKETING,ptreviño@alimentosybebidasd.com.mx,VERIFIED,85,+525518023259,2026-09-06T14:31:01.425925+00:00
"Food, Beverage & Agribusiness",ALIMENTOS Y BEBIDAS AVANZADA S.C.,alimentosybebidasa.com.mx,Gabriel Morales,Founder,FOUNDER,EXECUTIVE,gmorales@alimentosybebidasa.com.mx,VERIFIED,85,+528456958727,2026-09-06T14:31:01.425925+00:00
"Food, Beverage & Agribusiness",ALIMENTOS Y BEBIDAS AVANZADA S.C.,alimentosybebidasa.com.mx,David García,Chief Operating Officer (COO),C_SUITE,OPERATIONS,dgarcía@alimentosybebidasa.com.mx,VERIFIED,85,+525649140920,2026-09-06T14:31:01.425925+00:00
"Food, Beverage & Agribusiness",ALIMENTOS Y BEBIDAS EMPRESARIAL S.C.,alimentosybebidase.com,Patricia Castro,Chief Human Resources Officer (CHRO),C_SUITE,HR_PEOPLE,pcastro@alimentosybebidase.com,VERIFIED,85,+525399655216,2026-09-06T14:31:01.425925+00:00
"Food, Beverage & Agribusiness",ALIMENTOS Y BEBIDAS EMPRESARIAL S.C.,alimentosybebidase.com,Carlos Valenzuela,Chief Executive Officer (CEO),C_SUITE,EXECUTIVE,cvalenzuela@alimentosybebidase.com,VERIFIED,85,+525133831436,2026-09-06T14:31:01.425925+00:00
"Food, Beverage & Agribusiness",ALIMENTOS Y BEBIDAS EMPRESARIAL S.C.,alimentosybebidase.com,Roberto Benítez,Chief Revenue Officer (CRO),C_SUITE,SALES_MARKETING,rbenítez@alimentosybebidase.mx,VERIFIED,85,+527968644559,2026-09-06T14:31:01.425925+00:00
"Food, Beverage & Agribusiness",ALIMENTOS Y BEBIDAS EMPRESARIAL S.C.,alimentosybebidase.com,David García,Chief Executive Officer (CEO),C_SUITE,EXECUTIVE,dgarcía@alimentosybebidase.com,VERIFIED,85,+529783932855,2026-09-06T14:31:01.425925+00:00
"Food, Beverage & Agribusiness",ALIMENTOS Y BEBIDAS CENTRAL S.A.B. DE C.V.,alimentosybebidasc.com.mx,Eduardo Navarro,Chief Revenue Officer (CRO),C_SUITE,SALES_MARKETING,enavarro@alimentosybebidasc.com.mx,VERIFIED,85,+527754369431,2026-09-06T14:31:01.425925+00:00
"Food, Beverage & Agribusiness",ALIMENTOS Y BEBIDAS CENTRAL S.A.B. DE C.V.,alimentosybebidasc.com.mx,Adriana Villaseñor,Chief Executive Officer (CEO),C_SUITE,EXECUTIVE,avillaseñor@alimentosybebidasc.mx,VERIFIED,85,+526797568724,2026-09-06T14:31:01.425925+00:00
"Food, Beverage & Agribusiness",ALIMENTOS Y BEBIDAS INDUSTRIAL 66 S.A.B. DE C.V.,alimentosybebidasi.mx,Guillermo García,Chief Financial Officer (CFO),C_SUITE,FINANCE,ggarcía@alimentosybebidasi.mx,VERIFIED,85,+529978024243,2026-09-06T14:31:01.425925+00:00
"Food, Beverage & Agribusiness",ALIMENTOS Y BEBIDAS INDUSTRIAL 66 S.A.B. DE C.V.,alimentosybebidasi.mx,Alejandro López,Chief Financial Officer (CFO),C_SUITE,FINANCE,alópez@alimentosybebidasi.mx,VERIFIED,85,+529576175908,2026-09-06T14:31:01.425925+00:00
"Food, Beverage & Agribusiness",ALIMENTOS Y BEBIDAS INDUSTRIAL 66 S.A.B. DE C.V.,alimentosybebidasi.mx,David Castro,Chief Financial Officer (CFO),C_SUITE,FINANCE,dcastro@alimentosybebidasi.mx,VERIFIED,85,+527624971459,2026-09-06T14:31:01.425925+00:00
"Food, Beverage & Agribusiness",ALIMENTOS Y BEBIDAS DEL BAJIO S.A.B. DE C.V.,alimentosybebidasd.mx,Gabriel Navarro,Chief Financial Officer (CFO),C_SUITE,FINANCE,gnavarro@alimentosybebidasd.mx,VERIFIED,85,+529223928939,2026-09-06T14:31:01.425925+00:00
"Food, Beverage & Agribusiness",ALIMENTOS Y BEBIDAS DEL BAJIO S.A.B. DE C.V.,alimentosybebidasd.mx,Guillermo Treviño,Chief Human Resources Officer (CHRO),C_SUITE,HR_PEOPLE,gtreviño@alimentosybebidasd.mx,VERIFIED,85,+529182837507,2026-09-06T14:31:01.425925+00:00
"Food, Beverage & Agribusiness",ALIMENTOS Y BEBIDAS DEL BAJIO S.A.B. DE C.V.,alimentosybebidasd.mx,Mariana Mendoza,Chief Operating Officer (COO),C_SUITE,OPERATIONS,mmendoza@alimentosybebidasd.mx,VERIFIED,85,+527443858927,2026-09-06T14:31:01.425925+00:00
"Food, Beverage & Agribusiness",ALIMENTOS Y BEBIDAS DEL BAJIO S.A.B. DE C.V.,alimentosybebidasd.mx,Jorge González,Chief Executive Officer (CEO),C_SUITE,EXECUTIVE,jgonzález@alimentosybebidasd.mx,VERIFIED,85,+525259583235,2026-09-06T14:31:01.425925+00:00
"Food, Beverage & Agribusiness",ALIMENTOS Y BEBIDAS DEL BAJIO S.A.B. DE C.V.,alimentosybebidasd.mx,Rodrigo Benítez,Chief Human Resources Officer (CHRO),C_SUITE,HR_PEOPLE,rbenítez@alimentosybebidasd.mx,VERIFIED,85,+529551383127,2026-09-06T14:31:01.425925+00:00
"Food, Beverage & Agribusiness",ALIMENTOS Y BEBIDAS DEL BAJIO S.A.B. DE C.V.,alimentosybebidasd.mx,Claudia Navarro,Chief Executive Officer (CEO),C_SUITE,EXECUTIVE,cnavarro@alimentosybebidasd.mx,VERIFIED,85,+528989519777,2026-09-06T14:31:01.425925+00:00
"Food, Beverage & Agribusiness",ALIMENTOS Y BEBIDAS DEL BAJIO S.A.B. DE C.V.,alimentosybebidasd.mx,Roberto Treviño,Founder,FOUNDER,EXECUTIVE,rtreviño@alimentosybebidasd.mx,VERIFIED,85,+524814094486,2026-09-06T14:31:01.425925+00:00
"Food, Beverage & Agribusiness",ALIMENTOS Y BEBIDAS NACIONAL S.A. DE C.V.,alimentosybebidasn.com,Javier Vega,Chief Human Resources Officer (CHRO),C_SUITE,HR_PEOPLE,jvega@alimentosybebidasn.com,VERIFIED,85,+526584245167,2026-09-06T14:31:01.425925+00:00
"Food, Beverage & Agribusiness",ALIMENTOS Y BEBIDAS INDUSTRIAL 74 S.A. DE C.V.,alimentosybebidasi.com.mx,Sofia Salinas,Chief Financial Officer (CFO),C_SUITE,FINANCE,ssalinas@alimentosybebidasi.com.mx,VERIFIED,85,+529052671193,2026-09-06T14:31:01.425925+00:00
"Food, Beverage & Agribusiness",ALIMENTOS Y BEBIDAS INDUSTRIAL 74 S.A. DE C.V.,alimentosybebidasi.com.mx,Luis García,Chief Technology Officer (CTO),C_SUITE,ENGINEERING_IT,lgarcía@alimentosybebidasi.com.mx,VERIFIED,85,+527698815324,2026-09-06T14:31:01.425925+00:00
"Food, Beverage & Agribusiness",ALIMENTOS Y BEBIDAS INDUSTRIAL 74 S.A. DE C.V.,alimentosybebidasi.com.mx,Eduardo Martínez,Chief Operating Officer (COO),C_SUITE,OPERATIONS,emartínez@alimentosybebidasi.com.mx,VERIFIED,85,+528246987512,2026-09-06T14:31:01.425925+00:00
"Food, Beverage & Agribusiness",ALIMENTOS Y BEBIDAS INDUSTRIAL 74 S.A. DE C.V.,alimentosybebidasi.com.mx,Alejandro Martínez,Chief Human Resources Officer (CHRO),C_SUITE,HR_PEOPLE,amartínez@alimentosybebidasi.com.mx,VERIFIED,85,+528388501893,2026-09-06T14:31:01.425925+00:00
"Food, Beverage & Agribusiness",ALIMENTOS Y BEBIDAS DEL BAJIO S.A.S.,alimentosybebidasd.com,Eduardo Ruiz,Chief Human Resources Officer (CHRO),C_SUITE,HR_PEOPLE,eruiz@alimentosybebidasd.com,VERIFIED,85,+526684144709,2026-09-06T14:31:01.425925+00:00
"Food, Beverage & Agribusiness",ALIMENTOS Y BEBIDAS DEL BAJIO S.A.S.,alimentosybebidasd.com,Mariana Salinas,Chief Executive Officer (CEO),C_SUITE,EXECUTIVE,msalinas@alimentosybebidasd.com,VERIFIED,85,+529980228665,2026-09-06T14:31:01.425925+00:00
"Food, Beverage & Agribusiness",ALIMENTOS Y BEBIDAS DEL BAJIO S.A.S.,alimentosybebidasd.com,Guillermo García,Founder,FOUNDER,EXECUTIVE,ggarcía@alimentosybebidasd.com,VERIFIED,85,+524221615549,2026-09-06T14:31:01.425925+00:00
"Food, Beverage & Agribusiness",ALIMENTOS Y BEBIDAS DEL BAJIO S.A.S.,alimentosybebidasd.com,Alejandro Dominguez,Chief Technology Officer (CTO),C_SUITE,ENGINEERING_IT,adominguez@alimentosybebidasd.com,VERIFIED,85,+526596653531,2026-09-06T14:31:01.425925+00:00
"Food, Beverage & Agribusiness",ALIMENTOS Y BEBIDAS DEL BAJIO S.A.S.,alimentosybebidasd.com,Jorge Dominguez,Chief Financial Officer (CFO),C_SUITE,FINANCE,jdominguez@alimentosybebidasd.com,VERIFIED,85,+528852712923,2026-09-06T14:31:01.425925+00:00
"Food, Beverage & Agribusiness",ALIMENTOS Y BEBIDAS DEL BAJIO S.A.S.,alimentosybebidasd.com,Sofia Villaseñor,Chief Executive Officer (CEO),C_SUITE,EXECUTIVE,svillaseñor@alimentosybebidasd.com,VERIFIED,85,+527912770342,2026-09-06T14:31:01.425925+00:00
"Food, Beverage & Agribusiness",ALIMENTOS Y BEBIDAS INTERNACIONAL 4 S. DE R.L. DE C.V.,alimentosybebidasi.com,Adriana García,Founder,FOUNDER,EXECUTIVE,agarcía@alimentosybebidasi.com,VERIFIED,85,+524891354064,2026-09-06T14:31:01.425925+00:00
"Food, Beverage & Agribusiness",ALIMENTOS Y BEBIDAS INTERNACIONAL 4 S. DE R.L. DE C.V.,alimentosybebidasi.com,Sofia Valenzuela,Chief Operating Officer (COO),C_SUITE,OPERATIONS,svalenzuela@alimentosybebidasi.com,VERIFIED,85,+525477094910,2026-09-06T14:31:01.425925+00:00
"Food, Beverage & Agribusiness",ALIMENTOS Y BEBIDAS INTERNACIONAL 4 S. DE R.L. DE C.V.,alimentosybebidasi.com,Luis Morales,Chief Human Resources Officer (CHRO),C_SUITE,HR_PEOPLE,lmorales@alimentosybebidasi.com,VERIFIED,85,+524184571285,2026-09-06T14:31:01.425925+00:00
"Food, Beverage & Agribusiness",ALIMENTOS Y BEBIDAS MODERNA 36 S.A.B. DE C.V.,alimentosybebidasm.com.mx,Daniel Hernández,Chief Executive Officer (CEO),C_SUITE,EXECUTIVE,dhernández@alimentosybebidasm.com.mx,VERIFIED,85,+528114469591,2026-09-06T14:31:01.425925+00:00
"Food, Beverage & Agribusiness",ALIMENTOS Y BEBIDAS MODERNA 36 S.A.B. DE C.V.,alimentosybebidasm.com.mx,Andrea Villaseñor,Chief Revenue Officer (CRO),C_SUITE,SALES_MARKETING,avillaseñor@alimentosybebidasm.com.mx,VERIFIED,85,+529393871952,2026-09-06T14:31:01.425925+00:00
"Food, Beverage & Agribusiness",ALIMENTOS Y BEBIDAS EMPRESARIAL S.A. DE C.V.,alimentosybebidase.mx,Fernando López,Founder,FOUNDER,EXECUTIVE,flópez@alimentosybebidase.mx,VERIFIED,85,+529295362240,2026-09-06T14:31:01.425925+00:00
"Food, Beverage & Agribusiness",ALIMENTOS Y BEBIDAS EMPRESARIAL S.A. DE C.V.,alimentosybebidase.mx,Jorge Villaseñor,Founder,FOUNDER,EXECUTIVE,jvillaseñor@alimentosybebidase.mx,VERIFIED,85,+524385076773,2026-09-06T14:31:01.425925+00:00
"Food, Beverage & Agribusiness",ALIMENTOS Y BEBIDAS ESPECIALIZADA S.A.S.,alimentosybebidase.com.mx,Eduardo Hernández,Chief Revenue Officer (CRO),C_SUITE,SALES_MARKETING,ehernández@alimentosybebidase.com.mx,VERIFIED,85,+524592648373,2026-09-06T14:31:01.425925+00:00
"Food, Beverage & Agribusiness",ALIMENTOS Y BEBIDAS ESPECIALIZADA S.A.S.,alimentosybebidase.com.mx,Roberto González,Chief Technology Officer (CTO),C_SUITE,ENGINEERING_IT,rgonzález@alimentosybebidase.com.mx,VERIFIED,85,+529533737385,2026-09-06T14:31:01.425925+00:00
"Food, Beverage & Agribusiness",ALIMENTOS Y BEBIDAS LATINOAMERICANA S.A.S.,alimentosybebidasl.com,Carlos Benítez,Chief Technology Officer (CTO),C_SUITE,ENGINEERING_IT,cbenítez@alimentosybebidasl.com,VERIFIED,85,+524176376903,2026-09-06T14:31:01.425925+00:00
"Food, Beverage & Agribusiness",ALIMENTOS Y BEBIDAS NACIONAL S.A.S.,alimentosybebidasn.mx,Rodrigo Hernández,Chief Human Resources Officer (CHRO),C_SUITE,HR_PEOPLE,rhernández@alimentosybebidasn.mx,VERIFIED,85,+529647688418,2026-09-06T14:31:01.425925+00:00
"Food, Beverage & Agribusiness",ALIMENTOS Y BEBIDAS NACIONAL S.A.S.,alimentosybebidasn.mx,Fernando Ruiz,Chief Executive Officer (CEO),C_SUITE,EXECUTIVE,fruiz@alimentosybebidasn.mx,VERIFIED,85,+529263228022,2026-09-06T14:31:01.425925+00:00
"Food, Beverage & Agribusiness",ALIMENTOS Y BEBIDAS NACIONAL S.A.S.,alimentosybebidasn.mx,David López,Chief Operating Officer (COO),C_SUITE,OPERATIONS,dlópez@alimentosybebidasn.mx,VERIFIED,85,+525484613208,2026-09-06T14:31:01.425925+00:00
"Food, Beverage & Agribusiness",ALIMENTOS Y BEBIDAS NACIONAL S.A. DE C.V.,alimentosybebidasn.com.mx,Claudia Dominguez,Chief Financial Officer (CFO),C_SUITE,FINANCE,cdominguez@alimentosybebidasn.com.mx,VERIFIED,85,+529456506611,2026-09-06T14:31:01.425925+00:00
"Food, Beverage & Agribusiness",ALIMENTOS Y BEBIDAS NACIONAL S.A. DE C.V.,alimentosybebidasn.com.mx,Guillermo Vega,Chief Technology Officer (CTO),C_SUITE,ENGINEERING_IT,gvega@alimentosybebidasn.com.mx,VERIFIED,85,+524276079910,2026-09-06T14:31:01.425925+00:00
"Food, Beverage & Agribusiness",ALIMENTOS Y BEBIDAS NACIONAL S.A. DE C.V.,alimentosybebidasn.com.mx,Mariana Navarro,Founder,FOUNDER,EXECUTIVE,mnavarro@alimentosybebidasn.com.mx,VERIFIED,85,+526092064106,2026-09-06T14:31:01.425925+00:00
"Food, Beverage & Agribusiness",ALIMENTOS Y BEBIDAS GLOBAL S. DE R.L. DE C.V.,alimentosybebidasg.mx,Roberto Treviño,Chief Financial Officer (CFO),C_SUITE,FINANCE,rtreviño@alimentosybebidasg.mx,VERIFIED,85,+529186889639,2026-09-06T14:31:01.425925+00:00
"Food, Beverage & Agribusiness",ALIMENTOS Y BEBIDAS GLOBAL S. DE R.L. DE C.V.,alimentosybebidasg.mx,Patricia Dominguez,Chief Technology Officer (CTO),C_SUITE,ENGINEERING_IT,pdominguez@alimentosybebidasg.mx,VERIFIED,85,+524444543927,2026-09-06T14:31:01.425925+00:00
"Food, Beverage & Agribusiness",ALIMENTOS Y BEBIDAS GLOBAL S. DE R.L. DE C.V.,alimentosybebidasg.mx,David Navarro,Chief Executive Officer (CEO),C_SUITE,EXECUTIVE,dnavarro@alimentosybebidasg.mx,VERIFIED,85,+528936765449,2026-09-06T14:31:01.425925+00:00
"Food, Beverage & Agribusiness",ALIMENTOS Y BEBIDAS MEXICANA S. DE R.L. DE C.V.,alimentosybebidasm.com,Javier Morales,Chief Human Resources Officer (CHRO),C_SUITE,HR_PEOPLE,jmorales@alimentosybebidasm.com,VERIFIED,85,+529474287332,2026-09-06T14:31:01.425925+00:00
"Food, Beverage & Agribusiness",ALIMENTOS Y BEBIDAS LATINOAMERICANA S.A.P.I. DE C.V.,alimentosybebidasl.com.mx,Sofia García,Founder,FOUNDER,EXECUTIVE,sgarcía@alimentosybebidasl.com.mx,VERIFIED,85,+529837042575,2026-09-06T14:31:01.425925+00:00
"Food, Beverage & Agribusiness",ALIMENTOS Y BEBIDAS AVANZADA 12 S.C.,alimentosybebidasa.com,Alejandro Treviño,Chief Revenue Officer (CRO),C_SUITE,SALES_MARKETING,atreviño@alimentosybebidasa.com,VERIFIED,85,+528669025339,2026-09-06T14:31:01.425925+00:00
"Food, Beverage & Agribusiness",ALIMENTOS Y BEBIDAS MODERNA S.A. DE C.V.,alimentosybebidasm.mx,Roberto González,Chief Financial Officer (CFO),C_SUITE,FINANCE,rgonzález@alimentosybebidasm.mx,VERIFIED,85,+529235820912,2026-09-06T14:31:01.425925+00:00
"Food, Beverage & Agribusiness",ALIMENTOS Y BEBIDAS INDUSTRIAL S.A. DE C.V.,alimentosybebidasi.com.mx,Claudia Garza,Chief Technology Officer (CTO),C_SUITE,ENGINEERING_IT,cgarza@alimentosybebidasi.com.mx,VERIFIED,85,+527555817159,2026-09-06T14:31:01.432682+00:00
"Food, Beverage & Agribusiness",ALIMENTOS Y BEBIDAS INDUSTRIAL S.A. DE C.V.,alimentosybebidasi.com.mx,Eduardo Salinas,Chief Financial Officer (CFO),C_SUITE,FINANCE,esalinas@alimentosybebidasi.com.mx,VERIFIED,85,+528740125480,2026-09-06T14:31:01.432682+00:00
"Food, Beverage & Agribusiness",ALIMENTOS Y BEBIDAS INDUSTRIAL S.A. DE C.V.,alimentosybebidasi.com.mx,Carlos Salinas,Chief Executive Officer (CEO),C_SUITE,EXECUTIVE,csalinas@alimentosybebidasi.com.mx,VERIFIED,85,+526727352485,2026-09-06T14:31:01.432682+00:00
"Food, Beverage & Agribusiness",ALIMENTOS Y BEBIDAS INDUSTRIAL S.A. DE C.V.,alimentosybebidasi.com.mx,Daniel Martínez,Chief Operating Officer (COO),C_SUITE,OPERATIONS,dmartínez@alimentosybebidasi.com.mx,VERIFIED,85,+528490575312,2026-09-06T14:31:01.432682+00:00
"Food, Beverage & Agribusiness",ALIMENTOS Y BEBIDAS INDUSTRIAL S.A. DE C.V.,alimentosybebidasi.com.mx,Luis Villaseñor,Chief Human Resources Officer (CHRO),C_SUITE,HR_PEOPLE,lvillaseñor@alimentosybebidasi.com.mx,VERIFIED,85,+526264745858,2026-09-06T14:31:01.432682+00:00
"Food, Beverage & Agribusiness",ALIMENTOS Y BEBIDAS INDUSTRIAL S.C.,alimentosybebidasi.mx,Fernando Alarcón,Chief Human Resources Officer (CHRO),C_SUITE,HR_PEOPLE,falarcón@alimentosybebidasi.mx,VERIFIED,85,+527163681626,2026-09-06T14:31:01.432682+00:00
"Food, Beverage & Agribusiness",ALIMENTOS Y BEBIDAS INDUSTRIAL S.C.,alimentosybebidasi.mx,David Alarcón,Chief Executive Officer (CEO),C_SUITE,EXECUTIVE,dalarcón@alimentosybebidasi.mx,VERIFIED,85,+524838454730,2026-09-06T14:31:01.432682+00:00
"Food, Beverage & Agribusiness",ALIMENTOS Y BEBIDAS INDUSTRIAL S.C.,alimentosybebidasi.mx,Patricia Alarcón,Chief Human Resources Officer (CHRO),C_SUITE,HR_PEOPLE,palarcón@alimentosybebidasi.mx,VERIFIED,85,+524447648488,2026-09-06T14:31:01.432682+00:00
"Food, Beverage & Agribusiness",ALIMENTOS Y BEBIDAS INDUSTRIAL S.C.,alimentosybebidasi.mx,Patricia Dominguez,Chief Executive Officer (CEO),C_SUITE,EXECUTIVE,pdominguez@alimentosybebidasi.mx,VERIFIED,85,+525735057318,2026-09-06T14:31:01.432682+00:00
"Food, Beverage & Agribusiness",ALIMENTOS Y BEBIDAS INDUSTRIAL S.C.,alimentosybebidasi.mx,Rodrigo Martínez,Chief Technology Officer (CTO),C_SUITE,ENGINEERING_IT,rmartínez@alimentosybebidasi.mx,VERIFIED,85,+527150996869,2026-09-06T14:31:01.432682+00:00
"Food, Beverage & Agribusiness",ALIMENTOS Y BEBIDAS INDUSTRIAL S.C.,alimentosybebidasi.mx,Fernando Dominguez,Chief Human Resources Officer (CHRO),C_SUITE,HR_PEOPLE,fdominguez@alimentosybebidasi.mx,VERIFIED,85,+524832553986,2026-09-06T14:31:01.432682+00:00
"Food, Beverage & Agribusiness",ALIMENTOS Y BEBIDAS INDUSTRIAL S.A.S.,alimentosybebidasi.com,Javier Villaseñor,Chief Executive Officer (CEO),C_SUITE,EXECUTIVE,jvillaseñor@alimentosybebidasi.com,VERIFIED,85,+525168278931,2026-09-06T14:31:01.432682+00:00
"Food, Beverage & Agribusiness",ALIMENTOS Y BEBIDAS INDUSTRIAL S.A.S.,alimentosybebidasi.com,Sofia Morales,Chief Technology Officer (CTO),C_SUITE,ENGINEERING_IT,smorales@alimentosybebidasi.com,VERIFIED,85,+525245456805,2026-09-06T14:31:01.432682+00:00
"Food, Beverage & Agribusiness",ALIMENTOS Y BEBIDAS ESPECIALIZADA S.C.,alimentosybebidase.mx,Andrea Treviño,Founder,FOUNDER,EXECUTIVE,atreviño@alimentosybebidase.mx,VERIFIED,85,+526480785415,2026-09-06T14:31:01.432682+00:00
"Food, Beverage & Agribusiness",ALIMENTOS Y BEBIDAS ESPECIALIZADA S.C.,alimentosybebidase.mx,Mariana Alarcón,Chief Executive Officer (CEO),C_SUITE,EXECUTIVE,malarcón@alimentosybebidase.mx,VERIFIED,85,+525615162971,2026-09-06T14:31:01.432682+00:00
"Food, Beverage & Agribusiness",ALIMENTOS Y BEBIDAS ESPECIALIZADA S.C.,alimentosybebidase.mx,Andrea Villaseñor,Chief Executive Officer (CEO),C_SUITE,EXECUTIVE,avillaseñor@alimentosybebidase.mx,VERIFIED,85,+526126482149,2026-09-06T14:31:01.432682+00:00
"Food, Beverage & Agribusiness",ALIMENTOS Y BEBIDAS ESPECIALIZADA S.C.,alimentosybebidase.mx,Daniel Alarcón,Chief Revenue Officer (CRO),C_SUITE,SALES_MARKETING,dalarcón@alimentosybebidase.mx,VERIFIED,85,+524238531924,2026-09-06T14:31:01.432682+00:00
"Food, Beverage & Agribusiness",ALIMENTOS Y BEBIDAS MEXICANA S.A.P.I. DE C.V.,alimentosybebidasm.com.mx,Alejandro Treviño,Chief Executive Officer (CEO),C_SUITE,EXECUTIVE,atreviño@alimentosybebidasm.com.mx,VERIFIED,85,+529469247284,2026-09-06T14:31:01.432682+00:00
"Food, Beverage & Agribusiness",ALIMENTOS Y BEBIDAS MEXICANA S.A.P.I. DE C.V.,alimentosybebidasm.com.mx,Mariana Castro,Chief Technology Officer (CTO),C_SUITE,ENGINEERING_IT,mcastro@alimentosybebidasm.com.mx,VERIFIED,85,+525414674177,2026-09-06T14:31:01.432682+00:00
"Food, Beverage & Agribusiness",ALIMENTOS Y BEBIDAS CENTRAL S.A.P.I. DE C.V.,alimentosybebidasc.com,Sofia Navarro,Chief Technology Officer (CTO),C_SUITE,ENGINEERING_IT,snavarro@alimentosybebidasc.com,VERIFIED,85,+527463668334,2026-09-06T14:31:01.432682+00:00
"Food, Beverage & Agribusiness",ALIMENTOS Y BEBIDAS LATINOAMERICANA S.A.B. DE C.V.,alimentosybebidasl.mx,Claudia Ruiz,Chief Executive Officer (CEO),C_SUITE,EXECUTIVE,cruiz@alimentosybebidasl.mx,VERIFIED,85,+528235145669,2026-09-06T14:31:01.432682+00:00
"Food, Beverage & Agribusiness",ALIMENTOS Y BEBIDAS EMPRESARIAL S.A.S.,alimentosybebidase.com.mx,Luis Benítez,Chief Executive Officer (CEO),C_SUITE,EXECUTIVE,lbenítez@alimentosybebidase.com.mx,VERIFIED,85,+529093323263,2026-09-06T14:31:01.432682+00:00
"Food, Beverage & Agribusiness",ALIMENTOS Y BEBIDAS EMPRESARIAL S.A.S.,alimentosybebidase.com.mx,Hector Ruiz,Chief Operating Officer (COO),C_SUITE,OPERATIONS,hruiz@alimentosybebidase.com.mx,VERIFIED,85,+525598768345,2026-09-06T14:31:01.432682+00:00
"Food, Beverage & Agribusiness",ALIMENTOS Y BEBIDAS EMPRESARIAL S.A.S.,alimentosybebidase.com.mx,Gabriel Villaseñor,Chief Technology Officer (CTO),C_SUITE,ENGINEERING_IT,gvillaseñor@alimentosybebidase.com.mx,VERIFIED,85,+527653278120,2026-09-06T14:31:01.432682+00:00
"Food, Beverage & Agribusiness",ALIMENTOS Y BEBIDAS EMPRESARIAL S.A.S.,alimentosybebidase.com.mx,Andrea Benítez,Chief Financial Officer (CFO),C_SUITE,FINANCE,abenítez@alimentosybebidase.com.mx,VERIFIED,85,+527963787351,2026-09-06T14:31:01.432682+00:00
"Food, Beverage & Agribusiness",ALIMENTOS Y BEBIDAS EMPRESARIAL S.A.S.,alimentosybebidase.com.mx,Andrea Martínez,Founder,FOUNDER,EXECUTIVE,amartínez@alimentosybebidase.com.mx,VERIFIED,85,+525264714952,2026-09-06T14:31:01.432682+00:00
"Food, Beverage & Agribusiness",ALIMENTOS Y BEBIDAS EMPRESARIAL S.A.S.,alimentosybebidase.com.mx,Daniel Hernández,Chief Executive Officer (CEO),C_SUITE,EXECUTIVE,dhernández@alimentosybebidase.com.mx,VERIFIED,85,+529816218792,2026-09-06T14:31:01.432682+00:00
"Food, Beverage & Agribusiness",ALIMENTOS Y BEBIDAS EMPRESARIAL S.A.S.,alimentosybebidase.com.mx,Gabriel Vega,Chief Executive Officer (CEO),C_SUITE,EXECUTIVE,gvega@alimentosybebidase.com.mx,VERIFIED,85,+524160776141,2026-09-06T14:31:01.432682+00:00
"Food, Beverage & Agribusiness",ALIMENTOS Y BEBIDAS AVANZADA S.A.P.I. DE C.V.,alimentosybebidasa.com,Luis Salinas,Founder,FOUNDER,EXECUTIVE,lsalinas@alimentosybebidasa.com,VERIFIED,85,+526258339739,2026-09-06T14:31:01.432682+00:00
"Food, Beverage & Agribusiness",ALIMENTOS Y BEBIDAS AVANZADA S.A.P.I. DE C.V.,alimentosybebidasa.com,Gabriel Salinas,Chief Operating Officer (COO),C_SUITE,OPERATIONS,gsalinas@alimentosybebidasa.com,VERIFIED,85,+524517327581,2026-09-06T14:31:01.432682+00:00
"Food, Beverage & Agribusiness",ALIMENTOS Y BEBIDAS DE OCCIDENTE S.C.,alimentosybebidasd.com.mx,David Martínez,Chief Human Resources Officer (CHRO),C_SUITE,HR_PEOPLE,dmartínez@alimentosybebidasd.com.mx,VERIFIED,85,+527659348065,2026-09-06T14:31:01.432682+00:00
"Food, Beverage & Agribusiness",ALIMENTOS Y BEBIDAS DE OCCIDENTE S.C.,alimentosybebidasd.com.mx,Roberto Navarro,Chief Executive Officer (CEO),C_SUITE,EXECUTIVE,rnavarro@alimentosybebidasd.com.mx,VERIFIED,85,+524718495693,2026-09-06T14:31:01.432682+00:00
"Food, Beverage & Agribusiness",ALIMENTOS Y BEBIDAS DE OCCIDENTE S.C.,alimentosybebidasd.com.mx,Luis Villaseñor,Chief Technology Officer (CTO),C_SUITE,ENGINEERING_IT,lvillaseñor@alimentosybebidasd.com.mx,VERIFIED,85,+529467685879,2026-09-06T14:31:01.432682+00:00
"Food, Beverage & Agribusiness",ALIMENTOS Y BEBIDAS DE OCCIDENTE S.C.,alimentosybebidasd.com.mx,Daniel González,Founder,FOUNDER,EXECUTIVE,dgonzález@alimentosybebidasd.com.mx,VERIFIED,85,+527271766045,2026-09-06T14:31:01.432682+00:00
"Food, Beverage & Agribusiness",ALIMENTOS Y BEBIDAS DE OCCIDENTE S.C.,alimentosybebidasd.com.mx,Fernando Dominguez,Chief Executive Officer (CEO),C_SUITE,EXECUTIVE,fdominguez@alimentosybebidasd.com.mx,VERIFIED,85,+529324899933,2026-09-06T14:31:01.432682+00:00
"Food, Beverage & Agribusiness",ALIMENTOS Y BEBIDAS DE OCCIDENTE S.C.,alimentosybebidasd.com.mx,Carlos Mendoza,Chief Revenue Officer (CRO),C_SUITE,SALES_MARKETING,cmendoza@alimentosybebidasd.com.mx,VERIFIED,85,+525783174701,2026-09-06T14:31:01.432682+00:00
"Food, Beverage & Agribusiness",ALIMENTOS Y BEBIDAS DE OCCIDENTE S.C.,alimentosybebidasd.com.mx,Mariana Alarcón,Chief Human Resources Officer (CHRO),C_SUITE,HR_PEOPLE,malarcón@alimentosybebidasd.com.mx,VERIFIED,85,+526513970302,2026-09-06T14:31:01.432682+00:00
"Food, Beverage & Agribusiness",ALIMENTOS Y BEBIDAS DE OCCIDENTE S.C.,alimentosybebidasd.com.mx,Javier Garza,Chief Technology Officer (CTO),C_SUITE,ENGINEERING_IT,jgarza@alimentosybebidasd.com.mx,VERIFIED,85,+527597654928,2026-09-06T14:31:01.432682+00:00
"Food, Beverage & Agribusiness",ALIMENTOS Y BEBIDAS DE OCCIDENTE S.C.,alimentosybebidasd.com.mx,Luis Castro,Chief Executive Officer (CEO),C_SUITE,EXECUTIVE,lcastro@alimentosybebidasd.com.mx,VERIFIED,85,+526499935350,2026-09-06T14:31:01.432682+00:00
"Food, Beverage & Agribusiness",ALIMENTOS Y BEBIDAS AVANZADA S. DE R.L. DE C.V.,alimentosybebidasa.mx,Patricia Morales,Chief Financial Officer (CFO),C_SUITE,FINANCE,pmorales@alimentosybebidasa.mx,VERIFIED,85,+528198587759,2026-09-06T14:31:01.432682+00:00
"Food, Beverage & Agribusiness",ALIMENTOS Y BEBIDAS DE LAS AMERICAS S.A.B. DE C.V.,alimentosybebidasd.com,Rodrigo Martínez,Chief Executive Officer (CEO),C_SUITE,EXECUTIVE,rmartínez@alimentosybebidasd.com,VERIFIED,85,+524715545968,2026-09-06T14:31:01.432682+00:00
"Food, Beverage & Agribusiness",ALIMENTOS Y BEBIDAS DE LAS AMERICAS S.A.B. DE C.V.,alimentosybebidasd.com,Claudia Mendoza,Chief Human Resources Officer (CHRO),C_SUITE,HR_PEOPLE,cmendoza@alimentosybebidasd.com,VERIFIED,85,+526546119474,2026-09-06T14:31:01.432682+00:00
"Food, Beverage & Agribusiness",ALIMENTOS Y BEBIDAS DE LAS AMERICAS S.A.B. DE C.V.,alimentosybebidasd.com,Andrea Benítez,Chief Human Resources Officer (CHRO),C_SUITE,HR_PEOPLE,abenítez@alimentosybebidasd.com,VERIFIED,85,+529083257242,2026-09-06T14:31:01.432682+00:00
"Food, Beverage & Agribusiness",ALIMENTOS Y BEBIDAS DE LAS AMERICAS S.A.B. DE C.V.,alimentosybebidasd.com,Fernando Vega,Chief Executive Officer (CEO),C_SUITE,EXECUTIVE,fvega@alimentosybebidasd.com,VERIFIED,85,+526645349037,2026-09-06T14:31:01.432682+00:00
"Food, Beverage & Agribusiness",ALIMENTOS Y BEBIDAS DE LAS AMERICAS S.A.B. DE C.V.,alimentosybebidasd.com,Guillermo Vega,Chief Executive Officer (CEO),C_SUITE,EXECUTIVE,gvega@alimentosybebidasd.com,VERIFIED,85,+527357129601,2026-09-06T14:31:01.432682+00:00
"Food, Beverage & Agribusiness",ALIMENTOS Y BEBIDAS DE LAS AMERICAS S.A.B. DE C.V.,alimentosybebidasd.com,Hector Benítez,Chief Operating Officer (COO),C_SUITE,OPERATIONS,hbenítez@alimentosybebidasd.com,VERIFIED,85,+525713305920,2026-09-06T14:31:01.432682+00:00
"Food, Beverage & Agribusiness",ALIMENTOS Y BEBIDAS MODERNA 22 S. DE R.L. DE C.V.,alimentosybebidasm.com,Gabriel Castro,Chief Executive Officer (CEO),C_SUITE,EXECUTIVE,gcastro@alimentosybebidasm.com,VERIFIED,85,+528920701330,2026-09-06T14:31:01.432682+00:00
"Food, Beverage & Agribusiness",ALIMENTOS Y BEBIDAS DEL BAJIO S.C.,alimentosybebidasd.mx,Jorge López,Founder,FOUNDER,EXECUTIVE,jlópez@alimentosybebidasd.mx,VERIFIED,85,+527861711279,2026-09-06T14:31:01.432682+00:00
"Food, Beverage & Agribusiness",ALIMENTOS Y BEBIDAS DEL BAJIO S.C.,alimentosybebidasd.mx,Rodrigo González,Chief Financial Officer (CFO),C_SUITE,FINANCE,rgonzález@alimentosybebidasd.mx,VERIFIED,85,+528252889533,2026-09-06T14:31:01.432682+00:00
"Food, Beverage & Agribusiness",ALIMENTOS Y BEBIDAS DEL BAJIO S.C.,alimentosybebidasd.mx,Carlos Navarro,Chief Human Resources Officer (CHRO),C_SUITE,HR_PEOPLE,cnavarro@alimentosybebidasd.mx,VERIFIED,85,+524480312786,2026-09-06T14:31:01.432682+00:00
"Food, Beverage & Agribusiness",ALIMENTOS Y BEBIDAS DEL BAJIO S.C.,alimentosybebidasd.mx,David Martínez,Chief Technology Officer (CTO),C_SUITE,ENGINEERING_IT,dmartínez@alimentosybebidasd.mx,VERIFIED,85,+524134294249,2026-09-06T14:31:01.432682+00:00
"Food, Beverage & Agribusiness",ALIMENTOS Y BEBIDAS DEL BAJIO S.C.,alimentosybebidasd.mx,Fernando Hernández,Chief Financial Officer (CFO),C_SUITE,FINANCE,fhernández@alimentosybebidasd.mx,VERIFIED,85,+525671010581,2026-09-06T14:31:01.432682+00:00
"Food, Beverage & Agribusiness",ALIMENTOS Y BEBIDAS DEL BAJIO S.C.,alimentosybebidasd.mx,Andrea Mendoza,Chief Operating Officer (COO),C_SUITE,OPERATIONS,amendoza@alimentosybebidasd.mx,VERIFIED,85,+529964497915,2026-09-06T14:31:01.432682+00:00
"Food, Beverage & Agribusiness",ALIMENTOS Y BEBIDAS DEL BAJIO S.C.,alimentosybebidasd.mx,Javier Mendoza,Chief Operating Officer (COO),C_SUITE,OPERATIONS,jmendoza@alimentosybebidasd.mx,VERIFIED,85,+524495711440,2026-09-06T14:31:01.432682+00:00
"Food, Beverage & Agribusiness",ALIMENTOS Y BEBIDAS MODERNA S.A. DE C.V.,alimentosybebidasm.mx,Miguel López,Chief Human Resources Officer (CHRO),C_SUITE,HR_PEOPLE,mlópez@alimentosybebidasm.mx,VERIFIED,85,+528460448037,2026-09-06T14:31:01.432682+00:00
"Food, Beverage & Agribusiness",ALIMENTOS Y BEBIDAS CENTRAL 44 S.A.P.I. DE C.V.,alimentosybebidasc.com.mx,Sofia Mendoza,Chief Human Resources Officer (CHRO),C_SUITE,HR_PEOPLE,smendoza@alimentosybebidasc.com.mx,VERIFIED,85,+528963789320,2026-09-06T14:31:01.432682+00:00
"Food, Beverage & Agribusiness",ALIMENTOS Y BEBIDAS CENTRAL 44 S.A.P.I. DE C.V.,alimentosybebidasc.com.mx,Patricia Castro,Chief Human Resources Officer (CHRO),C_SUITE,HR_PEOPLE,pcastro@alimentosybebidasc.com.mx,VERIFIED,85,+528078344304,2026-09-06T14:31:01.432682+00:00
"Food, Beverage & Agribusiness",ALIMENTOS Y BEBIDAS GLOBAL S.A.P.I. DE C.V.,alimentosybebidasg.mx,Carlos Morales,Chief Human Resources Officer (CHRO),C_SUITE,HR_PEOPLE,cmorales@alimentosybebidasg.mx,VERIFIED,85,+524179378011,2026-09-06T14:31:01.432682+00:00
"Food, Beverage & Agribusiness",ALIMENTOS Y BEBIDAS EMPRESARIAL 51 S.A.B. DE C.V.,alimentosybebidase.com,Andrea Valenzuela,Chief Technology Officer (CTO),C_SUITE,ENGINEERING_IT,avalenzuela@alimentosybebidase.com,VERIFIED,85,+525749627198,2026-09-06T14:31:01.432682+00:00
"Food, Beverage & Agribusiness",ALIMENTOS Y BEBIDAS LATINOAMERICANA 31 S.A.S.,alimentosybebidasl.com.mx,Javier Villaseñor,Chief Technology Officer (CTO),C_SUITE,ENGINEERING_IT,jvillaseñor@alimentosybebidasl.com.mx,VERIFIED,85,+525677154472,2026-09-06T14:31:01.432682+00:00
"Food, Beverage & Agribusiness",ALIMENTOS Y BEBIDAS LATINOAMERICANA S.C.,alimentosybebidasl.com,Alejandro Mendoza,Chief Executive Officer (CEO),C_SUITE,EXECUTIVE,amendoza@alimentosybebidasl.com,VERIFIED,85,+526759818966,2026-09-06T14:31:01.432682+00:00
"Food, Beverage & Agribusiness",ALIMENTOS Y BEBIDAS DE LAS AMERICAS S.C.,alimentosybebidasd.com,Fernando Benítez,Chief Operating Officer (COO),C_SUITE,OPERATIONS,fbenítez@alimentosybebidasd.com,VERIFIED,85,+525683988101,2026-09-06T14:31:01.442688+00:00
"Food, Beverage & Agribusiness",ALIMENTOS Y BEBIDAS DE LAS AMERICAS S.C.,alimentosybebidasd.com,Hector Valenzuela,Chief Executive Officer (CEO),C_SUITE,EXECUTIVE,hvalenzuela@alimentosybebidasd.com,VERIFIED,85,+526643536863,2026-09-06T14:31:01.442688+00:00
"Food, Beverage & Agribusiness",ALIMENTOS Y BEBIDAS DE LAS AMERICAS S.C.,alimentosybebidasd.com,Adriana Vega,Chief Revenue Officer (CRO),C_SUITE,SALES_MARKETING,avega@alimentosybebidasd.com,VERIFIED,85,+529142412567,2026-09-06T14:31:01.442688+00:00
"Food, Beverage & Agribusiness",ALIMENTOS Y BEBIDAS DE LAS AMERICAS S.C.,alimentosybebidasd.com,Javier López,Chief Financial Officer (CFO),C_SUITE,FINANCE,jlópez@alimentosybebidasd.com,VERIFIED,85,+528250132226,2026-09-06T14:31:01.442688+00:00
"Food, Beverage & Agribusiness",ALIMENTOS Y BEBIDAS DE LAS AMERICAS S.C.,alimentosybebidasd.com,Carlos Benítez,Chief Operating Officer (COO),C_SUITE,OPERATIONS,cbenítez@alimentosybebidasd.com,VERIFIED,85,+529971200963,2026-09-06T14:31:01.442688+00:00
"Food, Beverage & Agribusiness",ALIMENTOS Y BEBIDAS DE LAS AMERICAS S.C.,alimentosybebidasd.com,Eduardo Villaseñor,Founder,FOUNDER,EXECUTIVE,evillaseñor@alimentosybebidasd.com,VERIFIED,85,+527942489871,2026-09-06T14:31:01.442688+00:00
"Food, Beverage & Agribusiness",ALIMENTOS Y BEBIDAS DE LAS AMERICAS S.C.,alimentosybebidasd.com,Alejandro Garza,Chief Executive Officer (CEO),C_SUITE,EXECUTIVE,agarza@alimentosybebidasd.com,VERIFIED,85,+526072786441,2026-09-06T14:31:01.442688+00:00
"Food, Beverage & Agribusiness",ALIMENTOS Y BEBIDAS DE LAS AMERICAS S.C.,alimentosybebidasd.com,Patricia Villaseñor,Chief Human Resources Officer (CHRO),C_SUITE,HR_PEOPLE,pvillaseñor@alimentosybebidasd.com,VERIFIED,85,+528142529831,2026-09-06T14:31:01.442688+00:00
"Food, Beverage & Agribusiness",ALIMENTOS Y BEBIDAS DINAMICA S.C.,alimentosybebidasd.com.mx,Carlos Salinas,Chief Human Resources Officer (CHRO),C_SUITE,HR_PEOPLE,csalinas@alimentosybebidasd.com.mx,VERIFIED,85,+525226749385,2026-09-06T14:31:01.442688+00:00
"Food, Beverage & Agribusiness",ALIMENTOS Y BEBIDAS DINAMICA S.C.,alimentosybebidasd.com.mx,Sofia Villaseñor,Founder,FOUNDER,EXECUTIVE,svillaseñor@alimentosybebidasd.com.mx,VERIFIED,85,+527059602377,2026-09-06T14:31:01.442688+00:00
"Food, Beverage & Agribusiness",ALIMENTOS Y BEBIDAS DINAMICA S.C.,alimentosybebidasd.com.mx,Daniel Alarcón,Chief Operating Officer (COO),C_SUITE,OPERATIONS,dalarcón@alimentosybebidasd.com.mx,VERIFIED,85,+526256923114,2026-09-06T14:31:01.442688+00:00
"Food, Beverage & Agribusiness",ALIMENTOS Y BEBIDAS DINAMICA S.C.,alimentosybebidasd.com.mx,Guillermo Martínez,Chief Financial Officer (CFO),C_SUITE,FINANCE,gmartínez@alimentosybebidasd.com.mx,VERIFIED,85,+524095193305,2026-09-06T14:31:01.442688+00:00
"Food, Beverage & Agribusiness",ALIMENTOS Y BEBIDAS DINAMICA S.C.,alimentosybebidasd.com.mx,Mariana Treviño,Chief Executive Officer (CEO),C_SUITE,EXECUTIVE,mtreviño@alimentosybebidasd.com.mx,VERIFIED,85,+526629816383,2026-09-06T14:31:01.442688+00:00
"Food, Beverage & Agribusiness",ALIMENTOS Y BEBIDAS EMPRESARIAL S.A.P.I. DE C.V.,alimentosybebidase.com,Luis Castro,Founder,FOUNDER,EXECUTIVE,lcastro@alimentosybebidase.com,VERIFIED,85,+528190157131,2026-09-06T14:31:01.442688+00:00
"Food, Beverage & Agribusiness",ALIMENTOS Y BEBIDAS EMPRESARIAL S.A.P.I. DE C.V.,alimentosybebidase.com,Roberto Alarcón,Chief Human Resources Officer (CHRO),C_SUITE,HR_PEOPLE,ralarcón@alimentosybebidase.mx,VERIFIED,85,+526890423473,2026-09-06T14:31:01.442688+00:00
"Food, Beverage & Agribusiness",ALIMENTOS Y BEBIDAS EMPRESARIAL S.A.P.I. DE C.V.,alimentosybebidase.com,Sofia Valenzuela,Chief Executive Officer (CEO),C_SUITE,EXECUTIVE,svalenzuela@alimentosybebidase.mx,VERIFIED,85,+528459163368,2026-09-06T14:31:01.442688+00:00
"Food, Beverage & Agribusiness",ALIMENTOS Y BEBIDAS EMPRESARIAL S.A.P.I. DE C.V.,alimentosybebidase.com,Rodrigo Salinas,Chief Human Resources Officer (CHRO),C_SUITE,HR_PEOPLE,rsalinas@alimentosybebidase.com,VERIFIED,85,+528965857129,2026-09-06T14:31:01.442688+00:00
"Food, Beverage & Agribusiness",ALIMENTOS Y BEBIDAS AVANZADA S.A.B. DE C.V.,alimentosybebidasa.mx,Eduardo Vega,Founder,FOUNDER,EXECUTIVE,evega@alimentosybebidasa.mx,VERIFIED,85,+526728075884,2026-09-06T14:31:01.442688+00:00
"Food, Beverage & Agribusiness",ALIMENTOS Y BEBIDAS AVANZADA S.A.B. DE C.V.,alimentosybebidasa.mx,Jorge Valenzuela,Founder,FOUNDER,EXECUTIVE,jvalenzuela@alimentosybebidasa.mx,VERIFIED,85,+528776061654,2026-09-06T14:31:01.442688+00:00
"Food, Beverage & Agribusiness",ALIMENTOS Y BEBIDAS DEL CENTRO S.C.,alimentosybebidasd.mx,Fernando González,Chief Revenue Officer (CRO),C_SUITE,SALES_MARKETING,fgonzález@alimentosybebidasd.mx,VERIFIED,85,+527916233316,2026-09-06T14:31:01.442688+00:00
"Food, Beverage & Agribusiness",ALIMENTOS Y BEBIDAS DEL CENTRO S.C.,alimentosybebidasd.mx,Roberto Villaseñor,Chief Executive Officer (CEO),C_SUITE,EXECUTIVE,rvillaseñor@alimentosybebidasd.mx,VERIFIED,85,+526631744857,2026-09-06T14:31:01.442688+00:00
"Food, Beverage & Agribusiness",ALIMENTOS Y BEBIDAS DEL CENTRO S.C.,alimentosybebidasd.mx,Luis Alarcón,Chief Human Resources Officer (CHRO),C_SUITE,HR_PEOPLE,lalarcón@alimentosybebidasd.mx,VERIFIED,85,+527481909852,2026-09-06T14:31:01.442688+00:00
"Food, Beverage & Agribusiness",ALIMENTOS Y BEBIDAS DEL CENTRO S.C.,alimentosybebidasd.mx,Andrea Villaseñor,Chief Executive Officer (CEO),C_SUITE,EXECUTIVE,avillaseñor@alimentosybebidasd.mx,VERIFIED,85,+527921244229,2026-09-06T14:31:01.442688+00:00
"Food, Beverage & Agribusiness",ALIMENTOS Y BEBIDAS DEL CENTRO S.C.,alimentosybebidasd.mx,Luis Garza,Chief Financial Officer (CFO),C_SUITE,FINANCE,lgarza@alimentosybebidasd.mx,VERIFIED,85,+527189687770,2026-09-06T14:31:01.442688+00:00
"Food, Beverage & Agribusiness",ALIMENTOS Y BEBIDAS EMPRESARIAL S.A.B. DE C.V.,alimentosybebidase.mx,Roberto Mendoza,Chief Executive Officer (CEO),C_SUITE,EXECUTIVE,rmendoza@alimentosybebidase.mx,VERIFIED,85,+526524549244,2026-09-06T14:31:01.442688+00:00
"Food, Beverage & Agribusiness",ALIMENTOS Y BEBIDAS EMPRESARIAL S.A.B. DE C.V.,alimentosybebidase.mx,Carlos Benítez,Chief Revenue Officer (CRO),C_SUITE,SALES_MARKETING,cbenítez@alimentosybebidase.mx,VERIFIED,85,+529983047787,2026-09-06T14:31:01.442688+00:00
"Food, Beverage & Agribusiness",ALIMENTOS Y BEBIDAS EMPRESARIAL S.A.B. DE C.V.,alimentosybebidase.mx,Eduardo Villaseñor,Chief Revenue Officer (CRO),C_SUITE,SALES_MARKETING,evillaseñor@alimentosybebidase.mx,VERIFIED,85,+528147152375,2026-09-06T14:31:01.442688+00:00
"Food, Beverage & Agribusiness",ALIMENTOS Y BEBIDAS EMPRESARIAL S.A.B. DE C.V.,alimentosybebidase.mx,Javier Dominguez,Chief Technology Officer (CTO),C_SUITE,ENGINEERING_IT,jdominguez@alimentosybebidase.mx,VERIFIED,85,+527727424956,2026-09-06T14:31:01.442688+00:00
"Food, Beverage & Agribusiness",ALIMENTOS Y BEBIDAS MEXICANA S.A.S.,alimentosybebidasm.com,Miguel Navarro,Chief Operating Officer (COO),C_SUITE,OPERATIONS,mnavarro@alimentosybebidasm.com,VERIFIED,85,+526281045060,2026-09-06T14:31:01.442688+00:00
"Food, Beverage & Agribusiness",ALIMENTOS Y BEBIDAS NACIONAL 87 S.A.S.,alimentosybebidasn.com,Eduardo Valenzuela,Chief Human Resources Officer (CHRO),C_SUITE,HR_PEOPLE,evalenzuela@alimentosybebidasn.com,VERIFIED,85,+525924510298,2026-09-06T14:31:01.442688+00:00
"Food, Beverage & Agribusiness",ALIMENTOS Y BEBIDAS GLOBAL S. DE R.L. DE C.V.,alimentosybebidasg.com,Hector Garza,Chief Executive Officer (CEO),C_SUITE,EXECUTIVE,hgarza@alimentosybebidasg.com,VERIFIED,85,+529640212236,2026-09-06T14:31:01.442688+00:00
"Food, Beverage & Agribusiness",ALIMENTOS Y BEBIDAS GLOBAL S. DE R.L. DE C.V.,alimentosybebidasg.com,Guillermo Treviño,Chief Executive Officer (CEO),C_SUITE,EXECUTIVE,gtreviño@alimentosybebidasg.com,VERIFIED,85,+528796869841,2026-09-06T14:31:01.442688+00:00
"Food, Beverage & Agribusiness",ALIMENTOS Y BEBIDAS GLOBAL S. DE R.L. DE C.V.,alimentosybebidasg.com,Sofia García,Chief Human Resources Officer (CHRO),C_SUITE,HR_PEOPLE,sgarcía@alimentosybebidasg.com,VERIFIED,85,+528499633315,2026-09-06T14:31:01.442688+00:00
"Food, Beverage & Agribusiness",ALIMENTOS Y BEBIDAS NACIONAL S.A.P.I. DE C.V.,alimentosybebidasn.mx,Fernando Morales,Chief Executive Officer (CEO),C_SUITE,EXECUTIVE,fmorales@alimentosybebidasn.mx,VERIFIED,85,+524467404294,2026-09-06T14:31:01.442688+00:00
"Food, Beverage & Agribusiness",ALIMENTOS Y BEBIDAS NACIONAL S.A.P.I. DE C.V.,alimentosybebidasn.mx,Miguel Castro,Chief Operating Officer (COO),C_SUITE,OPERATIONS,mcastro@alimentosybebidasn.mx,VERIFIED,85,+525649221068,2026-09-06T14:31:01.442688+00:00
"Food, Beverage & Agribusiness",ALIMENTOS Y BEBIDAS GLOBAL S.A.S.,alimentosybebidasg.com.mx,Luis Valenzuela,Chief Executive Officer (CEO),C_SUITE,EXECUTIVE,lvalenzuela@alimentosybebidasg.com.mx,VERIFIED,85,+527558908390,2026-09-06T14:31:01.442688+00:00
"Food, Beverage & Agribusiness",ALIMENTOS Y BEBIDAS MODERNA S.A.B. DE C.V.,alimentosybebidasm.mx,Andrea Vega,Chief Financial Officer (CFO),C_SUITE,FINANCE,avega@alimentosybebidasm.mx,VERIFIED,85,+527041161457,2026-09-06T14:31:01.442688+00:00
"Food, Beverage & Agribusiness",ALIMENTOS Y BEBIDAS INTEGRAL S. DE R.L. DE C.V.,alimentosybebidasi.mx,Rodrigo Mendoza,Chief Executive Officer (CEO),C_SUITE,EXECUTIVE,rmendoza@alimentosybebidasi.mx,VERIFIED,85,+528016732365,2026-09-06T14:31:01.442688+00:00
"Food, Beverage & Agribusiness",ALIMENTOS Y BEBIDAS INTEGRAL S. DE R.L. DE C.V.,alimentosybebidasi.mx,Mariana Benítez,Chief Human Resources Officer (CHRO),C_SUITE,HR_PEOPLE,mbenítez@alimentosybebidasi.mx,VERIFIED,85,+529842804968,2026-09-06T14:31:01.442688+00:00
"Food, Beverage & Agribusiness",ALIMENTOS Y BEBIDAS INTEGRAL S. DE R.L. DE C.V.,alimentosybebidasi.mx,Javier González,Chief Executive Officer (CEO),C_SUITE,EXECUTIVE,jgonzález@alimentosybebidasi.mx,VERIFIED,85,+526749324754,2026-09-06T14:31:01.442688+00:00
"Food, Beverage & Agribusiness",ALIMENTOS Y BEBIDAS CENTRAL S.C.,alimentosybebidasc.com.mx,Miguel Treviño,Chief Operating Officer (COO),C_SUITE,OPERATIONS,mtreviño@alimentosybebidasc.com.mx,VERIFIED,85,+529041403361,2026-09-06T14:31:01.442688+00:00
"Food, Beverage & Agribusiness",ALIMENTOS Y BEBIDAS INTEGRAL 73 S. DE R.L. DE C.V.,alimentosybebidasi.com,Hector Treviño,Founder,FOUNDER,EXECUTIVE,htreviño@alimentosybebidasi.com,VERIFIED,85,+527922318948,2026-09-06T14:31:01.442688+00:00
"Food, Beverage & Agribusiness",ALIMENTOS Y BEBIDAS LATINOAMERICANA S. DE R.L. DE C.V.,alimentosybebidasl.mx,Fernando Garza,Founder,FOUNDER,EXECUTIVE,fgarza@alimentosybebidasl.mx,VERIFIED,85,+528854279928,2026-09-06T14:31:01.442688+00:00
"Food, Beverage & Agribusiness",ALIMENTOS Y BEBIDAS ESPECIALIZADA S. DE R.L. DE C.V.,alimentosybebidase.com.mx,Hector Valenzuela,Chief Executive Officer (CEO),C_SUITE,EXECUTIVE,hvalenzuela@alimentosybebidase.com.mx,VERIFIED,85,+524144980849,2026-09-06T14:31:01.442688+00:00
"Food, Beverage & Agribusiness",ALIMENTOS Y BEBIDAS LATINOAMERICANA S.C.,alimentosybebidasl.mx,Hector Valenzuela,Chief Revenue Officer (CRO),C_SUITE,SALES_MARKETING,hvalenzuela@alimentosybebidasl.mx,VERIFIED,85,+526373876134,2026-09-06T14:31:01.468827+00:00
"Food, Beverage & Agribusiness",ALIMENTOS Y BEBIDAS INDUSTRIAL S.A.P.I. DE C.V.,alimentosybebidasi.mx,Daniel Hernández,Founder,FOUNDER,EXECUTIVE,dhernández@alimentosybebidasi.mx,VERIFIED,85,+524165372367,2026-09-06T14:31:01.468827+00:00
"Food, Beverage & Agribusiness",ALIMENTOS Y BEBIDAS INDUSTRIAL S.A.P.I. DE C.V.,alimentosybebidasi.mx,Rodrigo Hernández,Chief Executive Officer (CEO),C_SUITE,EXECUTIVE,rhernández@alimentosybebidasi.mx,VERIFIED,85,+526486068849,2026-09-06T14:31:01.468827+00:00
"Food, Beverage & Agribusiness",ALIMENTOS Y BEBIDAS INDUSTRIAL S.A.P.I. DE C.V.,alimentosybebidasi.mx,Gabriel Benítez,Chief Financial Officer (CFO),C_SUITE,FINANCE,gbenítez@alimentosybebidasi.mx,VERIFIED,85,+527490846537,2026-09-06T14:31:01.468827+00:00
"Food, Beverage & Agribusiness",ALIMENTOS Y BEBIDAS DEL NORTE S. DE R.L. DE C.V.,alimentosybebidasd.com,Javier González,Chief Human Resources Officer (CHRO),C_SUITE,HR_PEOPLE,jgonzález@alimentosybebidasd.com,VERIFIED,85,+525741687989,2026-09-06T14:31:01.468827+00:00
"Food, Beverage & Agribusiness",ALIMENTOS Y BEBIDAS DEL NORTE S. DE R.L. DE C.V.,alimentosybebidasd.com,Rodrigo Alarcón,Chief Financial Officer (CFO),C_SUITE,FINANCE,ralarcón@alimentosybebidasd.com,VERIFIED,85,+525971472717,2026-09-06T14:31:01.468827+00:00
"Food, Beverage & Agribusiness",ALIMENTOS Y BEBIDAS DEL NORTE S. DE R.L. DE C.V.,alimentosybebidasd.com,Guillermo García,Chief Technology Officer (CTO),C_SUITE,ENGINEERING_IT,ggarcía@alimentosybebidasd.com,VERIFIED,85,+529187743846,2026-09-06T14:31:01.468827+00:00
"Food, Beverage & Agribusiness",ALIMENTOS Y BEBIDAS DEL NORTE S. DE R.L. DE C.V.,alimentosybebidasd.com,Patricia Mendoza,Chief Executive Officer (CEO),C_SUITE,EXECUTIVE,pmendoza@alimentosybebidasd.mx,VERIFIED,85,+525359824344,2026-09-06T14:31:01.468827+00:00
"Food, Beverage & Agribusiness",ALIMENTOS Y BEBIDAS DEL NORTE S. DE R.L. DE C.V.,alimentosybebidasd.com,Hector Morales,Chief Revenue Officer (CRO),C_SUITE,SALES_MARKETING,hmorales@alimentosybebidasd.com,VERIFIED,85,+524696413393,2026-09-06T14:31:01.468827+00:00
"Food, Beverage & Agribusiness",ALIMENTOS Y BEBIDAS DEL NORTE S. DE R.L. DE C.V.,alimentosybebidasd.com,Gabriel Alarcón,Chief Technology Officer (CTO),C_SUITE,ENGINEERING_IT,galarcón@alimentosybebidasd.com,VERIFIED,85,+528399299566,2026-09-06T14:31:01.468827+00:00
"Food, Beverage & Agribusiness",ALIMENTOS Y BEBIDAS DEL NORTE S. DE R.L. DE C.V.,alimentosybebidasd.com,Carlos Castro,Chief Financial Officer (CFO),C_SUITE,FINANCE,ccastro@alimentosybebidasd.com,VERIFIED,85,+524197544881,2026-09-06T14:31:01.468827+00:00
"Food, Beverage & Agribusiness",ALIMENTOS Y BEBIDAS DEL NORTE S. DE R.L. DE C.V.,alimentosybebidasd.com,Javier Dominguez,Chief Revenue Officer (CRO),C_SUITE,SALES_MARKETING,jdominguez@alimentosybebidasd.com,VERIFIED,85,+526089232359,2026-09-06T14:31:01.468827+00:00
"Food, Beverage & Agribusiness",ALIMENTOS Y BEBIDAS DEL NORTE S. DE R.L. DE C.V.,alimentosybebidasd.com,Hector González,Founder,FOUNDER,EXECUTIVE,hgonzález@alimentosybebidasd.com,VERIFIED,85,+526717302446,2026-09-06T14:31:01.468827+00:00
"Food, Beverage & Agribusiness",ALIMENTOS Y BEBIDAS DEL BAJIO S.A.P.I. DE C.V.,alimentosybebidasd.mx,Guillermo González,Chief Operating Officer (COO),C_SUITE,OPERATIONS,ggonzález@alimentosybebidasd.mx,VERIFIED,85,+526943357377,2026-09-06T14:31:01.468827+00:00
"Food, Beverage & Agribusiness",ALIMENTOS Y BEBIDAS DEL BAJIO S.A.P.I. DE C.V.,alimentosybebidasd.mx,Eduardo Alarcón,Chief Human Resources Officer (CHRO),C_SUITE,HR_PEOPLE,ealarcón@alimentosybebidasd.mx,VERIFIED,85,+528083442178,2026-09-06T14:31:01.468827+00:00
"Food, Beverage & Agribusiness",ALIMENTOS Y BEBIDAS DEL BAJIO S.A.P.I. DE C.V.,alimentosybebidasd.mx,Patricia Castro,Chief Operating Officer (COO),C_SUITE,OPERATIONS,pcastro@alimentosybebidasd.mx,VERIFIED,85,+529955308047,2026-09-06T14:31:01.468827+00:00
"Food, Beverage & Agribusiness",ALIMENTOS Y BEBIDAS DEL BAJIO S.A.P.I. DE C.V.,alimentosybebidasd.mx,Alejandro Vega,Chief Operating Officer (COO),C_SUITE,OPERATIONS,avega@alimentosybebidasd.mx,VERIFIED,85,+526814573312,2026-09-06T14:31:01.468827+00:00
"Food, Beverage & Agribusiness",ALIMENTOS Y BEBIDAS DEL BAJIO S.A.P.I. DE C.V.,alimentosybebidasd.mx,Javier Treviño,Founder,FOUNDER,EXECUTIVE,jtreviño@alimentosybebidasd.mx,VERIFIED,85,+524061666637,2026-09-06T14:31:01.468827+00:00
"Food, Beverage & Agribusiness",ALIMENTOS Y BEBIDAS DEL BAJIO S.A.P.I. DE C.V.,alimentosybebidasd.mx,Gabriel Vega,Chief Human Resources Officer (CHRO),C_SUITE,HR_PEOPLE,gvega@alimentosybebidasd.mx,VERIFIED,85,+529570901481,2026-09-06T14:31:01.468827+00:00
"Food, Beverage & Agribusiness",ALIMENTOS Y BEBIDAS DEL BAJIO S.A.P.I. DE C.V.,alimentosybebidasd.mx,Adriana Villaseñor,Founder,FOUNDER,EXECUTIVE,avillaseñor@alimentosybebidasd.mx,VERIFIED,85,+528392347357,2026-09-06T14:31:01.468827+00:00
"Food, Beverage & Agribusiness",ALIMENTOS Y BEBIDAS DEL BAJIO S.A.P.I. DE C.V.,alimentosybebidasd.mx,Mariana Martínez,Chief Executive Officer (CEO),C_SUITE,EXECUTIVE,mmartínez@alimentosybebidasd.mx,VERIFIED,85,+525772118726,2026-09-06T14:31:01.468827+00:00
"Food, Beverage & Agribusiness",ALIMENTOS Y BEBIDAS DEL BAJIO S.A.P.I. DE C.V.,alimentosybebidasd.mx,Carlos Mendoza,Founder,FOUNDER,EXECUTIVE,cmendoza@alimentosybebidasd.mx,VERIFIED,85,+527540164131,2026-09-06T14:31:01.468827+00:00
"Food, Beverage & Agribusiness",ALIMENTOS Y BEBIDAS CENTRAL S.A.S.,alimentosybebidasc.com.mx,Hector Garza,Founder,FOUNDER,EXECUTIVE,hgarza@alimentosybebidasc.com.mx,VERIFIED,85,+526584681892,2026-09-06T14:31:01.468827+00:00
"Food, Beverage & Agribusiness",ALIMENTOS Y BEBIDAS CENTRAL S.A.S.,alimentosybebidasc.com.mx,David Vega,Chief Revenue Officer (CRO),C_SUITE,SALES_MARKETING,dvega@alimentosybebidasc.com.mx,VERIFIED,85,+527199796997,2026-09-06T14:31:01.468827+00:00
"Food, Beverage & Agribusiness",ALIMENTOS Y BEBIDAS CENTRAL S.A.S.,alimentosybebidasc.com.mx,Mariana Martínez,Chief Executive Officer (CEO),C_SUITE,EXECUTIVE,mmartínez@alimentosybebidasc.com.mx,VERIFIED,85,+527435339261,2026-09-06T14:31:01.468827+00:00
"Food, Beverage & Agribusiness",ALIMENTOS Y BEBIDAS MEXICANA S.A.B. DE C.V.,alimentosybebidasm.com.mx,Patricia García,Chief Executive Officer (CEO),C_SUITE,EXECUTIVE,pgarcía@alimentosybebidasm.com.mx,VERIFIED,85,+524730155930,2026-09-06T14:31:01.468827+00:00
"Food, Beverage & Agribusiness",ALIMENTOS Y BEBIDAS MEXICANA S.A.B. DE C.V.,alimentosybebidasm.com.mx,Hector Martínez,Chief Executive Officer (CEO),C_SUITE,EXECUTIVE,hmartínez@alimentosybebidasm.com.mx,VERIFIED,85,+529986729524,2026-09-06T14:31:01.468827+00:00
"Food, Beverage & Agribusiness",ALIMENTOS Y BEBIDAS MEXICANA S.A.B. DE C.V.,alimentosybebidasm.com.mx,Alejandro Mendoza,Founder,FOUNDER,EXECUTIVE,amendoza@alimentosybebidasm.com.mx,VERIFIED,85,+524373549255,2026-09-06T14:31:01.468827+00:00
"Food, Beverage & Agribusiness",ALIMENTOS Y BEBIDAS INTERNACIONAL S. DE R.L. DE C.V.,alimentosybebidasi.com.mx,Carlos Hernández,Chief Executive Officer (CEO),C_SUITE,EXECUTIVE,chernández@alimentosybebidasi.com.mx,VERIFIED,85,+525328495459,2026-09-06T14:31:01.468827+00:00
"Food, Beverage & Agribusiness",ALIMENTOS Y BEBIDAS INTERNACIONAL S. DE R.L. DE C.V.,alimentosybebidasi.com.mx,Luis Mendoza,Founder,FOUNDER,EXECUTIVE,lmendoza@alimentosybebidasi.com.mx,VERIFIED,85,+525414188872,2026-09-06T14:31:01.468827+00:00
"Food, Beverage & Agribusiness",ALIMENTOS Y BEBIDAS INTERNACIONAL S. DE R.L. DE C.V.,alimentosybebidasi.com.mx,Miguel Dominguez,Chief Executive Officer (CEO),C_SUITE,EXECUTIVE,mdominguez@alimentosybebidasi.com.mx,VERIFIED,85,+528443795676,2026-09-06T14:31:01.468827+00:00
"Food, Beverage & Agribusiness",ALIMENTOS Y BEBIDAS ESPECIALIZADA S.C.,alimentosybebidase.com,Gabriel Alarcón,Chief Executive Officer (CEO),C_SUITE,EXECUTIVE,galarcón@alimentosybebidase.com,VERIFIED,85,+524562541230,2026-09-06T14:31:01.468827+00:00
"Food, Beverage & Agribusiness",ALIMENTOS Y BEBIDAS ESPECIALIZADA S.C.,alimentosybebidase.com,Mariana Valenzuela,Chief Technology Officer (CTO),C_SUITE,ENGINEERING_IT,mvalenzuela@alimentosybebidase.com,VERIFIED,85,+526548493022,2026-09-06T14:31:01.468827+00:00
"Food, Beverage & Agribusiness",ALIMENTOS Y BEBIDAS DEL BAJIO S.C.,alimentosybebidasd.com.mx,Fernando Vega,Chief Executive Officer (CEO),C_SUITE,EXECUTIVE,fvega@alimentosybebidasd.com.mx,VERIFIED,85,+529828958541,2026-09-06T14:31:01.468827+00:00
"Food, Beverage & Agribusiness",ALIMENTOS Y BEBIDAS DEL BAJIO S.C.,alimentosybebidasd.com.mx,Guillermo Castro,Chief Executive Officer (CEO),C_SUITE,EXECUTIVE,gcastro@alimentosybebidasd.com.mx,VERIFIED,85,+525123282349,2026-09-06T14:31:01.468827+00:00
"Food, Beverage & Agribusiness",ALIMENTOS Y BEBIDAS DEL BAJIO S.C.,alimentosybebidasd.com.mx,Alejandro Garza,Chief Human Resources Officer (CHRO),C_SUITE,HR_PEOPLE,agarza@alimentosybebidasd.com.mx,VERIFIED,85,+528696311029,2026-09-06T14:31:01.468827+00:00
"Food, Beverage & Agribusiness",ALIMENTOS Y BEBIDAS DEL BAJIO S.C.,alimentosybebidasd.com.mx,Guillermo Dominguez,Chief Revenue Officer (CRO),C_SUITE,SALES_MARKETING,gdominguez@alimentosybebidasd.com.mx,VERIFIED,85,+529627583760,2026-09-06T14:31:01.468827+00:00
"Food, Beverage & Agribusiness",ALIMENTOS Y BEBIDAS INTERNACIONAL 76 S.C.,alimentosybebidasi.com,Patricia Castro,Chief Revenue Officer (CRO),C_SUITE,SALES_MARKETING,pcastro@alimentosybebidasi.com,VERIFIED,85,+527518875269,2026-09-06T14:31:01.468827+00:00
"Food, Beverage & Agribusiness",ALIMENTOS Y BEBIDAS INTERNACIONAL 76 S.C.,alimentosybebidasi.com,Alejandro Vega,Founder,FOUNDER,EXECUTIVE,avega@alimentosybebidasi.com,VERIFIED,85,+529721920935,2026-09-06T14:31:01.468827+00:00
"Food, Beverage & Agribusiness",ALIMENTOS Y BEBIDAS INTERNACIONAL 76 S.C.,alimentosybebidasi.com,Patricia Navarro,Chief Executive Officer (CEO),C_SUITE,EXECUTIVE,pnavarro@alimentosybebidasi.com,VERIFIED,85,+528948595175,2026-09-06T14:31:01.468827+00:00
"Food, Beverage & Agribusiness",ALIMENTOS Y BEBIDAS INTERNACIONAL 76 S.C.,alimentosybebidasi.com,Hector Treviño,Chief Human Resources Officer (CHRO),C_SUITE,HR_PEOPLE,htreviño@alimentosybebidasi.com,VERIFIED,85,+525324354465,2026-09-06T14:31:01.468827+00:00
"Food, Beverage & Agribusiness",ALIMENTOS Y BEBIDAS INTERNACIONAL 76 S.C.,alimentosybebidasi.com,Patricia Vega,Chief Financial Officer (CFO),C_SUITE,FINANCE,pvega@alimentosybebidasi.com,VERIFIED,85,+526474779159,2026-09-06T14:31:01.468827+00:00
"Food, Beverage & Agribusiness",ALIMENTOS Y BEBIDAS CENTRAL S.A.B. DE C.V.,alimentosybebidasc.com,Hector Hernández,Chief Technology Officer (CTO),C_SUITE,ENGINEERING_IT,hhernández@alimentosybebidasc.com,VERIFIED,85,+529819109020,2026-09-06T14:31:01.468827+00:00
"Food, Beverage & Agribusiness",ALIMENTOS Y BEBIDAS MEXICANA 84 S.A.S.,alimentosybebidasm.mx,Javier Castro,Chief Executive Officer (CEO),C_SUITE,EXECUTIVE,jcastro@alimentosybebidasm.mx,VERIFIED,85,+529313820846,2026-09-06T14:31:01.468827+00:00
"Food, Beverage & Agribusiness",ALIMENTOS Y BEBIDAS NACIONAL S.A.P.I. DE C.V.,alimentosybebidasn.mx,Luis Vega,Chief Executive Officer (CEO),C_SUITE,EXECUTIVE,lvega@alimentosybebidasn.mx,VERIFIED,85,+527794991317,2026-09-06T14:31:01.468827+00:00
"Food, Beverage & Agribusiness",ALIMENTOS Y BEBIDAS AVANZADA S. DE R.L. DE C.V.,alimentosybebidasa.mx,Patricia Valenzuela,Chief Executive Officer (CEO),C_SUITE,EXECUTIVE,pvalenzuela@alimentosybebidasa.mx,VERIFIED,85,+528890015040,2026-09-06T14:31:01.468827+00:00
"Food, Beverage & Agribusiness",ALIMENTOS Y BEBIDAS AVANZADA S. DE R.L. DE C.V.,alimentosybebidasa.mx,Hector Vega,Chief Executive Officer (CEO),C_SUITE,EXECUTIVE,hvega@alimentosybebidasa.mx,VERIFIED,85,+525245488077,2026-09-06T14:31:01.468827+00:00
"Food, Beverage & Agribusiness",ALIMENTOS Y BEBIDAS AVANZADA S. DE R.L. DE C.V.,alimentosybebidasa.mx,Claudia Valenzuela,Chief Executive Officer (CEO),C_SUITE,EXECUTIVE,cvalenzuela@alimentosybebidasa.mx,VERIFIED,85,+528280154219,2026-09-06T14:31:01.468827+00:00
"Food, Beverage & Agribusiness",ALIMENTOS Y BEBIDAS AVANZADA S. DE R.L. DE C.V.,alimentosybebidasa.com.mx,Patricia Treviño,Chief Technology Officer (CTO),C_SUITE,ENGINEERING_IT,ptreviño@alimentosybebidasa.com.mx,VERIFIED,85,+525835428162,2026-09-06T14:31:01.468827+00:00
"Food, Beverage & Agribusiness",ALIMENTOS Y BEBIDAS AVANZADA S. DE R.L. DE C.V.,alimentosybebidasa.com.mx,Andrea Villaseñor,Chief Executive Officer (CEO),C_SUITE,EXECUTIVE,avillaseñor@alimentosybebidasa.com.mx,VERIFIED,85,+525671247373,2026-09-06T14:31:01.468827+00:00
"Food, Beverage & Agribusiness",ALIMENTOS Y BEBIDAS AVANZADA S. DE R.L. DE C.V.,alimentosybebidasa.com.mx,Carlos García,Chief Financial Officer (CFO),C_SUITE,FINANCE,cgarcía@alimentosybebidasa.com.mx,VERIFIED,85,+527199049118,2026-09-06T14:31:01.468827+00:00
"Food, Beverage & Agribusiness",ALIMENTOS Y BEBIDAS AVANZADA S. DE R.L. DE C.V.,alimentosybebidasa.com.mx,Claudia Navarro,Chief Executive Officer (CEO),C_SUITE,EXECUTIVE,cnavarro@alimentosybebidasa.com.mx,VERIFIED,85,+529425862373,2026-09-06T14:31:01.468827+00:00
"Food, Beverage & Agribusiness",ALIMENTOS Y BEBIDAS GLOBAL S.A.B. DE C.V.,alimentosybebidasg.com,Claudia Benítez,Chief Human Resources Officer (CHRO),C_SUITE,HR_PEOPLE,cbenítez@alimentosybebidasg.com,VERIFIED,85,+528845335421,2026-09-06T14:31:01.468827+00:00
"Food, Beverage & Agribusiness",ALIMENTOS Y BEBIDAS LATINOAMERICANA S.A. DE C.V.,alimentosybebidasl.com,Luis González,Chief Human Resources Officer (CHRO),C_SUITE,HR_PEOPLE,lgonzález@alimentosybebidasl.com,VERIFIED,85,+528319937212,2026-09-06T14:31:01.468827+00:00
"Food, Beverage & Agribusiness",ALIMENTOS Y BEBIDAS LATINOAMERICANA S.A. DE C.V.,alimentosybebidasl.com,Gabriel Hernández,Chief Revenue Officer (CRO),C_SUITE,SALES_MARKETING,ghernández@alimentosybebidasl.com,VERIFIED,85,+524592752939,2026-09-06T14:31:01.468827+00:00
"Food, Beverage & Agribusiness",ALIMENTOS Y BEBIDAS ESPECIALIZADA S. DE R.L. DE C.V.,alimentosybebidase.com.mx,Javier Navarro,Founder,FOUNDER,EXECUTIVE,jnavarro@alimentosybebidase.com.mx,VERIFIED,85,+525135013269,2026-09-06T14:31:01.468827+00:00
"Food, Beverage & Agribusiness",ALIMENTOS Y BEBIDAS ESPECIALIZADA S. DE R.L. DE C.V.,alimentosybebidase.com.mx,Luis Castro,Chief Revenue Officer (CRO),C_SUITE,SALES_MARKETING,lcastro@alimentosybebidase.com.mx,VERIFIED,85,+525174802215,2026-09-06T14:31:01.468827+00:00
"Food, Beverage & Agribusiness",ALIMENTOS Y BEBIDAS MEXICANA 99 S.A.S.,alimentosybebidasm.com,Sofia Benítez,Chief Executive Officer (CEO),C_SUITE,EXECUTIVE,sbenítez@alimentosybebidasm.com,VERIFIED,85,+524284223559,2026-09-06T14:31:01.468827+00:00
"Food, Beverage & Agribusiness",ALIMENTOS Y BEBIDAS DINAMICA S.A. DE C.V.,alimentosybebidasd.com.mx,Roberto Alarcón,Founder,FOUNDER,EXECUTIVE,ralarcón@alimentosybebidasd.com.mx,VERIFIED,85,+529665655530,2026-09-06T14:31:01.476104+00:00
"Food, Beverage & Agribusiness",ALIMENTOS Y BEBIDAS DINAMICA S.A. DE C.V.,alimentosybebidasd.com.mx,Luis Castro,Chief Human Resources Officer (CHRO),C_SUITE,HR_PEOPLE,lcastro@alimentosybebidasd.com.mx,VERIFIED,85,+528778677931,2026-09-06T14:31:01.476104+00:00
"Food, Beverage & Agribusiness",ALIMENTOS Y BEBIDAS DINAMICA S.A. DE C.V.,alimentosybebidasd.com.mx,Sofia López,Founder,FOUNDER,EXECUTIVE,slópez@alimentosybebidasd.com.mx,VERIFIED,85,+525815787067,2026-09-06T14:31:01.476104+00:00
"Food, Beverage & Agribusiness",ALIMENTOS Y BEBIDAS DINAMICA S.A. DE C.V.,alimentosybebidasd.com.mx,Fernando Ruiz,Chief Technology Officer (CTO),C_SUITE,ENGINEERING_IT,fruiz@alimentosybebidasd.com.mx,VERIFIED,85,+529395712408,2026-09-06T14:31:01.476104+00:00
"Food, Beverage & Agribusiness",ALIMENTOS Y BEBIDAS DINAMICA S.A. DE C.V.,alimentosybebidasd.com.mx,Eduardo Dominguez,Chief Executive Officer (CEO),C_SUITE,EXECUTIVE,edominguez@alimentosybebidasd.com.mx,VERIFIED,85,+524321384836,2026-09-06T14:31:01.476104+00:00
"Food, Beverage & Agribusiness",ALIMENTOS Y BEBIDAS DINAMICA S.A. DE C.V.,alimentosybebidasd.com.mx,Gabriel Vega,Chief Technology Officer (CTO),C_SUITE,ENGINEERING_IT,gvega@alimentosybebidasd.com.mx,VERIFIED,85,+524132932586,2026-09-06T14:31:01.476104+00:00
"Food, Beverage & Agribusiness",ALIMENTOS Y BEBIDAS GLOBAL S.C.,alimentosybebidasg.com.mx,Hector Castro,Chief Operating Officer (COO),C_SUITE,OPERATIONS,hcastro@alimentosybebidasg.com.mx,VERIFIED,85,+525689673541,2026-09-06T14:31:01.476104+00:00
"Food, Beverage & Agribusiness",ALIMENTOS Y BEBIDAS GLOBAL S.C.,alimentosybebidasg.com.mx,Gabriel Morales,Chief Revenue Officer (CRO),C_SUITE,SALES_MARKETING,gmorales@alimentosybebidasg.com,VERIFIED,85,+529828214711,2026-09-06T14:31:01.476104+00:00
"Food, Beverage & Agribusiness",ALIMENTOS Y BEBIDAS CENTRAL S. DE R.L. DE C.V.,alimentosybebidasc.mx,Alejandro Treviño,Chief Executive Officer (CEO),C_SUITE,EXECUTIVE,atreviño@alimentosybebidasc.mx,VERIFIED,85,+524910457501,2026-09-06T14:31:01.476104+00:00
"Food, Beverage & Agribusiness",ALIMENTOS Y BEBIDAS INTERNACIONAL S.A.S.,alimentosybebidasi.com.mx,Hector Benítez,Chief Financial Officer (CFO),C_SUITE,FINANCE,hbenítez@alimentosybebidasi.com.mx,VERIFIED,85,+524014588313,2026-09-06T14:31:01.476104+00:00
"Food, Beverage & Agribusiness",ALIMENTOS Y BEBIDAS INTERNACIONAL S.A.S.,alimentosybebidasi.com.mx,Andrea Treviño,Chief Financial Officer (CFO),C_SUITE,FINANCE,atreviño@alimentosybebidasi.com.mx,VERIFIED,85,+527021242607,2026-09-06T14:31:01.476104+00:00
"Food, Beverage & Agribusiness",ALIMENTOS Y BEBIDAS INTERNACIONAL S.A.S.,alimentosybebidasi.com.mx,Alejandro Navarro,Chief Operating Officer (COO),C_SUITE,OPERATIONS,anavarro@alimentosybebidasi.com.mx,VERIFIED,85,+526736807404,2026-09-06T14:31:01.476104+00:00
"Food, Beverage & Agribusiness",ALIMENTOS Y BEBIDAS INTERNACIONAL S.A.S.,alimentosybebidasi.com.mx,Roberto Garza,Chief Operating Officer (COO),C_SUITE,OPERATIONS,rgarza@alimentosybebidasi.com.mx,VERIFIED,85,+526567383405,2026-09-06T14:31:01.476104+00:00
"Food, Beverage & Agribusiness",ALIMENTOS Y BEBIDAS DEL BAJIO S.A.B. DE C.V.,alimentosybebidasd.com,Claudia García,Chief Executive Officer (CEO),C_SUITE,EXECUTIVE,cgarcía@alimentosybebidasd.com,VERIFIED,85,+529371343400,2026-09-06T14:31:01.476104+00:00
"Food, Beverage & Agribusiness",ALIMENTOS Y BEBIDAS DEL BAJIO S.A.B. DE C.V.,alimentosybebidasd.com,Guillermo Garza,Chief Human Resources Officer (CHRO),C_SUITE,HR_PEOPLE,ggarza@alimentosybebidasd.com,VERIFIED,85,+528641900656,2026-09-06T14:31:01.476104+00:00
"Food, Beverage & Agribusiness",ALIMENTOS Y BEBIDAS DEL BAJIO S.A.B. DE C.V.,alimentosybebidasd.com,Javier González,Chief Technology Officer (CTO),C_SUITE,ENGINEERING_IT,jgonzález@alimentosybebidasd.mx,VERIFIED,85,+529815852612,2026-09-06T14:31:01.476104+00:00
"Food, Beverage & Agribusiness",ALIMENTOS Y BEBIDAS DEL BAJIO S.A.B. DE C.V.,alimentosybebidasd.com,Carlos Vega,Chief Financial Officer (CFO),C_SUITE,FINANCE,cvega@alimentosybebidasd.com,VERIFIED,85,+527624328092,2026-09-06T14:31:01.476104+00:00
"Food, Beverage & Agribusiness",ALIMENTOS Y BEBIDAS DEL BAJIO S.A.B. DE C.V.,alimentosybebidasd.com,Sofia Valenzuela,Chief Human Resources Officer (CHRO),C_SUITE,HR_PEOPLE,svalenzuela@alimentosybebidasd.com,VERIFIED,85,+526191759549,2026-09-06T14:31:01.476104+00:00
"Food, Beverage & Agribusiness",ALIMENTOS Y BEBIDAS DEL BAJIO S.A.B. DE C.V.,alimentosybebidasd.com,David Benítez,Chief Revenue Officer (CRO),C_SUITE,SALES_MARKETING,dbenítez@alimentosybebidasd.com,VERIFIED,85,+525571175378,2026-09-06T14:31:01.476104+00:00
"Food, Beverage & Agribusiness",ALIMENTOS Y BEBIDAS DEL BAJIO S.A.B. DE C.V.,alimentosybebidasd.com,Carlos Martínez,Chief Operating Officer (COO),C_SUITE,OPERATIONS,cmartínez@alimentosybebidasd.com,VERIFIED,85,+527878271088,2026-09-06T14:31:01.476104+00:00
"Food, Beverage & Agribusiness",ALIMENTOS Y BEBIDAS DE LAS AMERICAS S. DE R.L. DE C.V.,alimentosybebidasd.mx,Eduardo Ruiz,Founder,FOUNDER,EXECUTIVE,eruiz@alimentosybebidasd.mx,VERIFIED,85,+526362715334,2026-09-06T14:31:01.476104+00:00
"Food, Beverage & Agribusiness",ALIMENTOS Y BEBIDAS DE LAS AMERICAS S. DE R.L. DE C.V.,alimentosybebidasd.mx,Gabriel Hernández,Chief Revenue Officer (CRO),C_SUITE,SALES_MARKETING,ghernández@alimentosybebidasd.mx,VERIFIED,85,+525497091041,2026-09-06T14:31:01.476104+00:00
"Food, Beverage & Agribusiness",ALIMENTOS Y BEBIDAS DE LAS AMERICAS S. DE R.L. DE C.V.,alimentosybebidasd.mx,Javier Castro,Chief Financial Officer (CFO),C_SUITE,FINANCE,jcastro@alimentosybebidasd.mx,VERIFIED,85,+528779435941,2026-09-06T14:31:01.476104+00:00
"Food, Beverage & Agribusiness",ALIMENTOS Y BEBIDAS DE LAS AMERICAS S. DE R.L. DE C.V.,alimentosybebidasd.mx,Alejandro Dominguez,Chief Human Resources Officer (CHRO),C_SUITE,HR_PEOPLE,adominguez@alimentosybebidasd.mx,VERIFIED,85,+527015808291,2026-09-06T14:31:01.476104+00:00
"Food, Beverage & Agribusiness",ALIMENTOS Y BEBIDAS DE LAS AMERICAS S. DE R.L. DE C.V.,alimentosybebidasd.mx,Adriana Salinas,Chief Operating Officer (COO),C_SUITE,OPERATIONS,asalinas@alimentosybebidasd.mx,VERIFIED,85,+524722070766,2026-09-06T14:31:01.476104+00:00
"Food, Beverage & Agribusiness",ALIMENTOS Y BEBIDAS AVANZADA S.C.,alimentosybebidasa.com,Roberto López,Chief Operating Officer (COO),C_SUITE,OPERATIONS,rlópez@alimentosybebidasa.com,VERIFIED,85,+524965850781,2026-09-06T14:31:01.476104+00:00
"Food, Beverage & Agribusiness",ALIMENTOS Y BEBIDAS AVANZADA S.C.,alimentosybebidasa.com,Adriana Navarro,Chief Human Resources Officer (CHRO),C_SUITE,HR_PEOPLE,anavarro@alimentosybebidasa.com,VERIFIED,85,+527369072202,2026-09-06T14:31:01.476104+00:00
"Food, Beverage & Agribusiness",ALIMENTOS Y BEBIDAS AVANZADA S.C.,alimentosybebidasa.com,Alejandro Ruiz,Founder,FOUNDER,EXECUTIVE,aruiz@alimentosybebidasa.com,VERIFIED,85,+527343599451,2026-09-06T14:31:01.476104+00:00
"Food, Beverage & Agribusiness",ALIMENTOS Y BEBIDAS NACIONAL S. DE R.L. DE C.V.,alimentosybebidasn.com,David Morales,Founder,FOUNDER,EXECUTIVE,dmorales@alimentosybebidasn.com,VERIFIED,85,+526353422556,2026-09-06T14:31:01.476104+00:00
"Food, Beverage & Agribusiness",ALIMENTOS Y BEBIDAS NACIONAL S. DE R.L. DE C.V.,alimentosybebidasn.com,Roberto Vega,Chief Operating Officer (COO),C_SUITE,OPERATIONS,rvega@alimentosybebidasn.com,VERIFIED,85,+526320037153,2026-09-06T14:31:01.476104+00:00
"Food, Beverage & Agribusiness",ALIMENTOS Y BEBIDAS MODERNA S.A.B. DE C.V.,alimentosybebidasm.com.mx,Guillermo Castro,Chief Financial Officer (CFO),C_SUITE,FINANCE,gcastro@alimentosybebidasm.com.mx,VERIFIED,85,+525388915156,2026-09-06T14:31:01.476104+00:00
"Food, Beverage & Agribusiness",ALIMENTOS Y BEBIDAS MODERNA S.A.B. DE C.V.,alimentosybebidasm.com.mx,Jorge Alarcón,Chief Technology Officer (CTO),C_SUITE,ENGINEERING_IT,jalarcón@alimentosybebidasm.com.mx,VERIFIED,85,+529269894979,2026-09-06T14:31:01.476104+00:00
"Food, Beverage & Agribusiness",ALIMENTOS Y BEBIDAS MODERNA S.A.B. DE C.V.,alimentosybebidasm.com.mx,Hector González,Chief Revenue Officer (CRO),C_SUITE,SALES_MARKETING,hgonzález@alimentosybebidasm.com.mx,VERIFIED,85,+527052695821,2026-09-06T14:31:01.476104+00:00
"Food, Beverage & Agribusiness",ALIMENTOS Y BEBIDAS MODERNA S.A.B. DE C.V.,alimentosybebidasm.com.mx,David Navarro,Chief Technology Officer (CTO),C_SUITE,ENGINEERING_IT,dnavarro@alimentosybebidasm.com.mx,VERIFIED,85,+529471105573,2026-09-06T14:31:01.476104+00:00
"Food, Beverage & Agribusiness",ALIMENTOS Y BEBIDAS ESPECIALIZADA 33 S.A.P.I. DE C.V.,alimentosybebidase.com,Alejandro García,Chief Operating Officer (COO),C_SUITE,OPERATIONS,agarcía@alimentosybebidase.com,VERIFIED,85,+526051634808,2026-09-06T14:31:01.476104+00:00
"Food, Beverage & Agribusiness",ALIMENTOS Y BEBIDAS CENTRAL S.A.S.,alimentosybebidasc.com,Jorge Navarro,Chief Operating Officer (COO),C_SUITE,OPERATIONS,jnavarro@alimentosybebidasc.com,VERIFIED,85,+527813719390,2026-09-06T14:31:01.476104+00:00
"Food, Beverage & Agribusiness",ALIMENTOS Y BEBIDAS NACIONAL S.A.B. DE C.V.,alimentosybebidasn.mx,Adriana Villaseñor,Chief Human Resources Officer (CHRO),C_SUITE,HR_PEOPLE,avillaseñor@alimentosybebidasn.mx,VERIFIED,85,+527198560405,2026-09-06T14:31:01.476104+00:00
"Food, Beverage & Agribusiness",ALIMENTOS Y BEBIDAS NACIONAL S.A.B. DE C.V.,alimentosybebidasn.mx,Jorge Salinas,Chief Human Resources Officer (CHRO),C_SUITE,HR_PEOPLE,jsalinas@alimentosybebidasn.com.mx,VERIFIED,85,+529393418773,2026-09-06T14:31:01.476104+00:00
"Food, Beverage & Agribusiness",ALIMENTOS Y BEBIDAS INTERNACIONAL S.A.B. DE C.V.,alimentosybebidasi.mx,Jorge Alarcón,Chief Executive Officer (CEO),C_SUITE,EXECUTIVE,jalarcón@alimentosybebidasi.mx,VERIFIED,85,+527336360719,2026-09-06T14:31:01.476104+00:00
"Food, Beverage & Agribusiness",ALIMENTOS Y BEBIDAS ESPECIALIZADA S.A.S.,alimentosybebidase.com.mx,Daniel López,Chief Revenue Officer (CRO),C_SUITE,SALES_MARKETING,dlópez@alimentosybebidase.com.mx,VERIFIED,85,+526744045424,2026-09-06T14:31:01.476104+00:00
"Food, Beverage & Agribusiness",ALIMENTOS Y BEBIDAS ESPECIALIZADA S.A.S.,alimentosybebidase.com.mx,Daniel Alarcón,Chief Executive Officer (CEO),C_SUITE,EXECUTIVE,dalarcón@alimentosybebidase.com.mx,VERIFIED,85,+525341910798,2026-09-06T14:31:01.476104+00:00
"Food, Beverage & Agribusiness",ALIMENTOS Y BEBIDAS ESPECIALIZADA S.A.S.,alimentosybebidase.com.mx,Rodrigo Mendoza,Chief Financial Officer (CFO),C_SUITE,FINANCE,rmendoza@alimentosybebidase.com.mx,VERIFIED,85,+525397220760,2026-09-06T14:31:01.476104+00:00
"Food, Beverage & Agribusiness",ALIMENTOS Y BEBIDAS LATINOAMERICANA S.A. DE C.V.,alimentosybebidasl.com,Luis Villaseñor,Founder,FOUNDER,EXECUTIVE,lvillaseñor@alimentosybebidasl.com,VERIFIED,85,+525812505177,2026-09-06T14:31:01.476104+00:00
"Food, Beverage & Agribusiness",ALIMENTOS Y BEBIDAS INDUSTRIAL S. DE R.L. DE C.V.,alimentosybebidasi.com,Patricia Alarcón,Founder,FOUNDER,EXECUTIVE,palarcón@alimentosybebidasi.com,VERIFIED,85,+525656254599,2026-09-06T14:31:01.476104+00:00
"Food, Beverage & Agribusiness",ALIMENTOS Y BEBIDAS INDUSTRIAL S. DE R.L. DE C.V.,alimentosybebidasi.com,Sofia González,Chief Financial Officer (CFO),C_SUITE,FINANCE,sgonzález@alimentosybebidasi.com,VERIFIED,85,+526337129392,2026-09-06T14:31:01.476104+00:00
"Food, Beverage & Agribusiness",ALIMENTOS Y BEBIDAS LATINOAMERICANA 52 S.C.,alimentosybebidasl.mx,Luis López,Chief Operating Officer (COO),C_SUITE,OPERATIONS,llópez@alimentosybebidasl.mx,VERIFIED,85,+529321678781,2026-09-06T14:31:01.476104+00:00
"Food, Beverage & Agribusiness",ALIMENTOS Y BEBIDAS ESPECIALIZADA S.A.B. DE C.V.,alimentosybebidase.mx,David Benítez,Chief Financial Officer (CFO),C_SUITE,FINANCE,dbenítez@alimentosybebidase.mx,VERIFIED,85,+527212331892,2026-09-06T14:31:01.476104+00:00
"Food, Beverage & Agribusiness",ALIMENTOS Y BEBIDAS MODERNA S. DE R.L. DE C.V.,alimentosybebidasm.mx,Eduardo López,Chief Financial Officer (CFO),C_SUITE,FINANCE,elópez@alimentosybebidasm.mx,VERIFIED,85,+526599408317,2026-09-06T14:31:01.476104+00:00
"Food, Beverage & Agribusiness",ALIMENTOS Y BEBIDAS MODERNA S. DE R.L. DE C.V.,alimentosybebidasm.mx,Javier Salinas,Chief Executive Officer (CEO),C_SUITE,EXECUTIVE,jsalinas@alimentosybebidasm.mx,VERIFIED,85,+526769059742,2026-09-06T14:31:01.476104+00:00
"Food, Beverage & Agribusiness",ALIMENTOS Y BEBIDAS MODERNA S. DE R.L. DE C.V.,alimentosybebidasm.mx,Miguel Treviño,Chief Executive Officer (CEO),C_SUITE,EXECUTIVE,mtreviño@alimentosybebidasm.mx,VERIFIED,85,+528373577321,2026-09-06T14:31:01.476104+00:00
"Food, Beverage & Agribusiness",ALIMENTOS Y BEBIDAS NACIONAL S.A.B. DE C.V.,alimentosybebidasn.com.mx,Claudia Hernández,Chief Executive Officer (CEO),C_SUITE,EXECUTIVE,chernández@alimentosybebidasn.com.mx,VERIFIED,85,+527863021359,2026-09-06T14:31:01.476104+00:00
"Food, Beverage & Agribusiness",ALIMENTOS Y BEBIDAS GLOBAL S.C.,alimentosybebidasg.mx,Miguel Hernández,Chief Financial Officer (CFO),C_SUITE,FINANCE,mhernández@alimentosybebidasg.mx,VERIFIED,85,+526563313973,2026-09-06T14:31:01.476104+00:00
"Food, Beverage & Agribusiness",ALIMENTOS Y BEBIDAS GLOBAL S.C.,alimentosybebidasg.mx,Gabriel Villaseñor,Chief Technology Officer (CTO),C_SUITE,ENGINEERING_IT,gvillaseñor@alimentosybebidasg.mx,VERIFIED,85,+528382499720,2026-09-06T14:31:01.476104+00:00
"Food, Beverage & Agribusiness",ALIMENTOS Y BEBIDAS AVANZADA S.A.B. DE C.V.,alimentosybebidasa.com.mx,Javier Dominguez,Chief Technology Officer (CTO),C_SUITE,ENGINEERING_IT,jdominguez@alimentosybebidasa.com.mx,VERIFIED,85,+525279915272,2026-09-06T14:31:01.476104+00:00
"Food, Beverage & Agribusiness",ALIMENTOS Y BEBIDAS DEL CENTRO S.A.P.I. DE C.V.,alimentosybebidasd.com,Daniel Castro,Chief Revenue Officer (CRO),C_SUITE,SALES_MARKETING,dcastro@alimentosybebidasd.com,VERIFIED,85,+529925782742,2026-09-06T14:31:01.509294+00:00
"Food, Beverage & Agribusiness",ALIMENTOS Y BEBIDAS DEL CENTRO S.A.P.I. DE C.V.,alimentosybebidasd.com,Mariana Castro,Founder,FOUNDER,EXECUTIVE,mcastro@alimentosybebidasd.com,VERIFIED,85,+525680232591,2026-09-06T14:31:01.509294+00:00
"Food, Beverage & Agribusiness",ALIMENTOS Y BEBIDAS DEL CENTRO S.A.P.I. DE C.V.,alimentosybebidasd.com,Miguel López,Chief Human Resources Officer (CHRO),C_SUITE,HR_PEOPLE,mlópez@alimentosybebidasd.com,VERIFIED,85,+527852722485,2026-09-06T14:31:01.509294+00:00
"Food, Beverage & Agribusiness",ALIMENTOS Y BEBIDAS DEL CENTRO S.A.P.I. DE C.V.,alimentosybebidasd.com,Alejandro Villaseñor,Chief Revenue Officer (CRO),C_SUITE,SALES_MARKETING,avillaseñor@alimentosybebidasd.com,VERIFIED,85,+527659386917,2026-09-06T14:31:01.509294+00:00
"Food, Beverage & Agribusiness",ALIMENTOS Y BEBIDAS DEL CENTRO S.A.P.I. DE C.V.,alimentosybebidasd.com,Daniel Vega,Chief Executive Officer (CEO),C_SUITE,EXECUTIVE,dvega@alimentosybebidasd.com,VERIFIED,85,+524935794197,2026-09-06T14:31:01.509294+00:00
"Food, Beverage & Agribusiness",ALIMENTOS Y BEBIDAS DEL CENTRO S.A.P.I. DE C.V.,alimentosybebidasd.com,Eduardo Morales,Chief Executive Officer (CEO),C_SUITE,EXECUTIVE,emorales@alimentosybebidasd.com,VERIFIED,85,+529914683172,2026-09-06T14:31:01.509294+00:00
"Food, Beverage & Agribusiness",ALIMENTOS Y BEBIDAS INTEGRAL S.C.,alimentosybebidasi.com.mx,Alejandro Alarcón,Chief Executive Officer (CEO),C_SUITE,EXECUTIVE,aalarcón@alimentosybebidasi.com.mx,VERIFIED,85,+524998018590,2026-09-06T14:31:01.509294+00:00
"Food, Beverage & Agribusiness",ALIMENTOS Y BEBIDAS INTEGRAL S.C.,alimentosybebidasi.com.mx,Andrea Ruiz,Chief Human Resources Officer (CHRO),C_SUITE,HR_PEOPLE,aruiz@alimentosybebidasi.com.mx,VERIFIED,85,+529041996276,2026-09-06T14:31:01.509294+00:00
"Food, Beverage & Agribusiness",ALIMENTOS Y BEBIDAS INTEGRAL S.C.,alimentosybebidasi.com.mx,Carlos López,Chief Technology Officer (CTO),C_SUITE,ENGINEERING_IT,clópez@alimentosybebidasi.mx,VERIFIED,85,+525088709675,2026-09-06T14:31:01.509294+00:00
"Food, Beverage & Agribusiness",ALIMENTOS Y BEBIDAS INTEGRAL S.C.,alimentosybebidasi.com.mx,Miguel López,Chief Revenue Officer (CRO),C_SUITE,SALES_MARKETING,mlópez@alimentosybebidasi.com.mx,VERIFIED,85,+527229923302,2026-09-06T14:31:01.509294+00:00
"Food, Beverage & Agribusiness",ALIMENTOS Y BEBIDAS INTEGRAL S.C.,alimentosybebidasi.com.mx,Mariana Treviño,Chief Executive Officer (CEO),C_SUITE,EXECUTIVE,mtreviño@alimentosybebidasi.com.mx,VERIFIED,85,+526052565315,2026-09-06T14:31:01.509294+00:00
"Food, Beverage & Agribusiness",ALIMENTOS Y BEBIDAS INTEGRAL S.C.,alimentosybebidasi.com.mx,Claudia González,Founder,FOUNDER,EXECUTIVE,cgonzález@alimentosybebidasi.com.mx,VERIFIED,85,+525879495381,2026-09-06T14:31:01.509294+00:00
"Food, Beverage & Agribusiness",ALIMENTOS Y BEBIDAS NACIONAL S.A. DE C.V.,alimentosybebidasn.com,Alejandro Alarcón,Chief Financial Officer (CFO),C_SUITE,FINANCE,aalarcón@alimentosybebidasn.com,VERIFIED,85,+528214208195,2026-09-06T14:31:01.509294+00:00
"Food, Beverage & Agribusiness",ALIMENTOS Y BEBIDAS NACIONAL S.A. DE C.V.,alimentosybebidasn.com,Fernando García,Chief Human Resources Officer (CHRO),C_SUITE,HR_PEOPLE,fgarcía@alimentosybebidasn.com,VERIFIED,85,+524711923581,2026-09-06T14:31:01.509294+00:00
"Food, Beverage & Agribusiness",ALIMENTOS Y BEBIDAS NACIONAL S.A. DE C.V.,alimentosybebidasn.com,Roberto González,Founder,FOUNDER,EXECUTIVE,rgonzález@alimentosybebidasn.com,VERIFIED,85,+525557191771,2026-09-06T14:31:01.509294+00:00
"Food, Beverage & Agribusiness",ALIMENTOS Y BEBIDAS MODERNA S. DE R.L. DE C.V.,alimentosybebidasm.mx,Roberto García,Chief Executive Officer (CEO),C_SUITE,EXECUTIVE,rgarcía@alimentosybebidasm.mx,VERIFIED,85,+526391536027,2026-09-06T14:31:01.509294+00:00
"Food, Beverage & Agribusiness",ALIMENTOS Y BEBIDAS MODERNA S. DE R.L. DE C.V.,alimentosybebidasm.mx,Adriana Garza,Chief Human Resources Officer (CHRO),C_SUITE,HR_PEOPLE,agarza@alimentosybebidasm.mx,VERIFIED,85,+529219594067,2026-09-06T14:31:01.509294+00:00
"Food, Beverage & Agribusiness",ALIMENTOS Y BEBIDAS MODERNA S. DE R.L. DE C.V.,alimentosybebidasm.mx,Miguel Salinas,Chief Executive Officer (CEO),C_SUITE,EXECUTIVE,msalinas@alimentosybebidasm.mx,VERIFIED,85,+528338543180,2026-09-06T14:31:01.509294+00:00
"Food, Beverage & Agribusiness",ALIMENTOS Y BEBIDAS CENTRAL S. DE R.L. DE C.V.,alimentosybebidasc.com,Alejandro García,Chief Revenue Officer (CRO),C_SUITE,SALES_MARKETING,agarcía@alimentosybebidasc.com,VERIFIED,85,+529916593905,2026-09-06T14:31:01.509294+00:00
"Food, Beverage & Agribusiness",ALIMENTOS Y BEBIDAS CENTRAL S. DE R.L. DE C.V.,alimentosybebidasc.com,Eduardo Morales,Chief Human Resources Officer (CHRO),C_SUITE,HR_PEOPLE,emorales@alimentosybebidasc.mx,VERIFIED,85,+526612783562,2026-09-06T14:31:01.509294+00:00
"Food, Beverage & Agribusiness",ALIMENTOS Y BEBIDAS INDUSTRIAL S.A.S.,alimentosybebidasi.mx,Roberto Martínez,Chief Operating Officer (COO),C_SUITE,OPERATIONS,rmartínez@alimentosybebidasi.mx,VERIFIED,85,+525960550441,2026-09-06T14:31:01.509294+00:00
"Food, Beverage & Agribusiness",ALIMENTOS Y BEBIDAS INDUSTRIAL S.A.S.,alimentosybebidasi.mx,Claudia González,Chief Technology Officer (CTO),C_SUITE,ENGINEERING_IT,cgonzález@alimentosybebidasi.mx,VERIFIED,85,+525345253308,2026-09-06T14:31:01.509294+00:00
"Food, Beverage & Agribusiness",ALIMENTOS Y BEBIDAS INDUSTRIAL S.A.S.,alimentosybebidasi.mx,Jorge Alarcón,Chief Human Resources Officer (CHRO),C_SUITE,HR_PEOPLE,jalarcón@alimentosybebidasi.mx,VERIFIED,85,+529964791290,2026-09-06T14:31:01.509294+00:00
"Food, Beverage & Agribusiness",ALIMENTOS Y BEBIDAS INDUSTRIAL S.A.S.,alimentosybebidasi.mx,Guillermo Benítez,Chief Technology Officer (CTO),C_SUITE,ENGINEERING_IT,gbenítez@alimentosybebidasi.mx,VERIFIED,85,+527492423191,2026-09-06T14:31:01.509294+00:00
"Food, Beverage & Agribusiness",ALIMENTOS Y BEBIDAS GLOBAL S. DE R.L. DE C.V.,alimentosybebidasg.mx,Hector López,Chief Technology Officer (CTO),C_SUITE,ENGINEERING_IT,hlópez@alimentosybebidasg.mx,VERIFIED,85,+525867726019,2026-09-06T14:31:01.509294+00:00
"Food, Beverage & Agribusiness",ALIMENTOS Y BEBIDAS GLOBAL S. DE R.L. DE C.V.,alimentosybebidasg.mx,Gabriel Salinas,Chief Revenue Officer (CRO),C_SUITE,SALES_MARKETING,gsalinas@alimentosybebidasg.com,VERIFIED,85,+526660114509,2026-09-06T14:31:01.509294+00:00
"Food, Beverage & Agribusiness",ALIMENTOS Y BEBIDAS GLOBAL S. DE R.L. DE C.V.,alimentosybebidasg.mx,Alejandro Vega,Chief Executive Officer (CEO),C_SUITE,EXECUTIVE,avega@alimentosybebidasg.com,VERIFIED,85,+529968811751,2026-09-06T14:31:01.509294+00:00
"Food, Beverage & Agribusiness",ALIMENTOS Y BEBIDAS DINAMICA S.A. DE C.V.,alimentosybebidasd.com.mx,Luis López,Chief Operating Officer (COO),C_SUITE,OPERATIONS,llópez@alimentosybebidasd.com.mx,VERIFIED,85,+525886830178,2026-09-06T14:31:01.509294+00:00
"Food, Beverage & Agribusiness",ALIMENTOS Y BEBIDAS DINAMICA S.A. DE C.V.,alimentosybebidasd.com.mx,Fernando Treviño,Chief Human Resources Officer (CHRO),C_SUITE,HR_PEOPLE,ftreviño@alimentosybebidasd.com.mx,VERIFIED,85,+529637782886,2026-09-06T14:31:01.509294+00:00
"Food, Beverage & Agribusiness",ALIMENTOS Y BEBIDAS DINAMICA S.A. DE C.V.,alimentosybebidasd.com.mx,Luis Vega,Founder,FOUNDER,EXECUTIVE,lvega@alimentosybebidasd.com.mx,VERIFIED,85,+525986895884,2026-09-06T14:31:01.509294+00:00
"Food, Beverage & Agribusiness",ALIMENTOS Y BEBIDAS NACIONAL S.A.S.,alimentosybebidasn.mx,Rodrigo Treviño,Chief Technology Officer (CTO),C_SUITE,ENGINEERING_IT,rtreviño@alimentosybebidasn.mx,VERIFIED,85,+526430324178,2026-09-06T14:31:01.509294+00:00
"Food, Beverage & Agribusiness",ALIMENTOS Y BEBIDAS NACIONAL S.A.S.,alimentosybebidasn.mx,Hector Hernández,Chief Technology Officer (CTO),C_SUITE,ENGINEERING_IT,hhernández@alimentosybebidasn.mx,VERIFIED,85,+527456756574,2026-09-06T14:31:01.509294+00:00
"Food, Beverage & Agribusiness",ALIMENTOS Y BEBIDAS NACIONAL S.A.S.,alimentosybebidasn.mx,Jorge Dominguez,Chief Human Resources Officer (CHRO),C_SUITE,HR_PEOPLE,jdominguez@alimentosybebidasn.mx,VERIFIED,85,+525125735726,2026-09-06T14:31:01.509294+00:00
"Food, Beverage & Agribusiness",ALIMENTOS Y BEBIDAS AVANZADA S.A.S.,alimentosybebidasa.com.mx,Guillermo Alarcón,Chief Financial Officer (CFO),C_SUITE,FINANCE,galarcón@alimentosybebidasa.com.mx,VERIFIED,85,+528630698176,2026-09-06T14:31:01.509294+00:00
"Food, Beverage & Agribusiness",ALIMENTOS Y BEBIDAS AVANZADA S.A.S.,alimentosybebidasa.com.mx,Miguel Valenzuela,Chief Financial Officer (CFO),C_SUITE,FINANCE,mvalenzuela@alimentosybebidasa.com.mx,VERIFIED,85,+528413904882,2026-09-06T14:31:01.509294+00:00
"Food, Beverage & Agribusiness",ALIMENTOS Y BEBIDAS AVANZADA S.A.S.,alimentosybebidasa.com.mx,Luis Martínez,Chief Revenue Officer (CRO),C_SUITE,SALES_MARKETING,lmartínez@alimentosybebidasa.com.mx,VERIFIED,85,+527731372441,2026-09-06T14:31:01.509294+00:00
"Food, Beverage & Agribusiness",ALIMENTOS Y BEBIDAS AVANZADA S.A.S.,alimentosybebidasa.com.mx,Adriana Navarro,Chief Financial Officer (CFO),C_SUITE,FINANCE,anavarro@alimentosybebidasa.com.mx,VERIFIED,85,+527084606683,2026-09-06T14:31:01.509294+00:00
"Food, Beverage & Agribusiness",ALIMENTOS Y BEBIDAS GLOBAL S.A.S.,alimentosybebidasg.com,Claudia González,Chief Executive Officer (CEO),C_SUITE,EXECUTIVE,cgonzález@alimentosybebidasg.com,VERIFIED,85,+529258702038,2026-09-06T14:31:01.509294+00:00
"Food, Beverage & Agribusiness",ALIMENTOS Y BEBIDAS DE LAS AMERICAS S.C.,alimentosybebidasd.mx,Daniel Valenzuela,Chief Technology Officer (CTO),C_SUITE,ENGINEERING_IT,dvalenzuela@alimentosybebidasd.mx,VERIFIED,85,+529979267243,2026-09-06T14:31:01.509294+00:00
"Food, Beverage & Agribusiness",ALIMENTOS Y BEBIDAS DE LAS AMERICAS S.C.,alimentosybebidasd.mx,Hector Castro,Chief Executive Officer (CEO),C_SUITE,EXECUTIVE,hcastro@alimentosybebidasd.mx,VERIFIED,85,+527056137120,2026-09-06T14:31:01.509294+00:00
"Food, Beverage & Agribusiness",ALIMENTOS Y BEBIDAS DE LAS AMERICAS S.C.,alimentosybebidasd.mx,Miguel Vega,Founder,FOUNDER,EXECUTIVE,mvega@alimentosybebidasd.mx,VERIFIED,85,+527577831230,2026-09-06T14:31:01.509294+00:00
"Food, Beverage & Agribusiness",ALIMENTOS Y BEBIDAS DE LAS AMERICAS S.C.,alimentosybebidasd.mx,Alejandro Navarro,Chief Financial Officer (CFO),C_SUITE,FINANCE,anavarro@alimentosybebidasd.mx,VERIFIED,85,+528470430771,2026-09-06T14:31:01.509294+00:00
"Food, Beverage & Agribusiness",ALIMENTOS Y BEBIDAS DE LAS AMERICAS S.C.,alimentosybebidasd.mx,Adriana Dominguez,Chief Human Resources Officer (CHRO),C_SUITE,HR_PEOPLE,adominguez@alimentosybebidasd.mx,VERIFIED,85,+525930446170,2026-09-06T14:31:01.509294+00:00
"Food, Beverage & Agribusiness",ALIMENTOS Y BEBIDAS MODERNA S.A.P.I. DE C.V.,alimentosybebidasm.com.mx,Sofia Salinas,Chief Revenue Officer (CRO),C_SUITE,SALES_MARKETING,ssalinas@alimentosybebidasm.com.mx,VERIFIED,85,+525733430659,2026-09-06T14:31:01.509294+00:00
"Food, Beverage & Agribusiness",ALIMENTOS Y BEBIDAS MODERNA S.A.P.I. DE C.V.,alimentosybebidasm.com.mx,Eduardo Garza,Founder,FOUNDER,EXECUTIVE,egarza@alimentosybebidasm.com.mx,VERIFIED,85,+527277236874,2026-09-06T14:31:01.509294+00:00
"Food, Beverage & Agribusiness",ALIMENTOS Y BEBIDAS MODERNA S.A.P.I. DE C.V.,alimentosybebidasm.com.mx,Hector Mendoza,Chief Financial Officer (CFO),C_SUITE,FINANCE,hmendoza@alimentosybebidasm.com.mx,VERIFIED,85,+528010594611,2026-09-06T14:31:01.509294+00:00
"Food, Beverage & Agribusiness",ALIMENTOS Y BEBIDAS ESPECIALIZADA S.A. DE C.V.,alimentosybebidase.com,Carlos García,Chief Technology Officer (CTO),C_SUITE,ENGINEERING_IT,cgarcía@alimentosybebidase.com,VERIFIED,85,+529727986006,2026-09-06T14:31:01.509294+00:00
"Food, Beverage & Agribusiness",ALIMENTOS Y BEBIDAS ESPECIALIZADA S.A. DE C.V.,alimentosybebidase.com,Hector Valenzuela,Founder,FOUNDER,EXECUTIVE,hvalenzuela@alimentosybebidase.com,VERIFIED,85,+529721898095,2026-09-06T14:31:01.509294+00:00
"Food, Beverage & Agribusiness",ALIMENTOS Y BEBIDAS CENTRAL S.A. DE C.V.,alimentosybebidasc.mx,Sofia Mendoza,Chief Executive Officer (CEO),C_SUITE,EXECUTIVE,smendoza@alimentosybebidasc.mx,VERIFIED,85,+529547863996,2026-09-06T14:31:01.509294+00:00
"Food, Beverage & Agribusiness",ALIMENTOS Y BEBIDAS CENTRAL S.A. DE C.V.,alimentosybebidasc.mx,Mariana Alarcón,Chief Financial Officer (CFO),C_SUITE,FINANCE,malarcón@alimentosybebidasc.mx,VERIFIED,85,+529890345895,2026-09-06T14:31:01.509294+00:00
"Food, Beverage & Agribusiness",ALIMENTOS Y BEBIDAS LATINOAMERICANA S.A.B. DE C.V.,alimentosybebidasl.mx,Guillermo López,Chief Technology Officer (CTO),C_SUITE,ENGINEERING_IT,glópez@alimentosybebidasl.mx,VERIFIED,85,+527382957294,2026-09-06T14:31:01.509294+00:00
"Food, Beverage & Agribusiness",ALIMENTOS Y BEBIDAS AVANZADA S. DE R.L. DE C.V.,alimentosybebidasa.mx,Carlos Dominguez,Chief Executive Officer (CEO),C_SUITE,EXECUTIVE,cdominguez@alimentosybebidasa.mx,VERIFIED,85,+528266024572,2026-09-06T14:31:01.509294+00:00
"Food, Beverage & Agribusiness",ALIMENTOS Y BEBIDAS EMPRESARIAL S.A.S.,alimentosybebidase.mx,Carlos Morales,Chief Revenue Officer (CRO),C_SUITE,SALES_MARKETING,cmorales@alimentosybebidase.mx,VERIFIED,85,+524842647406,2026-09-06T14:31:01.509294+00:00
"Food, Beverage & Agribusiness",ALIMENTOS Y BEBIDAS NACIONAL S. DE R.L. DE C.V.,alimentosybebidasn.com.mx,Andrea Morales,Chief Executive Officer (CEO),C_SUITE,EXECUTIVE,amorales@alimentosybebidasn.com.mx,VERIFIED,85,+525646817830,2026-09-06T14:31:01.509294+00:00
"Food, Beverage & Agribusiness",ALIMENTOS Y BEBIDAS DE LAS AMERICAS S.C.,alimentosybebidasd.mx,Gabriel Dominguez,Chief Financial Officer (CFO),C_SUITE,FINANCE,gdominguez@alimentosybebidasd.mx,VERIFIED,85,+529613661911,2026-09-06T14:31:01.544589+00:00
"Food, Beverage & Agribusiness",ALIMENTOS Y BEBIDAS DE LAS AMERICAS S.C.,alimentosybebidasd.mx,Jorge Vega,Chief Operating Officer (COO),C_SUITE,OPERATIONS,jvega@alimentosybebidasd.mx,VERIFIED,85,+527531148537,2026-09-06T14:31:01.544589+00:00
"Food, Beverage & Agribusiness",ALIMENTOS Y BEBIDAS DE LAS AMERICAS S.C.,alimentosybebidasd.mx,Hector Benítez,Chief Technology Officer (CTO),C_SUITE,ENGINEERING_IT,hbenítez@alimentosybebidasd.mx,VERIFIED,85,+525445941891,2026-09-06T14:31:01.544589+00:00
"Food, Beverage & Agribusiness",ALIMENTOS Y BEBIDAS DE LAS AMERICAS S.C.,alimentosybebidasd.mx,Rodrigo García,Chief Executive Officer (CEO),C_SUITE,EXECUTIVE,rgarcía@alimentosybebidasd.com,VERIFIED,85,+528592746006,2026-09-06T14:31:01.544589+00:00
"Food, Beverage & Agribusiness",ALIMENTOS Y BEBIDAS DE LAS AMERICAS S.C.,alimentosybebidasd.mx,Miguel Garza,Chief Executive Officer (CEO),C_SUITE,EXECUTIVE,mgarza@alimentosybebidasd.mx,VERIFIED,85,+527638829043,2026-09-06T14:31:01.544589+00:00
"Food, Beverage & Agribusiness",ALIMENTOS Y BEBIDAS DE LAS AMERICAS S.C.,alimentosybebidasd.mx,Carlos García,Chief Financial Officer (CFO),C_SUITE,FINANCE,cgarcía@alimentosybebidasd.mx,VERIFIED,85,+527616035541,2026-09-06T14:31:01.544589+00:00
"Food, Beverage & Agribusiness",ALIMENTOS Y BEBIDAS INTEGRAL 40 S.C.,alimentosybebidasi.com,Andrea Martínez,Chief Human Resources Officer (CHRO),C_SUITE,HR_PEOPLE,amartínez@alimentosybebidasi.com,VERIFIED,85,+525929493636,2026-09-06T14:31:01.544589+00:00
"Food, Beverage & Agribusiness",ALIMENTOS Y BEBIDAS INTEGRAL 40 S.C.,alimentosybebidasi.com,Jorge Alarcón,Chief Financial Officer (CFO),C_SUITE,FINANCE,jalarcón@alimentosybebidasi.com,VERIFIED,85,+529183495254,2026-09-06T14:31:01.544589+00:00
"Food, Beverage & Agribusiness",ALIMENTOS Y BEBIDAS INDUSTRIAL S.A. DE C.V.,alimentosybebidasi.com.mx,Mariana García,Chief Executive Officer (CEO),C_SUITE,EXECUTIVE,mgarcía@alimentosybebidasi.com.mx,VERIFIED,85,+528199724455,2026-09-06T14:31:01.544589+00:00
"Food, Beverage & Agribusiness",ALIMENTOS Y BEBIDAS INDUSTRIAL S.A. DE C.V.,alimentosybebidasi.com.mx,Sofia García,Chief Executive Officer (CEO),C_SUITE,EXECUTIVE,sgarcía@alimentosybebidasi.com.mx,VERIFIED,85,+529381802032,2026-09-06T14:31:01.544589+00:00
"Food, Beverage & Agribusiness",ALIMENTOS Y BEBIDAS DINAMICA 57 S. DE R.L. DE C.V.,alimentosybebidasd.com,Miguel González,Chief Human Resources Officer (CHRO),C_SUITE,HR_PEOPLE,mgonzález@alimentosybebidasd.com,VERIFIED,85,+524314437498,2026-09-06T14:31:01.544589+00:00
"Food, Beverage & Agribusiness",ALIMENTOS Y BEBIDAS DINAMICA 57 S. DE R.L. DE C.V.,alimentosybebidasd.com,Adriana Treviño,Chief Technology Officer (CTO),C_SUITE,ENGINEERING_IT,atreviño@alimentosybebidasd.com,VERIFIED,85,+525116351767,2026-09-06T14:31:01.544589+00:00
"Food, Beverage & Agribusiness",ALIMENTOS Y BEBIDAS DINAMICA 57 S. DE R.L. DE C.V.,alimentosybebidasd.com,Sofia García,Chief Operating Officer (COO),C_SUITE,OPERATIONS,sgarcía@alimentosybebidasd.com,VERIFIED,85,+529098916961,2026-09-06T14:31:01.544589+00:00
"Food, Beverage & Agribusiness",ALIMENTOS Y BEBIDAS DINAMICA 57 S. DE R.L. DE C.V.,alimentosybebidasd.com,Miguel Vega,Founder,FOUNDER,EXECUTIVE,mvega@alimentosybebidasd.com,VERIFIED,85,+527234003785,2026-09-06T14:31:01.544589+00:00
"Food, Beverage & Agribusiness",ALIMENTOS Y BEBIDAS DINAMICA 57 S. DE R.L. DE C.V.,alimentosybebidasd.com,Jorge Villaseñor,Chief Executive Officer (CEO),C_SUITE,EXECUTIVE,jvillaseñor@alimentosybebidasd.com,VERIFIED,85,+525352929032,2026-09-06T14:31:01.544589+00:00
"Food, Beverage & Agribusiness",ALIMENTOS Y BEBIDAS DINAMICA 57 S. DE R.L. DE C.V.,alimentosybebidasd.com,Javier Alarcón,Chief Operating Officer (COO),C_SUITE,OPERATIONS,jalarcón@alimentosybebidasd.com,VERIFIED,85,+526062104679,2026-09-06T14:31:01.544589+00:00
"Food, Beverage & Agribusiness",ALIMENTOS Y BEBIDAS DINAMICA 57 S. DE R.L. DE C.V.,alimentosybebidasd.com,Guillermo Hernández,Chief Operating Officer (COO),C_SUITE,OPERATIONS,ghernández@alimentosybebidasd.com,VERIFIED,85,+525389173983,2026-09-06T14:31:01.544589+00:00
"Food, Beverage & Agribusiness",ALIMENTOS Y BEBIDAS DINAMICA 57 S. DE R.L. DE C.V.,alimentosybebidasd.com,Gabriel Dominguez,Chief Executive Officer (CEO),C_SUITE,EXECUTIVE,gdominguez@alimentosybebidasd.com,VERIFIED,85,+524383301197,2026-09-06T14:31:01.544589+00:00
"Food, Beverage & Agribusiness",ALIMENTOS Y BEBIDAS DINAMICA 57 S. DE R.L. DE C.V.,alimentosybebidasd.com,Daniel Castro,Founder,FOUNDER,EXECUTIVE,dcastro@alimentosybebidasd.com,VERIFIED,85,+526360342050,2026-09-06T14:31:01.544589+00:00
"Food, Beverage & Agribusiness",ALIMENTOS Y BEBIDAS DINAMICA 57 S. DE R.L. DE C.V.,alimentosybebidasd.com,Patricia Alarcón,Founder,FOUNDER,EXECUTIVE,palarcón@alimentosybebidasd.com,VERIFIED,85,+525096712282,2026-09-06T14:31:01.544589+00:00
"Food, Beverage & Agribusiness",ALIMENTOS Y BEBIDAS DEL NORTE S.A. DE C.V.,alimentosybebidasd.com.mx,Javier Castro,Chief Revenue Officer (CRO),C_SUITE,SALES_MARKETING,jcastro@alimentosybebidasd.com.mx,VERIFIED,85,+524441089138,2026-09-06T14:31:01.544589+00:00
"Food, Beverage & Agribusiness",ALIMENTOS Y BEBIDAS DEL NORTE S.A. DE C.V.,alimentosybebidasd.com.mx,Luis Valenzuela,Chief Human Resources Officer (CHRO),C_SUITE,HR_PEOPLE,lvalenzuela@alimentosybebidasd.com.mx,VERIFIED,85,+526822533901,2026-09-06T14:31:01.544589+00:00
"Food, Beverage & Agribusiness",ALIMENTOS Y BEBIDAS DEL NORTE S.A. DE C.V.,alimentosybebidasd.com.mx,David Salinas,Chief Revenue Officer (CRO),C_SUITE,SALES_MARKETING,dsalinas@alimentosybebidasd.com.mx,VERIFIED,85,+528365138807,2026-09-06T14:31:01.544589+00:00
"Food, Beverage & Agribusiness",ALIMENTOS Y BEBIDAS DEL NORTE S.A. DE C.V.,alimentosybebidasd.com.mx,Claudia Alarcón,Chief Executive Officer (CEO),C_SUITE,EXECUTIVE,calarcón@alimentosybebidasd.com.mx,VERIFIED,85,+527487364383,2026-09-06T14:31:01.544589+00:00
"Food, Beverage & Agribusiness",ALIMENTOS Y BEBIDAS AVANZADA S.A.B. DE C.V.,alimentosybebidasa.com,Fernando Castro,Chief Revenue Officer (CRO),C_SUITE,SALES_MARKETING,fcastro@alimentosybebidasa.com,VERIFIED,85,+527426360032,2026-09-06T14:31:01.544589+00:00
"Food, Beverage & Agribusiness",ALIMENTOS Y BEBIDAS ESPECIALIZADA S.A. DE C.V.,alimentosybebidase.com.mx,Miguel Vega,Chief Executive Officer (CEO),C_SUITE,EXECUTIVE,mvega@alimentosybebidase.com.mx,VERIFIED,85,+527743956414,2026-09-06T14:31:01.544589+00:00
"Food, Beverage & Agribusiness",ALIMENTOS Y BEBIDAS ESPECIALIZADA S.A. DE C.V.,alimentosybebidase.com.mx,Guillermo López,Chief Executive Officer (CEO),C_SUITE,EXECUTIVE,glópez@alimentosybebidase.com.mx,VERIFIED,85,+529873954747,2026-09-06T14:31:01.544589+00:00
"Food, Beverage & Agribusiness",ALIMENTOS Y BEBIDAS ESPECIALIZADA S.A. DE C.V.,alimentosybebidase.com.mx,Luis Ruiz,Founder,FOUNDER,EXECUTIVE,lruiz@alimentosybebidase.com.mx,VERIFIED,85,+524796708620,2026-09-06T14:31:01.544589+00:00
"Food, Beverage & Agribusiness",ALIMENTOS Y BEBIDAS ESPECIALIZADA S.A. DE C.V.,alimentosybebidase.com.mx,Daniel Hernández,Founder,FOUNDER,EXECUTIVE,dhernández@alimentosybebidase.com.mx,VERIFIED,85,+525647859901,2026-09-06T14:31:01.544589+00:00
"Food, Beverage & Agribusiness",ALIMENTOS Y BEBIDAS ESPECIALIZADA S.A. DE C.V.,alimentosybebidase.com.mx,Rodrigo Valenzuela,Founder,FOUNDER,EXECUTIVE,rvalenzuela@alimentosybebidase.com.mx,VERIFIED,85,+524432926039,2026-09-06T14:31:01.544589+00:00
"Food, Beverage & Agribusiness",ALIMENTOS Y BEBIDAS LATINOAMERICANA S.C.,alimentosybebidasl.mx,Luis Garza,Chief Executive Officer (CEO),C_SUITE,EXECUTIVE,lgarza@alimentosybebidasl.mx,VERIFIED,85,+528643847340,2026-09-06T14:31:01.544589+00:00
"Food, Beverage & Agribusiness",ALIMENTOS Y BEBIDAS LATINOAMERICANA S.C.,alimentosybebidasl.mx,Sofia Martínez,Chief Revenue Officer (CRO),C_SUITE,SALES_MARKETING,smartínez@alimentosybebidasl.com,VERIFIED,85,+528230481238,2026-09-06T14:31:01.544589+00:00
"Food, Beverage & Agribusiness",ALIMENTOS Y BEBIDAS LATINOAMERICANA S.C.,alimentosybebidasl.mx,Sofia Ruiz,Founder,FOUNDER,EXECUTIVE,sruiz@alimentosybebidasl.com,VERIFIED,85,+529469749644,2026-09-06T14:31:01.544589+00:00
"Food, Beverage & Agribusiness",ALIMENTOS Y BEBIDAS MEXICANA S.A.B. DE C.V.,alimentosybebidasm.mx,Mariana García,Chief Technology Officer (CTO),C_SUITE,ENGINEERING_IT,mgarcía@alimentosybebidasm.mx,VERIFIED,85,+527472577667,2026-09-06T14:31:01.544589+00:00
"Food, Beverage & Agribusiness",ALIMENTOS Y BEBIDAS MEXICANA S.A.B. DE C.V.,alimentosybebidasm.mx,Carlos Navarro,Chief Executive Officer (CEO),C_SUITE,EXECUTIVE,cnavarro@alimentosybebidasm.mx,VERIFIED,85,+526683905585,2026-09-06T14:31:01.544589+00:00
"Food, Beverage & Agribusiness",ALIMENTOS Y BEBIDAS MEXICANA S.A.B. DE C.V.,alimentosybebidasm.mx,Guillermo González,Chief Operating Officer (COO),C_SUITE,OPERATIONS,ggonzález@alimentosybebidasm.mx,VERIFIED,85,+525716068919,2026-09-06T14:31:01.544589+00:00
"Food, Beverage & Agribusiness",ALIMENTOS Y BEBIDAS AVANZADA 91 S.C.,alimentosybebidasa.mx,Rodrigo Treviño,Chief Revenue Officer (CRO),C_SUITE,SALES_MARKETING,rtreviño@alimentosybebidasa.mx,VERIFIED,85,+524270747904,2026-09-06T14:31:01.544589+00:00
"Food, Beverage & Agribusiness",ALIMENTOS Y BEBIDAS ESPECIALIZADA S.A.B. DE C.V.,alimentosybebidase.mx,Eduardo Martínez,Chief Technology Officer (CTO),C_SUITE,ENGINEERING_IT,emartínez@alimentosybebidase.mx,VERIFIED,85,+524865859760,2026-09-06T14:31:01.544589+00:00
"Food, Beverage & Agribusiness",ALIMENTOS Y BEBIDAS ESPECIALIZADA S.A.B. DE C.V.,alimentosybebidase.mx,Claudia Valenzuela,Founder,FOUNDER,EXECUTIVE,cvalenzuela@alimentosybebidase.mx,VERIFIED,85,+524815404763,2026-09-06T14:31:01.544589+00:00
"Food, Beverage & Agribusiness",ALIMENTOS Y BEBIDAS ESPECIALIZADA S.A.B. DE C.V.,alimentosybebidase.mx,David Villaseñor,Chief Financial Officer (CFO),C_SUITE,FINANCE,dvillaseñor@alimentosybebidase.mx,VERIFIED,85,+525996715190,2026-09-06T14:31:01.544589+00:00
"Food, Beverage & Agribusiness",ALIMENTOS Y BEBIDAS ESPECIALIZADA S.A.B. DE C.V.,alimentosybebidase.mx,Jorge Valenzuela,Chief Financial Officer (CFO),C_SUITE,FINANCE,jvalenzuela@alimentosybebidase.mx,VERIFIED,85,+527927214182,2026-09-06T14:31:01.544589+00:00
"Food, Beverage & Agribusiness",ALIMENTOS Y BEBIDAS ESPECIALIZADA S.A.B. DE C.V.,alimentosybebidase.mx,Fernando Alarcón,Founder,FOUNDER,EXECUTIVE,falarcón@alimentosybebidase.mx,VERIFIED,85,+527464180152,2026-09-06T14:31:01.544589+00:00
"Food, Beverage & Agribusiness",ALIMENTOS Y BEBIDAS LATINOAMERICANA S.A.B. DE C.V.,alimentosybebidasl.com,Carlos González,Chief Financial Officer (CFO),C_SUITE,FINANCE,cgonzález@alimentosybebidasl.com,VERIFIED,85,+525119081331,2026-09-06T14:31:01.544589+00:00
"Food, Beverage & Agribusiness",ALIMENTOS Y BEBIDAS GLOBAL S.A.S.,alimentosybebidasg.mx,Eduardo Salinas,Chief Human Resources Officer (CHRO),C_SUITE,HR_PEOPLE,esalinas@alimentosybebidasg.mx,VERIFIED,85,+524770071451,2026-09-06T14:31:01.544589+00:00
"Food, Beverage & Agribusiness",ALIMENTOS Y BEBIDAS INTERNACIONAL S.A.B. DE C.V.,alimentosybebidasi.mx,Guillermo Benítez,Chief Revenue Officer (CRO),C_SUITE,SALES_MARKETING,gbenítez@alimentosybebidasi.mx,VERIFIED,85,+526998339642,2026-09-06T14:31:01.544589+00:00
"Food, Beverage & Agribusiness",ALIMENTOS Y BEBIDAS INTERNACIONAL S.A.B. DE C.V.,alimentosybebidasi.mx,Daniel Garza,Chief Human Resources Officer (CHRO),C_SUITE,HR_PEOPLE,dgarza@alimentosybebidasi.mx,VERIFIED,85,+529322850752,2026-09-06T14:31:01.544589+00:00
"Food, Beverage & Agribusiness",ALIMENTOS Y BEBIDAS INTERNACIONAL S.A.B. DE C.V.,alimentosybebidasi.mx,Jorge Villaseñor,Chief Technology Officer (CTO),C_SUITE,ENGINEERING_IT,jvillaseñor@alimentosybebidasi.mx,VERIFIED,85,+528393045479,2026-09-06T14:31:01.544589+00:00
"Food, Beverage & Agribusiness",ALIMENTOS Y BEBIDAS GLOBAL S.A. DE C.V.,alimentosybebidasg.com.mx,Claudia Vega,Chief Financial Officer (CFO),C_SUITE,FINANCE,cvega@alimentosybebidasg.com.mx,VERIFIED,85,+526311426629,2026-09-06T14:31:01.544589+00:00
"Food, Beverage & Agribusiness",ALIMENTOS Y BEBIDAS LATINOAMERICANA S. DE R.L. DE C.V.,alimentosybebidasl.com.mx,Miguel González,Chief Human Resources Officer (CHRO),C_SUITE,HR_PEOPLE,mgonzález@alimentosybebidasl.com.mx,VERIFIED,85,+529858965149,2026-09-06T14:31:01.544589+00:00
"Food, Beverage & Agribusiness",ALIMENTOS Y BEBIDAS GLOBAL S.C.,alimentosybebidasg.com,Daniel Morales,Chief Financial Officer (CFO),C_SUITE,FINANCE,dmorales@alimentosybebidasg.com,VERIFIED,85,+528357578312,2026-09-06T14:31:01.544589+00:00
"Food, Beverage & Agribusiness",ALIMENTOS Y BEBIDAS CENTRAL S. DE R.L. DE C.V.,alimentosybebidasc.mx,Fernando Ruiz,Chief Technology Officer (CTO),C_SUITE,ENGINEERING_IT,fruiz@alimentosybebidasc.mx,VERIFIED,85,+529785790524,2026-09-06T14:31:01.544589+00:00
"Food, Beverage & Agribusiness",ALIMENTOS Y BEBIDAS CENTRAL S. DE R.L. DE C.V.,alimentosybebidasc.mx,Claudia Mendoza,Chief Human Resources Officer (CHRO),C_SUITE,HR_PEOPLE,cmendoza@alimentosybebidasc.mx,VERIFIED,85,+526233894612,2026-09-06T14:31:01.544589+00:00
"Food, Beverage & Agribusiness",ALIMENTOS Y BEBIDAS ESPECIALIZADA S.C.,alimentosybebidase.com,Daniel Mendoza,Chief Technology Officer (CTO),C_SUITE,ENGINEERING_IT,dmendoza@alimentosybebidase.com,VERIFIED,85,+526589303821,2026-09-06T14:31:01.544589+00:00
"Food, Beverage & Agribusiness",ALIMENTOS Y BEBIDAS MODERNA S. DE R.L. DE C.V.,alimentosybebidasm.com.mx,Javier González,Chief Human Resources Officer (CHRO),C_SUITE,HR_PEOPLE,jgonzález@alimentosybebidasm.com.mx,VERIFIED,85,+526366749065,2026-09-06T14:31:01.544589+00:00
