industry,company_name,company_domain,full_name,standardized_title,seniority_level,department,work_email,email_status,email_confidence_score,direct_phone,created_at
"Energy, Oil, Gas & Mining",ENERGIA DEL BAJIO S.A.P.I. DE C.V.,energiadelbajio47.mx,Alejandro González,Chief Executive Officer (CEO),C_SUITE,EXECUTIVE,agonzález@energiadelbajio47.mx,VERIFIED,85,+528924675401,2026-09-06T14:31:01.178455+00:00
"Energy, Oil, Gas & Mining",ENERGIA DEL PACIFICO S. DE R.L. DE C.V.,energiadelpacifico.com.mx,Hector Villaseñor,Chief Technology Officer (CTO),C_SUITE,ENGINEERING_IT,hvillaseñor@energiadelpacifico.com.mx,VERIFIED,85,+527936546986,2026-09-06T14:31:01.178455+00:00
"Energy, Oil, Gas & Mining",ENERGIA DEL PACIFICO S. DE R.L. DE C.V.,energiadelpacifico.com.mx,Roberto Valenzuela,Founder,FOUNDER,EXECUTIVE,rvalenzuela@energiadelpacifico.com,VERIFIED,85,+526810992237,2026-09-06T14:31:01.178455+00:00
"Energy, Oil, Gas & Mining",ENERGIA DEL BAJIO 72 S.A.S.,energiadelbajio86.mx,Roberto Morales,Chief Executive Officer (CEO),C_SUITE,EXECUTIVE,rmorales@energiadelbajio86.mx,VERIFIED,85,+526340875801,2026-09-06T14:31:01.178455+00:00
"Energy, Oil, Gas & Mining",ENERGIA DEL PACIFICO S.C.,energiadelpacifico.mx,Alejandro González,Chief Executive Officer (CEO),C_SUITE,EXECUTIVE,agonzález@energiadelpacifico.mx,VERIFIED,85,+524397465406,2026-09-06T14:31:01.178455+00:00
"Energy, Oil, Gas & Mining",ENERGIA DEL BAJIO 75 S.A.P.I. DE C.V.,energiadelbajio14.com.mx,David Navarro,Chief Revenue Officer (CRO),C_SUITE,SALES_MARKETING,dnavarro@energiadelbajio14.com.mx,VERIFIED,85,+524645466966,2026-09-06T14:31:01.178455+00:00
"Energy, Oil, Gas & Mining",ENERGIA DEL NORTE S.A. DE C.V.,energiadelnorte.com.mx,Luis Salinas,Chief Executive Officer (CEO),C_SUITE,EXECUTIVE,lsalinas@energiadelnorte.com.mx,VERIFIED,85,+528694797877,2026-09-06T14:31:01.178455+00:00
"Energy, Oil, Gas & Mining",ENERGIA DEL NORTE S.A. DE C.V.,energiadelnorte.com.mx,Eduardo Dominguez,Chief Executive Officer (CEO),C_SUITE,EXECUTIVE,edominguez@energiadelnorte.mx,VERIFIED,85,+528359140348,2026-09-06T14:31:01.178455+00:00
"Energy, Oil, Gas & Mining",ENERGIA CENTRAL S.A.S.,energiacentral.com,Luis Alarcón,Chief Financial Officer (CFO),C_SUITE,FINANCE,lalarcón@energiacentral.com,VERIFIED,85,+528151544460,2026-09-06T14:31:01.199119+00:00
"Energy, Oil, Gas & Mining",ENERGIA CENTRAL S.C.,energiacentral.mx,Patricia Treviño,Chief Executive Officer (CEO),C_SUITE,EXECUTIVE,ptreviño@energiacentral.mx,VERIFIED,85,+528110054248,2026-09-06T14:31:01.199119+00:00
"Energy, Oil, Gas & Mining",ENERGIA CENTRAL S.C.,energiacentral.mx,Andrea Navarro,Chief Revenue Officer (CRO),C_SUITE,SALES_MARKETING,anavarro@energiacentral.mx,VERIFIED,85,+528118644083,2026-09-06T14:31:01.199119+00:00
"Energy, Oil, Gas & Mining",ENERGIA CENTRAL S.C.,energiacentral.mx,Claudia Ruiz,Chief Executive Officer (CEO),C_SUITE,EXECUTIVE,cruiz@energiacentral.com.mx,VERIFIED,85,+528183805224,2026-09-06T14:31:01.199119+00:00
"Energy, Oil, Gas & Mining",ENERGIA CENTRAL S.A.P.I. DE C.V.,energiacentral87.com.mx,Roberto Dominguez,Chief Executive Officer (CEO),C_SUITE,EXECUTIVE,rdominguez@energiacentral87.com.mx,VERIFIED,85,+528134638824,2026-09-06T14:31:01.199119+00:00
"Energy, Oil, Gas & Mining",ENERGIA INDUSTRIAL S.A.S.,energiaindustrial.com.mx,Carlos Villaseñor,Chief Revenue Officer (CRO),C_SUITE,SALES_MARKETING,cvillaseñor@energiaindustrial.com.mx,VERIFIED,85,+526026981359,2026-09-06T14:31:01.199119+00:00
"Energy, Oil, Gas & Mining",ENERGIA INDUSTRIAL S.A.B. DE C.V.,energiaindustrial.mx,Rodrigo Mendoza,Chief Technology Officer (CTO),C_SUITE,ENGINEERING_IT,rmendoza@energiaindustrial.mx,VERIFIED,85,+526894421646,2026-09-06T14:31:01.199119+00:00
"Energy, Oil, Gas & Mining",ENERGIA INDUSTRIAL S.A.B. DE C.V.,energiaindustrial.mx,Claudia Villaseñor,Chief Revenue Officer (CRO),C_SUITE,SALES_MARKETING,cvillaseñor@energiaindustrial7.mx,VERIFIED,85,+526667860563,2026-09-06T14:31:01.199119+00:00
"Energy, Oil, Gas & Mining",ENERGIA INDUSTRIAL S.A.S.,energiaindustrial.com.mx,Andrea Navarro,Chief Technology Officer (CTO),C_SUITE,ENGINEERING_IT,anavarro@energiaindustrial.com.mx,VERIFIED,85,+526617503099,2026-09-06T14:31:01.207133+00:00
"Energy, Oil, Gas & Mining",ENERGIA INDUSTRIAL S.A.S.,energiaindustrial.com.mx,Javier García,Chief Human Resources Officer (CHRO),C_SUITE,HR_PEOPLE,jgarcía@energiaindustrial.com.mx,VERIFIED,85,+524347211181,2026-09-06T14:31:01.207133+00:00
"Energy, Oil, Gas & Mining",ENERGIA INDUSTRIAL S.C.,energiaindustrial.com,Gabriel Castro,Chief Financial Officer (CFO),C_SUITE,FINANCE,gcastro@energiaindustrial.com,VERIFIED,85,+528983944213,2026-09-06T14:31:01.207133+00:00
"Energy, Oil, Gas & Mining",ENERGIA INDUSTRIAL S.C.,energiaindustrial.com,Miguel Garza,Chief Executive Officer (CEO),C_SUITE,EXECUTIVE,mgarza@energiaindustrial.com,VERIFIED,85,+526323670040,2026-09-06T14:31:01.207133+00:00
"Energy, Oil, Gas & Mining",ENERGIA INDUSTRIAL S. DE R.L. DE C.V.,energiaindustrial9.com.mx,Andrea Mendoza,Chief Financial Officer (CFO),C_SUITE,FINANCE,amendoza@energiaindustrial9.com.mx,VERIFIED,85,+527660031794,2026-09-06T14:31:01.207133+00:00
"Energy, Oil, Gas & Mining",ENERGIA INDUSTRIAL S. DE R.L. DE C.V.,energiaindustrial9.com.mx,Adriana Alarcón,Chief Technology Officer (CTO),C_SUITE,ENGINEERING_IT,aalarcón@energiaindustrial9.com,VERIFIED,85,+528436360389,2026-09-06T14:31:01.207133+00:00
"Energy, Oil, Gas & Mining",ENERGIA INDUSTRIAL S.A.B. DE C.V.,energiaindustrial1.com.mx,Patricia Navarro,Chief Technology Officer (CTO),C_SUITE,ENGINEERING_IT,pnavarro@energiaindustrial1.com.mx,VERIFIED,85,+529578792085,2026-09-06T14:31:01.207133+00:00
"Energy, Oil, Gas & Mining",ENERGIA LATINOAMERICANA S.C.,energialatinoameri.com,Adriana Salinas,Chief Executive Officer (CEO),C_SUITE,EXECUTIVE,asalinas@energialatinoameri.com,VERIFIED,85,+529572435603,2026-09-06T14:31:01.213653+00:00
"Energy, Oil, Gas & Mining",ENERGIA LATINOAMERICANA S.C.,energialatinoameri.com,Rodrigo Benítez,Chief Revenue Officer (CRO),C_SUITE,SALES_MARKETING,rbenítez@energialatinoameri.com,VERIFIED,85,+528633906616,2026-09-06T14:31:01.213653+00:00
"Energy, Oil, Gas & Mining",ENERGIA LATINOAMERICANA S.C.,energialatinoameri.com,Guillermo Vega,Chief Technology Officer (CTO),C_SUITE,ENGINEERING_IT,gvega@energialatinoameri.com,VERIFIED,85,+528313096582,2026-09-06T14:31:01.213653+00:00
"Energy, Oil, Gas & Mining",ENERGIA LATINOAMERICANA S.C.,energialatinoameri.com,Eduardo Martínez,Chief Executive Officer (CEO),C_SUITE,EXECUTIVE,emartínez@energialatinoameri.mx,VERIFIED,85,+524553293378,2026-09-06T14:31:01.213653+00:00
"Energy, Oil, Gas & Mining",ENERGIA LATINOAMERICANA 56 S.C.,energialatinoameri.com.mx,Fernando López,Founder,FOUNDER,EXECUTIVE,flópez@energialatinoameri.com.mx,VERIFIED,85,+528760407486,2026-09-06T14:31:01.213653+00:00
"Energy, Oil, Gas & Mining",ENERGIA LATINOAMERICANA S.A.S.,energialatinoameri.mx,Rodrigo Navarro,Chief Financial Officer (CFO),C_SUITE,FINANCE,rnavarro@energialatinoameri.mx,VERIFIED,85,+529465340188,2026-09-06T14:31:01.213653+00:00
"Energy, Oil, Gas & Mining",ENERGIA GLOBAL S.A.S.,energiaglobal.mx,Rodrigo Benítez,Chief Financial Officer (CFO),C_SUITE,FINANCE,rbenítez@energiaglobal.mx,VERIFIED,85,+528162385782,2026-09-06T14:31:01.362206+00:00
"Energy, Oil, Gas & Mining",ENERGIA GLOBAL 34 S.A. DE C.V.,energiaglobal58.com.mx,Eduardo Mendoza,Chief Technology Officer (CTO),C_SUITE,ENGINEERING_IT,emendoza@energiaglobal58.com.mx,VERIFIED,85,+528113599452,2026-09-06T14:31:01.362206+00:00
"Energy, Oil, Gas & Mining",ENERGIA GLOBAL S.A.B. DE C.V.,energiaglobal45.com.mx,Claudia Villaseñor,Chief Operating Officer (COO),C_SUITE,OPERATIONS,cvillaseñor@energiaglobal45.com.mx,VERIFIED,85,+528158336343,2026-09-06T14:31:01.362206+00:00
"Energy, Oil, Gas & Mining",ENERGIA GLOBAL S.A. DE C.V.,energiaglobal.com.mx,Daniel Garza,Chief Human Resources Officer (CHRO),C_SUITE,HR_PEOPLE,dgarza@energiaglobal.com.mx,VERIFIED,85,+528140427215,2026-09-06T14:31:01.362206+00:00
"Energy, Oil, Gas & Mining",ENERGIA EMPRESARIAL S.A.B. DE C.V.,energiaempresarial.mx,Roberto Castro,Founder,FOUNDER,EXECUTIVE,rcastro@energiaempresarial.mx,VERIFIED,85,+527744376338,2026-09-06T14:31:01.362206+00:00
"Energy, Oil, Gas & Mining",ENERGIA EMPRESARIAL S.A.B. DE C.V.,energiaempresarial.com,Rodrigo Vega,Founder,FOUNDER,EXECUTIVE,rvega@energiaempresarial.com,VERIFIED,85,+527654279458,2026-09-06T14:31:01.362206+00:00
"Energy, Oil, Gas & Mining",ENERGIA MEXICANA S.C.,energiamexicana.mx,Guillermo Navarro,Chief Financial Officer (CFO),C_SUITE,FINANCE,gnavarro@energiamexicana.mx,VERIFIED,85,+528623971705,2026-09-06T14:31:01.378457+00:00
"Energy, Oil, Gas & Mining",ENERGIA ESPECIALIZADA S.A.P.I. DE C.V.,energiaespecializa.com,Hector López,Chief Revenue Officer (CRO),C_SUITE,SALES_MARKETING,hlópez@energiaespecializa.com,VERIFIED,85,+528110568989,2026-09-06T14:31:01.378457+00:00
"Energy, Oil, Gas & Mining",ENERGIA ESPECIALIZADA S.A.P.I. DE C.V.,energiaespecializa.com,Carlos Benítez,Chief Technology Officer (CTO),C_SUITE,ENGINEERING_IT,cbenítez@energiaespecializa.com,VERIFIED,85,+528138285989,2026-09-06T14:31:01.378457+00:00
"Energy, Oil, Gas & Mining",ENERGIA ESPECIALIZADA S.A.P.I. DE C.V.,energiaespecializa.com.mx,Daniel López,Chief Technology Officer (CTO),C_SUITE,ENGINEERING_IT,dlópez@energiaespecializa.com.mx,VERIFIED,85,+528158528220,2026-09-06T14:31:01.378457+00:00
"Energy, Oil, Gas & Mining",ENERGIA ESPECIALIZADA S.A.P.I. DE C.V.,energiaespecializa.com.mx,Claudia Martínez,Chief Technology Officer (CTO),C_SUITE,ENGINEERING_IT,cmartínez@energiaespecializa.com.mx,VERIFIED,85,+528137267809,2026-09-06T14:31:01.378457+00:00
"Energy, Oil, Gas & Mining",ENERGIA GLOBAL S. DE R.L. DE C.V.,energiaglobal.com,Miguel Hernández,Chief Financial Officer (CFO),C_SUITE,FINANCE,mhernández@energiaglobal.com,VERIFIED,85,+529165508904,2026-09-06T14:31:01.378457+00:00
"Energy, Oil, Gas & Mining",ENERGIA GLOBAL S.A.B. DE C.V.,energiaglobal.mx,Claudia Villaseñor,Founder,FOUNDER,EXECUTIVE,cvillaseñor@energiaglobal.mx,VERIFIED,85,+526327440069,2026-09-06T14:31:01.378457+00:00
"Energy, Oil, Gas & Mining",ENERGIA GLOBAL S.A.B. DE C.V.,energiaglobal.mx,Roberto Dominguez,Founder,FOUNDER,EXECUTIVE,rdominguez@energiaglobal.mx,VERIFIED,85,+526856479034,2026-09-06T14:31:01.378457+00:00
"Energy, Oil, Gas & Mining",ENERGIA DEL PACIFICO S.A. DE C.V.,energiadelpacifico.com.mx,Alejandro Martínez,Chief Executive Officer (CEO),C_SUITE,EXECUTIVE,amartínez@energiadelpacifico.com.mx,VERIFIED,85,+529377175633,2026-09-06T14:31:01.378457+00:00
"Energy, Oil, Gas & Mining",ENERGIA DEL CENTRO S.A. DE C.V.,energiadelcentro.com.mx,Alejandro Benítez,Chief Financial Officer (CFO),C_SUITE,FINANCE,abenítez@energiadelcentro.com.mx,VERIFIED,85,+526973660087,2026-09-06T14:31:01.378457+00:00
"Energy, Oil, Gas & Mining",ENERGIA DEL CENTRO S.A. DE C.V.,energiadelcentro.com.mx,David González,Founder,FOUNDER,EXECUTIVE,dgonzález@energiadelcentro.com.mx,VERIFIED,85,+526034785225,2026-09-06T14:31:01.378457+00:00
"Energy, Oil, Gas & Mining",ENERGIA DEL CENTRO S.A.S.,energiadelcentro36.com.mx,Roberto Villaseñor,Chief Operating Officer (COO),C_SUITE,OPERATIONS,rvillaseñor@energiadelcentro36.com.mx,VERIFIED,85,+529980189414,2026-09-06T14:31:01.378457+00:00
"Energy, Oil, Gas & Mining",ENERGIA DEL CENTRO S.A.S.,energiadelcentro.mx,Fernando Salinas,Chief Executive Officer (CEO),C_SUITE,EXECUTIVE,fsalinas@energiadelcentro.mx,VERIFIED,85,+525237591571,2026-09-06T14:31:01.378457+00:00
"Energy, Oil, Gas & Mining",ENERGIA DEL BAJIO S. DE R.L. DE C.V.,energiadelbajio.com,Mariana González,Chief Executive Officer (CEO),C_SUITE,EXECUTIVE,mgonzález@energiadelbajio.com,VERIFIED,85,+525234726398,2026-09-06T14:31:01.378457+00:00
"Energy, Oil, Gas & Mining",ENERGIA DEL NORTE S.A. DE C.V.,energiadelnorte.com,Andrea Treviño,Founder,FOUNDER,EXECUTIVE,atreviño@energiadelnorte.com,VERIFIED,85,+528592658836,2026-09-06T14:31:01.378457+00:00
"Energy, Oil, Gas & Mining",ENERGIA INTEGRAL S.A.B. DE C.V.,energiaintegral90.mx,Jorge Hernández,Chief Revenue Officer (CRO),C_SUITE,SALES_MARKETING,jhernández@energiaintegral90.mx,VERIFIED,85,+529199620831,2026-09-06T14:31:01.395224+00:00
"Energy, Oil, Gas & Mining",ENERGIA INTEGRAL S.A.B. DE C.V.,energiaintegral90.mx,Eduardo Hernández,Chief Human Resources Officer (CHRO),C_SUITE,HR_PEOPLE,ehernández@energiaintegral.com.mx,VERIFIED,85,+529553123966,2026-09-06T14:31:01.395224+00:00
"Energy, Oil, Gas & Mining",ENERGIA INTEGRAL S.A.B. DE C.V.,energiaintegral90.mx,Gabriel Garza,Chief Human Resources Officer (CHRO),C_SUITE,HR_PEOPLE,ggarza@energiaintegral81.com.mx,VERIFIED,85,+526297868647,2026-09-06T14:31:01.395224+00:00
"Energy, Oil, Gas & Mining",ENERGIA INTEGRAL S.A.B. DE C.V.,energiaintegral90.mx,Luis Dominguez,Chief Operating Officer (COO),C_SUITE,OPERATIONS,ldominguez@energiaintegral.com.mx,VERIFIED,85,+526046598930,2026-09-06T14:31:01.395224+00:00
"Energy, Oil, Gas & Mining",ENERGIA AVANZADA S. DE R.L. DE C.V.,energiaavanzada77.com,Mariana Mendoza,Founder,FOUNDER,EXECUTIVE,mmendoza@energiaavanzada77.com,VERIFIED,85,+527851869147,2026-09-06T14:31:01.395224+00:00
"Energy, Oil, Gas & Mining",ENERGIA AVANZADA S. DE R.L. DE C.V.,energiaavanzada77.com,Carlos Benítez,Chief Revenue Officer (CRO),C_SUITE,SALES_MARKETING,cbenítez@energiaavanzada25.mx,VERIFIED,85,+528760726491,2026-09-06T14:31:01.395224+00:00
"Energy, Oil, Gas & Mining",ENERGIA AVANZADA S. DE R.L. DE C.V.,energiaavanzada.com.mx,Rodrigo Valenzuela,Founder,FOUNDER,EXECUTIVE,rvalenzuela@energiaavanzada.com.mx,VERIFIED,85,+528513206264,2026-09-06T14:31:01.395224+00:00
"Energy, Oil, Gas & Mining",ENERGIA AVANZADA S. DE R.L. DE C.V.,energiaavanzada.com.mx,Fernando Dominguez,Chief Financial Officer (CFO),C_SUITE,FINANCE,fdominguez@energiaavanzada.com.mx,VERIFIED,85,+528466615823,2026-09-06T14:31:01.395224+00:00
"Energy, Oil, Gas & Mining",ENERGIA AVANZADA S.A. DE C.V.,energiaavanzada74.mx,Eduardo Mendoza,Chief Revenue Officer (CRO),C_SUITE,SALES_MARKETING,emendoza@energiaavanzada74.mx,VERIFIED,85,+529059341643,2026-09-06T14:31:01.395224+00:00
"Energy, Oil, Gas & Mining",ENERGIA AVANZADA 42 S.C.,energiaavanzada.mx,Daniel Castro,Chief Executive Officer (CEO),C_SUITE,EXECUTIVE,dcastro@energiaavanzada.mx,VERIFIED,85,+528848295239,2026-09-06T14:31:01.395224+00:00
"Energy, Oil, Gas & Mining",ENERGIA AVANZADA S.C.,energiaavanzada.com,Fernando Navarro,Chief Operating Officer (COO),C_SUITE,OPERATIONS,fnavarro@energiaavanzada.com,VERIFIED,85,+527910458124,2026-09-06T14:31:01.395224+00:00
"Energy, Oil, Gas & Mining",ENERGIA INTEGRAL S.C.,energiaintegral15.com.mx,Rodrigo Valenzuela,Founder,FOUNDER,EXECUTIVE,rvalenzuela@energiaintegral15.com.mx,VERIFIED,85,+525995798748,2026-09-06T14:31:01.395224+00:00
"Energy, Oil, Gas & Mining",ENERGIA INTEGRAL S.C.,energiaintegral.mx,Luis González,Chief Executive Officer (CEO),C_SUITE,EXECUTIVE,lgonzález@energiaintegral.mx,VERIFIED,85,+529615451599,2026-09-06T14:31:01.395224+00:00
"Energy, Oil, Gas & Mining",ENERGIA INTEGRAL S.C.,energiaintegral.mx,David López,Chief Executive Officer (CEO),C_SUITE,EXECUTIVE,dlópez@energiaintegral.mx,VERIFIED,85,+524776680760,2026-09-06T14:31:01.395224+00:00
"Energy, Oil, Gas & Mining",ENERGIA GLOBAL 47 S.A. DE C.V.,energiaglobal68.mx,Fernando Salinas,Chief Operating Officer (COO),C_SUITE,OPERATIONS,fsalinas@energiaglobal68.mx,VERIFIED,85,+528775343476,2026-09-06T14:31:01.395224+00:00
"Energy, Oil, Gas & Mining",ENERGIA GLOBAL S.A.B. DE C.V.,energiaglobal.mx,Luis Morales,Chief Executive Officer (CEO),C_SUITE,EXECUTIVE,lmorales@energiaglobal.mx,VERIFIED,85,+524539022585,2026-09-06T14:31:01.395224+00:00
"Energy, Oil, Gas & Mining",ENERGIA GLOBAL S.A.B. DE C.V.,energiaglobal.mx,Javier Villaseñor,Chief Executive Officer (CEO),C_SUITE,EXECUTIVE,jvillaseñor@energiaglobal.mx,VERIFIED,85,+529648748601,2026-09-06T14:31:01.395224+00:00
"Energy, Oil, Gas & Mining",ENERGIA GLOBAL S.A.B. DE C.V.,energiaglobal.com,Sofia Garza,Chief Operating Officer (COO),C_SUITE,OPERATIONS,sgarza@energiaglobal.com,VERIFIED,85,+528925975892,2026-09-06T14:31:01.395224+00:00
"Energy, Oil, Gas & Mining",ENERGIA DEL CENTRO S.A.S.,energiadelcentro.com.mx,Carlos Hernández,Chief Human Resources Officer (CHRO),C_SUITE,HR_PEOPLE,chernández@energiadelcentro.com.mx,VERIFIED,85,+526661655629,2026-09-06T14:31:01.405579+00:00
"Energy, Oil, Gas & Mining",ENERGIA DEL CENTRO S.A.S.,energiadelcentro.com.mx,Miguel Villaseñor,Chief Executive Officer (CEO),C_SUITE,EXECUTIVE,mvillaseñor@energiadelcentro.com.mx,VERIFIED,85,+525610923330,2026-09-06T14:31:01.405579+00:00
"Energy, Oil, Gas & Mining",ENERGIA DEL NORTE S.C.,energiadelnorte24.mx,Javier Villaseñor,Chief Executive Officer (CEO),C_SUITE,EXECUTIVE,jvillaseñor@energiadelnorte24.mx,VERIFIED,85,+527927204830,2026-09-06T14:31:01.405579+00:00
"Energy, Oil, Gas & Mining",ENERGIA DEL CENTRO S.A. DE C.V.,energiadelcentro.mx,Andrea Castro,Chief Human Resources Officer (CHRO),C_SUITE,HR_PEOPLE,acastro@energiadelcentro.mx,VERIFIED,85,+527932296851,2026-09-06T14:31:01.405579+00:00
"Energy, Oil, Gas & Mining",ENERGIA DEL CENTRO S.A. DE C.V.,energiadelcentro.mx,Adriana Garza,Founder,FOUNDER,EXECUTIVE,agarza@energiadelcentro.mx,VERIFIED,85,+526322539349,2026-09-06T14:31:01.405579+00:00
"Energy, Oil, Gas & Mining",ENERGIA DEL PACIFICO S.A.P.I. DE C.V.,energiadelpacifico.com.mx,Guillermo López,Chief Executive Officer (CEO),C_SUITE,EXECUTIVE,glópez@energiadelpacifico.com.mx,VERIFIED,85,+524094335740,2026-09-06T14:31:01.405579+00:00
"Energy, Oil, Gas & Mining",ENERGIA DEL PACIFICO S.A.P.I. DE C.V.,energiadelpacifico.com.mx,Jorge Ruiz,Chief Operating Officer (COO),C_SUITE,OPERATIONS,jruiz@energiadelpacifico.com.mx,VERIFIED,85,+528364283763,2026-09-06T14:31:01.405579+00:00
"Energy, Oil, Gas & Mining",ENERGIA DEL PACIFICO S.A. DE C.V.,energiadelpacifico.mx,Daniel Salinas,Chief Revenue Officer (CRO),C_SUITE,SALES_MARKETING,dsalinas@energiadelpacifico.mx,VERIFIED,85,+526340552628,2026-09-06T14:31:01.405579+00:00
"Energy, Oil, Gas & Mining",ENERGIA DEL CENTRO S. DE R.L. DE C.V.,energiadelcentro.com,Daniel Vega,Chief Operating Officer (COO),C_SUITE,OPERATIONS,dvega@energiadelcentro.com,VERIFIED,85,+529271525305,2026-09-06T14:31:01.405579+00:00
"Energy, Oil, Gas & Mining",ENERGIA DEL BAJIO S.A.P.I. DE C.V.,energiadelbajio46.mx,Javier Vega,Chief Revenue Officer (CRO),C_SUITE,SALES_MARKETING,jvega@energiadelbajio46.mx,VERIFIED,85,+529889801273,2026-09-06T14:31:01.405579+00:00
"Energy, Oil, Gas & Mining",ENERGIA INTEGRAL S.A. DE C.V.,energiaintegral.com,Eduardo Valenzuela,Founder,FOUNDER,EXECUTIVE,evalenzuela@energiaintegral.com,VERIFIED,85,+529534246375,2026-09-06T14:31:01.410141+00:00
"Energy, Oil, Gas & Mining",ENERGIA INTEGRAL S.A. DE C.V.,energiaintegral.com,Roberto Morales,Chief Operating Officer (COO),C_SUITE,OPERATIONS,rmorales@energiaintegral.com,VERIFIED,85,+525996830532,2026-09-06T14:31:01.410141+00:00
"Energy, Oil, Gas & Mining",ENERGIA INTEGRAL S.A. DE C.V.,energiaintegral.com,Luis Hernández,Chief Executive Officer (CEO),C_SUITE,EXECUTIVE,lhernández@energiaintegral.com,VERIFIED,85,+524650851152,2026-09-06T14:31:01.410141+00:00
"Energy, Oil, Gas & Mining",ENERGIA INTEGRAL 83 S. DE R.L. DE C.V.,energiaintegral.mx,Andrea Mendoza,Chief Operating Officer (COO),C_SUITE,OPERATIONS,amendoza@energiaintegral.mx,VERIFIED,85,+529897618197,2026-09-06T14:31:01.410141+00:00
"Energy, Oil, Gas & Mining",ENERGIA INTEGRAL S.A.P.I. DE C.V.,energiaintegral32.com.mx,Roberto Dominguez,Chief Financial Officer (CFO),C_SUITE,FINANCE,rdominguez@energiaintegral32.com.mx,VERIFIED,85,+525524496806,2026-09-06T14:31:01.410141+00:00
"Energy, Oil, Gas & Mining",ENERGIA INTEGRAL S.A.S.,energiaintegral.com.mx,Alejandro Garza,Chief Human Resources Officer (CHRO),C_SUITE,HR_PEOPLE,agarza@energiaintegral.com.mx,VERIFIED,85,+529840906006,2026-09-06T14:31:01.410141+00:00
"Energy, Oil, Gas & Mining",ENERGIA LATINOAMERICANA S.A.S.,energialatinoameri.com.mx,Jorge Ruiz,Chief Operating Officer (COO),C_SUITE,OPERATIONS,jruiz@energialatinoameri.com.mx,VERIFIED,85,+524286975485,2026-09-06T14:31:01.411570+00:00
"Energy, Oil, Gas & Mining",ENERGIA LATINOAMERICANA S.A.S.,energialatinoameri.com.mx,Carlos Martínez,Chief Executive Officer (CEO),C_SUITE,EXECUTIVE,cmartínez@energialatinoameri.com.mx,VERIFIED,85,+526046363788,2026-09-06T14:31:01.411570+00:00
"Energy, Oil, Gas & Mining",ENERGIA LATINOAMERICANA S.A. DE C.V.,energialatinoameri.com,Miguel Garza,Chief Operating Officer (COO),C_SUITE,OPERATIONS,mgarza@energialatinoameri.com,VERIFIED,85,+526193318124,2026-09-06T14:31:01.411570+00:00
"Energy, Oil, Gas & Mining",ENERGIA LATINOAMERICANA S.A. DE C.V.,energialatinoameri.com,Gabriel Ruiz,Founder,FOUNDER,EXECUTIVE,gruiz@energialatinoameri.com,VERIFIED,85,+527216803670,2026-09-06T14:31:01.411570+00:00
"Energy, Oil, Gas & Mining",ENERGIA LATINOAMERICANA S.A. DE C.V.,energialatinoameri.com,Eduardo Hernández,Chief Executive Officer (CEO),C_SUITE,EXECUTIVE,ehernández@energialatinoameri.mx,VERIFIED,85,+526318639882,2026-09-06T14:31:01.411570+00:00
"Energy, Oil, Gas & Mining",ENERGIA INTEGRAL S. DE R.L. DE C.V.,energiaintegral.com,Hector García,Chief Human Resources Officer (CHRO),C_SUITE,HR_PEOPLE,hgarcía@energiaintegral.com,VERIFIED,85,+527969910515,2026-09-06T14:31:01.411570+00:00
"Energy, Oil, Gas & Mining",ENERGIA INTEGRAL S. DE R.L. DE C.V.,energiaintegral.mx,Daniel Ruiz,Chief Operating Officer (COO),C_SUITE,OPERATIONS,druiz@energiaintegral.mx,VERIFIED,85,+524185788510,2026-09-06T14:31:01.411570+00:00
"Energy, Oil, Gas & Mining",ENERGIA MODERNA 19 S.C.,energiamoderna.com,Mariana Martínez,Chief Executive Officer (CEO),C_SUITE,EXECUTIVE,mmartínez@energiamoderna.com,VERIFIED,85,+525573598011,2026-09-06T14:31:01.411570+00:00
"Energy, Oil, Gas & Mining",ENERGIA MODERNA 39 S.C.,energiamoderna46.com.mx,Eduardo Hernández,Founder,FOUNDER,EXECUTIVE,ehernández@energiamoderna46.com.mx,VERIFIED,85,+525971800159,2026-09-06T14:31:01.411570+00:00
"Energy, Oil, Gas & Mining",ENERGIA MODERNA S.A.P.I. DE C.V.,energiamoderna24.com,Fernando Alarcón,Chief Revenue Officer (CRO),C_SUITE,SALES_MARKETING,falarcón@energiamoderna24.com,VERIFIED,85,+524027220162,2026-09-06T14:31:01.411570+00:00
"Energy, Oil, Gas & Mining",ENERGIA MODERNA S.A.P.I. DE C.V.,energiamoderna24.com,Sofia Alarcón,Chief Financial Officer (CFO),C_SUITE,FINANCE,salarcón@energiamoderna34.com.mx,VERIFIED,85,+529294907911,2026-09-06T14:31:01.411570+00:00
"Energy, Oil, Gas & Mining",ENERGIA MODERNA 75 S. DE R.L. DE C.V.,energiamoderna.com.mx,Carlos Ruiz,Chief Executive Officer (CEO),C_SUITE,EXECUTIVE,cruiz@energiamoderna.com.mx,VERIFIED,85,+524264084222,2026-09-06T14:31:01.411570+00:00
"Energy, Oil, Gas & Mining",ENERGIA DEL PACIFICO S.A.P.I. DE C.V.,energiadelpacifico.com.mx,David Morales,Chief Executive Officer (CEO),C_SUITE,EXECUTIVE,dmorales@energiadelpacifico.com.mx,VERIFIED,85,+523316309553,2026-09-06T14:31:01.425925+00:00
"Energy, Oil, Gas & Mining",ENERGIA DEL PACIFICO S.A.P.I. DE C.V.,energiadelpacifico.com.mx,Luis López,Founder,FOUNDER,EXECUTIVE,llópez@energiadelpacifico.com.mx,VERIFIED,85,+523349850468,2026-09-06T14:31:01.425925+00:00
"Energy, Oil, Gas & Mining",ENERGIA DEL CENTRO S. DE R.L. DE C.V.,energiadelcentro.com.mx,Alejandro Vega,Chief Operating Officer (COO),C_SUITE,OPERATIONS,avega@energiadelcentro.com.mx,VERIFIED,85,+523334573897,2026-09-06T14:31:01.425925+00:00
"Energy, Oil, Gas & Mining",ENERGIA DEL CENTRO S. DE R.L. DE C.V.,energiadelcentro.com.mx,Fernando Hernández,Chief Human Resources Officer (CHRO),C_SUITE,HR_PEOPLE,fhernández@energiadelcentro61.com,VERIFIED,85,+523340340198,2026-09-06T14:31:01.425925+00:00
"Energy, Oil, Gas & Mining",ENERGIA DEL CENTRO S. DE R.L. DE C.V.,energiadelcentro.com.mx,Roberto Dominguez,Founder,FOUNDER,EXECUTIVE,rdominguez@energiadelcentro.com.mx,VERIFIED,85,+523369065400,2026-09-06T14:31:01.425925+00:00
"Energy, Oil, Gas & Mining",ENERGIA DEL NORTE S.A.B. DE C.V.,energiadelnorte86.com,Javier Villaseñor,Chief Executive Officer (CEO),C_SUITE,EXECUTIVE,jvillaseñor@energiadelnorte86.com,VERIFIED,85,+523313766654,2026-09-06T14:31:01.425925+00:00
"Energy, Oil, Gas & Mining",ENERGIA DEL BAJIO S.C.,energiadelbajio6.mx,Carlos Salinas,Founder,FOUNDER,EXECUTIVE,csalinas@energiadelbajio6.mx,VERIFIED,85,+523311819869,2026-09-06T14:31:01.425925+00:00
"Energy, Oil, Gas & Mining",ENERGIA DEL PACIFICO 94 S.C.,energiadelpacifico.com,Miguel Mendoza,Chief Financial Officer (CFO),C_SUITE,FINANCE,mmendoza@energiadelpacifico.com,VERIFIED,85,+523383719517,2026-09-06T14:31:01.425925+00:00
"Energy, Oil, Gas & Mining",ENERGIA DEL PACIFICO 94 S.C.,energiadelpacifico.com,Mariana Treviño,Chief Operating Officer (COO),C_SUITE,OPERATIONS,mtreviño@energiadelpacifico.com,VERIFIED,85,+523394725053,2026-09-06T14:31:01.425925+00:00
"Energy, Oil, Gas & Mining",ENERGIA DEL PACIFICO 94 S.C.,energiadelpacifico.com,Sofia López,Chief Human Resources Officer (CHRO),C_SUITE,HR_PEOPLE,slópez@energiadelpacifico.com,VERIFIED,85,+523315872658,2026-09-06T14:31:01.425925+00:00
"Energy, Oil, Gas & Mining",ENERGIA DEL BAJIO 84 S.A. DE C.V.,energiadelbajio28.mx,Guillermo Ruiz,Chief Operating Officer (COO),C_SUITE,OPERATIONS,gruiz@energiadelbajio28.mx,VERIFIED,85,+523352010215,2026-09-06T14:31:01.425925+00:00
"Energy, Oil, Gas & Mining",ENERGIA DEL CENTRO S.A.P.I. DE C.V.,energiadelcentro.com,Jorge Alarcón,Chief Executive Officer (CEO),C_SUITE,EXECUTIVE,jalarcón@energiadelcentro.com,VERIFIED,85,+523354539212,2026-09-06T14:31:01.425925+00:00
"Energy, Oil, Gas & Mining",ENERGIA DEL CENTRO S.A.P.I. DE C.V.,energiadelcentro.com,Roberto Morales,Chief Financial Officer (CFO),C_SUITE,FINANCE,rmorales@energiadelcentro.com,VERIFIED,85,+523391790949,2026-09-06T14:31:01.425925+00:00
"Energy, Oil, Gas & Mining",ENERGIA DEL NORTE 84 S.C.,energiadelnorte.mx,Gabriel Garza,Chief Revenue Officer (CRO),C_SUITE,SALES_MARKETING,ggarza@energiadelnorte.mx,VERIFIED,85,+523363158125,2026-09-06T14:31:01.425925+00:00
"Energy, Oil, Gas & Mining",ENERGIA INDUSTRIAL S.A. DE C.V.,energiaindustrial.com.mx,Andrea Ruiz,Chief Executive Officer (CEO),C_SUITE,EXECUTIVE,aruiz@energiaindustrial.com.mx,VERIFIED,85,+526424858279,2026-09-06T14:31:01.432682+00:00
"Energy, Oil, Gas & Mining",ENERGIA INDUSTRIAL S.A. DE C.V.,energiaindustrial.com.mx,Eduardo Valenzuela,Chief Operating Officer (COO),C_SUITE,OPERATIONS,evalenzuela@energiaindustrial.com.mx,VERIFIED,85,+527057256077,2026-09-06T14:31:01.432682+00:00
"Energy, Oil, Gas & Mining",ENERGIA NACIONAL S.A.B. DE C.V.,energianacional27.mx,Alejandro Vega,Chief Executive Officer (CEO),C_SUITE,EXECUTIVE,avega@energianacional27.mx,VERIFIED,85,+528399720222,2026-09-06T14:31:01.437316+00:00
"Energy, Oil, Gas & Mining",ENERGIA NACIONAL S. DE R.L. DE C.V.,energianacional.com,Rodrigo García,Chief Executive Officer (CEO),C_SUITE,EXECUTIVE,rgarcía@energianacional.com,VERIFIED,85,+526325392464,2026-09-06T14:31:01.437316+00:00
"Energy, Oil, Gas & Mining",ENERGIA NACIONAL 99 S.A.P.I. DE C.V.,energianacional.com.mx,Alejandro Alarcón,Chief Human Resources Officer (CHRO),C_SUITE,HR_PEOPLE,aalarcón@energianacional.com.mx,VERIFIED,85,+526988336572,2026-09-06T14:31:01.437316+00:00
"Energy, Oil, Gas & Mining",ENERGIA NACIONAL 89 S.A.B. DE C.V.,energianacional3.com.mx,Eduardo Salinas,Chief Executive Officer (CEO),C_SUITE,EXECUTIVE,esalinas@energianacional3.com.mx,VERIFIED,85,+526879180828,2026-09-06T14:31:01.437316+00:00
"Energy, Oil, Gas & Mining",ENERGIA DEL NORTE 18 S.A.S.,energiadelnorte.com.mx,Javier Garza,Chief Executive Officer (CEO),C_SUITE,EXECUTIVE,jgarza@energiadelnorte.com.mx,VERIFIED,85,+525217180444,2026-09-06T14:31:01.442688+00:00
"Energy, Oil, Gas & Mining",ENERGIA DEL CENTRO S. DE R.L. DE C.V.,energiadelcentro.com,Sofia Valenzuela,Chief Executive Officer (CEO),C_SUITE,EXECUTIVE,svalenzuela@energiadelcentro.com,VERIFIED,85,+526386852413,2026-09-06T14:31:01.442688+00:00
"Energy, Oil, Gas & Mining",ENERGIA DEL CENTRO S. DE R.L. DE C.V.,energiadelcentro.com,Eduardo Alarcón,Chief Executive Officer (CEO),C_SUITE,EXECUTIVE,ealarcón@energiadelcentro.com.mx,VERIFIED,85,+527441201458,2026-09-06T14:31:01.442688+00:00
"Energy, Oil, Gas & Mining",ENERGIA DEL CENTRO S.A.B. DE C.V.,energiadelcentro.mx,Carlos Villaseñor,Chief Human Resources Officer (CHRO),C_SUITE,HR_PEOPLE,cvillaseñor@energiadelcentro.mx,VERIFIED,85,+526062889895,2026-09-06T14:31:01.442688+00:00
"Energy, Oil, Gas & Mining",ENERGIA DEL CENTRO S.A.B. DE C.V.,energiadelcentro.mx,Carlos Vega,Chief Financial Officer (CFO),C_SUITE,FINANCE,cvega@energiadelcentro.com.mx,VERIFIED,85,+524486948352,2026-09-06T14:31:01.442688+00:00
"Energy, Oil, Gas & Mining",ENERGIA DEL NORTE S.A. DE C.V.,energiadelnorte.mx,Mariana Navarro,Chief Operating Officer (COO),C_SUITE,OPERATIONS,mnavarro@energiadelnorte.mx,VERIFIED,85,+526214896983,2026-09-06T14:31:01.442688+00:00
"Energy, Oil, Gas & Mining",ENERGIA DEL NORTE S.A. DE C.V.,energiadelnorte.mx,Rodrigo Morales,Chief Technology Officer (CTO),C_SUITE,ENGINEERING_IT,rmorales@energiadelnorte37.com,VERIFIED,85,+526910776109,2026-09-06T14:31:01.442688+00:00
"Energy, Oil, Gas & Mining",ENERGIA DEL BAJIO 49 S.A. DE C.V.,energiadelbajio.com,Carlos Morales,Chief Executive Officer (CEO),C_SUITE,EXECUTIVE,cmorales@energiadelbajio.com,VERIFIED,85,+526092304896,2026-09-06T14:31:01.442688+00:00
"Energy, Oil, Gas & Mining",ENERGIA DEL BAJIO 49 S.A. DE C.V.,energiadelbajio.com,Miguel Martínez,Chief Technology Officer (CTO),C_SUITE,ENGINEERING_IT,mmartínez@energiadelbajio.com,VERIFIED,85,+524844885625,2026-09-06T14:31:01.442688+00:00
"Energy, Oil, Gas & Mining",ENERGIA DEL NORTE S.A.B. DE C.V.,energiadelnorte63.com.mx,Hector Treviño,Chief Operating Officer (COO),C_SUITE,OPERATIONS,htreviño@energiadelnorte63.com.mx,VERIFIED,85,+528584041362,2026-09-06T14:31:01.442688+00:00
"Energy, Oil, Gas & Mining",ENERGIA DEL PACIFICO S.C.,energiadelpacifico.com.mx,Roberto Hernández,Chief Human Resources Officer (CHRO),C_SUITE,HR_PEOPLE,rhernández@energiadelpacifico.com.mx,VERIFIED,85,+528089144768,2026-09-06T14:31:01.442688+00:00
"Energy, Oil, Gas & Mining",ENERGIA DEL PACIFICO S.C.,energiadelpacifico.com.mx,Hector Garza,Founder,FOUNDER,EXECUTIVE,hgarza@energiadelpacifico.com.mx,VERIFIED,85,+524845194423,2026-09-06T14:31:01.442688+00:00
"Energy, Oil, Gas & Mining",ENERGIA DEL PACIFICO S.C.,energiadelpacifico.com.mx,Javier Castro,Chief Human Resources Officer (CHRO),C_SUITE,HR_PEOPLE,jcastro@energiadelpacifico.com.mx,VERIFIED,85,+527136731777,2026-09-06T14:31:01.442688+00:00
"Energy, Oil, Gas & Mining",ENERGIA DEL BAJIO S.C.,energiadelbajio22.com,Alejandro Hernández,Chief Operating Officer (COO),C_SUITE,OPERATIONS,ahernández@energiadelbajio22.com,VERIFIED,85,+529341215998,2026-09-06T14:31:01.442688+00:00
"Energy, Oil, Gas & Mining",ENERGIA DEL NORTE S.A.P.I. DE C.V.,energiadelnorte24.com.mx,Rodrigo Vega,Chief Financial Officer (CFO),C_SUITE,FINANCE,rvega@energiadelnorte24.com.mx,VERIFIED,85,+525028874787,2026-09-06T14:31:01.442688+00:00
"Energy, Oil, Gas & Mining",ENERGIA DEL PACIFICO 74 S.C.,energiadelpacifico.mx,Sofia Mendoza,Chief Technology Officer (CTO),C_SUITE,ENGINEERING_IT,smendoza@energiadelpacifico.mx,VERIFIED,85,+528611248927,2026-09-06T14:31:01.442688+00:00
"Energy, Oil, Gas & Mining",ENERGIA DEL NORTE 95 S. DE R.L. DE C.V.,energiadelnorte.com,Adriana Salinas,Founder,FOUNDER,EXECUTIVE,asalinas@energiadelnorte.com,VERIFIED,85,+526883674741,2026-09-06T14:31:01.442688+00:00
"Energy, Oil, Gas & Mining",ENERGIA DEL PACIFICO S.A.P.I. DE C.V.,energiadelpacifico.com,Hector Mendoza,Chief Executive Officer (CEO),C_SUITE,EXECUTIVE,hmendoza@energiadelpacifico.com,VERIFIED,85,+528134276882,2026-09-06T14:31:01.452959+00:00
"Energy, Oil, Gas & Mining",ENERGIA DEL PACIFICO S.A.P.I. DE C.V.,energiadelpacifico.com,Claudia Mendoza,Founder,FOUNDER,EXECUTIVE,cmendoza@energiadelpacifico.com,VERIFIED,85,+528160120789,2026-09-06T14:31:01.452959+00:00
"Energy, Oil, Gas & Mining",ENERGIA DEL CENTRO S.A.P.I. DE C.V.,energiadelcentro.com,Claudia Morales,Chief Revenue Officer (CRO),C_SUITE,SALES_MARKETING,cmorales@energiadelcentro.com,VERIFIED,85,+528161524248,2026-09-06T14:31:01.452959+00:00
"Energy, Oil, Gas & Mining",ENERGIA DEL CENTRO S.A.P.I. DE C.V.,energiadelcentro.com,Guillermo Navarro,Chief Operating Officer (COO),C_SUITE,OPERATIONS,gnavarro@energiadelcentro.com,VERIFIED,85,+528190026668,2026-09-06T14:31:01.452959+00:00
"Energy, Oil, Gas & Mining",ENERGIA DEL PACIFICO 74 S.A.P.I. DE C.V.,energiadelpacifico.com.mx,Miguel Alarcón,Chief Technology Officer (CTO),C_SUITE,ENGINEERING_IT,malarcón@energiadelpacifico.com.mx,VERIFIED,85,+528137587282,2026-09-06T14:31:01.452959+00:00
"Energy, Oil, Gas & Mining",ENERGIA DEL PACIFICO 74 S.A.P.I. DE C.V.,energiadelpacifico.com.mx,Eduardo García,Chief Financial Officer (CFO),C_SUITE,FINANCE,egarcía@energiadelpacifico.com.mx,VERIFIED,85,+528133505812,2026-09-06T14:31:01.452959+00:00
"Energy, Oil, Gas & Mining",ENERGIA DEL CENTRO S.A.S.,energiadelcentro.com.mx,Eduardo Vega,Chief Financial Officer (CFO),C_SUITE,FINANCE,evega@energiadelcentro.com.mx,VERIFIED,85,+528199957099,2026-09-06T14:31:01.452959+00:00
"Energy, Oil, Gas & Mining",ENERGIA DEL BAJIO S. DE R.L. DE C.V.,energiadelbajio.com.mx,Gabriel Benítez,Founder,FOUNDER,EXECUTIVE,gbenítez@energiadelbajio.com.mx,VERIFIED,85,+528163661549,2026-09-06T14:31:01.452959+00:00
"Energy, Oil, Gas & Mining",ENERGIA DEL BAJIO S. DE R.L. DE C.V.,energiadelbajio.com.mx,David Vega,Chief Revenue Officer (CRO),C_SUITE,SALES_MARKETING,dvega@energiadelbajio.com.mx,VERIFIED,85,+528144742892,2026-09-06T14:31:01.452959+00:00
"Energy, Oil, Gas & Mining",ENERGIA DEL NORTE S.A.S.,energiadelnorte.com,Jorge Villaseñor,Chief Revenue Officer (CRO),C_SUITE,SALES_MARKETING,jvillaseñor@energiadelnorte.com,VERIFIED,85,+528129977956,2026-09-06T14:31:01.452959+00:00
"Energy, Oil, Gas & Mining",ENERGIA DEL NORTE S.A.S.,energiadelnorte.com,Gabriel Alarcón,Chief Human Resources Officer (CHRO),C_SUITE,HR_PEOPLE,galarcón@energiadelnorte.com,VERIFIED,85,+528114784943,2026-09-06T14:31:01.452959+00:00
"Energy, Oil, Gas & Mining",ENERGIA DEL NORTE S.A.S.,energiadelnorte.com,David Benítez,Chief Revenue Officer (CRO),C_SUITE,SALES_MARKETING,dbenítez@energiadelnorte.com,VERIFIED,85,+528191156909,2026-09-06T14:31:01.452959+00:00
"Energy, Oil, Gas & Mining",ENERGIA DEL BAJIO S.A.S.,energiadelbajio.com,Andrea López,Chief Executive Officer (CEO),C_SUITE,EXECUTIVE,alópez@energiadelbajio.com,VERIFIED,85,+528166844257,2026-09-06T14:31:01.452959+00:00
"Energy, Oil, Gas & Mining",ENERGIA DEL BAJIO S.A.S.,energiadelbajio.com,Fernando Dominguez,Chief Operating Officer (COO),C_SUITE,OPERATIONS,fdominguez@energiadelbajio.com,VERIFIED,85,+528123573653,2026-09-06T14:31:01.452959+00:00
"Energy, Oil, Gas & Mining",ENERGIA DEL BAJIO 76 S.A. DE C.V.,energiadelbajio.mx,Claudia Morales,Chief Executive Officer (CEO),C_SUITE,EXECUTIVE,cmorales@energiadelbajio.mx,VERIFIED,85,+528125866636,2026-09-06T14:31:01.452959+00:00
"Energy, Oil, Gas & Mining",ENERGIA DEL BAJIO 76 S.A. DE C.V.,energiadelbajio.mx,Fernando Salinas,Chief Revenue Officer (CRO),C_SUITE,SALES_MARKETING,fsalinas@energiadelbajio.mx,VERIFIED,85,+528137926169,2026-09-06T14:31:01.452959+00:00
"Energy, Oil, Gas & Mining",ENERGIA DE LAS AMERICAS S.A.S.,energiadelasameric.com.mx,Claudia Alarcón,Founder,FOUNDER,EXECUTIVE,calarcón@energiadelasameric.com.mx,VERIFIED,85,+528354037281,2026-09-06T14:31:01.452959+00:00
"Energy, Oil, Gas & Mining",ENERGIA DE LAS AMERICAS S.A.S.,energiadelasameric.com.mx,Eduardo Benítez,Chief Financial Officer (CFO),C_SUITE,FINANCE,ebenítez@energiadelasameric.com.mx,VERIFIED,85,+529210637565,2026-09-06T14:31:01.452959+00:00
"Energy, Oil, Gas & Mining",ENERGIA DE LAS AMERICAS S. DE R.L. DE C.V.,energiadelasameric.mx,Javier López,Chief Human Resources Officer (CHRO),C_SUITE,HR_PEOPLE,jlópez@energiadelasameric.mx,VERIFIED,85,+524615809322,2026-09-06T14:31:01.452959+00:00
"Energy, Oil, Gas & Mining",ENERGIA DE LAS AMERICAS S.A.P.I. DE C.V.,energiadelasameric.com,Patricia Valenzuela,Chief Executive Officer (CEO),C_SUITE,EXECUTIVE,pvalenzuela@energiadelasameric.com,VERIFIED,85,+527195773513,2026-09-06T14:31:01.452959+00:00
"Energy, Oil, Gas & Mining",ENERGIA DE LAS AMERICAS S.A.P.I. DE C.V.,energiadelasameric.com,Patricia Dominguez,Founder,FOUNDER,EXECUTIVE,pdominguez@energiadelasameric.com,VERIFIED,85,+529688610005,2026-09-06T14:31:01.452959+00:00
"Energy, Oil, Gas & Mining",ENERGIA DE OCCIDENTE S.A.B. DE C.V.,energiadeoccidente.com.mx,Hector Villaseñor,Chief Revenue Officer (CRO),C_SUITE,SALES_MARKETING,hvillaseñor@energiadeoccidente.com.mx,VERIFIED,85,+527758214112,2026-09-06T14:31:01.452959+00:00
"Energy, Oil, Gas & Mining",ENERGIA DINAMICA 92 S.A. DE C.V.,energiadinamica.com.mx,Daniel Mendoza,Chief Operating Officer (COO),C_SUITE,OPERATIONS,dmendoza@energiadinamica.com.mx,VERIFIED,85,+527294055042,2026-09-06T14:31:01.452959+00:00
"Energy, Oil, Gas & Mining",ENERGIA DINAMICA 92 S.A. DE C.V.,energiadinamica.com.mx,Patricia Villaseñor,Chief Human Resources Officer (CHRO),C_SUITE,HR_PEOPLE,pvillaseñor@energiadinamica.com.mx,VERIFIED,85,+526055335007,2026-09-06T14:31:01.452959+00:00
"Energy, Oil, Gas & Mining",ENERGIA DINAMICA S.C.,energiadinamica.mx,Andrea Castro,Chief Human Resources Officer (CHRO),C_SUITE,HR_PEOPLE,acastro@energiadinamica.mx,VERIFIED,85,+525929913935,2026-09-06T14:31:01.452959+00:00
"Energy, Oil, Gas & Mining",ENERGIA DINAMICA S.C.,energiadinamica.mx,David Villaseñor,Founder,FOUNDER,EXECUTIVE,dvillaseñor@energiadinamica71.com.mx,VERIFIED,85,+526080803416,2026-09-06T14:31:01.452959+00:00
"Energy, Oil, Gas & Mining",ENERGIA DINAMICA S. DE R.L. DE C.V.,energiadinamica97.mx,Guillermo Navarro,Chief Executive Officer (CEO),C_SUITE,EXECUTIVE,gnavarro@energiadinamica97.mx,VERIFIED,85,+528087118726,2026-09-06T14:31:01.452959+00:00
"Energy, Oil, Gas & Mining",ENERGIA INDUSTRIAL S. DE R.L. DE C.V.,energiaindustrial4.com.mx,Andrea Valenzuela,Chief Operating Officer (COO),C_SUITE,OPERATIONS,avalenzuela@energiaindustrial4.com.mx,VERIFIED,85,+524151252142,2026-09-06T14:31:01.452959+00:00
"Energy, Oil, Gas & Mining",ENERGIA INDUSTRIAL S. DE R.L. DE C.V.,energiaindustrial4.com.mx,Luis Mendoza,Chief Operating Officer (COO),C_SUITE,OPERATIONS,lmendoza@energiaindustrial.com.mx,VERIFIED,85,+527560507626,2026-09-06T14:31:01.452959+00:00
"Energy, Oil, Gas & Mining",ENERGIA INDUSTRIAL S.A.B. DE C.V.,energiaindustrial.mx,Mariana Navarro,Chief Operating Officer (COO),C_SUITE,OPERATIONS,mnavarro@energiaindustrial.mx,VERIFIED,85,+527437052386,2026-09-06T14:31:01.452959+00:00
"Energy, Oil, Gas & Mining",ENERGIA INDUSTRIAL S.A.B. DE C.V.,energiaindustrial.mx,Sofia Morales,Chief Revenue Officer (CRO),C_SUITE,SALES_MARKETING,smorales@energiaindustrial.mx,VERIFIED,85,+525744735286,2026-09-06T14:31:01.452959+00:00
"Energy, Oil, Gas & Mining",ENERGIA INDUSTRIAL S. DE R.L. DE C.V.,energiaindustrial8.com,Patricia González,Chief Executive Officer (CEO),C_SUITE,EXECUTIVE,pgonzález@energiaindustrial8.com,VERIFIED,85,+524882742794,2026-09-06T14:31:01.452959+00:00
"Energy, Oil, Gas & Mining",ENERGIA ESPECIALIZADA S.A.S.,energiaespecializa.com,Javier Castro,Chief Revenue Officer (CRO),C_SUITE,SALES_MARKETING,jcastro@energiaespecializa.com,VERIFIED,85,+528820322555,2026-09-06T14:31:01.452959+00:00
"Energy, Oil, Gas & Mining",ENERGIA ESPECIALIZADA S.A.S.,energiaespecializa.com,Rodrigo García,Chief Technology Officer (CTO),C_SUITE,ENGINEERING_IT,rgarcía@energiaespecializa.com,VERIFIED,85,+527310248707,2026-09-06T14:31:01.452959+00:00
"Energy, Oil, Gas & Mining",ENERGIA ESPECIALIZADA S.A.B. DE C.V.,energiaespecializa.mx,Rodrigo González,Chief Technology Officer (CTO),C_SUITE,ENGINEERING_IT,rgonzález@energiaespecializa.mx,VERIFIED,85,+526134962010,2026-09-06T14:31:01.452959+00:00
"Energy, Oil, Gas & Mining",ENERGIA ESPECIALIZADA S.A.B. DE C.V.,energiaespecializa.mx,Javier Alarcón,Chief Human Resources Officer (CHRO),C_SUITE,HR_PEOPLE,jalarcón@energiaespecializa.mx,VERIFIED,85,+525392342194,2026-09-06T14:31:01.452959+00:00
"Energy, Oil, Gas & Mining",ENERGIA ESPECIALIZADA S.A.B. DE C.V.,energiaespecializa.com.mx,Carlos Mendoza,Chief Executive Officer (CEO),C_SUITE,EXECUTIVE,cmendoza@energiaespecializa.com.mx,VERIFIED,85,+526020699410,2026-09-06T14:31:01.452959+00:00
"Energy, Oil, Gas & Mining",ENERGIA DE OCCIDENTE S.A. DE C.V.,energiadeoccidente.com,Guillermo Vega,Chief Technology Officer (CTO),C_SUITE,ENGINEERING_IT,gvega@energiadeoccidente.com,VERIFIED,85,+523367181381,2026-09-06T14:31:01.452959+00:00
"Energy, Oil, Gas & Mining",ENERGIA DE OCCIDENTE S.A. DE C.V.,energiadeoccidente.com,Guillermo Navarro,Chief Financial Officer (CFO),C_SUITE,FINANCE,gnavarro@energiadeoccidente.com,VERIFIED,85,+523318516602,2026-09-06T14:31:01.452959+00:00
"Energy, Oil, Gas & Mining",ENERGIA DEL BAJIO S.A. DE C.V.,energiadelbajio33.com,Sofia Benítez,Chief Financial Officer (CFO),C_SUITE,FINANCE,sbenítez@energiadelbajio33.com,VERIFIED,85,+525553167097,2026-09-06T14:31:01.452959+00:00
"Energy, Oil, Gas & Mining",ENERGIA DEL BAJIO S.A. DE C.V.,energiadelbajio33.com,Mariana López,Chief Revenue Officer (CRO),C_SUITE,SALES_MARKETING,mlópez@energiadelbajio.mx,VERIFIED,85,+525527702606,2026-09-06T14:31:01.452959+00:00
"Energy, Oil, Gas & Mining",ENERGIA DEL CENTRO 52 S.C.,energiadelcentro20.mx,Hector Alarcón,Chief Technology Officer (CTO),C_SUITE,ENGINEERING_IT,halarcón@energiadelcentro20.mx,VERIFIED,85,+525555275854,2026-09-06T14:31:01.452959+00:00
"Energy, Oil, Gas & Mining",ENERGIA DEL CENTRO S.A.P.I. DE C.V.,energiadelcentro.mx,Javier González,Chief Operating Officer (COO),C_SUITE,OPERATIONS,jgonzález@energiadelcentro.mx,VERIFIED,85,+525594998177,2026-09-06T14:31:01.452959+00:00
"Energy, Oil, Gas & Mining",ENERGIA DEL BAJIO 39 S.A.P.I. DE C.V.,energiadelbajio.com.mx,Guillermo Morales,Chief Revenue Officer (CRO),C_SUITE,SALES_MARKETING,gmorales@energiadelbajio.com.mx,VERIFIED,85,+525514189363,2026-09-06T14:31:01.452959+00:00
"Energy, Oil, Gas & Mining",ENERGIA DEL BAJIO 39 S.A.P.I. DE C.V.,energiadelbajio.com.mx,Carlos Dominguez,Chief Technology Officer (CTO),C_SUITE,ENGINEERING_IT,cdominguez@energiadelbajio.com.mx,VERIFIED,85,+525512016921,2026-09-06T14:31:01.452959+00:00
"Energy, Oil, Gas & Mining",ENERGIA DEL PACIFICO S.A. DE C.V.,energiadelpacifico.com,Daniel Salinas,Chief Operating Officer (COO),C_SUITE,OPERATIONS,dsalinas@energiadelpacifico.com,VERIFIED,85,+525533061987,2026-09-06T14:31:01.452959+00:00
"Energy, Oil, Gas & Mining",ENERGIA DEL CENTRO S.A. DE C.V.,energiadelcentro.com.mx,Claudia García,Chief Revenue Officer (CRO),C_SUITE,SALES_MARKETING,cgarcía@energiadelcentro.com.mx,VERIFIED,85,+525522184627,2026-09-06T14:31:01.452959+00:00
"Energy, Oil, Gas & Mining",ENERGIA DEL BAJIO S.A.P.I. DE C.V.,energiadelbajio.mx,Luis Alarcón,Chief Executive Officer (CEO),C_SUITE,EXECUTIVE,lalarcón@energiadelbajio.mx,VERIFIED,85,+525580132268,2026-09-06T14:31:01.452959+00:00
"Energy, Oil, Gas & Mining",ENERGIA INTEGRAL S.A.S.,energiaintegral.com.mx,Hector Villaseñor,Chief Human Resources Officer (CHRO),C_SUITE,HR_PEOPLE,hvillaseñor@energiaintegral.com.mx,VERIFIED,85,+529952351811,2026-09-06T14:31:01.459264+00:00
"Energy, Oil, Gas & Mining",ENERGIA INTEGRAL S.A.P.I. DE C.V.,energiaintegral84.com.mx,Mariana Benítez,Chief Executive Officer (CEO),C_SUITE,EXECUTIVE,mbenítez@energiaintegral84.com.mx,VERIFIED,85,+526160699680,2026-09-06T14:31:01.459264+00:00
"Energy, Oil, Gas & Mining",ENERGIA INTEGRAL S.A.S.,energiaintegral.mx,Jorge Morales,Chief Human Resources Officer (CHRO),C_SUITE,HR_PEOPLE,jmorales@energiaintegral.mx,VERIFIED,85,+528942591019,2026-09-06T14:31:01.459264+00:00
"Energy, Oil, Gas & Mining",ENERGIA INTEGRAL S.A.S.,energiaintegral.mx,Patricia Navarro,Chief Financial Officer (CFO),C_SUITE,FINANCE,pnavarro@energiaintegral.mx,VERIFIED,85,+528732941778,2026-09-06T14:31:01.459264+00:00
"Energy, Oil, Gas & Mining",ENERGIA INTEGRAL S.A.S.,energiaintegral.mx,Adriana Morales,Chief Technology Officer (CTO),C_SUITE,ENGINEERING_IT,amorales@energiaintegral.mx,VERIFIED,85,+529747660000,2026-09-06T14:31:01.459264+00:00
"Energy, Oil, Gas & Mining",ENERGIA INTEGRAL 50 S.A. DE C.V.,energiaintegral28.mx,Mariana Navarro,Chief Revenue Officer (CRO),C_SUITE,SALES_MARKETING,mnavarro@energiaintegral28.mx,VERIFIED,85,+527572866101,2026-09-06T14:31:01.459264+00:00
"Energy, Oil, Gas & Mining",ENERGIA INTEGRAL S.A.S.,energiaintegral.com,Andrea Navarro,Chief Human Resources Officer (CHRO),C_SUITE,HR_PEOPLE,anavarro@energiaintegral.com,VERIFIED,85,+528081645663,2026-09-06T14:31:01.459264+00:00
"Energy, Oil, Gas & Mining",ENERGIA EMPRESARIAL S.C.,energiaempresarial.mx,Andrea García,Chief Operating Officer (COO),C_SUITE,OPERATIONS,agarcía@energiaempresarial.mx,VERIFIED,85,+526383083843,2026-09-06T14:31:01.459264+00:00
"Energy, Oil, Gas & Mining",ENERGIA INTEGRAL S.A.S.,energiaintegral.mx,David Benítez,Founder,FOUNDER,EXECUTIVE,dbenítez@energiaintegral.mx,VERIFIED,85,+526489066037,2026-09-06T14:31:01.476104+00:00
"Energy, Oil, Gas & Mining",ENERGIA INTEGRAL S.A.S.,energiaintegral.mx,Hector Treviño,Chief Financial Officer (CFO),C_SUITE,FINANCE,htreviño@energiaintegral.mx,VERIFIED,85,+527236309929,2026-09-06T14:31:01.476104+00:00
"Energy, Oil, Gas & Mining",ENERGIA INTEGRAL 19 S.A. DE C.V.,energiaintegral63.mx,Javier Valenzuela,Chief Executive Officer (CEO),C_SUITE,EXECUTIVE,jvalenzuela@energiaintegral63.mx,VERIFIED,85,+524230495371,2026-09-06T14:31:01.476104+00:00
"Energy, Oil, Gas & Mining",ENERGIA DE OCCIDENTE S. DE R.L. DE C.V.,energiadeoccidente.com,Roberto Navarro,Chief Human Resources Officer (CHRO),C_SUITE,HR_PEOPLE,rnavarro@energiadeoccidente.com,VERIFIED,85,+529525158808,2026-09-06T14:31:01.489191+00:00
"Energy, Oil, Gas & Mining",ENERGIA DE OCCIDENTE S. DE R.L. DE C.V.,energiadeoccidente.com,Patricia Valenzuela,Chief Executive Officer (CEO),C_SUITE,EXECUTIVE,pvalenzuela@energiadeoccidente.com,VERIFIED,85,+524234205570,2026-09-06T14:31:01.489191+00:00
"Energy, Oil, Gas & Mining",ENERGIA DE LAS AMERICAS S.A.P.I. DE C.V.,energiadelasameric.com.mx,Carlos González,Chief Financial Officer (CFO),C_SUITE,FINANCE,cgonzález@energiadelasameric.com.mx,VERIFIED,85,+529065970420,2026-09-06T14:31:01.489191+00:00
"Energy, Oil, Gas & Mining",ENERGIA DE LAS AMERICAS S.A.P.I. DE C.V.,energiadelasameric.com.mx,Luis González,Chief Financial Officer (CFO),C_SUITE,FINANCE,lgonzález@energiadelasameric.com.mx,VERIFIED,85,+525010769471,2026-09-06T14:31:01.489191+00:00
"Energy, Oil, Gas & Mining",ENERGIA DE OCCIDENTE S. DE R.L. DE C.V.,energiadeoccidente.com.mx,Rodrigo García,Chief Executive Officer (CEO),C_SUITE,EXECUTIVE,rgarcía@energiadeoccidente.com.mx,VERIFIED,85,+525957943213,2026-09-06T14:31:01.489191+00:00
"Energy, Oil, Gas & Mining",ENERGIA DEL NORTE 69 S.C.,energiadelnorte.com.mx,Alejandro Martínez,Chief Executive Officer (CEO),C_SUITE,EXECUTIVE,amartínez@energiadelnorte.com.mx,VERIFIED,85,+528783505789,2026-09-06T14:31:01.492787+00:00
"Energy, Oil, Gas & Mining",ENERGIA DEL BAJIO S.C.,energiadelbajio.com.mx,Andrea Vega,Chief Financial Officer (CFO),C_SUITE,FINANCE,avega@energiadelbajio.com.mx,VERIFIED,85,+525031140356,2026-09-06T14:31:01.492787+00:00
"Energy, Oil, Gas & Mining",ENERGIA DEL BAJIO S.A. DE C.V.,energiadelbajio21.com.mx,Guillermo García,Chief Executive Officer (CEO),C_SUITE,EXECUTIVE,ggarcía@energiadelbajio21.com.mx,VERIFIED,85,+529375379330,2026-09-06T14:31:01.492787+00:00
"Energy, Oil, Gas & Mining",ENERGIA DEL BAJIO S.A. DE C.V.,energiadelbajio21.com.mx,Sofia Alarcón,Chief Technology Officer (CTO),C_SUITE,ENGINEERING_IT,salarcón@energiadelbajio86.com.mx,VERIFIED,85,+529844034609,2026-09-06T14:31:01.492787+00:00
"Energy, Oil, Gas & Mining",ENERGIA DEL BAJIO S.A. DE C.V.,energiadelbajio21.com.mx,Adriana Mendoza,Chief Executive Officer (CEO),C_SUITE,EXECUTIVE,amendoza@energiadelbajio.mx,VERIFIED,85,+526813673617,2026-09-06T14:31:01.492787+00:00
"Energy, Oil, Gas & Mining",ENERGIA DEL BAJIO S.A. DE C.V.,energiadelbajio21.com.mx,Patricia Ruiz,Chief Financial Officer (CFO),C_SUITE,FINANCE,pruiz@energiadelbajio.mx,VERIFIED,85,+526240401422,2026-09-06T14:31:01.492787+00:00
"Energy, Oil, Gas & Mining",ENERGIA DEL CENTRO S. DE R.L. DE C.V.,energiadelcentro.mx,Andrea Dominguez,Chief Operating Officer (COO),C_SUITE,OPERATIONS,adominguez@energiadelcentro.mx,VERIFIED,85,+525545541460,2026-09-06T14:31:01.492787+00:00
"Energy, Oil, Gas & Mining",ENERGIA DEL CENTRO S. DE R.L. DE C.V.,energiadelcentro.mx,Guillermo Martínez,Chief Operating Officer (COO),C_SUITE,OPERATIONS,gmartínez@energiadelcentro22.com,VERIFIED,85,+529449267527,2026-09-06T14:31:01.492787+00:00
"Energy, Oil, Gas & Mining",ENERGIA MEXICANA S.A.B. DE C.V.,energiamexicana.com,Roberto Mendoza,Chief Executive Officer (CEO),C_SUITE,EXECUTIVE,rmendoza@energiamexicana.com,VERIFIED,85,+526040111823,2026-09-06T14:31:01.492787+00:00
"Energy, Oil, Gas & Mining",ENERGIA MEXICANA S.A.P.I. DE C.V.,energiamexicana22.mx,Rodrigo Treviño,Founder,FOUNDER,EXECUTIVE,rtreviño@energiamexicana22.mx,VERIFIED,85,+528542268341,2026-09-06T14:31:01.492787+00:00
"Energy, Oil, Gas & Mining",ENERGIA MEXICANA S.A.B. DE C.V.,energiamexicana9.com.mx,Patricia Garza,Chief Operating Officer (COO),C_SUITE,OPERATIONS,pgarza@energiamexicana9.com.mx,VERIFIED,85,+527576168827,2026-09-06T14:31:01.492787+00:00
"Energy, Oil, Gas & Mining",ENERGIA DEL BAJIO S.A.B. DE C.V.,energiadelbajio87.mx,Miguel Vega,Chief Operating Officer (COO),C_SUITE,OPERATIONS,mvega@energiadelbajio87.mx,VERIFIED,85,+527445036951,2026-09-06T14:31:01.492787+00:00
"Energy, Oil, Gas & Mining",ENERGIA DEL BAJIO S.A.B. DE C.V.,energiadelbajio87.mx,Gabriel López,Chief Executive Officer (CEO),C_SUITE,EXECUTIVE,glópez@energiadelbajio.mx,VERIFIED,85,+527527595093,2026-09-06T14:31:01.492787+00:00
"Energy, Oil, Gas & Mining",ENERGIA DEL BAJIO S.A.B. DE C.V.,energiadelbajio87.mx,David López,Chief Financial Officer (CFO),C_SUITE,FINANCE,dlópez@energiadelbajio46.mx,VERIFIED,85,+529733695827,2026-09-06T14:31:01.492787+00:00
"Energy, Oil, Gas & Mining",ENERGIA DEL BAJIO S.A.B. DE C.V.,energiadelbajio87.mx,Andrea García,Chief Revenue Officer (CRO),C_SUITE,SALES_MARKETING,agarcía@energiadelbajio.com,VERIFIED,85,+526064650351,2026-09-06T14:31:01.492787+00:00
"Energy, Oil, Gas & Mining",ENERGIA DEL NORTE S.C.,energiadelnorte.mx,Andrea Ruiz,Chief Executive Officer (CEO),C_SUITE,EXECUTIVE,aruiz@energiadelnorte.mx,VERIFIED,85,+527027322154,2026-09-06T14:31:01.492787+00:00
"Energy, Oil, Gas & Mining",ENERGIA DEL NORTE S.C.,energiadelnorte.com.mx,Javier Hernández,Chief Revenue Officer (CRO),C_SUITE,SALES_MARKETING,jhernández@energiadelnorte.com.mx,VERIFIED,85,+528240279018,2026-09-06T14:31:01.492787+00:00
"Energy, Oil, Gas & Mining",ENERGIA DEL BAJIO S.C.,energiadelbajio.com,Mariana Benítez,Chief Technology Officer (CTO),C_SUITE,ENGINEERING_IT,mbenítez@energiadelbajio.com,VERIFIED,85,+524490426687,2026-09-06T14:31:01.492787+00:00
"Energy, Oil, Gas & Mining",ENERGIA DEL BAJIO S.A.B. DE C.V.,energiadelbajio6.com.mx,Daniel Mendoza,Chief Operating Officer (COO),C_SUITE,OPERATIONS,dmendoza@energiadelbajio6.com.mx,VERIFIED,85,+529715536423,2026-09-06T14:31:01.492787+00:00
"Energy, Oil, Gas & Mining",ENERGIA DEL BAJIO S.A.B. DE C.V.,energiadelbajio6.com.mx,Javier Treviño,Chief Human Resources Officer (CHRO),C_SUITE,HR_PEOPLE,jtreviño@energiadelbajio.com.mx,VERIFIED,85,+528792338630,2026-09-06T14:31:01.492787+00:00
"Energy, Oil, Gas & Mining",ENERGIA DEL CENTRO S. DE R.L. DE C.V.,energiadelcentro.com.mx,Hector Martínez,Chief Executive Officer (CEO),C_SUITE,EXECUTIVE,hmartínez@energiadelcentro.com.mx,VERIFIED,85,+524929120449,2026-09-06T14:31:01.492787+00:00
"Energy, Oil, Gas & Mining",ENERGIA DEL PACIFICO S.A.P.I. DE C.V.,energiadelpacifico.mx,David Vega,Chief Revenue Officer (CRO),C_SUITE,SALES_MARKETING,dvega@energiadelpacifico.mx,VERIFIED,85,+527947298943,2026-09-06T14:31:01.492787+00:00
"Energy, Oil, Gas & Mining",ENERGIA DEL CENTRO S.A. DE C.V.,energiadelcentro.mx,Claudia Martínez,Chief Financial Officer (CFO),C_SUITE,FINANCE,cmartínez@energiadelcentro.mx,VERIFIED,85,+526592766966,2026-09-06T14:31:01.492787+00:00
"Energy, Oil, Gas & Mining",ENERGIA GLOBAL S.A. DE C.V.,energiaglobal.mx,Javier Ruiz,Chief Technology Officer (CTO),C_SUITE,ENGINEERING_IT,jruiz@energiaglobal.mx,VERIFIED,85,+523327428257,2026-09-06T14:31:01.500976+00:00
"Energy, Oil, Gas & Mining",ENERGIA GLOBAL S.A. DE C.V.,energiaglobal.mx,Eduardo García,Chief Executive Officer (CEO),C_SUITE,EXECUTIVE,egarcía@energiaglobal.mx,VERIFIED,85,+523378788397,2026-09-06T14:31:01.500976+00:00
"Energy, Oil, Gas & Mining",ENERGIA GLOBAL S.A. DE C.V.,energiaglobal.mx,Patricia Vega,Chief Revenue Officer (CRO),C_SUITE,SALES_MARKETING,pvega@energiaglobal.mx,VERIFIED,85,+523333190753,2026-09-06T14:31:01.500976+00:00
"Energy, Oil, Gas & Mining",ENERGIA GLOBAL 23 S.A. DE C.V.,energiaglobal.com.mx,Rodrigo Villaseñor,Chief Financial Officer (CFO),C_SUITE,FINANCE,rvillaseñor@energiaglobal.com.mx,VERIFIED,85,+523392433068,2026-09-06T14:31:01.500976+00:00
"Energy, Oil, Gas & Mining",ENERGIA GLOBAL 23 S.A. DE C.V.,energiaglobal.com.mx,Hector Navarro,Chief Revenue Officer (CRO),C_SUITE,SALES_MARKETING,hnavarro@energiaglobal.com.mx,VERIFIED,85,+523387449365,2026-09-06T14:31:01.500976+00:00
"Energy, Oil, Gas & Mining",ENERGIA GLOBAL 23 S.A. DE C.V.,energiaglobal.com.mx,Fernando Hernández,Founder,FOUNDER,EXECUTIVE,fhernández@energiaglobal.com.mx,VERIFIED,85,+523347851793,2026-09-06T14:31:01.500976+00:00
"Energy, Oil, Gas & Mining",ENERGIA AVANZADA S.A.B. DE C.V.,energiaavanzada.com,Miguel Mendoza,Chief Financial Officer (CFO),C_SUITE,FINANCE,mmendoza@energiaavanzada.com,VERIFIED,85,+527725874393,2026-09-06T14:31:01.500976+00:00
"Energy, Oil, Gas & Mining",ENERGIA AVANZADA S.A.B. DE C.V.,energiaavanzada.com,Guillermo Ruiz,Chief Technology Officer (CTO),C_SUITE,ENGINEERING_IT,gruiz@energiaavanzada.com,VERIFIED,85,+524130508382,2026-09-06T14:31:01.500976+00:00
"Energy, Oil, Gas & Mining",ENERGIA AVANZADA S.A.S.,energiaavanzada.com.mx,Alejandro Dominguez,Chief Human Resources Officer (CHRO),C_SUITE,HR_PEOPLE,adominguez@energiaavanzada.com.mx,VERIFIED,85,+527832160432,2026-09-06T14:31:01.500976+00:00
"Energy, Oil, Gas & Mining",ENERGIA AVANZADA 81 S.C.,energiaavanzada.mx,Eduardo Mendoza,Chief Financial Officer (CFO),C_SUITE,FINANCE,emendoza@energiaavanzada.mx,VERIFIED,85,+525980778710,2026-09-06T14:31:01.500976+00:00
"Energy, Oil, Gas & Mining",ENERGIA AVANZADA S.A.S.,energiaavanzada.com,Javier Vega,Chief Executive Officer (CEO),C_SUITE,EXECUTIVE,jvega@energiaavanzada.com,VERIFIED,85,+528698548138,2026-09-06T14:31:01.500976+00:00
"Energy, Oil, Gas & Mining",ENERGIA AVANZADA S.A. DE C.V.,energiaavanzada30.mx,Andrea Dominguez,Chief Revenue Officer (CRO),C_SUITE,SALES_MARKETING,adominguez@energiaavanzada30.mx,VERIFIED,85,+526590656275,2026-09-06T14:31:01.500976+00:00
"Energy, Oil, Gas & Mining",ENERGIA AVANZADA S. DE R.L. DE C.V.,energiaavanzada.mx,David Benítez,Chief Revenue Officer (CRO),C_SUITE,SALES_MARKETING,dbenítez@energiaavanzada.mx,VERIFIED,85,+525378504970,2026-09-06T14:31:01.500976+00:00
"Energy, Oil, Gas & Mining",ENERGIA AVANZADA S. DE R.L. DE C.V.,energiaavanzada.mx,Sofia García,Chief Executive Officer (CEO),C_SUITE,EXECUTIVE,sgarcía@energiaavanzada.mx,VERIFIED,85,+524990134900,2026-09-06T14:31:01.500976+00:00
"Energy, Oil, Gas & Mining",ENERGIA DEL CENTRO S.C.,energiadelcentro.com.mx,Hector Salinas,Chief Operating Officer (COO),C_SUITE,OPERATIONS,hsalinas@energiadelcentro.com.mx,VERIFIED,85,+527330308709,2026-09-06T14:31:01.508673+00:00
"Energy, Oil, Gas & Mining",ENERGIA DEL CENTRO S.C.,energiadelcentro.com.mx,Gabriel García,Chief Operating Officer (COO),C_SUITE,OPERATIONS,ggarcía@energiadelcentro.com.mx,VERIFIED,85,+525384468685,2026-09-06T14:31:01.508673+00:00
"Energy, Oil, Gas & Mining",ENERGIA DEL BAJIO S.A. DE C.V.,energiadelbajio4.com,Miguel Treviño,Chief Human Resources Officer (CHRO),C_SUITE,HR_PEOPLE,mtreviño@energiadelbajio4.com,VERIFIED,85,+524161979995,2026-09-06T14:31:01.509294+00:00
"Energy, Oil, Gas & Mining",ENERGIA DEL NORTE S.A.P.I. DE C.V.,energiadelnorte.com.mx,Gabriel Treviño,Chief Operating Officer (COO),C_SUITE,OPERATIONS,gtreviño@energiadelnorte.com.mx,VERIFIED,85,+528089639648,2026-09-06T14:31:01.509294+00:00
"Energy, Oil, Gas & Mining",ENERGIA DEL NORTE S.A.P.I. DE C.V.,energiadelnorte.com.mx,Eduardo Hernández,Chief Revenue Officer (CRO),C_SUITE,SALES_MARKETING,ehernández@energiadelnorte.mx,VERIFIED,85,+527725018106,2026-09-06T14:31:01.509294+00:00
"Energy, Oil, Gas & Mining",ENERGIA DEL NORTE S.A.S.,energiadelnorte.com,Patricia Villaseñor,Founder,FOUNDER,EXECUTIVE,pvillaseñor@energiadelnorte.com,VERIFIED,85,+527741583961,2026-09-06T14:31:01.509294+00:00
"Energy, Oil, Gas & Mining",ENERGIA DEL NORTE S.A.S.,energiadelnorte.com,Javier Garza,Chief Operating Officer (COO),C_SUITE,OPERATIONS,jgarza@energiadelnorte.com,VERIFIED,85,+524985879456,2026-09-06T14:31:01.509294+00:00
"Energy, Oil, Gas & Mining",ENERGIA DEL CENTRO 10 S.A.S.,energiadelcentro.mx,Carlos Valenzuela,Chief Human Resources Officer (CHRO),C_SUITE,HR_PEOPLE,cvalenzuela@energiadelcentro.mx,VERIFIED,85,+529853166663,2026-09-06T14:31:01.509294+00:00
"Energy, Oil, Gas & Mining",ENERGIA DEL PACIFICO S.A. DE C.V.,energiadelpacifico.mx,Adriana Castro,Chief Executive Officer (CEO),C_SUITE,EXECUTIVE,acastro@energiadelpacifico.mx,VERIFIED,85,+527729016020,2026-09-06T14:31:01.509294+00:00
"Energy, Oil, Gas & Mining",ENERGIA DEL PACIFICO S.A. DE C.V.,energiadelpacifico.mx,Jorge Morales,Chief Revenue Officer (CRO),C_SUITE,SALES_MARKETING,jmorales@energiadelpacifico.mx,VERIFIED,85,+525941966335,2026-09-06T14:31:01.509294+00:00
"Energy, Oil, Gas & Mining",ENERGIA DEL NORTE S.C.,energiadelnorte.mx,Patricia Hernández,Chief Revenue Officer (CRO),C_SUITE,SALES_MARKETING,phernández@energiadelnorte.mx,VERIFIED,85,+527139803908,2026-09-06T14:31:01.509294+00:00
"Energy, Oil, Gas & Mining",ENERGIA DEL CENTRO S.A.B. DE C.V.,energiadelcentro.com,Guillermo Alarcón,Chief Executive Officer (CEO),C_SUITE,EXECUTIVE,galarcón@energiadelcentro.com,VERIFIED,85,+526125384870,2026-09-06T14:31:01.509294+00:00
"Energy, Oil, Gas & Mining",ENERGIA DEL BAJIO S.A.P.I. DE C.V.,energiadelbajio63.mx,Luis Castro,Chief Operating Officer (COO),C_SUITE,OPERATIONS,lcastro@energiadelbajio63.mx,VERIFIED,85,+529428653652,2026-09-06T14:31:01.509294+00:00
"Energy, Oil, Gas & Mining",ENERGIA DEL BAJIO S.A.P.I. DE C.V.,energiadelbajio45.com,Adriana Morales,Founder,FOUNDER,EXECUTIVE,amorales@energiadelbajio45.com,VERIFIED,85,+524073352831,2026-09-06T14:31:01.509294+00:00
"Energy, Oil, Gas & Mining",ENERGIA DE OCCIDENTE S.A.B. DE C.V.,energiadeoccidente.com.mx,Patricia Ruiz,Chief Revenue Officer (CRO),C_SUITE,SALES_MARKETING,pruiz@energiadeoccidente.com.mx,VERIFIED,85,+525483728274,2026-09-06T14:31:01.509294+00:00
"Energy, Oil, Gas & Mining",ENERGIA DE OCCIDENTE S.A.B. DE C.V.,energiadeoccidente.com.mx,Gabriel Ruiz,Chief Technology Officer (CTO),C_SUITE,ENGINEERING_IT,gruiz@energiadeoccidente.com.mx,VERIFIED,85,+529380317660,2026-09-06T14:31:01.509294+00:00
"Energy, Oil, Gas & Mining",ENERGIA DE OCCIDENTE S.A.B. DE C.V.,energiadeoccidente.com.mx,Andrea Treviño,Chief Operating Officer (COO),C_SUITE,OPERATIONS,atreviño@energiadeoccidente.com.mx,VERIFIED,85,+527697086806,2026-09-06T14:31:01.509294+00:00
"Energy, Oil, Gas & Mining",ENERGIA DE LAS AMERICAS S.C.,energiadelasameric.com.mx,Eduardo Hernández,Chief Financial Officer (CFO),C_SUITE,FINANCE,ehernández@energiadelasameric.com.mx,VERIFIED,85,+526037096183,2026-09-06T14:31:01.509294+00:00
"Energy, Oil, Gas & Mining",ENERGIA DE LAS AMERICAS S.C.,energiadelasameric.com.mx,Adriana Treviño,Chief Technology Officer (CTO),C_SUITE,ENGINEERING_IT,atreviño@energiadelasameric.com.mx,VERIFIED,85,+529149416391,2026-09-06T14:31:01.509294+00:00
"Energy, Oil, Gas & Mining",ENERGIA DE LAS AMERICAS S.C.,energiadelasameric.com.mx,Miguel Mendoza,Chief Executive Officer (CEO),C_SUITE,EXECUTIVE,mmendoza@energiadelasameric.com.mx,VERIFIED,85,+528168774691,2026-09-06T14:31:01.509294+00:00
"Energy, Oil, Gas & Mining",ENERGIA DE LAS AMERICAS S.C.,energiadelasameric.com.mx,Andrea Alarcón,Chief Executive Officer (CEO),C_SUITE,EXECUTIVE,aalarcón@energiadelasameric.com.mx,VERIFIED,85,+524115448138,2026-09-06T14:31:01.509294+00:00
"Energy, Oil, Gas & Mining",ENERGIA DE LAS AMERICAS S.C.,energiadelasameric.mx,Miguel Valenzuela,Chief Technology Officer (CTO),C_SUITE,ENGINEERING_IT,mvalenzuela@energiadelasameric.mx,VERIFIED,85,+529024830518,2026-09-06T14:31:01.509294+00:00
"Energy, Oil, Gas & Mining",ENERGIA DE LAS AMERICAS 14 S.A. DE C.V.,energiadelasameric.com,Eduardo Villaseñor,Chief Executive Officer (CEO),C_SUITE,EXECUTIVE,evillaseñor@energiadelasameric.com,VERIFIED,85,+524162346651,2026-09-06T14:31:01.509294+00:00
"Energy, Oil, Gas & Mining",ENERGIA DE LAS AMERICAS 14 S.A. DE C.V.,energiadelasameric.com,Daniel García,Chief Revenue Officer (CRO),C_SUITE,SALES_MARKETING,dgarcía@energiadelasameric.com,VERIFIED,85,+525965137683,2026-09-06T14:31:01.509294+00:00
"Energy, Oil, Gas & Mining",ENERGIA DE OCCIDENTE S.A.B. DE C.V.,energiadeoccidente.com,Sofia González,Founder,FOUNDER,EXECUTIVE,sgonzález@energiadeoccidente.com,VERIFIED,85,+524892315206,2026-09-06T14:31:01.509294+00:00
"Energy, Oil, Gas & Mining",ENERGIA DE LAS AMERICAS S. DE R.L. DE C.V.,energiadelasameric.mx,Javier Hernández,Founder,FOUNDER,EXECUTIVE,jhernández@energiadelasameric.mx,VERIFIED,85,+524547630314,2026-09-06T14:31:01.509294+00:00
"Energy, Oil, Gas & Mining",ENERGIA DE LAS AMERICAS S. DE R.L. DE C.V.,energiadelasameric.mx,Daniel Salinas,Chief Operating Officer (COO),C_SUITE,OPERATIONS,dsalinas@energiadelasameric.com.mx,VERIFIED,85,+526315246237,2026-09-06T14:31:01.509294+00:00
"Energy, Oil, Gas & Mining",ENERGIA DE OCCIDENTE S.A.P.I. DE C.V.,energiadeoccidente.com.mx,Patricia González,Chief Financial Officer (CFO),C_SUITE,FINANCE,pgonzález@energiadeoccidente.com.mx,VERIFIED,85,+524689380142,2026-09-06T14:31:01.509294+00:00
"Energy, Oil, Gas & Mining",ENERGIA DE LAS AMERICAS S.A. DE C.V.,energiadelasameric.com,Adriana Alarcón,Chief Operating Officer (COO),C_SUITE,OPERATIONS,aalarcón@energiadelasameric.com,VERIFIED,85,+524054948190,2026-09-06T14:31:01.509294+00:00
"Energy, Oil, Gas & Mining",ENERGIA DEL BAJIO S.A. DE C.V.,energiadelbajio20.mx,Andrea Morales,Chief Operating Officer (COO),C_SUITE,OPERATIONS,amorales@energiadelbajio20.mx,VERIFIED,85,+526017936320,2026-09-06T14:31:01.509294+00:00
"Energy, Oil, Gas & Mining",ENERGIA DEL CENTRO S.A. DE C.V.,energiadelcentro.com.mx,Miguel Benítez,Chief Operating Officer (COO),C_SUITE,OPERATIONS,mbenítez@energiadelcentro.com.mx,VERIFIED,85,+529133752496,2026-09-06T14:31:01.509294+00:00
"Energy, Oil, Gas & Mining",ENERGIA DEL NORTE S.A.S.,energiadelnorte.com,Eduardo Castro,Chief Executive Officer (CEO),C_SUITE,EXECUTIVE,ecastro@energiadelnorte.com,VERIFIED,85,+529159611746,2026-09-06T14:31:01.509294+00:00
"Energy, Oil, Gas & Mining",ENERGIA DEL CENTRO S.A.S.,energiadelcentro82.com,Sofia Salinas,Founder,FOUNDER,EXECUTIVE,ssalinas@energiadelcentro82.com,VERIFIED,85,+526317194358,2026-09-06T14:31:01.509294+00:00
"Energy, Oil, Gas & Mining",ENERGIA DEL PACIFICO S.A.B. DE C.V.,energiadelpacifico.mx,Luis Morales,Chief Financial Officer (CFO),C_SUITE,FINANCE,lmorales@energiadelpacifico.mx,VERIFIED,85,+527399637267,2026-09-06T14:31:01.509294+00:00
"Energy, Oil, Gas & Mining",ENERGIA DEL PACIFICO S.A.B. DE C.V.,energiadelpacifico.mx,Luis Hernández,Chief Operating Officer (COO),C_SUITE,OPERATIONS,lhernández@energiadelpacifico.mx,VERIFIED,85,+524584638654,2026-09-06T14:31:01.509294+00:00
"Energy, Oil, Gas & Mining",ENERGIA DEL NORTE S.A.P.I. DE C.V.,energiadelnorte65.com.mx,Daniel Salinas,Chief Executive Officer (CEO),C_SUITE,EXECUTIVE,dsalinas@energiadelnorte65.com.mx,VERIFIED,85,+529383467276,2026-09-06T14:31:01.509294+00:00
"Energy, Oil, Gas & Mining",ENERGIA DEL PACIFICO 58 S.C.,energiadelpacifico.com,Luis Navarro,Chief Revenue Officer (CRO),C_SUITE,SALES_MARKETING,lnavarro@energiadelpacifico.com,VERIFIED,85,+524682256365,2026-09-06T14:31:01.509294+00:00
"Energy, Oil, Gas & Mining",ENERGIA DE OCCIDENTE S.A.S.,energiadeoccidente.mx,Adriana González,Chief Revenue Officer (CRO),C_SUITE,SALES_MARKETING,agonzález@energiadeoccidente.mx,VERIFIED,85,+528320827748,2026-09-06T14:31:01.509294+00:00
"Energy, Oil, Gas & Mining",ENERGIA DE OCCIDENTE S.A.S.,energiadeoccidente.mx,Mariana González,Chief Financial Officer (CFO),C_SUITE,FINANCE,mgonzález@energiadeoccidente.mx,VERIFIED,85,+527051026530,2026-09-06T14:31:01.509294+00:00
"Energy, Oil, Gas & Mining",ENERGIA DE OCCIDENTE S.A.S.,energiadeoccidente.mx,David Garza,Founder,FOUNDER,EXECUTIVE,dgarza@energiadeoccidente.mx,VERIFIED,85,+529146568749,2026-09-06T14:31:01.509294+00:00
"Energy, Oil, Gas & Mining",ENERGIA DE LAS AMERICAS S.A.S.,energiadelasameric.com.mx,Guillermo Benítez,Chief Human Resources Officer (CHRO),C_SUITE,HR_PEOPLE,gbenítez@energiadelasameric.com.mx,VERIFIED,85,+526352652944,2026-09-06T14:31:01.509294+00:00
"Energy, Oil, Gas & Mining",ENERGIA DE OCCIDENTE S.A.P.I. DE C.V.,energiadeoccidente.com,Miguel Vega,Chief Operating Officer (COO),C_SUITE,OPERATIONS,mvega@energiadeoccidente.com,VERIFIED,85,+525774333347,2026-09-06T14:31:01.509294+00:00
"Energy, Oil, Gas & Mining",ENERGIA DE OCCIDENTE S.A.P.I. DE C.V.,energiadeoccidente.com,Fernando Navarro,Founder,FOUNDER,EXECUTIVE,fnavarro@energiadeoccidente.com,VERIFIED,85,+525974538625,2026-09-06T14:31:01.509294+00:00
"Energy, Oil, Gas & Mining",ENERGIA DE OCCIDENTE S.A.P.I. DE C.V.,energiadeoccidente.com,Mariana Hernández,Founder,FOUNDER,EXECUTIVE,mhernández@energiadeoccidente.com,VERIFIED,85,+527848342146,2026-09-06T14:31:01.509294+00:00
"Energy, Oil, Gas & Mining",ENERGIA DE LAS AMERICAS S.A.B. DE C.V.,energiadelasameric.com,Carlos Navarro,Chief Operating Officer (COO),C_SUITE,OPERATIONS,cnavarro@energiadelasameric.com,VERIFIED,85,+525618766512,2026-09-06T14:31:01.509294+00:00
"Energy, Oil, Gas & Mining",ENERGIA AVANZADA S.C.,energiaavanzada.mx,Fernando Garza,Chief Executive Officer (CEO),C_SUITE,EXECUTIVE,fgarza@energiaavanzada.mx,VERIFIED,85,+528111015262,2026-09-06T14:31:01.509294+00:00
"Energy, Oil, Gas & Mining",ENERGIA AVANZADA S.C.,energiaavanzada.mx,Javier García,Chief Technology Officer (CTO),C_SUITE,ENGINEERING_IT,jgarcía@energiaavanzada.com.mx,VERIFIED,85,+528167014073,2026-09-06T14:31:01.509294+00:00
"Energy, Oil, Gas & Mining",ENERGIA AVANZADA S.C.,energiaavanzada.mx,Adriana Mendoza,Chief Operating Officer (COO),C_SUITE,OPERATIONS,amendoza@energiaavanzada.mx,VERIFIED,85,+528198922112,2026-09-06T14:31:01.509294+00:00
"Energy, Oil, Gas & Mining",ENERGIA AVANZADA S.A.S.,energiaavanzada.com.mx,Rodrigo Benítez,Chief Revenue Officer (CRO),C_SUITE,SALES_MARKETING,rbenítez@energiaavanzada.com.mx,VERIFIED,85,+528160606435,2026-09-06T14:31:01.509294+00:00
"Energy, Oil, Gas & Mining",ENERGIA AVANZADA S.A.B. DE C.V.,energiaavanzada59.mx,Fernando Ruiz,Chief Operating Officer (COO),C_SUITE,OPERATIONS,fruiz@energiaavanzada59.mx,VERIFIED,85,+528148264552,2026-09-06T14:31:01.509294+00:00
"Energy, Oil, Gas & Mining",ENERGIA AVANZADA 78 S.A.B. DE C.V.,energiaavanzada9.com,Andrea Vega,Chief Financial Officer (CFO),C_SUITE,FINANCE,avega@energiaavanzada9.com,VERIFIED,85,+528186307836,2026-09-06T14:31:01.509294+00:00
"Energy, Oil, Gas & Mining",ENERGIA AVANZADA S.A.B. DE C.V.,energiaavanzada.com,David Dominguez,Chief Financial Officer (CFO),C_SUITE,FINANCE,ddominguez@energiaavanzada.com,VERIFIED,85,+528162545434,2026-09-06T14:31:01.509294+00:00
"Energy, Oil, Gas & Mining",ENERGIA DINAMICA S.C.,energiadinamica.com,Mariana Alarcón,Founder,FOUNDER,EXECUTIVE,malarcón@energiadinamica.com,VERIFIED,85,+528563082878,2026-09-06T14:31:01.509294+00:00
"Energy, Oil, Gas & Mining",ENERGIA EMPRESARIAL 54 S.A.S.,energiaempresarial.mx,Andrea Martínez,Founder,FOUNDER,EXECUTIVE,amartínez@energiaempresarial.mx,VERIFIED,85,+525194196778,2026-09-06T14:31:01.527102+00:00
"Energy, Oil, Gas & Mining",ENERGIA EMPRESARIAL S.A.B. DE C.V.,energiaempresarial.com.mx,Roberto Salinas,Chief Financial Officer (CFO),C_SUITE,FINANCE,rsalinas@energiaempresarial.com.mx,VERIFIED,85,+525791495270,2026-09-06T14:31:01.527102+00:00
"Energy, Oil, Gas & Mining",ENERGIA EMPRESARIAL S.A.B. DE C.V.,energiaempresarial.com.mx,Claudia Morales,Founder,FOUNDER,EXECUTIVE,cmorales@energiaempresarial.com.mx,VERIFIED,85,+525362287602,2026-09-06T14:31:01.527102+00:00
"Energy, Oil, Gas & Mining",ENERGIA EMPRESARIAL S.A.B. DE C.V.,energiaempresarial.com.mx,Patricia Dominguez,Chief Revenue Officer (CRO),C_SUITE,SALES_MARKETING,pdominguez@energiaempresarial.com.mx,VERIFIED,85,+529729285545,2026-09-06T14:31:01.527102+00:00
"Energy, Oil, Gas & Mining",ENERGIA NACIONAL S.A.S.,energianacional16.mx,Sofia Morales,Chief Operating Officer (COO),C_SUITE,OPERATIONS,smorales@energianacional16.mx,VERIFIED,85,+528159531874,2026-09-06T14:31:01.532586+00:00
"Energy, Oil, Gas & Mining",ENERGIA NACIONAL S. DE R.L. DE C.V.,energianacional.mx,Luis Martínez,Chief Financial Officer (CFO),C_SUITE,FINANCE,lmartínez@energianacional.mx,VERIFIED,85,+527344551120,2026-09-06T14:31:01.532586+00:00
"Energy, Oil, Gas & Mining",ENERGIA NACIONAL S.C.,energianacional.com,Gabriel Ruiz,Chief Revenue Officer (CRO),C_SUITE,SALES_MARKETING,gruiz@energianacional.com,VERIFIED,85,+529567003051,2026-09-06T14:31:01.532586+00:00
"Energy, Oil, Gas & Mining",ENERGIA NACIONAL S.A.P.I. DE C.V.,energianacional67.com,Carlos Dominguez,Chief Executive Officer (CEO),C_SUITE,EXECUTIVE,cdominguez@energianacional67.com,VERIFIED,85,+528199929599,2026-09-06T14:31:01.532586+00:00
"Energy, Oil, Gas & Mining",ENERGIA NACIONAL 80 S.C.,energianacional39.com,Fernando Dominguez,Chief Technology Officer (CTO),C_SUITE,ENGINEERING_IT,fdominguez@energianacional39.com,VERIFIED,85,+524957928362,2026-09-06T14:31:01.532586+00:00
"Energy, Oil, Gas & Mining",ENERGIA LATINOAMERICANA 2 S.A. DE C.V.,energialatinoameri.mx,Roberto Morales,Founder,FOUNDER,EXECUTIVE,rmorales@energialatinoameri.mx,VERIFIED,85,+528167936770,2026-09-06T14:31:01.532586+00:00
"Energy, Oil, Gas & Mining",ENERGIA LATINOAMERICANA 2 S.A. DE C.V.,energialatinoameri.mx,Carlos García,Chief Revenue Officer (CRO),C_SUITE,SALES_MARKETING,cgarcía@energialatinoameri.mx,VERIFIED,85,+528197630541,2026-09-06T14:31:01.532586+00:00
"Energy, Oil, Gas & Mining",ENERGIA LATINOAMERICANA 2 S.A. DE C.V.,energialatinoameri.mx,Hector Garza,Chief Technology Officer (CTO),C_SUITE,ENGINEERING_IT,hgarza@energialatinoameri.mx,VERIFIED,85,+528162624167,2026-09-06T14:31:01.532586+00:00
"Energy, Oil, Gas & Mining",ENERGIA LATINOAMERICANA S. DE R.L. DE C.V.,energialatinoameri.com,Andrea Navarro,Chief Executive Officer (CEO),C_SUITE,EXECUTIVE,anavarro@energialatinoameri.com,VERIFIED,85,+528165765957,2026-09-06T14:31:01.532586+00:00
"Energy, Oil, Gas & Mining",ENERGIA MODERNA S.C.,energiamoderna.mx,Eduardo Mendoza,Chief Revenue Officer (CRO),C_SUITE,SALES_MARKETING,emendoza@energiamoderna.mx,VERIFIED,85,+527981893367,2026-09-06T14:31:01.532586+00:00
"Energy, Oil, Gas & Mining",ENERGIA MODERNA S.C.,energiamoderna.mx,Gabriel Vega,Chief Operating Officer (COO),C_SUITE,OPERATIONS,gvega@energiamoderna97.com.mx,VERIFIED,85,+524769496702,2026-09-06T14:31:01.532586+00:00
"Energy, Oil, Gas & Mining",ENERGIA MODERNA S.C.,energiamoderna.mx,Alejandro Mendoza,Chief Human Resources Officer (CHRO),C_SUITE,HR_PEOPLE,amendoza@energiamoderna.mx,VERIFIED,85,+524854691651,2026-09-06T14:31:01.532586+00:00
"Energy, Oil, Gas & Mining",ENERGIA MODERNA S.A.B. DE C.V.,energiamoderna98.com,Carlos Benítez,Chief Technology Officer (CTO),C_SUITE,ENGINEERING_IT,cbenítez@energiamoderna98.com,VERIFIED,85,+524810821807,2026-09-06T14:31:01.532586+00:00
"Energy, Oil, Gas & Mining",ENERGIA MODERNA S.C.,energiamoderna95.mx,Javier Treviño,Chief Executive Officer (CEO),C_SUITE,EXECUTIVE,jtreviño@energiamoderna95.mx,VERIFIED,85,+524582640844,2026-09-06T14:31:01.532586+00:00
"Energy, Oil, Gas & Mining",ENERGIA ESPECIALIZADA S.C.,energiaespecializa.com,Rodrigo Valenzuela,Chief Operating Officer (COO),C_SUITE,OPERATIONS,rvalenzuela@energiaespecializa.com,VERIFIED,85,+525952671435,2026-09-06T14:31:01.534594+00:00
"Energy, Oil, Gas & Mining",ENERGIA ESPECIALIZADA S.A.B. DE C.V.,energiaespecializa.mx,Roberto Alarcón,Chief Revenue Officer (CRO),C_SUITE,SALES_MARKETING,ralarcón@energiaespecializa.mx,VERIFIED,85,+526890660992,2026-09-06T14:31:01.534594+00:00
"Energy, Oil, Gas & Mining",ENERGIA ESPECIALIZADA S.A.B. DE C.V.,energiaespecializa.mx,Alejandro Mendoza,Founder,FOUNDER,EXECUTIVE,amendoza@energiaespecializa.com.mx,VERIFIED,85,+525087026185,2026-09-06T14:31:01.534594+00:00
"Energy, Oil, Gas & Mining",ENERGIA ESPECIALIZADA S.A.B. DE C.V.,energiaespecializa.mx,Eduardo Alarcón,Founder,FOUNDER,EXECUTIVE,ealarcón@energiaespecializa.mx,VERIFIED,85,+526161948016,2026-09-06T14:31:01.534594+00:00
"Energy, Oil, Gas & Mining",ENERGIA LATINOAMERICANA 64 S.A.B. DE C.V.,energialatinoameri.com.mx,Andrea Ruiz,Founder,FOUNDER,EXECUTIVE,aruiz@energialatinoameri.com.mx,VERIFIED,85,+528125593235,2026-09-06T14:31:01.536600+00:00
"Energy, Oil, Gas & Mining",ENERGIA LATINOAMERICANA S.A.P.I. DE C.V.,energialatinoameri.com,Hector Morales,Chief Revenue Officer (CRO),C_SUITE,SALES_MARKETING,hmorales@energialatinoameri.com,VERIFIED,85,+529331423785,2026-09-06T14:31:01.536600+00:00
"Energy, Oil, Gas & Mining",ENERGIA LATINOAMERICANA S.A.P.I. DE C.V.,energialatinoameri.com,Fernando Navarro,Chief Technology Officer (CTO),C_SUITE,ENGINEERING_IT,fnavarro@energialatinoameri.com,VERIFIED,85,+528470732010,2026-09-06T14:31:01.536600+00:00
"Energy, Oil, Gas & Mining",ENERGIA MODERNA S.A.S.,energiamoderna.mx,Patricia Alarcón,Chief Executive Officer (CEO),C_SUITE,EXECUTIVE,palarcón@energiamoderna.mx,VERIFIED,85,+529471601184,2026-09-06T14:31:01.542655+00:00
"Energy, Oil, Gas & Mining",ENERGIA MODERNA S.A.S.,energiamoderna.mx,Claudia Ruiz,Chief Human Resources Officer (CHRO),C_SUITE,HR_PEOPLE,cruiz@energiamoderna.mx,VERIFIED,85,+528058021651,2026-09-06T14:31:01.542655+00:00
"Energy, Oil, Gas & Mining",ENERGIA MODERNA S.A.B. DE C.V.,energiamoderna28.com,Mariana Castro,Chief Human Resources Officer (CHRO),C_SUITE,HR_PEOPLE,mcastro@energiamoderna28.com,VERIFIED,85,+527924516483,2026-09-06T14:31:01.542655+00:00
"Energy, Oil, Gas & Mining",ENERGIA MODERNA 29 S.A.B. DE C.V.,energiamoderna.com,Fernando Alarcón,Chief Revenue Officer (CRO),C_SUITE,SALES_MARKETING,falarcón@energiamoderna.com,VERIFIED,85,+527317614984,2026-09-06T14:31:01.542655+00:00
"Energy, Oil, Gas & Mining",ENERGIA MODERNA S.A.B. DE C.V.,energiamoderna65.com,Guillermo González,Chief Human Resources Officer (CHRO),C_SUITE,HR_PEOPLE,ggonzález@energiamoderna65.com,VERIFIED,85,+528696136622,2026-09-06T14:31:01.542655+00:00
"Energy, Oil, Gas & Mining",ENERGIA AVANZADA S. DE R.L. DE C.V.,energiaavanzada.com,Mariana Dominguez,Chief Human Resources Officer (CHRO),C_SUITE,HR_PEOPLE,mdominguez@energiaavanzada.com,VERIFIED,85,+526395097915,2026-09-06T14:31:01.544589+00:00
"Energy, Oil, Gas & Mining",ENERGIA AVANZADA S.A.B. DE C.V.,energiaavanzada.mx,Mariana Castro,Chief Technology Officer (CTO),C_SUITE,ENGINEERING_IT,mcastro@energiaavanzada.mx,VERIFIED,85,+529895576665,2026-09-06T14:31:01.544589+00:00
"Energy, Oil, Gas & Mining",ENERGIA MODERNA S.A.P.I. DE C.V.,energiamoderna.com.mx,Miguel Alarcón,Chief Human Resources Officer (CHRO),C_SUITE,HR_PEOPLE,malarcón@energiamoderna.com.mx,VERIFIED,85,+528863446190,2026-09-06T14:31:01.544589+00:00
"Energy, Oil, Gas & Mining",ENERGIA MODERNA S.A.P.I. DE C.V.,energiamoderna.com.mx,Andrea Castro,Chief Revenue Officer (CRO),C_SUITE,SALES_MARKETING,acastro@energiamoderna.mx,VERIFIED,85,+525514465952,2026-09-06T14:31:01.544589+00:00
"Energy, Oil, Gas & Mining",ENERGIA MODERNA S.A.P.I. DE C.V.,energiamoderna.com.mx,Javier García,Chief Executive Officer (CEO),C_SUITE,EXECUTIVE,jgarcía@energiamoderna61.com,VERIFIED,85,+524969971891,2026-09-06T14:31:01.544589+00:00
"Energy, Oil, Gas & Mining",ENERGIA MODERNA S. DE R.L. DE C.V.,energiamoderna29.mx,Gabriel Villaseñor,Chief Human Resources Officer (CHRO),C_SUITE,HR_PEOPLE,gvillaseñor@energiamoderna29.mx,VERIFIED,85,+528694030412,2026-09-06T14:31:01.544589+00:00
"Energy, Oil, Gas & Mining",ENERGIA MODERNA S.A.P.I. DE C.V.,energiamoderna.mx,Mariana Valenzuela,Chief Executive Officer (CEO),C_SUITE,EXECUTIVE,mvalenzuela@energiamoderna.mx,VERIFIED,85,+529132494988,2026-09-06T14:31:01.544589+00:00
"Energy, Oil, Gas & Mining",ENERGIA MODERNA S.A.P.I. DE C.V.,energiamoderna.mx,Andrea Dominguez,Chief Technology Officer (CTO),C_SUITE,ENGINEERING_IT,adominguez@energiamoderna.mx,VERIFIED,85,+525289115829,2026-09-06T14:31:01.544589+00:00
"Energy, Oil, Gas & Mining",ENERGIA LATINOAMERICANA S. DE R.L. DE C.V.,energialatinoameri.com,Hector Hernández,Chief Operating Officer (COO),C_SUITE,OPERATIONS,hhernández@energialatinoameri.com,VERIFIED,85,+529393961085,2026-09-06T14:31:01.544589+00:00
"Energy, Oil, Gas & Mining",ENERGIA LATINOAMERICANA S. DE R.L. DE C.V.,energialatinoameri.com,Jorge Morales,Chief Financial Officer (CFO),C_SUITE,FINANCE,jmorales@energialatinoameri.com,VERIFIED,85,+528639789712,2026-09-06T14:31:01.544589+00:00
"Energy, Oil, Gas & Mining",ENERGIA LATINOAMERICANA S. DE R.L. DE C.V.,energialatinoameri.com,Roberto Dominguez,Chief Revenue Officer (CRO),C_SUITE,SALES_MARKETING,rdominguez@energialatinoameri.com,VERIFIED,85,+525482457031,2026-09-06T14:31:01.544589+00:00
"Energy, Oil, Gas & Mining",ENERGIA LATINOAMERICANA S. DE R.L. DE C.V.,energialatinoameri.com,Andrea Vega,Chief Human Resources Officer (CHRO),C_SUITE,HR_PEOPLE,avega@energialatinoameri.com,VERIFIED,85,+528895396897,2026-09-06T14:31:01.544589+00:00
"Energy, Oil, Gas & Mining",ENERGIA LATINOAMERICANA S.A. DE C.V.,energialatinoameri.mx,Claudia González,Chief Revenue Officer (CRO),C_SUITE,SALES_MARKETING,cgonzález@energialatinoameri.mx,VERIFIED,85,+529015350787,2026-09-06T14:31:01.544589+00:00
"Energy, Oil, Gas & Mining",ENERGIA LATINOAMERICANA S.A.S.,energialatinoameri.com.mx,David Treviño,Chief Executive Officer (CEO),C_SUITE,EXECUTIVE,dtreviño@energialatinoameri.com.mx,VERIFIED,85,+527374211339,2026-09-06T14:31:01.544589+00:00
"Energy, Oil, Gas & Mining",ENERGIA INTERNACIONAL S.A.S.,energiainternacion.mx,Eduardo Garza,Founder,FOUNDER,EXECUTIVE,egarza@energiainternacion.mx,VERIFIED,85,+525377567477,2026-09-06T14:31:01.544589+00:00
"Energy, Oil, Gas & Mining",ENERGIA INTERNACIONAL S.A.S.,energiainternacion.mx,Eduardo Dominguez,Chief Executive Officer (CEO),C_SUITE,EXECUTIVE,edominguez@energiainternacion.mx,VERIFIED,85,+528828629222,2026-09-06T14:31:01.544589+00:00
"Energy, Oil, Gas & Mining",ENERGIA INTERNACIONAL S.A.S.,energiainternacion.mx,Daniel Salinas,Chief Executive Officer (CEO),C_SUITE,EXECUTIVE,dsalinas@energiainternacion.mx,VERIFIED,85,+525875256209,2026-09-06T14:31:01.544589+00:00
"Energy, Oil, Gas & Mining",ENERGIA INTERNACIONAL S.A.S.,energiainternacion.mx,Fernando Martínez,Chief Executive Officer (CEO),C_SUITE,EXECUTIVE,fmartínez@energiainternacion.mx,VERIFIED,85,+525586294789,2026-09-06T14:31:01.544589+00:00
"Energy, Oil, Gas & Mining",ENERGIA INTERNACIONAL S.C.,energiainternacion.mx,Jorge López,Founder,FOUNDER,EXECUTIVE,jlópez@energiainternacion.mx,VERIFIED,85,+526032109250,2026-09-06T14:31:01.544589+00:00
"Energy, Oil, Gas & Mining",ENERGIA INTERNACIONAL S.C.,energiainternacion.mx,Adriana López,Chief Executive Officer (CEO),C_SUITE,EXECUTIVE,alópez@energiainternacion.mx,VERIFIED,85,+525735689512,2026-09-06T14:31:01.544589+00:00
"Energy, Oil, Gas & Mining",ENERGIA INTERNACIONAL S.C.,energiainternacion.mx,Hector Salinas,Chief Operating Officer (COO),C_SUITE,OPERATIONS,hsalinas@energiainternacion.mx,VERIFIED,85,+525417826249,2026-09-06T14:31:01.544589+00:00
"Energy, Oil, Gas & Mining",ENERGIA INTERNACIONAL S.C.,energiainternacion.mx,Claudia Dominguez,Founder,FOUNDER,EXECUTIVE,cdominguez@energiainternacion.mx,VERIFIED,85,+526116775441,2026-09-06T14:31:01.544589+00:00
"Energy, Oil, Gas & Mining",ENERGIA INTERNACIONAL S.C.,energiainternacion.mx,Adriana González,Chief Executive Officer (CEO),C_SUITE,EXECUTIVE,agonzález@energiainternacion.mx,VERIFIED,85,+526739024658,2026-09-06T14:31:01.544589+00:00
"Energy, Oil, Gas & Mining",ENERGIA INTERNACIONAL S.A.B. DE C.V.,energiainternacion.com,David Navarro,Chief Executive Officer (CEO),C_SUITE,EXECUTIVE,dnavarro@energiainternacion.com,VERIFIED,85,+528115059852,2026-09-06T14:31:01.544589+00:00
"Energy, Oil, Gas & Mining",ENERGIA INTERNACIONAL S.A.B. DE C.V.,energiainternacion.com,David Alarcón,Chief Human Resources Officer (CHRO),C_SUITE,HR_PEOPLE,dalarcón@energiainternacion.com,VERIFIED,85,+524513056887,2026-09-06T14:31:01.544589+00:00
"Energy, Oil, Gas & Mining",ENERGIA INTEGRAL 82 S.A.B. DE C.V.,energiaintegral.com.mx,Eduardo Navarro,Chief Financial Officer (CFO),C_SUITE,FINANCE,enavarro@energiaintegral.com.mx,VERIFIED,85,+528180177371,2026-09-06T14:31:01.544589+00:00
"Energy, Oil, Gas & Mining",ENERGIA DEL BAJIO S.A.S.,energiadelbajio89.mx,Patricia González,Chief Executive Officer (CEO),C_SUITE,EXECUTIVE,pgonzález@energiadelbajio89.mx,VERIFIED,85,+524291151707,2026-09-06T14:31:01.544589+00:00
"Energy, Oil, Gas & Mining",ENERGIA DEL BAJIO S. DE R.L. DE C.V.,energiadelbajio.com,Mariana Hernández,Chief Operating Officer (COO),C_SUITE,OPERATIONS,mhernández@energiadelbajio.com,VERIFIED,85,+525046708750,2026-09-06T14:31:01.544589+00:00
"Energy, Oil, Gas & Mining",ENERGIA DEL BAJIO S. DE R.L. DE C.V.,energiadelbajio.com,Luis González,Chief Executive Officer (CEO),C_SUITE,EXECUTIVE,lgonzález@energiadelbajio.com.mx,VERIFIED,85,+527618055893,2026-09-06T14:31:01.544589+00:00
"Energy, Oil, Gas & Mining",ENERGIA DEL BAJIO S. DE R.L. DE C.V.,energiadelbajio.com,Jorge Benítez,Chief Financial Officer (CFO),C_SUITE,FINANCE,jbenítez@energiadelbajio.com,VERIFIED,85,+524167043750,2026-09-06T14:31:01.544589+00:00
"Energy, Oil, Gas & Mining",ENERGIA DEL CENTRO S.A.P.I. DE C.V.,energiadelcentro.mx,Adriana Ruiz,Chief Operating Officer (COO),C_SUITE,OPERATIONS,aruiz@energiadelcentro.mx,VERIFIED,85,+527022630313,2026-09-06T14:31:01.544589+00:00
"Energy, Oil, Gas & Mining",ENERGIA DEL CENTRO S.A.P.I. DE C.V.,energiadelcentro.mx,Javier Castro,Chief Executive Officer (CEO),C_SUITE,EXECUTIVE,jcastro@energiadelcentro.mx,VERIFIED,85,+526581756172,2026-09-06T14:31:01.544589+00:00
"Energy, Oil, Gas & Mining",ENERGIA DEL CENTRO S.A.P.I. DE C.V.,energiadelcentro.mx,Mariana Alarcón,Chief Revenue Officer (CRO),C_SUITE,SALES_MARKETING,malarcón@energiadelcentro12.com,VERIFIED,85,+524842503835,2026-09-06T14:31:01.544589+00:00
"Energy, Oil, Gas & Mining",ENERGIA DEL NORTE S.C.,energiadelnorte.com,Rodrigo Villaseñor,Chief Executive Officer (CEO),C_SUITE,EXECUTIVE,rvillaseñor@energiadelnorte.com,VERIFIED,85,+524929683087,2026-09-06T14:31:01.544589+00:00
"Energy, Oil, Gas & Mining",ENERGIA DEL NORTE S.C.,energiadelnorte.com,Roberto Castro,Chief Executive Officer (CEO),C_SUITE,EXECUTIVE,rcastro@energiadelnorte.com.mx,VERIFIED,85,+526574698069,2026-09-06T14:31:01.544589+00:00
"Energy, Oil, Gas & Mining",ENERGIA DEL NORTE 98 S.A.B. DE C.V.,energiadelnorte4.com.mx,Adriana Salinas,Chief Revenue Officer (CRO),C_SUITE,SALES_MARKETING,asalinas@energiadelnorte4.com.mx,VERIFIED,85,+526771991501,2026-09-06T14:31:01.544589+00:00
"Energy, Oil, Gas & Mining",ENERGIA DEL PACIFICO S.A.P.I. DE C.V.,energiadelpacifico.com,David Vega,Chief Financial Officer (CFO),C_SUITE,FINANCE,dvega@energiadelpacifico.com,VERIFIED,85,+529656485295,2026-09-06T14:31:01.544589+00:00
"Energy, Oil, Gas & Mining",ENERGIA DEL PACIFICO S.A.P.I. DE C.V.,energiadelpacifico.com,Patricia Salinas,Chief Revenue Officer (CRO),C_SUITE,SALES_MARKETING,psalinas@energiadelpacifico.com,VERIFIED,85,+529082652232,2026-09-06T14:31:01.544589+00:00
"Energy, Oil, Gas & Mining",ENERGIA DEL PACIFICO S. DE R.L. DE C.V.,energiadelpacifico.mx,David Valenzuela,Chief Revenue Officer (CRO),C_SUITE,SALES_MARKETING,dvalenzuela@energiadelpacifico.mx,VERIFIED,85,+526938368415,2026-09-06T14:31:01.544589+00:00
"Energy, Oil, Gas & Mining",ENERGIA DEL CENTRO 70 S.A.P.I. DE C.V.,energiadelcentro80.com.mx,Sofia Ruiz,Founder,FOUNDER,EXECUTIVE,sruiz@energiadelcentro80.com.mx,VERIFIED,85,+527148334213,2026-09-06T14:31:01.544589+00:00
"Energy, Oil, Gas & Mining",ENERGIA DEL BAJIO 69 S.A.S.,energiadelbajio30.mx,Jorge López,Chief Technology Officer (CTO),C_SUITE,ENGINEERING_IT,jlópez@energiadelbajio30.mx,VERIFIED,85,+525082572163,2026-09-06T14:31:01.544589+00:00
"Energy, Oil, Gas & Mining",ENERGIA DEL BAJIO S.A.P.I. DE C.V.,energiadelbajio42.com,Andrea López,Chief Financial Officer (CFO),C_SUITE,FINANCE,alópez@energiadelbajio42.com,VERIFIED,85,+525872052100,2026-09-06T14:31:01.544589+00:00
"Energy, Oil, Gas & Mining",ENERGIA INDUSTRIAL S.A. DE C.V.,energiaindustrial.mx,Jorge Hernández,Chief Technology Officer (CTO),C_SUITE,ENGINEERING_IT,jhernández@energiaindustrial.mx,VERIFIED,85,+528153395463,2026-09-06T14:31:01.562120+00:00
"Energy, Oil, Gas & Mining",ENERGIA INDUSTRIAL S.A. DE C.V.,energiaindustrial.mx,Javier Castro,Founder,FOUNDER,EXECUTIVE,jcastro@energiaindustrial.mx,VERIFIED,85,+528162230746,2026-09-06T14:31:01.562120+00:00
"Energy, Oil, Gas & Mining",ENERGIA INDUSTRIAL S.A. DE C.V.,energiaindustrial.mx,Sofia López,Chief Revenue Officer (CRO),C_SUITE,SALES_MARKETING,slópez@energiaindustrial.mx,VERIFIED,85,+528165145561,2026-09-06T14:31:01.562120+00:00
"Energy, Oil, Gas & Mining",ENERGIA INDUSTRIAL S.C.,energiaindustrial.com.mx,Hector Villaseñor,Founder,FOUNDER,EXECUTIVE,hvillaseñor@energiaindustrial.com.mx,VERIFIED,85,+528186355665,2026-09-06T14:31:01.562120+00:00
"Energy, Oil, Gas & Mining",ENERGIA GLOBAL 14 S.A.B. DE C.V.,energiaglobal61.mx,Claudia Treviño,Chief Human Resources Officer (CHRO),C_SUITE,HR_PEOPLE,ctreviño@energiaglobal61.mx,VERIFIED,85,+526214899845,2026-09-06T14:31:01.562120+00:00
"Energy, Oil, Gas & Mining",ENERGIA GLOBAL S. DE R.L. DE C.V.,energiaglobal.com.mx,Patricia González,Chief Executive Officer (CEO),C_SUITE,EXECUTIVE,pgonzález@energiaglobal.com.mx,VERIFIED,85,+525413100013,2026-09-06T14:31:01.562120+00:00
"Energy, Oil, Gas & Mining",ENERGIA GLOBAL S. DE R.L. DE C.V.,energiaglobal.com.mx,Jorge Castro,Chief Executive Officer (CEO),C_SUITE,EXECUTIVE,jcastro@energiaglobal.com.mx,VERIFIED,85,+526950363427,2026-09-06T14:31:01.562120+00:00
"Energy, Oil, Gas & Mining",ENERGIA GLOBAL S.A.B. DE C.V.,energiaglobal68.com,Alejandro Valenzuela,Chief Technology Officer (CTO),C_SUITE,ENGINEERING_IT,avalenzuela@energiaglobal68.com,VERIFIED,85,+529847183255,2026-09-06T14:31:01.562120+00:00
"Energy, Oil, Gas & Mining",ENERGIA GLOBAL 48 S.A.B. DE C.V.,energiaglobal.com,Andrea Alarcón,Chief Human Resources Officer (CHRO),C_SUITE,HR_PEOPLE,aalarcón@energiaglobal.com,VERIFIED,85,+528154930939,2026-09-06T14:31:01.562120+00:00
"Energy, Oil, Gas & Mining",ENERGIA NACIONAL S.A.B. DE C.V.,energianacional65.mx,Eduardo Navarro,Chief Financial Officer (CFO),C_SUITE,FINANCE,enavarro@energianacional65.mx,VERIFIED,85,+523329152388,2026-09-06T14:31:01.562120+00:00
"Energy, Oil, Gas & Mining",ENERGIA NACIONAL S.A.S.,energianacional.com,Javier Salinas,Chief Financial Officer (CFO),C_SUITE,FINANCE,jsalinas@energianacional.com,VERIFIED,85,+523367594212,2026-09-06T14:31:01.562120+00:00
"Energy, Oil, Gas & Mining",ENERGIA NACIONAL S.C.,energianacional15.com.mx,Guillermo López,Chief Executive Officer (CEO),C_SUITE,EXECUTIVE,glópez@energianacional15.com.mx,VERIFIED,85,+523384135120,2026-09-06T14:31:01.562120+00:00
"Energy, Oil, Gas & Mining",ENERGIA CENTRAL S.C.,energiacentral.com.mx,Javier Dominguez,Founder,FOUNDER,EXECUTIVE,jdominguez@energiacentral.com.mx,VERIFIED,85,+526342508261,2026-09-06T14:31:01.562120+00:00
"Energy, Oil, Gas & Mining",ENERGIA CENTRAL S.C.,energiacentral.com.mx,Gabriel Ruiz,Chief Executive Officer (CEO),C_SUITE,EXECUTIVE,gruiz@energiacentral.com,VERIFIED,85,+526397162515,2026-09-06T14:31:01.562120+00:00
"Energy, Oil, Gas & Mining",ENERGIA CENTRAL S.C.,energiacentral.com.mx,Daniel Morales,Founder,FOUNDER,EXECUTIVE,dmorales@energiacentral.com.mx,VERIFIED,85,+524025491672,2026-09-06T14:31:01.562120+00:00
"Energy, Oil, Gas & Mining",ENERGIA CENTRAL S.A.S.,energiacentral75.com,Fernando González,Chief Financial Officer (CFO),C_SUITE,FINANCE,fgonzález@energiacentral75.com,VERIFIED,85,+526195848833,2026-09-06T14:31:01.562120+00:00
"Energy, Oil, Gas & Mining",ENERGIA CENTRAL S.A. DE C.V.,energiacentral6.com,Daniel Benítez,Chief Executive Officer (CEO),C_SUITE,EXECUTIVE,dbenítez@energiacentral6.com,VERIFIED,85,+524984356158,2026-09-06T14:31:01.562120+00:00
"Energy, Oil, Gas & Mining",ENERGIA CENTRAL S.A.P.I. DE C.V.,energiacentral81.mx,Luis Ruiz,Founder,FOUNDER,EXECUTIVE,lruiz@energiacentral81.mx,VERIFIED,85,+526919973626,2026-09-06T14:31:01.562120+00:00
"Energy, Oil, Gas & Mining",ENERGIA INTERNACIONAL S.A.S.,energiainternacion.mx,Javier Dominguez,Chief Technology Officer (CTO),C_SUITE,ENGINEERING_IT,jdominguez@energiainternacion.mx,VERIFIED,85,+528255876606,2026-09-06T14:31:01.572056+00:00
"Energy, Oil, Gas & Mining",ENERGIA INTERNACIONAL S.A. DE C.V.,energiainternacion.com.mx,Roberto Villaseñor,Chief Technology Officer (CTO),C_SUITE,ENGINEERING_IT,rvillaseñor@energiainternacion.com.mx,VERIFIED,85,+529150918111,2026-09-06T14:31:01.572056+00:00
"Energy, Oil, Gas & Mining",ENERGIA INTERNACIONAL S.A. DE C.V.,energiainternacion.com,Patricia Benítez,Chief Operating Officer (COO),C_SUITE,OPERATIONS,pbenítez@energiainternacion.com,VERIFIED,85,+524539873742,2026-09-06T14:31:01.572056+00:00
"Energy, Oil, Gas & Mining",ENERGIA DINAMICA S.A.B. DE C.V.,energiadinamica.com.mx,Fernando Vega,Chief Technology Officer (CTO),C_SUITE,ENGINEERING_IT,fvega@energiadinamica.com.mx,VERIFIED,85,+527324866939,2026-09-06T14:31:01.575385+00:00
"Energy, Oil, Gas & Mining",ENERGIA DINAMICA S.A. DE C.V.,energiadinamica.mx,Guillermo González,Founder,FOUNDER,EXECUTIVE,ggonzález@energiadinamica.mx,VERIFIED,85,+526038116709,2026-09-06T14:31:01.575385+00:00
"Energy, Oil, Gas & Mining",ENERGIA DINAMICA S.A. DE C.V.,energiadinamica.mx,Daniel Treviño,Founder,FOUNDER,EXECUTIVE,dtreviño@energiadinamica.mx,VERIFIED,85,+528182327405,2026-09-06T14:31:01.575385+00:00
"Energy, Oil, Gas & Mining",ENERGIA DINAMICA S.A.B. DE C.V.,energiadinamica.com,Luis Alarcón,Chief Executive Officer (CEO),C_SUITE,EXECUTIVE,lalarcón@energiadinamica.com,VERIFIED,85,+524727363262,2026-09-06T14:31:01.575385+00:00
"Energy, Oil, Gas & Mining",ENERGIA EMPRESARIAL S.C.,energiaempresarial.com.mx,David García,Chief Revenue Officer (CRO),C_SUITE,SALES_MARKETING,dgarcía@energiaempresarial.com.mx,VERIFIED,85,+527088031562,2026-09-06T14:31:01.575385+00:00
"Energy, Oil, Gas & Mining",ENERGIA EMPRESARIAL S.C.,energiaempresarial.com.mx,Hector Vega,Chief Executive Officer (CEO),C_SUITE,EXECUTIVE,hvega@energiaempresarial.com.mx,VERIFIED,85,+527325016853,2026-09-06T14:31:01.575385+00:00
"Energy, Oil, Gas & Mining",ENERGIA EMPRESARIAL S.A.S.,energiaempresarial.com,Roberto Vega,Founder,FOUNDER,EXECUTIVE,rvega@energiaempresarial.com,VERIFIED,85,+528694854795,2026-09-06T14:31:01.575385+00:00
"Energy, Oil, Gas & Mining",ENERGIA INTEGRAL S.A. DE C.V.,energiaintegral.com,Miguel Morales,Chief Financial Officer (CFO),C_SUITE,FINANCE,mmorales@energiaintegral.com,VERIFIED,85,+523356145473,2026-09-06T14:31:01.576775+00:00
"Energy, Oil, Gas & Mining",ENERGIA INTEGRAL S.A. DE C.V.,energiaintegral.com,Javier Alarcón,Chief Revenue Officer (CRO),C_SUITE,SALES_MARKETING,jalarcón@energiaintegral.com,VERIFIED,85,+523358697741,2026-09-06T14:31:01.576775+00:00
"Energy, Oil, Gas & Mining",ENERGIA INTEGRAL S.A. DE C.V.,energiaintegral.com,Luis Alarcón,Chief Executive Officer (CEO),C_SUITE,EXECUTIVE,lalarcón@energiaintegral.com.mx,VERIFIED,85,+523395571361,2026-09-06T14:31:01.576775+00:00
"Energy, Oil, Gas & Mining",ENERGIA INTEGRAL S.A.B. DE C.V.,energiaintegral.com.mx,Claudia Morales,Chief Financial Officer (CFO),C_SUITE,FINANCE,cmorales@energiaintegral.com.mx,VERIFIED,85,+523327533329,2026-09-06T14:31:01.576775+00:00
"Energy, Oil, Gas & Mining",ENERGIA DEL PACIFICO S.A.B. DE C.V.,energiadelpacifico.com,Sofia Castro,Chief Human Resources Officer (CHRO),C_SUITE,HR_PEOPLE,scastro@energiadelpacifico.com,VERIFIED,85,+527165107816,2026-09-06T14:31:01.576775+00:00
"Energy, Oil, Gas & Mining",ENERGIA DEL PACIFICO S.A.B. DE C.V.,energiadelpacifico.com,Javier Mendoza,Chief Financial Officer (CFO),C_SUITE,FINANCE,jmendoza@energiadelpacifico.com,VERIFIED,85,+524392162733,2026-09-06T14:31:01.576775+00:00
"Energy, Oil, Gas & Mining",ENERGIA DEL PACIFICO S.A.B. DE C.V.,energiadelpacifico.com,Mariana Navarro,Chief Human Resources Officer (CHRO),C_SUITE,HR_PEOPLE,mnavarro@energiadelpacifico.com,VERIFIED,85,+525218313471,2026-09-06T14:31:01.576775+00:00
"Energy, Oil, Gas & Mining",ENERGIA DEL NORTE S.A.S.,energiadelnorte.mx,Eduardo Ruiz,Chief Revenue Officer (CRO),C_SUITE,SALES_MARKETING,eruiz@energiadelnorte.mx,VERIFIED,85,+528344075471,2026-09-06T14:31:01.576775+00:00
"Energy, Oil, Gas & Mining",ENERGIA DEL BAJIO S.A.B. DE C.V.,energiadelbajio.com,Carlos Garza,Chief Operating Officer (COO),C_SUITE,OPERATIONS,cgarza@energiadelbajio.com,VERIFIED,85,+529885589755,2026-09-06T14:31:01.576775+00:00
"Energy, Oil, Gas & Mining",ENERGIA DEL BAJIO S.A.B. DE C.V.,energiadelbajio.com,David González,Chief Executive Officer (CEO),C_SUITE,EXECUTIVE,dgonzález@energiadelbajio.com,VERIFIED,85,+524443104221,2026-09-06T14:31:01.576775+00:00
"Energy, Oil, Gas & Mining",ENERGIA DEL CENTRO S.A.S.,energiadelcentro.com.mx,Andrea Alarcón,Chief Operating Officer (COO),C_SUITE,OPERATIONS,aalarcón@energiadelcentro.com.mx,VERIFIED,85,+525545400681,2026-09-06T14:31:01.576775+00:00
"Energy, Oil, Gas & Mining",ENERGIA DEL PACIFICO S. DE R.L. DE C.V.,energiadelpacifico.com.mx,Fernando Mendoza,Founder,FOUNDER,EXECUTIVE,fmendoza@energiadelpacifico.com.mx,VERIFIED,85,+528091017020,2026-09-06T14:31:01.576775+00:00
"Energy, Oil, Gas & Mining",ENERGIA DEL NORTE S.A. DE C.V.,energiadelnorte1.com.mx,Jorge Hernández,Chief Executive Officer (CEO),C_SUITE,EXECUTIVE,jhernández@energiadelnorte1.com.mx,VERIFIED,85,+527467757891,2026-09-06T14:31:01.576775+00:00
"Energy, Oil, Gas & Mining",ENERGIA DEL CENTRO S.A.B. DE C.V.,energiadelcentro.com,Javier García,Chief Executive Officer (CEO),C_SUITE,EXECUTIVE,jgarcía@energiadelcentro.com,VERIFIED,85,+526013306269,2026-09-06T14:31:01.576775+00:00
"Energy, Oil, Gas & Mining",ENERGIA DEL CENTRO S.A. DE C.V.,energiadelcentro16.com.mx,Adriana Treviño,Chief Financial Officer (CFO),C_SUITE,FINANCE,atreviño@energiadelcentro16.com.mx,VERIFIED,85,+525842002394,2026-09-06T14:31:01.576775+00:00
"Energy, Oil, Gas & Mining",ENERGIA MEXICANA S.C.,energiamexicana.mx,Roberto Villaseñor,Chief Revenue Officer (CRO),C_SUITE,SALES_MARKETING,rvillaseñor@energiamexicana.mx,VERIFIED,85,+525586286343,2026-09-06T14:31:01.582874+00:00
"Energy, Oil, Gas & Mining",ENERGIA MEXICANA S.C.,energiamexicana.mx,Mariana Alarcón,Founder,FOUNDER,EXECUTIVE,malarcón@energiamexicana.mx,VERIFIED,85,+525525250656,2026-09-06T14:31:01.582874+00:00
"Energy, Oil, Gas & Mining",ENERGIA MEXICANA S.A.B. DE C.V.,energiamexicana98.com.mx,Hector Morales,Founder,FOUNDER,EXECUTIVE,hmorales@energiamexicana98.com.mx,VERIFIED,85,+525574952347,2026-09-06T14:31:01.582874+00:00
"Energy, Oil, Gas & Mining",ENERGIA AVANZADA S. DE R.L. DE C.V.,energiaavanzada30.mx,Andrea Dominguez,Chief Executive Officer (CEO),C_SUITE,EXECUTIVE,adominguez@energiaavanzada30.mx,VERIFIED,85,+528081685643,2026-09-06T14:31:01.582874+00:00
"Energy, Oil, Gas & Mining",ENERGIA AVANZADA S.A.B. DE C.V.,energiaavanzada.com,Gabriel Treviño,Chief Human Resources Officer (CHRO),C_SUITE,HR_PEOPLE,gtreviño@energiaavanzada.com,VERIFIED,85,+529663297477,2026-09-06T14:31:01.582874+00:00
"Energy, Oil, Gas & Mining",ENERGIA AVANZADA S.A.B. DE C.V.,energiaavanzada.com,Patricia García,Chief Financial Officer (CFO),C_SUITE,FINANCE,pgarcía@energiaavanzada.com,VERIFIED,85,+527039929616,2026-09-06T14:31:01.582874+00:00
"Energy, Oil, Gas & Mining",ENERGIA DE OCCIDENTE 54 S.A. DE C.V.,energiadeoccidente.com.mx,Sofia Dominguez,Chief Human Resources Officer (CHRO),C_SUITE,HR_PEOPLE,sdominguez@energiadeoccidente.com.mx,VERIFIED,85,+526937803999,2026-09-06T14:31:01.587887+00:00
"Energy, Oil, Gas & Mining",ENERGIA DE OCCIDENTE 54 S.A. DE C.V.,energiadeoccidente.com.mx,Patricia Dominguez,Chief Human Resources Officer (CHRO),C_SUITE,HR_PEOPLE,pdominguez@energiadeoccidente.com.mx,VERIFIED,85,+524117608379,2026-09-06T14:31:01.587887+00:00
"Energy, Oil, Gas & Mining",ENERGIA DE OCCIDENTE S.A.B. DE C.V.,energiadeoccidente.com,David Vega,Chief Operating Officer (COO),C_SUITE,OPERATIONS,dvega@energiadeoccidente.com,VERIFIED,85,+528285973175,2026-09-06T14:31:01.587887+00:00
"Energy, Oil, Gas & Mining",ENERGIA DE LAS AMERICAS 88 S. DE R.L. DE C.V.,energiadelasameric.mx,Patricia Salinas,Chief Financial Officer (CFO),C_SUITE,FINANCE,psalinas@energiadelasameric.mx,VERIFIED,85,+527579540529,2026-09-06T14:31:01.587887+00:00
"Energy, Oil, Gas & Mining",ENERGIA DE LAS AMERICAS S.A.B. DE C.V.,energiadelasameric.com,Gabriel Ruiz,Chief Operating Officer (COO),C_SUITE,OPERATIONS,gruiz@energiadelasameric.com,VERIFIED,85,+528065468318,2026-09-06T14:31:01.587887+00:00
"Energy, Oil, Gas & Mining",ENERGIA DE LAS AMERICAS S.A.B. DE C.V.,energiadelasameric.com,Gabriel García,Chief Revenue Officer (CRO),C_SUITE,SALES_MARKETING,ggarcía@energiadelasameric.com,VERIFIED,85,+528911342416,2026-09-06T14:31:01.587887+00:00
"Energy, Oil, Gas & Mining",ENERGIA DE LAS AMERICAS S.A.B. DE C.V.,energiadelasameric.com,Fernando Dominguez,Chief Technology Officer (CTO),C_SUITE,ENGINEERING_IT,fdominguez@energiadelasameric.com.mx,VERIFIED,85,+528631722081,2026-09-06T14:31:01.587887+00:00
"Energy, Oil, Gas & Mining",ENERGIA INTERNACIONAL S.A. DE C.V.,energiainternacion.mx,Roberto Morales,Chief Executive Officer (CEO),C_SUITE,EXECUTIVE,rmorales@energiainternacion.mx,VERIFIED,85,+529729286729,2026-09-06T14:31:01.587887+00:00
"Energy, Oil, Gas & Mining",ENERGIA INTERNACIONAL S.A. DE C.V.,energiainternacion.mx,David Martínez,Chief Executive Officer (CEO),C_SUITE,EXECUTIVE,dmartínez@energiainternacion.mx,VERIFIED,85,+525770869097,2026-09-06T14:31:01.587887+00:00
"Energy, Oil, Gas & Mining",ENERGIA INTERNACIONAL S.A. DE C.V.,energiainternacion.mx,Hector González,Chief Financial Officer (CFO),C_SUITE,FINANCE,hgonzález@energiainternacion.mx,VERIFIED,85,+527133709719,2026-09-06T14:31:01.587887+00:00
"Energy, Oil, Gas & Mining",ENERGIA INTERNACIONAL S.A. DE C.V.,energiainternacion.com,Alejandro Vega,Founder,FOUNDER,EXECUTIVE,avega@energiainternacion.com,VERIFIED,85,+527191330445,2026-09-06T14:31:01.587887+00:00
"Energy, Oil, Gas & Mining",ENERGIA INTERNACIONAL S.A.S.,energiainternacion.mx,Patricia López,Chief Technology Officer (CTO),C_SUITE,ENGINEERING_IT,plópez@energiainternacion.mx,VERIFIED,85,+529936698757,2026-09-06T14:31:01.592600+00:00
"Energy, Oil, Gas & Mining",ENERGIA INTERNACIONAL S.A.S.,energiainternacion.mx,Andrea Benítez,Chief Operating Officer (COO),C_SUITE,OPERATIONS,abenítez@energiainternacion.mx,VERIFIED,85,+528810050716,2026-09-06T14:31:01.592600+00:00
"Energy, Oil, Gas & Mining",ENERGIA INTERNACIONAL S.C.,energiainternacion.com.mx,Alejandro Villaseñor,Chief Operating Officer (COO),C_SUITE,OPERATIONS,avillaseñor@energiainternacion.com.mx,VERIFIED,85,+525869464769,2026-09-06T14:31:01.592600+00:00
"Energy, Oil, Gas & Mining",ENERGIA INTERNACIONAL S.C.,energiainternacion.com.mx,Carlos Ruiz,Chief Executive Officer (CEO),C_SUITE,EXECUTIVE,cruiz@energiainternacion.com.mx,VERIFIED,85,+525585558550,2026-09-06T14:31:01.592600+00:00
"Energy, Oil, Gas & Mining",ENERGIA INTERNACIONAL S.C.,energiainternacion.com.mx,Fernando Valenzuela,Chief Technology Officer (CTO),C_SUITE,ENGINEERING_IT,fvalenzuela@energiainternacion.com,VERIFIED,85,+527583335177,2026-09-06T14:31:01.592600+00:00
"Energy, Oil, Gas & Mining",ENERGIA ESPECIALIZADA 35 S. DE R.L. DE C.V.,energiaespecializa.mx,Fernando Dominguez,Chief Financial Officer (CFO),C_SUITE,FINANCE,fdominguez@energiaespecializa.mx,VERIFIED,85,+525464953145,2026-09-06T14:31:01.594925+00:00
"Energy, Oil, Gas & Mining",ENERGIA INTERNACIONAL 94 S.A.S.,energiainternacion.mx,Rodrigo Treviño,Chief Executive Officer (CEO),C_SUITE,EXECUTIVE,rtreviño@energiainternacion.mx,VERIFIED,85,+527319146976,2026-09-06T14:31:01.596929+00:00
"Energy, Oil, Gas & Mining",ENERGIA INTERNACIONAL S.A.P.I. DE C.V.,energiainternacion.com,Luis Hernández,Chief Technology Officer (CTO),C_SUITE,ENGINEERING_IT,lhernández@energiainternacion.com,VERIFIED,85,+527597966620,2026-09-06T14:31:01.596929+00:00
"Energy, Oil, Gas & Mining",ENERGIA INTERNACIONAL S.A.P.I. DE C.V.,energiainternacion.com,Javier Valenzuela,Chief Operating Officer (COO),C_SUITE,OPERATIONS,jvalenzuela@energiainternacion.com,VERIFIED,85,+527171444151,2026-09-06T14:31:01.596929+00:00
"Energy, Oil, Gas & Mining",ENERGIA INTERNACIONAL S.A.P.I. DE C.V.,energiainternacion.com,Hector Morales,Chief Operating Officer (COO),C_SUITE,OPERATIONS,hmorales@energiainternacion.com,VERIFIED,85,+525341340282,2026-09-06T14:31:01.596929+00:00
"Energy, Oil, Gas & Mining",ENERGIA INTERNACIONAL S.A.P.I. DE C.V.,energiainternacion.com,Adriana Navarro,Founder,FOUNDER,EXECUTIVE,anavarro@energiainternacion.com,VERIFIED,85,+524473358149,2026-09-06T14:31:01.596929+00:00
"Energy, Oil, Gas & Mining",ENERGIA INTERNACIONAL S.C.,energiainternacion.com.mx,David Valenzuela,Chief Human Resources Officer (CHRO),C_SUITE,HR_PEOPLE,dvalenzuela@energiainternacion.com.mx,VERIFIED,85,+529473588536,2026-09-06T14:31:01.596929+00:00
"Energy, Oil, Gas & Mining",ENERGIA DE LAS AMERICAS S.A.P.I. DE C.V.,energiadelasameric.com.mx,Jorge Treviño,Founder,FOUNDER,EXECUTIVE,jtreviño@energiadelasameric.com.mx,VERIFIED,85,+529083927370,2026-09-06T14:31:01.596929+00:00
"Energy, Oil, Gas & Mining",ENERGIA DE LAS AMERICAS S.A.P.I. DE C.V.,energiadelasameric.com.mx,Carlos Hernández,Chief Operating Officer (COO),C_SUITE,OPERATIONS,chernández@energiadelasameric.com,VERIFIED,85,+527532354782,2026-09-06T14:31:01.596929+00:00
"Energy, Oil, Gas & Mining",ENERGIA DE LAS AMERICAS S.A.P.I. DE C.V.,energiadelasameric.com.mx,Rodrigo Morales,Chief Executive Officer (CEO),C_SUITE,EXECUTIVE,rmorales@energiadelasameric.mx,VERIFIED,85,+529064197323,2026-09-06T14:31:01.596929+00:00
"Energy, Oil, Gas & Mining",ENERGIA DE LAS AMERICAS S.A.P.I. DE C.V.,energiadelasameric.com.mx,Eduardo Castro,Chief Executive Officer (CEO),C_SUITE,EXECUTIVE,ecastro@energiadelasameric.com.mx,VERIFIED,85,+524383563314,2026-09-06T14:31:01.596929+00:00
"Energy, Oil, Gas & Mining",ENERGIA DE OCCIDENTE S.C.,energiadeoccidente.com.mx,Andrea Garza,Chief Executive Officer (CEO),C_SUITE,EXECUTIVE,agarza@energiadeoccidente.com.mx,VERIFIED,85,+524140811462,2026-09-06T14:31:01.596929+00:00
"Energy, Oil, Gas & Mining",ENERGIA DE LAS AMERICAS S.C.,energiadelasameric.com,Sofia Salinas,Chief Human Resources Officer (CHRO),C_SUITE,HR_PEOPLE,ssalinas@energiadelasameric.com,VERIFIED,85,+528243829168,2026-09-06T14:31:01.596929+00:00
"Energy, Oil, Gas & Mining",ENERGIA DINAMICA S.C.,energiadinamica39.mx,Luis Villaseñor,Chief Executive Officer (CEO),C_SUITE,EXECUTIVE,lvillaseñor@energiadinamica39.mx,VERIFIED,85,+529938847352,2026-09-06T14:31:01.603944+00:00
"Energy, Oil, Gas & Mining",ENERGIA DINAMICA S.C.,energiadinamica39.mx,Claudia González,Founder,FOUNDER,EXECUTIVE,cgonzález@energiadinamica.mx,VERIFIED,85,+526212155843,2026-09-06T14:31:01.603944+00:00
"Energy, Oil, Gas & Mining",ENERGIA DINAMICA S.C.,energiadinamica39.mx,Guillermo Hernández,Chief Operating Officer (COO),C_SUITE,OPERATIONS,ghernández@energiadinamica.mx,VERIFIED,85,+524611165709,2026-09-06T14:31:01.603944+00:00
"Energy, Oil, Gas & Mining",ENERGIA DINAMICA S.C.,energiadinamica39.mx,Patricia Navarro,Chief Technology Officer (CTO),C_SUITE,ENGINEERING_IT,pnavarro@energiadinamica22.mx,VERIFIED,85,+526198144265,2026-09-06T14:31:01.603944+00:00
"Energy, Oil, Gas & Mining",ENERGIA DINAMICA S.A. DE C.V.,energiadinamica.mx,Carlos González,Chief Financial Officer (CFO),C_SUITE,FINANCE,cgonzález@energiadinamica.mx,VERIFIED,85,+525773079999,2026-09-06T14:31:01.603944+00:00
"Energy, Oil, Gas & Mining",ENERGIA DEL CENTRO S. DE R.L. DE C.V.,energiadelcentro63.com.mx,Guillermo Valenzuela,Chief Human Resources Officer (CHRO),C_SUITE,HR_PEOPLE,gvalenzuela@energiadelcentro63.com.mx,VERIFIED,85,+524578697439,2026-09-06T14:31:01.605948+00:00
"Energy, Oil, Gas & Mining",ENERGIA DEL CENTRO S.A. DE C.V.,energiadelcentro15.com,Alejandro Navarro,Chief Technology Officer (CTO),C_SUITE,ENGINEERING_IT,anavarro@energiadelcentro15.com,VERIFIED,85,+526938495835,2026-09-06T14:31:01.605948+00:00
"Energy, Oil, Gas & Mining",ENERGIA DEL CENTRO S.A. DE C.V.,energiadelcentro15.com,Carlos García,Chief Technology Officer (CTO),C_SUITE,ENGINEERING_IT,cgarcía@energiadelcentro87.com.mx,VERIFIED,85,+529933790710,2026-09-06T14:31:01.605948+00:00
"Energy, Oil, Gas & Mining",ENERGIA DEL BAJIO S.A.P.I. DE C.V.,energiadelbajio.com.mx,Patricia Navarro,Chief Operating Officer (COO),C_SUITE,OPERATIONS,pnavarro@energiadelbajio.com.mx,VERIFIED,85,+529775952516,2026-09-06T14:31:01.605948+00:00
"Energy, Oil, Gas & Mining",ENERGIA DEL BAJIO S.A.P.I. DE C.V.,energiadelbajio.com.mx,Rodrigo Navarro,Chief Revenue Officer (CRO),C_SUITE,SALES_MARKETING,rnavarro@energiadelbajio.com.mx,VERIFIED,85,+524427103154,2026-09-06T14:31:01.605948+00:00
"Energy, Oil, Gas & Mining",ENERGIA DEL PACIFICO S.C.,energiadelpacifico.mx,Luis Alarcón,Chief Operating Officer (COO),C_SUITE,OPERATIONS,lalarcón@energiadelpacifico.mx,VERIFIED,85,+525933197293,2026-09-06T14:31:01.605948+00:00
"Energy, Oil, Gas & Mining",ENERGIA DEL NORTE 10 S.A.S.,energiadelnorte.com,Guillermo Vega,Chief Executive Officer (CEO),C_SUITE,EXECUTIVE,gvega@energiadelnorte.com,VERIFIED,85,+526742125363,2026-09-06T14:31:01.605948+00:00
"Energy, Oil, Gas & Mining",ENERGIA DEL NORTE 10 S.A.S.,energiadelnorte.com,Roberto Vega,Chief Executive Officer (CEO),C_SUITE,EXECUTIVE,rvega@energiadelnorte.com,VERIFIED,85,+529191076314,2026-09-06T14:31:01.605948+00:00
"Energy, Oil, Gas & Mining",ENERGIA DEL CENTRO S. DE R.L. DE C.V.,energiadelcentro.com,Hector Martínez,Chief Revenue Officer (CRO),C_SUITE,SALES_MARKETING,hmartínez@energiadelcentro.com,VERIFIED,85,+528544352249,2026-09-06T14:31:01.605948+00:00
"Energy, Oil, Gas & Mining",ENERGIA DEL CENTRO S.A.S.,energiadelcentro2.com.mx,Guillermo Hernández,Chief Revenue Officer (CRO),C_SUITE,SALES_MARKETING,ghernández@energiadelcentro2.com.mx,VERIFIED,85,+525888143516,2026-09-06T14:31:01.605948+00:00
"Energy, Oil, Gas & Mining",ENERGIA DEL BAJIO S.C.,energiadelbajio97.com,Fernando Mendoza,Chief Executive Officer (CEO),C_SUITE,EXECUTIVE,fmendoza@energiadelbajio97.com,VERIFIED,85,+528298848097,2026-09-06T14:31:01.605948+00:00
"Energy, Oil, Gas & Mining",ENERGIA DE OCCIDENTE S.A.S.,energiadeoccidente.mx,Mariana Vega,Founder,FOUNDER,EXECUTIVE,mvega@energiadeoccidente.mx,VERIFIED,85,+525891185503,2026-09-06T14:31:01.609344+00:00
"Energy, Oil, Gas & Mining",ENERGIA DE OCCIDENTE S.A.S.,energiadeoccidente.mx,Miguel Mendoza,Chief Executive Officer (CEO),C_SUITE,EXECUTIVE,mmendoza@energiadeoccidente.mx,VERIFIED,85,+525072526462,2026-09-06T14:31:01.609344+00:00
"Energy, Oil, Gas & Mining",ENERGIA DE LAS AMERICAS S.C.,energiadelasameric.mx,Jorge Castro,Chief Executive Officer (CEO),C_SUITE,EXECUTIVE,jcastro@energiadelasameric.mx,VERIFIED,85,+528286977660,2026-09-06T14:31:01.609344+00:00
"Energy, Oil, Gas & Mining",ENERGIA INTERNACIONAL S.A.B. DE C.V.,energiainternacion.com,Rodrigo Villaseñor,Chief Revenue Officer (CRO),C_SUITE,SALES_MARKETING,rvillaseñor@energiainternacion.com,VERIFIED,85,+526241546579,2026-09-06T14:31:01.609344+00:00
"Energy, Oil, Gas & Mining",ENERGIA DEL PACIFICO S.A. DE C.V.,energiadelpacifico.com.mx,Carlos Salinas,Chief Human Resources Officer (CHRO),C_SUITE,HR_PEOPLE,csalinas@energiadelpacifico.com.mx,VERIFIED,85,+524312821719,2026-09-06T14:31:01.609344+00:00
"Energy, Oil, Gas & Mining",ENERGIA DEL PACIFICO S.A.S.,energiadelpacifico.mx,Hector Hernández,Chief Revenue Officer (CRO),C_SUITE,SALES_MARKETING,hhernández@energiadelpacifico.mx,VERIFIED,85,+529479563368,2026-09-06T14:31:01.609344+00:00
"Energy, Oil, Gas & Mining",ENERGIA DEL PACIFICO S.A.S.,energiadelpacifico.mx,Rodrigo Alarcón,Chief Revenue Officer (CRO),C_SUITE,SALES_MARKETING,ralarcón@energiadelpacifico.mx,VERIFIED,85,+529713716572,2026-09-06T14:31:01.609344+00:00
"Energy, Oil, Gas & Mining",ENERGIA DEL PACIFICO S.A.S.,energiadelpacifico.mx,Hector Navarro,Chief Executive Officer (CEO),C_SUITE,EXECUTIVE,hnavarro@energiadelpacifico.mx,VERIFIED,85,+525987895881,2026-09-06T14:31:01.609344+00:00
"Energy, Oil, Gas & Mining",ENERGIA DEL BAJIO S.A.P.I. DE C.V.,energiadelbajio.mx,Patricia Alarcón,Chief Technology Officer (CTO),C_SUITE,ENGINEERING_IT,palarcón@energiadelbajio.mx,VERIFIED,85,+528281959345,2026-09-06T14:31:01.609344+00:00
"Energy, Oil, Gas & Mining",ENERGIA DEL BAJIO S.A.B. DE C.V.,energiadelbajio90.mx,Sofia Castro,Chief Executive Officer (CEO),C_SUITE,EXECUTIVE,scastro@energiadelbajio90.mx,VERIFIED,85,+524222220385,2026-09-06T14:31:01.609344+00:00
"Energy, Oil, Gas & Mining",ENERGIA DEL BAJIO S. DE R.L. DE C.V.,energiadelbajio.com,Daniel Salinas,Chief Executive Officer (CEO),C_SUITE,EXECUTIVE,dsalinas@energiadelbajio.com,VERIFIED,85,+527092701763,2026-09-06T14:31:01.609344+00:00
"Energy, Oil, Gas & Mining",ENERGIA DEL NORTE S.A.P.I. DE C.V.,energiadelnorte.com.mx,Fernando Valenzuela,Chief Operating Officer (COO),C_SUITE,OPERATIONS,fvalenzuela@energiadelnorte.com.mx,VERIFIED,85,+526650358443,2026-09-06T14:31:01.609344+00:00
"Energy, Oil, Gas & Mining",ENERGIA DEL NORTE S.A.B. DE C.V.,energiadelnorte86.com.mx,Roberto García,Chief Executive Officer (CEO),C_SUITE,EXECUTIVE,rgarcía@energiadelnorte86.com.mx,VERIFIED,85,+525834836641,2026-09-06T14:31:01.609344+00:00
"Energy, Oil, Gas & Mining",ENERGIA DEL NORTE S.C.,energiadelnorte.com,Roberto Salinas,Chief Financial Officer (CFO),C_SUITE,FINANCE,rsalinas@energiadelnorte.com,VERIFIED,85,+529972045631,2026-09-06T14:31:01.609344+00:00
"Energy, Oil, Gas & Mining",ENERGIA DINAMICA 15 S.A.P.I. DE C.V.,energiadinamica.com,Alejandro Martínez,Chief Human Resources Officer (CHRO),C_SUITE,HR_PEOPLE,amartínez@energiadinamica.com,VERIFIED,85,+529819967340,2026-09-06T14:31:01.611348+00:00
"Energy, Oil, Gas & Mining",ENERGIA DINAMICA S.A.P.I. DE C.V.,energiadinamica61.com,Patricia Dominguez,Chief Human Resources Officer (CHRO),C_SUITE,HR_PEOPLE,pdominguez@energiadinamica61.com,VERIFIED,85,+525366984289,2026-09-06T14:31:01.611348+00:00
"Energy, Oil, Gas & Mining",ENERGIA INTEGRAL S.A.S.,energiaintegral65.mx,Eduardo Alarcón,Chief Financial Officer (CFO),C_SUITE,FINANCE,ealarcón@energiaintegral65.mx,VERIFIED,85,+524346064098,2026-09-06T14:31:01.611348+00:00
"Energy, Oil, Gas & Mining",ENERGIA INTEGRAL S.A.B. DE C.V.,energiaintegral56.com.mx,Luis Salinas,Chief Executive Officer (CEO),C_SUITE,EXECUTIVE,lsalinas@energiaintegral56.com.mx,VERIFIED,85,+528535278020,2026-09-06T14:31:01.611348+00:00
"Energy, Oil, Gas & Mining",ENERGIA INTEGRAL S.A.S.,energiaintegral31.com.mx,Luis Valenzuela,Chief Operating Officer (COO),C_SUITE,OPERATIONS,lvalenzuela@energiaintegral31.com.mx,VERIFIED,85,+529194897962,2026-09-06T14:31:01.611348+00:00
"Energy, Oil, Gas & Mining",ENERGIA DE LAS AMERICAS S.C.,energiadelasameric.mx,Gabriel González,Chief Human Resources Officer (CHRO),C_SUITE,HR_PEOPLE,ggonzález@energiadelasameric.mx,VERIFIED,85,+524591198989,2026-09-06T14:31:01.611348+00:00
"Energy, Oil, Gas & Mining",ENERGIA DE LAS AMERICAS S.C.,energiadelasameric.mx,Claudia Navarro,Chief Human Resources Officer (CHRO),C_SUITE,HR_PEOPLE,cnavarro@energiadelasameric.mx,VERIFIED,85,+524033665001,2026-09-06T14:31:01.611348+00:00
"Energy, Oil, Gas & Mining",ENERGIA DE LAS AMERICAS S.C.,energiadelasameric.mx,Guillermo Garza,Chief Executive Officer (CEO),C_SUITE,EXECUTIVE,ggarza@energiadelasameric.mx,VERIFIED,85,+524668660441,2026-09-06T14:31:01.611348+00:00
"Energy, Oil, Gas & Mining",ENERGIA DE OCCIDENTE S. DE R.L. DE C.V.,energiadeoccidente.com.mx,Hector Morales,Chief Operating Officer (COO),C_SUITE,OPERATIONS,hmorales@energiadeoccidente.com.mx,VERIFIED,85,+525971698349,2026-09-06T14:31:01.611348+00:00
"Energy, Oil, Gas & Mining",ENERGIA DE OCCIDENTE S. DE R.L. DE C.V.,energiadeoccidente.com.mx,Javier Castro,Chief Executive Officer (CEO),C_SUITE,EXECUTIVE,jcastro@energiadeoccidente.com.mx,VERIFIED,85,+527042931636,2026-09-06T14:31:01.611348+00:00
"Energy, Oil, Gas & Mining",ENERGIA DE OCCIDENTE S. DE R.L. DE C.V.,energiadeoccidente.mx,Gabriel Benítez,Founder,FOUNDER,EXECUTIVE,gbenítez@energiadeoccidente.mx,VERIFIED,85,+525832938819,2026-09-06T14:31:01.611348+00:00
"Energy, Oil, Gas & Mining",ENERGIA DE OCCIDENTE S.A.B. DE C.V.,energiadeoccidente.mx,Patricia Castro,Chief Technology Officer (CTO),C_SUITE,ENGINEERING_IT,pcastro@energiadeoccidente.mx,VERIFIED,85,+525562690927,2026-09-06T14:31:01.613354+00:00
"Energy, Oil, Gas & Mining",ENERGIA DE OCCIDENTE S.A.B. DE C.V.,energiadeoccidente.mx,Javier Ruiz,Chief Human Resources Officer (CHRO),C_SUITE,HR_PEOPLE,jruiz@energiadeoccidente.mx,VERIFIED,85,+525547987724,2026-09-06T14:31:01.613354+00:00
"Energy, Oil, Gas & Mining",ENERGIA DE OCCIDENTE S.A.B. DE C.V.,energiadeoccidente.mx,Adriana Salinas,Chief Revenue Officer (CRO),C_SUITE,SALES_MARKETING,asalinas@energiadeoccidente.mx,VERIFIED,85,+525581324902,2026-09-06T14:31:01.613354+00:00
"Energy, Oil, Gas & Mining",ENERGIA DE OCCIDENTE S.A. DE C.V.,energiadeoccidente.com,Mariana González,Chief Executive Officer (CEO),C_SUITE,EXECUTIVE,mgonzález@energiadeoccidente.com,VERIFIED,85,+525540972381,2026-09-06T14:31:01.613354+00:00
"Energy, Oil, Gas & Mining",ENERGIA DE OCCIDENTE S.A. DE C.V.,energiadeoccidente.com,Jorge González,Chief Revenue Officer (CRO),C_SUITE,SALES_MARKETING,jgonzález@energiadeoccidente.com,VERIFIED,85,+525542600994,2026-09-06T14:31:01.613354+00:00
"Energy, Oil, Gas & Mining",ENERGIA DE OCCIDENTE S.A. DE C.V.,energiadeoccidente.com,Javier Martínez,Chief Executive Officer (CEO),C_SUITE,EXECUTIVE,jmartínez@energiadeoccidente.com,VERIFIED,85,+525547592353,2026-09-06T14:31:01.613354+00:00
"Energy, Oil, Gas & Mining",ENERGIA DE OCCIDENTE S.A. DE C.V.,energiadeoccidente.com,Sofia Hernández,Chief Executive Officer (CEO),C_SUITE,EXECUTIVE,shernández@energiadeoccidente.com,VERIFIED,85,+525552380147,2026-09-06T14:31:01.613354+00:00
"Energy, Oil, Gas & Mining",ENERGIA DE OCCIDENTE S.A. DE C.V.,energiadeoccidente.com,Luis Ruiz,Chief Revenue Officer (CRO),C_SUITE,SALES_MARKETING,lruiz@energiadeoccidente.com,VERIFIED,85,+525551390846,2026-09-06T14:31:01.613354+00:00
"Energy, Oil, Gas & Mining",ENERGIA DE LAS AMERICAS S.A.B. DE C.V.,energiadelasameric.com.mx,Fernando Morales,Chief Executive Officer (CEO),C_SUITE,EXECUTIVE,fmorales@energiadelasameric.com.mx,VERIFIED,85,+525584322028,2026-09-06T14:31:01.613354+00:00
"Energy, Oil, Gas & Mining",ENERGIA DE LAS AMERICAS S.A.B. DE C.V.,energiadelasameric.com.mx,Adriana Morales,Chief Human Resources Officer (CHRO),C_SUITE,HR_PEOPLE,amorales@energiadelasameric.com.mx,VERIFIED,85,+525565512152,2026-09-06T14:31:01.613354+00:00
"Energy, Oil, Gas & Mining",ENERGIA INDUSTRIAL 12 S. DE R.L. DE C.V.,energiaindustrial.com.mx,Sofia Benítez,Chief Executive Officer (CEO),C_SUITE,EXECUTIVE,sbenítez@energiaindustrial.com.mx,VERIFIED,85,+526163846617,2026-09-06T14:31:01.617368+00:00
"Energy, Oil, Gas & Mining",ENERGIA INDUSTRIAL S.A.P.I. DE C.V.,energiaindustrial.mx,Eduardo Mendoza,Chief Operating Officer (COO),C_SUITE,OPERATIONS,emendoza@energiaindustrial.mx,VERIFIED,85,+528588271060,2026-09-06T14:31:01.617368+00:00
"Energy, Oil, Gas & Mining",ENERGIA EMPRESARIAL 23 S.A.P.I. DE C.V.,energiaempresarial.mx,Roberto Salinas,Chief Financial Officer (CFO),C_SUITE,FINANCE,rsalinas@energiaempresarial.mx,VERIFIED,85,+529713513651,2026-09-06T14:31:01.626354+00:00
"Energy, Oil, Gas & Mining",ENERGIA EMPRESARIAL S.A.B. DE C.V.,energiaempresarial.com,Gabriel Castro,Chief Executive Officer (CEO),C_SUITE,EXECUTIVE,gcastro@energiaempresarial.com,VERIFIED,85,+529393220631,2026-09-06T14:31:01.626354+00:00
"Energy, Oil, Gas & Mining",ENERGIA LATINOAMERICANA 79 S.A.S.,energialatinoameri.mx,Eduardo García,Chief Revenue Officer (CRO),C_SUITE,SALES_MARKETING,egarcía@energialatinoameri.mx,VERIFIED,85,+523342337354,2026-09-06T14:31:01.630825+00:00
"Energy, Oil, Gas & Mining",ENERGIA LATINOAMERICANA 79 S.A.S.,energialatinoameri.mx,Andrea Navarro,Chief Revenue Officer (CRO),C_SUITE,SALES_MARKETING,anavarro@energialatinoameri.mx,VERIFIED,85,+523342592630,2026-09-06T14:31:01.630825+00:00
"Energy, Oil, Gas & Mining",ENERGIA LATINOAMERICANA S.A.P.I. DE C.V.,energialatinoameri.com,Claudia Villaseñor,Chief Executive Officer (CEO),C_SUITE,EXECUTIVE,cvillaseñor@energialatinoameri.com,VERIFIED,85,+523325000184,2026-09-06T14:31:01.630825+00:00
"Energy, Oil, Gas & Mining",ENERGIA LATINOAMERICANA S.A.P.I. DE C.V.,energialatinoameri.com,Mariana Treviño,Chief Executive Officer (CEO),C_SUITE,EXECUTIVE,mtreviño@energialatinoameri.com,VERIFIED,85,+523331272346,2026-09-06T14:31:01.630825+00:00
"Energy, Oil, Gas & Mining",ENERGIA LATINOAMERICANA S.A.P.I. DE C.V.,energialatinoameri.com,Javier López,Chief Executive Officer (CEO),C_SUITE,EXECUTIVE,jlópez@energialatinoameri.com,VERIFIED,85,+523332403389,2026-09-06T14:31:01.630825+00:00
"Energy, Oil, Gas & Mining",ENERGIA LATINOAMERICANA 25 S.A.P.I. DE C.V.,energialatinoameri.com.mx,Roberto López,Chief Operating Officer (COO),C_SUITE,OPERATIONS,rlópez@energialatinoameri.com.mx,VERIFIED,85,+523335485223,2026-09-06T14:31:01.630825+00:00
"Energy, Oil, Gas & Mining",ENERGIA EMPRESARIAL S.A.B. DE C.V.,energiaempresarial.com.mx,Adriana Treviño,Chief Operating Officer (COO),C_SUITE,OPERATIONS,atreviño@energiaempresarial.com.mx,VERIFIED,85,+523384752721,2026-09-06T14:31:01.634836+00:00
"Energy, Oil, Gas & Mining",ENERGIA EMPRESARIAL S.A.B. DE C.V.,energiaempresarial.mx,Gabriel García,Chief Revenue Officer (CRO),C_SUITE,SALES_MARKETING,ggarcía@energiaempresarial.mx,VERIFIED,85,+523387871766,2026-09-06T14:31:01.634836+00:00
"Energy, Oil, Gas & Mining",ENERGIA EMPRESARIAL S.A.B. DE C.V.,energiaempresarial.mx,Alejandro Hernández,Chief Executive Officer (CEO),C_SUITE,EXECUTIVE,ahernández@energiaempresarial.mx,VERIFIED,85,+523345200533,2026-09-06T14:31:01.634836+00:00
"Energy, Oil, Gas & Mining",ENERGIA DINAMICA S.A.S.,energiadinamica11.mx,Patricia Morales,Chief Human Resources Officer (CHRO),C_SUITE,HR_PEOPLE,pmorales@energiadinamica11.mx,VERIFIED,85,+528698945172,2026-09-06T14:31:01.640515+00:00
"Energy, Oil, Gas & Mining",ENERGIA DEL NORTE S.C.,energiadelnorte.com,Claudia Ruiz,Chief Executive Officer (CEO),C_SUITE,EXECUTIVE,cruiz@energiadelnorte.com,VERIFIED,85,+525254873352,2026-09-06T14:31:01.648827+00:00
"Energy, Oil, Gas & Mining",ENERGIA DEL NORTE S.C.,energiadelnorte.com,Sofia Castro,Chief Executive Officer (CEO),C_SUITE,EXECUTIVE,scastro@energiadelnorte.com,VERIFIED,85,+525388659600,2026-09-06T14:31:01.648827+00:00
"Energy, Oil, Gas & Mining",ENERGIA DEL BAJIO S. DE R.L. DE C.V.,energiadelbajio10.mx,Adriana Villaseñor,Chief Executive Officer (CEO),C_SUITE,EXECUTIVE,avillaseñor@energiadelbajio10.mx,VERIFIED,85,+527832881923,2026-09-06T14:31:01.648827+00:00
"Energy, Oil, Gas & Mining",ENERGIA DEL PACIFICO S.A. DE C.V.,energiadelpacifico.com,Daniel Villaseñor,Chief Technology Officer (CTO),C_SUITE,ENGINEERING_IT,dvillaseñor@energiadelpacifico.com,VERIFIED,85,+525868398240,2026-09-06T14:31:01.648827+00:00
"Energy, Oil, Gas & Mining",ENERGIA DEL PACIFICO S.A. DE C.V.,energiadelpacifico.com,Roberto Treviño,Chief Technology Officer (CTO),C_SUITE,ENGINEERING_IT,rtreviño@energiadelpacifico.com,VERIFIED,85,+528964960457,2026-09-06T14:31:01.648827+00:00
"Energy, Oil, Gas & Mining",ENERGIA DEL NORTE 36 S.A. DE C.V.,energiadelnorte14.com.mx,Alejandro Benítez,Chief Human Resources Officer (CHRO),C_SUITE,HR_PEOPLE,abenítez@energiadelnorte14.com.mx,VERIFIED,85,+524143842198,2026-09-06T14:31:01.648827+00:00
"Energy, Oil, Gas & Mining",ENERGIA AVANZADA S.C.,energiaavanzada57.mx,Jorge Treviño,Chief Financial Officer (CFO),C_SUITE,FINANCE,jtreviño@energiaavanzada57.mx,VERIFIED,85,+524347033481,2026-09-06T14:31:01.655624+00:00
"Energy, Oil, Gas & Mining",ENERGIA AVANZADA S.A.B. DE C.V.,energiaavanzada.com,Javier Hernández,Chief Executive Officer (CEO),C_SUITE,EXECUTIVE,jhernández@energiaavanzada.com,VERIFIED,85,+525550136567,2026-09-06T14:31:01.655624+00:00
"Energy, Oil, Gas & Mining",ENERGIA AVANZADA 78 S. DE R.L. DE C.V.,energiaavanzada.mx,Guillermo Castro,Chief Executive Officer (CEO),C_SUITE,EXECUTIVE,gcastro@energiaavanzada.mx,VERIFIED,85,+525381072630,2026-09-06T14:31:01.655624+00:00
"Energy, Oil, Gas & Mining",ENERGIA AVANZADA S.C.,energiaavanzada47.mx,Sofia Benítez,Founder,FOUNDER,EXECUTIVE,sbenítez@energiaavanzada47.mx,VERIFIED,85,+527476260382,2026-09-06T14:31:01.655624+00:00
"Energy, Oil, Gas & Mining",ENERGIA NACIONAL S. DE R.L. DE C.V.,energianacional.com,Gabriel López,Founder,FOUNDER,EXECUTIVE,glópez@energianacional.com,VERIFIED,85,+529630994153,2026-09-06T14:31:01.655624+00:00
"Energy, Oil, Gas & Mining",ENERGIA NACIONAL S.A.P.I. DE C.V.,energianacional91.com,Javier Valenzuela,Chief Operating Officer (COO),C_SUITE,OPERATIONS,jvalenzuela@energianacional91.com,VERIFIED,85,+529119326392,2026-09-06T14:31:01.655624+00:00
"Energy, Oil, Gas & Mining",ENERGIA NACIONAL 45 S.C.,energianacional.com.mx,David Valenzuela,Chief Technology Officer (CTO),C_SUITE,ENGINEERING_IT,dvalenzuela@energianacional.com.mx,VERIFIED,85,+525385562018,2026-09-06T14:31:01.655624+00:00
"Energy, Oil, Gas & Mining",ENERGIA NACIONAL 45 S.C.,energianacional.com.mx,Andrea Salinas,Founder,FOUNDER,EXECUTIVE,asalinas@energianacional.com.mx,VERIFIED,85,+527346302627,2026-09-06T14:31:01.655624+00:00
"Energy, Oil, Gas & Mining",ENERGIA DE LAS AMERICAS S.A.B. DE C.V.,energiadelasameric.mx,Claudia Valenzuela,Chief Executive Officer (CEO),C_SUITE,EXECUTIVE,cvalenzuela@energiadelasameric.mx,VERIFIED,85,+529795672296,2026-09-06T14:31:01.658949+00:00
"Energy, Oil, Gas & Mining",ENERGIA DE LAS AMERICAS S.A.B. DE C.V.,energiadelasameric.mx,Miguel Dominguez,Chief Financial Officer (CFO),C_SUITE,FINANCE,mdominguez@energiadelasameric.mx,VERIFIED,85,+524659255553,2026-09-06T14:31:01.658949+00:00
"Energy, Oil, Gas & Mining",ENERGIA DE LAS AMERICAS S.A.B. DE C.V.,energiadelasameric.mx,Sofia Garza,Chief Technology Officer (CTO),C_SUITE,ENGINEERING_IT,sgarza@energiadelasameric.mx,VERIFIED,85,+525023418159,2026-09-06T14:31:01.658949+00:00
"Energy, Oil, Gas & Mining",ENERGIA DE LAS AMERICAS 31 S. DE R.L. DE C.V.,energiadelasameric.com,Carlos Vega,Chief Technology Officer (CTO),C_SUITE,ENGINEERING_IT,cvega@energiadelasameric.com,VERIFIED,85,+528147756189,2026-09-06T14:31:01.658949+00:00
"Energy, Oil, Gas & Mining",ENERGIA DE LAS AMERICAS 31 S. DE R.L. DE C.V.,energiadelasameric.com,Mariana Castro,Chief Technology Officer (CTO),C_SUITE,ENGINEERING_IT,mcastro@energiadelasameric.com,VERIFIED,85,+526863990871,2026-09-06T14:31:01.658949+00:00
"Energy, Oil, Gas & Mining",ENERGIA DE OCCIDENTE S.A.S.,energiadeoccidente.mx,Sofia Treviño,Chief Financial Officer (CFO),C_SUITE,FINANCE,streviño@energiadeoccidente.mx,VERIFIED,85,+526639316369,2026-09-06T14:31:01.658949+00:00
"Energy, Oil, Gas & Mining",ENERGIA DE OCCIDENTE S.A.S.,energiadeoccidente.mx,Roberto Martínez,Founder,FOUNDER,EXECUTIVE,rmartínez@energiadeoccidente.mx,VERIFIED,85,+527692030775,2026-09-06T14:31:01.658949+00:00
"Energy, Oil, Gas & Mining",ENERGIA DE OCCIDENTE S.C.,energiadeoccidente.com.mx,David Martínez,Chief Revenue Officer (CRO),C_SUITE,SALES_MARKETING,dmartínez@energiadeoccidente.com.mx,VERIFIED,85,+528154723815,2026-09-06T14:31:01.658949+00:00
"Energy, Oil, Gas & Mining",ENERGIA DE OCCIDENTE S.C.,energiadeoccidente.com.mx,Jorge Garza,Chief Executive Officer (CEO),C_SUITE,EXECUTIVE,jgarza@energiadeoccidente.com,VERIFIED,85,+525423363680,2026-09-06T14:31:01.658949+00:00
"Energy, Oil, Gas & Mining",ENERGIA DE OCCIDENTE S.C.,energiadeoccidente.com.mx,Carlos Ruiz,Chief Executive Officer (CEO),C_SUITE,EXECUTIVE,cruiz@energiadeoccidente.com.mx,VERIFIED,85,+525421627717,2026-09-06T14:31:01.658949+00:00
"Energy, Oil, Gas & Mining",ENERGIA DE OCCIDENTE S.A.S.,energiadeoccidente.com,Mariana Treviño,Chief Human Resources Officer (CHRO),C_SUITE,HR_PEOPLE,mtreviño@energiadeoccidente.com,VERIFIED,85,+525116375150,2026-09-06T14:31:01.658949+00:00
"Energy, Oil, Gas & Mining",ENERGIA CENTRAL S.A.S.,energiacentral.mx,Rodrigo Treviño,Chief Human Resources Officer (CHRO),C_SUITE,HR_PEOPLE,rtreviño@energiacentral.mx,VERIFIED,85,+523361214297,2026-09-06T14:31:01.659878+00:00
"Energy, Oil, Gas & Mining",ENERGIA CENTRAL 69 S.A.B. DE C.V.,energiacentral.com,Claudia Ruiz,Chief Executive Officer (CEO),C_SUITE,EXECUTIVE,cruiz@energiacentral.com,VERIFIED,85,+523355967506,2026-09-06T14:31:01.659878+00:00
"Energy, Oil, Gas & Mining",ENERGIA CENTRAL S.A.B. DE C.V.,energiacentral.com.mx,Mariana González,Chief Financial Officer (CFO),C_SUITE,FINANCE,mgonzález@energiacentral.com.mx,VERIFIED,85,+523325773499,2026-09-06T14:31:01.659878+00:00
"Energy, Oil, Gas & Mining",ENERGIA NACIONAL S.A.P.I. DE C.V.,energianacional.com,Guillermo Alarcón,Chief Operating Officer (COO),C_SUITE,OPERATIONS,galarcón@energianacional.com,VERIFIED,85,+528950023309,2026-09-06T14:31:01.659878+00:00
"Energy, Oil, Gas & Mining",ENERGIA NACIONAL S.A.P.I. DE C.V.,energianacional.com,Gabriel Treviño,Chief Executive Officer (CEO),C_SUITE,EXECUTIVE,gtreviño@energianacional.com,VERIFIED,85,+528070902445,2026-09-06T14:31:01.659878+00:00
"Energy, Oil, Gas & Mining",ENERGIA NACIONAL 16 S.A. DE C.V.,energianacional.com.mx,Andrea Garza,Chief Executive Officer (CEO),C_SUITE,EXECUTIVE,agarza@energianacional.com.mx,VERIFIED,85,+524121710754,2026-09-06T14:31:01.659878+00:00
"Energy, Oil, Gas & Mining",ENERGIA GLOBAL S.A.B. DE C.V.,energiaglobal15.com.mx,Sofia Martínez,Chief Technology Officer (CTO),C_SUITE,ENGINEERING_IT,smartínez@energiaglobal15.com.mx,VERIFIED,85,+528221167366,2026-09-06T14:31:01.659878+00:00
"Energy, Oil, Gas & Mining",ENERGIA GLOBAL S.A.B. DE C.V.,energiaglobal15.com.mx,Jorge Vega,Founder,FOUNDER,EXECUTIVE,jvega@energiaglobal.com,VERIFIED,85,+528925589810,2026-09-06T14:31:01.659878+00:00
"Energy, Oil, Gas & Mining",ENERGIA GLOBAL 71 S.A.P.I. DE C.V.,energiaglobal57.mx,Rodrigo Vega,Chief Financial Officer (CFO),C_SUITE,FINANCE,rvega@energiaglobal57.mx,VERIFIED,85,+525179040539,2026-09-06T14:31:01.659878+00:00
"Energy, Oil, Gas & Mining",ENERGIA GLOBAL S.A.P.I. DE C.V.,energiaglobal99.mx,Alejandro Salinas,Chief Technology Officer (CTO),C_SUITE,ENGINEERING_IT,asalinas@energiaglobal99.mx,VERIFIED,85,+529639740384,2026-09-06T14:31:01.659878+00:00
"Energy, Oil, Gas & Mining",ENERGIA GLOBAL 76 S.A.S.,energiaglobal70.com,Eduardo Garza,Chief Executive Officer (CEO),C_SUITE,EXECUTIVE,egarza@energiaglobal70.com,VERIFIED,85,+525689652422,2026-09-06T14:31:01.659878+00:00
"Energy, Oil, Gas & Mining",ENERGIA DEL BAJIO S.A.S.,energiadelbajio.com.mx,Javier Valenzuela,Founder,FOUNDER,EXECUTIVE,jvalenzuela@energiadelbajio.com.mx,VERIFIED,85,+524114689109,2026-09-06T14:31:01.659878+00:00
"Energy, Oil, Gas & Mining",ENERGIA DEL CENTRO S.C.,energiadelcentro.com,Jorge Garza,Chief Executive Officer (CEO),C_SUITE,EXECUTIVE,jgarza@energiadelcentro.com,VERIFIED,85,+526674079575,2026-09-06T14:31:01.659878+00:00
"Energy, Oil, Gas & Mining",ENERGIA DEL CENTRO S.C.,energiadelcentro.com,David Vega,Chief Financial Officer (CFO),C_SUITE,FINANCE,dvega@energiadelcentro.com,VERIFIED,85,+524094995008,2026-09-06T14:31:01.659878+00:00
"Energy, Oil, Gas & Mining",ENERGIA DEL BAJIO S.A.S.,energiadelbajio77.com,Gabriel Salinas,Chief Executive Officer (CEO),C_SUITE,EXECUTIVE,gsalinas@energiadelbajio77.com,VERIFIED,85,+524417717758,2026-09-06T14:31:01.659878+00:00
"Energy, Oil, Gas & Mining",ENERGIA DEL NORTE S.A.P.I. DE C.V.,energiadelnorte.com.mx,Javier Dominguez,Chief Operating Officer (COO),C_SUITE,OPERATIONS,jdominguez@energiadelnorte.com.mx,VERIFIED,85,+526741986685,2026-09-06T14:31:01.659878+00:00
"Energy, Oil, Gas & Mining",ENERGIA DEL BAJIO 90 S.A.B. DE C.V.,energiadelbajio.mx,Eduardo Salinas,Chief Financial Officer (CFO),C_SUITE,FINANCE,esalinas@energiadelbajio.mx,VERIFIED,85,+527757257910,2026-09-06T14:31:01.659878+00:00
"Energy, Oil, Gas & Mining",ENERGIA DEL CENTRO S.A.S.,energiadelcentro.mx,Javier Alarcón,Chief Technology Officer (CTO),C_SUITE,ENGINEERING_IT,jalarcón@energiadelcentro.mx,VERIFIED,85,+526984390814,2026-09-06T14:31:01.659878+00:00
"Energy, Oil, Gas & Mining",ENERGIA DEL PACIFICO S.C.,energiadelpacifico.com.mx,Jorge Garza,Chief Operating Officer (COO),C_SUITE,OPERATIONS,jgarza@energiadelpacifico.com.mx,VERIFIED,85,+527283578533,2026-09-06T14:31:01.659878+00:00
"Energy, Oil, Gas & Mining",ENERGIA DE LAS AMERICAS S.A.B. DE C.V.,energiadelasameric.com.mx,Javier Alarcón,Chief Human Resources Officer (CHRO),C_SUITE,HR_PEOPLE,jalarcón@energiadelasameric.com.mx,VERIFIED,85,+525563319583,2026-09-06T14:31:01.659878+00:00
"Energy, Oil, Gas & Mining",ENERGIA DE LAS AMERICAS 79 S.A. DE C.V.,energiadelasameric.com,Hector Benítez,Chief Executive Officer (CEO),C_SUITE,EXECUTIVE,hbenítez@energiadelasameric.com,VERIFIED,85,+528480283595,2026-09-06T14:31:01.659878+00:00
"Energy, Oil, Gas & Mining",ENERGIA DE LAS AMERICAS 79 S.A. DE C.V.,energiadelasameric.com,Javier Treviño,Chief Operating Officer (COO),C_SUITE,OPERATIONS,jtreviño@energiadelasameric.com,VERIFIED,85,+525569698903,2026-09-06T14:31:01.659878+00:00
"Energy, Oil, Gas & Mining",ENERGIA DE LAS AMERICAS 79 S.A. DE C.V.,energiadelasameric.com,Patricia García,Chief Revenue Officer (CRO),C_SUITE,SALES_MARKETING,pgarcía@energiadelasameric.com,VERIFIED,85,+524410822385,2026-09-06T14:31:01.659878+00:00
"Energy, Oil, Gas & Mining",ENERGIA DE OCCIDENTE S.A.B. DE C.V.,energiadeoccidente.com.mx,Guillermo Salinas,Chief Operating Officer (COO),C_SUITE,OPERATIONS,gsalinas@energiadeoccidente.com.mx,VERIFIED,85,+526643575807,2026-09-06T14:31:01.659878+00:00
"Energy, Oil, Gas & Mining",ENERGIA DE OCCIDENTE S.A.B. DE C.V.,energiadeoccidente.com.mx,Alejandro Ruiz,Chief Revenue Officer (CRO),C_SUITE,SALES_MARKETING,aruiz@energiadeoccidente.com.mx,VERIFIED,85,+527461608993,2026-09-06T14:31:01.659878+00:00
"Energy, Oil, Gas & Mining",ENERGIA DE OCCIDENTE S.A.B. DE C.V.,energiadeoccidente.com.mx,Miguel Castro,Chief Executive Officer (CEO),C_SUITE,EXECUTIVE,mcastro@energiadeoccidente.com.mx,VERIFIED,85,+525874040011,2026-09-06T14:31:01.659878+00:00
"Energy, Oil, Gas & Mining",ENERGIA DE OCCIDENTE S.A.B. DE C.V.,energiadeoccidente.com.mx,Daniel Castro,Founder,FOUNDER,EXECUTIVE,dcastro@energiadeoccidente.mx,VERIFIED,85,+524793143490,2026-09-06T14:31:01.659878+00:00
"Energy, Oil, Gas & Mining",ENERGIA DE OCCIDENTE S.A.S.,energiadeoccidente.mx,Jorge García,Founder,FOUNDER,EXECUTIVE,jgarcía@energiadeoccidente.mx,VERIFIED,85,+529339285284,2026-09-06T14:31:01.659878+00:00
"Energy, Oil, Gas & Mining",ENERGIA AVANZADA S.A.P.I. DE C.V.,energiaavanzada.com.mx,Mariana Castro,Chief Human Resources Officer (CHRO),C_SUITE,HR_PEOPLE,mcastro@energiaavanzada.com.mx,VERIFIED,85,+529324269196,2026-09-06T14:31:01.659878+00:00
"Energy, Oil, Gas & Mining",ENERGIA AVANZADA S.A.P.I. DE C.V.,energiaavanzada.com.mx,Carlos Navarro,Chief Technology Officer (CTO),C_SUITE,ENGINEERING_IT,cnavarro@energiaavanzada.com,VERIFIED,85,+525752735716,2026-09-06T14:31:01.659878+00:00
"Energy, Oil, Gas & Mining",ENERGIA AVANZADA S.A.P.I. DE C.V.,energiaavanzada.com.mx,Miguel Castro,Chief Revenue Officer (CRO),C_SUITE,SALES_MARKETING,mcastro@energiaavanzada.com.mx,VERIFIED,85,+524367717952,2026-09-06T14:31:01.659878+00:00
"Energy, Oil, Gas & Mining",ENERGIA AVANZADA S.A.B. DE C.V.,energiaavanzada.mx,Fernando Benítez,Founder,FOUNDER,EXECUTIVE,fbenítez@energiaavanzada.mx,VERIFIED,85,+526422452889,2026-09-06T14:31:01.659878+00:00
"Energy, Oil, Gas & Mining",ENERGIA AVANZADA S.A.B. DE C.V.,energiaavanzada.mx,Roberto Garza,Chief Human Resources Officer (CHRO),C_SUITE,HR_PEOPLE,rgarza@energiaavanzada.com,VERIFIED,85,+529134022041,2026-09-06T14:31:01.659878+00:00
"Energy, Oil, Gas & Mining",ENERGIA AVANZADA 37 S.C.,energiaavanzada36.com,Patricia Salinas,Chief Financial Officer (CFO),C_SUITE,FINANCE,psalinas@energiaavanzada36.com,VERIFIED,85,+527728568979,2026-09-06T14:31:01.659878+00:00
"Energy, Oil, Gas & Mining",ENERGIA ESPECIALIZADA S.A.P.I. DE C.V.,energiaespecializa.com,Miguel Dominguez,Chief Revenue Officer (CRO),C_SUITE,SALES_MARKETING,mdominguez@energiaespecializa.com,VERIFIED,85,+525744847751,2026-09-06T14:31:01.659878+00:00
"Energy, Oil, Gas & Mining",ENERGIA ESPECIALIZADA S.A.P.I. DE C.V.,energiaespecializa.com,Andrea Treviño,Chief Revenue Officer (CRO),C_SUITE,SALES_MARKETING,atreviño@energiaespecializa.com,VERIFIED,85,+528413493768,2026-09-06T14:31:01.659878+00:00
"Energy, Oil, Gas & Mining",ENERGIA MEXICANA 30 S. DE R.L. DE C.V.,energiamexicana38.com,Andrea Castro,Chief Operating Officer (COO),C_SUITE,OPERATIONS,acastro@energiamexicana38.com,VERIFIED,85,+527922475321,2026-09-06T14:31:01.659878+00:00
"Energy, Oil, Gas & Mining",ENERGIA MEXICANA S. DE R.L. DE C.V.,energiamexicana.com,Daniel García,Chief Human Resources Officer (CHRO),C_SUITE,HR_PEOPLE,dgarcía@energiamexicana.com,VERIFIED,85,+524689095844,2026-09-06T14:31:01.659878+00:00
"Energy, Oil, Gas & Mining",ENERGIA MEXICANA S. DE R.L. DE C.V.,energiamexicana.com,Sofia Valenzuela,Chief Executive Officer (CEO),C_SUITE,EXECUTIVE,svalenzuela@energiamexicana.com,VERIFIED,85,+529126416621,2026-09-06T14:31:01.659878+00:00
"Energy, Oil, Gas & Mining",ENERGIA MEXICANA S.C.,energiamexicana14.mx,Daniel Hernández,Chief Revenue Officer (CRO),C_SUITE,SALES_MARKETING,dhernández@energiamexicana14.mx,VERIFIED,85,+524471290509,2026-09-06T14:31:01.659878+00:00
"Energy, Oil, Gas & Mining",ENERGIA CENTRAL S.C.,energiacentral.com,Gabriel Mendoza,Chief Operating Officer (COO),C_SUITE,OPERATIONS,gmendoza@energiacentral.com,VERIFIED,85,+529240669030,2026-09-06T14:31:01.682599+00:00
"Energy, Oil, Gas & Mining",ENERGIA CENTRAL S.C.,energiacentral.com,Sofia Morales,Chief Executive Officer (CEO),C_SUITE,EXECUTIVE,smorales@energiacentral.com,VERIFIED,85,+526531814966,2026-09-06T14:31:01.682599+00:00
"Energy, Oil, Gas & Mining",ENERGIA INTERNACIONAL 54 S. DE R.L. DE C.V.,energiainternacion.com.mx,Andrea Navarro,Chief Technology Officer (CTO),C_SUITE,ENGINEERING_IT,anavarro@energiainternacion.com.mx,VERIFIED,85,+528167521628,2026-09-06T14:31:01.686610+00:00
"Energy, Oil, Gas & Mining",ENERGIA INTERNACIONAL S. DE R.L. DE C.V.,energiainternacion.com,Miguel Salinas,Chief Human Resources Officer (CHRO),C_SUITE,HR_PEOPLE,msalinas@energiainternacion.com,VERIFIED,85,+528167139586,2026-09-06T14:31:01.686610+00:00
"Energy, Oil, Gas & Mining",ENERGIA LATINOAMERICANA S.A.S.,energialatinoameri.com.mx,Mariana Villaseñor,Founder,FOUNDER,EXECUTIVE,mvillaseñor@energialatinoameri.com.mx,VERIFIED,85,+526694607174,2026-09-06T14:31:01.688619+00:00
"Energy, Oil, Gas & Mining",ENERGIA LATINOAMERICANA S.A.S.,energialatinoameri.com,Eduardo Castro,Chief Revenue Officer (CRO),C_SUITE,SALES_MARKETING,ecastro@energialatinoameri.com,VERIFIED,85,+524618282470,2026-09-06T14:31:01.688619+00:00
"Energy, Oil, Gas & Mining",ENERGIA LATINOAMERICANA S.A.S.,energialatinoameri.com,Alejandro García,Chief Executive Officer (CEO),C_SUITE,EXECUTIVE,agarcía@energialatinoameri.com,VERIFIED,85,+526154489993,2026-09-06T14:31:01.688619+00:00
"Energy, Oil, Gas & Mining",ENERGIA LATINOAMERICANA S.C.,energialatinoameri.mx,Alejandro Martínez,Founder,FOUNDER,EXECUTIVE,amartínez@energialatinoameri.mx,VERIFIED,85,+526999255410,2026-09-06T14:31:01.688619+00:00
"Energy, Oil, Gas & Mining",ENERGIA MEXICANA S.C.,energiamexicana.com,Sofia Dominguez,Chief Revenue Officer (CRO),C_SUITE,SALES_MARKETING,sdominguez@energiamexicana.com,VERIFIED,85,+528511129182,2026-09-06T14:31:01.688619+00:00
"Energy, Oil, Gas & Mining",ENERGIA MEXICANA S. DE R.L. DE C.V.,energiamexicana90.com.mx,Andrea López,Chief Executive Officer (CEO),C_SUITE,EXECUTIVE,alópez@energiamexicana90.com.mx,VERIFIED,85,+524029539398,2026-09-06T14:31:01.688619+00:00
"Energy, Oil, Gas & Mining",ENERGIA MEXICANA S. DE R.L. DE C.V.,energiamexicana90.com.mx,Sofia Valenzuela,Chief Executive Officer (CEO),C_SUITE,EXECUTIVE,svalenzuela@energiamexicana.com.mx,VERIFIED,85,+525774591209,2026-09-06T14:31:01.688619+00:00
"Energy, Oil, Gas & Mining",ENERGIA MEXICANA S.A.S.,energiamexicana79.com.mx,Fernando Villaseñor,Chief Executive Officer (CEO),C_SUITE,EXECUTIVE,fvillaseñor@energiamexicana79.com.mx,VERIFIED,85,+525711015269,2026-09-06T14:31:01.688619+00:00
"Energy, Oil, Gas & Mining",ENERGIA MEXICANA 49 S.A.P.I. DE C.V.,energiamexicana.com.mx,Hector Valenzuela,Founder,FOUNDER,EXECUTIVE,hvalenzuela@energiamexicana.com.mx,VERIFIED,85,+524398770546,2026-09-06T14:31:01.688619+00:00
"Energy, Oil, Gas & Mining",ENERGIA MEXICANA S.A.B. DE C.V.,energiamexicana91.com,David Hernández,Chief Technology Officer (CTO),C_SUITE,ENGINEERING_IT,dhernández@energiamexicana91.com,VERIFIED,85,+527478358189,2026-09-06T14:31:01.688619+00:00
"Energy, Oil, Gas & Mining",ENERGIA INDUSTRIAL S.A.S.,energiaindustrial.mx,Gabriel Dominguez,Chief Operating Officer (COO),C_SUITE,OPERATIONS,gdominguez@energiaindustrial.mx,VERIFIED,85,+528298091197,2026-09-06T14:31:01.688619+00:00
"Energy, Oil, Gas & Mining",ENERGIA INDUSTRIAL S.A.S.,energiaindustrial.mx,Daniel Treviño,Chief Financial Officer (CFO),C_SUITE,FINANCE,dtreviño@energiaindustrial.mx,VERIFIED,85,+525189823106,2026-09-06T14:31:01.688619+00:00
"Energy, Oil, Gas & Mining",ENERGIA INDUSTRIAL S.A. DE C.V.,energiaindustrial6.com,Roberto Mendoza,Chief Revenue Officer (CRO),C_SUITE,SALES_MARKETING,rmendoza@energiaindustrial6.com,VERIFIED,85,+529376573284,2026-09-06T14:31:01.688619+00:00
"Energy, Oil, Gas & Mining",ENERGIA INDUSTRIAL S.A. DE C.V.,energiaindustrial6.com,Carlos Benítez,Chief Human Resources Officer (CHRO),C_SUITE,HR_PEOPLE,cbenítez@energiaindustrial.com,VERIFIED,85,+527823983485,2026-09-06T14:31:01.688619+00:00
"Energy, Oil, Gas & Mining",ENERGIA INDUSTRIAL S.C.,energiaindustrial.com,Carlos Garza,Chief Human Resources Officer (CHRO),C_SUITE,HR_PEOPLE,cgarza@energiaindustrial.com,VERIFIED,85,+526724914497,2026-09-06T14:31:01.688619+00:00
"Energy, Oil, Gas & Mining",ENERGIA NACIONAL S.C.,energianacional63.mx,Eduardo Valenzuela,Founder,FOUNDER,EXECUTIVE,evalenzuela@energianacional63.mx,VERIFIED,85,+528167410903,2026-09-06T14:31:01.688619+00:00
"Energy, Oil, Gas & Mining",ENERGIA NACIONAL S.A.B. DE C.V.,energianacional.com,Mariana López,Chief Operating Officer (COO),C_SUITE,OPERATIONS,mlópez@energianacional.com,VERIFIED,85,+528152716336,2026-09-06T14:31:01.688619+00:00
"Energy, Oil, Gas & Mining",ENERGIA NACIONAL S.A.B. DE C.V.,energianacional.com,Guillermo González,Chief Operating Officer (COO),C_SUITE,OPERATIONS,ggonzález@energianacional.mx,VERIFIED,85,+528182599665,2026-09-06T14:31:01.688619+00:00
"Energy, Oil, Gas & Mining",ENERGIA NACIONAL 40 S.A.B. DE C.V.,energianacional.com.mx,Guillermo Morales,Chief Revenue Officer (CRO),C_SUITE,SALES_MARKETING,gmorales@energianacional.com.mx,VERIFIED,85,+528155605842,2026-09-06T14:31:01.688619+00:00
"Energy, Oil, Gas & Mining",ENERGIA NACIONAL S.A.B. DE C.V.,energianacional.mx,David Navarro,Chief Human Resources Officer (CHRO),C_SUITE,HR_PEOPLE,dnavarro@energianacional.mx,VERIFIED,85,+528196224591,2026-09-06T14:31:01.688619+00:00
"Energy, Oil, Gas & Mining",ENERGIA ESPECIALIZADA S.C.,energiaespecializa.mx,Andrea Navarro,Chief Human Resources Officer (CHRO),C_SUITE,HR_PEOPLE,anavarro@energiaespecializa.mx,VERIFIED,85,+524263349827,2026-09-06T14:31:01.690622+00:00
"Energy, Oil, Gas & Mining",ENERGIA ESPECIALIZADA S.C.,energiaespecializa.mx,Fernando González,Chief Human Resources Officer (CHRO),C_SUITE,HR_PEOPLE,fgonzález@energiaespecializa.mx,VERIFIED,85,+529535178522,2026-09-06T14:31:01.690622+00:00
"Energy, Oil, Gas & Mining",ENERGIA ESPECIALIZADA S.C.,energiaespecializa.mx,Gabriel Martínez,Chief Operating Officer (COO),C_SUITE,OPERATIONS,gmartínez@energiaespecializa.mx,VERIFIED,85,+524450397629,2026-09-06T14:31:01.690622+00:00
"Energy, Oil, Gas & Mining",ENERGIA ESPECIALIZADA S.C.,energiaespecializa.mx,Jorge Mendoza,Founder,FOUNDER,EXECUTIVE,jmendoza@energiaespecializa.mx,VERIFIED,85,+528559166759,2026-09-06T14:31:01.690622+00:00
"Energy, Oil, Gas & Mining",ENERGIA ESPECIALIZADA S.C.,energiaespecializa.mx,Rodrigo Salinas,Chief Executive Officer (CEO),C_SUITE,EXECUTIVE,rsalinas@energiaespecializa.com.mx,VERIFIED,85,+527369468609,2026-09-06T14:31:01.690622+00:00
"Energy, Oil, Gas & Mining",ENERGIA ESPECIALIZADA S.C.,energiaespecializa.mx,Alejandro Navarro,Chief Financial Officer (CFO),C_SUITE,FINANCE,anavarro@energiaespecializa.com.mx,VERIFIED,85,+527225986619,2026-09-06T14:31:01.690622+00:00
"Energy, Oil, Gas & Mining",ENERGIA ESPECIALIZADA S.A.B. DE C.V.,energiaespecializa.com,Rodrigo Alarcón,Chief Revenue Officer (CRO),C_SUITE,SALES_MARKETING,ralarcón@energiaespecializa.com,VERIFIED,85,+525821808609,2026-09-06T14:31:01.690622+00:00
"Energy, Oil, Gas & Mining",ENERGIA ESPECIALIZADA S.C.,energiaespecializa.com.mx,Alejandro Treviño,Chief Technology Officer (CTO),C_SUITE,ENGINEERING_IT,atreviño@energiaespecializa.com.mx,VERIFIED,85,+528570990121,2026-09-06T14:31:01.690622+00:00
"Energy, Oil, Gas & Mining",ENERGIA NACIONAL S.A.B. DE C.V.,energianacional.mx,Rodrigo González,Chief Human Resources Officer (CHRO),C_SUITE,HR_PEOPLE,rgonzález@energianacional.mx,VERIFIED,85,+524075333728,2026-09-06T14:31:01.692236+00:00
"Energy, Oil, Gas & Mining",ENERGIA NACIONAL S.A. DE C.V.,energianacional10.com,Hector Castro,Chief Executive Officer (CEO),C_SUITE,EXECUTIVE,hcastro@energianacional10.com,VERIFIED,85,+525066031946,2026-09-06T14:31:01.692236+00:00
"Energy, Oil, Gas & Mining",ENERGIA NACIONAL S.A.S.,energianacional88.com,Daniel Garza,Chief Executive Officer (CEO),C_SUITE,EXECUTIVE,dgarza@energianacional88.com,VERIFIED,85,+528439373202,2026-09-06T14:31:01.692236+00:00
"Energy, Oil, Gas & Mining",ENERGIA DE LAS AMERICAS 11 S.A.P.I. DE C.V.,energiadelasameric.com,Javier Morales,Chief Revenue Officer (CRO),C_SUITE,SALES_MARKETING,jmorales@energiadelasameric.com,VERIFIED,85,+527818665150,2026-09-06T14:31:01.692827+00:00
"Energy, Oil, Gas & Mining",ENERGIA DE OCCIDENTE 9 S.A.P.I. DE C.V.,energiadeoccidente.com.mx,Sofia González,Founder,FOUNDER,EXECUTIVE,sgonzález@energiadeoccidente.com.mx,VERIFIED,85,+526156460726,2026-09-06T14:31:01.692827+00:00
"Energy, Oil, Gas & Mining",ENERGIA GLOBAL S.A.S.,energiaglobal.com.mx,Luis Morales,Chief Human Resources Officer (CHRO),C_SUITE,HR_PEOPLE,lmorales@energiaglobal.com.mx,VERIFIED,85,+526318045639,2026-09-06T14:31:01.692827+00:00
"Energy, Oil, Gas & Mining",ENERGIA GLOBAL S.A.S.,energiaglobal.com.mx,Andrea Treviño,Founder,FOUNDER,EXECUTIVE,atreviño@energiaglobal.com.mx,VERIFIED,85,+524152269463,2026-09-06T14:31:01.692827+00:00
"Energy, Oil, Gas & Mining",ENERGIA GLOBAL 98 S. DE R.L. DE C.V.,energiaglobal.mx,Sofia Hernández,Founder,FOUNDER,EXECUTIVE,shernández@energiaglobal.mx,VERIFIED,85,+526412887388,2026-09-06T14:31:01.692827+00:00
"Energy, Oil, Gas & Mining",ENERGIA GLOBAL 98 S. DE R.L. DE C.V.,energiaglobal.mx,Andrea Martínez,Chief Executive Officer (CEO),C_SUITE,EXECUTIVE,amartínez@energiaglobal.mx,VERIFIED,85,+524583955127,2026-09-06T14:31:01.692827+00:00
"Energy, Oil, Gas & Mining",ENERGIA INTERNACIONAL S.A.P.I. DE C.V.,energiainternacion.com,Miguel Dominguez,Founder,FOUNDER,EXECUTIVE,mdominguez@energiainternacion.com,VERIFIED,85,+524745468663,2026-09-06T14:31:01.697554+00:00
"Energy, Oil, Gas & Mining",ENERGIA INTERNACIONAL S.A.P.I. DE C.V.,energiainternacion.com,Daniel Benítez,Founder,FOUNDER,EXECUTIVE,dbenítez@energiainternacion.com.mx,VERIFIED,85,+527650530146,2026-09-06T14:31:01.697554+00:00
"Energy, Oil, Gas & Mining",ENERGIA INTERNACIONAL S.C.,energiainternacion.mx,Sofia Benítez,Chief Financial Officer (CFO),C_SUITE,FINANCE,sbenítez@energiainternacion.mx,VERIFIED,85,+528393116283,2026-09-06T14:31:01.697554+00:00
"Energy, Oil, Gas & Mining",ENERGIA MODERNA S. DE R.L. DE C.V.,energiamoderna.com,Rodrigo Villaseñor,Chief Executive Officer (CEO),C_SUITE,EXECUTIVE,rvillaseñor@energiamoderna.com,VERIFIED,85,+528877372136,2026-09-06T14:31:01.697554+00:00
"Energy, Oil, Gas & Mining",ENERGIA MODERNA S.A.S.,energiamoderna.com.mx,Gabriel García,Founder,FOUNDER,EXECUTIVE,ggarcía@energiamoderna.com.mx,VERIFIED,85,+529375708715,2026-09-06T14:31:01.697554+00:00
"Energy, Oil, Gas & Mining",ENERGIA MODERNA S.A.S.,energiamoderna.com.mx,Mariana Ruiz,Chief Executive Officer (CEO),C_SUITE,EXECUTIVE,mruiz@energiamoderna.com.mx,VERIFIED,85,+525143294900,2026-09-06T14:31:01.697554+00:00
"Energy, Oil, Gas & Mining",ENERGIA DE OCCIDENTE S.A.S.,energiadeoccidente.com.mx,Miguel González,Chief Human Resources Officer (CHRO),C_SUITE,HR_PEOPLE,mgonzález@energiadeoccidente.com.mx,VERIFIED,85,+528153002471,2026-09-06T14:31:01.697554+00:00
"Energy, Oil, Gas & Mining",ENERGIA DE OCCIDENTE S.A.S.,energiadeoccidente.com.mx,Adriana Hernández,Chief Operating Officer (COO),C_SUITE,OPERATIONS,ahernández@energiadeoccidente.com.mx,VERIFIED,85,+528111844810,2026-09-06T14:31:01.697554+00:00
"Energy, Oil, Gas & Mining",ENERGIA DE OCCIDENTE S.A.S.,energiadeoccidente.com.mx,Patricia Benítez,Chief Revenue Officer (CRO),C_SUITE,SALES_MARKETING,pbenítez@energiadeoccidente.com.mx,VERIFIED,85,+528128660756,2026-09-06T14:31:01.697554+00:00
"Energy, Oil, Gas & Mining",ENERGIA DE OCCIDENTE S.A.S.,energiadeoccidente.com,Daniel Treviño,Chief Financial Officer (CFO),C_SUITE,FINANCE,dtreviño@energiadeoccidente.com,VERIFIED,85,+528172013642,2026-09-06T14:31:01.697554+00:00
"Energy, Oil, Gas & Mining",ENERGIA DE OCCIDENTE S.A.S.,energiadeoccidente.mx,Patricia Navarro,Chief Executive Officer (CEO),C_SUITE,EXECUTIVE,pnavarro@energiadeoccidente.mx,VERIFIED,85,+528127037927,2026-09-06T14:31:01.697554+00:00
"Energy, Oil, Gas & Mining",ENERGIA DE OCCIDENTE S.A.S.,energiadeoccidente.mx,Claudia Vega,Chief Executive Officer (CEO),C_SUITE,EXECUTIVE,cvega@energiadeoccidente.mx,VERIFIED,85,+528126119773,2026-09-06T14:31:01.697554+00:00
"Energy, Oil, Gas & Mining",ENERGIA DE LAS AMERICAS S.A.S.,energiadelasameric.com.mx,Gabriel García,Chief Human Resources Officer (CHRO),C_SUITE,HR_PEOPLE,ggarcía@energiadelasameric.com.mx,VERIFIED,85,+528137183962,2026-09-06T14:31:01.697554+00:00
"Energy, Oil, Gas & Mining",ENERGIA DE LAS AMERICAS S.A.S.,energiadelasameric.com.mx,Andrea Villaseñor,Chief Revenue Officer (CRO),C_SUITE,SALES_MARKETING,avillaseñor@energiadelasameric.com.mx,VERIFIED,85,+528195404754,2026-09-06T14:31:01.697554+00:00
"Energy, Oil, Gas & Mining",ENERGIA MODERNA S.C.,energiamoderna.com,Hector Garza,Founder,FOUNDER,EXECUTIVE,hgarza@energiamoderna.com,VERIFIED,85,+529538505896,2026-09-06T14:31:01.709585+00:00
"Energy, Oil, Gas & Mining",ENERGIA MODERNA S.C.,energiamoderna.com,Luis Hernández,Chief Technology Officer (CTO),C_SUITE,ENGINEERING_IT,lhernández@energiamoderna.com,VERIFIED,85,+526048970064,2026-09-06T14:31:01.709585+00:00
"Energy, Oil, Gas & Mining",ENERGIA MODERNA S.C.,energiamoderna.com,Adriana Navarro,Chief Revenue Officer (CRO),C_SUITE,SALES_MARKETING,anavarro@energiamoderna96.com.mx,VERIFIED,85,+526916243430,2026-09-06T14:31:01.709585+00:00
"Energy, Oil, Gas & Mining",ENERGIA MODERNA S.C.,energiamoderna.com,Guillermo Castro,Founder,FOUNDER,EXECUTIVE,gcastro@energiamoderna.com,VERIFIED,85,+527550968304,2026-09-06T14:31:01.709585+00:00
"Energy, Oil, Gas & Mining",ENERGIA MODERNA S. DE R.L. DE C.V.,energiamoderna72.com.mx,Jorge Dominguez,Chief Operating Officer (COO),C_SUITE,OPERATIONS,jdominguez@energiamoderna72.com.mx,VERIFIED,85,+528570823938,2026-09-06T14:31:01.709585+00:00
"Energy, Oil, Gas & Mining",ENERGIA AVANZADA S.A. DE C.V.,energiaavanzada.com.mx,Patricia Navarro,Founder,FOUNDER,EXECUTIVE,pnavarro@energiaavanzada.com.mx,VERIFIED,85,+527090244016,2026-09-06T14:31:01.709585+00:00
"Energy, Oil, Gas & Mining",ENERGIA AVANZADA S.A. DE C.V.,energiaavanzada.com.mx,David Morales,Chief Revenue Officer (CRO),C_SUITE,SALES_MARKETING,dmorales@energiaavanzada.com.mx,VERIFIED,85,+527564062350,2026-09-06T14:31:01.709585+00:00
"Energy, Oil, Gas & Mining",ENERGIA AVANZADA S.C.,energiaavanzada24.com.mx,Alejandro Alarcón,Chief Operating Officer (COO),C_SUITE,OPERATIONS,aalarcón@energiaavanzada24.com.mx,VERIFIED,85,+527486408674,2026-09-06T14:31:01.709585+00:00
"Energy, Oil, Gas & Mining",ENERGIA AVANZADA S. DE R.L. DE C.V.,energiaavanzada.com,Alejandro González,Chief Financial Officer (CFO),C_SUITE,FINANCE,agonzález@energiaavanzada.com,VERIFIED,85,+527510570455,2026-09-06T14:31:01.709585+00:00
"Energy, Oil, Gas & Mining",ENERGIA AVANZADA S. DE R.L. DE C.V.,energiaavanzada.com,Mariana Castro,Chief Revenue Officer (CRO),C_SUITE,SALES_MARKETING,mcastro@energiaavanzada.com,VERIFIED,85,+526989292529,2026-09-06T14:31:01.709585+00:00
"Energy, Oil, Gas & Mining",ENERGIA INTEGRAL S.A. DE C.V.,energiaintegral.com.mx,Sofia González,Chief Executive Officer (CEO),C_SUITE,EXECUTIVE,sgonzález@energiaintegral.com.mx,VERIFIED,85,+525532669227,2026-09-06T14:31:01.709585+00:00
"Energy, Oil, Gas & Mining",ENERGIA INTEGRAL S.A. DE C.V.,energiaintegral.com.mx,Fernando Morales,Chief Executive Officer (CEO),C_SUITE,EXECUTIVE,fmorales@energiaintegral.com.mx,VERIFIED,85,+525533574595,2026-09-06T14:31:01.709585+00:00
"Energy, Oil, Gas & Mining",ENERGIA INTEGRAL S.A.S.,energiaintegral.com,Luis Treviño,Chief Technology Officer (CTO),C_SUITE,ENGINEERING_IT,ltreviño@energiaintegral.com,VERIFIED,85,+525596276201,2026-09-06T14:31:01.709585+00:00
"Energy, Oil, Gas & Mining",ENERGIA INTEGRAL S.A.S.,energiaintegral.com,Claudia Ruiz,Chief Executive Officer (CEO),C_SUITE,EXECUTIVE,cruiz@energiaintegral.com,VERIFIED,85,+525515539104,2026-09-06T14:31:01.709585+00:00
"Energy, Oil, Gas & Mining",ENERGIA INTEGRAL S.A.B. DE C.V.,energiaintegral86.com.mx,Adriana Ruiz,Chief Technology Officer (CTO),C_SUITE,ENGINEERING_IT,aruiz@energiaintegral86.com.mx,VERIFIED,85,+525590328755,2026-09-06T14:31:01.709585+00:00
"Energy, Oil, Gas & Mining",ENERGIA MEXICANA S.A. DE C.V.,energiamexicana.com,Rodrigo Alarcón,Chief Financial Officer (CFO),C_SUITE,FINANCE,ralarcón@energiamexicana.com,VERIFIED,85,+528199146264,2026-09-06T14:31:01.709585+00:00
"Energy, Oil, Gas & Mining",ENERGIA MEXICANA S.A. DE C.V.,energiamexicana.com.mx,Hector Treviño,Chief Human Resources Officer (CHRO),C_SUITE,HR_PEOPLE,htreviño@energiamexicana.com.mx,VERIFIED,85,+528966121197,2026-09-06T14:31:01.709585+00:00
"Energy, Oil, Gas & Mining",ENERGIA MEXICANA S.A. DE C.V.,energiamexicana.com.mx,Sofia Navarro,Chief Executive Officer (CEO),C_SUITE,EXECUTIVE,snavarro@energiamexicana.com.mx,VERIFIED,85,+527184540379,2026-09-06T14:31:01.709585+00:00
"Energy, Oil, Gas & Mining",ENERGIA MEXICANA 78 S.A.P.I. DE C.V.,energiamexicana23.mx,Gabriel Valenzuela,Chief Operating Officer (COO),C_SUITE,OPERATIONS,gvalenzuela@energiamexicana23.mx,VERIFIED,85,+525663340207,2026-09-06T14:31:01.709585+00:00
"Energy, Oil, Gas & Mining",ENERGIA MEXICANA S.A.B. DE C.V.,energiamexicana.com,Rodrigo García,Chief Executive Officer (CEO),C_SUITE,EXECUTIVE,rgarcía@energiamexicana.com,VERIFIED,85,+524560681242,2026-09-06T14:31:01.722750+00:00
"Energy, Oil, Gas & Mining",ENERGIA MEXICANA S.A.B. DE C.V.,energiamexicana.com,Adriana Mendoza,Chief Human Resources Officer (CHRO),C_SUITE,HR_PEOPLE,amendoza@energiamexicana.com,VERIFIED,85,+529350649708,2026-09-06T14:31:01.722750+00:00
"Energy, Oil, Gas & Mining",ENERGIA MEXICANA S.A.B. DE C.V.,energiamexicana.com,Sofia Benítez,Chief Human Resources Officer (CHRO),C_SUITE,HR_PEOPLE,sbenítez@energiamexicana6.mx,VERIFIED,85,+525869776333,2026-09-06T14:31:01.722750+00:00
"Energy, Oil, Gas & Mining",ENERGIA DE OCCIDENTE S.A.B. DE C.V.,energiadeoccidente.com.mx,David Castro,Chief Executive Officer (CEO),C_SUITE,EXECUTIVE,dcastro@energiadeoccidente.com.mx,VERIFIED,85,+529712784962,2026-09-06T14:31:01.722750+00:00
"Energy, Oil, Gas & Mining",ENERGIA DE LAS AMERICAS S.A.P.I. DE C.V.,energiadelasameric.com,Hector Vega,Chief Operating Officer (COO),C_SUITE,OPERATIONS,hvega@energiadelasameric.com,VERIFIED,85,+528321344000,2026-09-06T14:31:01.722750+00:00
"Energy, Oil, Gas & Mining",ENERGIA DE LAS AMERICAS S.A.P.I. DE C.V.,energiadelasameric.com,Carlos García,Chief Executive Officer (CEO),C_SUITE,EXECUTIVE,cgarcía@energiadelasameric.com.mx,VERIFIED,85,+527433558594,2026-09-06T14:31:01.722750+00:00
"Energy, Oil, Gas & Mining",ENERGIA DE OCCIDENTE S.A. DE C.V.,energiadeoccidente.com,Gabriel Morales,Chief Executive Officer (CEO),C_SUITE,EXECUTIVE,gmorales@energiadeoccidente.com,VERIFIED,85,+527512527713,2026-09-06T14:31:01.722750+00:00
"Energy, Oil, Gas & Mining",ENERGIA NACIONAL S.A.S.,energianacional.com.mx,Gabriel García,Founder,FOUNDER,EXECUTIVE,ggarcía@energianacional.com.mx,VERIFIED,85,+525542684716,2026-09-06T14:31:01.724758+00:00
"Energy, Oil, Gas & Mining",ENERGIA NACIONAL S.A.S.,energianacional.com.mx,Roberto Castro,Chief Executive Officer (CEO),C_SUITE,EXECUTIVE,rcastro@energianacional.com.mx,VERIFIED,85,+525552074664,2026-09-06T14:31:01.724758+00:00
"Energy, Oil, Gas & Mining",ENERGIA NACIONAL S.A.S.,energianacional28.com,Mariana Villaseñor,Chief Executive Officer (CEO),C_SUITE,EXECUTIVE,mvillaseñor@energianacional28.com,VERIFIED,85,+525599315395,2026-09-06T14:31:01.724758+00:00
"Energy, Oil, Gas & Mining",ENERGIA LATINOAMERICANA S.A.P.I. DE C.V.,energialatinoameri.mx,Carlos Valenzuela,Founder,FOUNDER,EXECUTIVE,cvalenzuela@energialatinoameri.mx,VERIFIED,85,+524371697563,2026-09-06T14:31:01.725551+00:00
"Energy, Oil, Gas & Mining",ENERGIA LATINOAMERICANA S.A.P.I. DE C.V.,energialatinoameri.mx,Roberto García,Chief Executive Officer (CEO),C_SUITE,EXECUTIVE,rgarcía@energialatinoameri.mx,VERIFIED,85,+528931983436,2026-09-06T14:31:01.725551+00:00
"Energy, Oil, Gas & Mining",ENERGIA LATINOAMERICANA S.A.P.I. DE C.V.,energialatinoameri.com,Rodrigo Vega,Chief Technology Officer (CTO),C_SUITE,ENGINEERING_IT,rvega@energialatinoameri.com,VERIFIED,85,+525074593517,2026-09-06T14:31:01.725551+00:00
"Energy, Oil, Gas & Mining",ENERGIA LATINOAMERICANA S. DE R.L. DE C.V.,energialatinoameri.com.mx,Andrea Castro,Chief Operating Officer (COO),C_SUITE,OPERATIONS,acastro@energialatinoameri.com.mx,VERIFIED,85,+529727777702,2026-09-06T14:31:01.725551+00:00
"Energy, Oil, Gas & Mining",ENERGIA LATINOAMERICANA S. DE R.L. DE C.V.,energialatinoameri.com.mx,Daniel López,Chief Operating Officer (COO),C_SUITE,OPERATIONS,dlópez@energialatinoameri.com.mx,VERIFIED,85,+528326058030,2026-09-06T14:31:01.725551+00:00
"Energy, Oil, Gas & Mining",ENERGIA LATINOAMERICANA S.A.B. DE C.V.,energialatinoameri.com,Gabriel Benítez,Chief Human Resources Officer (CHRO),C_SUITE,HR_PEOPLE,gbenítez@energialatinoameri.com,VERIFIED,85,+528665014310,2026-09-06T14:31:01.727989+00:00
"Energy, Oil, Gas & Mining",ENERGIA LATINOAMERICANA S.A.B. DE C.V.,energialatinoameri.com,Andrea Dominguez,Chief Executive Officer (CEO),C_SUITE,EXECUTIVE,adominguez@energialatinoameri.com,VERIFIED,85,+525292967353,2026-09-06T14:31:01.727989+00:00
"Energy, Oil, Gas & Mining",ENERGIA LATINOAMERICANA S.A.B. DE C.V.,energialatinoameri.com,Roberto Morales,Founder,FOUNDER,EXECUTIVE,rmorales@energialatinoameri.mx,VERIFIED,85,+526543328884,2026-09-06T14:31:01.727989+00:00
"Energy, Oil, Gas & Mining",ENERGIA LATINOAMERICANA S.A.B. DE C.V.,energialatinoameri.com,Hector Garza,Chief Human Resources Officer (CHRO),C_SUITE,HR_PEOPLE,hgarza@energialatinoameri.com,VERIFIED,85,+525190143878,2026-09-06T14:31:01.727989+00:00
"Energy, Oil, Gas & Mining",ENERGIA LATINOAMERICANA S.A.B. DE C.V.,energialatinoameri.com,Eduardo García,Chief Revenue Officer (CRO),C_SUITE,SALES_MARKETING,egarcía@energialatinoameri.com.mx,VERIFIED,85,+525316882218,2026-09-06T14:31:01.727989+00:00
"Energy, Oil, Gas & Mining",ENERGIA LATINOAMERICANA S.C.,energialatinoameri.mx,Gabriel Castro,Founder,FOUNDER,EXECUTIVE,gcastro@energialatinoameri.mx,VERIFIED,85,+526485800871,2026-09-06T14:31:01.727989+00:00
"Energy, Oil, Gas & Mining",ENERGIA CENTRAL S.A.P.I. DE C.V.,energiacentral.com,Alejandro Vega,Chief Technology Officer (CTO),C_SUITE,ENGINEERING_IT,avega@energiacentral.com,VERIFIED,85,+524752289317,2026-09-06T14:31:01.728422+00:00
"Energy, Oil, Gas & Mining",ENERGIA CENTRAL S.A. DE C.V.,energiacentral23.mx,Adriana Dominguez,Chief Operating Officer (COO),C_SUITE,OPERATIONS,adominguez@energiacentral23.mx,VERIFIED,85,+529196250330,2026-09-06T14:31:01.728422+00:00
"Energy, Oil, Gas & Mining",ENERGIA CENTRAL S.A. DE C.V.,energiacentral23.mx,David Alarcón,Founder,FOUNDER,EXECUTIVE,dalarcón@energiacentral.com.mx,VERIFIED,85,+529024839301,2026-09-06T14:31:01.728422+00:00
"Energy, Oil, Gas & Mining",ENERGIA AVANZADA S.A.B. DE C.V.,energiaavanzada.com.mx,Roberto Valenzuela,Chief Financial Officer (CFO),C_SUITE,FINANCE,rvalenzuela@energiaavanzada.com.mx,VERIFIED,85,+524120862652,2026-09-06T14:31:01.728422+00:00
"Energy, Oil, Gas & Mining",ENERGIA AVANZADA S.C.,energiaavanzada.com,Hector Martínez,Chief Executive Officer (CEO),C_SUITE,EXECUTIVE,hmartínez@energiaavanzada.com,VERIFIED,85,+529643092658,2026-09-06T14:31:01.728422+00:00
"Energy, Oil, Gas & Mining",ENERGIA EMPRESARIAL S.A. DE C.V.,energiaempresarial.mx,Patricia Garza,Chief Financial Officer (CFO),C_SUITE,FINANCE,pgarza@energiaempresarial.mx,VERIFIED,85,+526857014272,2026-09-06T14:31:01.732956+00:00
"Energy, Oil, Gas & Mining",ENERGIA EMPRESARIAL S.A. DE C.V.,energiaempresarial.mx,Alejandro Navarro,Chief Operating Officer (COO),C_SUITE,OPERATIONS,anavarro@energiaempresarial.mx,VERIFIED,85,+525223196450,2026-09-06T14:31:01.732956+00:00
"Energy, Oil, Gas & Mining",ENERGIA EMPRESARIAL S.A. DE C.V.,energiaempresarial.com,Hector Valenzuela,Chief Financial Officer (CFO),C_SUITE,FINANCE,hvalenzuela@energiaempresarial.com,VERIFIED,85,+524685306431,2026-09-06T14:31:01.732956+00:00
"Energy, Oil, Gas & Mining",ENERGIA EMPRESARIAL 68 S. DE R.L. DE C.V.,energiaempresarial.com.mx,Alejandro Ruiz,Chief Operating Officer (COO),C_SUITE,OPERATIONS,aruiz@energiaempresarial.com.mx,VERIFIED,85,+527780878039,2026-09-06T14:31:01.732956+00:00
"Energy, Oil, Gas & Mining",ENERGIA EMPRESARIAL 68 S. DE R.L. DE C.V.,energiaempresarial.com.mx,Guillermo Salinas,Chief Revenue Officer (CRO),C_SUITE,SALES_MARKETING,gsalinas@energiaempresarial.com.mx,VERIFIED,85,+524742112428,2026-09-06T14:31:01.732956+00:00
"Energy, Oil, Gas & Mining",ENERGIA DEL PACIFICO S.A.B. DE C.V.,energiadelpacifico.com.mx,Adriana Hernández,Chief Operating Officer (COO),C_SUITE,OPERATIONS,ahernández@energiadelpacifico.com.mx,VERIFIED,85,+524919919429,2026-09-06T14:31:01.732956+00:00
"Energy, Oil, Gas & Mining",ENERGIA DEL PACIFICO S.A.B. DE C.V.,energiadelpacifico.com.mx,Roberto González,Chief Technology Officer (CTO),C_SUITE,ENGINEERING_IT,rgonzález@energiadelpacifico.mx,VERIFIED,85,+528829875400,2026-09-06T14:31:01.732956+00:00
"Energy, Oil, Gas & Mining",ENERGIA DEL PACIFICO S.A.B. DE C.V.,energiadelpacifico.com.mx,Gabriel López,Chief Financial Officer (CFO),C_SUITE,FINANCE,glópez@energiadelpacifico.com.mx,VERIFIED,85,+526538930502,2026-09-06T14:31:01.732956+00:00
"Energy, Oil, Gas & Mining",ENERGIA DEL BAJIO S.A. DE C.V.,energiadelbajio35.com,Luis Hernández,Chief Technology Officer (CTO),C_SUITE,ENGINEERING_IT,lhernández@energiadelbajio35.com,VERIFIED,85,+526153394558,2026-09-06T14:31:01.732956+00:00
"Energy, Oil, Gas & Mining",ENERGIA DEL BAJIO S.C.,energiadelbajio.com.mx,Alejandro Morales,Chief Operating Officer (COO),C_SUITE,OPERATIONS,amorales@energiadelbajio.com.mx,VERIFIED,85,+526413553149,2026-09-06T14:31:01.732956+00:00
"Energy, Oil, Gas & Mining",ENERGIA DEL BAJIO S.C.,energiadelbajio.com.mx,Claudia Mendoza,Chief Operating Officer (COO),C_SUITE,OPERATIONS,cmendoza@energiadelbajio12.com.mx,VERIFIED,85,+529481328605,2026-09-06T14:31:01.732956+00:00
"Energy, Oil, Gas & Mining",ENERGIA DEL PACIFICO S. DE R.L. DE C.V.,energiadelpacifico.com,Fernando Ruiz,Chief Human Resources Officer (CHRO),C_SUITE,HR_PEOPLE,fruiz@energiadelpacifico.com,VERIFIED,85,+526212782126,2026-09-06T14:31:01.732956+00:00
"Energy, Oil, Gas & Mining",ENERGIA DEL PACIFICO S. DE R.L. DE C.V.,energiadelpacifico.com,Gabriel Hernández,Chief Operating Officer (COO),C_SUITE,OPERATIONS,ghernández@energiadelpacifico.com,VERIFIED,85,+528367346555,2026-09-06T14:31:01.732956+00:00
"Energy, Oil, Gas & Mining",ENERGIA DEL NORTE S.C.,energiadelnorte.com.mx,David López,Chief Revenue Officer (CRO),C_SUITE,SALES_MARKETING,dlópez@energiadelnorte.com.mx,VERIFIED,85,+528085178607,2026-09-06T14:31:01.732956+00:00
"Energy, Oil, Gas & Mining",ENERGIA DEL NORTE 83 S. DE R.L. DE C.V.,energiadelnorte.mx,David Ruiz,Chief Revenue Officer (CRO),C_SUITE,SALES_MARKETING,druiz@energiadelnorte.mx,VERIFIED,85,+524887914693,2026-09-06T14:31:01.732956+00:00
"Energy, Oil, Gas & Mining",ENERGIA INTEGRAL S.A.B. DE C.V.,energiaintegral.mx,Alejandro Dominguez,Chief Revenue Officer (CRO),C_SUITE,SALES_MARKETING,adominguez@energiaintegral.mx,VERIFIED,85,+525615011498,2026-09-06T14:31:01.732956+00:00
"Energy, Oil, Gas & Mining",ENERGIA INTEGRAL 55 S.A.S.,energiaintegral.com,Adriana Villaseñor,Chief Financial Officer (CFO),C_SUITE,FINANCE,avillaseñor@energiaintegral.com,VERIFIED,85,+528914993621,2026-09-06T14:31:01.732956+00:00
"Energy, Oil, Gas & Mining",ENERGIA INDUSTRIAL S.A.B. DE C.V.,energiaindustrial7.mx,David Vega,Chief Financial Officer (CFO),C_SUITE,FINANCE,dvega@energiaindustrial7.mx,VERIFIED,85,+528948201946,2026-09-06T14:31:01.732956+00:00
"Energy, Oil, Gas & Mining",ENERGIA INDUSTRIAL S.A.S.,energiaindustrial.mx,Javier Mendoza,Chief Executive Officer (CEO),C_SUITE,EXECUTIVE,jmendoza@energiaindustrial.mx,VERIFIED,85,+527556034266,2026-09-06T14:31:01.732956+00:00
"Energy, Oil, Gas & Mining",ENERGIA INDUSTRIAL S.A.S.,energiaindustrial.com,Daniel Martínez,Chief Technology Officer (CTO),C_SUITE,ENGINEERING_IT,dmartínez@energiaindustrial.com,VERIFIED,85,+526317180545,2026-09-06T14:31:01.732956+00:00
"Energy, Oil, Gas & Mining",ENERGIA MODERNA S.A.P.I. DE C.V.,energiamoderna.mx,Sofia Treviño,Chief Technology Officer (CTO),C_SUITE,ENGINEERING_IT,streviño@energiamoderna.mx,VERIFIED,85,+524993144474,2026-09-06T14:31:01.738523+00:00
"Energy, Oil, Gas & Mining",ENERGIA DINAMICA S.C.,energiadinamica.com,Jorge Morales,Chief Executive Officer (CEO),C_SUITE,EXECUTIVE,jmorales@energiadinamica.com,VERIFIED,85,+525514112900,2026-09-06T14:31:01.738523+00:00
"Energy, Oil, Gas & Mining",ENERGIA DINAMICA S.C.,energiadinamica.com,Hector García,Founder,FOUNDER,EXECUTIVE,hgarcía@energiadinamica.com,VERIFIED,85,+525529192231,2026-09-06T14:31:01.738523+00:00
"Energy, Oil, Gas & Mining",ENERGIA DINAMICA S.C.,energiadinamica.com,Daniel Hernández,Chief Operating Officer (COO),C_SUITE,OPERATIONS,dhernández@energiadinamica.com,VERIFIED,85,+525570045300,2026-09-06T14:31:01.738523+00:00
"Energy, Oil, Gas & Mining",ENERGIA DINAMICA S.C.,energiadinamica.com,Fernando Garza,Chief Financial Officer (CFO),C_SUITE,FINANCE,fgarza@energiadinamica.com,VERIFIED,85,+525565260606,2026-09-06T14:31:01.738523+00:00
"Energy, Oil, Gas & Mining",ENERGIA DINAMICA 40 S.A.B. DE C.V.,energiadinamica.com.mx,Guillermo Benítez,Chief Human Resources Officer (CHRO),C_SUITE,HR_PEOPLE,gbenítez@energiadinamica.com.mx,VERIFIED,85,+525561597270,2026-09-06T14:31:01.738523+00:00
"Energy, Oil, Gas & Mining",ENERGIA DINAMICA S.C.,energiadinamica.mx,Hector Morales,Chief Revenue Officer (CRO),C_SUITE,SALES_MARKETING,hmorales@energiadinamica.mx,VERIFIED,85,+525552070404,2026-09-06T14:31:01.738523+00:00
"Energy, Oil, Gas & Mining",ENERGIA LATINOAMERICANA S.C.,energialatinoameri.mx,Carlos Treviño,Chief Revenue Officer (CRO),C_SUITE,SALES_MARKETING,ctreviño@energialatinoameri.mx,VERIFIED,85,+525688057496,2026-09-06T14:31:01.738523+00:00
"Energy, Oil, Gas & Mining",ENERGIA AVANZADA S.A.P.I. DE C.V.,energiaavanzada63.com,Mariana Treviño,Chief Financial Officer (CFO),C_SUITE,FINANCE,mtreviño@energiaavanzada63.com,VERIFIED,85,+527087699805,2026-09-06T14:31:01.742373+00:00
"Energy, Oil, Gas & Mining",ENERGIA AVANZADA S.A. DE C.V.,energiaavanzada72.com,Andrea Villaseñor,Chief Human Resources Officer (CHRO),C_SUITE,HR_PEOPLE,avillaseñor@energiaavanzada72.com,VERIFIED,85,+528335315860,2026-09-06T14:31:01.742373+00:00
"Energy, Oil, Gas & Mining",ENERGIA AVANZADA S.A. DE C.V.,energiaavanzada72.com,Roberto Treviño,Chief Revenue Officer (CRO),C_SUITE,SALES_MARKETING,rtreviño@energiaavanzada.mx,VERIFIED,85,+529594369572,2026-09-06T14:31:01.742373+00:00
"Energy, Oil, Gas & Mining",ENERGIA AVANZADA 97 S.A.P.I. DE C.V.,energiaavanzada.mx,Fernando Garza,Chief Human Resources Officer (CHRO),C_SUITE,HR_PEOPLE,fgarza@energiaavanzada.mx,VERIFIED,85,+529778698020,2026-09-06T14:31:01.742373+00:00
"Energy, Oil, Gas & Mining",ENERGIA INDUSTRIAL S.A.P.I. DE C.V.,energiaindustrial.mx,Alejandro Ruiz,Chief Human Resources Officer (CHRO),C_SUITE,HR_PEOPLE,aruiz@energiaindustrial.mx,VERIFIED,85,+529684457074,2026-09-06T14:31:01.743007+00:00
"Energy, Oil, Gas & Mining",ENERGIA INDUSTRIAL S.A. DE C.V.,energiaindustrial.com.mx,Gabriel García,Founder,FOUNDER,EXECUTIVE,ggarcía@energiaindustrial.com.mx,VERIFIED,85,+527011037806,2026-09-06T14:31:01.743007+00:00
"Energy, Oil, Gas & Mining",ENERGIA AVANZADA 91 S.A.B. DE C.V.,energiaavanzada.com.mx,Sofia Mendoza,Chief Executive Officer (CEO),C_SUITE,EXECUTIVE,smendoza@energiaavanzada.com.mx,VERIFIED,85,+524379577709,2026-09-06T14:31:01.743988+00:00
"Energy, Oil, Gas & Mining",ENERGIA AVANZADA 91 S.A.B. DE C.V.,energiaavanzada.com.mx,Hector Valenzuela,Chief Executive Officer (CEO),C_SUITE,EXECUTIVE,hvalenzuela@energiaavanzada.com.mx,VERIFIED,85,+525723180538,2026-09-06T14:31:01.743988+00:00
"Energy, Oil, Gas & Mining",ENERGIA AVANZADA 91 S.A.B. DE C.V.,energiaavanzada.com.mx,Javier Vega,Founder,FOUNDER,EXECUTIVE,jvega@energiaavanzada.com.mx,VERIFIED,85,+529540294687,2026-09-06T14:31:01.743988+00:00
"Energy, Oil, Gas & Mining",ENERGIA INTERNACIONAL S.A.S.,energiainternacion.mx,Fernando Castro,Chief Human Resources Officer (CHRO),C_SUITE,HR_PEOPLE,fcastro@energiainternacion.mx,VERIFIED,85,+528172619755,2026-09-06T14:31:01.744992+00:00
"Energy, Oil, Gas & Mining",ENERGIA INTERNACIONAL S. DE R.L. DE C.V.,energiainternacion.com,Jorge Valenzuela,Chief Revenue Officer (CRO),C_SUITE,SALES_MARKETING,jvalenzuela@energiainternacion.com,VERIFIED,85,+529149575297,2026-09-06T14:31:01.744992+00:00
"Energy, Oil, Gas & Mining",ENERGIA INTERNACIONAL S. DE R.L. DE C.V.,energiainternacion.com,Carlos Villaseñor,Chief Revenue Officer (CRO),C_SUITE,SALES_MARKETING,cvillaseñor@energiainternacion.com,VERIFIED,85,+525379842182,2026-09-06T14:31:01.744992+00:00
"Energy, Oil, Gas & Mining",ENERGIA INTERNACIONAL S. DE R.L. DE C.V.,energiainternacion.com,Alejandro Garza,Founder,FOUNDER,EXECUTIVE,agarza@energiainternacion.com,VERIFIED,85,+526064537543,2026-09-06T14:31:01.744992+00:00
"Energy, Oil, Gas & Mining",ENERGIA GLOBAL S.A.S.,energiaglobal.mx,Sofia Morales,Chief Operating Officer (COO),C_SUITE,OPERATIONS,smorales@energiaglobal.mx,VERIFIED,85,+524467820483,2026-09-06T14:31:01.747516+00:00
"Energy, Oil, Gas & Mining",ENERGIA GLOBAL S.A.S.,energiaglobal.mx,Roberto Salinas,Chief Financial Officer (CFO),C_SUITE,FINANCE,rsalinas@energiaglobal97.com,VERIFIED,85,+525982944849,2026-09-06T14:31:01.747516+00:00
"Energy, Oil, Gas & Mining",ENERGIA GLOBAL S.C.,energiaglobal95.mx,Javier Salinas,Chief Executive Officer (CEO),C_SUITE,EXECUTIVE,jsalinas@energiaglobal95.mx,VERIFIED,85,+525454117297,2026-09-06T14:31:01.747516+00:00
"Energy, Oil, Gas & Mining",ENERGIA GLOBAL S.A. DE C.V.,energiaglobal.com,Daniel Mendoza,Chief Human Resources Officer (CHRO),C_SUITE,HR_PEOPLE,dmendoza@energiaglobal.com,VERIFIED,85,+527697653114,2026-09-06T14:31:01.747516+00:00
"Energy, Oil, Gas & Mining",ENERGIA CENTRAL S.A.S.,energiacentral89.com,Andrea Vega,Chief Executive Officer (CEO),C_SUITE,EXECUTIVE,avega@energiacentral89.com,VERIFIED,85,+525518436606,2026-09-06T14:31:01.747516+00:00
"Energy, Oil, Gas & Mining",ENERGIA CENTRAL S.C.,energiacentral.mx,Claudia Valenzuela,Chief Technology Officer (CTO),C_SUITE,ENGINEERING_IT,cvalenzuela@energiacentral.mx,VERIFIED,85,+525552215869,2026-09-06T14:31:01.747516+00:00
"Energy, Oil, Gas & Mining",ENERGIA CENTRAL S.C.,energiacentral.mx,Guillermo Vega,Chief Human Resources Officer (CHRO),C_SUITE,HR_PEOPLE,gvega@energiacentral.mx,VERIFIED,85,+525582970828,2026-09-06T14:31:01.747516+00:00
"Energy, Oil, Gas & Mining",ENERGIA CENTRAL S.A.P.I. DE C.V.,energiacentral64.com.mx,Luis Villaseñor,Founder,FOUNDER,EXECUTIVE,lvillaseñor@energiacentral64.com.mx,VERIFIED,85,+525584290414,2026-09-06T14:31:01.747516+00:00
"Energy, Oil, Gas & Mining",ENERGIA MEXICANA S.A.P.I. DE C.V.,energiamexicana.com.mx,Hector Navarro,Chief Technology Officer (CTO),C_SUITE,ENGINEERING_IT,hnavarro@energiamexicana.com.mx,VERIFIED,85,+529378307924,2026-09-06T14:31:01.747516+00:00
"Energy, Oil, Gas & Mining",ENERGIA MEXICANA 63 S.A.S.,energiamexicana29.com,Carlos Treviño,Chief Executive Officer (CEO),C_SUITE,EXECUTIVE,ctreviño@energiamexicana29.com,VERIFIED,85,+528428345691,2026-09-06T14:31:01.747516+00:00
"Energy, Oil, Gas & Mining",ENERGIA MEXICANA S.A.B. DE C.V.,energiamexicana.mx,Patricia Ruiz,Chief Technology Officer (CTO),C_SUITE,ENGINEERING_IT,pruiz@energiamexicana.mx,VERIFIED,85,+525133626825,2026-09-06T14:31:01.747516+00:00
"Energy, Oil, Gas & Mining",ENERGIA MEXICANA S.A.P.I. DE C.V.,energiamexicana95.com.mx,Eduardo Martínez,Chief Technology Officer (CTO),C_SUITE,ENGINEERING_IT,emartínez@energiamexicana95.com.mx,VERIFIED,85,+525783738380,2026-09-06T14:31:01.747516+00:00
"Energy, Oil, Gas & Mining",ENERGIA MEXICANA 30 S.A.B. DE C.V.,energiamexicana.com,David Ruiz,Founder,FOUNDER,EXECUTIVE,druiz@energiamexicana.com,VERIFIED,85,+528471774768,2026-09-06T14:31:01.747516+00:00
"Energy, Oil, Gas & Mining",ENERGIA INDUSTRIAL S.A. DE C.V.,energiaindustrial.com.mx,Patricia Benítez,Chief Executive Officer (CEO),C_SUITE,EXECUTIVE,pbenítez@energiaindustrial.com.mx,VERIFIED,85,+528277489033,2026-09-06T14:31:01.747516+00:00
"Energy, Oil, Gas & Mining",ENERGIA INDUSTRIAL S.A. DE C.V.,energiaindustrial.com.mx,Roberto García,Chief Human Resources Officer (CHRO),C_SUITE,HR_PEOPLE,rgarcía@energiaindustrial.com.mx,VERIFIED,85,+527685526710,2026-09-06T14:31:01.747516+00:00
"Energy, Oil, Gas & Mining",ENERGIA INDUSTRIAL 91 S.A.S.,energiaindustrial1.com.mx,Eduardo Dominguez,Chief Executive Officer (CEO),C_SUITE,EXECUTIVE,edominguez@energiaindustrial1.com.mx,VERIFIED,85,+528220291950,2026-09-06T14:31:01.747516+00:00
"Energy, Oil, Gas & Mining",ENERGIA INDUSTRIAL S.C.,energiaindustrial.mx,Hector Salinas,Chief Executive Officer (CEO),C_SUITE,EXECUTIVE,hsalinas@energiaindustrial.mx,VERIFIED,85,+527398887097,2026-09-06T14:31:01.747516+00:00
"Energy, Oil, Gas & Mining",ENERGIA INDUSTRIAL S. DE R.L. DE C.V.,energiaindustrial.com.mx,Mariana López,Chief Executive Officer (CEO),C_SUITE,EXECUTIVE,mlópez@energiaindustrial.com.mx,VERIFIED,85,+525531880349,2026-09-06T14:31:01.747516+00:00
"Energy, Oil, Gas & Mining",ENERGIA INDUSTRIAL S.A.B. DE C.V.,energiaindustrial9.com.mx,Jorge Alarcón,Chief Revenue Officer (CRO),C_SUITE,SALES_MARKETING,jalarcón@energiaindustrial9.com.mx,VERIFIED,85,+525526869719,2026-09-06T14:31:01.747516+00:00
"Energy, Oil, Gas & Mining",ENERGIA INDUSTRIAL 57 S.A. DE C.V.,energiaindustrial.com,Miguel Alarcón,Chief Technology Officer (CTO),C_SUITE,ENGINEERING_IT,malarcón@energiaindustrial.com,VERIFIED,85,+525592007266,2026-09-06T14:31:01.747516+00:00
"Energy, Oil, Gas & Mining",ENERGIA INDUSTRIAL S.C.,energiaindustrial.mx,Carlos Vega,Chief Revenue Officer (CRO),C_SUITE,SALES_MARKETING,cvega@energiaindustrial.mx,VERIFIED,85,+525593651783,2026-09-06T14:31:01.747516+00:00
"Energy, Oil, Gas & Mining",ENERGIA NACIONAL 24 S.C.,energianacional.com.mx,Mariana Vega,Chief Revenue Officer (CRO),C_SUITE,SALES_MARKETING,mvega@energianacional.com.mx,VERIFIED,85,+524991410156,2026-09-06T14:31:01.747516+00:00
"Energy, Oil, Gas & Mining",ENERGIA NACIONAL S.A.B. DE C.V.,energianacional.com,Carlos Martínez,Chief Revenue Officer (CRO),C_SUITE,SALES_MARKETING,cmartínez@energianacional.com,VERIFIED,85,+524593130274,2026-09-06T14:31:01.747516+00:00
"Energy, Oil, Gas & Mining",ENERGIA NACIONAL S.A.B. DE C.V.,energianacional.com,Sofia Benítez,Chief Human Resources Officer (CHRO),C_SUITE,HR_PEOPLE,sbenítez@energianacional96.com,VERIFIED,85,+525187711581,2026-09-06T14:31:01.747516+00:00
"Energy, Oil, Gas & Mining",ENERGIA NACIONAL S.A.B. DE C.V.,energianacional.com,Rodrigo González,Founder,FOUNDER,EXECUTIVE,rgonzález@energianacional.com,VERIFIED,85,+525677858397,2026-09-06T14:31:01.747516+00:00
"Energy, Oil, Gas & Mining",ENERGIA LATINOAMERICANA S.A.P.I. DE C.V.,energialatinoameri.com,Gabriel Dominguez,Chief Technology Officer (CTO),C_SUITE,ENGINEERING_IT,gdominguez@energialatinoameri.com,VERIFIED,85,+529681994929,2026-09-06T14:31:01.747516+00:00
"Energy, Oil, Gas & Mining",ENERGIA LATINOAMERICANA S.A.P.I. DE C.V.,energialatinoameri.com,Andrea Salinas,Chief Technology Officer (CTO),C_SUITE,ENGINEERING_IT,asalinas@energialatinoameri.com,VERIFIED,85,+524569484973,2026-09-06T14:31:01.747516+00:00
"Energy, Oil, Gas & Mining",ENERGIA INDUSTRIAL S.A.B. DE C.V.,energiaindustrial6.com,Jorge González,Chief Executive Officer (CEO),C_SUITE,EXECUTIVE,jgonzález@energiaindustrial6.com,VERIFIED,85,+529520499225,2026-09-06T14:31:01.747516+00:00
"Energy, Oil, Gas & Mining",ENERGIA INDUSTRIAL S.A.B. DE C.V.,energiaindustrial6.com,Mariana Villaseñor,Chief Technology Officer (CTO),C_SUITE,ENGINEERING_IT,mvillaseñor@energiaindustrial.mx,VERIFIED,85,+528382160609,2026-09-06T14:31:01.747516+00:00
"Energy, Oil, Gas & Mining",ENERGIA INDUSTRIAL S. DE R.L. DE C.V.,energiaindustrial7.com.mx,Rodrigo Mendoza,Chief Technology Officer (CTO),C_SUITE,ENGINEERING_IT,rmendoza@energiaindustrial7.com.mx,VERIFIED,85,+525950358508,2026-09-06T14:31:01.747516+00:00
"Energy, Oil, Gas & Mining",ENERGIA INDUSTRIAL S.A.S.,energiaindustrial.com.mx,Eduardo González,Chief Executive Officer (CEO),C_SUITE,EXECUTIVE,egonzález@energiaindustrial.com.mx,VERIFIED,85,+529170908144,2026-09-06T14:31:01.747516+00:00
"Energy, Oil, Gas & Mining",ENERGIA INDUSTRIAL S.A.S.,energiaindustrial.com.mx,Sofia Alarcón,Chief Technology Officer (CTO),C_SUITE,ENGINEERING_IT,salarcón@energiaindustrial.com.mx,VERIFIED,85,+527246756036,2026-09-06T14:31:01.747516+00:00
"Energy, Oil, Gas & Mining",ENERGIA INDUSTRIAL 37 S.A.P.I. DE C.V.,energiaindustrial.com.mx,Mariana Navarro,Chief Financial Officer (CFO),C_SUITE,FINANCE,mnavarro@energiaindustrial.com.mx,VERIFIED,85,+523345246973,2026-09-06T14:31:01.747516+00:00
"Energy, Oil, Gas & Mining",ENERGIA INDUSTRIAL 46 S. DE R.L. DE C.V.,energiaindustrial.com,Javier García,Chief Technology Officer (CTO),C_SUITE,ENGINEERING_IT,jgarcía@energiaindustrial.com,VERIFIED,85,+523345587128,2026-09-06T14:31:01.747516+00:00
"Energy, Oil, Gas & Mining",ENERGIA GLOBAL S.C.,energiaglobal.com.mx,Carlos Alarcón,Chief Executive Officer (CEO),C_SUITE,EXECUTIVE,calarcón@energiaglobal.com.mx,VERIFIED,85,+529435391413,2026-09-06T14:31:01.760926+00:00
"Energy, Oil, Gas & Mining",ENERGIA GLOBAL S.C.,energiaglobal.com.mx,David Garza,Chief Human Resources Officer (CHRO),C_SUITE,HR_PEOPLE,dgarza@energiaglobal.com.mx,VERIFIED,85,+527211987077,2026-09-06T14:31:01.760926+00:00
"Energy, Oil, Gas & Mining",ENERGIA INDUSTRIAL S.A. DE C.V.,energiaindustrial.com.mx,Alejandro Alarcón,Founder,FOUNDER,EXECUTIVE,aalarcón@energiaindustrial.com.mx,VERIFIED,85,+526043509048,2026-09-06T14:31:01.760926+00:00
"Energy, Oil, Gas & Mining",ENERGIA INDUSTRIAL S.A. DE C.V.,energiaindustrial.com.mx,Javier Villaseñor,Founder,FOUNDER,EXECUTIVE,jvillaseñor@energiaindustrial.com.mx,VERIFIED,85,+524710752246,2026-09-06T14:31:01.760926+00:00
"Energy, Oil, Gas & Mining",ENERGIA INDUSTRIAL S.A. DE C.V.,energiaindustrial.com,Guillermo Navarro,Founder,FOUNDER,EXECUTIVE,gnavarro@energiaindustrial.com,VERIFIED,85,+528755510314,2026-09-06T14:31:01.760926+00:00
"Energy, Oil, Gas & Mining",ENERGIA INTEGRAL S.A. DE C.V.,energiaintegral.com.mx,Rodrigo Castro,Chief Executive Officer (CEO),C_SUITE,EXECUTIVE,rcastro@energiaintegral.com.mx,VERIFIED,85,+527763660455,2026-09-06T14:31:01.760926+00:00
"Energy, Oil, Gas & Mining",ENERGIA INTEGRAL S.A. DE C.V.,energiaintegral.com.mx,Gabriel Valenzuela,Founder,FOUNDER,EXECUTIVE,gvalenzuela@energiaintegral.mx,VERIFIED,85,+527261967301,2026-09-06T14:31:01.760926+00:00
"Energy, Oil, Gas & Mining",ENERGIA INTEGRAL S.A. DE C.V.,energiaintegral46.mx,Luis Hernández,Chief Executive Officer (CEO),C_SUITE,EXECUTIVE,lhernández@energiaintegral46.mx,VERIFIED,85,+528121318889,2026-09-06T14:31:01.760926+00:00
"Energy, Oil, Gas & Mining",ENERGIA INTEGRAL 93 S.A.S.,energiaintegral.com,Mariana Castro,Chief Operating Officer (COO),C_SUITE,OPERATIONS,mcastro@energiaintegral.com,VERIFIED,85,+529531388702,2026-09-06T14:31:01.760926+00:00
"Energy, Oil, Gas & Mining",ENERGIA MEXICANA S.A.B. DE C.V.,energiamexicana.mx,Mariana Villaseñor,Chief Operating Officer (COO),C_SUITE,OPERATIONS,mvillaseñor@energiamexicana.mx,VERIFIED,85,+525550868802,2026-09-06T14:31:01.760926+00:00
"Energy, Oil, Gas & Mining",ENERGIA AVANZADA S.C.,energiaavanzada.com.mx,Eduardo Martínez,Founder,FOUNDER,EXECUTIVE,emartínez@energiaavanzada.com.mx,VERIFIED,85,+523343662272,2026-09-06T14:31:01.760926+00:00
"Energy, Oil, Gas & Mining",ENERGIA DINAMICA S.A.S.,energiadinamica.com,David Dominguez,Chief Technology Officer (CTO),C_SUITE,ENGINEERING_IT,ddominguez@energiadinamica.com,VERIFIED,85,+527830324325,2026-09-06T14:31:01.760926+00:00
"Energy, Oil, Gas & Mining",ENERGIA DINAMICA S.A.S.,energiadinamica.com,Daniel López,Chief Operating Officer (COO),C_SUITE,OPERATIONS,dlópez@energiadinamica.com,VERIFIED,85,+526782766891,2026-09-06T14:31:01.760926+00:00
"Energy, Oil, Gas & Mining",ENERGIA DINAMICA S.A.S.,energiadinamica.com,Claudia López,Chief Technology Officer (CTO),C_SUITE,ENGINEERING_IT,clópez@energiadinamica.com,VERIFIED,85,+526752328578,2026-09-06T14:31:01.760926+00:00
"Energy, Oil, Gas & Mining",ENERGIA ESPECIALIZADA S. DE R.L. DE C.V.,energiaespecializa.mx,Roberto Valenzuela,Founder,FOUNDER,EXECUTIVE,rvalenzuela@energiaespecializa.mx,VERIFIED,85,+528528648563,2026-09-06T14:31:01.760926+00:00
"Energy, Oil, Gas & Mining",ENERGIA ESPECIALIZADA S. DE R.L. DE C.V.,energiaespecializa.mx,Adriana Morales,Chief Executive Officer (CEO),C_SUITE,EXECUTIVE,amorales@energiaespecializa.mx,VERIFIED,85,+527458565086,2026-09-06T14:31:01.760926+00:00
"Energy, Oil, Gas & Mining",ENERGIA ESPECIALIZADA S.A.S.,energiaespecializa.com.mx,Hector Garza,Chief Technology Officer (CTO),C_SUITE,ENGINEERING_IT,hgarza@energiaespecializa.com.mx,VERIFIED,85,+529094569255,2026-09-06T14:31:01.760926+00:00
"Energy, Oil, Gas & Mining",ENERGIA LATINOAMERICANA S. DE R.L. DE C.V.,energialatinoameri.com.mx,Guillermo Villaseñor,Chief Revenue Officer (CRO),C_SUITE,SALES_MARKETING,gvillaseñor@energialatinoameri.com.mx,VERIFIED,85,+528117555883,2026-09-06T14:31:01.760926+00:00
"Energy, Oil, Gas & Mining",ENERGIA LATINOAMERICANA S. DE R.L. DE C.V.,energialatinoameri.com.mx,Mariana Benítez,Chief Executive Officer (CEO),C_SUITE,EXECUTIVE,mbenítez@energialatinoameri.com.mx,VERIFIED,85,+528198903429,2026-09-06T14:31:01.760926+00:00
"Energy, Oil, Gas & Mining",ENERGIA LATINOAMERICANA S.C.,energialatinoameri.com,Daniel Mendoza,Chief Financial Officer (CFO),C_SUITE,FINANCE,dmendoza@energialatinoameri.com,VERIFIED,85,+524994183549,2026-09-06T14:31:01.760926+00:00
"Energy, Oil, Gas & Mining",ENERGIA CENTRAL S.A.P.I. DE C.V.,energiacentral23.com,Carlos Navarro,Chief Executive Officer (CEO),C_SUITE,EXECUTIVE,cnavarro@energiacentral23.com,VERIFIED,85,+527496551374,2026-09-06T14:31:01.760926+00:00
"Energy, Oil, Gas & Mining",ENERGIA CENTRAL S.A.P.I. DE C.V.,energiacentral23.com,Adriana Hernández,Chief Human Resources Officer (CHRO),C_SUITE,HR_PEOPLE,ahernández@energiacentral.com,VERIFIED,85,+526884648900,2026-09-06T14:31:01.760926+00:00
"Energy, Oil, Gas & Mining",ENERGIA CENTRAL S. DE R.L. DE C.V.,energiacentral.com.mx,Miguel Mendoza,Chief Financial Officer (CFO),C_SUITE,FINANCE,mmendoza@energiacentral.com.mx,VERIFIED,85,+529664640200,2026-09-06T14:31:01.760926+00:00
"Energy, Oil, Gas & Mining",ENERGIA INTEGRAL S. DE R.L. DE C.V.,energiaintegral.com,Hector Ruiz,Chief Technology Officer (CTO),C_SUITE,ENGINEERING_IT,hruiz@energiaintegral.com,VERIFIED,85,+529262637853,2026-09-06T14:31:01.760926+00:00
"Energy, Oil, Gas & Mining",ENERGIA INTEGRAL 59 S.A.B. DE C.V.,energiaintegral.mx,Andrea Villaseñor,Chief Revenue Officer (CRO),C_SUITE,SALES_MARKETING,avillaseñor@energiaintegral.mx,VERIFIED,85,+529660825965,2026-09-06T14:31:01.760926+00:00
"Energy, Oil, Gas & Mining",ENERGIA INTEGRAL 59 S.A.B. DE C.V.,energiaintegral.mx,Fernando García,Chief Financial Officer (CFO),C_SUITE,FINANCE,fgarcía@energiaintegral.mx,VERIFIED,85,+525092195731,2026-09-06T14:31:01.760926+00:00
"Energy, Oil, Gas & Mining",ENERGIA INTEGRAL S.A.P.I. DE C.V.,energiaintegral.com.mx,Fernando Hernández,Chief Revenue Officer (CRO),C_SUITE,SALES_MARKETING,fhernández@energiaintegral.com.mx,VERIFIED,85,+524254035049,2026-09-06T14:31:01.760926+00:00
"Energy, Oil, Gas & Mining",ENERGIA LATINOAMERICANA S.A.P.I. DE C.V.,energialatinoameri.mx,Miguel Vega,Chief Human Resources Officer (CHRO),C_SUITE,HR_PEOPLE,mvega@energialatinoameri.mx,VERIFIED,85,+524661943108,2026-09-06T14:31:01.760926+00:00
"Energy, Oil, Gas & Mining",ENERGIA LATINOAMERICANA S.A.P.I. DE C.V.,energialatinoameri.mx,Patricia Garza,Chief Financial Officer (CFO),C_SUITE,FINANCE,pgarza@energialatinoameri.mx,VERIFIED,85,+526163797836,2026-09-06T14:31:01.760926+00:00
"Energy, Oil, Gas & Mining",ENERGIA LATINOAMERICANA S.A.P.I. DE C.V.,energialatinoameri.mx,Hector Treviño,Chief Executive Officer (CEO),C_SUITE,EXECUTIVE,htreviño@energialatinoameri.mx,VERIFIED,85,+529042935626,2026-09-06T14:31:01.760926+00:00
"Energy, Oil, Gas & Mining",ENERGIA LATINOAMERICANA S. DE R.L. DE C.V.,energialatinoameri.com.mx,Carlos Navarro,Chief Technology Officer (CTO),C_SUITE,ENGINEERING_IT,cnavarro@energialatinoameri.com.mx,VERIFIED,85,+527962136667,2026-09-06T14:31:01.760926+00:00
"Energy, Oil, Gas & Mining",ENERGIA MEXICANA 93 S.A.B. DE C.V.,energiamexicana.mx,Luis Mendoza,Chief Revenue Officer (CRO),C_SUITE,SALES_MARKETING,lmendoza@energiamexicana.mx,VERIFIED,85,+529781076882,2026-09-06T14:31:01.777989+00:00
"Energy, Oil, Gas & Mining",ENERGIA MEXICANA 93 S.A.B. DE C.V.,energiamexicana.mx,Alejandro Garza,Chief Operating Officer (COO),C_SUITE,OPERATIONS,agarza@energiamexicana.mx,VERIFIED,85,+527293850290,2026-09-06T14:31:01.777989+00:00
"Energy, Oil, Gas & Mining",ENERGIA MEXICANA S.A. DE C.V.,energiamexicana.com.mx,Sofia Hernández,Chief Financial Officer (CFO),C_SUITE,FINANCE,shernández@energiamexicana.com.mx,VERIFIED,85,+527755377763,2026-09-06T14:31:01.777989+00:00
"Energy, Oil, Gas & Mining",ENERGIA MEXICANA S.A.S.,energiamexicana16.com.mx,Eduardo Mendoza,Founder,FOUNDER,EXECUTIVE,emendoza@energiamexicana16.com.mx,VERIFIED,85,+529895321623,2026-09-06T14:31:01.777989+00:00
"Energy, Oil, Gas & Mining",ENERGIA CENTRAL S.A.P.I. DE C.V.,energiacentral.com.mx,Carlos Navarro,Chief Operating Officer (COO),C_SUITE,OPERATIONS,cnavarro@energiacentral.com.mx,VERIFIED,85,+525461294851,2026-09-06T14:31:01.777989+00:00
"Energy, Oil, Gas & Mining",ENERGIA DE LAS AMERICAS S.A.P.I. DE C.V.,energiadelasameric.mx,Rodrigo Mendoza,Chief Executive Officer (CEO),C_SUITE,EXECUTIVE,rmendoza@energiadelasameric.mx,VERIFIED,85,+527573715084,2026-09-06T14:31:01.777989+00:00
"Energy, Oil, Gas & Mining",ENERGIA DE LAS AMERICAS S.A.P.I. DE C.V.,energiadelasameric.mx,Luis Valenzuela,Founder,FOUNDER,EXECUTIVE,lvalenzuela@energiadelasameric.mx,VERIFIED,85,+525982737830,2026-09-06T14:31:01.777989+00:00
"Energy, Oil, Gas & Mining",ENERGIA DE LAS AMERICAS 26 S. DE R.L. DE C.V.,energiadelasameric.com.mx,Jorge Navarro,Chief Financial Officer (CFO),C_SUITE,FINANCE,jnavarro@energiadelasameric.com.mx,VERIFIED,85,+525853975039,2026-09-06T14:31:01.777989+00:00
"Energy, Oil, Gas & Mining",ENERGIA DE LAS AMERICAS S.A.B. DE C.V.,energiadelasameric.com,Gabriel Castro,Founder,FOUNDER,EXECUTIVE,gcastro@energiadelasameric.com,VERIFIED,85,+524047207651,2026-09-06T14:31:01.777989+00:00
"Energy, Oil, Gas & Mining",ENERGIA DE LAS AMERICAS S.A.B. DE C.V.,energiadelasameric.com,Daniel García,Chief Revenue Officer (CRO),C_SUITE,SALES_MARKETING,dgarcía@energiadelasameric.com,VERIFIED,85,+525621729051,2026-09-06T14:31:01.777989+00:00
"Energy, Oil, Gas & Mining",ENERGIA DE LAS AMERICAS S.A.B. DE C.V.,energiadelasameric.com,Luis López,Chief Technology Officer (CTO),C_SUITE,ENGINEERING_IT,llópez@energiadelasameric.com,VERIFIED,85,+529338778999,2026-09-06T14:31:01.777989+00:00
"Energy, Oil, Gas & Mining",ENERGIA DE OCCIDENTE S.A. DE C.V.,energiadeoccidente.mx,Fernando Navarro,Chief Human Resources Officer (CHRO),C_SUITE,HR_PEOPLE,fnavarro@energiadeoccidente.mx,VERIFIED,85,+526388612141,2026-09-06T14:31:01.777989+00:00
"Energy, Oil, Gas & Mining",ENERGIA DE OCCIDENTE S.A. DE C.V.,energiadeoccidente.mx,Andrea Martínez,Chief Revenue Officer (CRO),C_SUITE,SALES_MARKETING,amartínez@energiadeoccidente.mx,VERIFIED,85,+526524661858,2026-09-06T14:31:01.777989+00:00
"Energy, Oil, Gas & Mining",ENERGIA DE LAS AMERICAS S.A.S.,energiadelasameric.mx,Carlos Castro,Chief Revenue Officer (CRO),C_SUITE,SALES_MARKETING,ccastro@energiadelasameric.mx,VERIFIED,85,+524954812397,2026-09-06T14:31:01.777989+00:00
"Energy, Oil, Gas & Mining",ENERGIA ESPECIALIZADA S.A.S.,energiaespecializa.com.mx,Mariana González,Chief Human Resources Officer (CHRO),C_SUITE,HR_PEOPLE,mgonzález@energiaespecializa.com.mx,VERIFIED,85,+525526903687,2026-09-06T14:31:01.777989+00:00
"Energy, Oil, Gas & Mining",ENERGIA MODERNA S.A.B. DE C.V.,energiamoderna.com.mx,Claudia Dominguez,Chief Executive Officer (CEO),C_SUITE,EXECUTIVE,cdominguez@energiamoderna.com.mx,VERIFIED,85,+528771098794,2026-09-06T14:31:01.790521+00:00
"Energy, Oil, Gas & Mining",ENERGIA MODERNA S.A.B. DE C.V.,energiamoderna.com.mx,Rodrigo Navarro,Chief Operating Officer (COO),C_SUITE,OPERATIONS,rnavarro@energiamoderna31.com,VERIFIED,85,+527533987120,2026-09-06T14:31:01.790521+00:00
"Energy, Oil, Gas & Mining",ENERGIA MODERNA S.A.B. DE C.V.,energiamoderna.com.mx,Adriana Castro,Chief Revenue Officer (CRO),C_SUITE,SALES_MARKETING,acastro@energiamoderna.com.mx,VERIFIED,85,+525276118899,2026-09-06T14:31:01.790521+00:00
"Energy, Oil, Gas & Mining",ENERGIA MODERNA S.A. DE C.V.,energiamoderna43.mx,Sofia Alarcón,Chief Executive Officer (CEO),C_SUITE,EXECUTIVE,salarcón@energiamoderna43.mx,VERIFIED,85,+526948107641,2026-09-06T14:31:01.790521+00:00
"Energy, Oil, Gas & Mining",ENERGIA INTERNACIONAL S.A.B. DE C.V.,energiainternacion.com.mx,Daniel Hernández,Chief Technology Officer (CTO),C_SUITE,ENGINEERING_IT,dhernández@energiainternacion.com.mx,VERIFIED,85,+528264391110,2026-09-06T14:31:01.790521+00:00
"Energy, Oil, Gas & Mining",ENERGIA INTERNACIONAL S. DE R.L. DE C.V.,energiainternacion.mx,Adriana Mendoza,Chief Executive Officer (CEO),C_SUITE,EXECUTIVE,amendoza@energiainternacion.mx,VERIFIED,85,+527655380067,2026-09-06T14:31:01.790521+00:00
"Energy, Oil, Gas & Mining",ENERGIA INTERNACIONAL S. DE R.L. DE C.V.,energiainternacion.mx,Alejandro Ruiz,Chief Financial Officer (CFO),C_SUITE,FINANCE,aruiz@energiainternacion.com,VERIFIED,85,+524315049020,2026-09-06T14:31:01.790521+00:00
"Energy, Oil, Gas & Mining",ENERGIA INTERNACIONAL S. DE R.L. DE C.V.,energiainternacion.mx,Roberto Treviño,Founder,FOUNDER,EXECUTIVE,rtreviño@energiainternacion.com,VERIFIED,85,+529672045225,2026-09-06T14:31:01.790521+00:00
"Energy, Oil, Gas & Mining",ENERGIA DINAMICA S.A. DE C.V.,energiadinamica.com,Fernando Martínez,Chief Executive Officer (CEO),C_SUITE,EXECUTIVE,fmartínez@energiadinamica.com,VERIFIED,85,+528663638936,2026-09-06T14:31:01.792111+00:00
"Energy, Oil, Gas & Mining",ENERGIA DINAMICA S. DE R.L. DE C.V.,energiadinamica1.com,Andrea Treviño,Chief Revenue Officer (CRO),C_SUITE,SALES_MARKETING,atreviño@energiadinamica1.com,VERIFIED,85,+526440482244,2026-09-06T14:31:01.792111+00:00
"Energy, Oil, Gas & Mining",ENERGIA DINAMICA S.A. DE C.V.,energiadinamica.com,Guillermo Morales,Chief Revenue Officer (CRO),C_SUITE,SALES_MARKETING,gmorales@energiadinamica.com,VERIFIED,85,+526691044094,2026-09-06T14:31:01.792843+00:00
"Energy, Oil, Gas & Mining",ENERGIA EMPRESARIAL S.A.P.I. DE C.V.,energiaempresarial.com,Roberto Morales,Chief Financial Officer (CFO),C_SUITE,FINANCE,rmorales@energiaempresarial.com,VERIFIED,85,+525655485432,2026-09-06T14:31:01.793898+00:00
"Energy, Oil, Gas & Mining",ENERGIA EMPRESARIAL 4 S.C.,energiaempresarial.mx,Carlos Ruiz,Chief Executive Officer (CEO),C_SUITE,EXECUTIVE,cruiz@energiaempresarial.mx,VERIFIED,85,+527734155766,2026-09-06T14:31:01.793898+00:00
"Energy, Oil, Gas & Mining",ENERGIA CENTRAL S.A.P.I. DE C.V.,energiacentral.com,David Castro,Chief Executive Officer (CEO),C_SUITE,EXECUTIVE,dcastro@energiacentral.com,VERIFIED,85,+525235919690,2026-09-06T14:31:01.793898+00:00
"Energy, Oil, Gas & Mining",ENERGIA CENTRAL S. DE R.L. DE C.V.,energiacentral.com.mx,Miguel Villaseñor,Founder,FOUNDER,EXECUTIVE,mvillaseñor@energiacentral.com.mx,VERIFIED,85,+528295549511,2026-09-06T14:31:01.793898+00:00
"Energy, Oil, Gas & Mining",ENERGIA CENTRAL S. DE R.L. DE C.V.,energiacentral.com.mx,David García,Founder,FOUNDER,EXECUTIVE,dgarcía@energiacentral.com.mx,VERIFIED,85,+527449456815,2026-09-06T14:31:01.793898+00:00
"Energy, Oil, Gas & Mining",ENERGIA CENTRAL S. DE R.L. DE C.V.,energiacentral.com.mx,Mariana López,Chief Human Resources Officer (CHRO),C_SUITE,HR_PEOPLE,mlópez@energiacentral31.com.mx,VERIFIED,85,+524845042763,2026-09-06T14:31:01.793898+00:00
"Energy, Oil, Gas & Mining",ENERGIA CENTRAL S. DE R.L. DE C.V.,energiacentral.com.mx,Alejandro Garza,Chief Operating Officer (COO),C_SUITE,OPERATIONS,agarza@energiacentral.com.mx,VERIFIED,85,+524564755456,2026-09-06T14:31:01.793898+00:00
"Energy, Oil, Gas & Mining",ENERGIA CENTRAL S.A.S.,energiacentral2.mx,Jorge Villaseñor,Chief Executive Officer (CEO),C_SUITE,EXECUTIVE,jvillaseñor@energiacentral2.mx,VERIFIED,85,+526350244810,2026-09-06T14:31:01.793898+00:00
"Energy, Oil, Gas & Mining",ENERGIA INTERNACIONAL S.A.S.,energiainternacion.mx,Jorge Morales,Chief Technology Officer (CTO),C_SUITE,ENGINEERING_IT,jmorales@energiainternacion.mx,VERIFIED,85,+525584115870,2026-09-06T14:31:01.793898+00:00
"Energy, Oil, Gas & Mining",ENERGIA INTERNACIONAL S.A.S.,energiainternacion.mx,Rodrigo López,Chief Financial Officer (CFO),C_SUITE,FINANCE,rlópez@energiainternacion.mx,VERIFIED,85,+525528222420,2026-09-06T14:31:01.793898+00:00
"Energy, Oil, Gas & Mining",ENERGIA INTERNACIONAL S.A.S.,energiainternacion.mx,Luis Garza,Chief Human Resources Officer (CHRO),C_SUITE,HR_PEOPLE,lgarza@energiainternacion.mx,VERIFIED,85,+525517382194,2026-09-06T14:31:01.793898+00:00
"Energy, Oil, Gas & Mining",ENERGIA INTERNACIONAL S.C.,energiainternacion.com.mx,Roberto Mendoza,Chief Executive Officer (CEO),C_SUITE,EXECUTIVE,rmendoza@energiainternacion.com.mx,VERIFIED,85,+525521107450,2026-09-06T14:31:01.793898+00:00
"Energy, Oil, Gas & Mining",ENERGIA EMPRESARIAL S.A.P.I. DE C.V.,energiaempresarial.com.mx,Luis López,Chief Technology Officer (CTO),C_SUITE,ENGINEERING_IT,llópez@energiaempresarial.com.mx,VERIFIED,85,+528246201985,2026-09-06T14:31:01.793898+00:00
"Energy, Oil, Gas & Mining",ENERGIA EMPRESARIAL S.A.P.I. DE C.V.,energiaempresarial.com.mx,Eduardo Castro,Chief Executive Officer (CEO),C_SUITE,EXECUTIVE,ecastro@energiaempresarial.com,VERIFIED,85,+528369084035,2026-09-06T14:31:01.793898+00:00
"Energy, Oil, Gas & Mining",ENERGIA EMPRESARIAL S.A. DE C.V.,energiaempresarial.mx,Eduardo Alarcón,Founder,FOUNDER,EXECUTIVE,ealarcón@energiaempresarial.mx,VERIFIED,85,+525649432236,2026-09-06T14:31:01.793898+00:00
"Energy, Oil, Gas & Mining",ENERGIA NACIONAL S.A.S.,energianacional.mx,Alejandro Alarcón,Chief Operating Officer (COO),C_SUITE,OPERATIONS,aalarcón@energianacional.mx,VERIFIED,85,+524598792707,2026-09-06T14:31:01.793898+00:00
"Energy, Oil, Gas & Mining",ENERGIA NACIONAL S. DE R.L. DE C.V.,energianacional.com.mx,Sofia Salinas,Founder,FOUNDER,EXECUTIVE,ssalinas@energianacional.com.mx,VERIFIED,85,+528835840942,2026-09-06T14:31:01.793898+00:00
"Energy, Oil, Gas & Mining",ENERGIA MEXICANA S.A.P.I. DE C.V.,energiamexicana.com.mx,Jorge Garza,Chief Human Resources Officer (CHRO),C_SUITE,HR_PEOPLE,jgarza@energiamexicana.com.mx,VERIFIED,85,+526022792260,2026-09-06T14:31:01.793898+00:00
"Energy, Oil, Gas & Mining",ENERGIA MEXICANA S.A. DE C.V.,energiamexicana.mx,Jorge García,Chief Financial Officer (CFO),C_SUITE,FINANCE,jgarcía@energiamexicana.mx,VERIFIED,85,+529371550231,2026-09-06T14:31:01.793898+00:00
"Energy, Oil, Gas & Mining",ENERGIA MEXICANA S.A. DE C.V.,energiamexicana92.com,Roberto López,Chief Executive Officer (CEO),C_SUITE,EXECUTIVE,rlópez@energiamexicana92.com,VERIFIED,85,+529123753978,2026-09-06T14:31:01.793898+00:00
"Energy, Oil, Gas & Mining",ENERGIA GLOBAL 72 S.C.,energiaglobal.mx,Claudia Treviño,Chief Executive Officer (CEO),C_SUITE,EXECUTIVE,ctreviño@energiaglobal.mx,VERIFIED,85,+528621484083,2026-09-06T14:31:01.793898+00:00
"Energy, Oil, Gas & Mining",ENERGIA GLOBAL S.C.,energiaglobal41.com.mx,Guillermo Hernández,Chief Executive Officer (CEO),C_SUITE,EXECUTIVE,ghernández@energiaglobal41.com.mx,VERIFIED,85,+525634277788,2026-09-06T14:31:01.793898+00:00
"Energy, Oil, Gas & Mining",ENERGIA GLOBAL S.C.,energiaglobal.com.mx,Javier Benítez,Chief Executive Officer (CEO),C_SUITE,EXECUTIVE,jbenítez@energiaglobal.com.mx,VERIFIED,85,+529297141921,2026-09-06T14:31:01.793898+00:00
"Energy, Oil, Gas & Mining",ENERGIA GLOBAL S.C.,energiaglobal.com.mx,Andrea Villaseñor,Chief Executive Officer (CEO),C_SUITE,EXECUTIVE,avillaseñor@energiaglobal93.com,VERIFIED,85,+528793196847,2026-09-06T14:31:01.793898+00:00
"Energy, Oil, Gas & Mining",ENERGIA INTERNACIONAL S.A.B. DE C.V.,energiainternacion.com.mx,Patricia Navarro,Founder,FOUNDER,EXECUTIVE,pnavarro@energiainternacion.com.mx,VERIFIED,85,+526634393604,2026-09-06T14:31:01.793898+00:00
"Energy, Oil, Gas & Mining",ENERGIA INTERNACIONAL S.A.B. DE C.V.,energiainternacion.com.mx,Patricia Alarcón,Chief Executive Officer (CEO),C_SUITE,EXECUTIVE,palarcón@energiainternacion.com.mx,VERIFIED,85,+524780390164,2026-09-06T14:31:01.793898+00:00
"Energy, Oil, Gas & Mining",ENERGIA INTERNACIONAL S.C.,energiainternacion.com,Miguel Navarro,Chief Operating Officer (COO),C_SUITE,OPERATIONS,mnavarro@energiainternacion.com,VERIFIED,85,+524948595054,2026-09-06T14:31:01.793898+00:00
"Energy, Oil, Gas & Mining",ENERGIA NACIONAL S.C.,energianacional.com.mx,Miguel García,Chief Technology Officer (CTO),C_SUITE,ENGINEERING_IT,mgarcía@energianacional.com.mx,VERIFIED,85,+528540146434,2026-09-06T14:31:01.793898+00:00
"Energy, Oil, Gas & Mining",ENERGIA NACIONAL S.C.,energianacional.com.mx,Alejandro Valenzuela,Founder,FOUNDER,EXECUTIVE,avalenzuela@energianacional.com,VERIFIED,85,+526723696961,2026-09-06T14:31:01.793898+00:00
"Energy, Oil, Gas & Mining",ENERGIA NACIONAL S.C.,energianacional.com.mx,Hector Ruiz,Chief Technology Officer (CTO),C_SUITE,ENGINEERING_IT,hruiz@energianacional.com.mx,VERIFIED,85,+524484124345,2026-09-06T14:31:01.793898+00:00
"Energy, Oil, Gas & Mining",ENERGIA NACIONAL S.A. DE C.V.,energianacional90.com.mx,Jorge Benítez,Chief Technology Officer (CTO),C_SUITE,ENGINEERING_IT,jbenítez@energianacional90.com.mx,VERIFIED,85,+524822574864,2026-09-06T14:31:01.793898+00:00
"Energy, Oil, Gas & Mining",ENERGIA NACIONAL S.A. DE C.V.,energianacional90.com.mx,Hector Treviño,Founder,FOUNDER,EXECUTIVE,htreviño@energianacional55.mx,VERIFIED,85,+524474320963,2026-09-06T14:31:01.793898+00:00
"Energy, Oil, Gas & Mining",ENERGIA CENTRAL S.A.B. DE C.V.,energiacentral.mx,Rodrigo Benítez,Chief Technology Officer (CTO),C_SUITE,ENGINEERING_IT,rbenítez@energiacentral.mx,VERIFIED,85,+529177285035,2026-09-06T14:31:01.793898+00:00
"Energy, Oil, Gas & Mining",ENERGIA CENTRAL S.C.,energiacentral.com,Eduardo Valenzuela,Founder,FOUNDER,EXECUTIVE,evalenzuela@energiacentral.com,VERIFIED,85,+529964590117,2026-09-06T14:31:01.793898+00:00
"Energy, Oil, Gas & Mining",ENERGIA INDUSTRIAL S. DE R.L. DE C.V.,energiaindustrial.com.mx,David Castro,Chief Executive Officer (CEO),C_SUITE,EXECUTIVE,dcastro@energiaindustrial.com.mx,VERIFIED,85,+525329746151,2026-09-06T14:31:01.793898+00:00
"Energy, Oil, Gas & Mining",ENERGIA INDUSTRIAL S. DE R.L. DE C.V.,energiaindustrial.com.mx,Roberto Castro,Chief Executive Officer (CEO),C_SUITE,EXECUTIVE,rcastro@energiaindustrial8.com.mx,VERIFIED,85,+525515548268,2026-09-06T14:31:01.793898+00:00
"Energy, Oil, Gas & Mining",ENERGIA INDUSTRIAL S. DE R.L. DE C.V.,energiaindustrial.com.mx,Andrea Garza,Chief Revenue Officer (CRO),C_SUITE,SALES_MARKETING,agarza@energiaindustrial.com.mx,VERIFIED,85,+526483632316,2026-09-06T14:31:01.793898+00:00
"Energy, Oil, Gas & Mining",ENERGIA INDUSTRIAL S.C.,energiaindustrial1.com,Patricia García,Founder,FOUNDER,EXECUTIVE,pgarcía@energiaindustrial1.com,VERIFIED,85,+526751388025,2026-09-06T14:31:01.793898+00:00
"Energy, Oil, Gas & Mining",ENERGIA INDUSTRIAL S.C.,energiaindustrial1.com,Hector Alarcón,Founder,FOUNDER,EXECUTIVE,halarcón@energiaindustrial.com,VERIFIED,85,+524483121566,2026-09-06T14:31:01.793898+00:00
"Energy, Oil, Gas & Mining",ENERGIA LATINOAMERICANA S.A. DE C.V.,energialatinoameri.com,Eduardo Mendoza,Chief Executive Officer (CEO),C_SUITE,EXECUTIVE,emendoza@energialatinoameri.com,VERIFIED,85,+525598523290,2026-09-06T14:31:01.793898+00:00
"Energy, Oil, Gas & Mining",ENERGIA LATINOAMERICANA S. DE R.L. DE C.V.,energialatinoameri.com.mx,Claudia López,Chief Revenue Officer (CRO),C_SUITE,SALES_MARKETING,clópez@energialatinoameri.com.mx,VERIFIED,85,+525577480595,2026-09-06T14:31:01.793898+00:00
"Energy, Oil, Gas & Mining",ENERGIA DINAMICA S. DE R.L. DE C.V.,energiadinamica.mx,Carlos Benítez,Chief Executive Officer (CEO),C_SUITE,EXECUTIVE,cbenítez@energiadinamica.mx,VERIFIED,85,+529288890296,2026-09-06T14:31:01.793898+00:00
"Energy, Oil, Gas & Mining",ENERGIA DINAMICA S. DE R.L. DE C.V.,energiadinamica.com,Daniel Vega,Chief Executive Officer (CEO),C_SUITE,EXECUTIVE,dvega@energiadinamica.com,VERIFIED,85,+527195231404,2026-09-06T14:31:01.793898+00:00
"Energy, Oil, Gas & Mining",ENERGIA DINAMICA S. DE R.L. DE C.V.,energiadinamica.com,Daniel Morales,Chief Human Resources Officer (CHRO),C_SUITE,HR_PEOPLE,dmorales@energiadinamica94.com.mx,VERIFIED,85,+527518967666,2026-09-06T14:31:01.793898+00:00
"Energy, Oil, Gas & Mining",ENERGIA DINAMICA S.C.,energiadinamica79.mx,Javier Dominguez,Founder,FOUNDER,EXECUTIVE,jdominguez@energiadinamica79.mx,VERIFIED,85,+525842672579,2026-09-06T14:31:01.793898+00:00
"Energy, Oil, Gas & Mining",ENERGIA DINAMICA S.A.S.,energiadinamica.com.mx,Guillermo Vega,Chief Operating Officer (COO),C_SUITE,OPERATIONS,gvega@energiadinamica.com.mx,VERIFIED,85,+524587170663,2026-09-06T14:31:01.793898+00:00
"Energy, Oil, Gas & Mining",ENERGIA EMPRESARIAL S.A.B. DE C.V.,energiaempresarial.com.mx,Jorge García,Chief Technology Officer (CTO),C_SUITE,ENGINEERING_IT,jgarcía@energiaempresarial.com.mx,VERIFIED,85,+527568758071,2026-09-06T14:31:01.793898+00:00
"Energy, Oil, Gas & Mining",ENERGIA EMPRESARIAL S.A.B. DE C.V.,energiaempresarial.com.mx,Eduardo Salinas,Chief Human Resources Officer (CHRO),C_SUITE,HR_PEOPLE,esalinas@energiaempresarial.com.mx,VERIFIED,85,+526758819943,2026-09-06T14:31:01.793898+00:00
"Energy, Oil, Gas & Mining",ENERGIA EMPRESARIAL 10 S.A.S.,energiaempresarial.com,Roberto Garza,Chief Revenue Officer (CRO),C_SUITE,SALES_MARKETING,rgarza@energiaempresarial.com,VERIFIED,85,+525619384051,2026-09-06T14:31:01.793898+00:00
"Energy, Oil, Gas & Mining",ENERGIA EMPRESARIAL S.A.S.,energiaempresarial.mx,Mariana Villaseñor,Chief Executive Officer (CEO),C_SUITE,EXECUTIVE,mvillaseñor@energiaempresarial.mx,VERIFIED,85,+525687076801,2026-09-06T14:31:01.793898+00:00
"Energy, Oil, Gas & Mining",ENERGIA NACIONAL S.A.S.,energianacional.mx,Patricia Navarro,Chief Revenue Officer (CRO),C_SUITE,SALES_MARKETING,pnavarro@energianacional.mx,VERIFIED,85,+524933461505,2026-09-06T14:31:01.793898+00:00
"Energy, Oil, Gas & Mining",ENERGIA NACIONAL S.A.S.,energianacional44.mx,Luis Villaseñor,Chief Technology Officer (CTO),C_SUITE,ENGINEERING_IT,lvillaseñor@energianacional44.mx,VERIFIED,85,+524751819172,2026-09-06T14:31:01.793898+00:00
"Energy, Oil, Gas & Mining",ENERGIA NACIONAL S.A.S.,energianacional.com,Rodrigo Mendoza,Chief Financial Officer (CFO),C_SUITE,FINANCE,rmendoza@energianacional.com,VERIFIED,85,+526832934442,2026-09-06T14:31:01.793898+00:00
"Energy, Oil, Gas & Mining",ENERGIA DINAMICA S.C.,energiadinamica59.com.mx,David Ruiz,Chief Revenue Officer (CRO),C_SUITE,SALES_MARKETING,druiz@energiadinamica59.com.mx,VERIFIED,85,+523354717142,2026-09-06T14:31:01.793898+00:00
"Energy, Oil, Gas & Mining",ENERGIA DINAMICA S.A. DE C.V.,energiadinamica11.com,Alejandro Hernández,Chief Financial Officer (CFO),C_SUITE,FINANCE,ahernández@energiadinamica11.com,VERIFIED,85,+523399703604,2026-09-06T14:31:01.793898+00:00
"Energy, Oil, Gas & Mining",ENERGIA DINAMICA S.A. DE C.V.,energiadinamica11.com,Sofia Garza,Founder,FOUNDER,EXECUTIVE,sgarza@energiadinamica.mx,VERIFIED,85,+523393785494,2026-09-06T14:31:01.793898+00:00
"Energy, Oil, Gas & Mining",ENERGIA DINAMICA S.A. DE C.V.,energiadinamica.com.mx,Jorge Castro,Chief Executive Officer (CEO),C_SUITE,EXECUTIVE,jcastro@energiadinamica.com.mx,VERIFIED,85,+523352212635,2026-09-06T14:31:01.793898+00:00
"Energy, Oil, Gas & Mining",ENERGIA DINAMICA S.A. DE C.V.,energiadinamica.com.mx,Jorge Alarcón,Chief Technology Officer (CTO),C_SUITE,ENGINEERING_IT,jalarcón@energiadinamica.com.mx,VERIFIED,85,+523351921253,2026-09-06T14:31:01.793898+00:00
"Energy, Oil, Gas & Mining",ENERGIA CENTRAL S.C.,energiacentral87.com,Daniel Ruiz,Chief Financial Officer (CFO),C_SUITE,FINANCE,druiz@energiacentral87.com,VERIFIED,85,+525953903782,2026-09-06T14:31:01.808710+00:00
"Energy, Oil, Gas & Mining",ENERGIA CENTRAL 96 S.A.B. DE C.V.,energiacentral19.mx,Luis González,Chief Technology Officer (CTO),C_SUITE,ENGINEERING_IT,lgonzález@energiacentral19.mx,VERIFIED,85,+526667703610,2026-09-06T14:31:01.808710+00:00
"Energy, Oil, Gas & Mining",ENERGIA CENTRAL S.A.P.I. DE C.V.,energiacentral.com,Mariana Garza,Chief Operating Officer (COO),C_SUITE,OPERATIONS,mgarza@energiacentral.com,VERIFIED,85,+527410455696,2026-09-06T14:31:01.808710+00:00
"Energy, Oil, Gas & Mining",ENERGIA CENTRAL S.A.S.,energiacentral.mx,Adriana García,Chief Executive Officer (CEO),C_SUITE,EXECUTIVE,agarcía@energiacentral.mx,VERIFIED,85,+529594315963,2026-09-06T14:31:01.810088+00:00
"Energy, Oil, Gas & Mining",ENERGIA CENTRAL S.A.S.,energiacentral.mx,Claudia Treviño,Chief Revenue Officer (CRO),C_SUITE,SALES_MARKETING,ctreviño@energiacentral.mx,VERIFIED,85,+524836510388,2026-09-06T14:31:01.810088+00:00
"Energy, Oil, Gas & Mining",ENERGIA CENTRAL S.A.S.,energiacentral.mx,Andrea Mendoza,Chief Executive Officer (CEO),C_SUITE,EXECUTIVE,amendoza@energiacentral.mx,VERIFIED,85,+528393815784,2026-09-06T14:31:01.810088+00:00
"Energy, Oil, Gas & Mining",ENERGIA CENTRAL 76 S.A. DE C.V.,energiacentral.com,Carlos Treviño,Chief Executive Officer (CEO),C_SUITE,EXECUTIVE,ctreviño@energiacentral.com,VERIFIED,85,+525737247641,2026-09-06T14:31:01.810088+00:00
"Energy, Oil, Gas & Mining",ENERGIA CENTRAL 76 S.A. DE C.V.,energiacentral.com,Roberto Benítez,Chief Financial Officer (CFO),C_SUITE,FINANCE,rbenítez@energiacentral.com,VERIFIED,85,+525884991817,2026-09-06T14:31:01.810088+00:00
"Energy, Oil, Gas & Mining",ENERGIA NACIONAL S. DE R.L. DE C.V.,energianacional.com.mx,Patricia Benítez,Chief Operating Officer (COO),C_SUITE,OPERATIONS,pbenítez@energianacional.com.mx,VERIFIED,85,+529683728107,2026-09-06T14:31:01.810088+00:00
"Energy, Oil, Gas & Mining",ENERGIA NACIONAL S.A. DE C.V.,energianacional.com,David Ruiz,Chief Operating Officer (COO),C_SUITE,OPERATIONS,druiz@energianacional.com,VERIFIED,85,+528919495276,2026-09-06T14:31:01.810088+00:00
"Energy, Oil, Gas & Mining",ENERGIA NACIONAL S.A. DE C.V.,energianacional.com,David García,Chief Operating Officer (COO),C_SUITE,OPERATIONS,dgarcía@energianacional.com,VERIFIED,85,+528284700496,2026-09-06T14:31:01.810088+00:00
"Energy, Oil, Gas & Mining",ENERGIA NACIONAL S.A.S.,energianacional79.com.mx,Alejandro Hernández,Chief Revenue Officer (CRO),C_SUITE,SALES_MARKETING,ahernández@energianacional79.com.mx,VERIFIED,85,+528455638757,2026-09-06T14:31:01.810088+00:00
"Energy, Oil, Gas & Mining",ENERGIA NACIONAL S.A.S.,energianacional41.com.mx,Sofia Martínez,Chief Human Resources Officer (CHRO),C_SUITE,HR_PEOPLE,smartínez@energianacional41.com.mx,VERIFIED,85,+528847482130,2026-09-06T14:31:01.810088+00:00
"Energy, Oil, Gas & Mining",ENERGIA LATINOAMERICANA S.A.B. DE C.V.,energialatinoameri.mx,Roberto García,Founder,FOUNDER,EXECUTIVE,rgarcía@energialatinoameri.mx,VERIFIED,85,+529589549181,2026-09-06T14:31:01.810088+00:00
"Energy, Oil, Gas & Mining",ENERGIA LATINOAMERICANA S.A.B. DE C.V.,energialatinoameri.mx,Eduardo Morales,Chief Executive Officer (CEO),C_SUITE,EXECUTIVE,emorales@energialatinoameri.mx,VERIFIED,85,+529292579289,2026-09-06T14:31:01.810088+00:00
"Energy, Oil, Gas & Mining",ENERGIA LATINOAMERICANA S.A.S.,energialatinoameri.com.mx,Daniel Valenzuela,Founder,FOUNDER,EXECUTIVE,dvalenzuela@energialatinoameri.com.mx,VERIFIED,85,+528380254960,2026-09-06T14:31:01.810088+00:00
"Energy, Oil, Gas & Mining",ENERGIA MODERNA S.A. DE C.V.,energiamoderna.com.mx,Daniel Martínez,Chief Revenue Officer (CRO),C_SUITE,SALES_MARKETING,dmartínez@energiamoderna.com.mx,VERIFIED,85,+525575317258,2026-09-06T14:31:01.810088+00:00
"Energy, Oil, Gas & Mining",ENERGIA MODERNA 99 S.A.S.,energiamoderna.mx,Mariana García,Chief Human Resources Officer (CHRO),C_SUITE,HR_PEOPLE,mgarcía@energiamoderna.mx,VERIFIED,85,+527358565330,2026-09-06T14:31:01.810088+00:00
"Energy, Oil, Gas & Mining",ENERGIA MODERNA 89 S.A.P.I. DE C.V.,energiamoderna11.com.mx,David Navarro,Chief Operating Officer (COO),C_SUITE,OPERATIONS,dnavarro@energiamoderna11.com.mx,VERIFIED,85,+528760195198,2026-09-06T14:31:01.810088+00:00
"Energy, Oil, Gas & Mining",ENERGIA MODERNA S.A.P.I. DE C.V.,energiamoderna.com,Jorge Valenzuela,Chief Executive Officer (CEO),C_SUITE,EXECUTIVE,jvalenzuela@energiamoderna.com,VERIFIED,85,+528143888893,2026-09-06T14:31:01.810088+00:00
"Energy, Oil, Gas & Mining",ENERGIA MODERNA S.A.P.I. DE C.V.,energiamoderna.com,Adriana López,Chief Revenue Officer (CRO),C_SUITE,SALES_MARKETING,alópez@energiamoderna33.com,VERIFIED,85,+528191241866,2026-09-06T14:31:01.810088+00:00
"Energy, Oil, Gas & Mining",ENERGIA MODERNA S.A.P.I. DE C.V.,energiamoderna.com,Roberto Morales,Chief Executive Officer (CEO),C_SUITE,EXECUTIVE,rmorales@energiamoderna.com,VERIFIED,85,+528126751026,2026-09-06T14:31:01.810088+00:00
"Energy, Oil, Gas & Mining",ENERGIA GLOBAL S. DE R.L. DE C.V.,energiaglobal17.com,Roberto Ruiz,Chief Executive Officer (CEO),C_SUITE,EXECUTIVE,rruiz@energiaglobal17.com,VERIFIED,85,+527658193708,2026-09-06T14:31:01.810088+00:00
"Energy, Oil, Gas & Mining",ENERGIA AVANZADA S.A.S.,energiaavanzada56.com.mx,David Treviño,Chief Technology Officer (CTO),C_SUITE,ENGINEERING_IT,dtreviño@energiaavanzada56.com.mx,VERIFIED,85,+526846205509,2026-09-06T14:31:01.810088+00:00
"Energy, Oil, Gas & Mining",ENERGIA AVANZADA S. DE R.L. DE C.V.,energiaavanzada.mx,Eduardo Ruiz,Chief Human Resources Officer (CHRO),C_SUITE,HR_PEOPLE,eruiz@energiaavanzada.mx,VERIFIED,85,+527569353271,2026-09-06T14:31:01.810088+00:00
"Energy, Oil, Gas & Mining",ENERGIA AVANZADA S. DE R.L. DE C.V.,energiaavanzada.mx,Jorge Salinas,Chief Financial Officer (CFO),C_SUITE,FINANCE,jsalinas@energiaavanzada.mx,VERIFIED,85,+525559026128,2026-09-06T14:31:01.810088+00:00
"Energy, Oil, Gas & Mining",ENERGIA LATINOAMERICANA S.A.S.,energialatinoameri.com,Javier Ruiz,Chief Operating Officer (COO),C_SUITE,OPERATIONS,jruiz@energialatinoameri.com,VERIFIED,85,+525273942483,2026-09-06T14:31:01.810088+00:00
"Energy, Oil, Gas & Mining",ENERGIA GLOBAL S. DE R.L. DE C.V.,energiaglobal.com,Alejandro Castro,Chief Technology Officer (CTO),C_SUITE,ENGINEERING_IT,acastro@energiaglobal.com,VERIFIED,85,+527699687146,2026-09-06T14:31:01.810088+00:00
"Energy, Oil, Gas & Mining",ENERGIA GLOBAL S.A.B. DE C.V.,energiaglobal25.mx,Luis Salinas,Chief Revenue Officer (CRO),C_SUITE,SALES_MARKETING,lsalinas@energiaglobal25.mx,VERIFIED,85,+528867788659,2026-09-06T14:31:01.810088+00:00
"Energy, Oil, Gas & Mining",ENERGIA EMPRESARIAL S.A.P.I. DE C.V.,energiaempresarial.mx,Roberto Ruiz,Chief Operating Officer (COO),C_SUITE,OPERATIONS,rruiz@energiaempresarial.mx,VERIFIED,85,+525910523329,2026-09-06T14:31:01.810088+00:00
"Energy, Oil, Gas & Mining",ENERGIA EMPRESARIAL S.A.B. DE C.V.,energiaempresarial.com.mx,Eduardo Martínez,Chief Executive Officer (CEO),C_SUITE,EXECUTIVE,emartínez@energiaempresarial.com.mx,VERIFIED,85,+526553163607,2026-09-06T14:31:01.810088+00:00
"Energy, Oil, Gas & Mining",ENERGIA EMPRESARIAL S.C.,energiaempresarial.com,Patricia Ruiz,Chief Executive Officer (CEO),C_SUITE,EXECUTIVE,pruiz@energiaempresarial.com,VERIFIED,85,+528777144564,2026-09-06T14:31:01.810088+00:00
"Energy, Oil, Gas & Mining",ENERGIA GLOBAL S. DE R.L. DE C.V.,energiaglobal27.com,Luis Benítez,Chief Revenue Officer (CRO),C_SUITE,SALES_MARKETING,lbenítez@energiaglobal27.com,VERIFIED,85,+525518602102,2026-09-06T14:31:01.810088+00:00
"Energy, Oil, Gas & Mining",ENERGIA GLOBAL S.A.B. DE C.V.,energiaglobal.mx,Patricia Morales,Founder,FOUNDER,EXECUTIVE,pmorales@energiaglobal.mx,VERIFIED,85,+525538629758,2026-09-06T14:31:01.810088+00:00
"Energy, Oil, Gas & Mining",ENERGIA GLOBAL S.A.P.I. DE C.V.,energiaglobal7.com.mx,Hector Ruiz,Chief Operating Officer (COO),C_SUITE,OPERATIONS,hruiz@energiaglobal7.com.mx,VERIFIED,85,+525554345929,2026-09-06T14:31:01.810088+00:00
"Energy, Oil, Gas & Mining",ENERGIA GLOBAL S. DE R.L. DE C.V.,energiaglobal.com.mx,Miguel Salinas,Chief Human Resources Officer (CHRO),C_SUITE,HR_PEOPLE,msalinas@energiaglobal.com.mx,VERIFIED,85,+527544684924,2026-09-06T14:31:01.810088+00:00
"Energy, Oil, Gas & Mining",ENERGIA INTERNACIONAL S.A. DE C.V.,energiainternacion.com.mx,Sofia Salinas,Chief Technology Officer (CTO),C_SUITE,ENGINEERING_IT,ssalinas@energiainternacion.com.mx,VERIFIED,85,+529635020360,2026-09-06T14:31:01.822064+00:00
"Energy, Oil, Gas & Mining",ENERGIA INTERNACIONAL S.A. DE C.V.,energiainternacion.com.mx,Miguel Mendoza,Chief Operating Officer (COO),C_SUITE,OPERATIONS,mmendoza@energiainternacion.com.mx,VERIFIED,85,+525643855029,2026-09-06T14:31:01.822064+00:00
"Energy, Oil, Gas & Mining",ENERGIA INTERNACIONAL S.A.S.,energiainternacion.mx,Javier Salinas,Chief Human Resources Officer (CHRO),C_SUITE,HR_PEOPLE,jsalinas@energiainternacion.mx,VERIFIED,85,+528536999305,2026-09-06T14:31:01.822064+00:00
"Energy, Oil, Gas & Mining",ENERGIA INTERNACIONAL S.A. DE C.V.,energiainternacion.com,Sofia López,Chief Revenue Officer (CRO),C_SUITE,SALES_MARKETING,slópez@energiainternacion.com,VERIFIED,85,+524287030589,2026-09-06T14:31:01.822064+00:00
"Energy, Oil, Gas & Mining",ENERGIA AVANZADA S.A.P.I. DE C.V.,energiaavanzada42.com.mx,Claudia Vega,Chief Financial Officer (CFO),C_SUITE,FINANCE,cvega@energiaavanzada42.com.mx,VERIFIED,85,+528449119794,2026-09-06T14:31:01.822064+00:00
"Energy, Oil, Gas & Mining",ENERGIA AVANZADA S.A.P.I. DE C.V.,energiaavanzada42.com.mx,Gabriel García,Chief Executive Officer (CEO),C_SUITE,EXECUTIVE,ggarcía@energiaavanzada.com.mx,VERIFIED,85,+527149199392,2026-09-06T14:31:01.822064+00:00
"Energy, Oil, Gas & Mining",ENERGIA CENTRAL S.A.P.I. DE C.V.,energiacentral73.mx,Javier García,Chief Human Resources Officer (CHRO),C_SUITE,HR_PEOPLE,jgarcía@energiacentral73.mx,VERIFIED,85,+526221950525,2026-09-06T14:31:01.822064+00:00
"Energy, Oil, Gas & Mining",ENERGIA CENTRAL S.A.P.I. DE C.V.,energiacentral73.mx,Daniel Dominguez,Chief Operating Officer (COO),C_SUITE,OPERATIONS,ddominguez@energiacentral.mx,VERIFIED,85,+525432903061,2026-09-06T14:31:01.822064+00:00
"Energy, Oil, Gas & Mining",ENERGIA CENTRAL S.A.P.I. DE C.V.,energiacentral73.mx,Patricia Morales,Chief Human Resources Officer (CHRO),C_SUITE,HR_PEOPLE,pmorales@energiacentral75.com.mx,VERIFIED,85,+524099313935,2026-09-06T14:31:01.822064+00:00
"Energy, Oil, Gas & Mining",ENERGIA CENTRAL S. DE R.L. DE C.V.,energiacentral24.com,Luis Villaseñor,Chief Revenue Officer (CRO),C_SUITE,SALES_MARKETING,lvillaseñor@energiacentral24.com,VERIFIED,85,+525668124297,2026-09-06T14:31:01.822064+00:00
"Energy, Oil, Gas & Mining",ENERGIA CENTRAL 83 S.C.,energiacentral94.mx,Jorge Benítez,Chief Revenue Officer (CRO),C_SUITE,SALES_MARKETING,jbenítez@energiacentral94.mx,VERIFIED,85,+528864153988,2026-09-06T14:31:01.822064+00:00
"Energy, Oil, Gas & Mining",ENERGIA CENTRAL 18 S. DE R.L. DE C.V.,energiacentral.com.mx,Gabriel Vega,Founder,FOUNDER,EXECUTIVE,gvega@energiacentral.com.mx,VERIFIED,85,+526488084876,2026-09-06T14:31:01.822064+00:00
"Energy, Oil, Gas & Mining",ENERGIA CENTRAL S.A.S.,energiacentral.com,Daniel Garza,Chief Financial Officer (CFO),C_SUITE,FINANCE,dgarza@energiacentral.com,VERIFIED,85,+525185421574,2026-09-06T14:31:01.822064+00:00
"Energy, Oil, Gas & Mining",ENERGIA EMPRESARIAL S.C.,energiaempresarial.com.mx,Guillermo Villaseñor,Chief Technology Officer (CTO),C_SUITE,ENGINEERING_IT,gvillaseñor@energiaempresarial.com.mx,VERIFIED,85,+524827797824,2026-09-06T14:31:01.826307+00:00
"Energy, Oil, Gas & Mining",ENERGIA EMPRESARIAL S.A. DE C.V.,energiaempresarial.mx,Patricia Treviño,Chief Operating Officer (COO),C_SUITE,OPERATIONS,ptreviño@energiaempresarial.mx,VERIFIED,85,+528947260131,2026-09-06T14:31:01.826307+00:00
"Energy, Oil, Gas & Mining",ENERGIA EMPRESARIAL S.A. DE C.V.,energiaempresarial.mx,Adriana Castro,Chief Executive Officer (CEO),C_SUITE,EXECUTIVE,acastro@energiaempresarial.mx,VERIFIED,85,+528028820884,2026-09-06T14:31:01.826307+00:00
"Energy, Oil, Gas & Mining",ENERGIA EMPRESARIAL S.A. DE C.V.,energiaempresarial.mx,Mariana Ruiz,Chief Technology Officer (CTO),C_SUITE,ENGINEERING_IT,mruiz@energiaempresarial.mx,VERIFIED,85,+527850828373,2026-09-06T14:31:01.826307+00:00
"Energy, Oil, Gas & Mining",ENERGIA ESPECIALIZADA S.C.,energiaespecializa.com.mx,Mariana Valenzuela,Chief Operating Officer (COO),C_SUITE,OPERATIONS,mvalenzuela@energiaespecializa.com.mx,VERIFIED,85,+527642874681,2026-09-06T14:31:01.826307+00:00
"Energy, Oil, Gas & Mining",ENERGIA DINAMICA S.A. DE C.V.,energiadinamica.com.mx,Mariana López,Chief Human Resources Officer (CHRO),C_SUITE,HR_PEOPLE,mlópez@energiadinamica.com.mx,VERIFIED,85,+525790060743,2026-09-06T14:31:01.826307+00:00
"Energy, Oil, Gas & Mining",ENERGIA DINAMICA S.A. DE C.V.,energiadinamica.com.mx,Miguel López,Chief Technology Officer (CTO),C_SUITE,ENGINEERING_IT,mlópez@energiadinamica.com,VERIFIED,85,+527640621428,2026-09-06T14:31:01.826307+00:00
"Energy, Oil, Gas & Mining",ENERGIA DINAMICA S.C.,energiadinamica7.mx,Daniel Morales,Founder,FOUNDER,EXECUTIVE,dmorales@energiadinamica7.mx,VERIFIED,85,+529759511656,2026-09-06T14:31:01.826307+00:00
"Energy, Oil, Gas & Mining",ENERGIA CENTRAL S.A. DE C.V.,energiacentral93.com,Miguel Morales,Chief Technology Officer (CTO),C_SUITE,ENGINEERING_IT,mmorales@energiacentral93.com,VERIFIED,85,+526652292955,2026-09-06T14:31:01.832945+00:00
"Energy, Oil, Gas & Mining",ENERGIA CENTRAL S.A. DE C.V.,energiacentral93.com,Mariana Garza,Chief Technology Officer (CTO),C_SUITE,ENGINEERING_IT,mgarza@energiacentral50.com.mx,VERIFIED,85,+528191137191,2026-09-06T14:31:01.832945+00:00
"Energy, Oil, Gas & Mining",ENERGIA CENTRAL S.A. DE C.V.,energiacentral.com.mx,Mariana López,Chief Executive Officer (CEO),C_SUITE,EXECUTIVE,mlópez@energiacentral.com.mx,VERIFIED,85,+528222919342,2026-09-06T14:31:01.832945+00:00
"Energy, Oil, Gas & Mining",ENERGIA CENTRAL S.A. DE C.V.,energiacentral.com.mx,Patricia Mendoza,Chief Technology Officer (CTO),C_SUITE,ENGINEERING_IT,pmendoza@energiacentral.com.mx,VERIFIED,85,+524586193413,2026-09-06T14:31:01.832945+00:00
"Energy, Oil, Gas & Mining",ENERGIA LATINOAMERICANA S.A.S.,energialatinoameri.com.mx,David Martínez,Chief Financial Officer (CFO),C_SUITE,FINANCE,dmartínez@energialatinoameri.com.mx,VERIFIED,85,+524322307048,2026-09-06T14:31:01.832945+00:00
"Energy, Oil, Gas & Mining",ENERGIA ESPECIALIZADA S.A.P.I. DE C.V.,energiaespecializa.mx,Luis Ruiz,Chief Operating Officer (COO),C_SUITE,OPERATIONS,lruiz@energiaespecializa.mx,VERIFIED,85,+529177904677,2026-09-06T14:31:01.832945+00:00
"Energy, Oil, Gas & Mining",ENERGIA ESPECIALIZADA S.A.P.I. DE C.V.,energiaespecializa.mx,Roberto Salinas,Chief Revenue Officer (CRO),C_SUITE,SALES_MARKETING,rsalinas@energiaespecializa.com.mx,VERIFIED,85,+525482614595,2026-09-06T14:31:01.832945+00:00
"Energy, Oil, Gas & Mining",ENERGIA ESPECIALIZADA S.A.P.I. DE C.V.,energiaespecializa.mx,Roberto Mendoza,Founder,FOUNDER,EXECUTIVE,rmendoza@energiaespecializa.mx,VERIFIED,85,+525023365882,2026-09-06T14:31:01.832945+00:00
"Energy, Oil, Gas & Mining",ENERGIA ESPECIALIZADA S.A.P.I. DE C.V.,energiaespecializa.mx,Andrea García,Chief Revenue Officer (CRO),C_SUITE,SALES_MARKETING,agarcía@energiaespecializa.mx,VERIFIED,85,+529460836867,2026-09-06T14:31:01.832945+00:00
"Energy, Oil, Gas & Mining",ENERGIA NACIONAL 82 S.A. DE C.V.,energianacional.com.mx,Gabriel Salinas,Chief Revenue Officer (CRO),C_SUITE,SALES_MARKETING,gsalinas@energianacional.com.mx,VERIFIED,85,+524878432106,2026-09-06T14:31:01.832945+00:00
"Energy, Oil, Gas & Mining",ENERGIA NACIONAL 82 S.A. DE C.V.,energianacional.com.mx,Hector Vega,Chief Technology Officer (CTO),C_SUITE,ENGINEERING_IT,hvega@energianacional.com.mx,VERIFIED,85,+525783168014,2026-09-06T14:31:01.832945+00:00
"Energy, Oil, Gas & Mining",ENERGIA NACIONAL 82 S.A. DE C.V.,energianacional.com.mx,Alejandro García,Chief Executive Officer (CEO),C_SUITE,EXECUTIVE,agarcía@energianacional.com.mx,VERIFIED,85,+525846047857,2026-09-06T14:31:01.832945+00:00
"Energy, Oil, Gas & Mining",ENERGIA NACIONAL 57 S.A. DE C.V.,energianacional.com,Guillermo Alarcón,Chief Financial Officer (CFO),C_SUITE,FINANCE,galarcón@energianacional.com,VERIFIED,85,+528617024874,2026-09-06T14:31:01.832945+00:00
"Energy, Oil, Gas & Mining",ENERGIA NACIONAL S.C.,energianacional.mx,Guillermo Treviño,Chief Financial Officer (CFO),C_SUITE,FINANCE,gtreviño@energianacional.mx,VERIFIED,85,+528811259078,2026-09-06T14:31:01.832945+00:00
"Energy, Oil, Gas & Mining",ENERGIA NACIONAL S.A. DE C.V.,energianacional93.com,Sofia González,Founder,FOUNDER,EXECUTIVE,sgonzález@energianacional93.com,VERIFIED,85,+527969733024,2026-09-06T14:31:01.832945+00:00
"Energy, Oil, Gas & Mining",ENERGIA EMPRESARIAL 65 S.C.,energiaempresarial.com,Jorge Navarro,Chief Executive Officer (CEO),C_SUITE,EXECUTIVE,jnavarro@energiaempresarial.com,VERIFIED,85,+525518566489,2026-09-06T14:31:01.832945+00:00
"Energy, Oil, Gas & Mining",ENERGIA EMPRESARIAL S.A.P.I. DE C.V.,energiaempresarial.com.mx,Daniel Hernández,Chief Human Resources Officer (CHRO),C_SUITE,HR_PEOPLE,dhernández@energiaempresarial.com.mx,VERIFIED,85,+525567652321,2026-09-06T14:31:01.832945+00:00
"Energy, Oil, Gas & Mining",ENERGIA INTERNACIONAL S.A.P.I. DE C.V.,energiainternacion.com,Miguel González,Chief Executive Officer (CEO),C_SUITE,EXECUTIVE,mgonzález@energiainternacion.com,VERIFIED,85,+525081146581,2026-09-06T14:31:01.832945+00:00
"Energy, Oil, Gas & Mining",ENERGIA INTERNACIONAL S.A.S.,energiainternacion.mx,Claudia Castro,Chief Revenue Officer (CRO),C_SUITE,SALES_MARKETING,ccastro@energiainternacion.mx,VERIFIED,85,+529060897658,2026-09-06T14:31:01.832945+00:00
"Energy, Oil, Gas & Mining",ENERGIA EMPRESARIAL S.A.P.I. DE C.V.,energiaempresarial.com,Adriana Valenzuela,Chief Financial Officer (CFO),C_SUITE,FINANCE,avalenzuela@energiaempresarial.com,VERIFIED,85,+528179644685,2026-09-06T14:31:01.832945+00:00
"Energy, Oil, Gas & Mining",ENERGIA EMPRESARIAL S.A.P.I. DE C.V.,energiaempresarial.com,Fernando López,Chief Executive Officer (CEO),C_SUITE,EXECUTIVE,flópez@energiaempresarial.com,VERIFIED,85,+528110901232,2026-09-06T14:31:01.832945+00:00
"Energy, Oil, Gas & Mining",ENERGIA EMPRESARIAL S.A.S.,energiaempresarial.mx,Sofia Navarro,Chief Executive Officer (CEO),C_SUITE,EXECUTIVE,snavarro@energiaempresarial.mx,VERIFIED,85,+528182048628,2026-09-06T14:31:01.832945+00:00
"Energy, Oil, Gas & Mining",ENERGIA CENTRAL S.A.S.,energiacentral.com,Luis González,Chief Revenue Officer (CRO),C_SUITE,SALES_MARKETING,lgonzález@energiacentral.com,VERIFIED,85,+529967891594,2026-09-06T14:31:01.832945+00:00
"Energy, Oil, Gas & Mining",ENERGIA INTEGRAL 10 S. DE R.L. DE C.V.,energiaintegral67.mx,Roberto Benítez,Chief Revenue Officer (CRO),C_SUITE,SALES_MARKETING,rbenítez@energiaintegral67.mx,VERIFIED,85,+525449459949,2026-09-06T14:31:01.840091+00:00
"Energy, Oil, Gas & Mining",ENERGIA INTEGRAL S.A.P.I. DE C.V.,energiaintegral.mx,Miguel González,Chief Financial Officer (CFO),C_SUITE,FINANCE,mgonzález@energiaintegral.mx,VERIFIED,85,+525720981454,2026-09-06T14:31:01.840091+00:00
"Energy, Oil, Gas & Mining",ENERGIA INTEGRAL S.A.P.I. DE C.V.,energiaintegral.mx,Eduardo Salinas,Chief Revenue Officer (CRO),C_SUITE,SALES_MARKETING,esalinas@energiaintegral.mx,VERIFIED,85,+525790758633,2026-09-06T14:31:01.840091+00:00
"Energy, Oil, Gas & Mining",ENERGIA INTEGRAL S.A.B. DE C.V.,energiaintegral.com.mx,Guillermo Benítez,Founder,FOUNDER,EXECUTIVE,gbenítez@energiaintegral.com.mx,VERIFIED,85,+525296415783,2026-09-06T14:31:01.840091+00:00
"Energy, Oil, Gas & Mining",ENERGIA INTEGRAL S.A.B. DE C.V.,energiaintegral.com.mx,Eduardo Alarcón,Chief Operating Officer (COO),C_SUITE,OPERATIONS,ealarcón@energiaintegral.com.mx,VERIFIED,85,+526239717638,2026-09-06T14:31:01.840091+00:00
"Energy, Oil, Gas & Mining",ENERGIA INTEGRAL S.A.B. DE C.V.,energiaintegral.com.mx,Carlos Alarcón,Chief Financial Officer (CFO),C_SUITE,FINANCE,calarcón@energiaintegral.com.mx,VERIFIED,85,+527013750424,2026-09-06T14:31:01.840091+00:00
"Energy, Oil, Gas & Mining",ENERGIA MODERNA S.A.B. DE C.V.,energiamoderna.com,Luis Villaseñor,Chief Technology Officer (CTO),C_SUITE,ENGINEERING_IT,lvillaseñor@energiamoderna.com,VERIFIED,85,+525757058310,2026-09-06T14:31:01.840091+00:00
"Energy, Oil, Gas & Mining",ENERGIA MODERNA S.A.B. DE C.V.,energiamoderna31.com.mx,Jorge Benítez,Chief Executive Officer (CEO),C_SUITE,EXECUTIVE,jbenítez@energiamoderna31.com.mx,VERIFIED,85,+524294489867,2026-09-06T14:31:01.840091+00:00
"Energy, Oil, Gas & Mining",ENERGIA MODERNA S.A.S.,energiamoderna.com.mx,Alejandro López,Chief Human Resources Officer (CHRO),C_SUITE,HR_PEOPLE,alópez@energiamoderna.com.mx,VERIFIED,85,+529797402890,2026-09-06T14:31:01.840091+00:00
"Energy, Oil, Gas & Mining",ENERGIA ESPECIALIZADA S.A.P.I. DE C.V.,energiaespecializa.com,David Benítez,Chief Operating Officer (COO),C_SUITE,OPERATIONS,dbenítez@energiaespecializa.com,VERIFIED,85,+525594130910,2026-09-06T14:31:01.840091+00:00
"Energy, Oil, Gas & Mining",ENERGIA MODERNA S. DE R.L. DE C.V.,energiamoderna.mx,Alejandro Mendoza,Chief Technology Officer (CTO),C_SUITE,ENGINEERING_IT,amendoza@energiamoderna.mx,VERIFIED,85,+524574913503,2026-09-06T14:31:01.840091+00:00
"Energy, Oil, Gas & Mining",ENERGIA MODERNA S. DE R.L. DE C.V.,energiamoderna.mx,Luis Alarcón,Chief Technology Officer (CTO),C_SUITE,ENGINEERING_IT,lalarcón@energiamoderna.mx,VERIFIED,85,+524095382149,2026-09-06T14:31:01.840091+00:00
"Energy, Oil, Gas & Mining",ENERGIA MODERNA S. DE R.L. DE C.V.,energiamoderna58.mx,Alejandro Benítez,Founder,FOUNDER,EXECUTIVE,abenítez@energiamoderna58.mx,VERIFIED,85,+528130108165,2026-09-06T14:31:01.840091+00:00
"Energy, Oil, Gas & Mining",ENERGIA DINAMICA S.A.P.I. DE C.V.,energiadinamica.com.mx,Fernando Hernández,Founder,FOUNDER,EXECUTIVE,fhernández@energiadinamica.com.mx,VERIFIED,85,+525325868043,2026-09-06T14:31:01.840091+00:00
"Energy, Oil, Gas & Mining",ENERGIA DINAMICA S.C.,energiadinamica63.com.mx,Gabriel Navarro,Chief Financial Officer (CFO),C_SUITE,FINANCE,gnavarro@energiadinamica63.com.mx,VERIFIED,85,+525256808624,2026-09-06T14:31:01.840091+00:00
"Energy, Oil, Gas & Mining",ENERGIA CENTRAL S.C.,energiacentral.mx,Hector Morales,Founder,FOUNDER,EXECUTIVE,hmorales@energiacentral.mx,VERIFIED,85,+525923620603,2026-09-06T14:31:01.844940+00:00
"Energy, Oil, Gas & Mining",ENERGIA MODERNA S. DE R.L. DE C.V.,energiamoderna3.com,Andrea Alarcón,Chief Financial Officer (CFO),C_SUITE,FINANCE,aalarcón@energiamoderna3.com,VERIFIED,85,+523375009358,2026-09-06T14:31:01.844940+00:00
"Energy, Oil, Gas & Mining",ENERGIA MODERNA S. DE R.L. DE C.V.,energiamoderna3.com,Guillermo Martínez,Chief Financial Officer (CFO),C_SUITE,FINANCE,gmartínez@energiamoderna.mx,VERIFIED,85,+523363328046,2026-09-06T14:31:01.844940+00:00
"Energy, Oil, Gas & Mining",ENERGIA MODERNA 35 S.A.B. DE C.V.,energiamoderna.mx,Rodrigo Mendoza,Chief Executive Officer (CEO),C_SUITE,EXECUTIVE,rmendoza@energiamoderna.mx,VERIFIED,85,+523315179029,2026-09-06T14:31:01.844940+00:00
"Energy, Oil, Gas & Mining",ENERGIA MODERNA S. DE R.L. DE C.V.,energiamoderna54.com,Luis Salinas,Chief Revenue Officer (CRO),C_SUITE,SALES_MARKETING,lsalinas@energiamoderna54.com,VERIFIED,85,+523336729170,2026-09-06T14:31:01.844940+00:00
"Energy, Oil, Gas & Mining",ENERGIA LATINOAMERICANA S.A.S.,energialatinoameri.com.mx,Adriana García,Chief Human Resources Officer (CHRO),C_SUITE,HR_PEOPLE,agarcía@energialatinoameri.com.mx,VERIFIED,85,+528697410619,2026-09-06T14:31:01.846944+00:00
"Energy, Oil, Gas & Mining",ENERGIA LATINOAMERICANA S.A.S.,energialatinoameri.com.mx,Guillermo Garza,Chief Operating Officer (COO),C_SUITE,OPERATIONS,ggarza@energialatinoameri.com.mx,VERIFIED,85,+525791845436,2026-09-06T14:31:01.846944+00:00
"Energy, Oil, Gas & Mining",ENERGIA LATINOAMERICANA S.A.S.,energialatinoameri.mx,David Treviño,Founder,FOUNDER,EXECUTIVE,dtreviño@energialatinoameri.mx,VERIFIED,85,+526510901321,2026-09-06T14:31:01.846944+00:00
"Energy, Oil, Gas & Mining",ENERGIA INTERNACIONAL S.A.S.,energiainternacion.com.mx,Eduardo Benítez,Chief Executive Officer (CEO),C_SUITE,EXECUTIVE,ebenítez@energiainternacion.com.mx,VERIFIED,85,+527741011119,2026-09-06T14:31:01.846944+00:00
"Energy, Oil, Gas & Mining",ENERGIA INTERNACIONAL S. DE R.L. DE C.V.,energiainternacion.mx,Andrea Castro,Chief Financial Officer (CFO),C_SUITE,FINANCE,acastro@energiainternacion.mx,VERIFIED,85,+529157056345,2026-09-06T14:31:01.846944+00:00
"Energy, Oil, Gas & Mining",ENERGIA INDUSTRIAL S.A.S.,energiaindustrial.mx,Fernando Morales,Chief Operating Officer (COO),C_SUITE,OPERATIONS,fmorales@energiaindustrial.mx,VERIFIED,85,+526025465200,2026-09-06T14:31:01.846944+00:00
"Energy, Oil, Gas & Mining",ENERGIA INDUSTRIAL 54 S. DE R.L. DE C.V.,energiaindustrial5.com,Gabriel Salinas,Chief Technology Officer (CTO),C_SUITE,ENGINEERING_IT,gsalinas@energiaindustrial5.com,VERIFIED,85,+527272121293,2026-09-06T14:31:01.846944+00:00
"Energy, Oil, Gas & Mining",ENERGIA GLOBAL S. DE R.L. DE C.V.,energiaglobal.mx,Roberto Alarcón,Chief Financial Officer (CFO),C_SUITE,FINANCE,ralarcón@energiaglobal.mx,VERIFIED,85,+527998784774,2026-09-06T14:31:01.848949+00:00
"Energy, Oil, Gas & Mining",ENERGIA GLOBAL S.A.S.,energiaglobal.com,David Dominguez,Chief Executive Officer (CEO),C_SUITE,EXECUTIVE,ddominguez@energiaglobal.com,VERIFIED,85,+525997242115,2026-09-06T14:31:01.848949+00:00
"Energy, Oil, Gas & Mining",ENERGIA INTEGRAL S.A. DE C.V.,energiaintegral.com.mx,Javier López,Chief Financial Officer (CFO),C_SUITE,FINANCE,jlópez@energiaintegral.com.mx,VERIFIED,85,+525953833097,2026-09-06T14:31:01.848949+00:00
"Energy, Oil, Gas & Mining",ENERGIA INTEGRAL S.A. DE C.V.,energiaintegral.com.mx,Hector Castro,Chief Executive Officer (CEO),C_SUITE,EXECUTIVE,hcastro@energiaintegral.com.mx,VERIFIED,85,+527032974432,2026-09-06T14:31:01.848949+00:00
"Energy, Oil, Gas & Mining",ENERGIA INTEGRAL S. DE R.L. DE C.V.,energiaintegral50.com,Javier Dominguez,Chief Operating Officer (COO),C_SUITE,OPERATIONS,jdominguez@energiaintegral50.com,VERIFIED,85,+529481626446,2026-09-06T14:31:01.848949+00:00
"Energy, Oil, Gas & Mining",ENERGIA EMPRESARIAL S.A.S.,energiaempresarial.com.mx,Fernando Navarro,Chief Revenue Officer (CRO),C_SUITE,SALES_MARKETING,fnavarro@energiaempresarial.com.mx,VERIFIED,85,+527148347122,2026-09-06T14:31:01.850953+00:00
"Energy, Oil, Gas & Mining",ENERGIA GLOBAL S.A. DE C.V.,energiaglobal74.com.mx,Andrea Salinas,Chief Human Resources Officer (CHRO),C_SUITE,HR_PEOPLE,asalinas@energiaglobal74.com.mx,VERIFIED,85,+528272249971,2026-09-06T14:31:01.850953+00:00
"Energy, Oil, Gas & Mining",ENERGIA GLOBAL S.A. DE C.V.,energiaglobal74.com.mx,Sofia Castro,Chief Operating Officer (COO),C_SUITE,OPERATIONS,scastro@energiaglobal55.com.mx,VERIFIED,85,+525061827036,2026-09-06T14:31:01.850953+00:00
"Energy, Oil, Gas & Mining",ENERGIA GLOBAL S.A. DE C.V.,energiaglobal74.com.mx,Fernando Mendoza,Founder,FOUNDER,EXECUTIVE,fmendoza@energiaglobal.com.mx,VERIFIED,85,+528549903275,2026-09-06T14:31:01.850953+00:00
"Energy, Oil, Gas & Mining",ENERGIA GLOBAL 13 S.A. DE C.V.,energiaglobal.mx,Mariana Hernández,Chief Executive Officer (CEO),C_SUITE,EXECUTIVE,mhernández@energiaglobal.mx,VERIFIED,85,+524140451084,2026-09-06T14:31:01.850953+00:00
"Energy, Oil, Gas & Mining",ENERGIA GLOBAL S.C.,energiaglobal.com,Rodrigo Benítez,Chief Technology Officer (CTO),C_SUITE,ENGINEERING_IT,rbenítez@energiaglobal.com,VERIFIED,85,+527440497045,2026-09-06T14:31:01.850953+00:00
"Energy, Oil, Gas & Mining",ENERGIA GLOBAL S.C.,energiaglobal.com,Fernando Valenzuela,Chief Technology Officer (CTO),C_SUITE,ENGINEERING_IT,fvalenzuela@energiaglobal.com,VERIFIED,85,+528192664385,2026-09-06T14:31:01.850953+00:00
"Energy, Oil, Gas & Mining",ENERGIA ESPECIALIZADA S. DE R.L. DE C.V.,energiaespecializa.mx,Javier Villaseñor,Chief Financial Officer (CFO),C_SUITE,FINANCE,jvillaseñor@energiaespecializa.mx,VERIFIED,85,+528266325815,2026-09-06T14:31:01.850953+00:00
"Energy, Oil, Gas & Mining",ENERGIA ESPECIALIZADA S.A.B. DE C.V.,energiaespecializa.com,Hector Dominguez,Chief Technology Officer (CTO),C_SUITE,ENGINEERING_IT,hdominguez@energiaespecializa.com,VERIFIED,85,+528927097135,2026-09-06T14:31:01.850953+00:00
"Energy, Oil, Gas & Mining",ENERGIA NACIONAL S.A. DE C.V.,energianacional.com.mx,Patricia Benítez,Chief Operating Officer (COO),C_SUITE,OPERATIONS,pbenítez@energianacional.com.mx,VERIFIED,85,+524593506730,2026-09-06T14:31:01.852956+00:00
"Energy, Oil, Gas & Mining",ENERGIA NACIONAL S. DE R.L. DE C.V.,energianacional.mx,Patricia Alarcón,Founder,FOUNDER,EXECUTIVE,palarcón@energianacional.mx,VERIFIED,85,+528184203323,2026-09-06T14:31:01.852956+00:00
"Energy, Oil, Gas & Mining",ENERGIA NACIONAL S. DE R.L. DE C.V.,energianacional.mx,Jorge Valenzuela,Chief Operating Officer (COO),C_SUITE,OPERATIONS,jvalenzuela@energianacional.mx,VERIFIED,85,+526490201327,2026-09-06T14:31:01.852956+00:00
"Energy, Oil, Gas & Mining",ENERGIA MEXICANA S.A. DE C.V.,energiamexicana.com,Sofia Villaseñor,Chief Executive Officer (CEO),C_SUITE,EXECUTIVE,svillaseñor@energiamexicana.com,VERIFIED,85,+528126348090,2026-09-06T14:31:01.852956+00:00
"Energy, Oil, Gas & Mining",ENERGIA MEXICANA S. DE R.L. DE C.V.,energiamexicana.mx,Rodrigo Ruiz,Chief Financial Officer (CFO),C_SUITE,FINANCE,rruiz@energiamexicana.mx,VERIFIED,85,+528163436199,2026-09-06T14:31:01.852956+00:00
"Energy, Oil, Gas & Mining",ENERGIA ESPECIALIZADA 19 S.A.S.,energiaespecializa.com,Fernando González,Chief Operating Officer (COO),C_SUITE,OPERATIONS,fgonzález@energiaespecializa.com,VERIFIED,85,+527290859770,2026-09-06T14:31:01.853959+00:00
"Energy, Oil, Gas & Mining",ENERGIA ESPECIALIZADA S. DE R.L. DE C.V.,energiaespecializa.mx,Sofia Benítez,Chief Executive Officer (CEO),C_SUITE,EXECUTIVE,sbenítez@energiaespecializa.mx,VERIFIED,85,+528176360918,2026-09-06T14:31:01.853959+00:00
"Energy, Oil, Gas & Mining",ENERGIA ESPECIALIZADA S.A. DE C.V.,energiaespecializa.com.mx,Luis Treviño,Chief Executive Officer (CEO),C_SUITE,EXECUTIVE,ltreviño@energiaespecializa.com.mx,VERIFIED,85,+527919308461,2026-09-06T14:31:01.853959+00:00
"Energy, Oil, Gas & Mining",ENERGIA ESPECIALIZADA S.A. DE C.V.,energiaespecializa.com.mx,Claudia Castro,Chief Financial Officer (CFO),C_SUITE,FINANCE,ccastro@energiaespecializa.com.mx,VERIFIED,85,+524017904588,2026-09-06T14:31:01.853959+00:00
"Energy, Oil, Gas & Mining",ENERGIA ESPECIALIZADA S.A.B. DE C.V.,energiaespecializa.mx,Daniel Ruiz,Chief Technology Officer (CTO),C_SUITE,ENGINEERING_IT,druiz@energiaespecializa.mx,VERIFIED,85,+528526352055,2026-09-06T14:31:01.853959+00:00
"Energy, Oil, Gas & Mining",ENERGIA ESPECIALIZADA S.A.B. DE C.V.,energiaespecializa.com,Rodrigo Benítez,Chief Financial Officer (CFO),C_SUITE,FINANCE,rbenítez@energiaespecializa.com,VERIFIED,85,+524685206342,2026-09-06T14:31:01.853959+00:00
"Energy, Oil, Gas & Mining",ENERGIA ESPECIALIZADA S.A.B. DE C.V.,energiaespecializa.com,Javier Ruiz,Chief Executive Officer (CEO),C_SUITE,EXECUTIVE,jruiz@energiaespecializa.com.mx,VERIFIED,85,+526665181416,2026-09-06T14:31:01.853959+00:00
"Energy, Oil, Gas & Mining",ENERGIA ESPECIALIZADA S.A.B. DE C.V.,energiaespecializa.com,Gabriel Alarcón,Founder,FOUNDER,EXECUTIVE,galarcón@energiaespecializa.com,VERIFIED,85,+525467085981,2026-09-06T14:31:01.853959+00:00
"Energy, Oil, Gas & Mining",ENERGIA ESPECIALIZADA 69 S.A.S.,energiaespecializa.com.mx,Fernando Hernández,Founder,FOUNDER,EXECUTIVE,fhernández@energiaespecializa.com.mx,VERIFIED,85,+527917793332,2026-09-06T14:31:01.853959+00:00
"Energy, Oil, Gas & Mining",ENERGIA EMPRESARIAL S.A.P.I. DE C.V.,energiaempresarial.com,Roberto Ruiz,Chief Human Resources Officer (CHRO),C_SUITE,HR_PEOPLE,rruiz@energiaempresarial.com,VERIFIED,85,+525214537210,2026-09-06T14:31:01.853959+00:00
"Energy, Oil, Gas & Mining",ENERGIA EMPRESARIAL S.A.P.I. DE C.V.,energiaempresarial.com,Guillermo Villaseñor,Chief Executive Officer (CEO),C_SUITE,EXECUTIVE,gvillaseñor@energiaempresarial.com.mx,VERIFIED,85,+525842532530,2026-09-06T14:31:01.853959+00:00
"Energy, Oil, Gas & Mining",ENERGIA EMPRESARIAL S.A.B. DE C.V.,energiaempresarial.com.mx,Eduardo Salinas,Founder,FOUNDER,EXECUTIVE,esalinas@energiaempresarial.com.mx,VERIFIED,85,+524973460786,2026-09-06T14:31:01.853959+00:00
"Energy, Oil, Gas & Mining",ENERGIA MODERNA S.A. DE C.V.,energiamoderna.com,Rodrigo Martínez,Chief Technology Officer (CTO),C_SUITE,ENGINEERING_IT,rmartínez@energiamoderna.com,VERIFIED,85,+526435408584,2026-09-06T14:31:01.853959+00:00
"Energy, Oil, Gas & Mining",ENERGIA MODERNA S.A. DE C.V.,energiamoderna.com,Fernando González,Chief Executive Officer (CEO),C_SUITE,EXECUTIVE,fgonzález@energiamoderna.com,VERIFIED,85,+527086598540,2026-09-06T14:31:01.853959+00:00
"Energy, Oil, Gas & Mining",ENERGIA INTERNACIONAL 66 S. DE R.L. DE C.V.,energiainternacion.com,Rodrigo García,Founder,FOUNDER,EXECUTIVE,rgarcía@energiainternacion.com,VERIFIED,85,+523346391923,2026-09-06T14:31:01.853959+00:00
"Energy, Oil, Gas & Mining",ENERGIA INTERNACIONAL 66 S. DE R.L. DE C.V.,energiainternacion.com,Hector Villaseñor,Chief Revenue Officer (CRO),C_SUITE,SALES_MARKETING,hvillaseñor@energiainternacion.com,VERIFIED,85,+523338923500,2026-09-06T14:31:01.853959+00:00
"Energy, Oil, Gas & Mining",ENERGIA MEXICANA S.A.B. DE C.V.,energiamexicana.mx,Daniel Garza,Chief Financial Officer (CFO),C_SUITE,FINANCE,dgarza@energiamexicana.mx,VERIFIED,85,+523339894347,2026-09-06T14:31:01.853959+00:00
"Energy, Oil, Gas & Mining",ENERGIA MEXICANA 47 S.A. DE C.V.,energiamexicana.com,Rodrigo Navarro,Founder,FOUNDER,EXECUTIVE,rnavarro@energiamexicana.com,VERIFIED,85,+523396256736,2026-09-06T14:31:01.853959+00:00
"Energy, Oil, Gas & Mining",ENERGIA ESPECIALIZADA S.C.,energiaespecializa.mx,Carlos Martínez,Chief Human Resources Officer (CHRO),C_SUITE,HR_PEOPLE,cmartínez@energiaespecializa.mx,VERIFIED,85,+527350953866,2026-09-06T14:31:01.853959+00:00
"Energy, Oil, Gas & Mining",ENERGIA ESPECIALIZADA S.C.,energiaespecializa.mx,Rodrigo Alarcón,Chief Human Resources Officer (CHRO),C_SUITE,HR_PEOPLE,ralarcón@energiaespecializa.mx,VERIFIED,85,+527848804295,2026-09-06T14:31:01.853959+00:00
"Energy, Oil, Gas & Mining",ENERGIA EMPRESARIAL S.C.,energiaempresarial.com,Adriana Alarcón,Chief Financial Officer (CFO),C_SUITE,FINANCE,aalarcón@energiaempresarial.com,VERIFIED,85,+528121934708,2026-09-06T14:31:01.858731+00:00
"Energy, Oil, Gas & Mining",ENERGIA EMPRESARIAL S.C.,energiaempresarial.com,Sofia Valenzuela,Chief Executive Officer (CEO),C_SUITE,EXECUTIVE,svalenzuela@energiaempresarial.com.mx,VERIFIED,85,+525624292836,2026-09-06T14:31:01.858731+00:00
"Energy, Oil, Gas & Mining",ENERGIA ESPECIALIZADA S. DE R.L. DE C.V.,energiaespecializa.com.mx,Adriana Ruiz,Chief Revenue Officer (CRO),C_SUITE,SALES_MARKETING,aruiz@energiaespecializa.com.mx,VERIFIED,85,+523362067419,2026-09-06T14:31:01.860023+00:00
"Energy, Oil, Gas & Mining",ENERGIA ESPECIALIZADA S. DE R.L. DE C.V.,energiaespecializa.com.mx,Rodrigo Valenzuela,Chief Revenue Officer (CRO),C_SUITE,SALES_MARKETING,rvalenzuela@energiaespecializa.com,VERIFIED,85,+523334175954,2026-09-06T14:31:01.860023+00:00
"Energy, Oil, Gas & Mining",ENERGIA ESPECIALIZADA S. DE R.L. DE C.V.,energiaespecializa.mx,Roberto González,Founder,FOUNDER,EXECUTIVE,rgonzález@energiaespecializa.mx,VERIFIED,85,+523387334082,2026-09-06T14:31:01.860023+00:00
"Energy, Oil, Gas & Mining",ENERGIA ESPECIALIZADA S. DE R.L. DE C.V.,energiaespecializa.mx,Alejandro Salinas,Chief Executive Officer (CEO),C_SUITE,EXECUTIVE,asalinas@energiaespecializa.mx,VERIFIED,85,+523387005230,2026-09-06T14:31:01.860023+00:00
"Energy, Oil, Gas & Mining",ENERGIA ESPECIALIZADA S.A.B. DE C.V.,energiaespecializa.mx,Mariana Castro,Chief Revenue Officer (CRO),C_SUITE,SALES_MARKETING,mcastro@energiaespecializa.mx,VERIFIED,85,+527383971693,2026-09-06T14:31:01.863049+00:00
"Energy, Oil, Gas & Mining",ENERGIA ESPECIALIZADA S.C.,energiaespecializa.mx,Carlos Castro,Chief Operating Officer (COO),C_SUITE,OPERATIONS,ccastro@energiaespecializa.mx,VERIFIED,85,+529443243262,2026-09-06T14:31:01.863049+00:00
"Energy, Oil, Gas & Mining",ENERGIA NACIONAL S. DE R.L. DE C.V.,energianacional.mx,Andrea Treviño,Chief Revenue Officer (CRO),C_SUITE,SALES_MARKETING,atreviño@energianacional.mx,VERIFIED,85,+524415483219,2026-09-06T14:31:01.863049+00:00
"Energy, Oil, Gas & Mining",ENERGIA NACIONAL S.C.,energianacional83.com.mx,Rodrigo Vega,Chief Human Resources Officer (CHRO),C_SUITE,HR_PEOPLE,rvega@energianacional83.com.mx,VERIFIED,85,+526197808524,2026-09-06T14:31:01.863049+00:00
"Energy, Oil, Gas & Mining",ENERGIA GLOBAL S.A. DE C.V.,energiaglobal.com,Luis Valenzuela,Chief Revenue Officer (CRO),C_SUITE,SALES_MARKETING,lvalenzuela@energiaglobal.com,VERIFIED,85,+526755499451,2026-09-06T14:31:01.863049+00:00
"Energy, Oil, Gas & Mining",ENERGIA DINAMICA S.C.,energiadinamica.com,Patricia Salinas,Chief Operating Officer (COO),C_SUITE,OPERATIONS,psalinas@energiadinamica.com,VERIFIED,85,+524671796625,2026-09-06T14:31:01.863049+00:00
"Energy, Oil, Gas & Mining",ENERGIA DINAMICA S.A. DE C.V.,energiadinamica38.com.mx,Guillermo Alarcón,Founder,FOUNDER,EXECUTIVE,galarcón@energiadinamica38.com.mx,VERIFIED,85,+527956321156,2026-09-06T14:31:01.863049+00:00
"Energy, Oil, Gas & Mining",ENERGIA MEXICANA S.A.P.I. DE C.V.,energiamexicana.com,Claudia Mendoza,Founder,FOUNDER,EXECUTIVE,cmendoza@energiamexicana.com,VERIFIED,85,+524470545289,2026-09-06T14:31:01.863049+00:00
"Energy, Oil, Gas & Mining",ENERGIA MEXICANA S.A.S.,energiamexicana.com.mx,Adriana Benítez,Chief Operating Officer (COO),C_SUITE,OPERATIONS,abenítez@energiamexicana.com.mx,VERIFIED,85,+526173330086,2026-09-06T14:31:01.863049+00:00
"Energy, Oil, Gas & Mining",ENERGIA INTERNACIONAL S.C.,energiainternacion.com,Roberto Vega,Chief Financial Officer (CFO),C_SUITE,FINANCE,rvega@energiainternacion.com,VERIFIED,85,+524744258726,2026-09-06T14:31:01.863049+00:00
"Energy, Oil, Gas & Mining",ENERGIA AVANZADA S.A.B. DE C.V.,energiaavanzada.mx,Roberto López,Chief Human Resources Officer (CHRO),C_SUITE,HR_PEOPLE,rlópez@energiaavanzada.mx,VERIFIED,85,+529738517644,2026-09-06T14:31:01.863049+00:00
"Energy, Oil, Gas & Mining",ENERGIA AVANZADA S.A.B. DE C.V.,energiaavanzada.mx,Carlos Salinas,Chief Technology Officer (CTO),C_SUITE,ENGINEERING_IT,csalinas@energiaavanzada.mx,VERIFIED,85,+526345655690,2026-09-06T14:31:01.863049+00:00
"Energy, Oil, Gas & Mining",ENERGIA AVANZADA 3 S.A. DE C.V.,energiaavanzada18.mx,Carlos Hernández,Chief Human Resources Officer (CHRO),C_SUITE,HR_PEOPLE,chernández@energiaavanzada18.mx,VERIFIED,85,+526348182056,2026-09-06T14:31:01.863049+00:00
"Energy, Oil, Gas & Mining",ENERGIA INDUSTRIAL S.A. DE C.V.,energiaindustrial.com.mx,Eduardo Salinas,Founder,FOUNDER,EXECUTIVE,esalinas@energiaindustrial.com.mx,VERIFIED,85,+529361327703,2026-09-06T14:31:01.863049+00:00
"Energy, Oil, Gas & Mining",ENERGIA NACIONAL S.A.B. DE C.V.,energianacional.com.mx,Luis Garza,Chief Human Resources Officer (CHRO),C_SUITE,HR_PEOPLE,lgarza@energianacional.com.mx,VERIFIED,85,+529052558814,2026-09-06T14:31:01.863049+00:00
"Energy, Oil, Gas & Mining",ENERGIA NACIONAL S.A.B. DE C.V.,energianacional.com.mx,Fernando Garza,Chief Executive Officer (CEO),C_SUITE,EXECUTIVE,fgarza@energianacional.com,VERIFIED,85,+528486902673,2026-09-06T14:31:01.863049+00:00
"Energy, Oil, Gas & Mining",ENERGIA CENTRAL 87 S.A.P.I. DE C.V.,energiacentral2.com.mx,Alejandro Vega,Chief Technology Officer (CTO),C_SUITE,ENGINEERING_IT,avega@energiacentral2.com.mx,VERIFIED,85,+525137485672,2026-09-06T14:31:01.863049+00:00
"Energy, Oil, Gas & Mining",ENERGIA MEXICANA S.C.,energiamexicana.com.mx,Rodrigo Ruiz,Chief Executive Officer (CEO),C_SUITE,EXECUTIVE,rruiz@energiamexicana.com.mx,VERIFIED,85,+528239664246,2026-09-06T14:31:01.863049+00:00
"Energy, Oil, Gas & Mining",ENERGIA INTEGRAL S.A.S.,energiaintegral60.com.mx,Jorge Alarcón,Chief Revenue Officer (CRO),C_SUITE,SALES_MARKETING,jalarcón@energiaintegral60.com.mx,VERIFIED,85,+526645362985,2026-09-06T14:31:01.863049+00:00
"Energy, Oil, Gas & Mining",ENERGIA AVANZADA 14 S.A.P.I. DE C.V.,energiaavanzada.com.mx,David García,Founder,FOUNDER,EXECUTIVE,dgarcía@energiaavanzada.com.mx,VERIFIED,85,+527011428377,2026-09-06T14:31:01.863049+00:00
"Energy, Oil, Gas & Mining",ENERGIA INDUSTRIAL S.A. DE C.V.,energiaindustrial.mx,Carlos Morales,Chief Financial Officer (CFO),C_SUITE,FINANCE,cmorales@energiaindustrial.mx,VERIFIED,85,+524594681301,2026-09-06T14:31:01.863049+00:00
