industry,company_name,company_domain,full_name,standardized_title,seniority_level,department,work_email,email_status,email_confidence_score,direct_phone,created_at
General Commercial & Services,INNOVACION INDUSTRIAL S.A.S.,innovacionindustri.com,Fernando Valenzuela,Chief Operating Officer (COO),C_SUITE,OPERATIONS,fvalenzuela@innovacionindustri.com,VERIFIED,85,+527773127458,2026-09-06T14:31:01.185153+00:00
General Commercial & Services,INNOVACION INDUSTRIAL S.A.S.,innovacionindustri.com,Miguel González,Chief Revenue Officer (CRO),C_SUITE,SALES_MARKETING,mgonzález@innovacionindustri.com,VERIFIED,85,+524737165017,2026-09-06T14:31:01.185153+00:00
General Commercial & Services,INNOVACION INDUSTRIAL S.A.S.,innovacionindustri.com,Eduardo García,Chief Human Resources Officer (CHRO),C_SUITE,HR_PEOPLE,egarcía@innovacionindustri.com,VERIFIED,85,+529974773569,2026-09-06T14:31:01.185153+00:00
General Commercial & Services,INNOVACION INDUSTRIAL S.A.P.I. DE C.V.,innovacionindustri.mx,Fernando Alarcón,Founder,FOUNDER,EXECUTIVE,falarcón@innovacionindustri.mx,VERIFIED,85,+529487417282,2026-09-06T14:31:01.185153+00:00
General Commercial & Services,INNOVACION INDUSTRIAL S.A.P.I. DE C.V.,innovacionindustri.mx,Carlos Martínez,Chief Executive Officer (CEO),C_SUITE,EXECUTIVE,cmartínez@innovacionindustri.mx,VERIFIED,85,+527678813322,2026-09-06T14:31:01.185153+00:00
General Commercial & Services,INNOVACION INDUSTRIAL S.A.P.I. DE C.V.,innovacionindustri.mx,Fernando Navarro,Founder,FOUNDER,EXECUTIVE,fnavarro@innovacionindustri.mx,VERIFIED,85,+528949420064,2026-09-06T14:31:01.185153+00:00
General Commercial & Services,INNOVACION INDUSTRIAL S.C.,innovacionindustri.com.mx,Guillermo Mendoza,Chief Executive Officer (CEO),C_SUITE,EXECUTIVE,gmendoza@innovacionindustri.com.mx,VERIFIED,85,+527864986385,2026-09-06T14:31:01.187157+00:00
General Commercial & Services,INNOVACION INDUSTRIAL S.C.,innovacionindustri.com.mx,Rodrigo Villaseñor,Chief Technology Officer (CTO),C_SUITE,ENGINEERING_IT,rvillaseñor@innovacionindustri.com.mx,VERIFIED,85,+528071411770,2026-09-06T14:31:01.187157+00:00
General Commercial & Services,INNOVACION INDUSTRIAL S.C.,innovacionindustri.com.mx,Andrea Villaseñor,Chief Revenue Officer (CRO),C_SUITE,SALES_MARKETING,avillaseñor@innovacionindustri.com.mx,VERIFIED,85,+526935382157,2026-09-06T14:31:01.187157+00:00
General Commercial & Services,INDUSTRIAS DE LAS AMERICAS 82 S.C.,industriasdelasame.com,Fernando Navarro,Chief Operating Officer (COO),C_SUITE,OPERATIONS,fnavarro@industriasdelasame.com,VERIFIED,85,+526326682847,2026-09-06T14:31:01.188901+00:00
General Commercial & Services,INDUSTRIAS DE LAS AMERICAS S.A.P.I. DE C.V.,industriasdelasame.com.mx,Roberto Garza,Chief Executive Officer (CEO),C_SUITE,EXECUTIVE,rgarza@industriasdelasame.com.mx,VERIFIED,85,+526058669783,2026-09-06T14:31:01.188901+00:00
General Commercial & Services,INDUSTRIAS DE LAS AMERICAS S.A.P.I. DE C.V.,industriasdelasame.com.mx,Jorge López,Chief Operating Officer (COO),C_SUITE,OPERATIONS,jlópez@industriasdelasame.mx,VERIFIED,85,+525992532156,2026-09-06T14:31:01.188901+00:00
General Commercial & Services,INNOVACION INDUSTRIAL S.A.P.I. DE C.V.,innovacionindustri.com.mx,Andrea Ruiz,Founder,FOUNDER,EXECUTIVE,aruiz@innovacionindustri.com.mx,VERIFIED,85,+525674832041,2026-09-06T14:31:01.188901+00:00
General Commercial & Services,INNOVACION INDUSTRIAL S.A.P.I. DE C.V.,innovacionindustri.com.mx,Miguel Martínez,Chief Executive Officer (CEO),C_SUITE,EXECUTIVE,mmartínez@innovacionindustri.com.mx,VERIFIED,85,+529742142227,2026-09-06T14:31:01.188901+00:00
General Commercial & Services,INNOVACION INDUSTRIAL S. DE R.L. DE C.V.,innovacionindustri.mx,Carlos López,Chief Technology Officer (CTO),C_SUITE,ENGINEERING_IT,clópez@innovacionindustri.mx,VERIFIED,85,+529735453291,2026-09-06T14:31:01.188901+00:00
General Commercial & Services,INNOVACION INDUSTRIAL S. DE R.L. DE C.V.,innovacionindustri.mx,Andrea García,Chief Operating Officer (COO),C_SUITE,OPERATIONS,agarcía@innovacionindustri.mx,VERIFIED,85,+527482160977,2026-09-06T14:31:01.188901+00:00
General Commercial & Services,MANUFACTURA MODERNA S.A.S.,manufacturamoderna.mx,Jorge Vega,Chief Executive Officer (CEO),C_SUITE,EXECUTIVE,jvega@manufacturamoderna.mx,VERIFIED,85,+526039288032,2026-09-06T14:31:01.190904+00:00
General Commercial & Services,MANUFACTURA MODERNA S.A.S.,manufacturamoderna.mx,David Castro,Chief Technology Officer (CTO),C_SUITE,ENGINEERING_IT,dcastro@manufacturamoderna.mx,VERIFIED,85,+527063265594,2026-09-06T14:31:01.190904+00:00
General Commercial & Services,INNOVACION NACIONAL S. DE R.L. DE C.V.,innovacionnacional.com.mx,Eduardo Mendoza,Chief Executive Officer (CEO),C_SUITE,EXECUTIVE,emendoza@innovacionnacional.com.mx,VERIFIED,85,+528412974239,2026-09-06T14:31:01.195111+00:00
General Commercial & Services,INNOVACION NACIONAL S. DE R.L. DE C.V.,innovacionnacional.com.mx,Alejandro Ruiz,Chief Executive Officer (CEO),C_SUITE,EXECUTIVE,aruiz@innovacionnacional.com.mx,VERIFIED,85,+525999399953,2026-09-06T14:31:01.195111+00:00
General Commercial & Services,INNOVACION NACIONAL S. DE R.L. DE C.V.,innovacionnacional.com.mx,Daniel Mendoza,Founder,FOUNDER,EXECUTIVE,dmendoza@innovacionnacional.com.mx,VERIFIED,85,+529818139217,2026-09-06T14:31:01.195111+00:00
General Commercial & Services,INNOVACION NACIONAL S.A.S.,innovacionnacional.com,Carlos Mendoza,Chief Human Resources Officer (CHRO),C_SUITE,HR_PEOPLE,cmendoza@innovacionnacional.com,VERIFIED,85,+525970414609,2026-09-06T14:31:01.195111+00:00
General Commercial & Services,INDUSTRIAS INTERNACIONAL S.A. DE C.V.,industriasinternac.mx,Andrea Castro,Founder,FOUNDER,EXECUTIVE,acastro@industriasinternac.mx,VERIFIED,85,+529450502446,2026-09-06T14:31:01.197115+00:00
General Commercial & Services,INDUSTRIAS INTERNACIONAL S.A. DE C.V.,industriasinternac.mx,Guillermo García,Chief Executive Officer (CEO),C_SUITE,EXECUTIVE,ggarcía@industriasinternac.mx,VERIFIED,85,+524056181377,2026-09-06T14:31:01.197115+00:00
General Commercial & Services,INDUSTRIAS INTERNACIONAL S.A. DE C.V.,industriasinternac.mx,Hector Garza,Chief Technology Officer (CTO),C_SUITE,ENGINEERING_IT,hgarza@industriasinternac.com,VERIFIED,85,+525322699145,2026-09-06T14:31:01.197115+00:00
General Commercial & Services,INDUSTRIAS INTERNACIONAL S. DE R.L. DE C.V.,industriasinternac.com.mx,Mariana García,Chief Revenue Officer (CRO),C_SUITE,SALES_MARKETING,mgarcía@industriasinternac.com.mx,VERIFIED,85,+525573300660,2026-09-06T14:31:01.197115+00:00
General Commercial & Services,INDUSTRIAS INTERNACIONAL S. DE R.L. DE C.V.,industriasinternac.com.mx,Claudia Salinas,Chief Financial Officer (CFO),C_SUITE,FINANCE,csalinas@industriasinternac.com.mx,VERIFIED,85,+527759744481,2026-09-06T14:31:01.197115+00:00
General Commercial & Services,MANUFACTURA GLOBAL S.A.S.,manufacturaglobal.mx,Guillermo González,Chief Human Resources Officer (CHRO),C_SUITE,HR_PEOPLE,ggonzález@manufacturaglobal.mx,VERIFIED,85,+527111434522,2026-09-06T14:31:01.197115+00:00
General Commercial & Services,MANUFACTURA GLOBAL S.A.S.,manufacturaglobal.mx,Fernando Benítez,Chief Human Resources Officer (CHRO),C_SUITE,HR_PEOPLE,fbenítez@manufacturaglobal.mx,VERIFIED,85,+527946923194,2026-09-06T14:31:01.197115+00:00
General Commercial & Services,MANUFACTURA GLOBAL S.A.S.,manufacturaglobal.mx,Mariana Morales,Chief Executive Officer (CEO),C_SUITE,EXECUTIVE,mmorales@manufacturaglobal.mx,VERIFIED,85,+526312148343,2026-09-06T14:31:01.197115+00:00
General Commercial & Services,INNOVACION DEL PACIFICO S.A.P.I. DE C.V.,innovaciondelpacif.mx,Sofia González,Founder,FOUNDER,EXECUTIVE,sgonzález@innovaciondelpacif.mx,VERIFIED,85,+524847494273,2026-09-06T14:31:01.197115+00:00
General Commercial & Services,INNOVACION DEL PACIFICO S.A.P.I. DE C.V.,innovaciondelpacif.mx,Sofia Hernández,Chief Human Resources Officer (CHRO),C_SUITE,HR_PEOPLE,shernández@innovaciondelpacif.mx,VERIFIED,85,+524962760338,2026-09-06T14:31:01.197115+00:00
General Commercial & Services,INNOVACION DEL PACIFICO S.A.P.I. DE C.V.,innovaciondelpacif.mx,Javier Villaseñor,Chief Revenue Officer (CRO),C_SUITE,SALES_MARKETING,jvillaseñor@innovaciondelpacif.mx,VERIFIED,85,+526354965665,2026-09-06T14:31:01.197115+00:00
General Commercial & Services,INNOVACION DEL PACIFICO S.A.P.I. DE C.V.,innovaciondelpacif.mx,Adriana Morales,Chief Revenue Officer (CRO),C_SUITE,SALES_MARKETING,amorales@innovaciondelpacif.com,VERIFIED,85,+524052446082,2026-09-06T14:31:01.197115+00:00
General Commercial & Services,INNOVACION DEL CENTRO S.A.B. DE C.V.,innovaciondelcentr.com.mx,Alejandro Martínez,Chief Executive Officer (CEO),C_SUITE,EXECUTIVE,amartínez@innovaciondelcentr.com.mx,VERIFIED,85,+524311064123,2026-09-06T14:31:01.197115+00:00
General Commercial & Services,INNOVACION DEL BAJIO S. DE R.L. DE C.V.,innovaciondelbajio.com.mx,Luis Treviño,Chief Technology Officer (CTO),C_SUITE,ENGINEERING_IT,ltreviño@innovaciondelbajio.com.mx,VERIFIED,85,+529531127627,2026-09-06T14:31:01.197115+00:00
General Commercial & Services,INNOVACION DEL BAJIO S. DE R.L. DE C.V.,innovaciondelbajio.com.mx,Fernando Navarro,Chief Executive Officer (CEO),C_SUITE,EXECUTIVE,fnavarro@innovaciondelbajio.com.mx,VERIFIED,85,+528795794044,2026-09-06T14:31:01.197115+00:00
General Commercial & Services,INNOVACION DEL BAJIO S. DE R.L. DE C.V.,innovaciondelbajio.com.mx,Sofia Garza,Chief Human Resources Officer (CHRO),C_SUITE,HR_PEOPLE,sgarza@innovaciondelbajio.com.mx,VERIFIED,85,+529492558288,2026-09-06T14:31:01.197115+00:00
General Commercial & Services,INNOVACION DEL BAJIO S.C.,innovaciondelbajio.com,Mariana Vega,Chief Revenue Officer (CRO),C_SUITE,SALES_MARKETING,mvega@innovaciondelbajio.com,VERIFIED,85,+526420486852,2026-09-06T14:31:01.197115+00:00
General Commercial & Services,INNOVACION DEL BAJIO S.C.,innovaciondelbajio.com,Miguel Hernández,Chief Executive Officer (CEO),C_SUITE,EXECUTIVE,mhernández@innovaciondelbajio.com,VERIFIED,85,+527964194589,2026-09-06T14:31:01.197115+00:00
General Commercial & Services,INNOVACION DEL CENTRO S.A.B. DE C.V.,innovaciondelcentr.com,Claudia Mendoza,Chief Financial Officer (CFO),C_SUITE,FINANCE,cmendoza@innovaciondelcentr.com,VERIFIED,85,+529545472600,2026-09-06T14:31:01.197115+00:00
General Commercial & Services,INNOVACION DEL BAJIO S.A.B. DE C.V.,innovaciondelbajio.mx,Fernando Martínez,Founder,FOUNDER,EXECUTIVE,fmartínez@innovaciondelbajio.mx,VERIFIED,85,+529285349012,2026-09-06T14:31:01.197115+00:00
General Commercial & Services,INNOVACION DEL NORTE S.A.P.I. DE C.V.,innovaciondelnorte.mx,Patricia Dominguez,Chief Financial Officer (CFO),C_SUITE,FINANCE,pdominguez@innovaciondelnorte.mx,VERIFIED,85,+528348989303,2026-09-06T14:31:01.197115+00:00
General Commercial & Services,INNOVACION DEL NORTE S.A.P.I. DE C.V.,innovaciondelnorte.mx,Javier Castro,Founder,FOUNDER,EXECUTIVE,jcastro@innovaciondelnorte.mx,VERIFIED,85,+526146856324,2026-09-06T14:31:01.197115+00:00
General Commercial & Services,INNOVACION DEL NORTE S.A.P.I. DE C.V.,innovaciondelnorte.mx,Hector Mendoza,Chief Technology Officer (CTO),C_SUITE,ENGINEERING_IT,hmendoza@innovaciondelnorte.mx,VERIFIED,85,+524663388310,2026-09-06T14:31:01.197115+00:00
General Commercial & Services,INNOVACION DEL NORTE S.C.,innovaciondelnorte.com.mx,Patricia Navarro,Chief Financial Officer (CFO),C_SUITE,FINANCE,pnavarro@innovaciondelnorte.com.mx,VERIFIED,85,+528041042995,2026-09-06T14:31:01.197115+00:00
General Commercial & Services,INNOVACION DEL PACIFICO S. DE R.L. DE C.V.,innovaciondelpacif.com,Fernando Vega,Chief Operating Officer (COO),C_SUITE,OPERATIONS,fvega@innovaciondelpacif.com,VERIFIED,85,+526031455220,2026-09-06T14:31:01.197115+00:00
General Commercial & Services,MANUFACTURA INDUSTRIAL S.C.,manufacturaindustr.com,Jorge Mendoza,Chief Executive Officer (CEO),C_SUITE,EXECUTIVE,jmendoza@manufacturaindustr.com,VERIFIED,85,+528190448903,2026-09-06T14:31:01.199119+00:00
General Commercial & Services,MANUFACTURA INDUSTRIAL S.C.,manufacturaindustr.com,Daniel Alarcón,Chief Executive Officer (CEO),C_SUITE,EXECUTIVE,dalarcón@manufacturaindustr.mx,VERIFIED,85,+524697711019,2026-09-06T14:31:01.199119+00:00
General Commercial & Services,MANUFACTURA INDUSTRIAL S.A.S.,manufacturaindustr.com.mx,Guillermo López,Chief Operating Officer (COO),C_SUITE,OPERATIONS,glópez@manufacturaindustr.com.mx,VERIFIED,85,+528714396556,2026-09-06T14:31:01.199119+00:00
General Commercial & Services,MANUFACTURA INDUSTRIAL S.A.S.,manufacturaindustr.com.mx,Gabriel García,Chief Executive Officer (CEO),C_SUITE,EXECUTIVE,ggarcía@manufacturaindustr.com.mx,VERIFIED,85,+528969204049,2026-09-06T14:31:01.199119+00:00
General Commercial & Services,MANUFACTURA INDUSTRIAL S.A.S.,manufacturaindustr.mx,Jorge Mendoza,Chief Revenue Officer (CRO),C_SUITE,SALES_MARKETING,jmendoza@manufacturaindustr.mx,VERIFIED,85,+525252530447,2026-09-06T14:31:01.199119+00:00
General Commercial & Services,INNOVACION NACIONAL S.A.P.I. DE C.V.,innovacionnacional.com.mx,Gabriel Castro,Chief Financial Officer (CFO),C_SUITE,FINANCE,gcastro@innovacionnacional.com.mx,VERIFIED,85,+529539694275,2026-09-06T14:31:01.199119+00:00
General Commercial & Services,INDUSTRIAS INDUSTRIAL 9 S.C.,industriasindustri.com,Patricia Hernández,Founder,FOUNDER,EXECUTIVE,phernández@industriasindustri.com,VERIFIED,85,+525593770764,2026-09-06T14:31:01.203126+00:00
General Commercial & Services,INDUSTRIAS INDUSTRIAL S.A.B. DE C.V.,industriasindustri.mx,Javier Treviño,Founder,FOUNDER,EXECUTIVE,jtreviño@industriasindustri.mx,VERIFIED,85,+525584494846,2026-09-06T14:31:01.203126+00:00
General Commercial & Services,INDUSTRIAS INDUSTRIAL S.A.B. DE C.V.,industriasindustri.mx,Daniel Treviño,Chief Revenue Officer (CRO),C_SUITE,SALES_MARKETING,dtreviño@industriasindustri.mx,VERIFIED,85,+525599597133,2026-09-06T14:31:01.203126+00:00
General Commercial & Services,MANUFACTURA INDUSTRIAL S.A.B. DE C.V.,manufacturaindustr.com.mx,Sofia Garza,Chief Executive Officer (CEO),C_SUITE,EXECUTIVE,sgarza@manufacturaindustr.com.mx,VERIFIED,85,+525551841647,2026-09-06T14:31:01.203126+00:00
General Commercial & Services,MANUFACTURA INDUSTRIAL S.A.P.I. DE C.V.,manufacturaindustr.mx,Hector Treviño,Founder,FOUNDER,EXECUTIVE,htreviño@manufacturaindustr.mx,VERIFIED,85,+525535894459,2026-09-06T14:31:01.203126+00:00
General Commercial & Services,MANUFACTURA INDUSTRIAL S.A.P.I. DE C.V.,manufacturaindustr.mx,Sofia Garza,Chief Human Resources Officer (CHRO),C_SUITE,HR_PEOPLE,sgarza@manufacturaindustr.mx,VERIFIED,85,+525530246947,2026-09-06T14:31:01.203126+00:00
General Commercial & Services,INNOVACION CENTRAL S. DE R.L. DE C.V.,innovacioncentral.com,Adriana Villaseñor,Founder,FOUNDER,EXECUTIVE,avillaseñor@innovacioncentral.com,VERIFIED,85,+525243626529,2026-09-06T14:31:01.203126+00:00
General Commercial & Services,INNOVACION CENTRAL S.A.B. DE C.V.,innovacioncentral.mx,Guillermo Navarro,Chief Executive Officer (CEO),C_SUITE,EXECUTIVE,gnavarro@innovacioncentral.mx,VERIFIED,85,+526366950149,2026-09-06T14:31:01.203126+00:00
General Commercial & Services,INNOVACION CENTRAL 51 S. DE R.L. DE C.V.,innovacioncentral.com.mx,Daniel Hernández,Chief Executive Officer (CEO),C_SUITE,EXECUTIVE,dhernández@innovacioncentral.com.mx,VERIFIED,85,+529321634417,2026-09-06T14:31:01.203126+00:00
General Commercial & Services,INDUSTRIAS DE OCCIDENTE S.C.,industriasdeoccide.com.mx,Sofia Mendoza,Chief Financial Officer (CFO),C_SUITE,FINANCE,smendoza@industriasdeoccide.com.mx,VERIFIED,85,+525598401098,2026-09-06T14:31:01.203126+00:00
General Commercial & Services,INDUSTRIAS DE OCCIDENTE S.C.,industriasdeoccide.com.mx,Eduardo Morales,Chief Human Resources Officer (CHRO),C_SUITE,HR_PEOPLE,emorales@industriasdeoccide.com.mx,VERIFIED,85,+527072656870,2026-09-06T14:31:01.203126+00:00
General Commercial & Services,INDUSTRIAS DE OCCIDENTE S.C.,industriasdeoccide.com.mx,Guillermo Treviño,Chief Revenue Officer (CRO),C_SUITE,SALES_MARKETING,gtreviño@industriasdeoccide.com.mx,VERIFIED,85,+529843129668,2026-09-06T14:31:01.203126+00:00
General Commercial & Services,INDUSTRIAS DE LAS AMERICAS S.A.P.I. DE C.V.,industriasdelasame.com.mx,Jorge Navarro,Founder,FOUNDER,EXECUTIVE,jnavarro@industriasdelasame.com.mx,VERIFIED,85,+528115704672,2026-09-06T14:31:01.203126+00:00
General Commercial & Services,INDUSTRIAS DE LAS AMERICAS S.A.P.I. DE C.V.,industriasdelasame.com.mx,Carlos López,Chief Financial Officer (CFO),C_SUITE,FINANCE,clópez@industriasdelasame.com.mx,VERIFIED,85,+524558793992,2026-09-06T14:31:01.203126+00:00
General Commercial & Services,INDUSTRIAS DE LAS AMERICAS S.A.P.I. DE C.V.,industriasdelasame.com.mx,Mariana Treviño,Chief Human Resources Officer (CHRO),C_SUITE,HR_PEOPLE,mtreviño@industriasdelasame.com.mx,VERIFIED,85,+528731936340,2026-09-06T14:31:01.203126+00:00
General Commercial & Services,INDUSTRIAS DE OCCIDENTE S.A.B. DE C.V.,industriasdeoccide.mx,Patricia Ruiz,Chief Revenue Officer (CRO),C_SUITE,SALES_MARKETING,pruiz@industriasdeoccide.mx,VERIFIED,85,+524669921734,2026-09-06T14:31:01.203126+00:00
General Commercial & Services,MANUFACTURA ESPECIALIZADA S.A. DE C.V.,manufacturaespecia.mx,Daniel González,Chief Operating Officer (COO),C_SUITE,OPERATIONS,dgonzález@manufacturaespecia.mx,VERIFIED,85,+527819922638,2026-09-06T14:31:01.205129+00:00
General Commercial & Services,MANUFACTURA ESPECIALIZADA S.A. DE C.V.,manufacturaespecia.mx,Gabriel Garza,Chief Executive Officer (CEO),C_SUITE,EXECUTIVE,ggarza@manufacturaespecia.mx,VERIFIED,85,+526395398912,2026-09-06T14:31:01.205129+00:00
General Commercial & Services,MANUFACTURA ESPECIALIZADA S.A. DE C.V.,manufacturaespecia.mx,Mariana Villaseñor,Chief Executive Officer (CEO),C_SUITE,EXECUTIVE,mvillaseñor@manufacturaespecia.mx,VERIFIED,85,+524382931445,2026-09-06T14:31:01.205129+00:00
General Commercial & Services,MANUFACTURA ESPECIALIZADA S.A. DE C.V.,manufacturaespecia.mx,Daniel Ruiz,Chief Executive Officer (CEO),C_SUITE,EXECUTIVE,druiz@manufacturaespecia.mx,VERIFIED,85,+529320915461,2026-09-06T14:31:01.205129+00:00
General Commercial & Services,MANUFACTURA ESPECIALIZADA S. DE R.L. DE C.V.,manufacturaespecia.com,Eduardo Villaseñor,Chief Operating Officer (COO),C_SUITE,OPERATIONS,evillaseñor@manufacturaespecia.com,VERIFIED,85,+525021756548,2026-09-06T14:31:01.205129+00:00
General Commercial & Services,INDUSTRIAS INDUSTRIAL S.A.B. DE C.V.,industriasindustri.com.mx,Jorge Castro,Chief Human Resources Officer (CHRO),C_SUITE,HR_PEOPLE,jcastro@industriasindustri.com.mx,VERIFIED,85,+525265997763,2026-09-06T14:31:01.207133+00:00
General Commercial & Services,INDUSTRIAS INDUSTRIAL S.A.B. DE C.V.,industriasindustri.com.mx,Hector Navarro,Chief Executive Officer (CEO),C_SUITE,EXECUTIVE,hnavarro@industriasindustri.com,VERIFIED,85,+526796298664,2026-09-06T14:31:01.207133+00:00
General Commercial & Services,INDUSTRIAS INDUSTRIAL S.A.S.,industriasindustri.mx,Daniel Alarcón,Chief Operating Officer (COO),C_SUITE,OPERATIONS,dalarcón@industriasindustri.mx,VERIFIED,85,+524791906530,2026-09-06T14:31:01.207133+00:00
General Commercial & Services,INDUSTRIAS INDUSTRIAL S.A.P.I. DE C.V.,industriasindustri.com,Mariana Treviño,Founder,FOUNDER,EXECUTIVE,mtreviño@industriasindustri.com,VERIFIED,85,+526237555331,2026-09-06T14:31:01.207133+00:00
General Commercial & Services,INNOVACION DEL CENTRO S.A.S.,innovaciondelcentr.com,Alejandro Martínez,Chief Technology Officer (CTO),C_SUITE,ENGINEERING_IT,amartínez@innovaciondelcentr.com,VERIFIED,85,+527575370853,2026-09-06T14:31:01.208789+00:00
General Commercial & Services,INNOVACION DEL CENTRO S.A.S.,innovaciondelcentr.com,Fernando Alarcón,Chief Technology Officer (CTO),C_SUITE,ENGINEERING_IT,falarcón@innovaciondelcentr.com,VERIFIED,85,+524638312331,2026-09-06T14:31:01.208789+00:00
General Commercial & Services,INNOVACION DEL NORTE S.A.P.I. DE C.V.,innovaciondelnorte.mx,Patricia González,Chief Executive Officer (CEO),C_SUITE,EXECUTIVE,pgonzález@innovaciondelnorte.mx,VERIFIED,85,+525235043113,2026-09-06T14:31:01.208789+00:00
General Commercial & Services,INNOVACION DEL NORTE S.A.P.I. DE C.V.,innovaciondelnorte.mx,David Mendoza,Chief Operating Officer (COO),C_SUITE,OPERATIONS,dmendoza@innovaciondelnorte.mx,VERIFIED,85,+528196816962,2026-09-06T14:31:01.208789+00:00
General Commercial & Services,INNOVACION DEL NORTE S. DE R.L. DE C.V.,innovaciondelnorte.com.mx,Daniel Valenzuela,Chief Technology Officer (CTO),C_SUITE,ENGINEERING_IT,dvalenzuela@innovaciondelnorte.com.mx,VERIFIED,85,+524916964727,2026-09-06T14:31:01.208789+00:00
General Commercial & Services,INNOVACION DEL NORTE S. DE R.L. DE C.V.,innovaciondelnorte.com.mx,Roberto Garza,Chief Human Resources Officer (CHRO),C_SUITE,HR_PEOPLE,rgarza@innovaciondelnorte.com,VERIFIED,85,+527121554893,2026-09-06T14:31:01.208789+00:00
General Commercial & Services,INNOVACION DEL PACIFICO S. DE R.L. DE C.V.,innovaciondelpacif.mx,Alejandro Dominguez,Chief Executive Officer (CEO),C_SUITE,EXECUTIVE,adominguez@innovaciondelpacif.mx,VERIFIED,85,+529414958876,2026-09-06T14:31:01.208789+00:00
General Commercial & Services,INNOVACION DEL PACIFICO S. DE R.L. DE C.V.,innovaciondelpacif.mx,Patricia Salinas,Chief Human Resources Officer (CHRO),C_SUITE,HR_PEOPLE,psalinas@innovaciondelpacif.mx,VERIFIED,85,+526021645537,2026-09-06T14:31:01.208789+00:00
General Commercial & Services,INNOVACION DEL BAJIO S.C.,innovaciondelbajio.com,Rodrigo Vega,Chief Executive Officer (CEO),C_SUITE,EXECUTIVE,rvega@innovaciondelbajio.com,VERIFIED,85,+524471258419,2026-09-06T14:31:01.208789+00:00
General Commercial & Services,INNOVACION DEL CENTRO 50 S.A.S.,innovaciondelcentr.com.mx,Claudia Navarro,Founder,FOUNDER,EXECUTIVE,cnavarro@innovaciondelcentr.com.mx,VERIFIED,85,+529941975520,2026-09-06T14:31:01.208789+00:00
General Commercial & Services,INNOVACION DEL CENTRO S.A.P.I. DE C.V.,innovaciondelcentr.mx,Luis Villaseñor,Founder,FOUNDER,EXECUTIVE,lvillaseñor@innovaciondelcentr.mx,VERIFIED,85,+525129759274,2026-09-06T14:31:01.208789+00:00
General Commercial & Services,INDUSTRIAS DEL PACIFICO S. DE R.L. DE C.V.,industriasdelpacif.com.mx,Claudia Hernández,Founder,FOUNDER,EXECUTIVE,chernández@industriasdelpacif.com.mx,VERIFIED,85,+528439736398,2026-09-06T14:31:01.213653+00:00
General Commercial & Services,INDUSTRIAS DEL PACIFICO S. DE R.L. DE C.V.,industriasdelpacif.com.mx,Luis Salinas,Founder,FOUNDER,EXECUTIVE,lsalinas@industriasdelpacif.com.mx,VERIFIED,85,+525858345949,2026-09-06T14:31:01.213653+00:00
General Commercial & Services,INDUSTRIAS DEL BAJIO S.A.S.,industriasdelbajio.com.mx,Daniel Garza,Chief Human Resources Officer (CHRO),C_SUITE,HR_PEOPLE,dgarza@industriasdelbajio.com.mx,VERIFIED,85,+527495487897,2026-09-06T14:31:01.213653+00:00
General Commercial & Services,INDUSTRIAS DEL CENTRO S.A.S.,industriasdelcentr.mx,Daniel Treviño,Chief Human Resources Officer (CHRO),C_SUITE,HR_PEOPLE,dtreviño@industriasdelcentr.mx,VERIFIED,85,+527068786589,2026-09-06T14:31:01.213653+00:00
General Commercial & Services,INDUSTRIAS DEL NORTE S. DE R.L. DE C.V.,industriasdelnorte.com,Miguel Alarcón,Chief Executive Officer (CEO),C_SUITE,EXECUTIVE,malarcón@industriasdelnorte.com,VERIFIED,85,+529673141158,2026-09-06T14:31:01.213653+00:00
General Commercial & Services,INDUSTRIAS DEL NORTE S. DE R.L. DE C.V.,industriasdelnorte.com,Guillermo Valenzuela,Chief Executive Officer (CEO),C_SUITE,EXECUTIVE,gvalenzuela@industriasdelnorte.com,VERIFIED,85,+525367612256,2026-09-06T14:31:01.213653+00:00
General Commercial & Services,INDUSTRIAS DEL NORTE S. DE R.L. DE C.V.,industriasdelnorte.com,Eduardo Valenzuela,Chief Revenue Officer (CRO),C_SUITE,SALES_MARKETING,evalenzuela@industriasdelnorte.com,VERIFIED,85,+529432857272,2026-09-06T14:31:01.213653+00:00
General Commercial & Services,INDUSTRIAS DEL NORTE S. DE R.L. DE C.V.,industriasdelnorte.com,Claudia Salinas,Chief Financial Officer (CFO),C_SUITE,FINANCE,csalinas@industriasdelnorte.com,VERIFIED,85,+529073102588,2026-09-06T14:31:01.213653+00:00
General Commercial & Services,INDUSTRIAS DEL PACIFICO 81 S.A.S.,industriasdelpacif.com,Daniel Dominguez,Chief Executive Officer (CEO),C_SUITE,EXECUTIVE,ddominguez@industriasdelpacif.com,VERIFIED,85,+524176128628,2026-09-06T14:31:01.213653+00:00
General Commercial & Services,INDUSTRIAS DEL BAJIO S.A.P.I. DE C.V.,industriasdelbajio.com,Alejandro Dominguez,Chief Executive Officer (CEO),C_SUITE,EXECUTIVE,adominguez@industriasdelbajio.com,VERIFIED,85,+524840921103,2026-09-06T14:31:01.213653+00:00
General Commercial & Services,MANUFACTURA INTEGRAL S.A.B. DE C.V.,manufacturaintegra.com.mx,Fernando López,Chief Technology Officer (CTO),C_SUITE,ENGINEERING_IT,flópez@manufacturaintegra.com.mx,VERIFIED,85,+528164197244,2026-09-06T14:31:01.362206+00:00
General Commercial & Services,MANUFACTURA INTEGRAL S.A.S.,manufacturaintegra.mx,Alejandro Mendoza,Chief Revenue Officer (CRO),C_SUITE,SALES_MARKETING,amendoza@manufacturaintegra.mx,VERIFIED,85,+528122776580,2026-09-06T14:31:01.362206+00:00
General Commercial & Services,MANUFACTURA INTEGRAL S.A.S.,manufacturaintegra.mx,Patricia Castro,Chief Executive Officer (CEO),C_SUITE,EXECUTIVE,pcastro@manufacturaintegra.mx,VERIFIED,85,+528134637488,2026-09-06T14:31:01.362206+00:00
General Commercial & Services,MANUFACTURA INTEGRAL 38 S.C.,manufacturaintegra.com,Roberto Villaseñor,Chief Financial Officer (CFO),C_SUITE,FINANCE,rvillaseñor@manufacturaintegra.com,VERIFIED,85,+528195057566,2026-09-06T14:31:01.362206+00:00
General Commercial & Services,INDUSTRIAS CENTRAL S.A.S.,industriascentral.com,Andrea Martínez,Founder,FOUNDER,EXECUTIVE,amartínez@industriascentral.com,VERIFIED,85,+529273040669,2026-09-06T14:31:01.362206+00:00
General Commercial & Services,INDUSTRIAS CENTRAL S.A. DE C.V.,industriascentral.mx,Sofia Salinas,Chief Technology Officer (CTO),C_SUITE,ENGINEERING_IT,ssalinas@industriascentral.mx,VERIFIED,85,+524262420644,2026-09-06T14:31:01.362206+00:00
General Commercial & Services,INNOVACION GLOBAL S.C.,innovacionglobal90.mx,Jorge Benítez,Chief Human Resources Officer (CHRO),C_SUITE,HR_PEOPLE,jbenítez@innovacionglobal90.mx,VERIFIED,85,+523368677948,2026-09-06T14:31:01.376948+00:00
General Commercial & Services,INNOVACION GLOBAL S.C.,innovacionglobal90.mx,Luis Castro,Chief Financial Officer (CFO),C_SUITE,FINANCE,lcastro@innovacionglobal49.com,VERIFIED,85,+523310914085,2026-09-06T14:31:01.377311+00:00
General Commercial & Services,INNOVACION GLOBAL S.A.B. DE C.V.,innovacionglobal9.com.mx,Andrea Benítez,Chief Executive Officer (CEO),C_SUITE,EXECUTIVE,abenítez@innovacionglobal9.com.mx,VERIFIED,85,+523368869309,2026-09-06T14:31:01.377311+00:00
General Commercial & Services,INNOVACION GLOBAL 94 S.C.,innovacionglobal.com,Claudia Salinas,Chief Technology Officer (CTO),C_SUITE,ENGINEERING_IT,csalinas@innovacionglobal.com,VERIFIED,85,+523333394040,2026-09-06T14:31:01.377311+00:00
General Commercial & Services,INNOVACION GLOBAL 94 S.C.,innovacionglobal.com,Eduardo Villaseñor,Chief Operating Officer (COO),C_SUITE,OPERATIONS,evillaseñor@innovacionglobal.com,VERIFIED,85,+523313721332,2026-09-06T14:31:01.377311+00:00
General Commercial & Services,MANUFACTURA EMPRESARIAL S.A.S.,manufacturaempresa.mx,Adriana Garza,Chief Executive Officer (CEO),C_SUITE,EXECUTIVE,agarza@manufacturaempresa.mx,VERIFIED,85,+528686039934,2026-09-06T14:31:01.377311+00:00
General Commercial & Services,MANUFACTURA EMPRESARIAL S.A.S.,manufacturaempresa.com,Daniel Mendoza,Chief Technology Officer (CTO),C_SUITE,ENGINEERING_IT,dmendoza@manufacturaempresa.com,VERIFIED,85,+529189909863,2026-09-06T14:31:01.377311+00:00
General Commercial & Services,MANUFACTURA EMPRESARIAL S.A.S.,manufacturaempresa.com,Hector Benítez,Chief Revenue Officer (CRO),C_SUITE,SALES_MARKETING,hbenítez@manufacturaempresa.com,VERIFIED,85,+528763787855,2026-09-06T14:31:01.377311+00:00
General Commercial & Services,INNOVACION DEL PACIFICO S.A.S.,innovaciondelpacif.com,Mariana Valenzuela,Chief Financial Officer (CFO),C_SUITE,FINANCE,mvalenzuela@innovaciondelpacif.com,VERIFIED,85,+525484621073,2026-09-06T14:31:01.378457+00:00
General Commercial & Services,INNOVACION DEL PACIFICO S.A.S.,innovaciondelpacif.com,Fernando Salinas,Chief Financial Officer (CFO),C_SUITE,FINANCE,fsalinas@innovaciondelpacif.com,VERIFIED,85,+527770263704,2026-09-06T14:31:01.378457+00:00
General Commercial & Services,INNOVACION DEL PACIFICO S.A.S.,innovaciondelpacif.com,Alejandro Treviño,Chief Executive Officer (CEO),C_SUITE,EXECUTIVE,atreviño@innovaciondelpacif.com,VERIFIED,85,+529575580897,2026-09-06T14:31:01.378457+00:00
General Commercial & Services,INNOVACION DEL PACIFICO S.A.S.,innovaciondelpacif.com,Miguel Navarro,Chief Executive Officer (CEO),C_SUITE,EXECUTIVE,mnavarro@innovaciondelpacif.com,VERIFIED,85,+524644947963,2026-09-06T14:31:01.378457+00:00
General Commercial & Services,INNOVACION DEL NORTE S. DE R.L. DE C.V.,innovaciondelnorte.com.mx,Rodrigo Morales,Chief Executive Officer (CEO),C_SUITE,EXECUTIVE,rmorales@innovaciondelnorte.com.mx,VERIFIED,85,+527457952438,2026-09-06T14:31:01.378457+00:00
General Commercial & Services,INNOVACION DEL CENTRO S.C.,innovaciondelcentr.mx,Guillermo Treviño,Chief Revenue Officer (CRO),C_SUITE,SALES_MARKETING,gtreviño@innovaciondelcentr.mx,VERIFIED,85,+524342154959,2026-09-06T14:31:01.378457+00:00
General Commercial & Services,INNOVACION DEL CENTRO S.C.,innovaciondelcentr.mx,Claudia López,Chief Technology Officer (CTO),C_SUITE,ENGINEERING_IT,clópez@innovaciondelcentr.mx,VERIFIED,85,+524885291895,2026-09-06T14:31:01.378457+00:00
General Commercial & Services,INNOVACION DEL CENTRO S.C.,innovaciondelcentr.mx,Gabriel González,Chief Financial Officer (CFO),C_SUITE,FINANCE,ggonzález@innovaciondelcentr.mx,VERIFIED,85,+526935632498,2026-09-06T14:31:01.378457+00:00
General Commercial & Services,INNOVACION DEL CENTRO S.C.,innovaciondelcentr.mx,Gabriel Garza,Founder,FOUNDER,EXECUTIVE,ggarza@innovaciondelcentr.com,VERIFIED,85,+529540873713,2026-09-06T14:31:01.378457+00:00
General Commercial & Services,INNOVACION DEL CENTRO S.A.P.I. DE C.V.,innovaciondelcentr.com,David Alarcón,Founder,FOUNDER,EXECUTIVE,dalarcón@innovaciondelcentr.com,VERIFIED,85,+527765002737,2026-09-06T14:31:01.378457+00:00
General Commercial & Services,INNOVACION DEL CENTRO S.A.P.I. DE C.V.,innovaciondelcentr.com,Claudia Ruiz,Chief Technology Officer (CTO),C_SUITE,ENGINEERING_IT,cruiz@innovaciondelcentr.com,VERIFIED,85,+524421586395,2026-09-06T14:31:01.378457+00:00
General Commercial & Services,INNOVACION DEL CENTRO S.A.P.I. DE C.V.,innovaciondelcentr.com,Carlos Navarro,Chief Executive Officer (CEO),C_SUITE,EXECUTIVE,cnavarro@innovaciondelcentr.com,VERIFIED,85,+529650986791,2026-09-06T14:31:01.378457+00:00
General Commercial & Services,INNOVACION DEL BAJIO 17 S. DE R.L. DE C.V.,innovaciondelbajio.com.mx,Roberto Benítez,Chief Financial Officer (CFO),C_SUITE,FINANCE,rbenítez@innovaciondelbajio.com.mx,VERIFIED,85,+528463878184,2026-09-06T14:31:01.378457+00:00
General Commercial & Services,INNOVACION DEL BAJIO 17 S. DE R.L. DE C.V.,innovaciondelbajio.com.mx,Adriana Treviño,Chief Technology Officer (CTO),C_SUITE,ENGINEERING_IT,atreviño@innovaciondelbajio.com.mx,VERIFIED,85,+526764949496,2026-09-06T14:31:01.378457+00:00
General Commercial & Services,INNOVACION DEL NORTE 79 S. DE R.L. DE C.V.,innovaciondelnorte.mx,Miguel López,Chief Executive Officer (CEO),C_SUITE,EXECUTIVE,mlópez@innovaciondelnorte.mx,VERIFIED,85,+527566062315,2026-09-06T14:31:01.378457+00:00
General Commercial & Services,INNOVACION DEL NORTE 79 S. DE R.L. DE C.V.,innovaciondelnorte.mx,Patricia Martínez,Chief Human Resources Officer (CHRO),C_SUITE,HR_PEOPLE,pmartínez@innovaciondelnorte.mx,VERIFIED,85,+527220969843,2026-09-06T14:31:01.378457+00:00
General Commercial & Services,INNOVACION DEL NORTE 79 S. DE R.L. DE C.V.,innovaciondelnorte.mx,Mariana Benítez,Chief Financial Officer (CFO),C_SUITE,FINANCE,mbenítez@innovaciondelnorte.mx,VERIFIED,85,+525671166455,2026-09-06T14:31:01.378457+00:00
General Commercial & Services,INNOVACION DEL BAJIO S.C.,innovaciondelbajio.com,Daniel López,Chief Operating Officer (COO),C_SUITE,OPERATIONS,dlópez@innovaciondelbajio.com,VERIFIED,85,+526755379633,2026-09-06T14:31:01.378457+00:00
General Commercial & Services,INNOVACION DEL BAJIO S.C.,innovaciondelbajio.com,Rodrigo Mendoza,Founder,FOUNDER,EXECUTIVE,rmendoza@innovaciondelbajio.com,VERIFIED,85,+527360813886,2026-09-06T14:31:01.378457+00:00
General Commercial & Services,INNOVACION ESPECIALIZADA S.A.B. DE C.V.,innovacionespecial.mx,Javier Valenzuela,Chief Operating Officer (COO),C_SUITE,OPERATIONS,jvalenzuela@innovacionespecial.mx,VERIFIED,85,+527177831419,2026-09-06T14:31:01.378457+00:00
General Commercial & Services,INNOVACION ESPECIALIZADA S.A.B. DE C.V.,innovacionespecial.mx,Alejandro González,Chief Technology Officer (CTO),C_SUITE,ENGINEERING_IT,agonzález@innovacionespecial.mx,VERIFIED,85,+528117528340,2026-09-06T14:31:01.378457+00:00
General Commercial & Services,INNOVACION ESPECIALIZADA S.A.B. DE C.V.,innovacionespecial.mx,Gabriel García,Founder,FOUNDER,EXECUTIVE,ggarcía@innovacionespecial.com,VERIFIED,85,+529510352372,2026-09-06T14:31:01.378457+00:00
General Commercial & Services,INNOVACION ESPECIALIZADA S.A.B. DE C.V.,innovacionespecial.com,Miguel Vega,Chief Operating Officer (COO),C_SUITE,OPERATIONS,mvega@innovacionespecial.com,VERIFIED,85,+525349762122,2026-09-06T14:31:01.378457+00:00
General Commercial & Services,INNOVACION ESPECIALIZADA S.A.B. DE C.V.,innovacionespecial.com,Hector González,Chief Executive Officer (CEO),C_SUITE,EXECUTIVE,hgonzález@innovacionespecial.com,VERIFIED,85,+524579222804,2026-09-06T14:31:01.378457+00:00
General Commercial & Services,INDUSTRIAS DE LAS AMERICAS S.C.,industriasdelasame.mx,Gabriel Benítez,Chief Revenue Officer (CRO),C_SUITE,SALES_MARKETING,gbenítez@industriasdelasame.mx,VERIFIED,85,+528124232727,2026-09-06T14:31:01.378457+00:00
General Commercial & Services,INDUSTRIAS DE LAS AMERICAS S.C.,industriasdelasame.mx,Mariana García,Chief Revenue Officer (CRO),C_SUITE,SALES_MARKETING,mgarcía@industriasdelasame.mx,VERIFIED,85,+528175697950,2026-09-06T14:31:01.378457+00:00
General Commercial & Services,INDUSTRIAS DE LAS AMERICAS S. DE R.L. DE C.V.,industriasdelasame.com.mx,Adriana Hernández,Chief Human Resources Officer (CHRO),C_SUITE,HR_PEOPLE,ahernández@industriasdelasame.com.mx,VERIFIED,85,+528117865987,2026-09-06T14:31:01.378457+00:00
General Commercial & Services,INDUSTRIAS DE OCCIDENTE S.A. DE C.V.,industriasdeoccide.com,Roberto Villaseñor,Chief Executive Officer (CEO),C_SUITE,EXECUTIVE,rvillaseñor@industriasdeoccide.com,VERIFIED,85,+528138086295,2026-09-06T14:31:01.378457+00:00
General Commercial & Services,INDUSTRIAS DE OCCIDENTE S.A. DE C.V.,industriasdeoccide.com,Rodrigo González,Chief Operating Officer (COO),C_SUITE,OPERATIONS,rgonzález@industriasdeoccide.com,VERIFIED,85,+528189550160,2026-09-06T14:31:01.378457+00:00
General Commercial & Services,INDUSTRIAS DE OCCIDENTE S.A. DE C.V.,industriasdeoccide.com,Miguel Treviño,Chief Technology Officer (CTO),C_SUITE,ENGINEERING_IT,mtreviño@industriasdeoccide.com,VERIFIED,85,+528122134127,2026-09-06T14:31:01.378457+00:00
General Commercial & Services,INDUSTRIAS DE OCCIDENTE S.A. DE C.V.,industriasdeoccide.com.mx,Fernando Benítez,Founder,FOUNDER,EXECUTIVE,fbenítez@industriasdeoccide.com.mx,VERIFIED,85,+528155676076,2026-09-06T14:31:01.378457+00:00
General Commercial & Services,INDUSTRIAS DE LAS AMERICAS S.A.S.,industriasdelasame.com,Sofia Mendoza,Chief Operating Officer (COO),C_SUITE,OPERATIONS,smendoza@industriasdelasame.com,VERIFIED,85,+528197474886,2026-09-06T14:31:01.378457+00:00
General Commercial & Services,INNOVACION MODERNA S. DE R.L. DE C.V.,innovacionmoderna.mx,Alejandro Dominguez,Chief Financial Officer (CFO),C_SUITE,FINANCE,adominguez@innovacionmoderna.mx,VERIFIED,85,+525319833806,2026-09-06T14:31:01.378457+00:00
General Commercial & Services,INNOVACION MODERNA S.A.B. DE C.V.,innovacionmoderna.com.mx,Mariana Hernández,Chief Technology Officer (CTO),C_SUITE,ENGINEERING_IT,mhernández@innovacionmoderna.com.mx,VERIFIED,85,+524280727840,2026-09-06T14:31:01.378457+00:00
General Commercial & Services,INNOVACION MODERNA S.A.S.,innovacionmoderna5.com.mx,Claudia Morales,Chief Executive Officer (CEO),C_SUITE,EXECUTIVE,cmorales@innovacionmoderna5.com.mx,VERIFIED,85,+525474413702,2026-09-06T14:31:01.378457+00:00
General Commercial & Services,INNOVACION MODERNA S. DE R.L. DE C.V.,innovacionmoderna1.mx,Hector Ruiz,Chief Human Resources Officer (CHRO),C_SUITE,HR_PEOPLE,hruiz@innovacionmoderna1.mx,VERIFIED,85,+529470848279,2026-09-06T14:31:01.378457+00:00
General Commercial & Services,INNOVACION MODERNA S.A.S.,innovacionmoderna.com,Luis Hernández,Chief Revenue Officer (CRO),C_SUITE,SALES_MARKETING,lhernández@innovacionmoderna.com,VERIFIED,85,+528536444755,2026-09-06T14:31:01.378457+00:00
General Commercial & Services,MANUFACTURA GLOBAL S.A. DE C.V.,manufacturaglobal.com.mx,Gabriel Martínez,Chief Executive Officer (CEO),C_SUITE,EXECUTIVE,gmartínez@manufacturaglobal.com.mx,VERIFIED,85,+525522495226,2026-09-06T14:31:01.378457+00:00
General Commercial & Services,MANUFACTURA GLOBAL S.C.,manufacturaglobal.com,Claudia Mendoza,Chief Executive Officer (CEO),C_SUITE,EXECUTIVE,cmendoza@manufacturaglobal.com,VERIFIED,85,+525540898429,2026-09-06T14:31:01.378457+00:00
General Commercial & Services,MANUFACTURA GLOBAL S.C.,manufacturaglobal.mx,Sofia Benítez,Chief Technology Officer (CTO),C_SUITE,ENGINEERING_IT,sbenítez@manufacturaglobal.mx,VERIFIED,85,+525521364224,2026-09-06T14:31:01.378457+00:00
General Commercial & Services,INNOVACION NACIONAL 91 S.A.S.,innovacionnacional.com,Javier Benítez,Chief Technology Officer (CTO),C_SUITE,ENGINEERING_IT,jbenítez@innovacionnacional.com,VERIFIED,85,+529438824024,2026-09-06T14:31:01.378457+00:00
General Commercial & Services,INNOVACION NACIONAL 91 S.A.S.,innovacionnacional.com,Rodrigo Mendoza,Chief Executive Officer (CEO),C_SUITE,EXECUTIVE,rmendoza@innovacionnacional.com,VERIFIED,85,+524511751176,2026-09-06T14:31:01.378457+00:00
General Commercial & Services,INNOVACION NACIONAL 91 S.A.S.,innovacionnacional.com,Eduardo Garza,Chief Executive Officer (CEO),C_SUITE,EXECUTIVE,egarza@innovacionnacional.com,VERIFIED,85,+529425603009,2026-09-06T14:31:01.378457+00:00
General Commercial & Services,INNOVACION NACIONAL 91 S.A.S.,innovacionnacional.com,Hector Martínez,Chief Operating Officer (COO),C_SUITE,OPERATIONS,hmartínez@innovacionnacional.com,VERIFIED,85,+525386421832,2026-09-06T14:31:01.378457+00:00
General Commercial & Services,INNOVACION NACIONAL 43 S.C.,innovacionnacional.com.mx,Miguel Dominguez,Chief Executive Officer (CEO),C_SUITE,EXECUTIVE,mdominguez@innovacionnacional.com.mx,VERIFIED,85,+526796841416,2026-09-06T14:31:01.378457+00:00
General Commercial & Services,MANUFACTURA INTEGRAL 22 S.A.S.,manufacturaintegra.com.mx,Miguel Benítez,Chief Executive Officer (CEO),C_SUITE,EXECUTIVE,mbenítez@manufacturaintegra.com.mx,VERIFIED,85,+526975579933,2026-09-06T14:31:01.378457+00:00
General Commercial & Services,MANUFACTURA INTEGRAL S.C.,manufacturaintegra.com,Carlos Treviño,Chief Human Resources Officer (CHRO),C_SUITE,HR_PEOPLE,ctreviño@manufacturaintegra.com,VERIFIED,85,+524975944663,2026-09-06T14:31:01.378457+00:00
General Commercial & Services,MANUFACTURA INTEGRAL S.C.,manufacturaintegra.com,Rodrigo Navarro,Chief Executive Officer (CEO),C_SUITE,EXECUTIVE,rnavarro@manufacturaintegra.com,VERIFIED,85,+527143529342,2026-09-06T14:31:01.378457+00:00
General Commercial & Services,INDUSTRIAS NACIONAL S.A.P.I. DE C.V.,industriasnacional.com,Javier Navarro,Chief Technology Officer (CTO),C_SUITE,ENGINEERING_IT,jnavarro@industriasnacional.com,VERIFIED,85,+529115891587,2026-09-06T14:31:01.378457+00:00
General Commercial & Services,INDUSTRIAS NACIONAL S. DE R.L. DE C.V.,industriasnacional.com.mx,Miguel Martínez,Founder,FOUNDER,EXECUTIVE,mmartínez@industriasnacional.com.mx,VERIFIED,85,+526184707436,2026-09-06T14:31:01.378457+00:00
General Commercial & Services,INDUSTRIAS NACIONAL S. DE R.L. DE C.V.,industriasnacional.com.mx,Miguel Mendoza,Chief Revenue Officer (CRO),C_SUITE,SALES_MARKETING,mmendoza@industriasnacional.com.mx,VERIFIED,85,+524383721506,2026-09-06T14:31:01.378457+00:00
General Commercial & Services,MANUFACTURA INTERNACIONAL S.A.P.I. DE C.V.,manufacturainterna.com.mx,Sofia Valenzuela,Chief Executive Officer (CEO),C_SUITE,EXECUTIVE,svalenzuela@manufacturainterna.com.mx,VERIFIED,85,+524188622537,2026-09-06T14:31:01.393786+00:00
General Commercial & Services,MANUFACTURA INTERNACIONAL S.C.,manufacturainterna.mx,Gabriel Benítez,Founder,FOUNDER,EXECUTIVE,gbenítez@manufacturainterna.mx,VERIFIED,85,+525344698481,2026-09-06T14:31:01.393786+00:00
General Commercial & Services,MANUFACTURA INTERNACIONAL S.C.,manufacturainterna.mx,Adriana Castro,Chief Executive Officer (CEO),C_SUITE,EXECUTIVE,acastro@manufacturainterna.mx,VERIFIED,85,+527471919606,2026-09-06T14:31:01.393786+00:00
General Commercial & Services,INDUSTRIAS AVANZADA S. DE R.L. DE C.V.,industriasavanzada.mx,Andrea Castro,Chief Executive Officer (CEO),C_SUITE,EXECUTIVE,acastro@industriasavanzada.mx,VERIFIED,85,+528694027542,2026-09-06T14:31:01.395224+00:00
General Commercial & Services,INDUSTRIAS AVANZADA S. DE R.L. DE C.V.,industriasavanzada.mx,Rodrigo Valenzuela,Chief Technology Officer (CTO),C_SUITE,ENGINEERING_IT,rvalenzuela@industriasavanzada.mx,VERIFIED,85,+529182968997,2026-09-06T14:31:01.395224+00:00
General Commercial & Services,INDUSTRIAS AVANZADA S. DE R.L. DE C.V.,industriasavanzada.mx,Andrea González,Chief Executive Officer (CEO),C_SUITE,EXECUTIVE,agonzález@industriasavanzada.com,VERIFIED,85,+524441834221,2026-09-06T14:31:01.395224+00:00
General Commercial & Services,INDUSTRIAS AVANZADA S. DE R.L. DE C.V.,industriasavanzada.com.mx,Luis Morales,Chief Executive Officer (CEO),C_SUITE,EXECUTIVE,lmorales@industriasavanzada.com.mx,VERIFIED,85,+528154712761,2026-09-06T14:31:01.395224+00:00
General Commercial & Services,INDUSTRIAS AVANZADA S. DE R.L. DE C.V.,industriasavanzada.com.mx,Alejandro González,Chief Technology Officer (CTO),C_SUITE,ENGINEERING_IT,agonzález@industriasavanzada.com.mx,VERIFIED,85,+528278218494,2026-09-06T14:31:01.395224+00:00
General Commercial & Services,INDUSTRIAS AVANZADA S.A.S.,industriasavanzada.com,Guillermo Benítez,Chief Executive Officer (CEO),C_SUITE,EXECUTIVE,gbenítez@industriasavanzada.com,VERIFIED,85,+528773145911,2026-09-06T14:31:01.395224+00:00
General Commercial & Services,MANUFACTURA LATINOAMERICANA S.A. DE C.V.,manufacturalatinoa.com.mx,Luis Treviño,Founder,FOUNDER,EXECUTIVE,ltreviño@manufacturalatinoa.com.mx,VERIFIED,85,+527494570557,2026-09-06T14:31:01.395224+00:00
General Commercial & Services,MANUFACTURA LATINOAMERICANA S.A. DE C.V.,manufacturalatinoa.com.mx,David González,Chief Executive Officer (CEO),C_SUITE,EXECUTIVE,dgonzález@manufacturalatinoa.com,VERIFIED,85,+526870314113,2026-09-06T14:31:01.395224+00:00
General Commercial & Services,MANUFACTURA LATINOAMERICANA S.A. DE C.V.,manufacturalatinoa.com.mx,Eduardo Dominguez,Chief Operating Officer (COO),C_SUITE,OPERATIONS,edominguez@manufacturalatinoa.com.mx,VERIFIED,85,+525140252066,2026-09-06T14:31:01.395224+00:00
General Commercial & Services,MANUFACTURA LATINOAMERICANA S.A.S.,manufacturalatinoa.mx,Roberto Navarro,Chief Executive Officer (CEO),C_SUITE,EXECUTIVE,rnavarro@manufacturalatinoa.mx,VERIFIED,85,+528585291439,2026-09-06T14:31:01.395224+00:00
General Commercial & Services,MANUFACTURA LATINOAMERICANA S.A.S.,manufacturalatinoa.mx,Daniel Ruiz,Chief Human Resources Officer (CHRO),C_SUITE,HR_PEOPLE,druiz@manufacturalatinoa.mx,VERIFIED,85,+527496840567,2026-09-06T14:31:01.395224+00:00
General Commercial & Services,INDUSTRIAS INTEGRAL S.A.B. DE C.V.,industriasintegral.mx,Jorge Salinas,Chief Operating Officer (COO),C_SUITE,OPERATIONS,jsalinas@industriasintegral.mx,VERIFIED,85,+528145418383,2026-09-06T14:31:01.395224+00:00
General Commercial & Services,INDUSTRIAS INTEGRAL S.A.B. DE C.V.,industriasintegral.mx,Alejandro Dominguez,Chief Technology Officer (CTO),C_SUITE,ENGINEERING_IT,adominguez@industriasintegral.mx,VERIFIED,85,+528136050692,2026-09-06T14:31:01.395224+00:00
General Commercial & Services,INDUSTRIAS INTEGRAL S.A.B. DE C.V.,industriasintegral.mx,Luis Garza,Chief Executive Officer (CEO),C_SUITE,EXECUTIVE,lgarza@industriasintegral.com.mx,VERIFIED,85,+528128399530,2026-09-06T14:31:01.395224+00:00
General Commercial & Services,INDUSTRIAS INTEGRAL S.A.B. DE C.V.,industriasintegral.mx,Sofia González,Chief Executive Officer (CEO),C_SUITE,EXECUTIVE,sgonzález@industriasintegral.com.mx,VERIFIED,85,+528172587804,2026-09-06T14:31:01.395224+00:00
General Commercial & Services,INDUSTRIAS INTEGRAL S.A.B. DE C.V.,industriasintegral.mx,Andrea Castro,Chief Financial Officer (CFO),C_SUITE,FINANCE,acastro@industriasintegral.mx,VERIFIED,85,+528143078408,2026-09-06T14:31:01.395224+00:00
General Commercial & Services,INDUSTRIAS INTEGRAL S.C.,industriasintegral.com.mx,Luis Garza,Founder,FOUNDER,EXECUTIVE,lgarza@industriasintegral.com.mx,VERIFIED,85,+528128200324,2026-09-06T14:31:01.395224+00:00
General Commercial & Services,INDUSTRIAS INTEGRAL S.A.S.,industriasintegral.com,David Vega,Chief Financial Officer (CFO),C_SUITE,FINANCE,dvega@industriasintegral.com,VERIFIED,85,+528162668974,2026-09-06T14:31:01.395224+00:00
General Commercial & Services,MANUFACTURA DINAMICA 92 S.A. DE C.V.,manufacturadinamic.com.mx,Daniel Castro,Chief Financial Officer (CFO),C_SUITE,FINANCE,dcastro@manufacturadinamic.com.mx,VERIFIED,85,+528975755680,2026-09-06T14:31:01.395224+00:00
General Commercial & Services,MANUFACTURA DINAMICA 92 S.A. DE C.V.,manufacturadinamic.com.mx,Daniel Salinas,Chief Executive Officer (CEO),C_SUITE,EXECUTIVE,dsalinas@manufacturadinamic.com.mx,VERIFIED,85,+526433615700,2026-09-06T14:31:01.395224+00:00
General Commercial & Services,INDUSTRIAS DEL PACIFICO S.C.,industriasdelpacif.mx,Carlos Vega,Chief Human Resources Officer (CHRO),C_SUITE,HR_PEOPLE,cvega@industriasdelpacif.mx,VERIFIED,85,+525564038216,2026-09-06T14:31:01.395224+00:00
General Commercial & Services,INDUSTRIAS DEL PACIFICO S.C.,industriasdelpacif.mx,Roberto Hernández,Chief Operating Officer (COO),C_SUITE,OPERATIONS,rhernández@industriasdelpacif.com.mx,VERIFIED,85,+527515709635,2026-09-06T14:31:01.395224+00:00
General Commercial & Services,INDUSTRIAS DEL PACIFICO S.C.,industriasdelpacif.mx,Daniel Salinas,Founder,FOUNDER,EXECUTIVE,dsalinas@industriasdelpacif.mx,VERIFIED,85,+528640480466,2026-09-06T14:31:01.395224+00:00
General Commercial & Services,INDUSTRIAS DEL PACIFICO S.C.,industriasdelpacif.mx,Claudia Hernández,Founder,FOUNDER,EXECUTIVE,chernández@industriasdelpacif.com,VERIFIED,85,+525049674063,2026-09-06T14:31:01.395224+00:00
General Commercial & Services,INDUSTRIAS DEL CENTRO S.C.,industriasdelcentr.mx,Fernando Navarro,Founder,FOUNDER,EXECUTIVE,fnavarro@industriasdelcentr.mx,VERIFIED,85,+524044843997,2026-09-06T14:31:01.395224+00:00
General Commercial & Services,INDUSTRIAS DEL CENTRO S.C.,industriasdelcentr.mx,Patricia Mendoza,Chief Revenue Officer (CRO),C_SUITE,SALES_MARKETING,pmendoza@industriasdelcentr.mx,VERIFIED,85,+529499886984,2026-09-06T14:31:01.395224+00:00
General Commercial & Services,INDUSTRIAS DEL PACIFICO S.A. DE C.V.,industriasdelpacif.com,Patricia Treviño,Chief Executive Officer (CEO),C_SUITE,EXECUTIVE,ptreviño@industriasdelpacif.com,VERIFIED,85,+528983456223,2026-09-06T14:31:01.395224+00:00
General Commercial & Services,INDUSTRIAS DEL CENTRO 37 S.A.S.,industriasdelcentr.com,Andrea Hernández,Chief Operating Officer (COO),C_SUITE,OPERATIONS,ahernández@industriasdelcentr.com,VERIFIED,85,+528151986390,2026-09-06T14:31:01.395224+00:00
General Commercial & Services,INDUSTRIAS DEL BAJIO S.A. DE C.V.,industriasdelbajio.mx,Alejandro Ruiz,Chief Operating Officer (COO),C_SUITE,OPERATIONS,aruiz@industriasdelbajio.mx,VERIFIED,85,+529628095918,2026-09-06T14:31:01.395224+00:00
General Commercial & Services,INDUSTRIAS DEL BAJIO S.A. DE C.V.,industriasdelbajio.mx,Adriana Salinas,Chief Executive Officer (CEO),C_SUITE,EXECUTIVE,asalinas@industriasdelbajio.mx,VERIFIED,85,+529941299622,2026-09-06T14:31:01.395224+00:00
General Commercial & Services,INDUSTRIAS DEL BAJIO S.A.P.I. DE C.V.,industriasdelbajio.com.mx,Daniel López,Chief Technology Officer (CTO),C_SUITE,ENGINEERING_IT,dlópez@industriasdelbajio.com.mx,VERIFIED,85,+528360702867,2026-09-06T14:31:01.395224+00:00
General Commercial & Services,INDUSTRIAS DEL NORTE S. DE R.L. DE C.V.,industriasdelnorte.com.mx,Gabriel Morales,Chief Technology Officer (CTO),C_SUITE,ENGINEERING_IT,gmorales@industriasdelnorte.com.mx,VERIFIED,85,+528429548791,2026-09-06T14:31:01.395224+00:00
General Commercial & Services,INDUSTRIAS DEL NORTE S. DE R.L. DE C.V.,industriasdelnorte.com.mx,Jorge Castro,Chief Revenue Officer (CRO),C_SUITE,SALES_MARKETING,jcastro@industriasdelnorte.com.mx,VERIFIED,85,+526137336688,2026-09-06T14:31:01.395224+00:00
General Commercial & Services,INDUSTRIAS DEL NORTE S.A. DE C.V.,industriasdelnorte.mx,Jorge Alarcón,Chief Technology Officer (CTO),C_SUITE,ENGINEERING_IT,jalarcón@industriasdelnorte.mx,VERIFIED,85,+528276353594,2026-09-06T14:31:01.395224+00:00
General Commercial & Services,MANUFACTURA DE OCCIDENTE S.A.S.,manufacturadeoccid.mx,David Castro,Founder,FOUNDER,EXECUTIVE,dcastro@manufacturadeoccid.mx,VERIFIED,85,+525525637917,2026-09-06T14:31:01.395224+00:00
General Commercial & Services,MANUFACTURA DE OCCIDENTE S.C.,manufacturadeoccid.com.mx,Rodrigo López,Chief Financial Officer (CFO),C_SUITE,FINANCE,rlópez@manufacturadeoccid.com.mx,VERIFIED,85,+528950222585,2026-09-06T14:31:01.395224+00:00
General Commercial & Services,MANUFACTURA DE OCCIDENTE S.C.,manufacturadeoccid.com.mx,Hector Alarcón,Chief Financial Officer (CFO),C_SUITE,FINANCE,halarcón@manufacturadeoccid.com.mx,VERIFIED,85,+529660573695,2026-09-06T14:31:01.395224+00:00
General Commercial & Services,MANUFACTURA DE OCCIDENTE S.C.,manufacturadeoccid.com.mx,Rodrigo Villaseñor,Chief Operating Officer (COO),C_SUITE,OPERATIONS,rvillaseñor@manufacturadeoccid.com.mx,VERIFIED,85,+527134391396,2026-09-06T14:31:01.395224+00:00
General Commercial & Services,MANUFACTURA DE LAS AMERICAS S.A. DE C.V.,manufacturadelasam.mx,Daniel Ruiz,Chief Human Resources Officer (CHRO),C_SUITE,HR_PEOPLE,druiz@manufacturadelasam.mx,VERIFIED,85,+528179178678,2026-09-06T14:31:01.395224+00:00
General Commercial & Services,MANUFACTURA DE LAS AMERICAS S.A. DE C.V.,manufacturadelasam.mx,Adriana Treviño,Chief Executive Officer (CEO),C_SUITE,EXECUTIVE,atreviño@manufacturadelasam.mx,VERIFIED,85,+524283951109,2026-09-06T14:31:01.395224+00:00
General Commercial & Services,MANUFACTURA DE OCCIDENTE 74 S.A.B. DE C.V.,manufacturadeoccid.com,Rodrigo Morales,Chief Revenue Officer (CRO),C_SUITE,SALES_MARKETING,rmorales@manufacturadeoccid.com,VERIFIED,85,+524641158487,2026-09-06T14:31:01.395224+00:00
General Commercial & Services,MANUFACTURA DE LAS AMERICAS S. DE R.L. DE C.V.,manufacturadelasam.com,Mariana Hernández,Chief Executive Officer (CEO),C_SUITE,EXECUTIVE,mhernández@manufacturadelasam.com,VERIFIED,85,+529894960316,2026-09-06T14:31:01.395224+00:00
General Commercial & Services,INNOVACION GLOBAL S.C.,innovacionglobal.com.mx,Andrea González,Chief Operating Officer (COO),C_SUITE,OPERATIONS,agonzález@innovacionglobal.com.mx,VERIFIED,85,+529412372866,2026-09-06T14:31:01.395224+00:00
General Commercial & Services,INNOVACION GLOBAL S.C.,innovacionglobal.com.mx,Jorge García,Chief Executive Officer (CEO),C_SUITE,EXECUTIVE,jgarcía@innovacionglobal.com.mx,VERIFIED,85,+527968711063,2026-09-06T14:31:01.395224+00:00
General Commercial & Services,INNOVACION GLOBAL 94 S.A.B. DE C.V.,innovacionglobal.mx,Patricia Salinas,Chief Human Resources Officer (CHRO),C_SUITE,HR_PEOPLE,psalinas@innovacionglobal.mx,VERIFIED,85,+529224847246,2026-09-06T14:31:01.395224+00:00
General Commercial & Services,INNOVACION GLOBAL S.A.B. DE C.V.,innovacionglobal96.com.mx,Claudia Valenzuela,Chief Financial Officer (CFO),C_SUITE,FINANCE,cvalenzuela@innovacionglobal96.com.mx,VERIFIED,85,+528880004081,2026-09-06T14:31:01.395224+00:00
General Commercial & Services,INNOVACION DEL CENTRO S.C.,innovaciondelcentr.mx,Jorge Treviño,Chief Human Resources Officer (CHRO),C_SUITE,HR_PEOPLE,jtreviño@innovaciondelcentr.mx,VERIFIED,85,+524271787085,2026-09-06T14:31:01.395224+00:00
General Commercial & Services,INNOVACION DEL CENTRO S.C.,innovaciondelcentr.mx,Jorge Alarcón,Founder,FOUNDER,EXECUTIVE,jalarcón@innovaciondelcentr.mx,VERIFIED,85,+527150670209,2026-09-06T14:31:01.395224+00:00
General Commercial & Services,INNOVACION DEL CENTRO S.C.,innovaciondelcentr.mx,Alejandro Benítez,Chief Financial Officer (CFO),C_SUITE,FINANCE,abenítez@innovaciondelcentr.mx,VERIFIED,85,+529891997035,2026-09-06T14:31:01.395224+00:00
General Commercial & Services,INNOVACION DEL CENTRO 94 S.A.S.,innovaciondelcentr.com.mx,Sofia Hernández,Chief Executive Officer (CEO),C_SUITE,EXECUTIVE,shernández@innovaciondelcentr.com.mx,VERIFIED,85,+525322329346,2026-09-06T14:31:01.395224+00:00
General Commercial & Services,INNOVACION DEL NORTE S.A. DE C.V.,innovaciondelnorte.com,Mariana Hernández,Chief Human Resources Officer (CHRO),C_SUITE,HR_PEOPLE,mhernández@innovaciondelnorte.com,VERIFIED,85,+525431995915,2026-09-06T14:31:01.395224+00:00
General Commercial & Services,INNOVACION DEL NORTE S.A. DE C.V.,innovaciondelnorte.com,Luis Treviño,Chief Revenue Officer (CRO),C_SUITE,SALES_MARKETING,ltreviño@innovaciondelnorte.mx,VERIFIED,85,+526341419277,2026-09-06T14:31:01.395224+00:00
General Commercial & Services,INNOVACION DEL NORTE S.A. DE C.V.,innovaciondelnorte.com,Carlos González,Founder,FOUNDER,EXECUTIVE,cgonzález@innovaciondelnorte.com,VERIFIED,85,+529360049013,2026-09-06T14:31:01.395224+00:00
General Commercial & Services,INNOVACION DEL BAJIO S.A. DE C.V.,innovaciondelbajio.com,David Villaseñor,Chief Technology Officer (CTO),C_SUITE,ENGINEERING_IT,dvillaseñor@innovaciondelbajio.com,VERIFIED,85,+529433800856,2026-09-06T14:31:01.395224+00:00
General Commercial & Services,INNOVACION DEL BAJIO S.A. DE C.V.,innovaciondelbajio.com,Andrea Valenzuela,Chief Executive Officer (CEO),C_SUITE,EXECUTIVE,avalenzuela@innovaciondelbajio.com,VERIFIED,85,+524465476650,2026-09-06T14:31:01.395224+00:00
General Commercial & Services,INNOVACION DEL BAJIO S.A. DE C.V.,innovaciondelbajio.com,Sofia García,Chief Human Resources Officer (CHRO),C_SUITE,HR_PEOPLE,sgarcía@innovaciondelbajio.com,VERIFIED,85,+527625798533,2026-09-06T14:31:01.395224+00:00
General Commercial & Services,INNOVACION DEL BAJIO S.A. DE C.V.,innovaciondelbajio.com,Jorge García,Chief Human Resources Officer (CHRO),C_SUITE,HR_PEOPLE,jgarcía@innovaciondelbajio.com,VERIFIED,85,+524252237974,2026-09-06T14:31:01.395224+00:00
General Commercial & Services,INNOVACION DEL BAJIO S.A. DE C.V.,innovaciondelbajio.com,Adriana Martínez,Chief Executive Officer (CEO),C_SUITE,EXECUTIVE,amartínez@innovaciondelbajio.com,VERIFIED,85,+525375908628,2026-09-06T14:31:01.395224+00:00
General Commercial & Services,INNOVACION DEL BAJIO S.A.B. DE C.V.,innovaciondelbajio.com.mx,David Garza,Chief Executive Officer (CEO),C_SUITE,EXECUTIVE,dgarza@innovaciondelbajio.com.mx,VERIFIED,85,+529580021740,2026-09-06T14:31:01.395224+00:00
General Commercial & Services,INNOVACION DEL BAJIO S.A.B. DE C.V.,innovaciondelbajio.com.mx,Miguel Martínez,Chief Human Resources Officer (CHRO),C_SUITE,HR_PEOPLE,mmartínez@innovaciondelbajio.com.mx,VERIFIED,85,+524190193069,2026-09-06T14:31:01.395224+00:00
General Commercial & Services,INNOVACION DEL PACIFICO S. DE R.L. DE C.V.,innovaciondelpacif.mx,Fernando Treviño,Founder,FOUNDER,EXECUTIVE,ftreviño@innovaciondelpacif.mx,VERIFIED,85,+528514996434,2026-09-06T14:31:01.395224+00:00
General Commercial & Services,INNOVACION DEL PACIFICO S. DE R.L. DE C.V.,innovaciondelpacif.mx,Hector Villaseñor,Chief Technology Officer (CTO),C_SUITE,ENGINEERING_IT,hvillaseñor@innovaciondelpacif.com,VERIFIED,85,+525258921230,2026-09-06T14:31:01.395224+00:00
General Commercial & Services,INNOVACION DEL PACIFICO S.A.B. DE C.V.,innovaciondelpacif.com,Andrea Dominguez,Chief Technology Officer (CTO),C_SUITE,ENGINEERING_IT,adominguez@innovaciondelpacif.com,VERIFIED,85,+529010334564,2026-09-06T14:31:01.395224+00:00
General Commercial & Services,INNOVACION DEL BAJIO 49 S.A.P.I. DE C.V.,innovaciondelbajio.mx,David Ruiz,Chief Technology Officer (CTO),C_SUITE,ENGINEERING_IT,druiz@innovaciondelbajio.mx,VERIFIED,85,+529283789826,2026-09-06T14:31:01.395224+00:00
General Commercial & Services,INNOVACION DEL BAJIO 49 S.A.P.I. DE C.V.,innovaciondelbajio.mx,Javier Ruiz,Chief Executive Officer (CEO),C_SUITE,EXECUTIVE,jruiz@innovaciondelbajio.mx,VERIFIED,85,+526384739706,2026-09-06T14:31:01.395224+00:00
General Commercial & Services,INNOVACION DEL BAJIO 49 S.A.P.I. DE C.V.,innovaciondelbajio.mx,Sofia Salinas,Chief Financial Officer (CFO),C_SUITE,FINANCE,ssalinas@innovaciondelbajio.mx,VERIFIED,85,+525436249364,2026-09-06T14:31:01.395224+00:00
General Commercial & Services,INNOVACION DEL NORTE S.A. DE C.V.,innovaciondelnorte.com.mx,Sofia Navarro,Chief Executive Officer (CEO),C_SUITE,EXECUTIVE,snavarro@innovaciondelnorte.com.mx,VERIFIED,85,+526110699635,2026-09-06T14:31:01.395224+00:00
General Commercial & Services,INDUSTRIAS GLOBAL S.A.P.I. DE C.V.,industriasglobal.com.mx,Luis Valenzuela,Chief Operating Officer (COO),C_SUITE,OPERATIONS,lvalenzuela@industriasglobal.com.mx,VERIFIED,85,+523386494428,2026-09-06T14:31:01.395224+00:00
General Commercial & Services,INDUSTRIAS GLOBAL S.A.P.I. DE C.V.,industriasglobal.com.mx,Miguel Garza,Chief Revenue Officer (CRO),C_SUITE,SALES_MARKETING,mgarza@industriasglobal.com,VERIFIED,85,+523396688950,2026-09-06T14:31:01.395224+00:00
General Commercial & Services,INDUSTRIAS GLOBAL S.A.P.I. DE C.V.,industriasglobal.com.mx,Jorge González,Chief Human Resources Officer (CHRO),C_SUITE,HR_PEOPLE,jgonzález@industriasglobal.com.mx,VERIFIED,85,+523332813369,2026-09-06T14:31:01.395224+00:00
General Commercial & Services,INDUSTRIAS GLOBAL S.C.,industriasglobal.com,Jorge Valenzuela,Founder,FOUNDER,EXECUTIVE,jvalenzuela@industriasglobal.com,VERIFIED,85,+523333888275,2026-09-06T14:31:01.395224+00:00
General Commercial & Services,INNOVACION DINAMICA S.A.P.I. DE C.V.,innovaciondinamica.com,Claudia García,Founder,FOUNDER,EXECUTIVE,cgarcía@innovaciondinamica.com,VERIFIED,85,+525259985705,2026-09-06T14:31:01.405579+00:00
General Commercial & Services,INNOVACION DINAMICA S.A.P.I. DE C.V.,innovaciondinamica.com,Carlos González,Chief Executive Officer (CEO),C_SUITE,EXECUTIVE,cgonzález@innovaciondinamica.com.mx,VERIFIED,85,+529864636748,2026-09-06T14:31:01.405579+00:00
General Commercial & Services,INNOVACION DINAMICA S.C.,innovaciondinamica.mx,Jorge Treviño,Chief Technology Officer (CTO),C_SUITE,ENGINEERING_IT,jtreviño@innovaciondinamica.mx,VERIFIED,85,+524370219142,2026-09-06T14:31:01.405579+00:00
General Commercial & Services,INNOVACION DINAMICA S.C.,innovaciondinamica.mx,Patricia Villaseñor,Chief Financial Officer (CFO),C_SUITE,FINANCE,pvillaseñor@innovaciondinamica.mx,VERIFIED,85,+525043807446,2026-09-06T14:31:01.405579+00:00
General Commercial & Services,MANUFACTURA ESPECIALIZADA S.A.S.,manufacturaespecia.mx,Javier Morales,Chief Executive Officer (CEO),C_SUITE,EXECUTIVE,jmorales@manufacturaespecia.mx,VERIFIED,85,+527712168702,2026-09-06T14:31:01.405579+00:00
General Commercial & Services,MANUFACTURA ESPECIALIZADA S.A.S.,manufacturaespecia.mx,Jorge Martínez,Chief Financial Officer (CFO),C_SUITE,FINANCE,jmartínez@manufacturaespecia.mx,VERIFIED,85,+525325140399,2026-09-06T14:31:01.405579+00:00
General Commercial & Services,MANUFACTURA ESPECIALIZADA S.A. DE C.V.,manufacturaespecia.com,Alejandro García,Chief Executive Officer (CEO),C_SUITE,EXECUTIVE,agarcía@manufacturaespecia.com,VERIFIED,85,+527389127164,2026-09-06T14:31:01.405579+00:00
General Commercial & Services,MANUFACTURA ESPECIALIZADA S.A. DE C.V.,manufacturaespecia.com,Roberto Villaseñor,Chief Technology Officer (CTO),C_SUITE,ENGINEERING_IT,rvillaseñor@manufacturaespecia.com,VERIFIED,85,+529612514819,2026-09-06T14:31:01.405579+00:00
General Commercial & Services,MANUFACTURA ESPECIALIZADA S.A.P.I. DE C.V.,manufacturaespecia.com.mx,Claudia Mendoza,Chief Human Resources Officer (CHRO),C_SUITE,HR_PEOPLE,cmendoza@manufacturaespecia.com.mx,VERIFIED,85,+528037233713,2026-09-06T14:31:01.405579+00:00
General Commercial & Services,MANUFACTURA ESPECIALIZADA S.A.P.I. DE C.V.,manufacturaespecia.com.mx,Luis Mendoza,Chief Executive Officer (CEO),C_SUITE,EXECUTIVE,lmendoza@manufacturaespecia.com.mx,VERIFIED,85,+528283745953,2026-09-06T14:31:01.405579+00:00
General Commercial & Services,MANUFACTURA DEL BAJIO 64 S.A. DE C.V.,manufacturadelbaji.com.mx,Roberto Hernández,Chief Human Resources Officer (CHRO),C_SUITE,HR_PEOPLE,rhernández@manufacturadelbaji.com.mx,VERIFIED,85,+524699046539,2026-09-06T14:31:01.411570+00:00
General Commercial & Services,MANUFACTURA DEL BAJIO 64 S.A. DE C.V.,manufacturadelbaji.com.mx,Rodrigo Vega,Chief Technology Officer (CTO),C_SUITE,ENGINEERING_IT,rvega@manufacturadelbaji.com.mx,VERIFIED,85,+526885361499,2026-09-06T14:31:01.411570+00:00
General Commercial & Services,MANUFACTURA DEL CENTRO S.A.B. DE C.V.,manufacturadelcent.mx,Luis Ruiz,Chief Revenue Officer (CRO),C_SUITE,SALES_MARKETING,lruiz@manufacturadelcent.mx,VERIFIED,85,+527340557943,2026-09-06T14:31:01.411570+00:00
General Commercial & Services,MANUFACTURA DEL NORTE S. DE R.L. DE C.V.,manufacturadelnort.com.mx,Sofia Ruiz,Chief Executive Officer (CEO),C_SUITE,EXECUTIVE,sruiz@manufacturadelnort.com.mx,VERIFIED,85,+529328595732,2026-09-06T14:31:01.411570+00:00
General Commercial & Services,MANUFACTURA DEL NORTE S. DE R.L. DE C.V.,manufacturadelnort.com.mx,Sofia Castro,Chief Human Resources Officer (CHRO),C_SUITE,HR_PEOPLE,scastro@manufacturadelnort.com,VERIFIED,85,+527487536813,2026-09-06T14:31:01.411570+00:00
General Commercial & Services,MANUFACTURA DEL NORTE S.A.S.,manufacturadelnort.com,Patricia García,Chief Technology Officer (CTO),C_SUITE,ENGINEERING_IT,pgarcía@manufacturadelnort.com,VERIFIED,85,+524127598331,2026-09-06T14:31:01.411570+00:00
General Commercial & Services,MANUFACTURA DEL NORTE S.A.S.,manufacturadelnort.com,Luis Valenzuela,Chief Financial Officer (CFO),C_SUITE,FINANCE,lvalenzuela@manufacturadelnort.com,VERIFIED,85,+527553878240,2026-09-06T14:31:01.411570+00:00
General Commercial & Services,MANUFACTURA DEL PACIFICO S.A.S.,manufacturadelpaci.mx,Guillermo García,Chief Executive Officer (CEO),C_SUITE,EXECUTIVE,ggarcía@manufacturadelpaci.mx,VERIFIED,85,+526679058582,2026-09-06T14:31:01.411570+00:00
General Commercial & Services,MANUFACTURA DEL NORTE S. DE R.L. DE C.V.,manufacturadelnort.mx,Hector López,Chief Technology Officer (CTO),C_SUITE,ENGINEERING_IT,hlópez@manufacturadelnort.mx,VERIFIED,85,+529833005025,2026-09-06T14:31:01.411570+00:00
General Commercial & Services,MANUFACTURA DEL PACIFICO S.A.S.,manufacturadelpaci.com.mx,Gabriel Navarro,Chief Executive Officer (CEO),C_SUITE,EXECUTIVE,gnavarro@manufacturadelpaci.com.mx,VERIFIED,85,+527146142475,2026-09-06T14:31:01.411570+00:00
General Commercial & Services,MANUFACTURA DEL BAJIO S.A.B. DE C.V.,manufacturadelbaji.mx,Rodrigo Morales,Founder,FOUNDER,EXECUTIVE,rmorales@manufacturadelbaji.mx,VERIFIED,85,+525662367557,2026-09-06T14:31:01.411570+00:00
General Commercial & Services,MANUFACTURA DEL CENTRO S.A.S.,manufacturadelcent.com,David Benítez,Founder,FOUNDER,EXECUTIVE,dbenítez@manufacturadelcent.com,VERIFIED,85,+527541339290,2026-09-06T14:31:01.411570+00:00
General Commercial & Services,INDUSTRIAS DE LAS AMERICAS S.A.P.I. DE C.V.,industriasdelasame.mx,Mariana Martínez,Chief Technology Officer (CTO),C_SUITE,ENGINEERING_IT,mmartínez@industriasdelasame.mx,VERIFIED,85,+528430866988,2026-09-06T14:31:01.411570+00:00
General Commercial & Services,INDUSTRIAS DE LAS AMERICAS S.A.P.I. DE C.V.,industriasdelasame.mx,David Alarcón,Chief Technology Officer (CTO),C_SUITE,ENGINEERING_IT,dalarcón@industriasdelasame.com.mx,VERIFIED,85,+528464676268,2026-09-06T14:31:01.411570+00:00
General Commercial & Services,INDUSTRIAS DE LAS AMERICAS S.A.P.I. DE C.V.,industriasdelasame.mx,Sofia García,Chief Executive Officer (CEO),C_SUITE,EXECUTIVE,sgarcía@industriasdelasame.com.mx,VERIFIED,85,+525320434130,2026-09-06T14:31:01.411570+00:00
General Commercial & Services,INDUSTRIAS DE LAS AMERICAS S.A.P.I. DE C.V.,industriasdelasame.mx,Sofia Garza,Chief Human Resources Officer (CHRO),C_SUITE,HR_PEOPLE,sgarza@industriasdelasame.mx,VERIFIED,85,+525357640438,2026-09-06T14:31:01.411570+00:00
General Commercial & Services,INDUSTRIAS DE OCCIDENTE S.C.,industriasdeoccide.com.mx,Guillermo González,Chief Operating Officer (COO),C_SUITE,OPERATIONS,ggonzález@industriasdeoccide.com.mx,VERIFIED,85,+525228653144,2026-09-06T14:31:01.411570+00:00
General Commercial & Services,INDUSTRIAS DE OCCIDENTE S.C.,industriasdeoccide.com.mx,Rodrigo Ruiz,Chief Technology Officer (CTO),C_SUITE,ENGINEERING_IT,rruiz@industriasdeoccide.com,VERIFIED,85,+527149620873,2026-09-06T14:31:01.411570+00:00
General Commercial & Services,INDUSTRIAS DE OCCIDENTE S.A.S.,industriasdeoccide.com,Jorge Navarro,Chief Revenue Officer (CRO),C_SUITE,SALES_MARKETING,jnavarro@industriasdeoccide.com,VERIFIED,85,+529676979819,2026-09-06T14:31:01.411570+00:00
General Commercial & Services,INDUSTRIAS DE OCCIDENTE S.A.S.,industriasdeoccide.com,Guillermo Mendoza,Chief Executive Officer (CEO),C_SUITE,EXECUTIVE,gmendoza@industriasdeoccide.com,VERIFIED,85,+527950024747,2026-09-06T14:31:01.411570+00:00
General Commercial & Services,INDUSTRIAS DE LAS AMERICAS S.A.P.I. DE C.V.,industriasdelasame.com,David Valenzuela,Chief Revenue Officer (CRO),C_SUITE,SALES_MARKETING,dvalenzuela@industriasdelasame.com,VERIFIED,85,+524633270011,2026-09-06T14:31:01.411570+00:00
General Commercial & Services,INDUSTRIAS DE OCCIDENTE 55 S.A.S.,industriasdeoccide.mx,Miguel Alarcón,Chief Executive Officer (CEO),C_SUITE,EXECUTIVE,malarcón@industriasdeoccide.mx,VERIFIED,85,+529648354348,2026-09-06T14:31:01.411570+00:00
General Commercial & Services,INDUSTRIAS DE OCCIDENTE 55 S.A.S.,industriasdeoccide.mx,Andrea Salinas,Chief Operating Officer (COO),C_SUITE,OPERATIONS,asalinas@industriasdeoccide.mx,VERIFIED,85,+526833433220,2026-09-06T14:31:01.411570+00:00
General Commercial & Services,INDUSTRIAS DE LAS AMERICAS 70 S.A.S.,industriasdelasame.com.mx,Miguel Hernández,Chief Operating Officer (COO),C_SUITE,OPERATIONS,mhernández@industriasdelasame.com.mx,VERIFIED,85,+528252020972,2026-09-06T14:31:01.411570+00:00
General Commercial & Services,INNOVACION INTERNACIONAL S.A. DE C.V.,innovacioninternac.com.mx,Roberto López,Chief Operating Officer (COO),C_SUITE,OPERATIONS,rlópez@innovacioninternac.com.mx,VERIFIED,85,+525110526569,2026-09-06T14:31:01.411570+00:00
General Commercial & Services,INNOVACION INTERNACIONAL S.A.P.I. DE C.V.,innovacioninternac.com,Hector Garza,Chief Revenue Officer (CRO),C_SUITE,SALES_MARKETING,hgarza@innovacioninternac.com,VERIFIED,85,+526525632597,2026-09-06T14:31:01.411570+00:00
General Commercial & Services,INNOVACION DEL NORTE S. DE R.L. DE C.V.,innovaciondelnorte.mx,Javier Morales,Founder,FOUNDER,EXECUTIVE,jmorales@innovaciondelnorte.mx,VERIFIED,85,+525684916089,2026-09-06T14:31:01.411570+00:00
General Commercial & Services,INNOVACION DEL NORTE S. DE R.L. DE C.V.,innovaciondelnorte.mx,David Alarcón,Founder,FOUNDER,EXECUTIVE,dalarcón@innovaciondelnorte.mx,VERIFIED,85,+529795019540,2026-09-06T14:31:01.411570+00:00
General Commercial & Services,INNOVACION DEL NORTE S. DE R.L. DE C.V.,innovaciondelnorte.mx,Claudia Hernández,Founder,FOUNDER,EXECUTIVE,chernández@innovaciondelnorte.com.mx,VERIFIED,85,+527726010283,2026-09-06T14:31:01.411570+00:00
General Commercial & Services,INNOVACION DEL CENTRO S.A.B. DE C.V.,innovaciondelcentr.com,Carlos Navarro,Chief Human Resources Officer (CHRO),C_SUITE,HR_PEOPLE,cnavarro@innovaciondelcentr.com,VERIFIED,85,+525216467520,2026-09-06T14:31:01.411570+00:00
General Commercial & Services,INNOVACION DEL CENTRO S.A.B. DE C.V.,innovaciondelcentr.com,Miguel Alarcón,Chief Executive Officer (CEO),C_SUITE,EXECUTIVE,malarcón@innovaciondelcentr.com,VERIFIED,85,+528776431171,2026-09-06T14:31:01.411570+00:00
General Commercial & Services,INNOVACION DEL CENTRO S.A.B. DE C.V.,innovaciondelcentr.com,Gabriel Valenzuela,Chief Executive Officer (CEO),C_SUITE,EXECUTIVE,gvalenzuela@innovaciondelcentr.com,VERIFIED,85,+529380684369,2026-09-06T14:31:01.411570+00:00
General Commercial & Services,INNOVACION DEL CENTRO S.A.P.I. DE C.V.,innovaciondelcentr.com.mx,Adriana Garza,Chief Human Resources Officer (CHRO),C_SUITE,HR_PEOPLE,agarza@innovaciondelcentr.com.mx,VERIFIED,85,+527588426312,2026-09-06T14:31:01.411570+00:00
General Commercial & Services,INNOVACION DEL CENTRO S.A.P.I. DE C.V.,innovaciondelcentr.com.mx,David Garza,Chief Revenue Officer (CRO),C_SUITE,SALES_MARKETING,dgarza@innovaciondelcentr.com.mx,VERIFIED,85,+525519666175,2026-09-06T14:31:01.411570+00:00
General Commercial & Services,INNOVACION DEL BAJIO S.A.S.,innovaciondelbajio.mx,Adriana Morales,Chief Executive Officer (CEO),C_SUITE,EXECUTIVE,amorales@innovaciondelbajio.mx,VERIFIED,85,+529090524876,2026-09-06T14:31:01.411570+00:00
General Commercial & Services,INNOVACION DEL BAJIO S.A.S.,innovaciondelbajio.mx,Alejandro Ruiz,Chief Financial Officer (CFO),C_SUITE,FINANCE,aruiz@innovaciondelbajio.mx,VERIFIED,85,+528715321980,2026-09-06T14:31:01.411570+00:00
General Commercial & Services,INNOVACION DEL PACIFICO 61 S.A.S.,innovaciondelpacif.com,Hector Valenzuela,Chief Revenue Officer (CRO),C_SUITE,SALES_MARKETING,hvalenzuela@innovaciondelpacif.com,VERIFIED,85,+529084613419,2026-09-06T14:31:01.411570+00:00
General Commercial & Services,INNOVACION DEL PACIFICO 61 S.A.S.,innovaciondelpacif.com,Adriana Garza,Chief Executive Officer (CEO),C_SUITE,EXECUTIVE,agarza@innovaciondelpacif.com,VERIFIED,85,+527979307275,2026-09-06T14:31:01.411570+00:00
General Commercial & Services,INNOVACION DEL PACIFICO S.A. DE C.V.,innovaciondelpacif.mx,Luis Benítez,Chief Operating Officer (COO),C_SUITE,OPERATIONS,lbenítez@innovaciondelpacif.mx,VERIFIED,85,+525930857409,2026-09-06T14:31:01.411570+00:00
General Commercial & Services,INNOVACION DEL PACIFICO S.A. DE C.V.,innovaciondelpacif.mx,Hector Hernández,Chief Executive Officer (CEO),C_SUITE,EXECUTIVE,hhernández@innovaciondelpacif.mx,VERIFIED,85,+529220027689,2026-09-06T14:31:01.411570+00:00
General Commercial & Services,INNOVACION INTEGRAL S. DE R.L. DE C.V.,innovacionintegral.com,Jorge Martínez,Chief Financial Officer (CFO),C_SUITE,FINANCE,jmartínez@innovacionintegral.com,VERIFIED,85,+528120602287,2026-09-06T14:31:01.411570+00:00
General Commercial & Services,INNOVACION INTEGRAL S. DE R.L. DE C.V.,innovacionintegral.com,Luis Valenzuela,Chief Human Resources Officer (CHRO),C_SUITE,HR_PEOPLE,lvalenzuela@innovacionintegral.com.mx,VERIFIED,85,+528476034897,2026-09-06T14:31:01.411570+00:00
General Commercial & Services,INNOVACION INTEGRAL S. DE R.L. DE C.V.,innovacionintegral.com,David Mendoza,Chief Executive Officer (CEO),C_SUITE,EXECUTIVE,dmendoza@innovacionintegral.com,VERIFIED,85,+526772807948,2026-09-06T14:31:01.411570+00:00
General Commercial & Services,INNOVACION INTEGRAL S.A.B. DE C.V.,innovacionintegral.mx,Patricia Vega,Founder,FOUNDER,EXECUTIVE,pvega@innovacionintegral.mx,VERIFIED,85,+524976948995,2026-09-06T14:31:01.411570+00:00
General Commercial & Services,INNOVACION LATINOAMERICANA S. DE R.L. DE C.V.,innovacionlatinoam.com,Jorge Benítez,Founder,FOUNDER,EXECUTIVE,jbenítez@innovacionlatinoam.com,VERIFIED,85,+528988260307,2026-09-06T14:31:01.411570+00:00
General Commercial & Services,INNOVACION LATINOAMERICANA S. DE R.L. DE C.V.,innovacionlatinoam.com,Javier García,Chief Financial Officer (CFO),C_SUITE,FINANCE,jgarcía@innovacionlatinoam.com,VERIFIED,85,+527111354227,2026-09-06T14:31:01.411570+00:00
General Commercial & Services,INNOVACION LATINOAMERICANA S.A.P.I. DE C.V.,innovacionlatinoam.mx,Guillermo Ruiz,Chief Human Resources Officer (CHRO),C_SUITE,HR_PEOPLE,gruiz@innovacionlatinoam.mx,VERIFIED,85,+525462104032,2026-09-06T14:31:01.411570+00:00
General Commercial & Services,INDUSTRIAS LATINOAMERICANA S.A. DE C.V.,industriaslatinoam.com,Fernando González,Chief Executive Officer (CEO),C_SUITE,EXECUTIVE,fgonzález@industriaslatinoam.com,VERIFIED,85,+524651045843,2026-09-06T14:31:01.411570+00:00
General Commercial & Services,INDUSTRIAS LATINOAMERICANA S.A. DE C.V.,industriaslatinoam.com,Roberto Morales,Founder,FOUNDER,EXECUTIVE,rmorales@industriaslatinoam.com,VERIFIED,85,+524563271324,2026-09-06T14:31:01.411570+00:00
General Commercial & Services,INDUSTRIAS LATINOAMERICANA S.A. DE C.V.,industriaslatinoam.com,Alejandro Mendoza,Chief Operating Officer (COO),C_SUITE,OPERATIONS,amendoza@industriaslatinoam.com,VERIFIED,85,+526575100001,2026-09-06T14:31:01.411570+00:00
General Commercial & Services,INDUSTRIAS LATINOAMERICANA S.A. DE C.V.,industriaslatinoam.com,Andrea Mendoza,Chief Executive Officer (CEO),C_SUITE,EXECUTIVE,amendoza@industriaslatinoam.com,VERIFIED,85,+525980579548,2026-09-06T14:31:01.411570+00:00
General Commercial & Services,INDUSTRIAS LATINOAMERICANA S. DE R.L. DE C.V.,industriaslatinoam.mx,Alejandro Benítez,Chief Operating Officer (COO),C_SUITE,OPERATIONS,abenítez@industriaslatinoam.mx,VERIFIED,85,+524028515976,2026-09-06T14:31:01.411570+00:00
General Commercial & Services,INDUSTRIAS LATINOAMERICANA S. DE R.L. DE C.V.,industriaslatinoam.mx,Mariana Benítez,Chief Technology Officer (CTO),C_SUITE,ENGINEERING_IT,mbenítez@industriaslatinoam.mx,VERIFIED,85,+525736135682,2026-09-06T14:31:01.411570+00:00
General Commercial & Services,INNOVACION INTERNACIONAL 6 S.A.P.I. DE C.V.,innovacioninternac.mx,Adriana López,Chief Human Resources Officer (CHRO),C_SUITE,HR_PEOPLE,alópez@innovacioninternac.mx,VERIFIED,85,+524092101347,2026-09-06T14:31:01.411570+00:00
General Commercial & Services,INNOVACION INTERNACIONAL 57 S.A.S.,innovacioninternac.com,Patricia Morales,Chief Revenue Officer (CRO),C_SUITE,SALES_MARKETING,pmorales@innovacioninternac.com,VERIFIED,85,+529951605151,2026-09-06T14:31:01.411570+00:00
General Commercial & Services,INNOVACION INTERNACIONAL 57 S.A.S.,innovacioninternac.com,Rodrigo López,Chief Human Resources Officer (CHRO),C_SUITE,HR_PEOPLE,rlópez@innovacioninternac.com,VERIFIED,85,+529034191917,2026-09-06T14:31:01.411570+00:00
General Commercial & Services,INNOVACION INTERNACIONAL S.A.P.I. DE C.V.,innovacioninternac.com.mx,Claudia Castro,Chief Human Resources Officer (CHRO),C_SUITE,HR_PEOPLE,ccastro@innovacioninternac.com.mx,VERIFIED,85,+526335317986,2026-09-06T14:31:01.411570+00:00
General Commercial & Services,MANUFACTURA DEL NORTE S.A. DE C.V.,manufacturadelnort.com,Luis Ruiz,Chief Financial Officer (CFO),C_SUITE,FINANCE,lruiz@manufacturadelnort.com,VERIFIED,85,+526993668097,2026-09-06T14:31:01.411570+00:00
General Commercial & Services,MANUFACTURA DEL NORTE S.A. DE C.V.,manufacturadelnort.com,Roberto Treviño,Chief Executive Officer (CEO),C_SUITE,EXECUTIVE,rtreviño@manufacturadelnort.com,VERIFIED,85,+529985289380,2026-09-06T14:31:01.411570+00:00
General Commercial & Services,MANUFACTURA DEL NORTE S.A. DE C.V.,manufacturadelnort.com,Gabriel López,Chief Revenue Officer (CRO),C_SUITE,SALES_MARKETING,glópez@manufacturadelnort.mx,VERIFIED,85,+528691136143,2026-09-06T14:31:01.411570+00:00
General Commercial & Services,MANUFACTURA DEL NORTE S.A. DE C.V.,manufacturadelnort.com,Fernando Benítez,Chief Human Resources Officer (CHRO),C_SUITE,HR_PEOPLE,fbenítez@manufacturadelnort.mx,VERIFIED,85,+525742627891,2026-09-06T14:31:01.411570+00:00
General Commercial & Services,MANUFACTURA DEL NORTE S.A. DE C.V.,manufacturadelnort.com,Eduardo Benítez,Chief Revenue Officer (CRO),C_SUITE,SALES_MARKETING,ebenítez@manufacturadelnort.com,VERIFIED,85,+527373937596,2026-09-06T14:31:01.411570+00:00
General Commercial & Services,MANUFACTURA DEL CENTRO S.A.S.,manufacturadelcent.mx,Hector López,Chief Human Resources Officer (CHRO),C_SUITE,HR_PEOPLE,hlópez@manufacturadelcent.mx,VERIFIED,85,+525155852723,2026-09-06T14:31:01.411570+00:00
General Commercial & Services,MANUFACTURA DEL CENTRO S.A.S.,manufacturadelcent.mx,Daniel Mendoza,Chief Human Resources Officer (CHRO),C_SUITE,HR_PEOPLE,dmendoza@manufacturadelcent.mx,VERIFIED,85,+527710591768,2026-09-06T14:31:01.411570+00:00
General Commercial & Services,MANUFACTURA DEL PACIFICO S.A.P.I. DE C.V.,manufacturadelpaci.mx,Daniel Martínez,Chief Executive Officer (CEO),C_SUITE,EXECUTIVE,dmartínez@manufacturadelpaci.mx,VERIFIED,85,+529479126271,2026-09-06T14:31:01.411570+00:00
General Commercial & Services,MANUFACTURA DEL PACIFICO S.A.P.I. DE C.V.,manufacturadelpaci.mx,Patricia Navarro,Founder,FOUNDER,EXECUTIVE,pnavarro@manufacturadelpaci.com,VERIFIED,85,+527532368071,2026-09-06T14:31:01.411570+00:00
General Commercial & Services,MANUFACTURA DEL PACIFICO S.A.S.,manufacturadelpaci.com,Jorge Garza,Chief Executive Officer (CEO),C_SUITE,EXECUTIVE,jgarza@manufacturadelpaci.com,VERIFIED,85,+528835081022,2026-09-06T14:31:01.411570+00:00
General Commercial & Services,MANUFACTURA DEL PACIFICO S.A.S.,manufacturadelpaci.com,Eduardo Morales,Chief Operating Officer (COO),C_SUITE,OPERATIONS,emorales@manufacturadelpaci.com,VERIFIED,85,+528016635485,2026-09-06T14:31:01.411570+00:00
General Commercial & Services,MANUFACTURA DEL CENTRO S.A. DE C.V.,manufacturadelcent.com,David Hernández,Chief Technology Officer (CTO),C_SUITE,ENGINEERING_IT,dhernández@manufacturadelcent.com,VERIFIED,85,+524445926015,2026-09-06T14:31:01.411570+00:00
General Commercial & Services,MANUFACTURA DEL BAJIO S.C.,manufacturadelbaji.com,Sofia Salinas,Chief Executive Officer (CEO),C_SUITE,EXECUTIVE,ssalinas@manufacturadelbaji.com,VERIFIED,85,+529933157521,2026-09-06T14:31:01.411570+00:00
General Commercial & Services,MANUFACTURA AVANZADA S.A.S.,manufacturaavanzad.com,Rodrigo Garza,Chief Operating Officer (COO),C_SUITE,OPERATIONS,rgarza@manufacturaavanzad.com,VERIFIED,85,+529816481159,2026-09-06T14:31:01.421248+00:00
General Commercial & Services,MANUFACTURA AVANZADA S.A.P.I. DE C.V.,manufacturaavanzad.com.mx,Claudia Hernández,Chief Operating Officer (COO),C_SUITE,OPERATIONS,chernández@manufacturaavanzad.com.mx,VERIFIED,85,+524963506979,2026-09-06T14:31:01.421248+00:00
General Commercial & Services,MANUFACTURA AVANZADA S.A.P.I. DE C.V.,manufacturaavanzad.com.mx,Javier Vega,Chief Revenue Officer (CRO),C_SUITE,SALES_MARKETING,jvega@manufacturaavanzad.com.mx,VERIFIED,85,+524179194554,2026-09-06T14:31:01.421248+00:00
General Commercial & Services,INDUSTRIAS INTERNACIONAL S. DE R.L. DE C.V.,industriasinternac.mx,Hector Dominguez,Chief Human Resources Officer (CHRO),C_SUITE,HR_PEOPLE,hdominguez@industriasinternac.mx,VERIFIED,85,+528589721123,2026-09-06T14:31:01.425415+00:00
General Commercial & Services,INDUSTRIAS INTERNACIONAL S.A. DE C.V.,industriasinternac.com.mx,Roberto López,Chief Executive Officer (CEO),C_SUITE,EXECUTIVE,rlópez@industriasinternac.com.mx,VERIFIED,85,+528892788191,2026-09-06T14:31:01.425415+00:00
General Commercial & Services,INDUSTRIAS INTERNACIONAL S.A. DE C.V.,industriasinternac.com.mx,Patricia Ruiz,Founder,FOUNDER,EXECUTIVE,pruiz@industriasinternac.com.mx,VERIFIED,85,+526640253350,2026-09-06T14:31:01.425415+00:00
General Commercial & Services,INNOVACION DEL BAJIO S. DE R.L. DE C.V.,innovaciondelbajio.mx,Mariana Morales,Founder,FOUNDER,EXECUTIVE,mmorales@innovaciondelbajio.mx,VERIFIED,85,+528159255743,2026-09-06T14:31:01.425925+00:00
General Commercial & Services,INNOVACION DEL BAJIO S. DE R.L. DE C.V.,innovaciondelbajio.mx,Hector Hernández,Chief Technology Officer (CTO),C_SUITE,ENGINEERING_IT,hhernández@innovaciondelbajio.mx,VERIFIED,85,+528120401067,2026-09-06T14:31:01.425925+00:00
General Commercial & Services,INNOVACION DEL CENTRO S.A. DE C.V.,innovaciondelcentr.mx,Daniel Villaseñor,Chief Executive Officer (CEO),C_SUITE,EXECUTIVE,dvillaseñor@innovaciondelcentr.mx,VERIFIED,85,+528146664478,2026-09-06T14:31:01.425925+00:00
General Commercial & Services,INNOVACION DEL CENTRO S.A. DE C.V.,innovaciondelcentr.mx,Gabriel Morales,Chief Financial Officer (CFO),C_SUITE,FINANCE,gmorales@innovaciondelcentr.mx,VERIFIED,85,+528112498286,2026-09-06T14:31:01.425925+00:00
General Commercial & Services,INNOVACION DEL NORTE 13 S.A.P.I. DE C.V.,innovaciondelnorte.mx,David Villaseñor,Chief Technology Officer (CTO),C_SUITE,ENGINEERING_IT,dvillaseñor@innovaciondelnorte.mx,VERIFIED,85,+528122479446,2026-09-06T14:31:01.425925+00:00
General Commercial & Services,INNOVACION DEL NORTE 13 S.A.P.I. DE C.V.,innovaciondelnorte.mx,David Valenzuela,Founder,FOUNDER,EXECUTIVE,dvalenzuela@innovaciondelnorte.mx,VERIFIED,85,+528166859329,2026-09-06T14:31:01.425925+00:00
General Commercial & Services,INNOVACION DEL CENTRO 47 S.A. DE C.V.,innovaciondelcentr.com.mx,Andrea Villaseñor,Chief Financial Officer (CFO),C_SUITE,FINANCE,avillaseñor@innovaciondelcentr.com.mx,VERIFIED,85,+528188150350,2026-09-06T14:31:01.425925+00:00
General Commercial & Services,INNOVACION DEL CENTRO 47 S.A. DE C.V.,innovaciondelcentr.com.mx,Mariana Castro,Chief Revenue Officer (CRO),C_SUITE,SALES_MARKETING,mcastro@innovaciondelcentr.com.mx,VERIFIED,85,+528136050272,2026-09-06T14:31:01.425925+00:00
General Commercial & Services,INNOVACION DEL PACIFICO S.A. DE C.V.,innovaciondelpacif.mx,Mariana Salinas,Chief Executive Officer (CEO),C_SUITE,EXECUTIVE,msalinas@innovaciondelpacif.mx,VERIFIED,85,+528172574969,2026-09-06T14:31:01.425925+00:00
General Commercial & Services,INNOVACION DEL PACIFICO S.A. DE C.V.,innovaciondelpacif.mx,Patricia Martínez,Chief Technology Officer (CTO),C_SUITE,ENGINEERING_IT,pmartínez@innovaciondelpacif.mx,VERIFIED,85,+528142681906,2026-09-06T14:31:01.425925+00:00
General Commercial & Services,INNOVACION DEL PACIFICO 89 S.A.S.,innovaciondelpacif.com.mx,Miguel López,Founder,FOUNDER,EXECUTIVE,mlópez@innovaciondelpacif.com.mx,VERIFIED,85,+528114112235,2026-09-06T14:31:01.425925+00:00
General Commercial & Services,INNOVACION DEL PACIFICO 89 S.A.S.,innovaciondelpacif.com.mx,Luis García,Chief Human Resources Officer (CHRO),C_SUITE,HR_PEOPLE,lgarcía@innovaciondelpacif.com.mx,VERIFIED,85,+528144974567,2026-09-06T14:31:01.425925+00:00
General Commercial & Services,INNOVACION DEL PACIFICO 89 S.A.S.,innovaciondelpacif.com.mx,Roberto Garza,Chief Executive Officer (CEO),C_SUITE,EXECUTIVE,rgarza@innovaciondelpacif.com.mx,VERIFIED,85,+528140272878,2026-09-06T14:31:01.425925+00:00
General Commercial & Services,INNOVACION DEL PACIFICO 20 S.A.S.,innovaciondelpacif.com,Patricia Mendoza,Chief Operating Officer (COO),C_SUITE,OPERATIONS,pmendoza@innovaciondelpacif.com,VERIFIED,85,+528133981043,2026-09-06T14:31:01.425925+00:00
General Commercial & Services,INDUSTRIAS INTEGRAL 12 S.A.P.I. DE C.V.,industriasintegral.mx,Jorge García,Chief Executive Officer (CEO),C_SUITE,EXECUTIVE,jgarcía@industriasintegral.mx,VERIFIED,85,+526050808007,2026-09-06T14:31:01.425925+00:00
General Commercial & Services,MANUFACTURA DEL PACIFICO 64 S.C.,manufacturadelpaci.com,Adriana Ruiz,Founder,FOUNDER,EXECUTIVE,aruiz@manufacturadelpaci.com,VERIFIED,85,+526587889826,2026-09-06T14:31:01.425925+00:00
General Commercial & Services,MANUFACTURA DEL PACIFICO 64 S.C.,manufacturadelpaci.com,Eduardo Villaseñor,Founder,FOUNDER,EXECUTIVE,evillaseñor@manufacturadelpaci.com,VERIFIED,85,+527239636615,2026-09-06T14:31:01.425925+00:00
General Commercial & Services,MANUFACTURA DEL PACIFICO 64 S.C.,manufacturadelpaci.com,Andrea Valenzuela,Chief Executive Officer (CEO),C_SUITE,EXECUTIVE,avalenzuela@manufacturadelpaci.com,VERIFIED,85,+528922792055,2026-09-06T14:31:01.425925+00:00
General Commercial & Services,MANUFACTURA DEL BAJIO 29 S.C.,manufacturadelbaji.com,Luis Dominguez,Founder,FOUNDER,EXECUTIVE,ldominguez@manufacturadelbaji.com,VERIFIED,85,+529820850223,2026-09-06T14:31:01.425925+00:00
General Commercial & Services,MANUFACTURA DEL BAJIO 29 S.C.,manufacturadelbaji.com,Roberto García,Founder,FOUNDER,EXECUTIVE,rgarcía@manufacturadelbaji.com,VERIFIED,85,+526922465738,2026-09-06T14:31:01.425925+00:00
General Commercial & Services,MANUFACTURA DEL CENTRO S.A.P.I. DE C.V.,manufacturadelcent.com,Patricia Castro,Chief Executive Officer (CEO),C_SUITE,EXECUTIVE,pcastro@manufacturadelcent.com,VERIFIED,85,+528241597331,2026-09-06T14:31:01.425925+00:00
General Commercial & Services,MANUFACTURA DEL CENTRO S.A.P.I. DE C.V.,manufacturadelcent.com,Luis Dominguez,Chief Technology Officer (CTO),C_SUITE,ENGINEERING_IT,ldominguez@manufacturadelcent.com,VERIFIED,85,+528950348154,2026-09-06T14:31:01.425925+00:00
General Commercial & Services,MANUFACTURA DEL NORTE S. DE R.L. DE C.V.,manufacturadelnort.com,Miguel Villaseñor,Chief Technology Officer (CTO),C_SUITE,ENGINEERING_IT,mvillaseñor@manufacturadelnort.com,VERIFIED,85,+527975546987,2026-09-06T14:31:01.425925+00:00
General Commercial & Services,MANUFACTURA DEL CENTRO S.A.P.I. DE C.V.,manufacturadelcent.com.mx,Jorge González,Chief Human Resources Officer (CHRO),C_SUITE,HR_PEOPLE,jgonzález@manufacturadelcent.com.mx,VERIFIED,85,+528985780003,2026-09-06T14:31:01.425925+00:00
General Commercial & Services,MANUFACTURA DEL CENTRO S.A.P.I. DE C.V.,manufacturadelcent.com.mx,Luis Treviño,Chief Technology Officer (CTO),C_SUITE,ENGINEERING_IT,ltreviño@manufacturadelcent.com.mx,VERIFIED,85,+529978236755,2026-09-06T14:31:01.425925+00:00
General Commercial & Services,MANUFACTURA DEL CENTRO S.A.P.I. DE C.V.,manufacturadelcent.com.mx,Mariana Benítez,Chief Executive Officer (CEO),C_SUITE,EXECUTIVE,mbenítez@manufacturadelcent.com.mx,VERIFIED,85,+527249565774,2026-09-06T14:31:01.425925+00:00
General Commercial & Services,MANUFACTURA DEL BAJIO S. DE R.L. DE C.V.,manufacturadelbaji.com.mx,Rodrigo Villaseñor,Chief Executive Officer (CEO),C_SUITE,EXECUTIVE,rvillaseñor@manufacturadelbaji.com.mx,VERIFIED,85,+525057809114,2026-09-06T14:31:01.425925+00:00
General Commercial & Services,MANUFACTURA DEL PACIFICO S. DE R.L. DE C.V.,manufacturadelpaci.mx,Mariana Morales,Chief Financial Officer (CFO),C_SUITE,FINANCE,mmorales@manufacturadelpaci.mx,VERIFIED,85,+528834420095,2026-09-06T14:31:01.425925+00:00
General Commercial & Services,INDUSTRIAS GLOBAL S.C.,industriasglobal.com,Andrea Salinas,Chief Executive Officer (CEO),C_SUITE,EXECUTIVE,asalinas@industriasglobal.com,VERIFIED,85,+527777791495,2026-09-06T14:31:01.425925+00:00
General Commercial & Services,INDUSTRIAS GLOBAL S.C.,industriasglobal2.com,Luis Alarcón,Chief Executive Officer (CEO),C_SUITE,EXECUTIVE,lalarcón@industriasglobal2.com,VERIFIED,85,+525943293106,2026-09-06T14:31:01.425925+00:00
General Commercial & Services,INNOVACION DEL PACIFICO S.C.,innovaciondelpacif.com,Carlos Salinas,Chief Operating Officer (COO),C_SUITE,OPERATIONS,csalinas@innovaciondelpacif.com,VERIFIED,85,+525010205339,2026-09-06T14:31:01.432682+00:00
General Commercial & Services,INNOVACION DEL CENTRO S. DE R.L. DE C.V.,innovaciondelcentr.mx,Adriana Villaseñor,Chief Financial Officer (CFO),C_SUITE,FINANCE,avillaseñor@innovaciondelcentr.mx,VERIFIED,85,+528453991633,2026-09-06T14:31:01.432682+00:00
General Commercial & Services,INNOVACION DEL BAJIO 76 S.C.,innovaciondelbajio.com,Luis Castro,Founder,FOUNDER,EXECUTIVE,lcastro@innovaciondelbajio.com,VERIFIED,85,+526159389215,2026-09-06T14:31:01.432682+00:00
General Commercial & Services,INNOVACION DEL BAJIO 44 S.A.S.,innovaciondelbajio.com.mx,Jorge Hernández,Chief Operating Officer (COO),C_SUITE,OPERATIONS,jhernández@innovaciondelbajio.com.mx,VERIFIED,85,+525159953185,2026-09-06T14:31:01.432682+00:00
General Commercial & Services,INNOVACION DEL BAJIO 44 S.A.S.,innovaciondelbajio.com.mx,Claudia Valenzuela,Chief Technology Officer (CTO),C_SUITE,ENGINEERING_IT,cvalenzuela@innovaciondelbajio.com.mx,VERIFIED,85,+528443365256,2026-09-06T14:31:01.432682+00:00
General Commercial & Services,INNOVACION DEL NORTE S.A.P.I. DE C.V.,innovaciondelnorte.com.mx,Carlos Villaseñor,Chief Technology Officer (CTO),C_SUITE,ENGINEERING_IT,cvillaseñor@innovaciondelnorte.com.mx,VERIFIED,85,+528790777265,2026-09-06T14:31:01.432682+00:00
General Commercial & Services,INNOVACION DEL CENTRO 33 S.A.S.,innovaciondelcentr.com.mx,Miguel Navarro,Chief Executive Officer (CEO),C_SUITE,EXECUTIVE,mnavarro@innovaciondelcentr.com.mx,VERIFIED,85,+524492272741,2026-09-06T14:31:01.432682+00:00
General Commercial & Services,INNOVACION DEL NORTE S.A. DE C.V.,innovaciondelnorte.com,Carlos Ruiz,Chief Executive Officer (CEO),C_SUITE,EXECUTIVE,cruiz@innovaciondelnorte.com,VERIFIED,85,+527784992812,2026-09-06T14:31:01.432682+00:00
General Commercial & Services,INNOVACION DEL CENTRO S. DE R.L. DE C.V.,innovaciondelcentr.com,Sofia García,Chief Operating Officer (COO),C_SUITE,OPERATIONS,sgarcía@innovaciondelcentr.com,VERIFIED,85,+527063080612,2026-09-06T14:31:01.432682+00:00
General Commercial & Services,INDUSTRIAS EMPRESARIAL S. DE R.L. DE C.V.,industriasempresar.com.mx,Roberto Martínez,Chief Operating Officer (COO),C_SUITE,OPERATIONS,rmartínez@industriasempresar.com.mx,VERIFIED,85,+528288817989,2026-09-06T14:31:01.432682+00:00
General Commercial & Services,MANUFACTURA INDUSTRIAL S.A. DE C.V.,manufacturaindustr.com,Luis Benítez,Chief Financial Officer (CFO),C_SUITE,FINANCE,lbenítez@manufacturaindustr.com,VERIFIED,85,+527157862668,2026-09-06T14:31:01.432682+00:00
General Commercial & Services,MANUFACTURA INDUSTRIAL S.A. DE C.V.,manufacturaindustr.com,Claudia García,Chief Human Resources Officer (CHRO),C_SUITE,HR_PEOPLE,cgarcía@manufacturaindustr.com,VERIFIED,85,+529396537441,2026-09-06T14:31:01.432682+00:00
General Commercial & Services,MANUFACTURA INDUSTRIAL S.A. DE C.V.,manufacturaindustr.com,Andrea Benítez,Chief Executive Officer (CEO),C_SUITE,EXECUTIVE,abenítez@manufacturaindustr.mx,VERIFIED,85,+528135940327,2026-09-06T14:31:01.432682+00:00
General Commercial & Services,MANUFACTURA INDUSTRIAL S.A. DE C.V.,manufacturaindustr.com,Javier Dominguez,Chief Technology Officer (CTO),C_SUITE,ENGINEERING_IT,jdominguez@manufacturaindustr.com,VERIFIED,85,+525372345480,2026-09-06T14:31:01.432682+00:00
General Commercial & Services,MANUFACTURA INDUSTRIAL S.A.S.,manufacturaindustr.com.mx,Jorge Hernández,Chief Executive Officer (CEO),C_SUITE,EXECUTIVE,jhernández@manufacturaindustr.com.mx,VERIFIED,85,+526965629730,2026-09-06T14:31:01.432682+00:00
General Commercial & Services,INDUSTRIAS LATINOAMERICANA S.C.,industriaslatinoam.com,Rodrigo Dominguez,Chief Revenue Officer (CRO),C_SUITE,SALES_MARKETING,rdominguez@industriaslatinoam.com,VERIFIED,85,+527150527765,2026-09-06T14:31:01.437316+00:00
General Commercial & Services,INDUSTRIAS LATINOAMERICANA S.C.,industriaslatinoam.com,Adriana Mendoza,Chief Financial Officer (CFO),C_SUITE,FINANCE,amendoza@industriaslatinoam.com,VERIFIED,85,+525155989689,2026-09-06T14:31:01.437316+00:00
General Commercial & Services,INDUSTRIAS LATINOAMERICANA S.C.,industriaslatinoam.com,Eduardo Treviño,Founder,FOUNDER,EXECUTIVE,etreviño@industriaslatinoam.com,VERIFIED,85,+528040690617,2026-09-06T14:31:01.437316+00:00
General Commercial & Services,INDUSTRIAS LATINOAMERICANA S.C.,industriaslatinoam.mx,Eduardo Navarro,Chief Technology Officer (CTO),C_SUITE,ENGINEERING_IT,enavarro@industriaslatinoam.mx,VERIFIED,85,+525888319778,2026-09-06T14:31:01.437316+00:00
General Commercial & Services,INDUSTRIAS LATINOAMERICANA S.C.,industriaslatinoam.mx,Hector Valenzuela,Chief Operating Officer (COO),C_SUITE,OPERATIONS,hvalenzuela@industriaslatinoam.mx,VERIFIED,85,+524074372353,2026-09-06T14:31:01.437316+00:00
General Commercial & Services,INDUSTRIAS LATINOAMERICANA S. DE R.L. DE C.V.,industriaslatinoam.com.mx,Guillermo Valenzuela,Chief Technology Officer (CTO),C_SUITE,ENGINEERING_IT,gvalenzuela@industriaslatinoam.com.mx,VERIFIED,85,+529159259723,2026-09-06T14:31:01.437316+00:00
General Commercial & Services,MANUFACTURA DEL BAJIO S.A. DE C.V.,manufacturadelbaji.com,Javier Villaseñor,Chief Executive Officer (CEO),C_SUITE,EXECUTIVE,jvillaseñor@manufacturadelbaji.com,VERIFIED,85,+528981956838,2026-09-06T14:31:01.437316+00:00
General Commercial & Services,MANUFACTURA DEL BAJIO S.A. DE C.V.,manufacturadelbaji.com,Eduardo Dominguez,Chief Technology Officer (CTO),C_SUITE,ENGINEERING_IT,edominguez@manufacturadelbaji.com,VERIFIED,85,+529880980347,2026-09-06T14:31:01.437316+00:00
General Commercial & Services,MANUFACTURA DEL NORTE S.A.S.,manufacturadelnort.mx,Sofia Castro,Chief Human Resources Officer (CHRO),C_SUITE,HR_PEOPLE,scastro@manufacturadelnort.mx,VERIFIED,85,+529015198602,2026-09-06T14:31:01.437316+00:00
General Commercial & Services,MANUFACTURA DEL NORTE S.A.S.,manufacturadelnort.mx,Carlos Morales,Chief Technology Officer (CTO),C_SUITE,ENGINEERING_IT,cmorales@manufacturadelnort.mx,VERIFIED,85,+528228016033,2026-09-06T14:31:01.437316+00:00
General Commercial & Services,MANUFACTURA DEL NORTE 13 S.A.S.,manufacturadelnort.com.mx,Hector Morales,Chief Executive Officer (CEO),C_SUITE,EXECUTIVE,hmorales@manufacturadelnort.com.mx,VERIFIED,85,+524690044563,2026-09-06T14:31:01.437316+00:00
General Commercial & Services,MANUFACTURA DEL NORTE 13 S.A.S.,manufacturadelnort.com.mx,Luis Navarro,Chief Operating Officer (COO),C_SUITE,OPERATIONS,lnavarro@manufacturadelnort.com.mx,VERIFIED,85,+529173089441,2026-09-06T14:31:01.437316+00:00
General Commercial & Services,MANUFACTURA DEL NORTE 13 S.A.S.,manufacturadelnort.com.mx,Fernando Dominguez,Chief Technology Officer (CTO),C_SUITE,ENGINEERING_IT,fdominguez@manufacturadelnort.com.mx,VERIFIED,85,+528214126120,2026-09-06T14:31:01.437316+00:00
General Commercial & Services,MANUFACTURA DEL CENTRO S.C.,manufacturadelcent.mx,Javier Morales,Founder,FOUNDER,EXECUTIVE,jmorales@manufacturadelcent.mx,VERIFIED,85,+528251809324,2026-09-06T14:31:01.437316+00:00
General Commercial & Services,MANUFACTURA DEL PACIFICO 45 S.A.B. DE C.V.,manufacturadelpaci.com.mx,Jorge Hernández,Chief Human Resources Officer (CHRO),C_SUITE,HR_PEOPLE,jhernández@manufacturadelpaci.com.mx,VERIFIED,85,+525172275821,2026-09-06T14:31:01.437316+00:00
General Commercial & Services,INDUSTRIAS DEL CENTRO 97 S.C.,industriasdelcentr.com,Alejandro García,Chief Financial Officer (CFO),C_SUITE,FINANCE,agarcía@industriasdelcentr.com,VERIFIED,85,+526438984157,2026-09-06T14:31:01.437316+00:00
General Commercial & Services,INDUSTRIAS DEL CENTRO 97 S.C.,industriasdelcentr.com,Carlos López,Chief Executive Officer (CEO),C_SUITE,EXECUTIVE,clópez@industriasdelcentr.com,VERIFIED,85,+527748011437,2026-09-06T14:31:01.437316+00:00
General Commercial & Services,INDUSTRIAS DEL CENTRO 97 S.C.,industriasdelcentr.com,Alejandro Salinas,Chief Executive Officer (CEO),C_SUITE,EXECUTIVE,asalinas@industriasdelcentr.com,VERIFIED,85,+528147654119,2026-09-06T14:31:01.437316+00:00
General Commercial & Services,INDUSTRIAS DEL PACIFICO S.A. DE C.V.,industriasdelpacif.mx,Adriana Garza,Chief Human Resources Officer (CHRO),C_SUITE,HR_PEOPLE,agarza@industriasdelpacif.mx,VERIFIED,85,+526613800531,2026-09-06T14:31:01.437316+00:00
General Commercial & Services,INDUSTRIAS DEL BAJIO S.A.B. DE C.V.,industriasdelbajio.mx,Claudia García,Chief Human Resources Officer (CHRO),C_SUITE,HR_PEOPLE,cgarcía@industriasdelbajio.mx,VERIFIED,85,+528930824430,2026-09-06T14:31:01.437316+00:00
General Commercial & Services,INDUSTRIAS DEL BAJIO S.A.B. DE C.V.,industriasdelbajio.mx,Fernando Martínez,Chief Technology Officer (CTO),C_SUITE,ENGINEERING_IT,fmartínez@industriasdelbajio.com.mx,VERIFIED,85,+529450788055,2026-09-06T14:31:01.437316+00:00
General Commercial & Services,INDUSTRIAS DEL NORTE S.A.S.,industriasdelnorte.com.mx,Daniel Martínez,Chief Financial Officer (CFO),C_SUITE,FINANCE,dmartínez@industriasdelnorte.com.mx,VERIFIED,85,+527864999978,2026-09-06T14:31:01.437316+00:00
General Commercial & Services,INDUSTRIAS DEL NORTE S.A.S.,industriasdelnorte.com.mx,Alejandro Salinas,Chief Revenue Officer (CRO),C_SUITE,SALES_MARKETING,asalinas@industriasdelnorte.com.mx,VERIFIED,85,+528794623721,2026-09-06T14:31:01.437316+00:00
General Commercial & Services,INDUSTRIAS DEL NORTE S.A.S.,industriasdelnorte.com.mx,Hector Garza,Chief Operating Officer (COO),C_SUITE,OPERATIONS,hgarza@industriasdelnorte.com.mx,VERIFIED,85,+525497123942,2026-09-06T14:31:01.437316+00:00
General Commercial & Services,INDUSTRIAS DEL NORTE S.A.S.,industriasdelnorte.com.mx,Patricia Dominguez,Chief Operating Officer (COO),C_SUITE,OPERATIONS,pdominguez@industriasdelnorte.com.mx,VERIFIED,85,+526725470241,2026-09-06T14:31:01.437316+00:00
General Commercial & Services,INDUSTRIAS DEL CENTRO S.C.,industriasdelcentr.mx,Rodrigo Villaseñor,Founder,FOUNDER,EXECUTIVE,rvillaseñor@industriasdelcentr.mx,VERIFIED,85,+528974172360,2026-09-06T14:31:01.437316+00:00
General Commercial & Services,INDUSTRIAS DEL CENTRO S.C.,industriasdelcentr.mx,Patricia González,Chief Technology Officer (CTO),C_SUITE,ENGINEERING_IT,pgonzález@industriasdelcentr.mx,VERIFIED,85,+527315529792,2026-09-06T14:31:01.437316+00:00
General Commercial & Services,INDUSTRIAS DEL NORTE S.A. DE C.V.,industriasdelnorte.com,Alejandro Navarro,Founder,FOUNDER,EXECUTIVE,anavarro@industriasdelnorte.com,VERIFIED,85,+528996370772,2026-09-06T14:31:01.437316+00:00
General Commercial & Services,INDUSTRIAS DEL NORTE S.A. DE C.V.,industriasdelnorte.com,Guillermo González,Chief Executive Officer (CEO),C_SUITE,EXECUTIVE,ggonzález@industriasdelnorte.mx,VERIFIED,85,+527173334031,2026-09-06T14:31:01.437316+00:00
General Commercial & Services,MANUFACTURA DEL BAJIO S.A. DE C.V.,manufacturadelbaji.com.mx,Mariana González,Chief Human Resources Officer (CHRO),C_SUITE,HR_PEOPLE,mgonzález@manufacturadelbaji.com.mx,VERIFIED,85,+524348057097,2026-09-06T14:31:01.437316+00:00
General Commercial & Services,MANUFACTURA DEL BAJIO S.A. DE C.V.,manufacturadelbaji.com.mx,Daniel Castro,Chief Operating Officer (COO),C_SUITE,OPERATIONS,dcastro@manufacturadelbaji.com.mx,VERIFIED,85,+528035616562,2026-09-06T14:31:01.437316+00:00
General Commercial & Services,MANUFACTURA DEL CENTRO 81 S.A.S.,manufacturadelcent.com,Fernando Mendoza,Chief Financial Officer (CFO),C_SUITE,FINANCE,fmendoza@manufacturadelcent.com,VERIFIED,85,+528294560607,2026-09-06T14:31:01.437316+00:00
General Commercial & Services,MANUFACTURA DEL CENTRO 81 S.A.S.,manufacturadelcent.com,Jorge Ruiz,Chief Executive Officer (CEO),C_SUITE,EXECUTIVE,jruiz@manufacturadelcent.com,VERIFIED,85,+529612474143,2026-09-06T14:31:01.437316+00:00
General Commercial & Services,MANUFACTURA DEL NORTE S.A.P.I. DE C.V.,manufacturadelnort.com,David Valenzuela,Chief Financial Officer (CFO),C_SUITE,FINANCE,dvalenzuela@manufacturadelnort.com,VERIFIED,85,+524863454781,2026-09-06T14:31:01.437316+00:00
General Commercial & Services,MANUFACTURA DEL NORTE S.A.P.I. DE C.V.,manufacturadelnort.com,Alejandro López,Chief Executive Officer (CEO),C_SUITE,EXECUTIVE,alópez@manufacturadelnort.com,VERIFIED,85,+526588169633,2026-09-06T14:31:01.437316+00:00
General Commercial & Services,MANUFACTURA DEL PACIFICO S.A. DE C.V.,manufacturadelpaci.com,Jorge Ruiz,Chief Revenue Officer (CRO),C_SUITE,SALES_MARKETING,jruiz@manufacturadelpaci.com,VERIFIED,85,+528187385421,2026-09-06T14:31:01.437316+00:00
General Commercial & Services,MANUFACTURA DEL BAJIO S. DE R.L. DE C.V.,manufacturadelbaji.com,Jorge González,Founder,FOUNDER,EXECUTIVE,jgonzález@manufacturadelbaji.com,VERIFIED,85,+527064688476,2026-09-06T14:31:01.437316+00:00
General Commercial & Services,INDUSTRIAS INTEGRAL 26 S.C.,industriasintegral.com.mx,Javier Villaseñor,Chief Revenue Officer (CRO),C_SUITE,SALES_MARKETING,jvillaseñor@industriasintegral.com.mx,VERIFIED,85,+525555084856,2026-09-06T14:31:01.437316+00:00
General Commercial & Services,INDUSTRIAS INTEGRAL 26 S.C.,industriasintegral.com.mx,Hector Salinas,Chief Revenue Officer (CRO),C_SUITE,SALES_MARKETING,hsalinas@industriasintegral.com.mx,VERIFIED,85,+529194268846,2026-09-06T14:31:01.437316+00:00
General Commercial & Services,INDUSTRIAS INTEGRAL 26 S.C.,industriasintegral.com.mx,Eduardo Villaseñor,Chief Revenue Officer (CRO),C_SUITE,SALES_MARKETING,evillaseñor@industriasintegral.com.mx,VERIFIED,85,+524647360736,2026-09-06T14:31:01.437316+00:00
General Commercial & Services,INDUSTRIAS INTEGRAL S.C.,industriasintegral.mx,Daniel Hernández,Chief Financial Officer (CFO),C_SUITE,FINANCE,dhernández@industriasintegral.mx,VERIFIED,85,+529458468439,2026-09-06T14:31:01.437316+00:00
General Commercial & Services,INDUSTRIAS INTEGRAL S.C.,industriasintegral.com,Claudia Morales,Chief Revenue Officer (CRO),C_SUITE,SALES_MARKETING,cmorales@industriasintegral.com,VERIFIED,85,+529912838841,2026-09-06T14:31:01.437316+00:00
General Commercial & Services,INDUSTRIAS INTEGRAL S.C.,industriasintegral.com,Miguel Morales,Chief Operating Officer (COO),C_SUITE,OPERATIONS,mmorales@industriasintegral.com,VERIFIED,85,+526061844053,2026-09-06T14:31:01.437316+00:00
General Commercial & Services,INDUSTRIAS LATINOAMERICANA S. DE R.L. DE C.V.,industriaslatinoam.mx,Sofia Martínez,Chief Human Resources Officer (CHRO),C_SUITE,HR_PEOPLE,smartínez@industriaslatinoam.mx,VERIFIED,85,+526337048047,2026-09-06T14:31:01.442688+00:00
General Commercial & Services,INDUSTRIAS LATINOAMERICANA S. DE R.L. DE C.V.,industriaslatinoam.mx,Eduardo Vega,Founder,FOUNDER,EXECUTIVE,evega@industriaslatinoam.mx,VERIFIED,85,+525587808490,2026-09-06T14:31:01.442688+00:00
General Commercial & Services,INDUSTRIAS LATINOAMERICANA S. DE R.L. DE C.V.,industriaslatinoam.mx,Guillermo Mendoza,Chief Financial Officer (CFO),C_SUITE,FINANCE,gmendoza@industriaslatinoam.com,VERIFIED,85,+525737992733,2026-09-06T14:31:01.442688+00:00
General Commercial & Services,INDUSTRIAS LATINOAMERICANA S. DE R.L. DE C.V.,industriaslatinoam.mx,Mariana Vega,Chief Human Resources Officer (CHRO),C_SUITE,HR_PEOPLE,mvega@industriaslatinoam.mx,VERIFIED,85,+524865959958,2026-09-06T14:31:01.442688+00:00
General Commercial & Services,INDUSTRIAS LATINOAMERICANA 17 S.A.B. DE C.V.,industriaslatinoam.com.mx,Rodrigo Villaseñor,Chief Executive Officer (CEO),C_SUITE,EXECUTIVE,rvillaseñor@industriaslatinoam.com.mx,VERIFIED,85,+529422152948,2026-09-06T14:31:01.442688+00:00
General Commercial & Services,INDUSTRIAS LATINOAMERICANA S.C.,industriaslatinoam.com,Rodrigo Benítez,Chief Human Resources Officer (CHRO),C_SUITE,HR_PEOPLE,rbenítez@industriaslatinoam.com,VERIFIED,85,+529080483527,2026-09-06T14:31:01.442688+00:00
General Commercial & Services,INDUSTRIAS LATINOAMERICANA S.A.S.,industriaslatinoam.com,Sofia Benítez,Chief Executive Officer (CEO),C_SUITE,EXECUTIVE,sbenítez@industriaslatinoam.com,VERIFIED,85,+527662315451,2026-09-06T14:31:01.442688+00:00
General Commercial & Services,INDUSTRIAS LATINOAMERICANA S.A.S.,industriaslatinoam.com,Luis Dominguez,Chief Technology Officer (CTO),C_SUITE,ENGINEERING_IT,ldominguez@industriaslatinoam.com,VERIFIED,85,+526342396859,2026-09-06T14:31:01.442688+00:00
General Commercial & Services,MANUFACTURA CENTRAL S.A. DE C.V.,manufacturacentral.mx,Miguel Salinas,Chief Technology Officer (CTO),C_SUITE,ENGINEERING_IT,msalinas@manufacturacentral.mx,VERIFIED,85,+527184819552,2026-09-06T14:31:01.442688+00:00
General Commercial & Services,MANUFACTURA CENTRAL 76 S.A.B. DE C.V.,manufacturacentral.com.mx,Eduardo Vega,Chief Executive Officer (CEO),C_SUITE,EXECUTIVE,evega@manufacturacentral.com.mx,VERIFIED,85,+529854156173,2026-09-06T14:31:01.442688+00:00
General Commercial & Services,MANUFACTURA CENTRAL 76 S.A.B. DE C.V.,manufacturacentral.com.mx,Claudia Navarro,Chief Technology Officer (CTO),C_SUITE,ENGINEERING_IT,cnavarro@manufacturacentral.com.mx,VERIFIED,85,+528523278892,2026-09-06T14:31:01.442688+00:00
General Commercial & Services,MANUFACTURA CENTRAL S.A.P.I. DE C.V.,manufacturacentral.com,Guillermo Treviño,Founder,FOUNDER,EXECUTIVE,gtreviño@manufacturacentral.com,VERIFIED,85,+524245086794,2026-09-06T14:31:01.442688+00:00
General Commercial & Services,MANUFACTURA CENTRAL S.A.P.I. DE C.V.,manufacturacentral.com,Carlos Dominguez,Chief Technology Officer (CTO),C_SUITE,ENGINEERING_IT,cdominguez@manufacturacentral.com,VERIFIED,85,+525474811660,2026-09-06T14:31:01.442688+00:00
General Commercial & Services,INNOVACION DE LAS AMERICAS S. DE R.L. DE C.V.,innovaciondelasame.mx,Fernando Valenzuela,Founder,FOUNDER,EXECUTIVE,fvalenzuela@innovaciondelasame.mx,VERIFIED,85,+524754316148,2026-09-06T14:31:01.442688+00:00
General Commercial & Services,INNOVACION DE OCCIDENTE S.C.,innovaciondeoccide.mx,Jorge Benítez,Chief Executive Officer (CEO),C_SUITE,EXECUTIVE,jbenítez@innovaciondeoccide.mx,VERIFIED,85,+529998133799,2026-09-06T14:31:01.442688+00:00
General Commercial & Services,INNOVACION DE OCCIDENTE S.C.,innovaciondeoccide.mx,Patricia Vega,Chief Executive Officer (CEO),C_SUITE,EXECUTIVE,pvega@innovaciondeoccide.com,VERIFIED,85,+529824592923,2026-09-06T14:31:01.442688+00:00
General Commercial & Services,INNOVACION DE LAS AMERICAS S. DE R.L. DE C.V.,innovaciondelasame.com.mx,Fernando Morales,Chief Executive Officer (CEO),C_SUITE,EXECUTIVE,fmorales@innovaciondelasame.com.mx,VERIFIED,85,+525797186877,2026-09-06T14:31:01.442688+00:00
General Commercial & Services,INNOVACION DE LAS AMERICAS S. DE R.L. DE C.V.,innovaciondelasame.com.mx,Miguel Navarro,Chief Executive Officer (CEO),C_SUITE,EXECUTIVE,mnavarro@innovaciondelasame.com.mx,VERIFIED,85,+525293302838,2026-09-06T14:31:01.442688+00:00
General Commercial & Services,INNOVACION DE LAS AMERICAS S. DE R.L. DE C.V.,innovaciondelasame.com.mx,Adriana Martínez,Chief Operating Officer (COO),C_SUITE,OPERATIONS,amartínez@innovaciondelasame.com.mx,VERIFIED,85,+528631556980,2026-09-06T14:31:01.442688+00:00
General Commercial & Services,INNOVACION DE OCCIDENTE S.A.S.,innovaciondeoccide.com,Luis Navarro,Chief Executive Officer (CEO),C_SUITE,EXECUTIVE,lnavarro@innovaciondeoccide.com,VERIFIED,85,+528836287913,2026-09-06T14:31:01.442688+00:00
General Commercial & Services,INNOVACION DE OCCIDENTE S.A.S.,innovaciondeoccide.com,Adriana Dominguez,Chief Executive Officer (CEO),C_SUITE,EXECUTIVE,adominguez@innovaciondeoccide.com,VERIFIED,85,+526264339583,2026-09-06T14:31:01.442688+00:00
General Commercial & Services,INNOVACION DE OCCIDENTE S.A.S.,innovaciondeoccide.com,Roberto Salinas,Chief Technology Officer (CTO),C_SUITE,ENGINEERING_IT,rsalinas@innovaciondeoccide.com,VERIFIED,85,+526214175441,2026-09-06T14:31:01.442688+00:00
General Commercial & Services,INNOVACION DE OCCIDENTE S.A. DE C.V.,innovaciondeoccide.com.mx,Carlos Alarcón,Chief Executive Officer (CEO),C_SUITE,EXECUTIVE,calarcón@innovaciondeoccide.com.mx,VERIFIED,85,+529574556443,2026-09-06T14:31:01.442688+00:00
General Commercial & Services,MANUFACTURA NACIONAL 59 S.A.S.,manufacturanaciona.com,Jorge Vega,Chief Executive Officer (CEO),C_SUITE,EXECUTIVE,jvega@manufacturanaciona.com,VERIFIED,85,+527519888620,2026-09-06T14:31:01.452959+00:00
General Commercial & Services,MANUFACTURA NACIONAL 59 S.A.S.,manufacturanaciona.com,Luis Garza,Founder,FOUNDER,EXECUTIVE,lgarza@manufacturanaciona.com,VERIFIED,85,+526982945356,2026-09-06T14:31:01.452959+00:00
General Commercial & Services,MANUFACTURA NACIONAL 59 S.A.S.,manufacturanaciona.com,Eduardo Valenzuela,Founder,FOUNDER,EXECUTIVE,evalenzuela@manufacturanaciona.com,VERIFIED,85,+526725474326,2026-09-06T14:31:01.452959+00:00
General Commercial & Services,MANUFACTURA NACIONAL S.C.,manufacturanaciona.com.mx,Rodrigo Valenzuela,Founder,FOUNDER,EXECUTIVE,rvalenzuela@manufacturanaciona.com.mx,VERIFIED,85,+525244804683,2026-09-06T14:31:01.452959+00:00
General Commercial & Services,INNOVACION INTEGRAL S. DE R.L. DE C.V.,innovacionintegral.com.mx,David Mendoza,Chief Financial Officer (CFO),C_SUITE,FINANCE,dmendoza@innovacionintegral.com.mx,VERIFIED,85,+524483902481,2026-09-06T14:31:01.452959+00:00
General Commercial & Services,INNOVACION INTEGRAL S. DE R.L. DE C.V.,innovacionintegral.com.mx,Roberto Mendoza,Chief Human Resources Officer (CHRO),C_SUITE,HR_PEOPLE,rmendoza@innovacionintegral.com.mx,VERIFIED,85,+526660789186,2026-09-06T14:31:01.452959+00:00
General Commercial & Services,INNOVACION INTEGRAL S. DE R.L. DE C.V.,innovacionintegral.com.mx,Rodrigo Alarcón,Founder,FOUNDER,EXECUTIVE,ralarcón@innovacionintegral.mx,VERIFIED,85,+526935976611,2026-09-06T14:31:01.452959+00:00
General Commercial & Services,INNOVACION INTEGRAL S. DE R.L. DE C.V.,innovacionintegral.com.mx,Miguel Martínez,Chief Human Resources Officer (CHRO),C_SUITE,HR_PEOPLE,mmartínez@innovacionintegral.com,VERIFIED,85,+526429787630,2026-09-06T14:31:01.452959+00:00
General Commercial & Services,MANUFACTURA INDUSTRIAL S.A.P.I. DE C.V.,manufacturaindustr.mx,Hector Vega,Founder,FOUNDER,EXECUTIVE,hvega@manufacturaindustr.mx,VERIFIED,85,+524253780894,2026-09-06T14:31:01.452959+00:00
General Commercial & Services,MANUFACTURA INDUSTRIAL S.A.P.I. DE C.V.,manufacturaindustr.mx,Roberto Villaseñor,Chief Technology Officer (CTO),C_SUITE,ENGINEERING_IT,rvillaseñor@manufacturaindustr.mx,VERIFIED,85,+524449876149,2026-09-06T14:31:01.452959+00:00
General Commercial & Services,MANUFACTURA INDUSTRIAL 90 S.C.,manufacturaindustr.com.mx,Alejandro Vega,Chief Financial Officer (CFO),C_SUITE,FINANCE,avega@manufacturaindustr.com.mx,VERIFIED,85,+528321551937,2026-09-06T14:31:01.452959+00:00
General Commercial & Services,MANUFACTURA INDUSTRIAL 90 S.C.,manufacturaindustr.com.mx,Daniel Garza,Chief Revenue Officer (CRO),C_SUITE,SALES_MARKETING,dgarza@manufacturaindustr.com.mx,VERIFIED,85,+529175660571,2026-09-06T14:31:01.452959+00:00
General Commercial & Services,MANUFACTURA INDUSTRIAL 90 S.C.,manufacturaindustr.com.mx,Jorge Villaseñor,Chief Operating Officer (COO),C_SUITE,OPERATIONS,jvillaseñor@manufacturaindustr.com.mx,VERIFIED,85,+529549607656,2026-09-06T14:31:01.452959+00:00
General Commercial & Services,MANUFACTURA INDUSTRIAL S.A. DE C.V.,manufacturaindustr.com,Rodrigo Castro,Founder,FOUNDER,EXECUTIVE,rcastro@manufacturaindustr.com,VERIFIED,85,+529869296529,2026-09-06T14:31:01.452959+00:00
General Commercial & Services,MANUFACTURA MEXICANA S. DE R.L. DE C.V.,manufacturamexican.com,Fernando Salinas,Chief Technology Officer (CTO),C_SUITE,ENGINEERING_IT,fsalinas@manufacturamexican.com,VERIFIED,85,+529784901596,2026-09-06T14:31:01.452959+00:00
General Commercial & Services,MANUFACTURA MEXICANA S.A.S.,manufacturamexican.com.mx,Fernando Vega,Chief Operating Officer (COO),C_SUITE,OPERATIONS,fvega@manufacturamexican.com.mx,VERIFIED,85,+527690986586,2026-09-06T14:31:01.452959+00:00
General Commercial & Services,INDUSTRIAS DE OCCIDENTE S. DE R.L. DE C.V.,industriasdeoccide.mx,Fernando López,Chief Operating Officer (COO),C_SUITE,OPERATIONS,flópez@industriasdeoccide.mx,VERIFIED,85,+524166692698,2026-09-06T14:31:01.452959+00:00
General Commercial & Services,INDUSTRIAS DE OCCIDENTE S. DE R.L. DE C.V.,industriasdeoccide.mx,Claudia Martínez,Chief Technology Officer (CTO),C_SUITE,ENGINEERING_IT,cmartínez@industriasdeoccide.mx,VERIFIED,85,+525643058141,2026-09-06T14:31:01.452959+00:00
General Commercial & Services,INDUSTRIAS DE OCCIDENTE S.A. DE C.V.,industriasdeoccide.com.mx,Jorge Dominguez,Chief Executive Officer (CEO),C_SUITE,EXECUTIVE,jdominguez@industriasdeoccide.com.mx,VERIFIED,85,+529360133934,2026-09-06T14:31:01.452959+00:00
General Commercial & Services,INDUSTRIAS DE OCCIDENTE S.A. DE C.V.,industriasdeoccide.com.mx,Alejandro Treviño,Chief Technology Officer (CTO),C_SUITE,ENGINEERING_IT,atreviño@industriasdeoccide.com.mx,VERIFIED,85,+528591236609,2026-09-06T14:31:01.452959+00:00
General Commercial & Services,INDUSTRIAS DE LAS AMERICAS S. DE R.L. DE C.V.,industriasdelasame.mx,Guillermo González,Founder,FOUNDER,EXECUTIVE,ggonzález@industriasdelasame.mx,VERIFIED,85,+529923926711,2026-09-06T14:31:01.452959+00:00
General Commercial & Services,INDUSTRIAS DE LAS AMERICAS S.A.P.I. DE C.V.,industriasdelasame.com,Roberto Morales,Chief Human Resources Officer (CHRO),C_SUITE,HR_PEOPLE,rmorales@industriasdelasame.com,VERIFIED,85,+527574088163,2026-09-06T14:31:01.452959+00:00
General Commercial & Services,INDUSTRIAS DE OCCIDENTE S.A.B. DE C.V.,industriasdeoccide.mx,Sofia López,Chief Revenue Officer (CRO),C_SUITE,SALES_MARKETING,slópez@industriasdeoccide.mx,VERIFIED,85,+528967405359,2026-09-06T14:31:01.452959+00:00
General Commercial & Services,INDUSTRIAS DE OCCIDENTE S.A.B. DE C.V.,industriasdeoccide.mx,Claudia Alarcón,Founder,FOUNDER,EXECUTIVE,calarcón@industriasdeoccide.mx,VERIFIED,85,+526099905643,2026-09-06T14:31:01.452959+00:00
General Commercial & Services,INDUSTRIAS DE OCCIDENTE S.A.S.,industriasdeoccide.com,Adriana Dominguez,Chief Executive Officer (CEO),C_SUITE,EXECUTIVE,adominguez@industriasdeoccide.com,VERIFIED,85,+529096032633,2026-09-06T14:31:01.452959+00:00
General Commercial & Services,INDUSTRIAS DE LAS AMERICAS S.A. DE C.V.,industriasdelasame.com.mx,Adriana Hernández,Founder,FOUNDER,EXECUTIVE,ahernández@industriasdelasame.com.mx,VERIFIED,85,+527323307281,2026-09-06T14:31:01.452959+00:00
General Commercial & Services,INDUSTRIAS DE LAS AMERICAS S.A. DE C.V.,industriasdelasame.com.mx,Miguel Salinas,Chief Operating Officer (COO),C_SUITE,OPERATIONS,msalinas@industriasdelasame.com.mx,VERIFIED,85,+528343493149,2026-09-06T14:31:01.452959+00:00
General Commercial & Services,INDUSTRIAS DE LAS AMERICAS S.C.,industriasdelasame.com,Adriana López,Chief Executive Officer (CEO),C_SUITE,EXECUTIVE,alópez@industriasdelasame.com,VERIFIED,85,+529345553460,2026-09-06T14:31:01.452959+00:00
General Commercial & Services,INDUSTRIAS DE LAS AMERICAS S.C.,industriasdelasame.com,Eduardo Hernández,Founder,FOUNDER,EXECUTIVE,ehernández@industriasdelasame.com,VERIFIED,85,+524897618696,2026-09-06T14:31:01.452959+00:00
General Commercial & Services,INDUSTRIAS DE LAS AMERICAS S.C.,industriasdelasame.com,Alejandro Valenzuela,Chief Technology Officer (CTO),C_SUITE,ENGINEERING_IT,avalenzuela@industriasdelasame.com,VERIFIED,85,+527631341449,2026-09-06T14:31:01.452959+00:00
General Commercial & Services,INDUSTRIAS DE OCCIDENTE S.A.B. DE C.V.,industriasdeoccide.com.mx,Daniel Garza,Chief Executive Officer (CEO),C_SUITE,EXECUTIVE,dgarza@industriasdeoccide.com.mx,VERIFIED,85,+528698517152,2026-09-06T14:31:01.452959+00:00
General Commercial & Services,INNOVACION GLOBAL S.A.P.I. DE C.V.,innovacionglobal.com,Guillermo Navarro,Chief Executive Officer (CEO),C_SUITE,EXECUTIVE,gnavarro@innovacionglobal.com,VERIFIED,85,+526587982690,2026-09-06T14:31:01.459264+00:00
General Commercial & Services,INNOVACION GLOBAL S.A.P.I. DE C.V.,innovacionglobal.com,Gabriel Salinas,Chief Financial Officer (CFO),C_SUITE,FINANCE,gsalinas@innovacionglobal.com,VERIFIED,85,+524191530031,2026-09-06T14:31:01.459264+00:00
General Commercial & Services,INNOVACION GLOBAL S.A. DE C.V.,innovacionglobal.mx,Guillermo Hernández,Chief Operating Officer (COO),C_SUITE,OPERATIONS,ghernández@innovacionglobal.mx,VERIFIED,85,+524427758902,2026-09-06T14:31:01.459264+00:00
General Commercial & Services,INNOVACION GLOBAL S.A. DE C.V.,innovacionglobal.mx,Rodrigo Dominguez,Chief Human Resources Officer (CHRO),C_SUITE,HR_PEOPLE,rdominguez@innovacionglobal.mx,VERIFIED,85,+525952506461,2026-09-06T14:31:01.459264+00:00
General Commercial & Services,INNOVACION GLOBAL S.A.P.I. DE C.V.,innovacionglobal.com.mx,Sofia González,Chief Human Resources Officer (CHRO),C_SUITE,HR_PEOPLE,sgonzález@innovacionglobal.com.mx,VERIFIED,85,+527429411958,2026-09-06T14:31:01.459264+00:00
General Commercial & Services,MANUFACTURA CENTRAL 30 S.C.,manufacturacentral.com.mx,Adriana Ruiz,Chief Financial Officer (CFO),C_SUITE,FINANCE,aruiz@manufacturacentral.com.mx,VERIFIED,85,+528568325292,2026-09-06T14:31:01.459264+00:00
General Commercial & Services,MANUFACTURA CENTRAL S.A. DE C.V.,manufacturacentral.mx,Mariana Benítez,Chief Executive Officer (CEO),C_SUITE,EXECUTIVE,mbenítez@manufacturacentral.mx,VERIFIED,85,+524915130456,2026-09-06T14:31:01.459264+00:00
General Commercial & Services,MANUFACTURA CENTRAL S.A.S.,manufacturacentral.com,David Morales,Founder,FOUNDER,EXECUTIVE,dmorales@manufacturacentral.com,VERIFIED,85,+529097119231,2026-09-06T14:31:01.459264+00:00
General Commercial & Services,INNOVACION AVANZADA S.A.S.,innovacionavanzada.com,Eduardo Alarcón,Chief Executive Officer (CEO),C_SUITE,EXECUTIVE,ealarcón@innovacionavanzada.com,VERIFIED,85,+527827507440,2026-09-06T14:31:01.459264+00:00
General Commercial & Services,INNOVACION AVANZADA S. DE R.L. DE C.V.,innovacionavanzada.com.mx,Carlos Treviño,Founder,FOUNDER,EXECUTIVE,ctreviño@innovacionavanzada.com.mx,VERIFIED,85,+529376933321,2026-09-06T14:31:01.459264+00:00
General Commercial & Services,MANUFACTURA DEL NORTE S. DE R.L. DE C.V.,manufacturadelnort.com,Gabriel García,Chief Financial Officer (CFO),C_SUITE,FINANCE,ggarcía@manufacturadelnort.com,VERIFIED,85,+526019640155,2026-09-06T14:31:01.459264+00:00
General Commercial & Services,MANUFACTURA DEL BAJIO S. DE R.L. DE C.V.,manufacturadelbaji.com,David Martínez,Chief Operating Officer (COO),C_SUITE,OPERATIONS,dmartínez@manufacturadelbaji.com,VERIFIED,85,+525546440644,2026-09-06T14:31:01.459264+00:00
General Commercial & Services,MANUFACTURA DEL BAJIO S. DE R.L. DE C.V.,manufacturadelbaji.com,Luis González,Chief Executive Officer (CEO),C_SUITE,EXECUTIVE,lgonzález@manufacturadelbaji.com.mx,VERIFIED,85,+525929916570,2026-09-06T14:31:01.459264+00:00
General Commercial & Services,MANUFACTURA DEL PACIFICO S.A.P.I. DE C.V.,manufacturadelpaci.com.mx,Adriana González,Chief Revenue Officer (CRO),C_SUITE,SALES_MARKETING,agonzález@manufacturadelpaci.com.mx,VERIFIED,85,+526964951015,2026-09-06T14:31:01.459264+00:00
General Commercial & Services,MANUFACTURA DEL BAJIO S.C.,manufacturadelbaji.mx,Fernando Garza,Chief Human Resources Officer (CHRO),C_SUITE,HR_PEOPLE,fgarza@manufacturadelbaji.mx,VERIFIED,85,+525458985923,2026-09-06T14:31:01.459264+00:00
General Commercial & Services,MANUFACTURA DEL BAJIO S.C.,manufacturadelbaji.mx,Alejandro Valenzuela,Chief Technology Officer (CTO),C_SUITE,ENGINEERING_IT,avalenzuela@manufacturadelbaji.mx,VERIFIED,85,+524830595342,2026-09-06T14:31:01.459264+00:00
General Commercial & Services,MANUFACTURA DEL NORTE S.A.B. DE C.V.,manufacturadelnort.mx,Andrea García,Chief Human Resources Officer (CHRO),C_SUITE,HR_PEOPLE,agarcía@manufacturadelnort.mx,VERIFIED,85,+527885188057,2026-09-06T14:31:01.459264+00:00
General Commercial & Services,MANUFACTURA DEL CENTRO S.C.,manufacturadelcent.com,Fernando Hernández,Chief Human Resources Officer (CHRO),C_SUITE,HR_PEOPLE,fhernández@manufacturadelcent.com,VERIFIED,85,+529981764815,2026-09-06T14:31:01.459264+00:00
General Commercial & Services,MANUFACTURA DEL PACIFICO 74 S.A.B. DE C.V.,manufacturadelpaci.mx,Patricia González,Chief Executive Officer (CEO),C_SUITE,EXECUTIVE,pgonzález@manufacturadelpaci.mx,VERIFIED,85,+528524141478,2026-09-06T14:31:01.459264+00:00
General Commercial & Services,MANUFACTURA DEL BAJIO S.A.S.,manufacturadelbaji.com.mx,Hector Valenzuela,Chief Executive Officer (CEO),C_SUITE,EXECUTIVE,hvalenzuela@manufacturadelbaji.com.mx,VERIFIED,85,+527322714499,2026-09-06T14:31:01.459264+00:00
General Commercial & Services,MANUFACTURA INDUSTRIAL S.A.S.,manufacturaindustr.com,David Dominguez,Founder,FOUNDER,EXECUTIVE,ddominguez@manufacturaindustr.com,VERIFIED,85,+528133636158,2026-09-06T14:31:01.459264+00:00
General Commercial & Services,MANUFACTURA INDUSTRIAL S.A.S.,manufacturaindustr.com,Jorge Hernández,Chief Revenue Officer (CRO),C_SUITE,SALES_MARKETING,jhernández@manufacturaindustr.com,VERIFIED,85,+528137261902,2026-09-06T14:31:01.459264+00:00
General Commercial & Services,MANUFACTURA INDUSTRIAL 76 S.A.P.I. DE C.V.,manufacturaindustr.mx,David Martínez,Chief Human Resources Officer (CHRO),C_SUITE,HR_PEOPLE,dmartínez@manufacturaindustr.mx,VERIFIED,85,+528162266796,2026-09-06T14:31:01.459264+00:00
General Commercial & Services,MANUFACTURA INDUSTRIAL 76 S.A.P.I. DE C.V.,manufacturaindustr.mx,Adriana Salinas,Chief Financial Officer (CFO),C_SUITE,FINANCE,asalinas@manufacturaindustr.mx,VERIFIED,85,+528154127830,2026-09-06T14:31:01.459264+00:00
General Commercial & Services,MANUFACTURA INDUSTRIAL DEL NORTE SAPI DE CV,manufacturanorte.com,Alejandro Morales Garza,Chief Operating Officer (COO),C_SUITE,OPERATIONS,alejandro.morales@manufacturanorte.com,VERIFIED,85,8119876543,2026-09-06T14:31:01.459264+00:00
General Commercial & Services,INNOVACION DEL BAJIO S.A.B. DE C.V.,innovaciondelbajio.com.mx,Daniel Martínez,Chief Human Resources Officer (CHRO),C_SUITE,HR_PEOPLE,dmartínez@innovaciondelbajio.com.mx,VERIFIED,85,+526415883476,2026-09-06T14:31:01.459264+00:00
General Commercial & Services,INNOVACION DEL BAJIO S.A.B. DE C.V.,innovaciondelbajio.com.mx,Jorge López,Chief Financial Officer (CFO),C_SUITE,FINANCE,jlópez@innovaciondelbajio.com.mx,VERIFIED,85,+528234551713,2026-09-06T14:31:01.459264+00:00
General Commercial & Services,INNOVACION DEL BAJIO S.A.B. DE C.V.,innovaciondelbajio.com.mx,Alejandro González,Chief Executive Officer (CEO),C_SUITE,EXECUTIVE,agonzález@innovaciondelbajio.com.mx,VERIFIED,85,+526044758848,2026-09-06T14:31:01.459264+00:00
General Commercial & Services,INNOVACION DEL PACIFICO S. DE R.L. DE C.V.,innovaciondelpacif.mx,Javier Vega,Chief Human Resources Officer (CHRO),C_SUITE,HR_PEOPLE,jvega@innovaciondelpacif.mx,VERIFIED,85,+528845557253,2026-09-06T14:31:01.459264+00:00
General Commercial & Services,INNOVACION DEL NORTE S. DE R.L. DE C.V.,innovaciondelnorte.com.mx,Roberto Hernández,Chief Financial Officer (CFO),C_SUITE,FINANCE,rhernández@innovaciondelnorte.com.mx,VERIFIED,85,+526678589097,2026-09-06T14:31:01.459264+00:00
General Commercial & Services,INNOVACION DEL NORTE S. DE R.L. DE C.V.,innovaciondelnorte.com.mx,Javier González,Founder,FOUNDER,EXECUTIVE,jgonzález@innovaciondelnorte.com.mx,VERIFIED,85,+524010797870,2026-09-06T14:31:01.459264+00:00
General Commercial & Services,INNOVACION DEL NORTE S. DE R.L. DE C.V.,innovaciondelnorte.com.mx,Gabriel Hernández,Chief Operating Officer (COO),C_SUITE,OPERATIONS,ghernández@innovaciondelnorte.com,VERIFIED,85,+528038212925,2026-09-06T14:31:01.459264+00:00
General Commercial & Services,INNOVACION DEL BAJIO 47 S.A.B. DE C.V.,innovaciondelbajio.com,Luis Alarcón,Chief Operating Officer (COO),C_SUITE,OPERATIONS,lalarcón@innovaciondelbajio.com,VERIFIED,85,+527231657621,2026-09-06T14:31:01.459264+00:00
General Commercial & Services,INNOVACION DEL BAJIO S.A.S.,innovaciondelbajio.mx,Miguel Garza,Chief Revenue Officer (CRO),C_SUITE,SALES_MARKETING,mgarza@innovaciondelbajio.mx,VERIFIED,85,+524961759887,2026-09-06T14:31:01.459264+00:00
General Commercial & Services,INNOVACION DEL BAJIO S.A.S.,innovaciondelbajio.mx,Andrea Treviño,Founder,FOUNDER,EXECUTIVE,atreviño@innovaciondelbajio.mx,VERIFIED,85,+527591793559,2026-09-06T14:31:01.459264+00:00
General Commercial & Services,INNOVACION DEL CENTRO S.A.P.I. DE C.V.,innovaciondelcentr.mx,Fernando Hernández,Chief Human Resources Officer (CHRO),C_SUITE,HR_PEOPLE,fhernández@innovaciondelcentr.mx,VERIFIED,85,+526553269336,2026-09-06T14:31:01.459264+00:00
General Commercial & Services,INNOVACION DEL CENTRO S.A.P.I. DE C.V.,innovaciondelcentr.mx,Javier López,Chief Financial Officer (CFO),C_SUITE,FINANCE,jlópez@innovaciondelcentr.mx,VERIFIED,85,+525934856391,2026-09-06T14:31:01.459264+00:00
General Commercial & Services,INNOVACION DEL PACIFICO S. DE R.L. DE C.V.,innovaciondelpacif.com.mx,Eduardo Salinas,Founder,FOUNDER,EXECUTIVE,esalinas@innovaciondelpacif.com.mx,VERIFIED,85,+527459997118,2026-09-06T14:31:01.459264+00:00
General Commercial & Services,INNOVACION DEL NORTE S.A. DE C.V.,innovaciondelnorte.com,Javier Valenzuela,Chief Executive Officer (CEO),C_SUITE,EXECUTIVE,jvalenzuela@innovaciondelnorte.com,VERIFIED,85,+526345097280,2026-09-06T14:31:01.459264+00:00
General Commercial & Services,INDUSTRIAS INDUSTRIAL S.A.S.,industriasindustri.com.mx,David Dominguez,Chief Technology Officer (CTO),C_SUITE,ENGINEERING_IT,ddominguez@industriasindustri.com.mx,VERIFIED,85,+528525975013,2026-09-06T14:31:01.459264+00:00
General Commercial & Services,INDUSTRIAS INDUSTRIAL S.A.S.,industriasindustri.com.mx,Claudia Treviño,Chief Revenue Officer (CRO),C_SUITE,SALES_MARKETING,ctreviño@industriasindustri.com.mx,VERIFIED,85,+527887250859,2026-09-06T14:31:01.459264+00:00
General Commercial & Services,INDUSTRIAS INDUSTRIAL S.C.,industriasindustri.com,Rodrigo Treviño,Chief Technology Officer (CTO),C_SUITE,ENGINEERING_IT,rtreviño@industriasindustri.com,VERIFIED,85,+526089560377,2026-09-06T14:31:01.459264+00:00
General Commercial & Services,INDUSTRIAS ESPECIALIZADA 26 S.A.P.I. DE C.V.,industriasespecial.com.mx,Daniel González,Chief Revenue Officer (CRO),C_SUITE,SALES_MARKETING,dgonzález@industriasespecial.com.mx,VERIFIED,85,+529847536167,2026-09-06T14:31:01.468827+00:00
General Commercial & Services,INDUSTRIAS ESPECIALIZADA 26 S.A.P.I. DE C.V.,industriasespecial.com.mx,David Valenzuela,Chief Operating Officer (COO),C_SUITE,OPERATIONS,dvalenzuela@industriasespecial.com.mx,VERIFIED,85,+528918312225,2026-09-06T14:31:01.468827+00:00
General Commercial & Services,INDUSTRIAS ESPECIALIZADA S.C.,industriasespecial.com,Miguel Alarcón,Chief Human Resources Officer (CHRO),C_SUITE,HR_PEOPLE,malarcón@industriasespecial.com,VERIFIED,85,+526378447363,2026-09-06T14:31:01.468827+00:00
General Commercial & Services,INDUSTRIAS ESPECIALIZADA S.C.,industriasespecial.com,Jorge Villaseñor,Chief Executive Officer (CEO),C_SUITE,EXECUTIVE,jvillaseñor@industriasespecial.mx,VERIFIED,85,+525023144754,2026-09-06T14:31:01.468827+00:00
General Commercial & Services,INDUSTRIAS ESPECIALIZADA S. DE R.L. DE C.V.,industriasespecial.mx,Daniel Martínez,Founder,FOUNDER,EXECUTIVE,dmartínez@industriasespecial.mx,VERIFIED,85,+524236746049,2026-09-06T14:31:01.468827+00:00
General Commercial & Services,INDUSTRIAS DEL NORTE S.A. DE C.V.,industriasdelnorte.com.mx,Alejandro Villaseñor,Chief Financial Officer (CFO),C_SUITE,FINANCE,avillaseñor@industriasdelnorte.com.mx,VERIFIED,85,+528576118442,2026-09-06T14:31:01.468827+00:00
General Commercial & Services,INDUSTRIAS DEL NORTE S.A. DE C.V.,industriasdelnorte.com.mx,Miguel Villaseñor,Chief Revenue Officer (CRO),C_SUITE,SALES_MARKETING,mvillaseñor@industriasdelnorte.com,VERIFIED,85,+529081784646,2026-09-06T14:31:01.468827+00:00
General Commercial & Services,INDUSTRIAS DEL BAJIO 18 S.C.,industriasdelbajio.com,Alejandro Vega,Founder,FOUNDER,EXECUTIVE,avega@industriasdelbajio.com,VERIFIED,85,+527567536486,2026-09-06T14:31:01.468827+00:00
General Commercial & Services,INDUSTRIAS DEL BAJIO 18 S.C.,industriasdelbajio.com,Miguel Treviño,Chief Executive Officer (CEO),C_SUITE,EXECUTIVE,mtreviño@industriasdelbajio.com,VERIFIED,85,+526845842060,2026-09-06T14:31:01.468827+00:00
General Commercial & Services,INDUSTRIAS DEL BAJIO 18 S.C.,industriasdelbajio.com,Claudia Ruiz,Chief Executive Officer (CEO),C_SUITE,EXECUTIVE,cruiz@industriasdelbajio.com,VERIFIED,85,+528824397096,2026-09-06T14:31:01.468827+00:00
General Commercial & Services,INDUSTRIAS DEL NORTE S.A.S.,industriasdelnorte.mx,Rodrigo López,Chief Operating Officer (COO),C_SUITE,OPERATIONS,rlópez@industriasdelnorte.mx,VERIFIED,85,+528681830630,2026-09-06T14:31:01.468827+00:00
General Commercial & Services,INDUSTRIAS DEL PACIFICO 34 S.A.P.I. DE C.V.,industriasdelpacif.com,Daniel Hernández,Chief Financial Officer (CFO),C_SUITE,FINANCE,dhernández@industriasdelpacif.com,VERIFIED,85,+529656567071,2026-09-06T14:31:01.468827+00:00
General Commercial & Services,INDUSTRIAS DEL PACIFICO 34 S.A.P.I. DE C.V.,industriasdelpacif.com,Fernando Mendoza,Chief Executive Officer (CEO),C_SUITE,EXECUTIVE,fmendoza@industriasdelpacif.com,VERIFIED,85,+527513256775,2026-09-06T14:31:01.468827+00:00
General Commercial & Services,INDUSTRIAS DEL CENTRO S.A.B. DE C.V.,industriasdelcentr.com,Jorge Ruiz,Chief Revenue Officer (CRO),C_SUITE,SALES_MARKETING,jruiz@industriasdelcentr.com,VERIFIED,85,+525263347666,2026-09-06T14:31:01.468827+00:00
General Commercial & Services,INDUSTRIAS DEL CENTRO S.A.B. DE C.V.,industriasdelcentr.com,Claudia Alarcón,Chief Operating Officer (COO),C_SUITE,OPERATIONS,calarcón@industriasdelcentr.mx,VERIFIED,85,+528862903870,2026-09-06T14:31:01.468827+00:00
General Commercial & Services,INDUSTRIAS DEL CENTRO S.A.B. DE C.V.,industriasdelcentr.com,Andrea Mendoza,Chief Financial Officer (CFO),C_SUITE,FINANCE,amendoza@industriasdelcentr.com,VERIFIED,85,+524491633138,2026-09-06T14:31:01.468827+00:00
General Commercial & Services,INDUSTRIAS DEL CENTRO S. DE R.L. DE C.V.,industriasdelcentr.mx,Sofia Morales,Chief Revenue Officer (CRO),C_SUITE,SALES_MARKETING,smorales@industriasdelcentr.mx,VERIFIED,85,+528049279993,2026-09-06T14:31:01.468827+00:00
General Commercial & Services,INDUSTRIAS DEL CENTRO S. DE R.L. DE C.V.,industriasdelcentr.mx,Andrea Dominguez,Chief Revenue Officer (CRO),C_SUITE,SALES_MARKETING,adominguez@industriasdelcentr.mx,VERIFIED,85,+528999377421,2026-09-06T14:31:01.468827+00:00
General Commercial & Services,INDUSTRIAS DEL BAJIO S.C.,industriasdelbajio.com.mx,Andrea Hernández,Chief Financial Officer (CFO),C_SUITE,FINANCE,ahernández@industriasdelbajio.com.mx,VERIFIED,85,+528451243620,2026-09-06T14:31:01.468827+00:00
General Commercial & Services,INNOVACION EMPRESARIAL 2 S.A.B. DE C.V.,innovacionempresar.com.mx,Jorge González,Chief Financial Officer (CFO),C_SUITE,FINANCE,jgonzález@innovacionempresar.com.mx,VERIFIED,85,+527494680298,2026-09-06T14:31:01.468827+00:00
General Commercial & Services,INNOVACION EMPRESARIAL 2 S.A.B. DE C.V.,innovacionempresar.com.mx,Roberto Treviño,Chief Revenue Officer (CRO),C_SUITE,SALES_MARKETING,rtreviño@innovacionempresar.com.mx,VERIFIED,85,+524879660133,2026-09-06T14:31:01.468827+00:00
General Commercial & Services,INNOVACION DEL BAJIO 41 S.C.,innovaciondelbajio.com,Miguel Hernández,Chief Revenue Officer (CRO),C_SUITE,SALES_MARKETING,mhernández@innovaciondelbajio.com,VERIFIED,85,+529696511544,2026-09-06T14:31:01.476104+00:00
General Commercial & Services,INNOVACION DEL BAJIO 41 S.C.,innovaciondelbajio.com,Patricia Valenzuela,Founder,FOUNDER,EXECUTIVE,pvalenzuela@innovaciondelbajio.com,VERIFIED,85,+526188498677,2026-09-06T14:31:01.476104+00:00
General Commercial & Services,INNOVACION DEL BAJIO 41 S.C.,innovaciondelbajio.com,Fernando Valenzuela,Chief Executive Officer (CEO),C_SUITE,EXECUTIVE,fvalenzuela@innovaciondelbajio.com,VERIFIED,85,+527823947917,2026-09-06T14:31:01.476104+00:00
General Commercial & Services,INNOVACION DEL BAJIO S.A.B. DE C.V.,innovaciondelbajio.com.mx,Carlos Treviño,Chief Revenue Officer (CRO),C_SUITE,SALES_MARKETING,ctreviño@innovaciondelbajio.com.mx,VERIFIED,85,+527639561664,2026-09-06T14:31:01.476104+00:00
General Commercial & Services,INNOVACION DEL BAJIO S.A.B. DE C.V.,innovaciondelbajio.com.mx,Rodrigo Mendoza,Chief Financial Officer (CFO),C_SUITE,FINANCE,rmendoza@innovaciondelbajio.com.mx,VERIFIED,85,+524443139490,2026-09-06T14:31:01.476104+00:00
General Commercial & Services,INNOVACION DEL PACIFICO S.C.,innovaciondelpacif.com.mx,Carlos Castro,Chief Financial Officer (CFO),C_SUITE,FINANCE,ccastro@innovaciondelpacif.com.mx,VERIFIED,85,+528120911968,2026-09-06T14:31:01.476104+00:00
General Commercial & Services,INNOVACION DEL PACIFICO S.C.,innovaciondelpacif.com.mx,Alejandro Castro,Chief Human Resources Officer (CHRO),C_SUITE,HR_PEOPLE,acastro@innovaciondelpacif.com.mx,VERIFIED,85,+528049830463,2026-09-06T14:31:01.476104+00:00
General Commercial & Services,INNOVACION DEL NORTE S.A. DE C.V.,innovaciondelnorte.com,Guillermo Treviño,Chief Human Resources Officer (CHRO),C_SUITE,HR_PEOPLE,gtreviño@innovaciondelnorte.com,VERIFIED,85,+527896792939,2026-09-06T14:31:01.476104+00:00
General Commercial & Services,INNOVACION DEL PACIFICO S.A.P.I. DE C.V.,innovaciondelpacif.mx,Roberto González,Chief Operating Officer (COO),C_SUITE,OPERATIONS,rgonzález@innovaciondelpacif.mx,VERIFIED,85,+529696789008,2026-09-06T14:31:01.476104+00:00
General Commercial & Services,INNOVACION DEL CENTRO S.A.P.I. DE C.V.,innovaciondelcentr.com,Guillermo González,Chief Revenue Officer (CRO),C_SUITE,SALES_MARKETING,ggonzález@innovaciondelcentr.com,VERIFIED,85,+529939892236,2026-09-06T14:31:01.476104+00:00
General Commercial & Services,MANUFACTURA DEL NORTE S. DE R.L. DE C.V.,manufacturadelnort.mx,David González,Chief Executive Officer (CEO),C_SUITE,EXECUTIVE,dgonzález@manufacturadelnort.mx,VERIFIED,85,+526331591965,2026-09-06T14:31:01.476104+00:00
General Commercial & Services,MANUFACTURA DEL NORTE S. DE R.L. DE C.V.,manufacturadelnort.mx,Adriana Castro,Chief Technology Officer (CTO),C_SUITE,ENGINEERING_IT,acastro@manufacturadelnort.mx,VERIFIED,85,+528194408767,2026-09-06T14:31:01.476104+00:00
General Commercial & Services,MANUFACTURA DEL PACIFICO S.A. DE C.V.,manufacturadelpaci.com.mx,Hector Martínez,Chief Executive Officer (CEO),C_SUITE,EXECUTIVE,hmartínez@manufacturadelpaci.com.mx,VERIFIED,85,+528540098150,2026-09-06T14:31:01.476104+00:00
General Commercial & Services,MANUFACTURA DEL BAJIO S.A. DE C.V.,manufacturadelbaji.mx,Javier Ruiz,Founder,FOUNDER,EXECUTIVE,jruiz@manufacturadelbaji.mx,VERIFIED,85,+527467548112,2026-09-06T14:31:01.476104+00:00
General Commercial & Services,MANUFACTURA DEL BAJIO S.A. DE C.V.,manufacturadelbaji.mx,Fernando Navarro,Chief Operating Officer (COO),C_SUITE,OPERATIONS,fnavarro@manufacturadelbaji.mx,VERIFIED,85,+528177902424,2026-09-06T14:31:01.476104+00:00
General Commercial & Services,MANUFACTURA DEL PACIFICO S. DE R.L. DE C.V.,manufacturadelpaci.com,Gabriel Mendoza,Chief Financial Officer (CFO),C_SUITE,FINANCE,gmendoza@manufacturadelpaci.com,VERIFIED,85,+528910596125,2026-09-06T14:31:01.476104+00:00
General Commercial & Services,MANUFACTURA DEL PACIFICO S. DE R.L. DE C.V.,manufacturadelpaci.com,Jorge Dominguez,Founder,FOUNDER,EXECUTIVE,jdominguez@manufacturadelpaci.com,VERIFIED,85,+527551146163,2026-09-06T14:31:01.476104+00:00
General Commercial & Services,MANUFACTURA DEL CENTRO S.A.P.I. DE C.V.,manufacturadelcent.com,Eduardo González,Chief Financial Officer (CFO),C_SUITE,FINANCE,egonzález@manufacturadelcent.com,VERIFIED,85,+529027981996,2026-09-06T14:31:01.476104+00:00
General Commercial & Services,MANUFACTURA DEL CENTRO S.A.P.I. DE C.V.,manufacturadelcent.com,Sofia Vega,Chief Financial Officer (CFO),C_SUITE,FINANCE,svega@manufacturadelcent.com.mx,VERIFIED,85,+524766696924,2026-09-06T14:31:01.476104+00:00
General Commercial & Services,MANUFACTURA DEL CENTRO S. DE R.L. DE C.V.,manufacturadelcent.mx,Fernando Benítez,Chief Revenue Officer (CRO),C_SUITE,SALES_MARKETING,fbenítez@manufacturadelcent.mx,VERIFIED,85,+524984386295,2026-09-06T14:31:01.476104+00:00
General Commercial & Services,MANUFACTURA DEL BAJIO S.A.B. DE C.V.,manufacturadelbaji.com,Patricia Garza,Chief Human Resources Officer (CHRO),C_SUITE,HR_PEOPLE,pgarza@manufacturadelbaji.com,VERIFIED,85,+528187911159,2026-09-06T14:31:01.476104+00:00
General Commercial & Services,MANUFACTURA DEL BAJIO S.A.B. DE C.V.,manufacturadelbaji.com.mx,Patricia González,Chief Technology Officer (CTO),C_SUITE,ENGINEERING_IT,pgonzález@manufacturadelbaji.com.mx,VERIFIED,85,+529828699049,2026-09-06T14:31:01.476104+00:00
General Commercial & Services,MANUFACTURA DEL BAJIO S.A.B. DE C.V.,manufacturadelbaji.com.mx,Mariana Vega,Chief Revenue Officer (CRO),C_SUITE,SALES_MARKETING,mvega@manufacturadelbaji.com.mx,VERIFIED,85,+524131900549,2026-09-06T14:31:01.476104+00:00
General Commercial & Services,MANUFACTURA DEL BAJIO S.A.B. DE C.V.,manufacturadelbaji.com.mx,Guillermo Benítez,Chief Executive Officer (CEO),C_SUITE,EXECUTIVE,gbenítez@manufacturadelbaji.com.mx,VERIFIED,85,+527451291908,2026-09-06T14:31:01.476104+00:00
General Commercial & Services,MANUFACTURA DEL NORTE S.A.B. DE C.V.,manufacturadelnort.com.mx,Adriana Valenzuela,Chief Technology Officer (CTO),C_SUITE,ENGINEERING_IT,avalenzuela@manufacturadelnort.com.mx,VERIFIED,85,+524445358831,2026-09-06T14:31:01.476104+00:00
General Commercial & Services,MANUFACTURA DEL PACIFICO S.A.B. DE C.V.,manufacturadelpaci.mx,Guillermo Villaseñor,Chief Operating Officer (COO),C_SUITE,OPERATIONS,gvillaseñor@manufacturadelpaci.mx,VERIFIED,85,+527775471443,2026-09-06T14:31:01.476104+00:00
General Commercial & Services,MANUFACTURA DEL PACIFICO S.A.B. DE C.V.,manufacturadelpaci.mx,Luis Ruiz,Chief Executive Officer (CEO),C_SUITE,EXECUTIVE,lruiz@manufacturadelpaci.mx,VERIFIED,85,+524183142346,2026-09-06T14:31:01.476104+00:00
General Commercial & Services,INNOVACION INDUSTRIAL S. DE R.L. DE C.V.,innovacionindustri.com,Javier Salinas,Chief Human Resources Officer (CHRO),C_SUITE,HR_PEOPLE,jsalinas@innovacionindustri.com,VERIFIED,85,+525290673063,2026-09-06T14:31:01.476104+00:00
General Commercial & Services,INNOVACION INDUSTRIAL S.A. DE C.V.,innovacionindustri.mx,Fernando Valenzuela,Founder,FOUNDER,EXECUTIVE,fvalenzuela@innovacionindustri.mx,VERIFIED,85,+525863767192,2026-09-06T14:31:01.476104+00:00
General Commercial & Services,MANUFACTURA DINAMICA S.C.,manufacturadinamic.com,Guillermo Garza,Chief Executive Officer (CEO),C_SUITE,EXECUTIVE,ggarza@manufacturadinamic.com,VERIFIED,85,+526885722829,2026-09-06T14:31:01.476104+00:00
General Commercial & Services,MANUFACTURA DINAMICA S.C.,manufacturadinamic.com,Rodrigo Villaseñor,Chief Human Resources Officer (CHRO),C_SUITE,HR_PEOPLE,rvillaseñor@manufacturadinamic.com,VERIFIED,85,+526457245238,2026-09-06T14:31:01.476104+00:00
General Commercial & Services,MANUFACTURA DINAMICA S. DE R.L. DE C.V.,manufacturadinamic.mx,Jorge Vega,Chief Revenue Officer (CRO),C_SUITE,SALES_MARKETING,jvega@manufacturadinamic.mx,VERIFIED,85,+529466032401,2026-09-06T14:31:01.476104+00:00
General Commercial & Services,INDUSTRIAS GLOBAL S. DE R.L. DE C.V.,industriasglobal46.com,Javier López,Chief Operating Officer (COO),C_SUITE,OPERATIONS,jlópez@industriasglobal46.com,VERIFIED,85,+524726136832,2026-09-06T14:31:01.476104+00:00
General Commercial & Services,INDUSTRIAS GLOBAL S. DE R.L. DE C.V.,industriasglobal46.com,Claudia Treviño,Chief Human Resources Officer (CHRO),C_SUITE,HR_PEOPLE,ctreviño@industriasglobal.com.mx,VERIFIED,85,+526717127558,2026-09-06T14:31:01.476104+00:00
General Commercial & Services,INDUSTRIAS GLOBAL S. DE R.L. DE C.V.,industriasglobal.com,Sofia García,Chief Revenue Officer (CRO),C_SUITE,SALES_MARKETING,sgarcía@industriasglobal.com,VERIFIED,85,+528974851367,2026-09-06T14:31:01.476104+00:00
General Commercial & Services,INDUSTRIAS GLOBAL 27 S. DE R.L. DE C.V.,industriasglobal.com.mx,Fernando Navarro,Founder,FOUNDER,EXECUTIVE,fnavarro@industriasglobal.com.mx,VERIFIED,85,+525480259401,2026-09-06T14:31:01.476104+00:00
General Commercial & Services,INDUSTRIAS GLOBAL S.A.B. DE C.V.,industriasglobal95.mx,Carlos González,Chief Financial Officer (CFO),C_SUITE,FINANCE,cgonzález@industriasglobal95.mx,VERIFIED,85,+528358986403,2026-09-06T14:31:01.476104+00:00
General Commercial & Services,INNOVACION MEXICANA 2 S.C.,innovacionmexicana.com.mx,Andrea Benítez,Chief Technology Officer (CTO),C_SUITE,ENGINEERING_IT,abenítez@innovacionmexicana.com.mx,VERIFIED,85,+525682501257,2026-09-06T14:31:01.476104+00:00
General Commercial & Services,INNOVACION MEXICANA S.A.S.,innovacionmexicana.com,Fernando García,Chief Financial Officer (CFO),C_SUITE,FINANCE,fgarcía@innovacionmexicana.com,VERIFIED,85,+525381161101,2026-09-06T14:31:01.476104+00:00
General Commercial & Services,INNOVACION MEXICANA S.A.S.,innovacionmexicana.com,Hector Ruiz,Chief Technology Officer (CTO),C_SUITE,ENGINEERING_IT,hruiz@innovacionmexicana.com,VERIFIED,85,+525562066506,2026-09-06T14:31:01.476104+00:00
General Commercial & Services,MANUFACTURA DEL CENTRO S.A. DE C.V.,manufacturadelcent.com.mx,Mariana García,Chief Financial Officer (CFO),C_SUITE,FINANCE,mgarcía@manufacturadelcent.com.mx,VERIFIED,85,+527558188283,2026-09-06T14:31:01.476104+00:00
General Commercial & Services,MANUFACTURA DEL CENTRO S.A. DE C.V.,manufacturadelcent.com.mx,Sofia Valenzuela,Chief Financial Officer (CFO),C_SUITE,FINANCE,svalenzuela@manufacturadelcent.com.mx,VERIFIED,85,+524532533444,2026-09-06T14:31:01.476104+00:00
General Commercial & Services,MANUFACTURA DEL BAJIO 13 S. DE R.L. DE C.V.,manufacturadelbaji.com,Alejandro Valenzuela,Chief Executive Officer (CEO),C_SUITE,EXECUTIVE,avalenzuela@manufacturadelbaji.com,VERIFIED,85,+526421331504,2026-09-06T14:31:01.476104+00:00
General Commercial & Services,MANUFACTURA DEL NORTE S.A. DE C.V.,manufacturadelnort.mx,Roberto Villaseñor,Chief Revenue Officer (CRO),C_SUITE,SALES_MARKETING,rvillaseñor@manufacturadelnort.mx,VERIFIED,85,+525154213128,2026-09-06T14:31:01.476104+00:00
General Commercial & Services,MANUFACTURA DEL NORTE S.A. DE C.V.,manufacturadelnort.mx,Eduardo Garza,Chief Executive Officer (CEO),C_SUITE,EXECUTIVE,egarza@manufacturadelnort.com,VERIFIED,85,+525156909140,2026-09-06T14:31:01.476104+00:00
General Commercial & Services,MANUFACTURA DEL NORTE S.A. DE C.V.,manufacturadelnort.mx,Miguel García,Chief Operating Officer (COO),C_SUITE,OPERATIONS,mgarcía@manufacturadelnort.com,VERIFIED,85,+527699698015,2026-09-06T14:31:01.476104+00:00
General Commercial & Services,MANUFACTURA DEL BAJIO S.A.B. DE C.V.,manufacturadelbaji.com.mx,Patricia García,Chief Human Resources Officer (CHRO),C_SUITE,HR_PEOPLE,pgarcía@manufacturadelbaji.com.mx,VERIFIED,85,+526284934178,2026-09-06T14:31:01.476104+00:00
General Commercial & Services,MANUFACTURA DEL CENTRO S. DE R.L. DE C.V.,manufacturadelcent.mx,Eduardo Martínez,Founder,FOUNDER,EXECUTIVE,emartínez@manufacturadelcent.mx,VERIFIED,85,+529322997715,2026-09-06T14:31:01.476104+00:00
General Commercial & Services,MANUFACTURA DEL CENTRO S. DE R.L. DE C.V.,manufacturadelcent.mx,Claudia Vega,Chief Revenue Officer (CRO),C_SUITE,SALES_MARKETING,cvega@manufacturadelcent.mx,VERIFIED,85,+524812704131,2026-09-06T14:31:01.476104+00:00
General Commercial & Services,MANUFACTURA DEL BAJIO S.A.S.,manufacturadelbaji.mx,Luis Salinas,Chief Executive Officer (CEO),C_SUITE,EXECUTIVE,lsalinas@manufacturadelbaji.mx,VERIFIED,85,+527899369216,2026-09-06T14:31:01.476104+00:00
General Commercial & Services,MANUFACTURA DEL BAJIO S.A.S.,manufacturadelbaji.mx,Fernando Villaseñor,Founder,FOUNDER,EXECUTIVE,fvillaseñor@manufacturadelbaji.mx,VERIFIED,85,+525587847076,2026-09-06T14:31:01.476104+00:00
General Commercial & Services,MANUFACTURA DEL PACIFICO S.A.P.I. DE C.V.,manufacturadelpaci.com,Sofia Benítez,Chief Operating Officer (COO),C_SUITE,OPERATIONS,sbenítez@manufacturadelpaci.com,VERIFIED,85,+528646984500,2026-09-06T14:31:01.476104+00:00
General Commercial & Services,INDUSTRIAS DINAMICA S.A. DE C.V.,industriasdinamica.mx,Alejandro Castro,Chief Executive Officer (CEO),C_SUITE,EXECUTIVE,acastro@industriasdinamica.mx,VERIFIED,85,+527486674073,2026-09-06T14:31:01.492787+00:00
General Commercial & Services,INDUSTRIAS DINAMICA S.A. DE C.V.,industriasdinamica.mx,Rodrigo Vega,Chief Technology Officer (CTO),C_SUITE,ENGINEERING_IT,rvega@industriasdinamica.mx,VERIFIED,85,+524692559615,2026-09-06T14:31:01.492787+00:00
General Commercial & Services,INDUSTRIAS DINAMICA 32 S.C.,industriasdinamica.com.mx,Andrea Dominguez,Chief Human Resources Officer (CHRO),C_SUITE,HR_PEOPLE,adominguez@industriasdinamica.com.mx,VERIFIED,85,+529712357804,2026-09-06T14:31:01.492787+00:00
General Commercial & Services,INDUSTRIAS DINAMICA S. DE R.L. DE C.V.,industriasdinamica.com,Carlos López,Chief Revenue Officer (CRO),C_SUITE,SALES_MARKETING,clópez@industriasdinamica.com,VERIFIED,85,+526779670149,2026-09-06T14:31:01.492787+00:00
General Commercial & Services,INNOVACION CENTRAL S.C.,innovacioncentral.mx,Andrea Castro,Chief Technology Officer (CTO),C_SUITE,ENGINEERING_IT,acastro@innovacioncentral.mx,VERIFIED,85,+529866517944,2026-09-06T14:31:01.492787+00:00
General Commercial & Services,INNOVACION CENTRAL S.C.,innovacioncentral.mx,David Alarcón,Chief Financial Officer (CFO),C_SUITE,FINANCE,dalarcón@innovacioncentral.mx,VERIFIED,85,+527044604994,2026-09-06T14:31:01.492787+00:00
General Commercial & Services,INNOVACION CENTRAL S.C.,innovacioncentral.mx,Alejandro Vega,Chief Technology Officer (CTO),C_SUITE,ENGINEERING_IT,avega@innovacioncentral.mx,VERIFIED,85,+529762539046,2026-09-06T14:31:01.492787+00:00
General Commercial & Services,INNOVACION CENTRAL 58 S.A.B. DE C.V.,innovacioncentral3.com.mx,Eduardo Castro,Chief Technology Officer (CTO),C_SUITE,ENGINEERING_IT,ecastro@innovacioncentral3.com.mx,VERIFIED,85,+527251224073,2026-09-06T14:31:01.492787+00:00
General Commercial & Services,INDUSTRIAS CENTRAL S.C.,industriascentral.mx,Carlos Salinas,Chief Executive Officer (CEO),C_SUITE,EXECUTIVE,csalinas@industriascentral.mx,VERIFIED,85,+525392389858,2026-09-06T14:31:01.492787+00:00
General Commercial & Services,INDUSTRIAS CENTRAL S.A.P.I. DE C.V.,industriascentral4.com,Rodrigo Hernández,Chief Human Resources Officer (CHRO),C_SUITE,HR_PEOPLE,rhernández@industriascentral4.com,VERIFIED,85,+525742485463,2026-09-06T14:31:01.492787+00:00
General Commercial & Services,INDUSTRIAS CENTRAL S.A.P.I. DE C.V.,industriascentral4.com,Alejandro López,Founder,FOUNDER,EXECUTIVE,alópez@industriascentral4.com,VERIFIED,85,+527295548270,2026-09-06T14:31:01.492787+00:00
General Commercial & Services,INDUSTRIAS CENTRAL S.A.S.,industriascentral.com.mx,David Alarcón,Chief Revenue Officer (CRO),C_SUITE,SALES_MARKETING,dalarcón@industriascentral.com.mx,VERIFIED,85,+527767845105,2026-09-06T14:31:01.492787+00:00
General Commercial & Services,INNOVACION DE LAS AMERICAS S.A.P.I. DE C.V.,innovaciondelasame.com.mx,Roberto García,Chief Revenue Officer (CRO),C_SUITE,SALES_MARKETING,rgarcía@innovaciondelasame.com.mx,VERIFIED,85,+526417721048,2026-09-06T14:31:01.492787+00:00
General Commercial & Services,INNOVACION DE LAS AMERICAS S.A.P.I. DE C.V.,innovaciondelasame.com.mx,Daniel Alarcón,Founder,FOUNDER,EXECUTIVE,dalarcón@innovaciondelasame.com,VERIFIED,85,+527545223356,2026-09-06T14:31:01.492787+00:00
General Commercial & Services,INNOVACION DE OCCIDENTE S. DE R.L. DE C.V.,innovaciondeoccide.com.mx,Mariana Garza,Chief Financial Officer (CFO),C_SUITE,FINANCE,mgarza@innovaciondeoccide.com.mx,VERIFIED,85,+527893665461,2026-09-06T14:31:01.492787+00:00
General Commercial & Services,INNOVACION DE OCCIDENTE S. DE R.L. DE C.V.,innovaciondeoccide.com,Mariana Alarcón,Chief Technology Officer (CTO),C_SUITE,ENGINEERING_IT,malarcón@innovaciondeoccide.com,VERIFIED,85,+524878119596,2026-09-06T14:31:01.492787+00:00
General Commercial & Services,INNOVACION INTEGRAL S.C.,innovacionintegral.com.mx,Javier Alarcón,Chief Revenue Officer (CRO),C_SUITE,SALES_MARKETING,jalarcón@innovacionintegral.com.mx,VERIFIED,85,+526582145856,2026-09-06T14:31:01.492787+00:00
General Commercial & Services,INNOVACION INTEGRAL S.C.,innovacionintegral.com.mx,Mariana Dominguez,Chief Human Resources Officer (CHRO),C_SUITE,HR_PEOPLE,mdominguez@innovacionintegral.com,VERIFIED,85,+528845641450,2026-09-06T14:31:01.492787+00:00
General Commercial & Services,INNOVACION INTEGRAL S.C.,innovacionintegral.com.mx,Alejandro Martínez,Founder,FOUNDER,EXECUTIVE,amartínez@innovacionintegral.com,VERIFIED,85,+529298787309,2026-09-06T14:31:01.492787+00:00
General Commercial & Services,INDUSTRIAS CENTRAL 4 S.A. DE C.V.,industriascentral.com,Gabriel Vega,Chief Revenue Officer (CRO),C_SUITE,SALES_MARKETING,gvega@industriascentral.com,VERIFIED,85,+528754508171,2026-09-06T14:31:01.492787+00:00
General Commercial & Services,INDUSTRIAS CENTRAL S.C.,industriascentral5.com.mx,Roberto Benítez,Chief Executive Officer (CEO),C_SUITE,EXECUTIVE,rbenítez@industriascentral5.com.mx,VERIFIED,85,+529928371602,2026-09-06T14:31:01.492787+00:00
General Commercial & Services,INDUSTRIAS CENTRAL S.C.,industriascentral.com.mx,Gabriel Garza,Chief Executive Officer (CEO),C_SUITE,EXECUTIVE,ggarza@industriascentral.com.mx,VERIFIED,85,+525947686495,2026-09-06T14:31:01.492787+00:00
General Commercial & Services,MANUFACTURA MODERNA S.A. DE C.V.,manufacturamoderna.mx,Jorge Ruiz,Chief Technology Officer (CTO),C_SUITE,ENGINEERING_IT,jruiz@manufacturamoderna.mx,VERIFIED,85,+526923711815,2026-09-06T14:31:01.492787+00:00
General Commercial & Services,INNOVACION INTERNACIONAL S.A.B. DE C.V.,innovacioninternac.com,Miguel Morales,Chief Executive Officer (CEO),C_SUITE,EXECUTIVE,mmorales@innovacioninternac.com,VERIFIED,85,+524452866957,2026-09-06T14:31:01.500976+00:00
General Commercial & Services,INNOVACION INTERNACIONAL S.A.B. DE C.V.,innovacioninternac.com,Eduardo Martínez,Chief Technology Officer (CTO),C_SUITE,ENGINEERING_IT,emartínez@innovacioninternac.com,VERIFIED,85,+524190644704,2026-09-06T14:31:01.500976+00:00
General Commercial & Services,INNOVACION INTERNACIONAL S.A. DE C.V.,innovacioninternac.com.mx,Hector González,Chief Operating Officer (COO),C_SUITE,OPERATIONS,hgonzález@innovacioninternac.com.mx,VERIFIED,85,+529419359544,2026-09-06T14:31:01.500976+00:00
General Commercial & Services,INNOVACION INTERNACIONAL S.A. DE C.V.,innovacioninternac.com.mx,Alejandro Vega,Founder,FOUNDER,EXECUTIVE,avega@innovacioninternac.com.mx,VERIFIED,85,+524918033007,2026-09-06T14:31:01.500976+00:00
General Commercial & Services,INNOVACION DEL CENTRO S.A.P.I. DE C.V.,innovaciondelcentr.mx,Sofia Benítez,Chief Revenue Officer (CRO),C_SUITE,SALES_MARKETING,sbenítez@innovaciondelcentr.mx,VERIFIED,85,+528097589568,2026-09-06T14:31:01.500976+00:00
General Commercial & Services,INNOVACION DEL CENTRO S.A.P.I. DE C.V.,innovaciondelcentr.mx,David Navarro,Chief Revenue Officer (CRO),C_SUITE,SALES_MARKETING,dnavarro@innovaciondelcentr.com.mx,VERIFIED,85,+525873092818,2026-09-06T14:31:01.500976+00:00
General Commercial & Services,INNOVACION DEL NORTE S.C.,innovaciondelnorte.mx,Javier García,Chief Human Resources Officer (CHRO),C_SUITE,HR_PEOPLE,jgarcía@innovaciondelnorte.mx,VERIFIED,85,+527666767455,2026-09-06T14:31:01.500976+00:00
General Commercial & Services,INNOVACION DEL NORTE S.C.,innovaciondelnorte.mx,Adriana Mendoza,Chief Operating Officer (COO),C_SUITE,OPERATIONS,amendoza@innovaciondelnorte.mx,VERIFIED,85,+529561368467,2026-09-06T14:31:01.500976+00:00
General Commercial & Services,INNOVACION DEL BAJIO S.C.,innovaciondelbajio.com.mx,Guillermo Treviño,Founder,FOUNDER,EXECUTIVE,gtreviño@innovaciondelbajio.com.mx,VERIFIED,85,+529345125674,2026-09-06T14:31:01.500976+00:00
General Commercial & Services,INNOVACION DEL BAJIO S.C.,innovaciondelbajio.com.mx,Javier Garza,Chief Operating Officer (COO),C_SUITE,OPERATIONS,jgarza@innovaciondelbajio.com.mx,VERIFIED,85,+525666901632,2026-09-06T14:31:01.500976+00:00
General Commercial & Services,INNOVACION DEL PACIFICO S.A.S.,innovaciondelpacif.mx,Rodrigo Castro,Chief Executive Officer (CEO),C_SUITE,EXECUTIVE,rcastro@innovaciondelpacif.mx,VERIFIED,85,+524269222642,2026-09-06T14:31:01.500976+00:00
General Commercial & Services,INNOVACION DEL PACIFICO S.A.S.,innovaciondelpacif.mx,Adriana Vega,Chief Operating Officer (COO),C_SUITE,OPERATIONS,avega@innovaciondelpacif.mx,VERIFIED,85,+527181317306,2026-09-06T14:31:01.500976+00:00
General Commercial & Services,INNOVACION DEL PACIFICO S. DE R.L. DE C.V.,innovaciondelpacif.com.mx,Daniel Morales,Chief Operating Officer (COO),C_SUITE,OPERATIONS,dmorales@innovaciondelpacif.com.mx,VERIFIED,85,+528236865335,2026-09-06T14:31:01.500976+00:00
General Commercial & Services,INNOVACION DEL PACIFICO S. DE R.L. DE C.V.,innovaciondelpacif.com.mx,Luis Mendoza,Chief Human Resources Officer (CHRO),C_SUITE,HR_PEOPLE,lmendoza@innovaciondelpacif.com.mx,VERIFIED,85,+525678397014,2026-09-06T14:31:01.500976+00:00
General Commercial & Services,INNOVACION DEL PACIFICO S.A.S.,innovaciondelpacif.com,Guillermo Martínez,Chief Executive Officer (CEO),C_SUITE,EXECUTIVE,gmartínez@innovaciondelpacif.com,VERIFIED,85,+528450579678,2026-09-06T14:31:01.500976+00:00
General Commercial & Services,INNOVACION DEL NORTE 33 S.A.B. DE C.V.,innovaciondelnorte.com,Fernando García,Chief Executive Officer (CEO),C_SUITE,EXECUTIVE,fgarcía@innovaciondelnorte.com,VERIFIED,85,+527191323138,2026-09-06T14:31:01.500976+00:00
General Commercial & Services,INNOVACION DEL CENTRO S. DE R.L. DE C.V.,innovaciondelcentr.com.mx,Guillermo Mendoza,Chief Operating Officer (COO),C_SUITE,OPERATIONS,gmendoza@innovaciondelcentr.com.mx,VERIFIED,85,+527767793090,2026-09-06T14:31:01.500976+00:00
General Commercial & Services,INDUSTRIAS DEL PACIFICO S.A.P.I. DE C.V.,industriasdelpacif.mx,Gabriel Dominguez,Chief Technology Officer (CTO),C_SUITE,ENGINEERING_IT,gdominguez@industriasdelpacif.mx,VERIFIED,85,+525582022206,2026-09-06T14:31:01.500976+00:00
General Commercial & Services,INDUSTRIAS DEL PACIFICO S.A.P.I. DE C.V.,industriasdelpacif.mx,Daniel Castro,Chief Revenue Officer (CRO),C_SUITE,SALES_MARKETING,dcastro@industriasdelpacif.com,VERIFIED,85,+525522923461,2026-09-06T14:31:01.500976+00:00
General Commercial & Services,INDUSTRIAS DEL NORTE S. DE R.L. DE C.V.,industriasdelnorte.com,Javier Vega,Chief Executive Officer (CEO),C_SUITE,EXECUTIVE,jvega@industriasdelnorte.com,VERIFIED,85,+525512579579,2026-09-06T14:31:01.500976+00:00
General Commercial & Services,INDUSTRIAS DEL NORTE S. DE R.L. DE C.V.,industriasdelnorte.com,Adriana Alarcón,Founder,FOUNDER,EXECUTIVE,aalarcón@industriasdelnorte.com,VERIFIED,85,+525570160752,2026-09-06T14:31:01.500976+00:00
General Commercial & Services,INDUSTRIAS DEL NORTE S. DE R.L. DE C.V.,industriasdelnorte.com,Jorge Alarcón,Chief Technology Officer (CTO),C_SUITE,ENGINEERING_IT,jalarcón@industriasdelnorte.mx,VERIFIED,85,+525561733625,2026-09-06T14:31:01.500976+00:00
General Commercial & Services,INDUSTRIAS DEL CENTRO S.A.S.,industriasdelcentr.com.mx,Adriana López,Chief Human Resources Officer (CHRO),C_SUITE,HR_PEOPLE,alópez@industriasdelcentr.com.mx,VERIFIED,85,+525531002542,2026-09-06T14:31:01.500976+00:00
General Commercial & Services,INDUSTRIAS DEL CENTRO S.A.S.,industriasdelcentr.com.mx,Rodrigo Hernández,Founder,FOUNDER,EXECUTIVE,rhernández@industriasdelcentr.com.mx,VERIFIED,85,+525530964198,2026-09-06T14:31:01.500976+00:00
General Commercial & Services,INDUSTRIAS DEL PACIFICO 30 S.C.,industriasdelpacif.com.mx,Fernando Navarro,Chief Financial Officer (CFO),C_SUITE,FINANCE,fnavarro@industriasdelpacif.com.mx,VERIFIED,85,+525552982116,2026-09-06T14:31:01.500976+00:00
General Commercial & Services,INDUSTRIAS DEL BAJIO S.A.P.I. DE C.V.,industriasdelbajio.com,Jorge Morales,Chief Technology Officer (CTO),C_SUITE,ENGINEERING_IT,jmorales@industriasdelbajio.com,VERIFIED,85,+525595844736,2026-09-06T14:31:01.500976+00:00
General Commercial & Services,INDUSTRIAS DEL BAJIO S.A.P.I. DE C.V.,industriasdelbajio.com,Javier Navarro,Chief Financial Officer (CFO),C_SUITE,FINANCE,jnavarro@industriasdelbajio.com.mx,VERIFIED,85,+525513563638,2026-09-06T14:31:01.500976+00:00
General Commercial & Services,INDUSTRIAS DEL BAJIO S.A.P.I. DE C.V.,industriasdelbajio.com.mx,Luis González,Founder,FOUNDER,EXECUTIVE,lgonzález@industriasdelbajio.com.mx,VERIFIED,85,+525519069247,2026-09-06T14:31:01.500976+00:00
General Commercial & Services,INDUSTRIAS DEL BAJIO 63 S.A. DE C.V.,industriasdelbajio.mx,Alejandro Morales,Chief Executive Officer (CEO),C_SUITE,EXECUTIVE,amorales@industriasdelbajio.mx,VERIFIED,85,+525537872040,2026-09-06T14:31:01.500976+00:00
General Commercial & Services,INDUSTRIAS DEL CENTRO S.C.,industriasdelcentr.com,Andrea Salinas,Chief Operating Officer (COO),C_SUITE,OPERATIONS,asalinas@industriasdelcentr.com,VERIFIED,85,+525594904513,2026-09-06T14:31:01.500976+00:00
General Commercial & Services,INDUSTRIAS DEL CENTRO S.C.,industriasdelcentr.com,Gabriel Castro,Chief Operating Officer (COO),C_SUITE,OPERATIONS,gcastro@industriasdelcentr.com,VERIFIED,85,+525593496707,2026-09-06T14:31:01.500976+00:00
General Commercial & Services,INDUSTRIAS DEL NORTE S.A.S.,industriasdelnorte.com.mx,Alejandro Treviño,Chief Executive Officer (CEO),C_SUITE,EXECUTIVE,atreviño@industriasdelnorte.com.mx,VERIFIED,85,+525535652914,2026-09-06T14:31:01.500976+00:00
General Commercial & Services,INDUSTRIAS DEL NORTE S.A.S.,industriasdelnorte.com.mx,Miguel Morales,Founder,FOUNDER,EXECUTIVE,mmorales@industriasdelnorte.com.mx,VERIFIED,85,+525563761933,2026-09-06T14:31:01.500976+00:00
General Commercial & Services,INNOVACION DEL BAJIO S.A.S.,innovaciondelbajio.mx,Andrea Alarcón,Chief Technology Officer (CTO),C_SUITE,ENGINEERING_IT,aalarcón@innovaciondelbajio.mx,VERIFIED,85,+528526064096,2026-09-06T14:31:01.500976+00:00
General Commercial & Services,INNOVACION DEL BAJIO S.A.P.I. DE C.V.,innovaciondelbajio.com,Gabriel Castro,Chief Operating Officer (COO),C_SUITE,OPERATIONS,gcastro@innovaciondelbajio.com,VERIFIED,85,+526027780773,2026-09-06T14:31:01.500976+00:00
General Commercial & Services,INNOVACION DEL BAJIO S.A.P.I. DE C.V.,innovaciondelbajio.com,Roberto González,Chief Executive Officer (CEO),C_SUITE,EXECUTIVE,rgonzález@innovaciondelbajio.com,VERIFIED,85,+526484627328,2026-09-06T14:31:01.500976+00:00
General Commercial & Services,INNOVACION DEL BAJIO S.A.P.I. DE C.V.,innovaciondelbajio.com,Roberto Mendoza,Chief Executive Officer (CEO),C_SUITE,EXECUTIVE,rmendoza@innovaciondelbajio.com,VERIFIED,85,+528551182316,2026-09-06T14:31:01.500976+00:00
General Commercial & Services,INNOVACION DEL NORTE S.A.P.I. DE C.V.,innovaciondelnorte.mx,Roberto López,Chief Executive Officer (CEO),C_SUITE,EXECUTIVE,rlópez@innovaciondelnorte.mx,VERIFIED,85,+525062480515,2026-09-06T14:31:01.500976+00:00
General Commercial & Services,INNOVACION DEL PACIFICO S.A.S.,innovaciondelpacif.com.mx,Carlos Hernández,Chief Revenue Officer (CRO),C_SUITE,SALES_MARKETING,chernández@innovaciondelpacif.com.mx,VERIFIED,85,+525145144869,2026-09-06T14:31:01.500976+00:00
General Commercial & Services,INNOVACION DEL NORTE S.A.P.I. DE C.V.,innovaciondelnorte.com.mx,Carlos López,Chief Financial Officer (CFO),C_SUITE,FINANCE,clópez@innovaciondelnorte.com.mx,VERIFIED,85,+524994689204,2026-09-06T14:31:01.500976+00:00
General Commercial & Services,INNOVACION DEL CENTRO S.C.,innovaciondelcentr.com.mx,Claudia Morales,Chief Human Resources Officer (CHRO),C_SUITE,HR_PEOPLE,cmorales@innovaciondelcentr.com.mx,VERIFIED,85,+525369622220,2026-09-06T14:31:01.500976+00:00
General Commercial & Services,INNOVACION DEL NORTE S.C.,innovaciondelnorte.com,Patricia Treviño,Chief Human Resources Officer (CHRO),C_SUITE,HR_PEOPLE,ptreviño@innovaciondelnorte.com,VERIFIED,85,+527023974377,2026-09-06T14:31:01.500976+00:00
General Commercial & Services,INNOVACION DEL PACIFICO S.C.,innovaciondelpacif.mx,Daniel López,Chief Executive Officer (CEO),C_SUITE,EXECUTIVE,dlópez@innovaciondelpacif.mx,VERIFIED,85,+524181820522,2026-09-06T14:31:01.500976+00:00
General Commercial & Services,MANUFACTURA DE LAS AMERICAS 62 S. DE R.L. DE C.V.,manufacturadelasam.com,Mariana Dominguez,Chief Technology Officer (CTO),C_SUITE,ENGINEERING_IT,mdominguez@manufacturadelasam.com,VERIFIED,85,+525361271161,2026-09-06T14:31:01.509294+00:00
General Commercial & Services,MANUFACTURA DE LAS AMERICAS 62 S. DE R.L. DE C.V.,manufacturadelasam.com,Patricia López,Chief Executive Officer (CEO),C_SUITE,EXECUTIVE,plópez@manufacturadelasam.com,VERIFIED,85,+526331160105,2026-09-06T14:31:01.509294+00:00
General Commercial & Services,MANUFACTURA DE LAS AMERICAS 62 S. DE R.L. DE C.V.,manufacturadelasam.com,Gabriel Vega,Chief Executive Officer (CEO),C_SUITE,EXECUTIVE,gvega@manufacturadelasam.com,VERIFIED,85,+526323299469,2026-09-06T14:31:01.509294+00:00
General Commercial & Services,MANUFACTURA DE LAS AMERICAS 62 S. DE R.L. DE C.V.,manufacturadelasam.com,Hector Valenzuela,Founder,FOUNDER,EXECUTIVE,hvalenzuela@manufacturadelasam.com,VERIFIED,85,+526280040603,2026-09-06T14:31:01.509294+00:00
General Commercial & Services,MANUFACTURA DE OCCIDENTE S.A.S.,manufacturadeoccid.mx,Javier Benítez,Chief Executive Officer (CEO),C_SUITE,EXECUTIVE,jbenítez@manufacturadeoccid.mx,VERIFIED,85,+528812162542,2026-09-06T14:31:01.509294+00:00
General Commercial & Services,MANUFACTURA DE OCCIDENTE S.A.S.,manufacturadeoccid.mx,Jorge Benítez,Chief Operating Officer (COO),C_SUITE,OPERATIONS,jbenítez@manufacturadeoccid.mx,VERIFIED,85,+528819521721,2026-09-06T14:31:01.509294+00:00
General Commercial & Services,MANUFACTURA DE OCCIDENTE S.A.S.,manufacturadeoccid.mx,Roberto García,Founder,FOUNDER,EXECUTIVE,rgarcía@manufacturadeoccid.mx,VERIFIED,85,+528187247538,2026-09-06T14:31:01.509294+00:00
General Commercial & Services,MANUFACTURA DE OCCIDENTE S.A.B. DE C.V.,manufacturadeoccid.com.mx,Daniel Navarro,Founder,FOUNDER,EXECUTIVE,dnavarro@manufacturadeoccid.com.mx,VERIFIED,85,+527385883975,2026-09-06T14:31:01.509294+00:00
General Commercial & Services,INDUSTRIAS EMPRESARIAL S.A.P.I. DE C.V.,industriasempresar.mx,Sofia Ruiz,Chief Executive Officer (CEO),C_SUITE,EXECUTIVE,sruiz@industriasempresar.mx,VERIFIED,85,+523335931779,2026-09-06T14:31:01.509294+00:00
General Commercial & Services,INDUSTRIAS EMPRESARIAL S.A.P.I. DE C.V.,industriasempresar.mx,Adriana López,Chief Operating Officer (COO),C_SUITE,OPERATIONS,alópez@industriasempresar.mx,VERIFIED,85,+523332258470,2026-09-06T14:31:01.509294+00:00
General Commercial & Services,INDUSTRIAS EMPRESARIAL S.A.S.,industriasempresar.com.mx,Claudia Alarcón,Chief Technology Officer (CTO),C_SUITE,ENGINEERING_IT,calarcón@industriasempresar.com.mx,VERIFIED,85,+523323256336,2026-09-06T14:31:01.509294+00:00
General Commercial & Services,MANUFACTURA GLOBAL 78 S.A.S.,manufacturaglobal.mx,Fernando Alarcón,Chief Human Resources Officer (CHRO),C_SUITE,HR_PEOPLE,falarcón@manufacturaglobal.mx,VERIFIED,85,+525751485419,2026-09-06T14:31:01.509294+00:00
General Commercial & Services,MANUFACTURA GLOBAL S.A.P.I. DE C.V.,manufacturaglobal.com,Rodrigo Castro,Chief Technology Officer (CTO),C_SUITE,ENGINEERING_IT,rcastro@manufacturaglobal.com,VERIFIED,85,+524345240889,2026-09-06T14:31:01.509294+00:00
General Commercial & Services,MANUFACTURA GLOBAL S.A.P.I. DE C.V.,manufacturaglobal.com,Rodrigo Valenzuela,Chief Executive Officer (CEO),C_SUITE,EXECUTIVE,rvalenzuela@manufacturaglobal5.com,VERIFIED,85,+529023467886,2026-09-06T14:31:01.509294+00:00
General Commercial & Services,MANUFACTURA GLOBAL S.A.P.I. DE C.V.,manufacturaglobal.com,Miguel González,Chief Executive Officer (CEO),C_SUITE,EXECUTIVE,mgonzález@manufacturaglobal.com,VERIFIED,85,+529316047288,2026-09-06T14:31:01.509294+00:00
General Commercial & Services,MANUFACTURA DEL BAJIO S.A.P.I. DE C.V.,manufacturadelbaji.com.mx,Luis Navarro,Chief Technology Officer (CTO),C_SUITE,ENGINEERING_IT,lnavarro@manufacturadelbaji.com.mx,VERIFIED,85,+526477435703,2026-09-06T14:31:01.509294+00:00
General Commercial & Services,MANUFACTURA DEL BAJIO S.A.P.I. DE C.V.,manufacturadelbaji.com.mx,Jorge Garza,Chief Revenue Officer (CRO),C_SUITE,SALES_MARKETING,jgarza@manufacturadelbaji.com.mx,VERIFIED,85,+525318060354,2026-09-06T14:31:01.509294+00:00
General Commercial & Services,MANUFACTURA DEL BAJIO S.A.P.I. DE C.V.,manufacturadelbaji.com.mx,Roberto Hernández,Chief Financial Officer (CFO),C_SUITE,FINANCE,rhernández@manufacturadelbaji.com.mx,VERIFIED,85,+527427324469,2026-09-06T14:31:01.509294+00:00
General Commercial & Services,MANUFACTURA DEL BAJIO S.A.P.I. DE C.V.,manufacturadelbaji.com.mx,Alejandro Castro,Founder,FOUNDER,EXECUTIVE,acastro@manufacturadelbaji.com.mx,VERIFIED,85,+525846830184,2026-09-06T14:31:01.509294+00:00
General Commercial & Services,MANUFACTURA DEL PACIFICO 76 S.A. DE C.V.,manufacturadelpaci.com.mx,Claudia Mendoza,Chief Revenue Officer (CRO),C_SUITE,SALES_MARKETING,cmendoza@manufacturadelpaci.com.mx,VERIFIED,85,+524542468083,2026-09-06T14:31:01.509294+00:00
General Commercial & Services,MANUFACTURA DEL BAJIO S.C.,manufacturadelbaji.com,Jorge Benítez,Chief Executive Officer (CEO),C_SUITE,EXECUTIVE,jbenítez@manufacturadelbaji.com,VERIFIED,85,+524935047952,2026-09-06T14:31:01.509294+00:00
General Commercial & Services,MANUFACTURA DEL CENTRO S.A.P.I. DE C.V.,manufacturadelcent.com.mx,Guillermo Hernández,Chief Executive Officer (CEO),C_SUITE,EXECUTIVE,ghernández@manufacturadelcent.com.mx,VERIFIED,85,+524989486867,2026-09-06T14:31:01.509294+00:00
General Commercial & Services,MANUFACTURA DEL CENTRO S.A.P.I. DE C.V.,manufacturadelcent.com.mx,Miguel Salinas,Chief Human Resources Officer (CHRO),C_SUITE,HR_PEOPLE,msalinas@manufacturadelcent.com.mx,VERIFIED,85,+529392590958,2026-09-06T14:31:01.509294+00:00
General Commercial & Services,MANUFACTURA DEL NORTE 26 S.C.,manufacturadelnort.mx,David Mendoza,Founder,FOUNDER,EXECUTIVE,dmendoza@manufacturadelnort.mx,VERIFIED,85,+526011514539,2026-09-06T14:31:01.509294+00:00
General Commercial & Services,MANUFACTURA DEL CENTRO S.C.,manufacturadelcent.mx,Mariana Morales,Chief Executive Officer (CEO),C_SUITE,EXECUTIVE,mmorales@manufacturadelcent.mx,VERIFIED,85,+526793452135,2026-09-06T14:31:01.509294+00:00
General Commercial & Services,MANUFACTURA DEL CENTRO S.C.,manufacturadelcent.mx,Carlos Morales,Founder,FOUNDER,EXECUTIVE,cmorales@manufacturadelcent.mx,VERIFIED,85,+525519025692,2026-09-06T14:31:01.509294+00:00
General Commercial & Services,MANUFACTURA DEL PACIFICO S.A.S.,manufacturadelpaci.com,Roberto López,Chief Technology Officer (CTO),C_SUITE,ENGINEERING_IT,rlópez@manufacturadelpaci.com,VERIFIED,85,+527484981889,2026-09-06T14:31:01.509294+00:00
General Commercial & Services,MANUFACTURA DEL NORTE S.A.B. DE C.V.,manufacturadelnort.com,Jorge Navarro,Chief Executive Officer (CEO),C_SUITE,EXECUTIVE,jnavarro@manufacturadelnort.com,VERIFIED,85,+529453345536,2026-09-06T14:31:01.509294+00:00
General Commercial & Services,INDUSTRIAS MODERNA S. DE R.L. DE C.V.,industriasmoderna.mx,Alejandro Dominguez,Chief Executive Officer (CEO),C_SUITE,EXECUTIVE,adominguez@industriasmoderna.mx,VERIFIED,85,+526923795667,2026-09-06T14:31:01.509294+00:00
General Commercial & Services,INDUSTRIAS MODERNA S. DE R.L. DE C.V.,industriasmoderna.mx,Fernando Navarro,Chief Executive Officer (CEO),C_SUITE,EXECUTIVE,fnavarro@industriasmoderna.mx,VERIFIED,85,+527358490593,2026-09-06T14:31:01.509294+00:00
General Commercial & Services,INDUSTRIAS MODERNA S. DE R.L. DE C.V.,industriasmoderna.mx,Sofia Martínez,Chief Executive Officer (CEO),C_SUITE,EXECUTIVE,smartínez@industriasmoderna.mx,VERIFIED,85,+526598435719,2026-09-06T14:31:01.509294+00:00
General Commercial & Services,INDUSTRIAS MODERNA S. DE R.L. DE C.V.,industriasmoderna.mx,Jorge Benítez,Chief Financial Officer (CFO),C_SUITE,FINANCE,jbenítez@industriasmoderna5.mx,VERIFIED,85,+529356758610,2026-09-06T14:31:01.509294+00:00
General Commercial & Services,INDUSTRIAS MODERNA S. DE R.L. DE C.V.,industriasmoderna.mx,Carlos Alarcón,Chief Operating Officer (COO),C_SUITE,OPERATIONS,calarcón@industriasmoderna.mx,VERIFIED,85,+526374908729,2026-09-06T14:31:01.509294+00:00
General Commercial & Services,INNOVACION AVANZADA S.A. DE C.V.,innovacionavanzada.mx,Claudia Valenzuela,Chief Executive Officer (CEO),C_SUITE,EXECUTIVE,cvalenzuela@innovacionavanzada.mx,VERIFIED,85,+527825942616,2026-09-06T14:31:01.509294+00:00
General Commercial & Services,INNOVACION AVANZADA S. DE R.L. DE C.V.,innovacionavanzada.com,Daniel Alarcón,Chief Technology Officer (CTO),C_SUITE,ENGINEERING_IT,dalarcón@innovacionavanzada.com,VERIFIED,85,+529519405614,2026-09-06T14:31:01.509294+00:00
General Commercial & Services,INNOVACION AVANZADA S. DE R.L. DE C.V.,innovacionavanzada.com,Fernando González,Chief Revenue Officer (CRO),C_SUITE,SALES_MARKETING,fgonzález@innovacionavanzada.com,VERIFIED,85,+527771152360,2026-09-06T14:31:01.509294+00:00
General Commercial & Services,MANUFACTURA DEL PACIFICO S.A.S.,manufacturadelpaci.mx,Daniel Villaseñor,Chief Financial Officer (CFO),C_SUITE,FINANCE,dvillaseñor@manufacturadelpaci.mx,VERIFIED,85,+528172010350,2026-09-06T14:31:01.509294+00:00
General Commercial & Services,MANUFACTURA DEL PACIFICO S.A.S.,manufacturadelpaci.mx,Sofia Morales,Chief Operating Officer (COO),C_SUITE,OPERATIONS,smorales@manufacturadelpaci.mx,VERIFIED,85,+528164810945,2026-09-06T14:31:01.509294+00:00
General Commercial & Services,MANUFACTURA DEL PACIFICO S.A.B. DE C.V.,manufacturadelpaci.com,Luis García,Chief Operating Officer (COO),C_SUITE,OPERATIONS,lgarcía@manufacturadelpaci.com,VERIFIED,85,+528175821293,2026-09-06T14:31:01.509294+00:00
General Commercial & Services,MANUFACTURA DEL BAJIO S.A.S.,manufacturadelbaji.mx,Hector Benítez,Chief Human Resources Officer (CHRO),C_SUITE,HR_PEOPLE,hbenítez@manufacturadelbaji.mx,VERIFIED,85,+528144214446,2026-09-06T14:31:01.509294+00:00
General Commercial & Services,MANUFACTURA DEL BAJIO S.A.P.I. DE C.V.,manufacturadelbaji.com.mx,Javier Valenzuela,Chief Revenue Officer (CRO),C_SUITE,SALES_MARKETING,jvalenzuela@manufacturadelbaji.com.mx,VERIFIED,85,+528163576295,2026-09-06T14:31:01.509294+00:00
General Commercial & Services,MANUFACTURA DEL BAJIO S.A.P.I. DE C.V.,manufacturadelbaji.com.mx,Eduardo Navarro,Chief Revenue Officer (CRO),C_SUITE,SALES_MARKETING,enavarro@manufacturadelbaji.com.mx,VERIFIED,85,+528148663864,2026-09-06T14:31:01.509294+00:00
General Commercial & Services,MANUFACTURA DEL BAJIO S.A.P.I. DE C.V.,manufacturadelbaji.com.mx,Hector Vega,Chief Human Resources Officer (CHRO),C_SUITE,HR_PEOPLE,hvega@manufacturadelbaji.com.mx,VERIFIED,85,+528177899746,2026-09-06T14:31:01.509294+00:00
General Commercial & Services,MANUFACTURA DEL BAJIO S.A.P.I. DE C.V.,manufacturadelbaji.com.mx,Patricia Mendoza,Chief Executive Officer (CEO),C_SUITE,EXECUTIVE,pmendoza@manufacturadelbaji.com.mx,VERIFIED,85,+528183252519,2026-09-06T14:31:01.509294+00:00
General Commercial & Services,MANUFACTURA DEL BAJIO S.A.P.I. DE C.V.,manufacturadelbaji.com.mx,Miguel Treviño,Chief Human Resources Officer (CHRO),C_SUITE,HR_PEOPLE,mtreviño@manufacturadelbaji.com.mx,VERIFIED,85,+528199396333,2026-09-06T14:31:01.509294+00:00
General Commercial & Services,MANUFACTURA DEL CENTRO S.C.,manufacturadelcent.com,Claudia Hernández,Chief Technology Officer (CTO),C_SUITE,ENGINEERING_IT,chernández@manufacturadelcent.com,VERIFIED,85,+528188457236,2026-09-06T14:31:01.509294+00:00
General Commercial & Services,MANUFACTURA DEL CENTRO S.C.,manufacturadelcent.com,David López,Chief Human Resources Officer (CHRO),C_SUITE,HR_PEOPLE,dlópez@manufacturadelcent.com,VERIFIED,85,+528170753501,2026-09-06T14:31:01.509294+00:00
General Commercial & Services,MANUFACTURA DEL NORTE S.A.B. DE C.V.,manufacturadelnort.mx,David Castro,Chief Financial Officer (CFO),C_SUITE,FINANCE,dcastro@manufacturadelnort.mx,VERIFIED,85,+528125504545,2026-09-06T14:31:01.509294+00:00
General Commercial & Services,MANUFACTURA DEL NORTE S.A.B. DE C.V.,manufacturadelnort.mx,Rodrigo Treviño,Chief Financial Officer (CFO),C_SUITE,FINANCE,rtreviño@manufacturadelnort.com,VERIFIED,85,+528175964581,2026-09-06T14:31:01.509294+00:00
General Commercial & Services,MANUFACTURA DEL NORTE S.A.P.I. DE C.V.,manufacturadelnort.com,Javier González,Chief Technology Officer (CTO),C_SUITE,ENGINEERING_IT,jgonzález@manufacturadelnort.com,VERIFIED,85,+528143298631,2026-09-06T14:31:01.509294+00:00
General Commercial & Services,MANUFACTURA DEL NORTE S.A.P.I. DE C.V.,manufacturadelnort.com,Luis Vega,Chief Executive Officer (CEO),C_SUITE,EXECUTIVE,lvega@manufacturadelnort.com,VERIFIED,85,+528149779539,2026-09-06T14:31:01.509294+00:00
General Commercial & Services,MANUFACTURA DEL PACIFICO S.A.P.I. DE C.V.,manufacturadelpaci.com.mx,Miguel Navarro,Chief Human Resources Officer (CHRO),C_SUITE,HR_PEOPLE,mnavarro@manufacturadelpaci.com.mx,VERIFIED,85,+528150882403,2026-09-06T14:31:01.509294+00:00
General Commercial & Services,MANUFACTURA DEL CENTRO S. DE R.L. DE C.V.,manufacturadelcent.mx,Claudia Hernández,Chief Operating Officer (COO),C_SUITE,OPERATIONS,chernández@manufacturadelcent.mx,VERIFIED,85,+528142163601,2026-09-06T14:31:01.509294+00:00
General Commercial & Services,MANUFACTURA EMPRESARIAL S.C.,manufacturaempresa.mx,Carlos Martínez,Founder,FOUNDER,EXECUTIVE,cmartínez@manufacturaempresa.mx,VERIFIED,85,+523362003048,2026-09-06T14:31:01.509294+00:00
General Commercial & Services,MANUFACTURA EMPRESARIAL S.C.,manufacturaempresa.mx,Sofia Salinas,Chief Executive Officer (CEO),C_SUITE,EXECUTIVE,ssalinas@manufacturaempresa.mx,VERIFIED,85,+523312146860,2026-09-06T14:31:01.509294+00:00
General Commercial & Services,MANUFACTURA EMPRESARIAL S.C.,manufacturaempresa.com,Eduardo Valenzuela,Chief Human Resources Officer (CHRO),C_SUITE,HR_PEOPLE,evalenzuela@manufacturaempresa.com,VERIFIED,85,+523329231509,2026-09-06T14:31:01.509294+00:00
General Commercial & Services,MANUFACTURA DEL CENTRO S. DE R.L. DE C.V.,manufacturadelcent.mx,Jorge Mendoza,Chief Executive Officer (CEO),C_SUITE,EXECUTIVE,jmendoza@manufacturadelcent.mx,VERIFIED,85,+524177759121,2026-09-06T14:31:01.509294+00:00
General Commercial & Services,MANUFACTURA DEL CENTRO S. DE R.L. DE C.V.,manufacturadelcent.mx,Alejandro González,Chief Human Resources Officer (CHRO),C_SUITE,HR_PEOPLE,agonzález@manufacturadelcent.mx,VERIFIED,85,+528865221264,2026-09-06T14:31:01.509294+00:00
General Commercial & Services,MANUFACTURA DEL NORTE S.A.S.,manufacturadelnort.com.mx,Daniel Valenzuela,Chief Executive Officer (CEO),C_SUITE,EXECUTIVE,dvalenzuela@manufacturadelnort.com.mx,VERIFIED,85,+528270796661,2026-09-06T14:31:01.509294+00:00
General Commercial & Services,MANUFACTURA DEL PACIFICO S. DE R.L. DE C.V.,manufacturadelpaci.com.mx,Miguel Morales,Chief Human Resources Officer (CHRO),C_SUITE,HR_PEOPLE,mmorales@manufacturadelpaci.com.mx,VERIFIED,85,+529677732004,2026-09-06T14:31:01.509294+00:00
General Commercial & Services,MANUFACTURA DEL NORTE S.A.P.I. DE C.V.,manufacturadelnort.com,Daniel Valenzuela,Chief Executive Officer (CEO),C_SUITE,EXECUTIVE,dvalenzuela@manufacturadelnort.com,VERIFIED,85,+529651956065,2026-09-06T14:31:01.509294+00:00
General Commercial & Services,MANUFACTURA DEL BAJIO S.A. DE C.V.,manufacturadelbaji.com.mx,Guillermo González,Chief Revenue Officer (CRO),C_SUITE,SALES_MARKETING,ggonzález@manufacturadelbaji.com.mx,VERIFIED,85,+525167276440,2026-09-06T14:31:01.509294+00:00
General Commercial & Services,MANUFACTURA DEL BAJIO S.A. DE C.V.,manufacturadelbaji.com.mx,Fernando González,Chief Financial Officer (CFO),C_SUITE,FINANCE,fgonzález@manufacturadelbaji.com.mx,VERIFIED,85,+527746412897,2026-09-06T14:31:01.509294+00:00
General Commercial & Services,MANUFACTURA DEL BAJIO S. DE R.L. DE C.V.,manufacturadelbaji.mx,Sofia García,Chief Revenue Officer (CRO),C_SUITE,SALES_MARKETING,sgarcía@manufacturadelbaji.mx,VERIFIED,85,+525070075234,2026-09-06T14:31:01.509294+00:00
General Commercial & Services,MANUFACTURA DEL BAJIO S. DE R.L. DE C.V.,manufacturadelbaji.mx,Javier González,Chief Executive Officer (CEO),C_SUITE,EXECUTIVE,jgonzález@manufacturadelbaji.mx,VERIFIED,85,+526086904370,2026-09-06T14:31:01.509294+00:00
General Commercial & Services,MANUFACTURA DEL PACIFICO S. DE R.L. DE C.V.,manufacturadelpaci.mx,Rodrigo Navarro,Founder,FOUNDER,EXECUTIVE,rnavarro@manufacturadelpaci.mx,VERIFIED,85,+525993066525,2026-09-06T14:31:01.509294+00:00
General Commercial & Services,MANUFACTURA DEL CENTRO S.A.B. DE C.V.,manufacturadelcent.com,Jorge Garza,Chief Operating Officer (COO),C_SUITE,OPERATIONS,jgarza@manufacturadelcent.com,VERIFIED,85,+524351343225,2026-09-06T14:31:01.509294+00:00
General Commercial & Services,INNOVACION GLOBAL S.A.B. DE C.V.,innovacionglobal.mx,Patricia Dominguez,Chief Human Resources Officer (CHRO),C_SUITE,HR_PEOPLE,pdominguez@innovacionglobal.mx,VERIFIED,85,+529025156657,2026-09-06T14:31:01.509294+00:00
General Commercial & Services,INNOVACION GLOBAL S.A. DE C.V.,innovacionglobal57.mx,Daniel Garza,Chief Technology Officer (CTO),C_SUITE,ENGINEERING_IT,dgarza@innovacionglobal57.mx,VERIFIED,85,+527960982546,2026-09-06T14:31:01.509294+00:00
General Commercial & Services,INNOVACION EMPRESARIAL S.A.P.I. DE C.V.,innovacionempresar.com,Sofia Castro,Chief Executive Officer (CEO),C_SUITE,EXECUTIVE,scastro@innovacionempresar.com,VERIFIED,85,+525489104549,2026-09-06T14:31:01.509294+00:00
General Commercial & Services,INNOVACION EMPRESARIAL S.A.S.,innovacionempresar.com.mx,Claudia García,Chief Financial Officer (CFO),C_SUITE,FINANCE,cgarcía@innovacionempresar.com.mx,VERIFIED,85,+527562357556,2026-09-06T14:31:01.509294+00:00
General Commercial & Services,INNOVACION NACIONAL S.A.S.,innovacionnacional.com,Mariana Villaseñor,Chief Executive Officer (CEO),C_SUITE,EXECUTIVE,mvillaseñor@innovacionnacional.com,VERIFIED,85,+528867466425,2026-09-06T14:31:01.509294+00:00
General Commercial & Services,INNOVACION NACIONAL S.A.S.,innovacionnacional.com,Javier Villaseñor,Chief Financial Officer (CFO),C_SUITE,FINANCE,jvillaseñor@innovacionnacional.com,VERIFIED,85,+524277960550,2026-09-06T14:31:01.509294+00:00
General Commercial & Services,INNOVACION NACIONAL S.A.S.,innovacionnacional.com.mx,Sofia Morales,Chief Executive Officer (CEO),C_SUITE,EXECUTIVE,smorales@innovacionnacional.com.mx,VERIFIED,85,+529567722670,2026-09-06T14:31:01.509294+00:00
General Commercial & Services,INNOVACION NACIONAL S.A.S.,innovacionnacional.com.mx,Javier Villaseñor,Chief Human Resources Officer (CHRO),C_SUITE,HR_PEOPLE,jvillaseñor@innovacionnacional.com.mx,VERIFIED,85,+527315849328,2026-09-06T14:31:01.509294+00:00
General Commercial & Services,MANUFACTURA DINAMICA S.C.,manufacturadinamic.mx,Fernando Mendoza,Chief Financial Officer (CFO),C_SUITE,FINANCE,fmendoza@manufacturadinamic.mx,VERIFIED,85,+523321217721,2026-09-06T14:31:01.509294+00:00
General Commercial & Services,MANUFACTURA DINAMICA S.C.,manufacturadinamic.mx,Sofia Vega,Chief Technology Officer (CTO),C_SUITE,ENGINEERING_IT,svega@manufacturadinamic.mx,VERIFIED,85,+523368053938,2026-09-06T14:31:01.509294+00:00
General Commercial & Services,MANUFACTURA DINAMICA S.C.,manufacturadinamic.com.mx,Luis Ruiz,Chief Revenue Officer (CRO),C_SUITE,SALES_MARKETING,lruiz@manufacturadinamic.com.mx,VERIFIED,85,+523381031610,2026-09-06T14:31:01.509294+00:00
General Commercial & Services,MANUFACTURA DINAMICA 14 S.A.S.,manufacturadinamic.com,Guillermo Ruiz,Chief Financial Officer (CFO),C_SUITE,FINANCE,gruiz@manufacturadinamic.com,VERIFIED,85,+523389599218,2026-09-06T14:31:01.509294+00:00
General Commercial & Services,MANUFACTURA DE OCCIDENTE S.C.,manufacturadeoccid.com.mx,Luis Hernández,Chief Executive Officer (CEO),C_SUITE,EXECUTIVE,lhernández@manufacturadeoccid.com.mx,VERIFIED,85,+525586203088,2026-09-06T14:31:01.509294+00:00
General Commercial & Services,MANUFACTURA DE OCCIDENTE S.C.,manufacturadeoccid.com.mx,Rodrigo Morales,Chief Revenue Officer (CRO),C_SUITE,SALES_MARKETING,rmorales@manufacturadeoccid.mx,VERIFIED,85,+529223360797,2026-09-06T14:31:01.509294+00:00
General Commercial & Services,MANUFACTURA DE LAS AMERICAS S.C.,manufacturadelasam.com.mx,Mariana López,Chief Executive Officer (CEO),C_SUITE,EXECUTIVE,mlópez@manufacturadelasam.com.mx,VERIFIED,85,+525182872377,2026-09-06T14:31:01.509294+00:00
General Commercial & Services,MANUFACTURA DE LAS AMERICAS S.C.,manufacturadelasam.com.mx,Daniel Salinas,Chief Operating Officer (COO),C_SUITE,OPERATIONS,dsalinas@manufacturadelasam.com.mx,VERIFIED,85,+524986968409,2026-09-06T14:31:01.509294+00:00
General Commercial & Services,MANUFACTURA DE LAS AMERICAS S.C.,manufacturadelasam.com.mx,Daniel Mendoza,Chief Operating Officer (COO),C_SUITE,OPERATIONS,dmendoza@manufacturadelasam.com.mx,VERIFIED,85,+526083842563,2026-09-06T14:31:01.509294+00:00
General Commercial & Services,MANUFACTURA DE OCCIDENTE S. DE R.L. DE C.V.,manufacturadeoccid.com,Fernando Valenzuela,Chief Executive Officer (CEO),C_SUITE,EXECUTIVE,fvalenzuela@manufacturadeoccid.com,VERIFIED,85,+527769421931,2026-09-06T14:31:01.509294+00:00
General Commercial & Services,MANUFACTURA DE OCCIDENTE S. DE R.L. DE C.V.,manufacturadeoccid.com,Fernando Dominguez,Chief Financial Officer (CFO),C_SUITE,FINANCE,fdominguez@manufacturadeoccid.com,VERIFIED,85,+528788384393,2026-09-06T14:31:01.509294+00:00
General Commercial & Services,MANUFACTURA DE LAS AMERICAS S.A.P.I. DE C.V.,manufacturadelasam.com,David Dominguez,Chief Human Resources Officer (CHRO),C_SUITE,HR_PEOPLE,ddominguez@manufacturadelasam.com,VERIFIED,85,+524150679606,2026-09-06T14:31:01.509294+00:00
General Commercial & Services,MANUFACTURA DE LAS AMERICAS S.C.,manufacturadelasam.mx,Eduardo Alarcón,Chief Revenue Officer (CRO),C_SUITE,SALES_MARKETING,ealarcón@manufacturadelasam.mx,VERIFIED,85,+525011982807,2026-09-06T14:31:01.509294+00:00
General Commercial & Services,MANUFACTURA MODERNA 3 S.A.B. DE C.V.,manufacturamoderna.com,Sofia Salinas,Chief Financial Officer (CFO),C_SUITE,FINANCE,ssalinas@manufacturamoderna.com,VERIFIED,85,+525536036579,2026-09-06T14:31:01.509294+00:00
General Commercial & Services,MANUFACTURA MODERNA 3 S.A.B. DE C.V.,manufacturamoderna.com,Carlos Benítez,Chief Human Resources Officer (CHRO),C_SUITE,HR_PEOPLE,cbenítez@manufacturamoderna.com,VERIFIED,85,+525557291079,2026-09-06T14:31:01.509294+00:00
General Commercial & Services,MANUFACTURA MODERNA 3 S.A.B. DE C.V.,manufacturamoderna.com,Carlos Vega,Chief Revenue Officer (CRO),C_SUITE,SALES_MARKETING,cvega@manufacturamoderna.com,VERIFIED,85,+525511975246,2026-09-06T14:31:01.509294+00:00
General Commercial & Services,MANUFACTURA MODERNA 3 S.A.B. DE C.V.,manufacturamoderna.com,Gabriel Garza,Chief Executive Officer (CEO),C_SUITE,EXECUTIVE,ggarza@manufacturamoderna.com,VERIFIED,85,+525583615491,2026-09-06T14:31:01.509294+00:00
General Commercial & Services,MANUFACTURA MODERNA 3 S.A.B. DE C.V.,manufacturamoderna.com,Fernando Martínez,Founder,FOUNDER,EXECUTIVE,fmartínez@manufacturamoderna.com,VERIFIED,85,+525527286065,2026-09-06T14:31:01.509294+00:00
General Commercial & Services,MANUFACTURA MODERNA S.C.,manufacturamoderna.com.mx,Patricia González,Chief Executive Officer (CEO),C_SUITE,EXECUTIVE,pgonzález@manufacturamoderna.com.mx,VERIFIED,85,+525589119088,2026-09-06T14:31:01.509294+00:00
General Commercial & Services,MANUFACTURA MODERNA S.C.,manufacturamoderna.com.mx,Alejandro Navarro,Chief Technology Officer (CTO),C_SUITE,ENGINEERING_IT,anavarro@manufacturamoderna.com.mx,VERIFIED,85,+525569978203,2026-09-06T14:31:01.509294+00:00
General Commercial & Services,INDUSTRIAS INDUSTRIAL S.A.B. DE C.V.,industriasindustri.com.mx,Fernando Treviño,Chief Human Resources Officer (CHRO),C_SUITE,HR_PEOPLE,ftreviño@industriasindustri.com.mx,VERIFIED,85,+525685199988,2026-09-06T14:31:01.509294+00:00
General Commercial & Services,INDUSTRIAS INDUSTRIAL S.A.B. DE C.V.,industriasindustri.com.mx,Eduardo Castro,Chief Revenue Officer (CRO),C_SUITE,SALES_MARKETING,ecastro@industriasindustri.com.mx,VERIFIED,85,+527293369673,2026-09-06T14:31:01.509294+00:00
General Commercial & Services,INDUSTRIAS INDUSTRIAL S.A.B. DE C.V.,industriasindustri.com.mx,Luis García,Chief Human Resources Officer (CHRO),C_SUITE,HR_PEOPLE,lgarcía@industriasindustri.com.mx,VERIFIED,85,+529779416850,2026-09-06T14:31:01.509294+00:00
General Commercial & Services,INDUSTRIAS INDUSTRIAL S.A.P.I. DE C.V.,industriasindustri.com,David Alarcón,Chief Financial Officer (CFO),C_SUITE,FINANCE,dalarcón@industriasindustri.com,VERIFIED,85,+524347992989,2026-09-06T14:31:01.509294+00:00
General Commercial & Services,INDUSTRIAS INDUSTRIAL S.A.P.I. DE C.V.,industriasindustri.com,Mariana Mendoza,Chief Human Resources Officer (CHRO),C_SUITE,HR_PEOPLE,mmendoza@industriasindustri.com,VERIFIED,85,+525854685806,2026-09-06T14:31:01.509294+00:00
General Commercial & Services,INDUSTRIAS INDUSTRIAL S.A.P.I. DE C.V.,industriasindustri.com,Rodrigo Morales,Chief Executive Officer (CEO),C_SUITE,EXECUTIVE,rmorales@industriasindustri.mx,VERIFIED,85,+529338950940,2026-09-06T14:31:01.509294+00:00
General Commercial & Services,INNOVACION INTERNACIONAL S.A. DE C.V.,innovacioninternac.mx,Alejandro González,Chief Financial Officer (CFO),C_SUITE,FINANCE,agonzález@innovacioninternac.mx,VERIFIED,85,+525873699578,2026-09-06T14:31:01.525399+00:00
General Commercial & Services,INNOVACION INTERNACIONAL S.A. DE C.V.,innovacioninternac.mx,Gabriel Salinas,Chief Technology Officer (CTO),C_SUITE,ENGINEERING_IT,gsalinas@innovacioninternac.com.mx,VERIFIED,85,+525272038990,2026-09-06T14:31:01.525399+00:00
General Commercial & Services,INNOVACION INTERNACIONAL S.A.S.,innovacioninternac.com.mx,Luis Villaseñor,Chief Executive Officer (CEO),C_SUITE,EXECUTIVE,lvillaseñor@innovacioninternac.com.mx,VERIFIED,85,+529170896401,2026-09-06T14:31:01.526508+00:00
General Commercial & Services,MANUFACTURA DE OCCIDENTE S.A.B. DE C.V.,manufacturadeoccid.mx,Mariana López,Chief Financial Officer (CFO),C_SUITE,FINANCE,mlópez@manufacturadeoccid.mx,VERIFIED,85,+525649739489,2026-09-06T14:31:01.527102+00:00
General Commercial & Services,MANUFACTURA DE OCCIDENTE S.A.B. DE C.V.,manufacturadeoccid.mx,Luis Vega,Founder,FOUNDER,EXECUTIVE,lvega@manufacturadeoccid.mx,VERIFIED,85,+525413479891,2026-09-06T14:31:01.527102+00:00
General Commercial & Services,MANUFACTURA DE OCCIDENTE S.A.B. DE C.V.,manufacturadeoccid.mx,Roberto Morales,Founder,FOUNDER,EXECUTIVE,rmorales@manufacturadeoccid.mx,VERIFIED,85,+526738150861,2026-09-06T14:31:01.527102+00:00
General Commercial & Services,MANUFACTURA DE LAS AMERICAS 74 S. DE R.L. DE C.V.,manufacturadelasam.com,David Villaseñor,Chief Executive Officer (CEO),C_SUITE,EXECUTIVE,dvillaseñor@manufacturadelasam.com,VERIFIED,85,+525279303091,2026-09-06T14:31:01.527102+00:00
General Commercial & Services,MANUFACTURA DE LAS AMERICAS 5 S.A.S.,manufacturadelasam.com.mx,Miguel Treviño,Chief Executive Officer (CEO),C_SUITE,EXECUTIVE,mtreviño@manufacturadelasam.com.mx,VERIFIED,85,+526070208080,2026-09-06T14:31:01.527102+00:00
General Commercial & Services,MANUFACTURA DE LAS AMERICAS 5 S.A.S.,manufacturadelasam.com.mx,Fernando Valenzuela,Chief Executive Officer (CEO),C_SUITE,EXECUTIVE,fvalenzuela@manufacturadelasam.com.mx,VERIFIED,85,+524329835786,2026-09-06T14:31:01.527102+00:00
General Commercial & Services,MANUFACTURA DE LAS AMERICAS 5 S.A.S.,manufacturadelasam.com.mx,Claudia Castro,Chief Technology Officer (CTO),C_SUITE,ENGINEERING_IT,ccastro@manufacturadelasam.com.mx,VERIFIED,85,+529768601742,2026-09-06T14:31:01.527102+00:00
General Commercial & Services,MANUFACTURA DE LAS AMERICAS 5 S.A.S.,manufacturadelasam.com.mx,Mariana García,Chief Executive Officer (CEO),C_SUITE,EXECUTIVE,mgarcía@manufacturadelasam.com.mx,VERIFIED,85,+529466935569,2026-09-06T14:31:01.527102+00:00
General Commercial & Services,MANUFACTURA DE LAS AMERICAS S.C.,manufacturadelasam.mx,Claudia Hernández,Chief Operating Officer (COO),C_SUITE,OPERATIONS,chernández@manufacturadelasam.mx,VERIFIED,85,+527867635274,2026-09-06T14:31:01.527102+00:00
General Commercial & Services,MANUFACTURA DE OCCIDENTE S.A.S.,manufacturadeoccid.com,Carlos Dominguez,Chief Executive Officer (CEO),C_SUITE,EXECUTIVE,cdominguez@manufacturadeoccid.com,VERIFIED,85,+529172148840,2026-09-06T14:31:01.527102+00:00
General Commercial & Services,MANUFACTURA DE OCCIDENTE S.A.S.,manufacturadeoccid.com,Alejandro Hernández,Chief Executive Officer (CEO),C_SUITE,EXECUTIVE,ahernández@manufacturadeoccid.com,VERIFIED,85,+527870814242,2026-09-06T14:31:01.527102+00:00
General Commercial & Services,MANUFACTURA DE OCCIDENTE S.A.S.,manufacturadeoccid.com.mx,Patricia García,Chief Human Resources Officer (CHRO),C_SUITE,HR_PEOPLE,pgarcía@manufacturadeoccid.com.mx,VERIFIED,85,+524494628012,2026-09-06T14:31:01.527102+00:00
General Commercial & Services,MANUFACTURA DE OCCIDENTE S.A.S.,manufacturadeoccid.com.mx,Hector García,Chief Technology Officer (CTO),C_SUITE,ENGINEERING_IT,hgarcía@manufacturadeoccid.com.mx,VERIFIED,85,+526693587363,2026-09-06T14:31:01.527102+00:00
General Commercial & Services,INDUSTRIAS INTERNACIONAL S. DE R.L. DE C.V.,industriasinternac.com,Andrea Treviño,Chief Technology Officer (CTO),C_SUITE,ENGINEERING_IT,atreviño@industriasinternac.com,VERIFIED,85,+529717806043,2026-09-06T14:31:01.527102+00:00
General Commercial & Services,INDUSTRIAS INTERNACIONAL S. DE R.L. DE C.V.,industriasinternac.com,Adriana Navarro,Chief Revenue Officer (CRO),C_SUITE,SALES_MARKETING,anavarro@industriasinternac.com,VERIFIED,85,+526477966058,2026-09-06T14:31:01.527102+00:00
General Commercial & Services,INDUSTRIAS INTERNACIONAL S. DE R.L. DE C.V.,industriasinternac.com,Andrea Mendoza,Chief Human Resources Officer (CHRO),C_SUITE,HR_PEOPLE,amendoza@industriasinternac.com,VERIFIED,85,+529941469567,2026-09-06T14:31:01.527102+00:00
General Commercial & Services,INDUSTRIAS INTERNACIONAL S. DE R.L. DE C.V.,industriasinternac.com,Guillermo González,Chief Revenue Officer (CRO),C_SUITE,SALES_MARKETING,ggonzález@industriasinternac.com,VERIFIED,85,+526872068182,2026-09-06T14:31:01.527102+00:00
General Commercial & Services,INDUSTRIAS INTERNACIONAL 1 S.C.,industriasinternac.mx,Luis Garza,Chief Revenue Officer (CRO),C_SUITE,SALES_MARKETING,lgarza@industriasinternac.mx,VERIFIED,85,+524589979485,2026-09-06T14:31:01.527102+00:00
General Commercial & Services,INNOVACION INTEGRAL S.C.,innovacionintegral.com,Gabriel Benítez,Chief Financial Officer (CFO),C_SUITE,FINANCE,gbenítez@innovacionintegral.com,VERIFIED,85,+523359725314,2026-09-06T14:31:01.529445+00:00
General Commercial & Services,INNOVACION INTEGRAL S.C.,innovacionintegral.com,Eduardo García,Chief Financial Officer (CFO),C_SUITE,FINANCE,egarcía@innovacionintegral.com,VERIFIED,85,+523381626768,2026-09-06T14:31:01.529445+00:00
General Commercial & Services,INNOVACION INTEGRAL S.A.B. DE C.V.,innovacionintegral.mx,Adriana Salinas,Chief Human Resources Officer (CHRO),C_SUITE,HR_PEOPLE,asalinas@innovacionintegral.mx,VERIFIED,85,+523386993470,2026-09-06T14:31:01.529445+00:00
General Commercial & Services,INNOVACION INTEGRAL S.A.B. DE C.V.,innovacionintegral.mx,David Alarcón,Chief Financial Officer (CFO),C_SUITE,FINANCE,dalarcón@innovacionintegral.mx,VERIFIED,85,+523366929931,2026-09-06T14:31:01.529445+00:00
General Commercial & Services,INNOVACION INTEGRAL S.A.B. DE C.V.,innovacionintegral.mx,Sofia Vega,Chief Executive Officer (CEO),C_SUITE,EXECUTIVE,svega@innovacionintegral.mx,VERIFIED,85,+523312828716,2026-09-06T14:31:01.529445+00:00
General Commercial & Services,MANUFACTURA INTEGRAL S.C.,manufacturaintegra.mx,Mariana Alarcón,Founder,FOUNDER,EXECUTIVE,malarcón@manufacturaintegra.mx,VERIFIED,85,+527076855161,2026-09-06T14:31:01.532586+00:00
General Commercial & Services,MANUFACTURA INTEGRAL S.A.S.,manufacturaintegra.com,Daniel Valenzuela,Founder,FOUNDER,EXECUTIVE,dvalenzuela@manufacturaintegra.com,VERIFIED,85,+526748225213,2026-09-06T14:31:01.532586+00:00
General Commercial & Services,MANUFACTURA INTEGRAL S. DE R.L. DE C.V.,manufacturaintegra.com.mx,Luis López,Chief Executive Officer (CEO),C_SUITE,EXECUTIVE,llópez@manufacturaintegra.com.mx,VERIFIED,85,+526577299150,2026-09-06T14:31:01.532586+00:00
General Commercial & Services,MANUFACTURA DEL BAJIO S.A.B. DE C.V.,manufacturadelbaji.com,Hector Mendoza,Chief Financial Officer (CFO),C_SUITE,FINANCE,hmendoza@manufacturadelbaji.com,VERIFIED,85,+525895668237,2026-09-06T14:31:01.534594+00:00
General Commercial & Services,MANUFACTURA DEL BAJIO S.A.B. DE C.V.,manufacturadelbaji.com,David Martínez,Chief Operating Officer (COO),C_SUITE,OPERATIONS,dmartínez@manufacturadelbaji.com,VERIFIED,85,+526016480389,2026-09-06T14:31:01.534594+00:00
General Commercial & Services,MANUFACTURA DEL CENTRO S.C.,manufacturadelcent.com.mx,David Valenzuela,Founder,FOUNDER,EXECUTIVE,dvalenzuela@manufacturadelcent.com.mx,VERIFIED,85,+525219552452,2026-09-06T14:31:01.534594+00:00
General Commercial & Services,MANUFACTURA DEL CENTRO S.C.,manufacturadelcent.com.mx,Fernando Vega,Chief Financial Officer (CFO),C_SUITE,FINANCE,fvega@manufacturadelcent.com,VERIFIED,85,+528158880208,2026-09-06T14:31:01.534594+00:00
General Commercial & Services,MANUFACTURA DEL CENTRO S.C.,manufacturadelcent.com.mx,Guillermo Ruiz,Chief Financial Officer (CFO),C_SUITE,FINANCE,gruiz@manufacturadelcent.com.mx,VERIFIED,85,+525164916394,2026-09-06T14:31:01.534594+00:00
General Commercial & Services,MANUFACTURA DEL CENTRO S.C.,manufacturadelcent.com.mx,Sofia Navarro,Chief Financial Officer (CFO),C_SUITE,FINANCE,snavarro@manufacturadelcent.com.mx,VERIFIED,85,+525742508132,2026-09-06T14:31:01.534594+00:00
General Commercial & Services,MANUFACTURA DEL CENTRO S.C.,manufacturadelcent.com.mx,Claudia Salinas,Chief Revenue Officer (CRO),C_SUITE,SALES_MARKETING,csalinas@manufacturadelcent.mx,VERIFIED,85,+529645967711,2026-09-06T14:31:01.534594+00:00
General Commercial & Services,MANUFACTURA DEL NORTE S.A.S.,manufacturadelnort.com.mx,Gabriel Alarcón,Chief Human Resources Officer (CHRO),C_SUITE,HR_PEOPLE,galarcón@manufacturadelnort.com.mx,VERIFIED,85,+526541987699,2026-09-06T14:31:01.534594+00:00
General Commercial & Services,MANUFACTURA DEL NORTE S.A.S.,manufacturadelnort.com.mx,Luis Vega,Chief Technology Officer (CTO),C_SUITE,ENGINEERING_IT,lvega@manufacturadelnort.com.mx,VERIFIED,85,+524911082682,2026-09-06T14:31:01.534594+00:00
General Commercial & Services,MANUFACTURA DEL PACIFICO S.A.S.,manufacturadelpaci.com.mx,Hector Morales,Chief Operating Officer (COO),C_SUITE,OPERATIONS,hmorales@manufacturadelpaci.com.mx,VERIFIED,85,+529271593894,2026-09-06T14:31:01.534594+00:00
General Commercial & Services,MANUFACTURA DEL PACIFICO S.A.S.,manufacturadelpaci.com.mx,Claudia López,Chief Financial Officer (CFO),C_SUITE,FINANCE,clópez@manufacturadelpaci.com.mx,VERIFIED,85,+529561356668,2026-09-06T14:31:01.534594+00:00
General Commercial & Services,MANUFACTURA DEL NORTE S. DE R.L. DE C.V.,manufacturadelnort.mx,Gabriel Castro,Founder,FOUNDER,EXECUTIVE,gcastro@manufacturadelnort.mx,VERIFIED,85,+525111526062,2026-09-06T14:31:01.534594+00:00
General Commercial & Services,MANUFACTURA DEL NORTE S. DE R.L. DE C.V.,manufacturadelnort.mx,Javier Valenzuela,Chief Executive Officer (CEO),C_SUITE,EXECUTIVE,jvalenzuela@manufacturadelnort.mx,VERIFIED,85,+524360316650,2026-09-06T14:31:01.534594+00:00
General Commercial & Services,MANUFACTURA DEL NORTE S.C.,manufacturadelnort.com,Hector Hernández,Founder,FOUNDER,EXECUTIVE,hhernández@manufacturadelnort.com,VERIFIED,85,+526910888809,2026-09-06T14:31:01.534594+00:00
General Commercial & Services,MANUFACTURA DEL CENTRO 11 S.A.P.I. DE C.V.,manufacturadelcent.com,Daniel Martínez,Chief Human Resources Officer (CHRO),C_SUITE,HR_PEOPLE,dmartínez@manufacturadelcent.com,VERIFIED,85,+526135560234,2026-09-06T14:31:01.534594+00:00
General Commercial & Services,INNOVACION DEL CENTRO 37 S.A. DE C.V.,innovaciondelcentr.com.mx,Claudia Valenzuela,Founder,FOUNDER,EXECUTIVE,cvalenzuela@innovaciondelcentr.com.mx,VERIFIED,85,+525572004843,2026-09-06T14:31:01.536600+00:00
General Commercial & Services,INNOVACION DEL CENTRO 37 S.A. DE C.V.,innovaciondelcentr.com.mx,Fernando Castro,Chief Technology Officer (CTO),C_SUITE,ENGINEERING_IT,fcastro@innovaciondelcentr.com.mx,VERIFIED,85,+525582996964,2026-09-06T14:31:01.536600+00:00
General Commercial & Services,INNOVACION DEL NORTE S.A.P.I. DE C.V.,innovaciondelnorte.com,David Morales,Chief Revenue Officer (CRO),C_SUITE,SALES_MARKETING,dmorales@innovaciondelnorte.com,VERIFIED,85,+525599081562,2026-09-06T14:31:01.536600+00:00
General Commercial & Services,INNOVACION DEL BAJIO 65 S.A.P.I. DE C.V.,innovaciondelbajio.mx,Sofia García,Chief Revenue Officer (CRO),C_SUITE,SALES_MARKETING,sgarcía@innovaciondelbajio.mx,VERIFIED,85,+525586189014,2026-09-06T14:31:01.536600+00:00
General Commercial & Services,INNOVACION DEL BAJIO S.A. DE C.V.,innovaciondelbajio.com.mx,Javier López,Chief Human Resources Officer (CHRO),C_SUITE,HR_PEOPLE,jlópez@innovaciondelbajio.com.mx,VERIFIED,85,+525542902773,2026-09-06T14:31:01.536600+00:00
General Commercial & Services,INDUSTRIAS INTERNACIONAL S.A.B. DE C.V.,industriasinternac.com,Adriana Villaseñor,Chief Executive Officer (CEO),C_SUITE,EXECUTIVE,avillaseñor@industriasinternac.com,VERIFIED,85,+527041017905,2026-09-06T14:31:01.536600+00:00
General Commercial & Services,INDUSTRIAS INTERNACIONAL S.A.B. DE C.V.,industriasinternac.com,Guillermo Mendoza,Chief Executive Officer (CEO),C_SUITE,EXECUTIVE,gmendoza@industriasinternac.com.mx,VERIFIED,85,+528590202357,2026-09-06T14:31:01.536600+00:00
General Commercial & Services,INDUSTRIAS INTERNACIONAL S.A.B. DE C.V.,industriasinternac.com,Patricia Alarcón,Founder,FOUNDER,EXECUTIVE,palarcón@industriasinternac.com,VERIFIED,85,+525430791436,2026-09-06T14:31:01.536600+00:00
General Commercial & Services,INDUSTRIAS INTERNACIONAL S.A.B. DE C.V.,industriasinternac.com,Andrea Valenzuela,Chief Executive Officer (CEO),C_SUITE,EXECUTIVE,avalenzuela@industriasinternac.com,VERIFIED,85,+525189428806,2026-09-06T14:31:01.536600+00:00
General Commercial & Services,INDUSTRIAS INTERNACIONAL S.C.,industriasinternac.com.mx,Gabriel Mendoza,Chief Human Resources Officer (CHRO),C_SUITE,HR_PEOPLE,gmendoza@industriasinternac.com.mx,VERIFIED,85,+526098480864,2026-09-06T14:31:01.536600+00:00
General Commercial & Services,INNOVACION DE LAS AMERICAS 28 S.A.P.I. DE C.V.,innovaciondelasame.com,Alejandro García,Chief Revenue Officer (CRO),C_SUITE,SALES_MARKETING,agarcía@innovaciondelasame.com,VERIFIED,85,+526597488557,2026-09-06T14:31:01.536600+00:00
General Commercial & Services,INNOVACION DE OCCIDENTE S.A.P.I. DE C.V.,innovaciondeoccide.mx,Miguel Alarcón,Chief Executive Officer (CEO),C_SUITE,EXECUTIVE,malarcón@innovaciondeoccide.mx,VERIFIED,85,+528523203922,2026-09-06T14:31:01.536600+00:00
General Commercial & Services,INNOVACION DE OCCIDENTE S. DE R.L. DE C.V.,innovaciondeoccide.com,Rodrigo Ruiz,Chief Revenue Officer (CRO),C_SUITE,SALES_MARKETING,rruiz@innovaciondeoccide.com,VERIFIED,85,+525442854156,2026-09-06T14:31:01.536600+00:00
General Commercial & Services,INNOVACION DE LAS AMERICAS S.A.S.,innovaciondelasame.mx,Patricia Vega,Chief Financial Officer (CFO),C_SUITE,FINANCE,pvega@innovaciondelasame.mx,VERIFIED,85,+528283424697,2026-09-06T14:31:01.536600+00:00
General Commercial & Services,INNOVACION NACIONAL S.A.S.,innovacionnacional.com.mx,Daniel Ruiz,Chief Financial Officer (CFO),C_SUITE,FINANCE,druiz@innovacionnacional.com.mx,VERIFIED,85,+526813617469,2026-09-06T14:31:01.538605+00:00
General Commercial & Services,MANUFACTURA DE OCCIDENTE S.A.S.,manufacturadeoccid.mx,David Dominguez,Chief Human Resources Officer (CHRO),C_SUITE,HR_PEOPLE,ddominguez@manufacturadeoccid.mx,VERIFIED,85,+528197587355,2026-09-06T14:31:01.540350+00:00
General Commercial & Services,MANUFACTURA DE OCCIDENTE S.A.S.,manufacturadeoccid.mx,Rodrigo Navarro,Chief Executive Officer (CEO),C_SUITE,EXECUTIVE,rnavarro@manufacturadeoccid.mx,VERIFIED,85,+528194366926,2026-09-06T14:31:01.540350+00:00
General Commercial & Services,MANUFACTURA DE LAS AMERICAS S.A. DE C.V.,manufacturadelasam.com.mx,Adriana Castro,Chief Technology Officer (CTO),C_SUITE,ENGINEERING_IT,acastro@manufacturadelasam.com.mx,VERIFIED,85,+528162024650,2026-09-06T14:31:01.540350+00:00
General Commercial & Services,MANUFACTURA DE LAS AMERICAS 54 S.A.S.,manufacturadelasam.com,Mariana Benítez,Chief Executive Officer (CEO),C_SUITE,EXECUTIVE,mbenítez@manufacturadelasam.com,VERIFIED,85,+528176894382,2026-09-06T14:31:01.540350+00:00
General Commercial & Services,MANUFACTURA DE LAS AMERICAS 54 S.A.S.,manufacturadelasam.com,Hector González,Chief Executive Officer (CEO),C_SUITE,EXECUTIVE,hgonzález@manufacturadelasam.com,VERIFIED,85,+528186617026,2026-09-06T14:31:01.540350+00:00
General Commercial & Services,MANUFACTURA DE LAS AMERICAS 54 S.A.S.,manufacturadelasam.com,Adriana Valenzuela,Chief Revenue Officer (CRO),C_SUITE,SALES_MARKETING,avalenzuela@manufacturadelasam.com,VERIFIED,85,+528152260434,2026-09-06T14:31:01.540350+00:00
General Commercial & Services,MANUFACTURA DE LAS AMERICAS S.A.P.I. DE C.V.,manufacturadelasam.mx,Jorge Castro,Chief Human Resources Officer (CHRO),C_SUITE,HR_PEOPLE,jcastro@manufacturadelasam.mx,VERIFIED,85,+528170827646,2026-09-06T14:31:01.540350+00:00
General Commercial & Services,MANUFACTURA DE OCCIDENTE S. DE R.L. DE C.V.,manufacturadeoccid.com,Javier Valenzuela,Chief Executive Officer (CEO),C_SUITE,EXECUTIVE,jvalenzuela@manufacturadeoccid.com,VERIFIED,85,+528153730547,2026-09-06T14:31:01.540350+00:00
General Commercial & Services,MANUFACTURA DE OCCIDENTE S. DE R.L. DE C.V.,manufacturadeoccid.com,Rodrigo Morales,Chief Financial Officer (CFO),C_SUITE,FINANCE,rmorales@manufacturadeoccid.com.mx,VERIFIED,85,+528184741131,2026-09-06T14:31:01.540350+00:00
General Commercial & Services,MANUFACTURA INDUSTRIAL S. DE R.L. DE C.V.,manufacturaindustr.com,Alejandro Dominguez,Chief Human Resources Officer (CHRO),C_SUITE,HR_PEOPLE,adominguez@manufacturaindustr.com,VERIFIED,85,+528961968772,2026-09-06T14:31:01.542114+00:00
General Commercial & Services,MANUFACTURA INDUSTRIAL S. DE R.L. DE C.V.,manufacturaindustr.com,Guillermo Alarcón,Founder,FOUNDER,EXECUTIVE,galarcón@manufacturaindustr.com,VERIFIED,85,+528863122985,2026-09-06T14:31:01.542114+00:00
General Commercial & Services,MANUFACTURA INDUSTRIAL S.A. DE C.V.,manufacturaindustr.com.mx,Gabriel Navarro,Chief Operating Officer (COO),C_SUITE,OPERATIONS,gnavarro@manufacturaindustr.com.mx,VERIFIED,85,+524588594008,2026-09-06T14:31:01.542114+00:00
General Commercial & Services,MANUFACTURA INDUSTRIAL 72 S.C.,manufacturaindustr.mx,Andrea González,Chief Operating Officer (COO),C_SUITE,OPERATIONS,agonzález@manufacturaindustr.mx,VERIFIED,85,+526835851585,2026-09-06T14:31:01.542114+00:00
General Commercial & Services,INDUSTRIAS DINAMICA S.A.P.I. DE C.V.,industriasdinamica.mx,Patricia Benítez,Chief Technology Officer (CTO),C_SUITE,ENGINEERING_IT,pbenítez@industriasdinamica.mx,VERIFIED,85,+525269058438,2026-09-06T14:31:01.542655+00:00
General Commercial & Services,INDUSTRIAS DINAMICA S.A.P.I. DE C.V.,industriasdinamica.mx,Gabriel Garza,Chief Human Resources Officer (CHRO),C_SUITE,HR_PEOPLE,ggarza@industriasdinamica.mx,VERIFIED,85,+527761043674,2026-09-06T14:31:01.542655+00:00
General Commercial & Services,INDUSTRIAS DINAMICA S.A.P.I. DE C.V.,industriasdinamica.mx,Claudia Martínez,Chief Executive Officer (CEO),C_SUITE,EXECUTIVE,cmartínez@industriasdinamica.com,VERIFIED,85,+527533720909,2026-09-06T14:31:01.542655+00:00
General Commercial & Services,INDUSTRIAS DINAMICA S. DE R.L. DE C.V.,industriasdinamica.com.mx,Roberto Morales,Chief Executive Officer (CEO),C_SUITE,EXECUTIVE,rmorales@industriasdinamica.com.mx,VERIFIED,85,+524244850909,2026-09-06T14:31:01.542655+00:00
General Commercial & Services,INDUSTRIAS DINAMICA 89 S.A.S.,industriasdinamica.com,David Martínez,Chief Executive Officer (CEO),C_SUITE,EXECUTIVE,dmartínez@industriasdinamica.com,VERIFIED,85,+528222454302,2026-09-06T14:31:01.542655+00:00
General Commercial & Services,MANUFACTURA INTEGRAL S.A.S.,manufacturaintegra.mx,Javier Vega,Chief Revenue Officer (CRO),C_SUITE,SALES_MARKETING,jvega@manufacturaintegra.mx,VERIFIED,85,+528096019652,2026-09-06T14:31:01.544589+00:00
General Commercial & Services,MANUFACTURA INTEGRAL S.A.S.,manufacturaintegra.mx,Fernando González,Chief Operating Officer (COO),C_SUITE,OPERATIONS,fgonzález@manufacturaintegra.mx,VERIFIED,85,+526819880428,2026-09-06T14:31:01.544589+00:00
General Commercial & Services,MANUFACTURA INTEGRAL S. DE R.L. DE C.V.,manufacturaintegra.com.mx,Gabriel Villaseñor,Chief Executive Officer (CEO),C_SUITE,EXECUTIVE,gvillaseñor@manufacturaintegra.com.mx,VERIFIED,85,+527465761357,2026-09-06T14:31:01.544589+00:00
General Commercial & Services,INDUSTRIAS EMPRESARIAL S. DE R.L. DE C.V.,industriasempresar.mx,Luis Castro,Chief Executive Officer (CEO),C_SUITE,EXECUTIVE,lcastro@industriasempresar.mx,VERIFIED,85,+528189209174,2026-09-06T14:31:01.544589+00:00
General Commercial & Services,INDUSTRIAS EMPRESARIAL S.A.S.,industriasempresar.com.mx,Sofia Hernández,Chief Technology Officer (CTO),C_SUITE,ENGINEERING_IT,shernández@industriasempresar.com.mx,VERIFIED,85,+528130715773,2026-09-06T14:31:01.544589+00:00
General Commercial & Services,MANUFACTURA INTEGRAL S.C.,manufacturaintegra.mx,Fernando Martínez,Chief Financial Officer (CFO),C_SUITE,FINANCE,fmartínez@manufacturaintegra.mx,VERIFIED,85,+524197119325,2026-09-06T14:31:01.544589+00:00
General Commercial & Services,MANUFACTURA INTEGRAL S.C.,manufacturaintegra.mx,Luis García,Founder,FOUNDER,EXECUTIVE,lgarcía@manufacturaintegra.mx,VERIFIED,85,+524360391614,2026-09-06T14:31:01.544589+00:00
General Commercial & Services,MANUFACTURA INTEGRAL S.C.,manufacturaintegra.mx,Daniel Dominguez,Chief Human Resources Officer (CHRO),C_SUITE,HR_PEOPLE,ddominguez@manufacturaintegra.com.mx,VERIFIED,85,+528949973836,2026-09-06T14:31:01.544589+00:00
General Commercial & Services,MANUFACTURA INTEGRAL S.C.,manufacturaintegra.mx,Javier Treviño,Chief Revenue Officer (CRO),C_SUITE,SALES_MARKETING,jtreviño@manufacturaintegra.mx,VERIFIED,85,+525229326611,2026-09-06T14:31:01.544589+00:00
General Commercial & Services,INDUSTRIAS MEXICANA S.A. DE C.V.,industriasmexicana.com,Andrea Castro,Chief Revenue Officer (CRO),C_SUITE,SALES_MARKETING,acastro@industriasmexicana.com,VERIFIED,85,+525830088327,2026-09-06T14:31:01.544589+00:00
General Commercial & Services,INDUSTRIAS MEXICANA S.A. DE C.V.,industriasmexicana.com,Jorge Vega,Chief Executive Officer (CEO),C_SUITE,EXECUTIVE,jvega@industriasmexicana.com.mx,VERIFIED,85,+527724930876,2026-09-06T14:31:01.544589+00:00
General Commercial & Services,INDUSTRIAS MEXICANA S.A. DE C.V.,industriasmexicana.com,Hector Morales,Chief Financial Officer (CFO),C_SUITE,FINANCE,hmorales@industriasmexicana.com,VERIFIED,85,+525751522114,2026-09-06T14:31:01.544589+00:00
General Commercial & Services,MANUFACTURA DE LAS AMERICAS 98 S. DE R.L. DE C.V.,manufacturadelasam.com.mx,Adriana Salinas,Chief Financial Officer (CFO),C_SUITE,FINANCE,asalinas@manufacturadelasam.com.mx,VERIFIED,85,+524022378918,2026-09-06T14:31:01.544589+00:00
General Commercial & Services,MANUFACTURA DE LAS AMERICAS 98 S. DE R.L. DE C.V.,manufacturadelasam.com.mx,Guillermo Martínez,Chief Technology Officer (CTO),C_SUITE,ENGINEERING_IT,gmartínez@manufacturadelasam.com.mx,VERIFIED,85,+525691008246,2026-09-06T14:31:01.544589+00:00
General Commercial & Services,MANUFACTURA DE LAS AMERICAS 98 S. DE R.L. DE C.V.,manufacturadelasam.com.mx,David González,Chief Financial Officer (CFO),C_SUITE,FINANCE,dgonzález@manufacturadelasam.com.mx,VERIFIED,85,+529233023213,2026-09-06T14:31:01.544589+00:00
General Commercial & Services,MANUFACTURA DE OCCIDENTE S.A.S.,manufacturadeoccid.mx,Rodrigo Ruiz,Founder,FOUNDER,EXECUTIVE,rruiz@manufacturadeoccid.mx,VERIFIED,85,+526436814733,2026-09-06T14:31:01.544589+00:00
General Commercial & Services,MANUFACTURA CENTRAL S. DE R.L. DE C.V.,manufacturacentral.com.mx,Fernando Treviño,Chief Technology Officer (CTO),C_SUITE,ENGINEERING_IT,ftreviño@manufacturacentral.com.mx,VERIFIED,85,+527288384021,2026-09-06T14:31:01.544589+00:00
General Commercial & Services,MANUFACTURA CENTRAL S.A. DE C.V.,manufacturacentral.com,Sofia Martínez,Founder,FOUNDER,EXECUTIVE,smartínez@manufacturacentral.com,VERIFIED,85,+526616297822,2026-09-06T14:31:01.544589+00:00
General Commercial & Services,MANUFACTURA CENTRAL S.A.P.I. DE C.V.,manufacturacentral.mx,Alejandro Garza,Chief Executive Officer (CEO),C_SUITE,EXECUTIVE,agarza@manufacturacentral.mx,VERIFIED,85,+525087465311,2026-09-06T14:31:01.544589+00:00
General Commercial & Services,INDUSTRIAS MEXICANA S.A.S.,industriasmexicana.mx,Alejandro Castro,Chief Technology Officer (CTO),C_SUITE,ENGINEERING_IT,acastro@industriasmexicana.mx,VERIFIED,85,+528133733444,2026-09-06T14:31:01.544589+00:00
General Commercial & Services,INDUSTRIAS MEXICANA S.A.S.,industriasmexicana.mx,Sofia Mendoza,Chief Operating Officer (COO),C_SUITE,OPERATIONS,smendoza@industriasmexicana.mx,VERIFIED,85,+528185774053,2026-09-06T14:31:01.544589+00:00
General Commercial & Services,INDUSTRIAS MEXICANA S.A.S.,industriasmexicana.com,Eduardo Alarcón,Chief Revenue Officer (CRO),C_SUITE,SALES_MARKETING,ealarcón@industriasmexicana.com,VERIFIED,85,+528147472520,2026-09-06T14:31:01.544589+00:00
General Commercial & Services,INNOVACION ESPECIALIZADA S.A. DE C.V.,innovacionespecial.mx,Hector Ruiz,Chief Technology Officer (CTO),C_SUITE,ENGINEERING_IT,hruiz@innovacionespecial.mx,VERIFIED,85,+528233742146,2026-09-06T14:31:01.544589+00:00
General Commercial & Services,INNOVACION ESPECIALIZADA S.A. DE C.V.,innovacionespecial.mx,Gabriel Benítez,Chief Executive Officer (CEO),C_SUITE,EXECUTIVE,gbenítez@innovacionespecial.mx,VERIFIED,85,+526039277873,2026-09-06T14:31:01.544589+00:00
General Commercial & Services,INNOVACION ESPECIALIZADA 10 S.A.B. DE C.V.,innovacionespecial.com,Gabriel García,Founder,FOUNDER,EXECUTIVE,ggarcía@innovacionespecial.com,VERIFIED,85,+529396144901,2026-09-06T14:31:01.544589+00:00
General Commercial & Services,INNOVACION ESPECIALIZADA 10 S.A.B. DE C.V.,innovacionespecial.com,Daniel Vega,Chief Technology Officer (CTO),C_SUITE,ENGINEERING_IT,dvega@innovacionespecial.com,VERIFIED,85,+524496485391,2026-09-06T14:31:01.544589+00:00
General Commercial & Services,INNOVACION ESPECIALIZADA 10 S.A.B. DE C.V.,innovacionespecial.com,Guillermo Dominguez,Chief Technology Officer (CTO),C_SUITE,ENGINEERING_IT,gdominguez@innovacionespecial.com,VERIFIED,85,+528496639936,2026-09-06T14:31:01.544589+00:00
General Commercial & Services,MANUFACTURA DE OCCIDENTE S.A.B. DE C.V.,manufacturadeoccid.com.mx,Luis Martínez,Chief Technology Officer (CTO),C_SUITE,ENGINEERING_IT,lmartínez@manufacturadeoccid.com.mx,VERIFIED,85,+524921964769,2026-09-06T14:31:01.544589+00:00
General Commercial & Services,MANUFACTURA DE OCCIDENTE S.A.B. DE C.V.,manufacturadeoccid.com.mx,Carlos Salinas,Chief Executive Officer (CEO),C_SUITE,EXECUTIVE,csalinas@manufacturadeoccid.com.mx,VERIFIED,85,+526738982275,2026-09-06T14:31:01.544589+00:00
General Commercial & Services,MANUFACTURA DE OCCIDENTE S.A.B. DE C.V.,manufacturadeoccid.com.mx,Javier González,Chief Executive Officer (CEO),C_SUITE,EXECUTIVE,jgonzález@manufacturadeoccid.com.mx,VERIFIED,85,+524818514789,2026-09-06T14:31:01.544589+00:00
General Commercial & Services,MANUFACTURA DE OCCIDENTE S.C.,manufacturadeoccid.com,Alejandro González,Chief Revenue Officer (CRO),C_SUITE,SALES_MARKETING,agonzález@manufacturadeoccid.com,VERIFIED,85,+527840793503,2026-09-06T14:31:01.544589+00:00
General Commercial & Services,MANUFACTURA DE OCCIDENTE S.C.,manufacturadeoccid.com,Roberto Vega,Chief Technology Officer (CTO),C_SUITE,ENGINEERING_IT,rvega@manufacturadeoccid.com,VERIFIED,85,+527355721336,2026-09-06T14:31:01.544589+00:00
General Commercial & Services,MANUFACTURA DE LAS AMERICAS S.C.,manufacturadelasam.com,Eduardo Villaseñor,Chief Human Resources Officer (CHRO),C_SUITE,HR_PEOPLE,evillaseñor@manufacturadelasam.com,VERIFIED,85,+524825842450,2026-09-06T14:31:01.544589+00:00
General Commercial & Services,MANUFACTURA DE LAS AMERICAS S.A. DE C.V.,manufacturadelasam.mx,Hector Ruiz,Founder,FOUNDER,EXECUTIVE,hruiz@manufacturadelasam.mx,VERIFIED,85,+528033396209,2026-09-06T14:31:01.544589+00:00
General Commercial & Services,INDUSTRIAS MODERNA S.A.P.I. DE C.V.,industriasmoderna5.mx,Fernando Ruiz,Chief Executive Officer (CEO),C_SUITE,EXECUTIVE,fruiz@industriasmoderna5.mx,VERIFIED,85,+525069972581,2026-09-06T14:31:01.544589+00:00
General Commercial & Services,INDUSTRIAS MODERNA S.C.,industriasmoderna8.mx,Patricia Treviño,Founder,FOUNDER,EXECUTIVE,ptreviño@industriasmoderna8.mx,VERIFIED,85,+525976567177,2026-09-06T14:31:01.544589+00:00
General Commercial & Services,INDUSTRIAS MODERNA S.C.,industriasmoderna8.mx,Rodrigo Villaseñor,Chief Revenue Officer (CRO),C_SUITE,SALES_MARKETING,rvillaseñor@industriasmoderna.com,VERIFIED,85,+528760042585,2026-09-06T14:31:01.544589+00:00
General Commercial & Services,INDUSTRIAS MODERNA 37 S.A.S.,industriasmoderna.com.mx,Fernando López,Chief Financial Officer (CFO),C_SUITE,FINANCE,flópez@industriasmoderna.com.mx,VERIFIED,85,+525668602245,2026-09-06T14:31:01.544589+00:00
General Commercial & Services,INNOVACION MEXICANA S.A.S.,innovacionmexicana.com,Patricia Ruiz,Chief Technology Officer (CTO),C_SUITE,ENGINEERING_IT,pruiz@innovacionmexicana.com,VERIFIED,85,+524744242726,2026-09-06T14:31:01.544589+00:00
General Commercial & Services,INNOVACION MEXICANA S.A.S.,innovacionmexicana.com,Sofia López,Chief Technology Officer (CTO),C_SUITE,ENGINEERING_IT,slópez@innovacionmexicana.com,VERIFIED,85,+525163020011,2026-09-06T14:31:01.544589+00:00
General Commercial & Services,INNOVACION MEXICANA S.A.S.,innovacionmexicana.com,Andrea García,Chief Executive Officer (CEO),C_SUITE,EXECUTIVE,agarcía@innovacionmexicana.com,VERIFIED,85,+524424027268,2026-09-06T14:31:01.544589+00:00
General Commercial & Services,INNOVACION INTERNACIONAL S.A.P.I. DE C.V.,innovacioninternac.com.mx,Miguel Hernández,Chief Financial Officer (CFO),C_SUITE,FINANCE,mhernández@innovacioninternac.com.mx,VERIFIED,85,+527666360853,2026-09-06T14:31:01.556277+00:00
General Commercial & Services,INNOVACION INTERNACIONAL S.A.P.I. DE C.V.,innovacioninternac.mx,Roberto Valenzuela,Chief Revenue Officer (CRO),C_SUITE,SALES_MARKETING,rvalenzuela@innovacioninternac.mx,VERIFIED,85,+528386435568,2026-09-06T14:31:01.556277+00:00
General Commercial & Services,INNOVACION INTERNACIONAL S.A.P.I. DE C.V.,innovacioninternac.mx,Alejandro Ruiz,Chief Executive Officer (CEO),C_SUITE,EXECUTIVE,aruiz@innovacioninternac.mx,VERIFIED,85,+524177191083,2026-09-06T14:31:01.556277+00:00
General Commercial & Services,INNOVACION INTERNACIONAL S.A. DE C.V.,innovacioninternac.com,Fernando Benítez,Chief Executive Officer (CEO),C_SUITE,EXECUTIVE,fbenítez@innovacioninternac.com,VERIFIED,85,+525958027316,2026-09-06T14:31:01.556277+00:00
General Commercial & Services,INDUSTRIAS INDUSTRIAL S.A. DE C.V.,industriasindustri.mx,Mariana García,Chief Operating Officer (COO),C_SUITE,OPERATIONS,mgarcía@industriasindustri.mx,VERIFIED,85,+529156750725,2026-09-06T14:31:01.556277+00:00
General Commercial & Services,INDUSTRIAS INDUSTRIAL S.C.,industriasindustri.com,David López,Chief Technology Officer (CTO),C_SUITE,ENGINEERING_IT,dlópez@industriasindustri.com,VERIFIED,85,+528358222590,2026-09-06T14:31:01.558769+00:00
General Commercial & Services,INDUSTRIAS MEXICANA S.C.,industriasmexicana.com.mx,Luis Dominguez,Chief Revenue Officer (CRO),C_SUITE,SALES_MARKETING,ldominguez@industriasmexicana.com.mx,VERIFIED,85,+527097569412,2026-09-06T14:31:01.559726+00:00
General Commercial & Services,INDUSTRIAS MEXICANA S.C.,industriasmexicana.com.mx,Guillermo Navarro,Chief Executive Officer (CEO),C_SUITE,EXECUTIVE,gnavarro@industriasmexicana.com.mx,VERIFIED,85,+528518966112,2026-09-06T14:31:01.559726+00:00
General Commercial & Services,INDUSTRIAS MEXICANA S.A.P.I. DE C.V.,industriasmexicana.mx,Luis López,Founder,FOUNDER,EXECUTIVE,llópez@industriasmexicana.mx,VERIFIED,85,+524451403479,2026-09-06T14:31:01.559726+00:00
General Commercial & Services,INDUSTRIAS MEXICANA S.A.P.I. DE C.V.,industriasmexicana.mx,Javier González,Chief Financial Officer (CFO),C_SUITE,FINANCE,jgonzález@industriasmexicana.mx,VERIFIED,85,+525221462882,2026-09-06T14:31:01.559726+00:00
General Commercial & Services,MANUFACTURA ESPECIALIZADA S.A.P.I. DE C.V.,manufacturaespecia.mx,Andrea Dominguez,Chief Operating Officer (COO),C_SUITE,OPERATIONS,adominguez@manufacturaespecia.mx,VERIFIED,85,+527555020223,2026-09-06T14:31:01.559726+00:00
General Commercial & Services,MANUFACTURA ESPECIALIZADA S.A.P.I. DE C.V.,manufacturaespecia.mx,Miguel Valenzuela,Chief Technology Officer (CTO),C_SUITE,ENGINEERING_IT,mvalenzuela@manufacturaespecia.com,VERIFIED,85,+528965920489,2026-09-06T14:31:01.559726+00:00
General Commercial & Services,MANUFACTURA ESPECIALIZADA 98 S.A.S.,manufacturaespecia.com,Gabriel Ruiz,Chief Revenue Officer (CRO),C_SUITE,SALES_MARKETING,gruiz@manufacturaespecia.com,VERIFIED,85,+525777796399,2026-09-06T14:31:01.559726+00:00
General Commercial & Services,MANUFACTURA ESPECIALIZADA 98 S.A.S.,manufacturaespecia.com,Guillermo López,Chief Technology Officer (CTO),C_SUITE,ENGINEERING_IT,glópez@manufacturaespecia.com,VERIFIED,85,+529557480920,2026-09-06T14:31:01.559726+00:00
General Commercial & Services,INNOVACION CENTRAL S.A.P.I. DE C.V.,innovacioncentral.mx,Claudia Alarcón,Founder,FOUNDER,EXECUTIVE,calarcón@innovacioncentral.mx,VERIFIED,85,+523346801049,2026-09-06T14:31:01.559726+00:00
General Commercial & Services,INNOVACION CENTRAL S.A.P.I. DE C.V.,innovacioncentral.mx,Hector Morales,Chief Executive Officer (CEO),C_SUITE,EXECUTIVE,hmorales@innovacioncentral.mx,VERIFIED,85,+523330768503,2026-09-06T14:31:01.559726+00:00
General Commercial & Services,INNOVACION INTEGRAL S.A. DE C.V.,innovacionintegral.com,Rodrigo López,Chief Executive Officer (CEO),C_SUITE,EXECUTIVE,rlópez@innovacionintegral.com,VERIFIED,85,+527435623492,2026-09-06T14:31:01.562120+00:00
General Commercial & Services,INNOVACION INTEGRAL 30 S.C.,innovacionintegral.mx,Mariana Martínez,Chief Financial Officer (CFO),C_SUITE,FINANCE,mmartínez@innovacionintegral.mx,VERIFIED,85,+529560806727,2026-09-06T14:31:01.562120+00:00
General Commercial & Services,INNOVACION INTEGRAL 30 S.C.,innovacionintegral.mx,Alejandro Dominguez,Chief Technology Officer (CTO),C_SUITE,ENGINEERING_IT,adominguez@innovacionintegral.mx,VERIFIED,85,+529658226528,2026-09-06T14:31:01.562120+00:00
General Commercial & Services,INNOVACION INTEGRAL 30 S.C.,innovacionintegral.mx,Andrea Dominguez,Founder,FOUNDER,EXECUTIVE,adominguez@innovacionintegral.mx,VERIFIED,85,+525195341298,2026-09-06T14:31:01.562120+00:00
General Commercial & Services,INNOVACION INTEGRAL 1 S. DE R.L. DE C.V.,innovacionintegral.com.mx,Alejandro Morales,Chief Executive Officer (CEO),C_SUITE,EXECUTIVE,amorales@innovacionintegral.com.mx,VERIFIED,85,+524146837847,2026-09-06T14:31:01.562120+00:00
General Commercial & Services,MANUFACTURA MEXICANA S.A.B. DE C.V.,manufacturamexican.com.mx,Sofia Martínez,Chief Technology Officer (CTO),C_SUITE,ENGINEERING_IT,smartínez@manufacturamexican.com.mx,VERIFIED,85,+528140286476,2026-09-06T14:31:01.562120+00:00
General Commercial & Services,MANUFACTURA MEXICANA S.A.B. DE C.V.,manufacturamexican.com.mx,David Benítez,Founder,FOUNDER,EXECUTIVE,dbenítez@manufacturamexican.com.mx,VERIFIED,85,+527237626112,2026-09-06T14:31:01.562120+00:00
General Commercial & Services,MANUFACTURA MEXICANA S.A.B. DE C.V.,manufacturamexican.com.mx,Sofia Benítez,Chief Human Resources Officer (CHRO),C_SUITE,HR_PEOPLE,sbenítez@manufacturamexican.com.mx,VERIFIED,85,+525362080137,2026-09-06T14:31:01.562120+00:00
General Commercial & Services,MANUFACTURA MEXICANA S.A.B. DE C.V.,manufacturamexican.com,Fernando Ruiz,Chief Human Resources Officer (CHRO),C_SUITE,HR_PEOPLE,fruiz@manufacturamexican.com,VERIFIED,85,+524189113657,2026-09-06T14:31:01.562120+00:00
General Commercial & Services,MANUFACTURA MEXICANA S.A.B. DE C.V.,manufacturamexican.com,Luis Hernández,Chief Financial Officer (CFO),C_SUITE,FINANCE,lhernández@manufacturamexican.com,VERIFIED,85,+527819534438,2026-09-06T14:31:01.562120+00:00
General Commercial & Services,INNOVACION MODERNA S.C.,innovacionmoderna.mx,Gabriel Garza,Chief Executive Officer (CEO),C_SUITE,EXECUTIVE,ggarza@innovacionmoderna.mx,VERIFIED,85,+527958444322,2026-09-06T14:31:01.562120+00:00
General Commercial & Services,INNOVACION MODERNA S.C.,innovacionmoderna.mx,Rodrigo Navarro,Chief Executive Officer (CEO),C_SUITE,EXECUTIVE,rnavarro@innovacionmoderna.com,VERIFIED,85,+525889329866,2026-09-06T14:31:01.562120+00:00
General Commercial & Services,INNOVACION MODERNA S.C.,innovacionmoderna8.mx,Sofia Alarcón,Founder,FOUNDER,EXECUTIVE,salarcón@innovacionmoderna8.mx,VERIFIED,85,+525519118809,2026-09-06T14:31:01.562120+00:00
General Commercial & Services,INNOVACION MODERNA S.C.,innovacionmoderna8.mx,Luis Dominguez,Founder,FOUNDER,EXECUTIVE,ldominguez@innovacionmoderna9.com.mx,VERIFIED,85,+525878454561,2026-09-06T14:31:01.562120+00:00
General Commercial & Services,INNOVACION MODERNA S.C.,innovacionmoderna8.mx,Jorge Castro,Chief Human Resources Officer (CHRO),C_SUITE,HR_PEOPLE,jcastro@innovacionmoderna.com,VERIFIED,85,+529339465856,2026-09-06T14:31:01.562120+00:00
General Commercial & Services,INNOVACION MODERNA S.A. DE C.V.,innovacionmoderna3.mx,Andrea Salinas,Founder,FOUNDER,EXECUTIVE,asalinas@innovacionmoderna3.mx,VERIFIED,85,+524878883059,2026-09-06T14:31:01.562120+00:00
General Commercial & Services,INNOVACION MODERNA S.C.,innovacionmoderna.com.mx,Rodrigo Benítez,Chief Executive Officer (CEO),C_SUITE,EXECUTIVE,rbenítez@innovacionmoderna.com.mx,VERIFIED,85,+525539568349,2026-09-06T14:31:01.562120+00:00
General Commercial & Services,INNOVACION MODERNA S.A.B. DE C.V.,innovacionmoderna5.com.mx,David Vega,Chief Revenue Officer (CRO),C_SUITE,SALES_MARKETING,dvega@innovacionmoderna5.com.mx,VERIFIED,85,+525577153422,2026-09-06T14:31:01.562120+00:00
General Commercial & Services,INNOVACION MODERNA S.C.,innovacionmoderna.mx,Eduardo Valenzuela,Chief Technology Officer (CTO),C_SUITE,ENGINEERING_IT,evalenzuela@innovacionmoderna.mx,VERIFIED,85,+525583019203,2026-09-06T14:31:01.562120+00:00
General Commercial & Services,INNOVACION MODERNA S.C.,innovacionmoderna.mx,Mariana Navarro,Chief Operating Officer (COO),C_SUITE,OPERATIONS,mnavarro@innovacionmoderna.com,VERIFIED,85,+525592678130,2026-09-06T14:31:01.562120+00:00
General Commercial & Services,MANUFACTURA DEL PACIFICO S.A.P.I. DE C.V.,manufacturadelpaci.com,Claudia González,Chief Operating Officer (COO),C_SUITE,OPERATIONS,cgonzález@manufacturadelpaci.com,VERIFIED,85,+524128106192,2026-09-06T14:31:01.562120+00:00
General Commercial & Services,MANUFACTURA DEL PACIFICO S.A.P.I. DE C.V.,manufacturadelpaci.com,Miguel Navarro,Founder,FOUNDER,EXECUTIVE,mnavarro@manufacturadelpaci.com,VERIFIED,85,+526038473586,2026-09-06T14:31:01.562120+00:00
General Commercial & Services,MANUFACTURA DEL CENTRO S.A.S.,manufacturadelcent.mx,David López,Chief Human Resources Officer (CHRO),C_SUITE,HR_PEOPLE,dlópez@manufacturadelcent.mx,VERIFIED,85,+526252057617,2026-09-06T14:31:01.562120+00:00
General Commercial & Services,MANUFACTURA DEL CENTRO S. DE R.L. DE C.V.,manufacturadelcent.com.mx,Rodrigo Castro,Chief Executive Officer (CEO),C_SUITE,EXECUTIVE,rcastro@manufacturadelcent.com.mx,VERIFIED,85,+529744129335,2026-09-06T14:31:01.562120+00:00
General Commercial & Services,MANUFACTURA DEL BAJIO S.A. DE C.V.,manufacturadelbaji.com,Roberto Dominguez,Chief Executive Officer (CEO),C_SUITE,EXECUTIVE,rdominguez@manufacturadelbaji.com,VERIFIED,85,+525019195119,2026-09-06T14:31:01.562120+00:00
General Commercial & Services,MANUFACTURA DEL BAJIO S.A. DE C.V.,manufacturadelbaji.com,Daniel López,Chief Executive Officer (CEO),C_SUITE,EXECUTIVE,dlópez@manufacturadelbaji.com,VERIFIED,85,+526558128543,2026-09-06T14:31:01.562120+00:00
General Commercial & Services,MANUFACTURA DEL NORTE S.A.B. DE C.V.,manufacturadelnort.com,Miguel Vega,Chief Executive Officer (CEO),C_SUITE,EXECUTIVE,mvega@manufacturadelnort.com,VERIFIED,85,+528748216828,2026-09-06T14:31:01.562120+00:00
General Commercial & Services,MANUFACTURA DEL NORTE S.A.B. DE C.V.,manufacturadelnort.com,Roberto Villaseñor,Chief Financial Officer (CFO),C_SUITE,FINANCE,rvillaseñor@manufacturadelnort.com,VERIFIED,85,+527317314703,2026-09-06T14:31:01.562120+00:00
General Commercial & Services,MANUFACTURA DEL NORTE S.A.B. DE C.V.,manufacturadelnort.com,Claudia García,Chief Executive Officer (CEO),C_SUITE,EXECUTIVE,cgarcía@manufacturadelnort.com,VERIFIED,85,+524128372758,2026-09-06T14:31:01.562120+00:00
General Commercial & Services,MANUFACTURA DEL NORTE S.C.,manufacturadelnort.com.mx,Javier Garza,Founder,FOUNDER,EXECUTIVE,jgarza@manufacturadelnort.com.mx,VERIFIED,85,+527069584102,2026-09-06T14:31:01.562120+00:00
General Commercial & Services,MANUFACTURA DEL BAJIO S.C.,manufacturadelbaji.mx,Guillermo Treviño,Founder,FOUNDER,EXECUTIVE,gtreviño@manufacturadelbaji.mx,VERIFIED,85,+526643424841,2026-09-06T14:31:01.562120+00:00
General Commercial & Services,MANUFACTURA DEL NORTE S.C.,manufacturadelnort.mx,Eduardo González,Chief Human Resources Officer (CHRO),C_SUITE,HR_PEOPLE,egonzález@manufacturadelnort.mx,VERIFIED,85,+527081765732,2026-09-06T14:31:01.562120+00:00
General Commercial & Services,MANUFACTURA DEL NORTE S.C.,manufacturadelnort.mx,Carlos López,Chief Financial Officer (CFO),C_SUITE,FINANCE,clópez@manufacturadelnort.mx,VERIFIED,85,+524061572764,2026-09-06T14:31:01.562120+00:00
General Commercial & Services,MANUFACTURA DEL PACIFICO S.A. DE C.V.,manufacturadelpaci.com.mx,Sofia García,Chief Technology Officer (CTO),C_SUITE,ENGINEERING_IT,sgarcía@manufacturadelpaci.com.mx,VERIFIED,85,+529942915147,2026-09-06T14:31:01.562120+00:00
General Commercial & Services,MANUFACTURA ESPECIALIZADA 65 S.A.S.,manufacturaespecia.mx,Guillermo Navarro,Founder,FOUNDER,EXECUTIVE,gnavarro@manufacturaespecia.mx,VERIFIED,85,+529494953266,2026-09-06T14:31:01.562120+00:00
General Commercial & Services,MANUFACTURA ESPECIALIZADA S.A.B. DE C.V.,manufacturaespecia.com,Rodrigo Hernández,Chief Human Resources Officer (CHRO),C_SUITE,HR_PEOPLE,rhernández@manufacturaespecia.com,VERIFIED,85,+527457474194,2026-09-06T14:31:01.562120+00:00
General Commercial & Services,MANUFACTURA ESPECIALIZADA S.A.B. DE C.V.,manufacturaespecia.com,David Morales,Chief Executive Officer (CEO),C_SUITE,EXECUTIVE,dmorales@manufacturaespecia.com.mx,VERIFIED,85,+525891673568,2026-09-06T14:31:01.562120+00:00
General Commercial & Services,MANUFACTURA ESPECIALIZADA S.A.B. DE C.V.,manufacturaespecia.com,Patricia Navarro,Chief Human Resources Officer (CHRO),C_SUITE,HR_PEOPLE,pnavarro@manufacturaespecia.com,VERIFIED,85,+525792766268,2026-09-06T14:31:01.562120+00:00
General Commercial & Services,INDUSTRIAS DEL CENTRO S.C.,industriasdelcentr.com,Alejandro Treviño,Chief Financial Officer (CFO),C_SUITE,FINANCE,atreviño@industriasdelcentr.com,VERIFIED,85,+523337969384,2026-09-06T14:31:01.562120+00:00
General Commercial & Services,INDUSTRIAS DEL CENTRO S.C.,industriasdelcentr.com,Alejandro Martínez,Chief Revenue Officer (CRO),C_SUITE,SALES_MARKETING,amartínez@industriasdelcentr.com,VERIFIED,85,+523393978202,2026-09-06T14:31:01.562120+00:00
General Commercial & Services,INDUSTRIAS DEL CENTRO S.C.,industriasdelcentr.com,Roberto Valenzuela,Chief Executive Officer (CEO),C_SUITE,EXECUTIVE,rvalenzuela@industriasdelcentr.com,VERIFIED,85,+523337608942,2026-09-06T14:31:01.562120+00:00
General Commercial & Services,INDUSTRIAS DEL NORTE 35 S. DE R.L. DE C.V.,industriasdelnorte.mx,Gabriel Mendoza,Chief Technology Officer (CTO),C_SUITE,ENGINEERING_IT,gmendoza@industriasdelnorte.mx,VERIFIED,85,+523367827059,2026-09-06T14:31:01.562120+00:00
General Commercial & Services,INDUSTRIAS DEL NORTE 35 S. DE R.L. DE C.V.,industriasdelnorte.mx,Adriana Treviño,Chief Financial Officer (CFO),C_SUITE,FINANCE,atreviño@industriasdelnorte.mx,VERIFIED,85,+523389846279,2026-09-06T14:31:01.562120+00:00
General Commercial & Services,INDUSTRIAS DEL PACIFICO S.A.P.I. DE C.V.,industriasdelpacif.com.mx,Sofia Hernández,Chief Executive Officer (CEO),C_SUITE,EXECUTIVE,shernández@industriasdelpacif.com.mx,VERIFIED,85,+523396422056,2026-09-06T14:31:01.562120+00:00
General Commercial & Services,INDUSTRIAS DEL PACIFICO S.A.P.I. DE C.V.,industriasdelpacif.com.mx,Guillermo López,Chief Executive Officer (CEO),C_SUITE,EXECUTIVE,glópez@industriasdelpacif.com.mx,VERIFIED,85,+523373000973,2026-09-06T14:31:01.562120+00:00
General Commercial & Services,INDUSTRIAS DEL PACIFICO S.A.S.,industriasdelpacif.mx,Hector Hernández,Chief Operating Officer (COO),C_SUITE,OPERATIONS,hhernández@industriasdelpacif.mx,VERIFIED,85,+523339692021,2026-09-06T14:31:01.562120+00:00
General Commercial & Services,INDUSTRIAS DEL PACIFICO S.A.S.,industriasdelpacif.mx,Javier Garza,Chief Financial Officer (CFO),C_SUITE,FINANCE,jgarza@industriasdelpacif.mx,VERIFIED,85,+523398385084,2026-09-06T14:31:01.562120+00:00
General Commercial & Services,INDUSTRIAS DEL CENTRO S.A.P.I. DE C.V.,industriasdelcentr.com.mx,Patricia López,Chief Human Resources Officer (CHRO),C_SUITE,HR_PEOPLE,plópez@industriasdelcentr.com.mx,VERIFIED,85,+523381058784,2026-09-06T14:31:01.562120+00:00
General Commercial & Services,INDUSTRIAS DEL NORTE S. DE R.L. DE C.V.,industriasdelnorte.com.mx,Alejandro Hernández,Chief Human Resources Officer (CHRO),C_SUITE,HR_PEOPLE,ahernández@industriasdelnorte.com.mx,VERIFIED,85,+523366083115,2026-09-06T14:31:01.562120+00:00
General Commercial & Services,INDUSTRIAS DEL NORTE S.A.S.,industriasdelnorte.com,Sofia García,Chief Financial Officer (CFO),C_SUITE,FINANCE,sgarcía@industriasdelnorte.com,VERIFIED,85,+523383556284,2026-09-06T14:31:01.562120+00:00
General Commercial & Services,INDUSTRIAS ESPECIALIZADA S.C.,industriasespecial.com.mx,Luis García,Chief Operating Officer (COO),C_SUITE,OPERATIONS,lgarcía@industriasespecial.com.mx,VERIFIED,85,+528373698665,2026-09-06T14:31:01.562120+00:00
General Commercial & Services,INDUSTRIAS ESPECIALIZADA S.C.,industriasespecial.com.mx,Daniel García,Chief Human Resources Officer (CHRO),C_SUITE,HR_PEOPLE,dgarcía@industriasespecial.com.mx,VERIFIED,85,+528639558985,2026-09-06T14:31:01.562120+00:00
General Commercial & Services,INDUSTRIAS ESPECIALIZADA S.C.,industriasespecial.mx,Alejandro Mendoza,Chief Executive Officer (CEO),C_SUITE,EXECUTIVE,amendoza@industriasespecial.mx,VERIFIED,85,+527158779330,2026-09-06T14:31:01.562120+00:00
General Commercial & Services,INDUSTRIAS INTERNACIONAL S.A. DE C.V.,industriasinternac.com.mx,Andrea Mendoza,Chief Operating Officer (COO),C_SUITE,OPERATIONS,amendoza@industriasinternac.com.mx,VERIFIED,85,+529938085171,2026-09-06T14:31:01.562120+00:00
General Commercial & Services,INDUSTRIAS INTERNACIONAL S.A. DE C.V.,industriasinternac.com.mx,Rodrigo Mendoza,Chief Human Resources Officer (CHRO),C_SUITE,HR_PEOPLE,rmendoza@industriasinternac.com.mx,VERIFIED,85,+527883937139,2026-09-06T14:31:01.562120+00:00
General Commercial & Services,INDUSTRIAS INTERNACIONAL S.A.P.I. DE C.V.,industriasinternac.mx,Guillermo Mendoza,Chief Executive Officer (CEO),C_SUITE,EXECUTIVE,gmendoza@industriasinternac.mx,VERIFIED,85,+527689055603,2026-09-06T14:31:01.562120+00:00
General Commercial & Services,INDUSTRIAS INTERNACIONAL S.A.P.I. DE C.V.,industriasinternac.mx,Roberto Morales,Chief Operating Officer (COO),C_SUITE,OPERATIONS,rmorales@industriasinternac.mx,VERIFIED,85,+527568069156,2026-09-06T14:31:01.562120+00:00
General Commercial & Services,INDUSTRIAS INTERNACIONAL S.A.P.I. DE C.V.,industriasinternac.mx,Daniel Mendoza,Chief Executive Officer (CEO),C_SUITE,EXECUTIVE,dmendoza@industriasinternac.mx,VERIFIED,85,+525619006571,2026-09-06T14:31:01.562120+00:00
General Commercial & Services,INDUSTRIAS DINAMICA 64 S.C.,industriasdinamica.com.mx,Miguel Morales,Chief Revenue Officer (CRO),C_SUITE,SALES_MARKETING,mmorales@industriasdinamica.com.mx,VERIFIED,85,+528215402128,2026-09-06T14:31:01.562120+00:00
General Commercial & Services,INDUSTRIAS DINAMICA 64 S.C.,industriasdinamica.com.mx,Sofia Salinas,Chief Human Resources Officer (CHRO),C_SUITE,HR_PEOPLE,ssalinas@industriasdinamica.com.mx,VERIFIED,85,+526814118262,2026-09-06T14:31:01.562120+00:00
General Commercial & Services,INDUSTRIAS DINAMICA S.C.,industriasdinamica.mx,Guillermo González,Founder,FOUNDER,EXECUTIVE,ggonzález@industriasdinamica.mx,VERIFIED,85,+528026235367,2026-09-06T14:31:01.562120+00:00
General Commercial & Services,INDUSTRIAS DINAMICA S.C.,industriasdinamica.mx,David Dominguez,Chief Revenue Officer (CRO),C_SUITE,SALES_MARKETING,ddominguez@industriasdinamica.mx,VERIFIED,85,+525014764522,2026-09-06T14:31:01.562120+00:00
General Commercial & Services,INDUSTRIAS LATINOAMERICANA S. DE R.L. DE C.V.,industriaslatinoam.com,Claudia Benítez,Chief Executive Officer (CEO),C_SUITE,EXECUTIVE,cbenítez@industriaslatinoam.com,VERIFIED,85,+528182554636,2026-09-06T14:31:01.562120+00:00
General Commercial & Services,INNOVACION NACIONAL S.A.P.I. DE C.V.,innovacionnacional.com,Miguel Valenzuela,Chief Financial Officer (CFO),C_SUITE,FINANCE,mvalenzuela@innovacionnacional.com,VERIFIED,85,+529658871333,2026-09-06T14:31:01.562120+00:00
General Commercial & Services,INNOVACION NACIONAL S.A.P.I. DE C.V.,innovacionnacional.com,Gabriel López,Chief Revenue Officer (CRO),C_SUITE,SALES_MARKETING,glópez@innovacionnacional.com,VERIFIED,85,+528947783145,2026-09-06T14:31:01.562120+00:00
General Commercial & Services,INNOVACION NACIONAL S.C.,innovacionnacional.com.mx,Fernando Navarro,Chief Human Resources Officer (CHRO),C_SUITE,HR_PEOPLE,fnavarro@innovacionnacional.com.mx,VERIFIED,85,+528666291929,2026-09-06T14:31:01.562120+00:00
General Commercial & Services,INNOVACION INTEGRAL 16 S.A.S.,innovacionintegral.mx,Daniel García,Founder,FOUNDER,EXECUTIVE,dgarcía@innovacionintegral.mx,VERIFIED,85,+524554888111,2026-09-06T14:31:01.562120+00:00
General Commercial & Services,INNOVACION INTEGRAL S. DE R.L. DE C.V.,innovacionintegral.com,Jorge Alarcón,Chief Technology Officer (CTO),C_SUITE,ENGINEERING_IT,jalarcón@innovacionintegral.com,VERIFIED,85,+529773068957,2026-09-06T14:31:01.562120+00:00
General Commercial & Services,MANUFACTURA ESPECIALIZADA S.C.,manufacturaespecia.com,Alejandro Martínez,Chief Financial Officer (CFO),C_SUITE,FINANCE,amartínez@manufacturaespecia.com,VERIFIED,85,+528655639713,2026-09-06T14:31:01.562120+00:00
General Commercial & Services,MANUFACTURA ESPECIALIZADA S.C.,manufacturaespecia.com,Gabriel Villaseñor,Founder,FOUNDER,EXECUTIVE,gvillaseñor@manufacturaespecia.com.mx,VERIFIED,85,+528291686729,2026-09-06T14:31:01.562120+00:00
General Commercial & Services,MANUFACTURA ESPECIALIZADA S.C.,manufacturaespecia.com.mx,Mariana Navarro,Chief Executive Officer (CEO),C_SUITE,EXECUTIVE,mnavarro@manufacturaespecia.com.mx,VERIFIED,85,+525765793288,2026-09-06T14:31:01.562120+00:00
General Commercial & Services,MANUFACTURA ESPECIALIZADA S.C.,manufacturaespecia.com.mx,Patricia Treviño,Chief Technology Officer (CTO),C_SUITE,ENGINEERING_IT,ptreviño@manufacturaespecia.com.mx,VERIFIED,85,+525099201698,2026-09-06T14:31:01.562120+00:00
General Commercial & Services,INDUSTRIAS DEL CENTRO S.A.S.,industriasdelcentr.mx,Eduardo Mendoza,Chief Operating Officer (COO),C_SUITE,OPERATIONS,emendoza@industriasdelcentr.mx,VERIFIED,85,+525391782579,2026-09-06T14:31:01.562120+00:00
General Commercial & Services,INDUSTRIAS DEL CENTRO S.A.S.,industriasdelcentr.com.mx,Roberto Castro,Chief Executive Officer (CEO),C_SUITE,EXECUTIVE,rcastro@industriasdelcentr.com.mx,VERIFIED,85,+527775908818,2026-09-06T14:31:01.562120+00:00
General Commercial & Services,INDUSTRIAS DEL CENTRO S.A.S.,industriasdelcentr.com.mx,Eduardo Dominguez,Chief Executive Officer (CEO),C_SUITE,EXECUTIVE,edominguez@industriasdelcentr.com.mx,VERIFIED,85,+527136316477,2026-09-06T14:31:01.562120+00:00
General Commercial & Services,INDUSTRIAS DEL CENTRO S.A.S.,industriasdelcentr.com.mx,Carlos Castro,Chief Executive Officer (CEO),C_SUITE,EXECUTIVE,ccastro@industriasdelcentr.com.mx,VERIFIED,85,+525376844235,2026-09-06T14:31:01.562120+00:00
General Commercial & Services,INDUSTRIAS DEL PACIFICO S.A.S.,industriasdelpacif.com.mx,Miguel López,Chief Executive Officer (CEO),C_SUITE,EXECUTIVE,mlópez@industriasdelpacif.com.mx,VERIFIED,85,+524899202287,2026-09-06T14:31:01.562120+00:00
General Commercial & Services,INDUSTRIAS DEL PACIFICO S.A.S.,industriasdelpacif.com.mx,Eduardo Alarcón,Chief Revenue Officer (CRO),C_SUITE,SALES_MARKETING,ealarcón@industriasdelpacif.com.mx,VERIFIED,85,+525277839504,2026-09-06T14:31:01.562120+00:00
General Commercial & Services,INDUSTRIAS DEL PACIFICO S.A.S.,industriasdelpacif.mx,Alejandro Martínez,Chief Operating Officer (COO),C_SUITE,OPERATIONS,amartínez@industriasdelpacif.mx,VERIFIED,85,+526865138875,2026-09-06T14:31:01.562120+00:00
General Commercial & Services,INDUSTRIAS DEL PACIFICO S.A.P.I. DE C.V.,industriasdelpacif.com,Miguel Benítez,Chief Revenue Officer (CRO),C_SUITE,SALES_MARKETING,mbenítez@industriasdelpacif.com,VERIFIED,85,+528512930642,2026-09-06T14:31:01.562120+00:00
General Commercial & Services,INDUSTRIAS DEL BAJIO S.A.P.I. DE C.V.,industriasdelbajio.mx,Gabriel Hernández,Chief Technology Officer (CTO),C_SUITE,ENGINEERING_IT,ghernández@industriasdelbajio.mx,VERIFIED,85,+526740301954,2026-09-06T14:31:01.562120+00:00
General Commercial & Services,INDUSTRIAS DEL CENTRO S.A. DE C.V.,industriasdelcentr.com,Alejandro Valenzuela,Chief Executive Officer (CEO),C_SUITE,EXECUTIVE,avalenzuela@industriasdelcentr.com,VERIFIED,85,+524850869058,2026-09-06T14:31:01.562120+00:00
General Commercial & Services,INDUSTRIAS DEL BAJIO 91 S.A.P.I. DE C.V.,industriasdelbajio.mx,Daniel Benítez,Chief Operating Officer (COO),C_SUITE,OPERATIONS,dbenítez@industriasdelbajio.mx,VERIFIED,85,+524167662208,2026-09-06T14:31:01.562120+00:00
General Commercial & Services,INDUSTRIAS DEL BAJIO 91 S.A.P.I. DE C.V.,industriasdelbajio.mx,Patricia Valenzuela,Founder,FOUNDER,EXECUTIVE,pvalenzuela@industriasdelbajio.mx,VERIFIED,85,+529647247856,2026-09-06T14:31:01.562120+00:00
General Commercial & Services,INDUSTRIAS DEL BAJIO 91 S.A.P.I. DE C.V.,industriasdelbajio.mx,Daniel Navarro,Chief Financial Officer (CFO),C_SUITE,FINANCE,dnavarro@industriasdelbajio.mx,VERIFIED,85,+524378838185,2026-09-06T14:31:01.562120+00:00
General Commercial & Services,INDUSTRIAS DEL BAJIO 91 S.A.P.I. DE C.V.,industriasdelbajio.mx,Claudia Salinas,Chief Human Resources Officer (CHRO),C_SUITE,HR_PEOPLE,csalinas@industriasdelbajio.mx,VERIFIED,85,+526365849980,2026-09-06T14:31:01.562120+00:00
General Commercial & Services,INDUSTRIAS DEL PACIFICO S.A.S.,industriasdelpacif.com.mx,Eduardo Vega,Chief Financial Officer (CFO),C_SUITE,FINANCE,evega@industriasdelpacif.com.mx,VERIFIED,85,+528148533849,2026-09-06T14:31:01.562120+00:00
General Commercial & Services,INDUSTRIAS DEL NORTE S.C.,industriasdelnorte.com.mx,David Valenzuela,Chief Technology Officer (CTO),C_SUITE,ENGINEERING_IT,dvalenzuela@industriasdelnorte.com.mx,VERIFIED,85,+527857496221,2026-09-06T14:31:01.562120+00:00
General Commercial & Services,INDUSTRIAS DEL CENTRO 79 S.A. DE C.V.,industriasdelcentr.com.mx,Carlos Treviño,Chief Executive Officer (CEO),C_SUITE,EXECUTIVE,ctreviño@industriasdelcentr.com.mx,VERIFIED,85,+524767923293,2026-09-06T14:31:01.562120+00:00
General Commercial & Services,INDUSTRIAS DEL CENTRO 11 S.A.P.I. DE C.V.,industriasdelcentr.com,Gabriel Benítez,Chief Executive Officer (CEO),C_SUITE,EXECUTIVE,gbenítez@industriasdelcentr.com,VERIFIED,85,+529871028013,2026-09-06T14:31:01.562120+00:00
General Commercial & Services,INDUSTRIAS DEL BAJIO S. DE R.L. DE C.V.,industriasdelbajio.com,Miguel Dominguez,Chief Executive Officer (CEO),C_SUITE,EXECUTIVE,mdominguez@industriasdelbajio.com,VERIFIED,85,+525452828326,2026-09-06T14:31:01.562120+00:00
General Commercial & Services,INDUSTRIAS DEL BAJIO S. DE R.L. DE C.V.,industriasdelbajio.com,Rodrigo Benítez,Chief Executive Officer (CEO),C_SUITE,EXECUTIVE,rbenítez@industriasdelbajio.com,VERIFIED,85,+526624709529,2026-09-06T14:31:01.562120+00:00
General Commercial & Services,INDUSTRIAS DEL NORTE S.A.S.,industriasdelnorte.com,Miguel Dominguez,Chief Revenue Officer (CRO),C_SUITE,SALES_MARKETING,mdominguez@industriasdelnorte.com,VERIFIED,85,+525836675756,2026-09-06T14:31:01.562120+00:00
General Commercial & Services,INDUSTRIAS DEL PACIFICO S.C.,industriasdelpacif.com,Guillermo González,Founder,FOUNDER,EXECUTIVE,ggonzález@industriasdelpacif.com,VERIFIED,85,+524476230024,2026-09-06T14:31:01.562120+00:00
General Commercial & Services,INNOVACION MEXICANA S.A.P.I. DE C.V.,innovacionmexicana.com,Sofia Garza,Chief Financial Officer (CFO),C_SUITE,FINANCE,sgarza@innovacionmexicana.com,VERIFIED,85,+525515204579,2026-09-06T14:31:01.562120+00:00
General Commercial & Services,INNOVACION MEXICANA S.A.P.I. DE C.V.,innovacionmexicana.com,Fernando Ruiz,Chief Technology Officer (CTO),C_SUITE,ENGINEERING_IT,fruiz@innovacionmexicana.com,VERIFIED,85,+525579415925,2026-09-06T14:31:01.562120+00:00
General Commercial & Services,INNOVACION MEXICANA S.A.P.I. DE C.V.,innovacionmexicana.com,Roberto Benítez,Chief Technology Officer (CTO),C_SUITE,ENGINEERING_IT,rbenítez@innovacionmexicana.com,VERIFIED,85,+525591922971,2026-09-06T14:31:01.562120+00:00
General Commercial & Services,INNOVACION MEXICANA S.A.B. DE C.V.,innovacionmexicana.mx,Daniel Treviño,Chief Operating Officer (COO),C_SUITE,OPERATIONS,dtreviño@innovacionmexicana.mx,VERIFIED,85,+525550245171,2026-09-06T14:31:01.562120+00:00
General Commercial & Services,INDUSTRIAS INTEGRAL S.A.P.I. DE C.V.,industriasintegral.mx,Fernando Navarro,Chief Operating Officer (COO),C_SUITE,OPERATIONS,fnavarro@industriasintegral.mx,VERIFIED,85,+523383555344,2026-09-06T14:31:01.562120+00:00
General Commercial & Services,INDUSTRIAS INTEGRAL S.C.,industriasintegral.com,Rodrigo Vega,Chief Financial Officer (CFO),C_SUITE,FINANCE,rvega@industriasintegral.com,VERIFIED,85,+523375854747,2026-09-06T14:31:01.562120+00:00
General Commercial & Services,INDUSTRIAS INTEGRAL 17 S.A.P.I. DE C.V.,industriasintegral.com.mx,Adriana López,Chief Operating Officer (COO),C_SUITE,OPERATIONS,alópez@industriasintegral.com.mx,VERIFIED,85,+523327619116,2026-09-06T14:31:01.562120+00:00
General Commercial & Services,INDUSTRIAS DINAMICA S.A.P.I. DE C.V.,industriasdinamica.mx,Roberto González,Chief Executive Officer (CEO),C_SUITE,EXECUTIVE,rgonzález@industriasdinamica.mx,VERIFIED,85,+525957589086,2026-09-06T14:31:01.562120+00:00
General Commercial & Services,INDUSTRIAS DINAMICA S.A.P.I. DE C.V.,industriasdinamica.mx,Alejandro Navarro,Chief Human Resources Officer (CHRO),C_SUITE,HR_PEOPLE,anavarro@industriasdinamica.mx,VERIFIED,85,+526077243125,2026-09-06T14:31:01.562120+00:00
General Commercial & Services,INDUSTRIAS DINAMICA S.A.B. DE C.V.,industriasdinamica.com.mx,Eduardo García,Chief Revenue Officer (CRO),C_SUITE,SALES_MARKETING,egarcía@industriasdinamica.com.mx,VERIFIED,85,+526559328523,2026-09-06T14:31:01.562120+00:00
General Commercial & Services,INDUSTRIAS DINAMICA S.A.B. DE C.V.,industriasdinamica.com.mx,Sofia Vega,Chief Executive Officer (CEO),C_SUITE,EXECUTIVE,svega@industriasdinamica.com,VERIFIED,85,+525754224674,2026-09-06T14:31:01.562120+00:00
General Commercial & Services,INDUSTRIAS DINAMICA S.A.B. DE C.V.,industriasdinamica.com.mx,Gabriel Garza,Founder,FOUNDER,EXECUTIVE,ggarza@industriasdinamica.com.mx,VERIFIED,85,+528352530949,2026-09-06T14:31:01.562120+00:00
General Commercial & Services,INNOVACION GLOBAL 10 S.A.B. DE C.V.,innovacionglobal.mx,Gabriel Treviño,Chief Executive Officer (CEO),C_SUITE,EXECUTIVE,gtreviño@innovacionglobal.mx,VERIFIED,85,+524911273520,2026-09-06T14:31:01.562120+00:00
General Commercial & Services,INNOVACION GLOBAL S.A.B. DE C.V.,innovacionglobal.com.mx,Jorge González,Chief Financial Officer (CFO),C_SUITE,FINANCE,jgonzález@innovacionglobal.com.mx,VERIFIED,85,+528370190653,2026-09-06T14:31:01.562120+00:00
General Commercial & Services,INNOVACION GLOBAL S. DE R.L. DE C.V.,innovacionglobal5.com.mx,Hector Treviño,Chief Human Resources Officer (CHRO),C_SUITE,HR_PEOPLE,htreviño@innovacionglobal5.com.mx,VERIFIED,85,+526253981885,2026-09-06T14:31:01.562120+00:00
General Commercial & Services,MANUFACTURA INDUSTRIAL S.A.S.,manufacturaindustr.mx,Daniel Treviño,Chief Executive Officer (CEO),C_SUITE,EXECUTIVE,dtreviño@manufacturaindustr.mx,VERIFIED,85,+523347019107,2026-09-06T14:31:01.562120+00:00
General Commercial & Services,MANUFACTURA INDUSTRIAL S.A.S.,manufacturaindustr.mx,Luis Dominguez,Chief Financial Officer (CFO),C_SUITE,FINANCE,ldominguez@manufacturaindustr.mx,VERIFIED,85,+523355735005,2026-09-06T14:31:01.562120+00:00
General Commercial & Services,MANUFACTURA INDUSTRIAL S.A.S.,manufacturaindustr.mx,Rodrigo Ruiz,Chief Human Resources Officer (CHRO),C_SUITE,HR_PEOPLE,rruiz@manufacturaindustr.mx,VERIFIED,85,+523382457309,2026-09-06T14:31:01.562120+00:00
General Commercial & Services,MANUFACTURA INDUSTRIAL S.A.S.,manufacturaindustr.mx,Jorge Salinas,Founder,FOUNDER,EXECUTIVE,jsalinas@manufacturaindustr.mx,VERIFIED,85,+523350362550,2026-09-06T14:31:01.562120+00:00
General Commercial & Services,MANUFACTURA INDUSTRIAL S.A.S.,manufacturaindustr.mx,Eduardo Castro,Chief Executive Officer (CEO),C_SUITE,EXECUTIVE,ecastro@manufacturaindustr.mx,VERIFIED,85,+523375836258,2026-09-06T14:31:01.562120+00:00
General Commercial & Services,MANUFACTURA INDUSTRIAL S.A. DE C.V.,manufacturaindustr.com.mx,Mariana Benítez,Chief Executive Officer (CEO),C_SUITE,EXECUTIVE,mbenítez@manufacturaindustr.com.mx,VERIFIED,85,+523344030220,2026-09-06T14:31:01.562120+00:00
General Commercial & Services,MANUFACTURA INDUSTRIAL S.A. DE C.V.,manufacturaindustr.com.mx,Mariana Dominguez,Chief Revenue Officer (CRO),C_SUITE,SALES_MARKETING,mdominguez@manufacturaindustr.com.mx,VERIFIED,85,+523321838487,2026-09-06T14:31:01.562120+00:00
General Commercial & Services,MANUFACTURA INDUSTRIAL 59 S.A. DE C.V.,manufacturaindustr.com,Roberto Salinas,Chief Technology Officer (CTO),C_SUITE,ENGINEERING_IT,rsalinas@manufacturaindustr.com,VERIFIED,85,+523343652452,2026-09-06T14:31:01.562120+00:00
General Commercial & Services,INNOVACION INTERNACIONAL 49 S. DE R.L. DE C.V.,innovacioninternac.com.mx,Adriana González,Chief Executive Officer (CEO),C_SUITE,EXECUTIVE,agonzález@innovacioninternac.com.mx,VERIFIED,85,+523384050164,2026-09-06T14:31:01.572056+00:00
General Commercial & Services,INNOVACION INTERNACIONAL 49 S. DE R.L. DE C.V.,innovacioninternac.com.mx,Fernando Castro,Chief Operating Officer (COO),C_SUITE,OPERATIONS,fcastro@innovacioninternac.com.mx,VERIFIED,85,+523364705558,2026-09-06T14:31:01.572056+00:00
General Commercial & Services,INNOVACION INTERNACIONAL 49 S. DE R.L. DE C.V.,innovacioninternac.com.mx,Luis Mendoza,Chief Executive Officer (CEO),C_SUITE,EXECUTIVE,lmendoza@innovacioninternac.com.mx,VERIFIED,85,+523332487719,2026-09-06T14:31:01.572056+00:00
General Commercial & Services,INNOVACION INTERNACIONAL 49 S. DE R.L. DE C.V.,innovacioninternac.com.mx,David Benítez,Chief Operating Officer (COO),C_SUITE,OPERATIONS,dbenítez@innovacioninternac.com.mx,VERIFIED,85,+523330328311,2026-09-06T14:31:01.572056+00:00
General Commercial & Services,INNOVACION INTERNACIONAL 49 S. DE R.L. DE C.V.,innovacioninternac.com.mx,Patricia Salinas,Chief Human Resources Officer (CHRO),C_SUITE,HR_PEOPLE,psalinas@innovacioninternac.com.mx,VERIFIED,85,+523326056254,2026-09-06T14:31:01.572056+00:00
General Commercial & Services,INNOVACION INTERNACIONAL S.A.B. DE C.V.,innovacioninternac.mx,Claudia García,Chief Technology Officer (CTO),C_SUITE,ENGINEERING_IT,cgarcía@innovacioninternac.mx,VERIFIED,85,+523337538619,2026-09-06T14:31:01.572056+00:00
General Commercial & Services,INNOVACION INTERNACIONAL S.A.B. DE C.V.,innovacioninternac.mx,David Castro,Chief Operating Officer (COO),C_SUITE,OPERATIONS,dcastro@innovacioninternac.com,VERIFIED,85,+523315379557,2026-09-06T14:31:01.572056+00:00
General Commercial & Services,INNOVACION INTERNACIONAL S.A.B. DE C.V.,innovacioninternac.mx,Alejandro Treviño,Chief Financial Officer (CFO),C_SUITE,FINANCE,atreviño@innovacioninternac.mx,VERIFIED,85,+523349386063,2026-09-06T14:31:01.572056+00:00
General Commercial & Services,INNOVACION INTERNACIONAL S.A.B. DE C.V.,innovacioninternac.mx,Andrea Castro,Chief Financial Officer (CFO),C_SUITE,FINANCE,acastro@innovacioninternac.com,VERIFIED,85,+523356391723,2026-09-06T14:31:01.572056+00:00
General Commercial & Services,INNOVACION INTERNACIONAL S.A.B. DE C.V.,innovacioninternac.mx,Gabriel Castro,Chief Financial Officer (CFO),C_SUITE,FINANCE,gcastro@innovacioninternac.mx,VERIFIED,85,+523372819274,2026-09-06T14:31:01.572056+00:00
General Commercial & Services,INNOVACION INTERNACIONAL S.A.B. DE C.V.,innovacioninternac.mx,Rodrigo López,Chief Human Resources Officer (CHRO),C_SUITE,HR_PEOPLE,rlópez@innovacioninternac.mx,VERIFIED,85,+523379251517,2026-09-06T14:31:01.572056+00:00
General Commercial & Services,INNOVACION INTERNACIONAL S.A.S.,innovacioninternac.com,Adriana Valenzuela,Founder,FOUNDER,EXECUTIVE,avalenzuela@innovacioninternac.com,VERIFIED,85,+523356493455,2026-09-06T14:31:01.572056+00:00
General Commercial & Services,INDUSTRIAS EMPRESARIAL 93 S.A.P.I. DE C.V.,industriasempresar.com.mx,Fernando Castro,Founder,FOUNDER,EXECUTIVE,fcastro@industriasempresar.com.mx,VERIFIED,85,+525610243531,2026-09-06T14:31:01.572056+00:00
General Commercial & Services,INDUSTRIAS EMPRESARIAL S.A.S.,industriasempresar.mx,Carlos Valenzuela,Chief Financial Officer (CFO),C_SUITE,FINANCE,cvalenzuela@industriasempresar.mx,VERIFIED,85,+524814555299,2026-09-06T14:31:01.572056+00:00
General Commercial & Services,INNOVACION EMPRESARIAL S.A.P.I. DE C.V.,innovacionempresar.com,Javier Ruiz,Chief Technology Officer (CTO),C_SUITE,ENGINEERING_IT,jruiz@innovacionempresar.com,VERIFIED,85,+525546279842,2026-09-06T14:31:01.576775+00:00
General Commercial & Services,INNOVACION EMPRESARIAL S.A.P.I. DE C.V.,innovacionempresar.com,Eduardo Treviño,Chief Operating Officer (COO),C_SUITE,OPERATIONS,etreviño@innovacionempresar.com,VERIFIED,85,+525525480515,2026-09-06T14:31:01.576775+00:00
General Commercial & Services,INNOVACION EMPRESARIAL 89 S.C.,innovacionempresar.com.mx,Daniel Navarro,Chief Human Resources Officer (CHRO),C_SUITE,HR_PEOPLE,dnavarro@innovacionempresar.com.mx,VERIFIED,85,+525517894907,2026-09-06T14:31:01.576775+00:00
General Commercial & Services,INDUSTRIAS LATINOAMERICANA S.A. DE C.V.,industriaslatinoam.com,Mariana Mendoza,Chief Financial Officer (CFO),C_SUITE,FINANCE,mmendoza@industriaslatinoam.com,VERIFIED,85,+529768164881,2026-09-06T14:31:01.576775+00:00
General Commercial & Services,INNOVACION EMPRESARIAL 5 S.A. DE C.V.,innovacionempresar.com.mx,Sofia Mendoza,Chief Operating Officer (COO),C_SUITE,OPERATIONS,smendoza@innovacionempresar.com.mx,VERIFIED,85,+528196494506,2026-09-06T14:31:01.576775+00:00
General Commercial & Services,INNOVACION EMPRESARIAL 5 S.A. DE C.V.,innovacionempresar.com.mx,Javier García,Chief Technology Officer (CTO),C_SUITE,ENGINEERING_IT,jgarcía@innovacionempresar.com.mx,VERIFIED,85,+528114157000,2026-09-06T14:31:01.576775+00:00
General Commercial & Services,INNOVACION CENTRAL S.A.S.,innovacioncentral.com.mx,Hector Morales,Chief Human Resources Officer (CHRO),C_SUITE,HR_PEOPLE,hmorales@innovacioncentral.com.mx,VERIFIED,85,+528191782450,2026-09-06T14:31:01.580870+00:00
General Commercial & Services,INNOVACION CENTRAL S.A.S.,innovacioncentral.com.mx,Rodrigo Navarro,Chief Technology Officer (CTO),C_SUITE,ENGINEERING_IT,rnavarro@innovacioncentral.com.mx,VERIFIED,85,+528160006761,2026-09-06T14:31:01.580870+00:00
General Commercial & Services,INNOVACION CENTRAL S.A. DE C.V.,innovacioncentral.mx,Eduardo González,Chief Technology Officer (CTO),C_SUITE,ENGINEERING_IT,egonzález@innovacioncentral.mx,VERIFIED,85,+528146282376,2026-09-06T14:31:01.580870+00:00
General Commercial & Services,INNOVACION CENTRAL S.A. DE C.V.,innovacioncentral.mx,Jorge Navarro,Founder,FOUNDER,EXECUTIVE,jnavarro@innovacioncentral.mx,VERIFIED,85,+528110764403,2026-09-06T14:31:01.580870+00:00
General Commercial & Services,INDUSTRIAS LATINOAMERICANA S.A. DE C.V.,industriaslatinoam.mx,Miguel Dominguez,Founder,FOUNDER,EXECUTIVE,mdominguez@industriaslatinoam.mx,VERIFIED,85,+525522614410,2026-09-06T14:31:01.580870+00:00
General Commercial & Services,INDUSTRIAS LATINOAMERICANA S.A. DE C.V.,industriaslatinoam.mx,Guillermo Treviño,Chief Technology Officer (CTO),C_SUITE,ENGINEERING_IT,gtreviño@industriaslatinoam.mx,VERIFIED,85,+525552769416,2026-09-06T14:31:01.580870+00:00
General Commercial & Services,INDUSTRIAS LATINOAMERICANA S.A.S.,industriaslatinoam.com,Andrea Dominguez,Chief Technology Officer (CTO),C_SUITE,ENGINEERING_IT,adominguez@industriaslatinoam.com,VERIFIED,85,+525546719503,2026-09-06T14:31:01.580870+00:00
General Commercial & Services,INDUSTRIAS LATINOAMERICANA S.A.B. DE C.V.,industriaslatinoam.com.mx,Fernando Salinas,Chief Revenue Officer (CRO),C_SUITE,SALES_MARKETING,fsalinas@industriaslatinoam.com.mx,VERIFIED,85,+525529846185,2026-09-06T14:31:01.580870+00:00
General Commercial & Services,MANUFACTURA INTEGRAL S.A. DE C.V.,manufacturaintegra.mx,Alejandro Valenzuela,Chief Executive Officer (CEO),C_SUITE,EXECUTIVE,avalenzuela@manufacturaintegra.mx,VERIFIED,85,+529494226230,2026-09-06T14:31:01.580870+00:00
General Commercial & Services,MANUFACTURA INTEGRAL S.A. DE C.V.,manufacturaintegra.mx,Andrea Alarcón,Founder,FOUNDER,EXECUTIVE,aalarcón@manufacturaintegra.mx,VERIFIED,85,+524689661967,2026-09-06T14:31:01.580870+00:00
General Commercial & Services,MANUFACTURA INTEGRAL S.A. DE C.V.,manufacturaintegra.mx,Rodrigo Martínez,Chief Financial Officer (CFO),C_SUITE,FINANCE,rmartínez@manufacturaintegra.mx,VERIFIED,85,+528547931778,2026-09-06T14:31:01.580870+00:00
General Commercial & Services,MANUFACTURA INTEGRAL S.A. DE C.V.,manufacturaintegra.mx,Hector Martínez,Founder,FOUNDER,EXECUTIVE,hmartínez@manufacturaintegra.mx,VERIFIED,85,+525170756285,2026-09-06T14:31:01.580870+00:00
General Commercial & Services,MANUFACTURA INTEGRAL S.A.P.I. DE C.V.,manufacturaintegra.com,Claudia Morales,Founder,FOUNDER,EXECUTIVE,cmorales@manufacturaintegra.com,VERIFIED,85,+528523120235,2026-09-06T14:31:01.580870+00:00
General Commercial & Services,MANUFACTURA INTEGRAL S.A.P.I. DE C.V.,manufacturaintegra.com,Claudia Hernández,Chief Executive Officer (CEO),C_SUITE,EXECUTIVE,chernández@manufacturaintegra.com,VERIFIED,85,+528413619436,2026-09-06T14:31:01.580870+00:00
General Commercial & Services,MANUFACTURA INTEGRAL S.A.P.I. DE C.V.,manufacturaintegra.com,Alejandro Treviño,Chief Revenue Officer (CRO),C_SUITE,SALES_MARKETING,atreviño@manufacturaintegra.com,VERIFIED,85,+525757660944,2026-09-06T14:31:01.580870+00:00
General Commercial & Services,MANUFACTURA INTEGRAL S.A.S.,manufacturaintegra.com.mx,Andrea López,Chief Revenue Officer (CRO),C_SUITE,SALES_MARKETING,alópez@manufacturaintegra.com.mx,VERIFIED,85,+525199877834,2026-09-06T14:31:01.580870+00:00
General Commercial & Services,MANUFACTURA MODERNA S.A. DE C.V.,manufacturamoderna.com,Daniel Vega,Chief Operating Officer (COO),C_SUITE,OPERATIONS,dvega@manufacturamoderna.com,VERIFIED,85,+529564656614,2026-09-06T14:31:01.582874+00:00
General Commercial & Services,MANUFACTURA MODERNA S.A. DE C.V.,manufacturamoderna.com,Sofia Morales,Chief Human Resources Officer (CHRO),C_SUITE,HR_PEOPLE,smorales@manufacturamoderna.mx,VERIFIED,85,+528343093167,2026-09-06T14:31:01.582874+00:00
General Commercial & Services,MANUFACTURA MODERNA S. DE R.L. DE C.V.,manufacturamoderna.com.mx,Eduardo Navarro,Chief Revenue Officer (CRO),C_SUITE,SALES_MARKETING,enavarro@manufacturamoderna.com.mx,VERIFIED,85,+527635944945,2026-09-06T14:31:01.582874+00:00
General Commercial & Services,MANUFACTURA MODERNA S. DE R.L. DE C.V.,manufacturamoderna.com.mx,Daniel González,Chief Operating Officer (COO),C_SUITE,OPERATIONS,dgonzález@manufacturamoderna.com.mx,VERIFIED,85,+524362475832,2026-09-06T14:31:01.582874+00:00
General Commercial & Services,MANUFACTURA MODERNA S. DE R.L. DE C.V.,manufacturamoderna.com.mx,Eduardo Martínez,Chief Executive Officer (CEO),C_SUITE,EXECUTIVE,emartínez@manufacturamoderna.mx,VERIFIED,85,+524993055562,2026-09-06T14:31:01.582874+00:00
General Commercial & Services,MANUFACTURA MODERNA S.A.S.,manufacturamoderna.mx,Adriana Vega,Chief Operating Officer (COO),C_SUITE,OPERATIONS,avega@manufacturamoderna.mx,VERIFIED,85,+529879474221,2026-09-06T14:31:01.582874+00:00
General Commercial & Services,MANUFACTURA DE LAS AMERICAS S.A.P.I. DE C.V.,manufacturadelasam.mx,Daniel Navarro,Founder,FOUNDER,EXECUTIVE,dnavarro@manufacturadelasam.mx,VERIFIED,85,+529864399679,2026-09-06T14:31:01.582874+00:00
General Commercial & Services,MANUFACTURA DE LAS AMERICAS S.A.P.I. DE C.V.,manufacturadelasam.mx,Alejandro Alarcón,Chief Revenue Officer (CRO),C_SUITE,SALES_MARKETING,aalarcón@manufacturadelasam.mx,VERIFIED,85,+529573740547,2026-09-06T14:31:01.582874+00:00
General Commercial & Services,MANUFACTURA DE LAS AMERICAS S.A. DE C.V.,manufacturadelasam.com,Mariana Hernández,Chief Revenue Officer (CRO),C_SUITE,SALES_MARKETING,mhernández@manufacturadelasam.com,VERIFIED,85,+529280707023,2026-09-06T14:31:01.582874+00:00
General Commercial & Services,MANUFACTURA DE LAS AMERICAS S.A. DE C.V.,manufacturadelasam.com,Miguel López,Chief Technology Officer (CTO),C_SUITE,ENGINEERING_IT,mlópez@manufacturadelasam.com.mx,VERIFIED,85,+527636745113,2026-09-06T14:31:01.582874+00:00
General Commercial & Services,MANUFACTURA DE LAS AMERICAS S.A.P.I. DE C.V.,manufacturadelasam.com.mx,Hector González,Chief Operating Officer (COO),C_SUITE,OPERATIONS,hgonzález@manufacturadelasam.com.mx,VERIFIED,85,+528253692221,2026-09-06T14:31:01.582874+00:00
General Commercial & Services,MANUFACTURA DE LAS AMERICAS S.A.P.I. DE C.V.,manufacturadelasam.com.mx,Rodrigo Benítez,Chief Operating Officer (COO),C_SUITE,OPERATIONS,rbenítez@manufacturadelasam.com.mx,VERIFIED,85,+529745882628,2026-09-06T14:31:01.582874+00:00
General Commercial & Services,MANUFACTURA DE OCCIDENTE S.A. DE C.V.,manufacturadeoccid.com,Guillermo Morales,Chief Human Resources Officer (CHRO),C_SUITE,HR_PEOPLE,gmorales@manufacturadeoccid.com,VERIFIED,85,+529625407217,2026-09-06T14:31:01.582874+00:00
General Commercial & Services,MANUFACTURA DE OCCIDENTE S.A. DE C.V.,manufacturadeoccid.mx,Fernando Mendoza,Chief Human Resources Officer (CHRO),C_SUITE,HR_PEOPLE,fmendoza@manufacturadeoccid.mx,VERIFIED,85,+529381029210,2026-09-06T14:31:01.582874+00:00
General Commercial & Services,INNOVACION DE LAS AMERICAS S.A.P.I. DE C.V.,innovaciondelasame.com.mx,David López,Chief Technology Officer (CTO),C_SUITE,ENGINEERING_IT,dlópez@innovaciondelasame.com.mx,VERIFIED,85,+524379180282,2026-09-06T14:31:01.582874+00:00
General Commercial & Services,INNOVACION DE LAS AMERICAS S.A.P.I. DE C.V.,innovaciondelasame.com.mx,Javier Villaseñor,Chief Revenue Officer (CRO),C_SUITE,SALES_MARKETING,jvillaseñor@innovaciondelasame.com.mx,VERIFIED,85,+526942152591,2026-09-06T14:31:01.582874+00:00
General Commercial & Services,INNOVACION DE LAS AMERICAS S.A.P.I. DE C.V.,innovaciondelasame.com.mx,Luis Valenzuela,Chief Human Resources Officer (CHRO),C_SUITE,HR_PEOPLE,lvalenzuela@innovaciondelasame.com.mx,VERIFIED,85,+524457840749,2026-09-06T14:31:01.582874+00:00
General Commercial & Services,INNOVACION DE LAS AMERICAS S.A.P.I. DE C.V.,innovaciondelasame.com.mx,Claudia Hernández,Chief Technology Officer (CTO),C_SUITE,ENGINEERING_IT,chernández@innovaciondelasame.com.mx,VERIFIED,85,+526485113394,2026-09-06T14:31:01.582874+00:00
General Commercial & Services,INNOVACION DE OCCIDENTE S. DE R.L. DE C.V.,innovaciondeoccide.com,Javier González,Chief Executive Officer (CEO),C_SUITE,EXECUTIVE,jgonzález@innovaciondeoccide.com,VERIFIED,85,+529089329685,2026-09-06T14:31:01.582874+00:00
General Commercial & Services,INNOVACION DE OCCIDENTE S. DE R.L. DE C.V.,innovaciondeoccide.com,Miguel Dominguez,Chief Revenue Officer (CRO),C_SUITE,SALES_MARKETING,mdominguez@innovaciondeoccide.com,VERIFIED,85,+528037751989,2026-09-06T14:31:01.582874+00:00
General Commercial & Services,INNOVACION DE OCCIDENTE S.A. DE C.V.,innovaciondeoccide.mx,Javier López,Chief Financial Officer (CFO),C_SUITE,FINANCE,jlópez@innovaciondeoccide.mx,VERIFIED,85,+527374107978,2026-09-06T14:31:01.582874+00:00
General Commercial & Services,INNOVACION DE LAS AMERICAS S.A.P.I. DE C.V.,innovaciondelasame.com,Alejandro Mendoza,Chief Executive Officer (CEO),C_SUITE,EXECUTIVE,amendoza@innovaciondelasame.com,VERIFIED,85,+527939226092,2026-09-06T14:31:01.582874+00:00
General Commercial & Services,INNOVACION DE OCCIDENTE S.A.P.I. DE C.V.,innovaciondeoccide.com.mx,Alejandro Alarcón,Founder,FOUNDER,EXECUTIVE,aalarcón@innovaciondeoccide.com.mx,VERIFIED,85,+525352629821,2026-09-06T14:31:01.582874+00:00
General Commercial & Services,INNOVACION LATINOAMERICANA S.A.S.,innovacionlatinoam.mx,Hector Vega,Chief Revenue Officer (CRO),C_SUITE,SALES_MARKETING,hvega@innovacionlatinoam.mx,VERIFIED,85,+523333159732,2026-09-06T14:31:01.584879+00:00
General Commercial & Services,INNOVACION LATINOAMERICANA S.A.S.,innovacionlatinoam.mx,Claudia Treviño,Chief Executive Officer (CEO),C_SUITE,EXECUTIVE,ctreviño@innovacionlatinoam.com,VERIFIED,85,+523320146239,2026-09-06T14:31:01.584879+00:00
General Commercial & Services,INNOVACION LATINOAMERICANA S.A.S.,innovacionlatinoam.mx,Rodrigo Villaseñor,Chief Technology Officer (CTO),C_SUITE,ENGINEERING_IT,rvillaseñor@innovacionlatinoam.mx,VERIFIED,85,+523390242150,2026-09-06T14:31:01.584879+00:00
General Commercial & Services,INNOVACION LATINOAMERICANA S.A.S.,innovacionlatinoam.mx,Patricia Morales,Chief Revenue Officer (CRO),C_SUITE,SALES_MARKETING,pmorales@innovacionlatinoam.mx,VERIFIED,85,+523397072777,2026-09-06T14:31:01.584879+00:00
General Commercial & Services,INNOVACION LATINOAMERICANA 80 S.A.P.I. DE C.V.,innovacionlatinoam.com.mx,Adriana Morales,Chief Technology Officer (CTO),C_SUITE,ENGINEERING_IT,amorales@innovacionlatinoam.com.mx,VERIFIED,85,+523381653198,2026-09-06T14:31:01.584879+00:00
General Commercial & Services,INDUSTRIAS ESPECIALIZADA S.A.P.I. DE C.V.,industriasespecial.com,Carlos Alarcón,Chief Executive Officer (CEO),C_SUITE,EXECUTIVE,calarcón@industriasespecial.com,VERIFIED,85,+525079535718,2026-09-06T14:31:01.584879+00:00
General Commercial & Services,INDUSTRIAS ESPECIALIZADA S.A.P.I. DE C.V.,industriasespecial.com,Rodrigo Mendoza,Chief Technology Officer (CTO),C_SUITE,ENGINEERING_IT,rmendoza@industriasespecial.com,VERIFIED,85,+527134270622,2026-09-06T14:31:01.584879+00:00
General Commercial & Services,INDUSTRIAS ESPECIALIZADA S.A.S.,industriasespecial.com.mx,Carlos Navarro,Chief Financial Officer (CFO),C_SUITE,FINANCE,cnavarro@industriasespecial.com.mx,VERIFIED,85,+527219290666,2026-09-06T14:31:01.584879+00:00
General Commercial & Services,INDUSTRIAS ESPECIALIZADA S.A.S.,industriasespecial.com.mx,Roberto Hernández,Chief Human Resources Officer (CHRO),C_SUITE,HR_PEOPLE,rhernández@industriasespecial.com.mx,VERIFIED,85,+528893401302,2026-09-06T14:31:01.584879+00:00
General Commercial & Services,INNOVACION DEL CENTRO S. DE R.L. DE C.V.,innovaciondelcentr.com.mx,David Dominguez,Chief Operating Officer (COO),C_SUITE,OPERATIONS,ddominguez@innovaciondelcentr.com.mx,VERIFIED,85,+523339829003,2026-09-06T14:31:01.586885+00:00
General Commercial & Services,INNOVACION DEL CENTRO S. DE R.L. DE C.V.,innovaciondelcentr.com.mx,Gabriel Treviño,Chief Financial Officer (CFO),C_SUITE,FINANCE,gtreviño@innovaciondelcentr.com.mx,VERIFIED,85,+523339262163,2026-09-06T14:31:01.586885+00:00
General Commercial & Services,INNOVACION DEL NORTE S.A.P.I. DE C.V.,innovaciondelnorte.com,Alejandro Benítez,Chief Operating Officer (COO),C_SUITE,OPERATIONS,abenítez@innovaciondelnorte.com,VERIFIED,85,+523357435407,2026-09-06T14:31:01.586885+00:00
General Commercial & Services,INNOVACION DEL BAJIO S.A.S.,innovaciondelbajio.mx,Sofia López,Chief Technology Officer (CTO),C_SUITE,ENGINEERING_IT,slópez@innovaciondelbajio.mx,VERIFIED,85,+523314985584,2026-09-06T14:31:01.586885+00:00
General Commercial & Services,INNOVACION DEL BAJIO S.A.S.,innovaciondelbajio.mx,Alejandro Villaseñor,Founder,FOUNDER,EXECUTIVE,avillaseñor@innovaciondelbajio.mx,VERIFIED,85,+523331963387,2026-09-06T14:31:01.586885+00:00
General Commercial & Services,INNOVACION DEL NORTE S.A.P.I. DE C.V.,innovaciondelnorte.mx,Eduardo González,Chief Technology Officer (CTO),C_SUITE,ENGINEERING_IT,egonzález@innovaciondelnorte.mx,VERIFIED,85,+523310877045,2026-09-06T14:31:01.586885+00:00
General Commercial & Services,INNOVACION DEL NORTE S.A.P.I. DE C.V.,innovaciondelnorte.mx,Andrea Castro,Chief Human Resources Officer (CHRO),C_SUITE,HR_PEOPLE,acastro@innovaciondelnorte.mx,VERIFIED,85,+523323260714,2026-09-06T14:31:01.586885+00:00
General Commercial & Services,INNOVACION DEL NORTE S.A.P.I. DE C.V.,innovaciondelnorte.mx,Roberto Vega,Chief Financial Officer (CFO),C_SUITE,FINANCE,rvega@innovaciondelnorte.mx,VERIFIED,85,+523356815613,2026-09-06T14:31:01.586885+00:00
General Commercial & Services,INNOVACION DEL NORTE S. DE R.L. DE C.V.,innovaciondelnorte.com.mx,Rodrigo Hernández,Chief Executive Officer (CEO),C_SUITE,EXECUTIVE,rhernández@innovaciondelnorte.com.mx,VERIFIED,85,+523320983208,2026-09-06T14:31:01.586885+00:00
General Commercial & Services,INNOVACION DEL NORTE S. DE R.L. DE C.V.,innovaciondelnorte.com.mx,Luis Martínez,Chief Technology Officer (CTO),C_SUITE,ENGINEERING_IT,lmartínez@innovaciondelnorte.com.mx,VERIFIED,85,+523368240809,2026-09-06T14:31:01.586885+00:00
General Commercial & Services,INNOVACION DEL PACIFICO S.A.P.I. DE C.V.,innovaciondelpacif.mx,Fernando Treviño,Chief Executive Officer (CEO),C_SUITE,EXECUTIVE,ftreviño@innovaciondelpacif.mx,VERIFIED,85,+523361781379,2026-09-06T14:31:01.586885+00:00
General Commercial & Services,INNOVACION DEL CENTRO S.A.B. DE C.V.,innovaciondelcentr.mx,Sofia Ruiz,Chief Executive Officer (CEO),C_SUITE,EXECUTIVE,sruiz@innovaciondelcentr.mx,VERIFIED,85,+523370964751,2026-09-06T14:31:01.586885+00:00
General Commercial & Services,INNOVACION DEL PACIFICO 95 S.A.B. DE C.V.,innovaciondelpacif.com,Rodrigo Morales,Chief Executive Officer (CEO),C_SUITE,EXECUTIVE,rmorales@innovaciondelpacif.com,VERIFIED,85,+523340940364,2026-09-06T14:31:01.586885+00:00
General Commercial & Services,INNOVACION DEL BAJIO S. DE R.L. DE C.V.,innovaciondelbajio.com.mx,Rodrigo García,Chief Human Resources Officer (CHRO),C_SUITE,HR_PEOPLE,rgarcía@innovaciondelbajio.com.mx,VERIFIED,85,+523351489358,2026-09-06T14:31:01.586885+00:00
General Commercial & Services,INDUSTRIAS DE OCCIDENTE S.A.B. DE C.V.,industriasdeoccide.com.mx,Sofia López,Chief Executive Officer (CEO),C_SUITE,EXECUTIVE,slópez@industriasdeoccide.com.mx,VERIFIED,85,+528574258939,2026-09-06T14:31:01.587887+00:00
General Commercial & Services,INDUSTRIAS DE LAS AMERICAS S.C.,industriasdelasame.com.mx,Fernando Mendoza,Chief Operating Officer (COO),C_SUITE,OPERATIONS,fmendoza@industriasdelasame.com.mx,VERIFIED,85,+524853456329,2026-09-06T14:31:01.587887+00:00
General Commercial & Services,INDUSTRIAS DE LAS AMERICAS S.C.,industriasdelasame.com.mx,Guillermo López,Chief Human Resources Officer (CHRO),C_SUITE,HR_PEOPLE,glópez@industriasdelasame.com,VERIFIED,85,+528753545795,2026-09-06T14:31:01.587887+00:00
General Commercial & Services,INDUSTRIAS DE LAS AMERICAS S.C.,industriasdelasame.com.mx,Claudia Salinas,Chief Executive Officer (CEO),C_SUITE,EXECUTIVE,csalinas@industriasdelasame.com,VERIFIED,85,+528480520892,2026-09-06T14:31:01.587887+00:00
General Commercial & Services,INDUSTRIAS DE OCCIDENTE S.A.S.,industriasdeoccide.mx,Miguel Villaseñor,Chief Executive Officer (CEO),C_SUITE,EXECUTIVE,mvillaseñor@industriasdeoccide.mx,VERIFIED,85,+526561501256,2026-09-06T14:31:01.587887+00:00
General Commercial & Services,INDUSTRIAS DE LAS AMERICAS S.A.S.,industriasdelasame.com,Miguel Castro,Chief Revenue Officer (CRO),C_SUITE,SALES_MARKETING,mcastro@industriasdelasame.com,VERIFIED,85,+529910415642,2026-09-06T14:31:01.587887+00:00
General Commercial & Services,INDUSTRIAS DE LAS AMERICAS S. DE R.L. DE C.V.,industriasdelasame.mx,Luis Hernández,Chief Executive Officer (CEO),C_SUITE,EXECUTIVE,lhernández@industriasdelasame.mx,VERIFIED,85,+528140112470,2026-09-06T14:31:01.587887+00:00
General Commercial & Services,MANUFACTURA EMPRESARIAL S. DE R.L. DE C.V.,manufacturaempresa.com,Adriana Navarro,Chief Executive Officer (CEO),C_SUITE,EXECUTIVE,anavarro@manufacturaempresa.com,VERIFIED,85,+528810420776,2026-09-06T14:31:01.587887+00:00
General Commercial & Services,MANUFACTURA EMPRESARIAL S. DE R.L. DE C.V.,manufacturaempresa.com.mx,Sofia Valenzuela,Founder,FOUNDER,EXECUTIVE,svalenzuela@manufacturaempresa.com.mx,VERIFIED,85,+525162211601,2026-09-06T14:31:01.587887+00:00
General Commercial & Services,INNOVACION INTEGRAL S. DE R.L. DE C.V.,innovacionintegral.mx,Sofia Alarcón,Chief Financial Officer (CFO),C_SUITE,FINANCE,salarcón@innovacionintegral.mx,VERIFIED,85,+529077404767,2026-09-06T14:31:01.587887+00:00
General Commercial & Services,INNOVACION INTEGRAL S. DE R.L. DE C.V.,innovacionintegral.mx,Carlos Dominguez,Founder,FOUNDER,EXECUTIVE,cdominguez@innovacionintegral.mx,VERIFIED,85,+525268085034,2026-09-06T14:31:01.587887+00:00
General Commercial & Services,INNOVACION ESPECIALIZADA S. DE R.L. DE C.V.,innovacionespecial.mx,Jorge Benítez,Founder,FOUNDER,EXECUTIVE,jbenítez@innovacionespecial.mx,VERIFIED,85,+524165588269,2026-09-06T14:31:01.587887+00:00
General Commercial & Services,INNOVACION ESPECIALIZADA S. DE R.L. DE C.V.,innovacionespecial.mx,Alejandro Mendoza,Founder,FOUNDER,EXECUTIVE,amendoza@innovacionespecial.mx,VERIFIED,85,+526058409730,2026-09-06T14:31:01.587887+00:00
General Commercial & Services,INNOVACION ESPECIALIZADA 87 S.A. DE C.V.,innovacionespecial.com.mx,David Hernández,Chief Operating Officer (COO),C_SUITE,OPERATIONS,dhernández@innovacionespecial.com.mx,VERIFIED,85,+527930189210,2026-09-06T14:31:01.587887+00:00
General Commercial & Services,INNOVACION ESPECIALIZADA 87 S.A. DE C.V.,innovacionespecial.com.mx,Patricia Benítez,Chief Human Resources Officer (CHRO),C_SUITE,HR_PEOPLE,pbenítez@innovacionespecial.com.mx,VERIFIED,85,+524842407574,2026-09-06T14:31:01.587887+00:00
General Commercial & Services,INNOVACION ESPECIALIZADA 46 S.A.P.I. DE C.V.,innovacionespecial.com,Eduardo López,Founder,FOUNDER,EXECUTIVE,elópez@innovacionespecial.com,VERIFIED,85,+524143071909,2026-09-06T14:31:01.587887+00:00
General Commercial & Services,INNOVACION DE LAS AMERICAS S. DE R.L. DE C.V.,innovaciondelasame.mx,Sofia Navarro,Founder,FOUNDER,EXECUTIVE,snavarro@innovaciondelasame.mx,VERIFIED,85,+525626686588,2026-09-06T14:31:01.587887+00:00
General Commercial & Services,INNOVACION DE LAS AMERICAS S. DE R.L. DE C.V.,innovaciondelasame.mx,Gabriel Navarro,Founder,FOUNDER,EXECUTIVE,gnavarro@innovaciondelasame.mx,VERIFIED,85,+528263885864,2026-09-06T14:31:01.587887+00:00
General Commercial & Services,INNOVACION DE LAS AMERICAS S.A.P.I. DE C.V.,innovaciondelasame.com,Sofia Morales,Chief Human Resources Officer (CHRO),C_SUITE,HR_PEOPLE,smorales@innovaciondelasame.com,VERIFIED,85,+524147631696,2026-09-06T14:31:01.587887+00:00
General Commercial & Services,INNOVACION DE LAS AMERICAS S.A.P.I. DE C.V.,innovaciondelasame.com,Luis Mendoza,Chief Operating Officer (COO),C_SUITE,OPERATIONS,lmendoza@innovaciondelasame.com,VERIFIED,85,+526848668216,2026-09-06T14:31:01.587887+00:00
General Commercial & Services,INNOVACION DE OCCIDENTE S.A. DE C.V.,innovaciondeoccide.mx,Miguel Benítez,Chief Operating Officer (COO),C_SUITE,OPERATIONS,mbenítez@innovaciondeoccide.mx,VERIFIED,85,+525624239306,2026-09-06T14:31:01.587887+00:00
General Commercial & Services,INNOVACION DE OCCIDENTE S.A. DE C.V.,innovaciondeoccide.com.mx,Rodrigo Vega,Chief Human Resources Officer (CHRO),C_SUITE,HR_PEOPLE,rvega@innovaciondeoccide.com.mx,VERIFIED,85,+528163374081,2026-09-06T14:31:01.587887+00:00
General Commercial & Services,MANUFACTURA AVANZADA S.A.B. DE C.V.,manufacturaavanzad.com,Gabriel López,Chief Financial Officer (CFO),C_SUITE,FINANCE,glópez@manufacturaavanzad.com,VERIFIED,85,+526023099983,2026-09-06T14:31:01.587887+00:00
General Commercial & Services,MANUFACTURA AVANZADA S.A.B. DE C.V.,manufacturaavanzad.com,Gabriel García,Founder,FOUNDER,EXECUTIVE,ggarcía@manufacturaavanzad.com,VERIFIED,85,+529827344756,2026-09-06T14:31:01.587887+00:00
General Commercial & Services,MANUFACTURA AVANZADA S.A.B. DE C.V.,manufacturaavanzad.com,Javier Castro,Chief Financial Officer (CFO),C_SUITE,FINANCE,jcastro@manufacturaavanzad.com,VERIFIED,85,+528799732252,2026-09-06T14:31:01.587887+00:00
General Commercial & Services,MANUFACTURA AVANZADA S.A.B. DE C.V.,manufacturaavanzad.com,Gabriel Villaseñor,Chief Executive Officer (CEO),C_SUITE,EXECUTIVE,gvillaseñor@manufacturaavanzad.com.mx,VERIFIED,85,+528799986419,2026-09-06T14:31:01.587887+00:00
General Commercial & Services,MANUFACTURA AVANZADA 16 S.A.S.,manufacturaavanzad.com.mx,Rodrigo Benítez,Chief Operating Officer (COO),C_SUITE,OPERATIONS,rbenítez@manufacturaavanzad.com.mx,VERIFIED,85,+528745116076,2026-09-06T14:31:01.587887+00:00
General Commercial & Services,MANUFACTURA CENTRAL S. DE R.L. DE C.V.,manufacturacentral.com.mx,Mariana Garza,Chief Technology Officer (CTO),C_SUITE,ENGINEERING_IT,mgarza@manufacturacentral.com.mx,VERIFIED,85,+524425363658,2026-09-06T14:31:01.587887+00:00
General Commercial & Services,MANUFACTURA CENTRAL S. DE R.L. DE C.V.,manufacturacentral.com.mx,Guillermo Morales,Chief Technology Officer (CTO),C_SUITE,ENGINEERING_IT,gmorales@manufacturacentral.com,VERIFIED,85,+524566348916,2026-09-06T14:31:01.587887+00:00
General Commercial & Services,MANUFACTURA CENTRAL S.A.P.I. DE C.V.,manufacturacentral.com,Claudia Valenzuela,Chief Operating Officer (COO),C_SUITE,OPERATIONS,cvalenzuela@manufacturacentral.com,VERIFIED,85,+524877644776,2026-09-06T14:31:01.587887+00:00
General Commercial & Services,INDUSTRIAS DINAMICA S.C.,industriasdinamica.com,Fernando Benítez,Founder,FOUNDER,EXECUTIVE,fbenítez@industriasdinamica.com,VERIFIED,85,+525528190260,2026-09-06T14:31:01.592600+00:00
General Commercial & Services,INDUSTRIAS DINAMICA S.C.,industriasdinamica.com,Sofia Castro,Chief Revenue Officer (CRO),C_SUITE,SALES_MARKETING,scastro@industriasdinamica.com,VERIFIED,85,+525524492665,2026-09-06T14:31:01.592600+00:00
General Commercial & Services,INDUSTRIAS DINAMICA S.C.,industriasdinamica.com,Gabriel Morales,Chief Operating Officer (COO),C_SUITE,OPERATIONS,gmorales@industriasdinamica.com,VERIFIED,85,+525568434491,2026-09-06T14:31:01.592600+00:00
General Commercial & Services,MANUFACTURA EMPRESARIAL S.C.,manufacturaempresa.com.mx,Adriana Morales,Founder,FOUNDER,EXECUTIVE,amorales@manufacturaempresa.com.mx,VERIFIED,85,+529629443832,2026-09-06T14:31:01.592600+00:00
General Commercial & Services,MANUFACTURA EMPRESARIAL S.C.,manufacturaempresa.com.mx,Andrea Ruiz,Founder,FOUNDER,EXECUTIVE,aruiz@manufacturaempresa.com.mx,VERIFIED,85,+525558370793,2026-09-06T14:31:01.592600+00:00
General Commercial & Services,MANUFACTURA EMPRESARIAL S.C.,manufacturaempresa.com.mx,Hector Hernández,Chief Revenue Officer (CRO),C_SUITE,SALES_MARKETING,hhernández@manufacturaempresa.com.mx,VERIFIED,85,+528545564789,2026-09-06T14:31:01.592600+00:00
General Commercial & Services,MANUFACTURA EMPRESARIAL S.A.B. DE C.V.,manufacturaempresa.com,Hector Dominguez,Chief Technology Officer (CTO),C_SUITE,ENGINEERING_IT,hdominguez@manufacturaempresa.com,VERIFIED,85,+528018218740,2026-09-06T14:31:01.592600+00:00
General Commercial & Services,INDUSTRIAS DEL NORTE S.A.B. DE C.V.,industriasdelnorte.mx,Jorge Valenzuela,Chief Technology Officer (CTO),C_SUITE,ENGINEERING_IT,jvalenzuela@industriasdelnorte.mx,VERIFIED,85,+528980402151,2026-09-06T14:31:01.592600+00:00
General Commercial & Services,INDUSTRIAS DEL NORTE S.A.B. DE C.V.,industriasdelnorte.mx,Mariana Vega,Chief Human Resources Officer (CHRO),C_SUITE,HR_PEOPLE,mvega@industriasdelnorte.mx,VERIFIED,85,+525748804403,2026-09-06T14:31:01.592600+00:00
General Commercial & Services,INDUSTRIAS DEL NORTE S.A.B. DE C.V.,industriasdelnorte.mx,Sofia Ruiz,Chief Financial Officer (CFO),C_SUITE,FINANCE,sruiz@industriasdelnorte.mx,VERIFIED,85,+524699808236,2026-09-06T14:31:01.592600+00:00
General Commercial & Services,INDUSTRIAS DEL CENTRO S.A.P.I. DE C.V.,industriasdelcentr.com,Alejandro Dominguez,Chief Technology Officer (CTO),C_SUITE,ENGINEERING_IT,adominguez@industriasdelcentr.com,VERIFIED,85,+525424619050,2026-09-06T14:31:01.592600+00:00
General Commercial & Services,INDUSTRIAS DEL CENTRO S.A.P.I. DE C.V.,industriasdelcentr.com,David López,Founder,FOUNDER,EXECUTIVE,dlópez@industriasdelcentr.com,VERIFIED,85,+526590463414,2026-09-06T14:31:01.592600+00:00
General Commercial & Services,INDUSTRIAS DEL CENTRO S.A.P.I. DE C.V.,industriasdelcentr.com,Eduardo Martínez,Chief Executive Officer (CEO),C_SUITE,EXECUTIVE,emartínez@industriasdelcentr.com,VERIFIED,85,+528078558389,2026-09-06T14:31:01.592600+00:00
General Commercial & Services,INDUSTRIAS DEL CENTRO S.A.S.,industriasdelcentr.mx,Miguel Treviño,Chief Operating Officer (COO),C_SUITE,OPERATIONS,mtreviño@industriasdelcentr.mx,VERIFIED,85,+527649449223,2026-09-06T14:31:01.592600+00:00
General Commercial & Services,INDUSTRIAS DEL NORTE S.A.S.,industriasdelnorte.com.mx,Luis Morales,Founder,FOUNDER,EXECUTIVE,lmorales@industriasdelnorte.com.mx,VERIFIED,85,+529412160026,2026-09-06T14:31:01.592600+00:00
General Commercial & Services,INDUSTRIAS DEL BAJIO S.A.P.I. DE C.V.,industriasdelbajio.com.mx,Andrea Salinas,Chief Financial Officer (CFO),C_SUITE,FINANCE,asalinas@industriasdelbajio.com.mx,VERIFIED,85,+528913787243,2026-09-06T14:31:01.592600+00:00
General Commercial & Services,INDUSTRIAS DEL CENTRO S.A. DE C.V.,industriasdelcentr.com.mx,Andrea López,Founder,FOUNDER,EXECUTIVE,alópez@industriasdelcentr.com.mx,VERIFIED,85,+525011563667,2026-09-06T14:31:01.592600+00:00
General Commercial & Services,INDUSTRIAS DEL PACIFICO S. DE R.L. DE C.V.,industriasdelpacif.mx,Daniel Dominguez,Chief Technology Officer (CTO),C_SUITE,ENGINEERING_IT,ddominguez@industriasdelpacif.mx,VERIFIED,85,+524817908704,2026-09-06T14:31:01.592600+00:00
General Commercial & Services,INDUSTRIAS DEL PACIFICO S. DE R.L. DE C.V.,industriasdelpacif.com,Carlos Benítez,Chief Operating Officer (COO),C_SUITE,OPERATIONS,cbenítez@industriasdelpacif.com,VERIFIED,85,+528479017011,2026-09-06T14:31:01.592600+00:00
General Commercial & Services,INDUSTRIAS DEL PACIFICO S. DE R.L. DE C.V.,industriasdelpacif.com,Guillermo Salinas,Chief Technology Officer (CTO),C_SUITE,ENGINEERING_IT,gsalinas@industriasdelpacif.com,VERIFIED,85,+525773076328,2026-09-06T14:31:01.592600+00:00
General Commercial & Services,MANUFACTURA GLOBAL 31 S.A.S.,manufacturaglobal.com,Claudia Villaseñor,Founder,FOUNDER,EXECUTIVE,cvillaseñor@manufacturaglobal.com,VERIFIED,85,+525720051615,2026-09-06T14:31:01.592600+00:00
General Commercial & Services,MANUFACTURA GLOBAL 31 S.A.S.,manufacturaglobal.com,Jorge Valenzuela,Chief Technology Officer (CTO),C_SUITE,ENGINEERING_IT,jvalenzuela@manufacturaglobal.com,VERIFIED,85,+524597408442,2026-09-06T14:31:01.592600+00:00
General Commercial & Services,MANUFACTURA GLOBAL S.A.P.I. DE C.V.,manufacturaglobal7.mx,Jorge Treviño,Chief Human Resources Officer (CHRO),C_SUITE,HR_PEOPLE,jtreviño@manufacturaglobal7.mx,VERIFIED,85,+524362037159,2026-09-06T14:31:01.592600+00:00
General Commercial & Services,MANUFACTURA GLOBAL S.A. DE C.V.,manufacturaglobal9.com,Claudia Ruiz,Chief Executive Officer (CEO),C_SUITE,EXECUTIVE,cruiz@manufacturaglobal9.com,VERIFIED,85,+527260981835,2026-09-06T14:31:01.592600+00:00
General Commercial & Services,INDUSTRIAS INTEGRAL S.A.P.I. DE C.V.,industriasintegral.com,Miguel López,Chief Technology Officer (CTO),C_SUITE,ENGINEERING_IT,mlópez@industriasintegral.com,VERIFIED,85,+525293523232,2026-09-06T14:31:01.594925+00:00
General Commercial & Services,INDUSTRIAS INTEGRAL S.A.P.I. DE C.V.,industriasintegral.com,Mariana Valenzuela,Chief Human Resources Officer (CHRO),C_SUITE,HR_PEOPLE,mvalenzuela@industriasintegral.com.mx,VERIFIED,85,+525267530327,2026-09-06T14:31:01.594925+00:00
General Commercial & Services,INDUSTRIAS INTEGRAL S.A.S.,industriasintegral.mx,Miguel García,Chief Financial Officer (CFO),C_SUITE,FINANCE,mgarcía@industriasintegral.mx,VERIFIED,85,+524345531289,2026-09-06T14:31:01.594925+00:00
General Commercial & Services,INDUSTRIAS NACIONAL S.A.S.,industriasnacional.com,Sofia Valenzuela,Chief Technology Officer (CTO),C_SUITE,ENGINEERING_IT,svalenzuela@industriasnacional.com,VERIFIED,85,+525259073652,2026-09-06T14:31:01.594925+00:00
General Commercial & Services,INDUSTRIAS NACIONAL S.A.S.,industriasnacional.com,Claudia García,Chief Operating Officer (COO),C_SUITE,OPERATIONS,cgarcía@industriasnacional.com,VERIFIED,85,+524675449701,2026-09-06T14:31:01.594925+00:00
General Commercial & Services,INDUSTRIAS NACIONAL S.A.B. DE C.V.,industriasnacional.mx,Fernando Navarro,Chief Executive Officer (CEO),C_SUITE,EXECUTIVE,fnavarro@industriasnacional.mx,VERIFIED,85,+527226776972,2026-09-06T14:31:01.594925+00:00
General Commercial & Services,INDUSTRIAS NACIONAL S.A.B. DE C.V.,industriasnacional.mx,Claudia Dominguez,Chief Human Resources Officer (CHRO),C_SUITE,HR_PEOPLE,cdominguez@industriasnacional.mx,VERIFIED,85,+525120056585,2026-09-06T14:31:01.594925+00:00
General Commercial & Services,INDUSTRIAS NACIONAL S.A.B. DE C.V.,industriasnacional.mx,Adriana Garza,Chief Executive Officer (CEO),C_SUITE,EXECUTIVE,agarza@industriasnacional.mx,VERIFIED,85,+526729979591,2026-09-06T14:31:01.594925+00:00
General Commercial & Services,INDUSTRIAS NACIONAL S.A.B. DE C.V.,industriasnacional.mx,David Mendoza,Chief Executive Officer (CEO),C_SUITE,EXECUTIVE,dmendoza@industriasnacional.mx,VERIFIED,85,+529574606291,2026-09-06T14:31:01.594925+00:00
General Commercial & Services,INDUSTRIAS NACIONAL 72 S.A. DE C.V.,industriasnacional.com.mx,Patricia Benítez,Chief Human Resources Officer (CHRO),C_SUITE,HR_PEOPLE,pbenítez@industriasnacional.com.mx,VERIFIED,85,+526024377803,2026-09-06T14:31:01.594925+00:00
General Commercial & Services,INDUSTRIAS NACIONAL 72 S.A. DE C.V.,industriasnacional.com.mx,Daniel Salinas,Chief Human Resources Officer (CHRO),C_SUITE,HR_PEOPLE,dsalinas@industriasnacional.com.mx,VERIFIED,85,+528829578573,2026-09-06T14:31:01.594925+00:00
General Commercial & Services,INDUSTRIAS NACIONAL 72 S.A. DE C.V.,industriasnacional.com.mx,Sofia Navarro,Chief Revenue Officer (CRO),C_SUITE,SALES_MARKETING,snavarro@industriasnacional.com.mx,VERIFIED,85,+529074440172,2026-09-06T14:31:01.594925+00:00
General Commercial & Services,INNOVACION LATINOAMERICANA S.A.S.,innovacionlatinoam.com.mx,Claudia Garza,Chief Revenue Officer (CRO),C_SUITE,SALES_MARKETING,cgarza@innovacionlatinoam.com.mx,VERIFIED,85,+528456177667,2026-09-06T14:31:01.594925+00:00
General Commercial & Services,INNOVACION LATINOAMERICANA S.A.S.,innovacionlatinoam.com.mx,Hector Hernández,Chief Operating Officer (COO),C_SUITE,OPERATIONS,hhernández@innovacionlatinoam.com.mx,VERIFIED,85,+524875733912,2026-09-06T14:31:01.594925+00:00
General Commercial & Services,INNOVACION LATINOAMERICANA S.A.S.,innovacionlatinoam.com.mx,Hector Villaseñor,Chief Operating Officer (COO),C_SUITE,OPERATIONS,hvillaseñor@innovacionlatinoam.com.mx,VERIFIED,85,+528881961765,2026-09-06T14:31:01.594925+00:00
General Commercial & Services,MANUFACTURA DINAMICA S.A.P.I. DE C.V.,manufacturadinamic.com,Fernando Treviño,Chief Executive Officer (CEO),C_SUITE,EXECUTIVE,ftreviño@manufacturadinamic.com,VERIFIED,85,+524020098080,2026-09-06T14:31:01.596929+00:00
General Commercial & Services,MANUFACTURA DINAMICA S.A. DE C.V.,manufacturadinamic.com.mx,Hector Navarro,Chief Financial Officer (CFO),C_SUITE,FINANCE,hnavarro@manufacturadinamic.com.mx,VERIFIED,85,+525312362330,2026-09-06T14:31:01.596929+00:00
General Commercial & Services,MANUFACTURA DINAMICA S.A. DE C.V.,manufacturadinamic.com.mx,Gabriel Alarcón,Chief Human Resources Officer (CHRO),C_SUITE,HR_PEOPLE,galarcón@manufacturadinamic.com.mx,VERIFIED,85,+526942956308,2026-09-06T14:31:01.596929+00:00
General Commercial & Services,MANUFACTURA DINAMICA S.A. DE C.V.,manufacturadinamic.mx,Rodrigo Salinas,Chief Revenue Officer (CRO),C_SUITE,SALES_MARKETING,rsalinas@manufacturadinamic.mx,VERIFIED,85,+527213341955,2026-09-06T14:31:01.596929+00:00
General Commercial & Services,INNOVACION DINAMICA S.A. DE C.V.,innovaciondinamica.com,Hector Treviño,Chief Operating Officer (COO),C_SUITE,OPERATIONS,htreviño@innovaciondinamica.com,VERIFIED,85,+528660249897,2026-09-06T14:31:01.596929+00:00
General Commercial & Services,INNOVACION DINAMICA S. DE R.L. DE C.V.,innovaciondinamica.com.mx,Luis Alarcón,Chief Financial Officer (CFO),C_SUITE,FINANCE,lalarcón@innovaciondinamica.com.mx,VERIFIED,85,+527524345175,2026-09-06T14:31:01.596929+00:00
General Commercial & Services,INNOVACION DINAMICA S.A. DE C.V.,innovaciondinamica.mx,Rodrigo González,Chief Human Resources Officer (CHRO),C_SUITE,HR_PEOPLE,rgonzález@innovaciondinamica.mx,VERIFIED,85,+525186059713,2026-09-06T14:31:01.596929+00:00
General Commercial & Services,INNOVACION DE LAS AMERICAS S.A.P.I. DE C.V.,innovaciondelasame.mx,Fernando Valenzuela,Chief Revenue Officer (CRO),C_SUITE,SALES_MARKETING,fvalenzuela@innovaciondelasame.mx,VERIFIED,85,+524774084098,2026-09-06T14:31:01.596929+00:00
General Commercial & Services,INNOVACION DE LAS AMERICAS 17 S.A.S.,innovaciondelasame.com.mx,Gabriel Martínez,Chief Financial Officer (CFO),C_SUITE,FINANCE,gmartínez@innovaciondelasame.com.mx,VERIFIED,85,+529184306487,2026-09-06T14:31:01.596929+00:00
General Commercial & Services,INNOVACION DE LAS AMERICAS 17 S.A.S.,innovaciondelasame.com.mx,Daniel Mendoza,Founder,FOUNDER,EXECUTIVE,dmendoza@innovaciondelasame.com.mx,VERIFIED,85,+529332465420,2026-09-06T14:31:01.596929+00:00
General Commercial & Services,INNOVACION DE LAS AMERICAS 17 S.A.S.,innovaciondelasame.com.mx,Claudia Navarro,Chief Human Resources Officer (CHRO),C_SUITE,HR_PEOPLE,cnavarro@innovaciondelasame.com.mx,VERIFIED,85,+529735398290,2026-09-06T14:31:01.596929+00:00
General Commercial & Services,INNOVACION DE OCCIDENTE 17 S.A.B. DE C.V.,innovaciondeoccide.mx,Claudia Vega,Chief Executive Officer (CEO),C_SUITE,EXECUTIVE,cvega@innovaciondeoccide.mx,VERIFIED,85,+524340775233,2026-09-06T14:31:01.596929+00:00
General Commercial & Services,INNOVACION DE OCCIDENTE 17 S.A.B. DE C.V.,innovaciondeoccide.mx,Jorge Mendoza,Chief Executive Officer (CEO),C_SUITE,EXECUTIVE,jmendoza@innovaciondeoccide.mx,VERIFIED,85,+528720632098,2026-09-06T14:31:01.596929+00:00
General Commercial & Services,INNOVACION DE OCCIDENTE 17 S.A.B. DE C.V.,innovaciondeoccide.mx,Javier Navarro,Chief Human Resources Officer (CHRO),C_SUITE,HR_PEOPLE,jnavarro@innovaciondeoccide.mx,VERIFIED,85,+525038449037,2026-09-06T14:31:01.596929+00:00
General Commercial & Services,INNOVACION DE LAS AMERICAS S.A.B. DE C.V.,innovaciondelasame.com,Adriana Salinas,Chief Executive Officer (CEO),C_SUITE,EXECUTIVE,asalinas@innovaciondelasame.com,VERIFIED,85,+528986707425,2026-09-06T14:31:01.596929+00:00
General Commercial & Services,INNOVACION DE OCCIDENTE S. DE R.L. DE C.V.,innovaciondeoccide.com,Gabriel Castro,Chief Human Resources Officer (CHRO),C_SUITE,HR_PEOPLE,gcastro@innovaciondeoccide.com,VERIFIED,85,+527347101746,2026-09-06T14:31:01.596929+00:00
General Commercial & Services,INNOVACION DE OCCIDENTE S.A.S.,innovaciondeoccide.com.mx,Roberto López,Chief Financial Officer (CFO),C_SUITE,FINANCE,rlópez@innovaciondeoccide.com.mx,VERIFIED,85,+529283067325,2026-09-06T14:31:01.596929+00:00
General Commercial & Services,MANUFACTURA GLOBAL S.A. DE C.V.,manufacturaglobal8.mx,Fernando Mendoza,Chief Executive Officer (CEO),C_SUITE,EXECUTIVE,fmendoza@manufacturaglobal8.mx,VERIFIED,85,+528468867590,2026-09-06T14:31:01.596929+00:00
General Commercial & Services,MANUFACTURA GLOBAL S.A.P.I. DE C.V.,manufacturaglobal6.mx,Roberto González,Chief Revenue Officer (CRO),C_SUITE,SALES_MARKETING,rgonzález@manufacturaglobal6.mx,VERIFIED,85,+524863226580,2026-09-06T14:31:01.596929+00:00
General Commercial & Services,MANUFACTURA GLOBAL S.A.P.I. DE C.V.,manufacturaglobal6.mx,Adriana Morales,Chief Technology Officer (CTO),C_SUITE,ENGINEERING_IT,amorales@manufacturaglobal.mx,VERIFIED,85,+527852635173,2026-09-06T14:31:01.596929+00:00
General Commercial & Services,MANUFACTURA GLOBAL S.A.P.I. DE C.V.,manufacturaglobal6.mx,Miguel Mendoza,Chief Technology Officer (CTO),C_SUITE,ENGINEERING_IT,mmendoza@manufacturaglobal.mx,VERIFIED,85,+525880350701,2026-09-06T14:31:01.596929+00:00
General Commercial & Services,MANUFACTURA GLOBAL S.A.P.I. DE C.V.,manufacturaglobal.com.mx,Fernando Ruiz,Chief Executive Officer (CEO),C_SUITE,EXECUTIVE,fruiz@manufacturaglobal.com.mx,VERIFIED,85,+528289976916,2026-09-06T14:31:01.596929+00:00
General Commercial & Services,MANUFACTURA GLOBAL S.A.P.I. DE C.V.,manufacturaglobal.mx,Fernando García,Founder,FOUNDER,EXECUTIVE,fgarcía@manufacturaglobal.mx,VERIFIED,85,+527297552873,2026-09-06T14:31:01.596929+00:00
General Commercial & Services,INDUSTRIAS DE OCCIDENTE S.A. DE C.V.,industriasdeoccide.com.mx,David Ruiz,Founder,FOUNDER,EXECUTIVE,druiz@industriasdeoccide.com.mx,VERIFIED,85,+526965908735,2026-09-06T14:31:01.596929+00:00
General Commercial & Services,INDUSTRIAS DE OCCIDENTE S.A. DE C.V.,industriasdeoccide.com.mx,Sofia Vega,Chief Human Resources Officer (CHRO),C_SUITE,HR_PEOPLE,svega@industriasdeoccide.mx,VERIFIED,85,+529072299519,2026-09-06T14:31:01.596929+00:00
General Commercial & Services,INDUSTRIAS DE OCCIDENTE S.A. DE C.V.,industriasdeoccide.com.mx,Adriana Navarro,Chief Operating Officer (COO),C_SUITE,OPERATIONS,anavarro@industriasdeoccide.com.mx,VERIFIED,85,+525452729430,2026-09-06T14:31:01.596929+00:00
General Commercial & Services,INDUSTRIAS DE OCCIDENTE S.A. DE C.V.,industriasdeoccide.com.mx,Miguel Martínez,Chief Operating Officer (COO),C_SUITE,OPERATIONS,mmartínez@industriasdeoccide.com.mx,VERIFIED,85,+524280897326,2026-09-06T14:31:01.596929+00:00
General Commercial & Services,INDUSTRIAS DE LAS AMERICAS S.A.S.,industriasdelasame.com,Alejandro Treviño,Founder,FOUNDER,EXECUTIVE,atreviño@industriasdelasame.com,VERIFIED,85,+526064857729,2026-09-06T14:31:01.596929+00:00
General Commercial & Services,INDUSTRIAS DE OCCIDENTE S.A. DE C.V.,industriasdeoccide.mx,Jorge Villaseñor,Chief Revenue Officer (CRO),C_SUITE,SALES_MARKETING,jvillaseñor@industriasdeoccide.mx,VERIFIED,85,+529871875307,2026-09-06T14:31:01.596929+00:00
General Commercial & Services,INNOVACION DINAMICA S. DE R.L. DE C.V.,innovaciondinamica.com.mx,Alejandro Garza,Chief Financial Officer (CFO),C_SUITE,FINANCE,agarza@innovaciondinamica.com.mx,VERIFIED,85,+527240899851,2026-09-06T14:31:01.598934+00:00
General Commercial & Services,INNOVACION DINAMICA S. DE R.L. DE C.V.,innovaciondinamica.com.mx,Alejandro Benítez,Chief Technology Officer (CTO),C_SUITE,ENGINEERING_IT,abenítez@innovaciondinamica.mx,VERIFIED,85,+524228168048,2026-09-06T14:31:01.598934+00:00
General Commercial & Services,INNOVACION DINAMICA S. DE R.L. DE C.V.,innovaciondinamica.com.mx,Carlos Hernández,Chief Executive Officer (CEO),C_SUITE,EXECUTIVE,chernández@innovaciondinamica.com.mx,VERIFIED,85,+526552844136,2026-09-06T14:31:01.598934+00:00
General Commercial & Services,INNOVACION DINAMICA S.C.,innovaciondinamica.mx,Hector Salinas,Chief Operating Officer (COO),C_SUITE,OPERATIONS,hsalinas@innovaciondinamica.mx,VERIFIED,85,+527919933678,2026-09-06T14:31:01.598934+00:00
General Commercial & Services,INNOVACION DINAMICA S.C.,innovaciondinamica.mx,Gabriel Valenzuela,Chief Revenue Officer (CRO),C_SUITE,SALES_MARKETING,gvalenzuela@innovaciondinamica.mx,VERIFIED,85,+527374308431,2026-09-06T14:31:01.598934+00:00
General Commercial & Services,MANUFACTURA NACIONAL S.A.S.,manufacturanaciona.mx,Rodrigo Martínez,Chief Executive Officer (CEO),C_SUITE,EXECUTIVE,rmartínez@manufacturanaciona.mx,VERIFIED,85,+526521411856,2026-09-06T14:31:01.598934+00:00
General Commercial & Services,MANUFACTURA NACIONAL S.A.S.,manufacturanaciona.mx,Eduardo González,Chief Technology Officer (CTO),C_SUITE,ENGINEERING_IT,egonzález@manufacturanaciona.mx,VERIFIED,85,+525483177549,2026-09-06T14:31:01.598934+00:00
General Commercial & Services,MANUFACTURA NACIONAL S.A.P.I. DE C.V.,manufacturanaciona.com,Sofia Salinas,Chief Revenue Officer (CRO),C_SUITE,SALES_MARKETING,ssalinas@manufacturanaciona.com,VERIFIED,85,+528281705088,2026-09-06T14:31:01.598934+00:00
General Commercial & Services,MANUFACTURA DE OCCIDENTE S.A. DE C.V.,manufacturadeoccid.com,Eduardo Ruiz,Chief Operating Officer (COO),C_SUITE,OPERATIONS,eruiz@manufacturadeoccid.com,VERIFIED,85,+529668218054,2026-09-06T14:31:01.598934+00:00
General Commercial & Services,MANUFACTURA DE OCCIDENTE S.A. DE C.V.,manufacturadeoccid.com,Sofia Treviño,Chief Executive Officer (CEO),C_SUITE,EXECUTIVE,streviño@manufacturadeoccid.com,VERIFIED,85,+525112887550,2026-09-06T14:31:01.598934+00:00
General Commercial & Services,MANUFACTURA DE OCCIDENTE S. DE R.L. DE C.V.,manufacturadeoccid.mx,Mariana Garza,Chief Executive Officer (CEO),C_SUITE,EXECUTIVE,mgarza@manufacturadeoccid.mx,VERIFIED,85,+529863834186,2026-09-06T14:31:01.598934+00:00
General Commercial & Services,INNOVACION DE OCCIDENTE 47 S.A.B. DE C.V.,innovaciondeoccide.com,Rodrigo Garza,Chief Executive Officer (CEO),C_SUITE,EXECUTIVE,rgarza@innovaciondeoccide.com,VERIFIED,85,+526551882524,2026-09-06T14:31:01.598934+00:00
General Commercial & Services,INNOVACION DE OCCIDENTE 47 S.A.B. DE C.V.,innovaciondeoccide.com,Jorge Benítez,Chief Operating Officer (COO),C_SUITE,OPERATIONS,jbenítez@innovaciondeoccide.com,VERIFIED,85,+527360713856,2026-09-06T14:31:01.598934+00:00
General Commercial & Services,INNOVACION DE OCCIDENTE 47 S.A.B. DE C.V.,innovaciondeoccide.com,Javier Hernández,Chief Operating Officer (COO),C_SUITE,OPERATIONS,jhernández@innovaciondeoccide.com,VERIFIED,85,+526832077023,2026-09-06T14:31:01.598934+00:00
General Commercial & Services,INNOVACION DE LAS AMERICAS S.A.S.,innovaciondelasame.mx,Claudia Mendoza,Chief Revenue Officer (CRO),C_SUITE,SALES_MARKETING,cmendoza@innovaciondelasame.mx,VERIFIED,85,+527259734734,2026-09-06T14:31:01.598934+00:00
General Commercial & Services,INNOVACION DE OCCIDENTE S.A.S.,innovaciondeoccide.com.mx,Jorge González,Chief Executive Officer (CEO),C_SUITE,EXECUTIVE,jgonzález@innovaciondeoccide.com.mx,VERIFIED,85,+527241222655,2026-09-06T14:31:01.598934+00:00
General Commercial & Services,INNOVACION DE LAS AMERICAS S.A.B. DE C.V.,innovaciondelasame.com,Gabriel González,Founder,FOUNDER,EXECUTIVE,ggonzález@innovaciondelasame.com,VERIFIED,85,+527216249296,2026-09-06T14:31:01.598934+00:00
General Commercial & Services,INDUSTRIAS NACIONAL S. DE R.L. DE C.V.,industriasnacional.mx,Mariana Villaseñor,Chief Technology Officer (CTO),C_SUITE,ENGINEERING_IT,mvillaseñor@industriasnacional.mx,VERIFIED,85,+524577195957,2026-09-06T14:31:01.598934+00:00
General Commercial & Services,INDUSTRIAS NACIONAL S. DE R.L. DE C.V.,industriasnacional.mx,Gabriel Castro,Chief Executive Officer (CEO),C_SUITE,EXECUTIVE,gcastro@industriasnacional.com,VERIFIED,85,+527789636269,2026-09-06T14:31:01.598934+00:00
General Commercial & Services,INDUSTRIAS NACIONAL S. DE R.L. DE C.V.,industriasnacional.mx,Hector López,Founder,FOUNDER,EXECUTIVE,hlópez@industriasnacional.mx,VERIFIED,85,+527713415026,2026-09-06T14:31:01.598934+00:00
General Commercial & Services,INDUSTRIAS NACIONAL S.A.B. DE C.V.,industriasnacional.com.mx,Eduardo Dominguez,Chief Human Resources Officer (CHRO),C_SUITE,HR_PEOPLE,edominguez@industriasnacional.com.mx,VERIFIED,85,+529487948041,2026-09-06T14:31:01.598934+00:00
General Commercial & Services,INDUSTRIAS GLOBAL S.A. DE C.V.,industriasglobal.com.mx,Miguel Villaseñor,Chief Technology Officer (CTO),C_SUITE,ENGINEERING_IT,mvillaseñor@industriasglobal.com.mx,VERIFIED,85,+525142185846,2026-09-06T14:31:01.598934+00:00
General Commercial & Services,INDUSTRIAS GLOBAL S.A. DE C.V.,industriasglobal.com.mx,Javier González,Chief Revenue Officer (CRO),C_SUITE,SALES_MARKETING,jgonzález@industriasglobal.mx,VERIFIED,85,+528930429708,2026-09-06T14:31:01.598934+00:00
General Commercial & Services,INNOVACION DINAMICA S.A.S.,innovaciondinamica.mx,Andrea López,Chief Executive Officer (CEO),C_SUITE,EXECUTIVE,alópez@innovaciondinamica.mx,VERIFIED,85,+524034845321,2026-09-06T14:31:01.598934+00:00
General Commercial & Services,INNOVACION DINAMICA S.C.,innovaciondinamica.com,Javier Alarcón,Chief Operating Officer (COO),C_SUITE,OPERATIONS,jalarcón@innovaciondinamica.com,VERIFIED,85,+528148604051,2026-09-06T14:31:01.598934+00:00
General Commercial & Services,INNOVACION INDUSTRIAL S.A.B. DE C.V.,innovacionindustri.mx,Hector Vega,Founder,FOUNDER,EXECUTIVE,hvega@innovacionindustri.mx,VERIFIED,85,+525565222722,2026-09-06T14:31:01.598934+00:00
General Commercial & Services,INNOVACION INDUSTRIAL S.A.B. DE C.V.,innovacionindustri.mx,Sofia Valenzuela,Chief Executive Officer (CEO),C_SUITE,EXECUTIVE,svalenzuela@innovacionindustri.mx,VERIFIED,85,+529365089626,2026-09-06T14:31:01.598934+00:00
General Commercial & Services,INNOVACION INDUSTRIAL S.A.B. DE C.V.,innovacionindustri.mx,Daniel González,Chief Operating Officer (COO),C_SUITE,OPERATIONS,dgonzález@innovacionindustri.mx,VERIFIED,85,+526278534052,2026-09-06T14:31:01.598934+00:00
General Commercial & Services,INNOVACION INDUSTRIAL S.C.,innovacionindustri.com,Daniel Mendoza,Chief Financial Officer (CFO),C_SUITE,FINANCE,dmendoza@innovacionindustri.com,VERIFIED,85,+525274471490,2026-09-06T14:31:01.598934+00:00
General Commercial & Services,INNOVACION INDUSTRIAL S.C.,innovacionindustri.com,Guillermo Martínez,Chief Executive Officer (CEO),C_SUITE,EXECUTIVE,gmartínez@innovacionindustri.com,VERIFIED,85,+525388233303,2026-09-06T14:31:01.598934+00:00
General Commercial & Services,INNOVACION INDUSTRIAL S.A.S.,innovacionindustri.com.mx,Adriana Alarcón,Chief Operating Officer (COO),C_SUITE,OPERATIONS,aalarcón@innovacionindustri.com.mx,VERIFIED,85,+527646085666,2026-09-06T14:31:01.598934+00:00
General Commercial & Services,INDUSTRIAS GLOBAL S.C.,industriasglobal98.com,Miguel González,Chief Revenue Officer (CRO),C_SUITE,SALES_MARKETING,mgonzález@industriasglobal98.com,VERIFIED,85,+528142471991,2026-09-06T14:31:01.600938+00:00
General Commercial & Services,INDUSTRIAS GLOBAL S.A.P.I. DE C.V.,industriasglobal.com.mx,Javier Benítez,Chief Financial Officer (CFO),C_SUITE,FINANCE,jbenítez@industriasglobal.com.mx,VERIFIED,85,+526896308839,2026-09-06T14:31:01.600938+00:00
General Commercial & Services,INDUSTRIAS GLOBAL S.A.P.I. DE C.V.,industriasglobal.com.mx,Mariana Valenzuela,Chief Operating Officer (COO),C_SUITE,OPERATIONS,mvalenzuela@industriasglobal.com.mx,VERIFIED,85,+529493706612,2026-09-06T14:31:01.600938+00:00
General Commercial & Services,INDUSTRIAS DINAMICA S.A.P.I. DE C.V.,industriasdinamica.com,Javier Morales,Chief Executive Officer (CEO),C_SUITE,EXECUTIVE,jmorales@industriasdinamica.com,VERIFIED,85,+528592280655,2026-09-06T14:31:01.600938+00:00
General Commercial & Services,INDUSTRIAS DINAMICA S.A.P.I. DE C.V.,industriasdinamica.com,Sofia Benítez,Chief Executive Officer (CEO),C_SUITE,EXECUTIVE,sbenítez@industriasdinamica.com,VERIFIED,85,+526551720906,2026-09-06T14:31:01.600938+00:00
General Commercial & Services,INDUSTRIAS DINAMICA S.A.P.I. DE C.V.,industriasdinamica.com,Carlos Dominguez,Chief Executive Officer (CEO),C_SUITE,EXECUTIVE,cdominguez@industriasdinamica.com,VERIFIED,85,+524260408091,2026-09-06T14:31:01.600938+00:00
General Commercial & Services,INDUSTRIAS DINAMICA S.A. DE C.V.,industriasdinamica.mx,Roberto Navarro,Chief Revenue Officer (CRO),C_SUITE,SALES_MARKETING,rnavarro@industriasdinamica.mx,VERIFIED,85,+526672204829,2026-09-06T14:31:01.600938+00:00
General Commercial & Services,MANUFACTURA ESPECIALIZADA S.A. DE C.V.,manufacturaespecia.com,Sofia Hernández,Chief Human Resources Officer (CHRO),C_SUITE,HR_PEOPLE,shernández@manufacturaespecia.com,VERIFIED,85,+528152153632,2026-09-06T14:31:01.600938+00:00
General Commercial & Services,MANUFACTURA ESPECIALIZADA S.A. DE C.V.,manufacturaespecia.com,David Castro,Chief Revenue Officer (CRO),C_SUITE,SALES_MARKETING,dcastro@manufacturaespecia.com,VERIFIED,85,+528171977419,2026-09-06T14:31:01.600938+00:00
General Commercial & Services,INDUSTRIAS NACIONAL S. DE R.L. DE C.V.,industriasnacional.mx,Rodrigo Ruiz,Chief Revenue Officer (CRO),C_SUITE,SALES_MARKETING,rruiz@industriasnacional.mx,VERIFIED,85,+526855879219,2026-09-06T14:31:01.600938+00:00
General Commercial & Services,INDUSTRIAS NACIONAL S. DE R.L. DE C.V.,industriasnacional.mx,Jorge Treviño,Founder,FOUNDER,EXECUTIVE,jtreviño@industriasnacional.mx,VERIFIED,85,+524034710453,2026-09-06T14:31:01.600938+00:00
General Commercial & Services,INDUSTRIAS NACIONAL S.A. DE C.V.,industriasnacional.com,Hector González,Chief Financial Officer (CFO),C_SUITE,FINANCE,hgonzález@industriasnacional.com,VERIFIED,85,+529736682335,2026-09-06T14:31:01.600938+00:00
General Commercial & Services,INDUSTRIAS NACIONAL S.A. DE C.V.,industriasnacional.com,Miguel García,Chief Executive Officer (CEO),C_SUITE,EXECUTIVE,mgarcía@industriasnacional.com,VERIFIED,85,+527978170185,2026-09-06T14:31:01.600938+00:00
General Commercial & Services,INDUSTRIAS NACIONAL S.A. DE C.V.,industriasnacional.com,Sofia Valenzuela,Chief Operating Officer (COO),C_SUITE,OPERATIONS,svalenzuela@industriasnacional.com,VERIFIED,85,+524051711820,2026-09-06T14:31:01.600938+00:00
General Commercial & Services,INDUSTRIAS MODERNA 90 S.A.S.,industriasmoderna.mx,Gabriel Ruiz,Chief Technology Officer (CTO),C_SUITE,ENGINEERING_IT,gruiz@industriasmoderna.mx,VERIFIED,85,+528131076515,2026-09-06T14:31:01.600938+00:00
General Commercial & Services,INDUSTRIAS MODERNA S.A.P.I. DE C.V.,industriasmoderna.com,Adriana Hernández,Chief Executive Officer (CEO),C_SUITE,EXECUTIVE,ahernández@industriasmoderna.com,VERIFIED,85,+528112438397,2026-09-06T14:31:01.600938+00:00
General Commercial & Services,INDUSTRIAS MODERNA S.A.P.I. DE C.V.,industriasmoderna.com,Gabriel González,Founder,FOUNDER,EXECUTIVE,ggonzález@industriasmoderna7.com.mx,VERIFIED,85,+528119636670,2026-09-06T14:31:01.600938+00:00
General Commercial & Services,INDUSTRIAS MODERNA S.A.P.I. DE C.V.,industriasmoderna.com,Eduardo López,Chief Human Resources Officer (CHRO),C_SUITE,HR_PEOPLE,elópez@industriasmoderna.com,VERIFIED,85,+528156688018,2026-09-06T14:31:01.600938+00:00
General Commercial & Services,INDUSTRIAS MODERNA S.A.S.,industriasmoderna2.com.mx,Javier Alarcón,Chief Operating Officer (COO),C_SUITE,OPERATIONS,jalarcón@industriasmoderna2.com.mx,VERIFIED,85,+528179733285,2026-09-06T14:31:01.600938+00:00
General Commercial & Services,INDUSTRIAS MODERNA S.C.,industriasmoderna8.com.mx,Carlos Castro,Chief Human Resources Officer (CHRO),C_SUITE,HR_PEOPLE,ccastro@industriasmoderna8.com.mx,VERIFIED,85,+528167661132,2026-09-06T14:31:01.600938+00:00
General Commercial & Services,INNOVACION GLOBAL S. DE R.L. DE C.V.,innovacionglobal11.com,Jorge Martínez,Chief Executive Officer (CEO),C_SUITE,EXECUTIVE,jmartínez@innovacionglobal11.com,VERIFIED,85,+527213171389,2026-09-06T14:31:01.600938+00:00
General Commercial & Services,INNOVACION GLOBAL S.A. DE C.V.,innovacionglobal.mx,Sofia Mendoza,Chief Revenue Officer (CRO),C_SUITE,SALES_MARKETING,smendoza@innovacionglobal.mx,VERIFIED,85,+526187890098,2026-09-06T14:31:01.600938+00:00
General Commercial & Services,INNOVACION GLOBAL S.A.S.,innovacionglobal99.com,Rodrigo Benítez,Chief Human Resources Officer (CHRO),C_SUITE,HR_PEOPLE,rbenítez@innovacionglobal99.com,VERIFIED,85,+525449878772,2026-09-06T14:31:01.602941+00:00
General Commercial & Services,INNOVACION GLOBAL S.C.,innovacionglobal2.com.mx,Miguel González,Chief Financial Officer (CFO),C_SUITE,FINANCE,mgonzález@innovacionglobal2.com.mx,VERIFIED,85,+529816632555,2026-09-06T14:31:01.602941+00:00
General Commercial & Services,INNOVACION GLOBAL S.C.,innovacionglobal2.com.mx,David Garza,Chief Revenue Officer (CRO),C_SUITE,SALES_MARKETING,dgarza@innovacionglobal.mx,VERIFIED,85,+529963128333,2026-09-06T14:31:01.602941+00:00
General Commercial & Services,INNOVACION GLOBAL S.A.P.I. DE C.V.,innovacionglobal.com.mx,Miguel Alarcón,Chief Financial Officer (CFO),C_SUITE,FINANCE,malarcón@innovacionglobal.com.mx,VERIFIED,85,+524671004316,2026-09-06T14:31:01.602941+00:00
General Commercial & Services,INNOVACION GLOBAL S.A.P.I. DE C.V.,innovacionglobal.com.mx,Gabriel García,Chief Operating Officer (COO),C_SUITE,OPERATIONS,ggarcía@innovacionglobal3.com,VERIFIED,85,+524331013126,2026-09-06T14:31:01.602941+00:00
General Commercial & Services,INNOVACION INTEGRAL S.A.B. DE C.V.,innovacionintegral.com.mx,Eduardo Morales,Chief Executive Officer (CEO),C_SUITE,EXECUTIVE,emorales@innovacionintegral.com.mx,VERIFIED,85,+525916665646,2026-09-06T14:31:01.603944+00:00
General Commercial & Services,INNOVACION INTEGRAL S.A.B. DE C.V.,innovacionintegral.com.mx,Fernando López,Chief Financial Officer (CFO),C_SUITE,FINANCE,flópez@innovacionintegral.mx,VERIFIED,85,+529717726952,2026-09-06T14:31:01.603944+00:00
General Commercial & Services,INNOVACION INTEGRAL S.A.P.I. DE C.V.,innovacionintegral.mx,Guillermo Alarcón,Founder,FOUNDER,EXECUTIVE,galarcón@innovacionintegral.mx,VERIFIED,85,+525510463440,2026-09-06T14:31:01.603944+00:00
General Commercial & Services,MANUFACTURA INTERNACIONAL S.A.B. DE C.V.,manufacturainterna.com.mx,Mariana Garza,Chief Human Resources Officer (CHRO),C_SUITE,HR_PEOPLE,mgarza@manufacturainterna.com.mx,VERIFIED,85,+525185524719,2026-09-06T14:31:01.603944+00:00
General Commercial & Services,MANUFACTURA INTERNACIONAL S.A. DE C.V.,manufacturainterna.mx,Claudia García,Chief Technology Officer (CTO),C_SUITE,ENGINEERING_IT,cgarcía@manufacturainterna.mx,VERIFIED,85,+525057062500,2026-09-06T14:31:01.603944+00:00
General Commercial & Services,INNOVACION EMPRESARIAL S.A.B. DE C.V.,innovacionempresar.com,Daniel Salinas,Chief Operating Officer (COO),C_SUITE,OPERATIONS,dsalinas@innovacionempresar.com,VERIFIED,85,+528062317497,2026-09-06T14:31:01.603944+00:00
General Commercial & Services,INNOVACION EMPRESARIAL S.A.B. DE C.V.,innovacionempresar.com,Luis González,Founder,FOUNDER,EXECUTIVE,lgonzález@innovacionempresar.com,VERIFIED,85,+525470023567,2026-09-06T14:31:01.603944+00:00
General Commercial & Services,INNOVACION EMPRESARIAL S.A.B. DE C.V.,innovacionempresar.com,Jorge Martínez,Chief Technology Officer (CTO),C_SUITE,ENGINEERING_IT,jmartínez@innovacionempresar.mx,VERIFIED,85,+528737059653,2026-09-06T14:31:01.603944+00:00
General Commercial & Services,INNOVACION EMPRESARIAL S.A.B. DE C.V.,innovacionempresar.com.mx,Gabriel Benítez,Founder,FOUNDER,EXECUTIVE,gbenítez@innovacionempresar.com.mx,VERIFIED,85,+529898141896,2026-09-06T14:31:01.603944+00:00
General Commercial & Services,INNOVACION MODERNA S.A.P.I. DE C.V.,innovacionmoderna.com,Patricia Garza,Chief Operating Officer (COO),C_SUITE,OPERATIONS,pgarza@innovacionmoderna.com,VERIFIED,85,+526056034748,2026-09-06T14:31:01.603944+00:00
General Commercial & Services,INNOVACION MODERNA S.A.P.I. DE C.V.,innovacionmoderna.com,Guillermo González,Chief Operating Officer (COO),C_SUITE,OPERATIONS,ggonzález@innovacionmoderna.com,VERIFIED,85,+527912612650,2026-09-06T14:31:01.603944+00:00
General Commercial & Services,INNOVACION MODERNA 93 S.C.,innovacionmoderna.mx,Javier González,Chief Executive Officer (CEO),C_SUITE,EXECUTIVE,jgonzález@innovacionmoderna.mx,VERIFIED,85,+526051238669,2026-09-06T14:31:01.603944+00:00
General Commercial & Services,MANUFACTURA INTEGRAL S. DE R.L. DE C.V.,manufacturaintegra.mx,Claudia Garza,Chief Operating Officer (COO),C_SUITE,OPERATIONS,cgarza@manufacturaintegra.mx,VERIFIED,85,+527191428589,2026-09-06T14:31:01.603944+00:00
General Commercial & Services,MANUFACTURA INTEGRAL S. DE R.L. DE C.V.,manufacturaintegra.mx,Fernando García,Chief Executive Officer (CEO),C_SUITE,EXECUTIVE,fgarcía@manufacturaintegra.mx,VERIFIED,85,+529395895971,2026-09-06T14:31:01.603944+00:00
General Commercial & Services,INDUSTRIAS CENTRAL 11 S.A.P.I. DE C.V.,industriascentral.mx,Mariana Villaseñor,Chief Human Resources Officer (CHRO),C_SUITE,HR_PEOPLE,mvillaseñor@industriascentral.mx,VERIFIED,85,+524638830227,2026-09-06T14:31:01.603944+00:00
General Commercial & Services,INDUSTRIAS CENTRAL S.A. DE C.V.,industriascentral8.mx,Jorge Alarcón,Chief Executive Officer (CEO),C_SUITE,EXECUTIVE,jalarcón@industriascentral8.mx,VERIFIED,85,+529941808497,2026-09-06T14:31:01.605948+00:00
General Commercial & Services,INDUSTRIAS CENTRAL S.A.S.,industriascentral4.mx,Gabriel Dominguez,Chief Human Resources Officer (CHRO),C_SUITE,HR_PEOPLE,gdominguez@industriascentral4.mx,VERIFIED,85,+528087860690,2026-09-06T14:31:01.605948+00:00
General Commercial & Services,INDUSTRIAS CENTRAL S.A.S.,industriascentral4.mx,Mariana Treviño,Chief Executive Officer (CEO),C_SUITE,EXECUTIVE,mtreviño@industriascentral4.mx,VERIFIED,85,+529819017148,2026-09-06T14:31:01.605948+00:00
General Commercial & Services,INDUSTRIAS ESPECIALIZADA S. DE R.L. DE C.V.,industriasespecial.com.mx,Eduardo Salinas,Chief Executive Officer (CEO),C_SUITE,EXECUTIVE,esalinas@industriasespecial.com.mx,VERIFIED,85,+526271730963,2026-09-06T14:31:01.605948+00:00
General Commercial & Services,INDUSTRIAS ESPECIALIZADA S. DE R.L. DE C.V.,industriasespecial.com.mx,Miguel Treviño,Chief Human Resources Officer (CHRO),C_SUITE,HR_PEOPLE,mtreviño@industriasespecial.com.mx,VERIFIED,85,+526250608419,2026-09-06T14:31:01.605948+00:00
General Commercial & Services,INDUSTRIAS DEL NORTE S. DE R.L. DE C.V.,industriasdelnorte.com,David García,Chief Financial Officer (CFO),C_SUITE,FINANCE,dgarcía@industriasdelnorte.com,VERIFIED,85,+529628033154,2026-09-06T14:31:01.609344+00:00
General Commercial & Services,INDUSTRIAS DEL NORTE S. DE R.L. DE C.V.,industriasdelnorte.com,Roberto Treviño,Chief Technology Officer (CTO),C_SUITE,ENGINEERING_IT,rtreviño@industriasdelnorte.com,VERIFIED,85,+529962884566,2026-09-06T14:31:01.609344+00:00
General Commercial & Services,INDUSTRIAS DEL BAJIO S.A.B. DE C.V.,industriasdelbajio.com.mx,Javier Ruiz,Founder,FOUNDER,EXECUTIVE,jruiz@industriasdelbajio.com.mx,VERIFIED,85,+529490580275,2026-09-06T14:31:01.609344+00:00
General Commercial & Services,INDUSTRIAS DEL BAJIO S.A.B. DE C.V.,industriasdelbajio.com.mx,Miguel González,Chief Executive Officer (CEO),C_SUITE,EXECUTIVE,mgonzález@industriasdelbajio.com,VERIFIED,85,+529985718471,2026-09-06T14:31:01.609344+00:00
General Commercial & Services,INDUSTRIAS DEL PACIFICO S.A. DE C.V.,industriasdelpacif.com.mx,Alejandro Ruiz,Chief Operating Officer (COO),C_SUITE,OPERATIONS,aruiz@industriasdelpacif.com.mx,VERIFIED,85,+526586338563,2026-09-06T14:31:01.609344+00:00
General Commercial & Services,INDUSTRIAS DEL PACIFICO S.A. DE C.V.,industriasdelpacif.com.mx,Luis Mendoza,Chief Executive Officer (CEO),C_SUITE,EXECUTIVE,lmendoza@industriasdelpacif.com.mx,VERIFIED,85,+524918015170,2026-09-06T14:31:01.609344+00:00
General Commercial & Services,INDUSTRIAS DEL CENTRO S.A.B. DE C.V.,industriasdelcentr.mx,Claudia Mendoza,Chief Executive Officer (CEO),C_SUITE,EXECUTIVE,cmendoza@industriasdelcentr.mx,VERIFIED,85,+527192531445,2026-09-06T14:31:01.609344+00:00
General Commercial & Services,INDUSTRIAS DEL CENTRO S.A.B. DE C.V.,industriasdelcentr.mx,Carlos Garza,Chief Operating Officer (COO),C_SUITE,OPERATIONS,cgarza@industriasdelcentr.mx,VERIFIED,85,+528629997862,2026-09-06T14:31:01.609344+00:00
General Commercial & Services,INDUSTRIAS DEL PACIFICO 66 S.A.S.,industriasdelpacif.com,Guillermo Mendoza,Chief Revenue Officer (CRO),C_SUITE,SALES_MARKETING,gmendoza@industriasdelpacif.com,VERIFIED,85,+528677709332,2026-09-06T14:31:01.609344+00:00
General Commercial & Services,INDUSTRIAS INTERNACIONAL S.A.S.,industriasinternac.com.mx,Roberto Mendoza,Chief Technology Officer (CTO),C_SUITE,ENGINEERING_IT,rmendoza@industriasinternac.com.mx,VERIFIED,85,+528141798295,2026-09-06T14:31:01.611348+00:00
General Commercial & Services,INDUSTRIAS INTERNACIONAL S.A.S.,industriasinternac.com.mx,Adriana Alarcón,Chief Executive Officer (CEO),C_SUITE,EXECUTIVE,aalarcón@industriasinternac.com.mx,VERIFIED,85,+528125393780,2026-09-06T14:31:01.611348+00:00
General Commercial & Services,INDUSTRIAS INTERNACIONAL 44 S.A.B. DE C.V.,industriasinternac.com,Fernando Ruiz,Chief Operating Officer (COO),C_SUITE,OPERATIONS,fruiz@industriasinternac.com,VERIFIED,85,+528111532924,2026-09-06T14:31:01.611348+00:00
General Commercial & Services,INDUSTRIAS INTERNACIONAL 44 S.A.B. DE C.V.,industriasinternac.com,Sofia Benítez,Founder,FOUNDER,EXECUTIVE,sbenítez@industriasinternac.com,VERIFIED,85,+528120885965,2026-09-06T14:31:01.611348+00:00
General Commercial & Services,INDUSTRIAS INTERNACIONAL S.A. DE C.V.,industriasinternac.mx,Fernando Navarro,Chief Operating Officer (COO),C_SUITE,OPERATIONS,fnavarro@industriasinternac.mx,VERIFIED,85,+528176435015,2026-09-06T14:31:01.611348+00:00
General Commercial & Services,INDUSTRIAS EMPRESARIAL S. DE R.L. DE C.V.,industriasempresar.com,Roberto Navarro,Chief Financial Officer (CFO),C_SUITE,FINANCE,rnavarro@industriasempresar.com,VERIFIED,85,+528918840548,2026-09-06T14:31:01.611348+00:00
General Commercial & Services,INDUSTRIAS EMPRESARIAL S. DE R.L. DE C.V.,industriasempresar.com,Claudia Garza,Founder,FOUNDER,EXECUTIVE,cgarza@industriasempresar.com,VERIFIED,85,+524095762768,2026-09-06T14:31:01.611348+00:00
General Commercial & Services,INDUSTRIAS EMPRESARIAL S. DE R.L. DE C.V.,industriasempresar.com,Roberto Treviño,Chief Executive Officer (CEO),C_SUITE,EXECUTIVE,rtreviño@industriasempresar.com,VERIFIED,85,+524415611620,2026-09-06T14:31:01.611348+00:00
General Commercial & Services,INDUSTRIAS EMPRESARIAL S. DE R.L. DE C.V.,industriasempresar.com,Rodrigo Villaseñor,Chief Technology Officer (CTO),C_SUITE,ENGINEERING_IT,rvillaseñor@industriasempresar.mx,VERIFIED,85,+529338940984,2026-09-06T14:31:01.611348+00:00
General Commercial & Services,INNOVACION DE LAS AMERICAS S. DE R.L. DE C.V.,innovaciondelasame.mx,Daniel Alarcón,Chief Human Resources Officer (CHRO),C_SUITE,HR_PEOPLE,dalarcón@innovaciondelasame.mx,VERIFIED,85,+529299416164,2026-09-06T14:31:01.611348+00:00
General Commercial & Services,INNOVACION DE LAS AMERICAS S. DE R.L. DE C.V.,innovaciondelasame.mx,Rodrigo González,Chief Revenue Officer (CRO),C_SUITE,SALES_MARKETING,rgonzález@innovaciondelasame.mx,VERIFIED,85,+527025973907,2026-09-06T14:31:01.611348+00:00
General Commercial & Services,INNOVACION DE LAS AMERICAS S. DE R.L. DE C.V.,innovaciondelasame.mx,Daniel Vega,Founder,FOUNDER,EXECUTIVE,dvega@innovaciondelasame.mx,VERIFIED,85,+525949742759,2026-09-06T14:31:01.611348+00:00
General Commercial & Services,INNOVACION DE LAS AMERICAS S. DE R.L. DE C.V.,innovaciondelasame.mx,Mariana García,Chief Executive Officer (CEO),C_SUITE,EXECUTIVE,mgarcía@innovaciondelasame.com.mx,VERIFIED,85,+529154082796,2026-09-06T14:31:01.611348+00:00
General Commercial & Services,INNOVACION DE LAS AMERICAS S.A.S.,innovaciondelasame.com,Patricia Ruiz,Chief Financial Officer (CFO),C_SUITE,FINANCE,pruiz@innovaciondelasame.com,VERIFIED,85,+527216986477,2026-09-06T14:31:01.611348+00:00
General Commercial & Services,INNOVACION DE LAS AMERICAS S.A.S.,innovaciondelasame.com,Miguel Villaseñor,Chief Executive Officer (CEO),C_SUITE,EXECUTIVE,mvillaseñor@innovaciondelasame.com,VERIFIED,85,+529781999879,2026-09-06T14:31:01.611348+00:00
General Commercial & Services,INNOVACION DE OCCIDENTE S.A. DE C.V.,innovaciondeoccide.com,David Alarcón,Chief Revenue Officer (CRO),C_SUITE,SALES_MARKETING,dalarcón@innovaciondeoccide.com,VERIFIED,85,+524724167577,2026-09-06T14:31:01.611348+00:00
General Commercial & Services,MANUFACTURA INTERNACIONAL S.C.,manufacturainterna.mx,Gabriel Ruiz,Chief Revenue Officer (CRO),C_SUITE,SALES_MARKETING,gruiz@manufacturainterna.mx,VERIFIED,85,+525841653235,2026-09-06T14:31:01.613354+00:00
General Commercial & Services,MANUFACTURA INTERNACIONAL S.C.,manufacturainterna.mx,Guillermo Vega,Founder,FOUNDER,EXECUTIVE,gvega@manufacturainterna.mx,VERIFIED,85,+528764987405,2026-09-06T14:31:01.613354+00:00
General Commercial & Services,MANUFACTURA INTERNACIONAL S.C.,manufacturainterna.mx,Eduardo Castro,Chief Human Resources Officer (CHRO),C_SUITE,HR_PEOPLE,ecastro@manufacturainterna.mx,VERIFIED,85,+525826734808,2026-09-06T14:31:01.613354+00:00
General Commercial & Services,MANUFACTURA INTERNACIONAL S.A. DE C.V.,manufacturainterna.com.mx,Mariana López,Chief Technology Officer (CTO),C_SUITE,ENGINEERING_IT,mlópez@manufacturainterna.com.mx,VERIFIED,85,+525618487567,2026-09-06T14:31:01.613354+00:00
General Commercial & Services,MANUFACTURA INTERNACIONAL S.A.B. DE C.V.,manufacturainterna.com,Gabriel Vega,Chief Executive Officer (CEO),C_SUITE,EXECUTIVE,gvega@manufacturainterna.com,VERIFIED,85,+529387995396,2026-09-06T14:31:01.613354+00:00
General Commercial & Services,INNOVACION AVANZADA S.A.P.I. DE C.V.,innovacionavanzada.mx,Sofia Mendoza,Founder,FOUNDER,EXECUTIVE,smendoza@innovacionavanzada.mx,VERIFIED,85,+528121149852,2026-09-06T14:31:01.613354+00:00
General Commercial & Services,INNOVACION AVANZADA S.A.P.I. DE C.V.,innovacionavanzada.mx,Rodrigo Garza,Chief Operating Officer (COO),C_SUITE,OPERATIONS,rgarza@innovacionavanzada.mx,VERIFIED,85,+528124861554,2026-09-06T14:31:01.613354+00:00
General Commercial & Services,INNOVACION AVANZADA S.A.P.I. DE C.V.,innovacionavanzada.com,Eduardo García,Chief Financial Officer (CFO),C_SUITE,FINANCE,egarcía@innovacionavanzada.com,VERIFIED,85,+528137351982,2026-09-06T14:31:01.613354+00:00
General Commercial & Services,MANUFACTURA DEL BAJIO S.A.P.I. DE C.V.,manufacturadelbaji.com.mx,Hector Vega,Chief Revenue Officer (CRO),C_SUITE,SALES_MARKETING,hvega@manufacturadelbaji.com.mx,VERIFIED,85,+525470764223,2026-09-06T14:31:01.613354+00:00
General Commercial & Services,MANUFACTURA DEL BAJIO S.A.P.I. DE C.V.,manufacturadelbaji.com.mx,Patricia Mendoza,Chief Operating Officer (COO),C_SUITE,OPERATIONS,pmendoza@manufacturadelbaji.com.mx,VERIFIED,85,+526890540166,2026-09-06T14:31:01.613354+00:00
General Commercial & Services,MANUFACTURA DEL PACIFICO S.A.S.,manufacturadelpaci.com.mx,Daniel Ruiz,Chief Executive Officer (CEO),C_SUITE,EXECUTIVE,druiz@manufacturadelpaci.com.mx,VERIFIED,85,+529816810028,2026-09-06T14:31:01.613354+00:00
General Commercial & Services,MANUFACTURA DEL PACIFICO S.A.S.,manufacturadelpaci.com.mx,Hector García,Founder,FOUNDER,EXECUTIVE,hgarcía@manufacturadelpaci.com.mx,VERIFIED,85,+525339508045,2026-09-06T14:31:01.613354+00:00
General Commercial & Services,MANUFACTURA DEL PACIFICO S.A.S.,manufacturadelpaci.com.mx,Luis Mendoza,Founder,FOUNDER,EXECUTIVE,lmendoza@manufacturadelpaci.com.mx,VERIFIED,85,+525254163250,2026-09-06T14:31:01.613354+00:00
General Commercial & Services,MANUFACTURA DEL PACIFICO S.A.S.,manufacturadelpaci.com.mx,Alejandro Martínez,Chief Revenue Officer (CRO),C_SUITE,SALES_MARKETING,amartínez@manufacturadelpaci.com.mx,VERIFIED,85,+524359273061,2026-09-06T14:31:01.613354+00:00
General Commercial & Services,MANUFACTURA DEL BAJIO S.A.S.,manufacturadelbaji.mx,Rodrigo Mendoza,Chief Human Resources Officer (CHRO),C_SUITE,HR_PEOPLE,rmendoza@manufacturadelbaji.mx,VERIFIED,85,+528420993665,2026-09-06T14:31:01.613354+00:00
General Commercial & Services,MANUFACTURA DEL NORTE 33 S. DE R.L. DE C.V.,manufacturadelnort.com.mx,Luis Hernández,Chief Revenue Officer (CRO),C_SUITE,SALES_MARKETING,lhernández@manufacturadelnort.com.mx,VERIFIED,85,+527510965915,2026-09-06T14:31:01.613354+00:00
General Commercial & Services,MANUFACTURA DEL NORTE S.C.,manufacturadelnort.mx,Roberto Dominguez,Chief Financial Officer (CFO),C_SUITE,FINANCE,rdominguez@manufacturadelnort.mx,VERIFIED,85,+524057734266,2026-09-06T14:31:01.613354+00:00
General Commercial & Services,MANUFACTURA DEL NORTE S.C.,manufacturadelnort.mx,Eduardo Treviño,Founder,FOUNDER,EXECUTIVE,etreviño@manufacturadelnort.mx,VERIFIED,85,+528788089836,2026-09-06T14:31:01.613354+00:00
General Commercial & Services,MANUFACTURA DEL CENTRO S.A.B. DE C.V.,manufacturadelcent.com,Andrea Benítez,Chief Executive Officer (CEO),C_SUITE,EXECUTIVE,abenítez@manufacturadelcent.com,VERIFIED,85,+525082797151,2026-09-06T14:31:01.613354+00:00
General Commercial & Services,INDUSTRIAS AVANZADA 55 S.A. DE C.V.,industriasavanzada.com.mx,Rodrigo Mendoza,Chief Technology Officer (CTO),C_SUITE,ENGINEERING_IT,rmendoza@industriasavanzada.com.mx,VERIFIED,85,+529572182052,2026-09-06T14:31:01.613354+00:00
General Commercial & Services,INDUSTRIAS AVANZADA 55 S.A. DE C.V.,industriasavanzada.com.mx,Roberto Valenzuela,Chief Operating Officer (COO),C_SUITE,OPERATIONS,rvalenzuela@industriasavanzada.com.mx,VERIFIED,85,+526585646620,2026-09-06T14:31:01.613354+00:00
General Commercial & Services,INDUSTRIAS AVANZADA 24 S.C.,industriasavanzada.mx,Claudia Dominguez,Chief Revenue Officer (CRO),C_SUITE,SALES_MARKETING,cdominguez@industriasavanzada.mx,VERIFIED,85,+528019359110,2026-09-06T14:31:01.613354+00:00
General Commercial & Services,INDUSTRIAS AVANZADA S.C.,industriasavanzada.com,Claudia Mendoza,Chief Revenue Officer (CRO),C_SUITE,SALES_MARKETING,cmendoza@industriasavanzada.com,VERIFIED,85,+525819252905,2026-09-06T14:31:01.613354+00:00
General Commercial & Services,INDUSTRIAS AVANZADA S.C.,industriasavanzada.com,Adriana Garza,Chief Revenue Officer (CRO),C_SUITE,SALES_MARKETING,agarza@industriasavanzada.com,VERIFIED,85,+524996187733,2026-09-06T14:31:01.613354+00:00
General Commercial & Services,MANUFACTURA MEXICANA S.A. DE C.V.,manufacturamexican.mx,Miguel Alarcón,Chief Financial Officer (CFO),C_SUITE,FINANCE,malarcón@manufacturamexican.mx,VERIFIED,85,+527362666929,2026-09-06T14:31:01.613354+00:00
General Commercial & Services,MANUFACTURA MEXICANA S.A. DE C.V.,manufacturamexican.mx,Roberto Martínez,Chief Executive Officer (CEO),C_SUITE,EXECUTIVE,rmartínez@manufacturamexican.mx,VERIFIED,85,+527123052177,2026-09-06T14:31:01.613354+00:00
General Commercial & Services,MANUFACTURA MEXICANA S.A. DE C.V.,manufacturamexican.mx,Adriana Castro,Chief Executive Officer (CEO),C_SUITE,EXECUTIVE,acastro@manufacturamexican.com.mx,VERIFIED,85,+529633204205,2026-09-06T14:31:01.613354+00:00
General Commercial & Services,MANUFACTURA MEXICANA S.A. DE C.V.,manufacturamexican.mx,Fernando Benítez,Founder,FOUNDER,EXECUTIVE,fbenítez@manufacturamexican.mx,VERIFIED,85,+527746920519,2026-09-06T14:31:01.613354+00:00
General Commercial & Services,MANUFACTURA MEXICANA S.A.B. DE C.V.,manufacturamexican.com,Mariana Castro,Chief Operating Officer (COO),C_SUITE,OPERATIONS,mcastro@manufacturamexican.com,VERIFIED,85,+529721383002,2026-09-06T14:31:01.613354+00:00
General Commercial & Services,MANUFACTURA MEXICANA S.A.P.I. DE C.V.,manufacturamexican.com.mx,Sofia Navarro,Founder,FOUNDER,EXECUTIVE,snavarro@manufacturamexican.com.mx,VERIFIED,85,+529039922733,2026-09-06T14:31:01.613354+00:00
General Commercial & Services,INNOVACION LATINOAMERICANA S.A.B. DE C.V.,innovacionlatinoam.com.mx,Javier Alarcón,Chief Revenue Officer (CRO),C_SUITE,SALES_MARKETING,jalarcón@innovacionlatinoam.com.mx,VERIFIED,85,+524441101624,2026-09-06T14:31:01.615359+00:00
General Commercial & Services,INNOVACION LATINOAMERICANA S.A.B. DE C.V.,innovacionlatinoam.com.mx,Carlos Martínez,Chief Revenue Officer (CRO),C_SUITE,SALES_MARKETING,cmartínez@innovacionlatinoam.com.mx,VERIFIED,85,+529278700248,2026-09-06T14:31:01.615359+00:00
General Commercial & Services,INNOVACION LATINOAMERICANA S.A.B. DE C.V.,innovacionlatinoam.com.mx,Alejandro Treviño,Chief Human Resources Officer (CHRO),C_SUITE,HR_PEOPLE,atreviño@innovacionlatinoam.com,VERIFIED,85,+524824841258,2026-09-06T14:31:01.615359+00:00
General Commercial & Services,INNOVACION LATINOAMERICANA S.A.B. DE C.V.,innovacionlatinoam.com.mx,Claudia Treviño,Chief Technology Officer (CTO),C_SUITE,ENGINEERING_IT,ctreviño@innovacionlatinoam.com.mx,VERIFIED,85,+525332798450,2026-09-06T14:31:01.615359+00:00
General Commercial & Services,INNOVACION LATINOAMERICANA 84 S.A. DE C.V.,innovacionlatinoam.mx,Claudia Garza,Founder,FOUNDER,EXECUTIVE,cgarza@innovacionlatinoam.mx,VERIFIED,85,+529895270450,2026-09-06T14:31:01.615359+00:00
General Commercial & Services,INNOVACION LATINOAMERICANA 84 S.A. DE C.V.,innovacionlatinoam.mx,Gabriel Treviño,Chief Revenue Officer (CRO),C_SUITE,SALES_MARKETING,gtreviño@innovacionlatinoam.mx,VERIFIED,85,+527592891666,2026-09-06T14:31:01.615359+00:00
General Commercial & Services,INDUSTRIAS DE LAS AMERICAS S.A.P.I. DE C.V.,industriasdelasame.com,Miguel Garza,Chief Technology Officer (CTO),C_SUITE,ENGINEERING_IT,mgarza@industriasdelasame.com,VERIFIED,85,+525586460677,2026-09-06T14:31:01.615359+00:00
General Commercial & Services,INDUSTRIAS DE LAS AMERICAS S.A.P.I. DE C.V.,industriasdelasame.com,Miguel Villaseñor,Chief Revenue Officer (CRO),C_SUITE,SALES_MARKETING,mvillaseñor@industriasdelasame.com,VERIFIED,85,+525559809386,2026-09-06T14:31:01.615359+00:00
General Commercial & Services,INDUSTRIAS DE LAS AMERICAS S.A.S.,industriasdelasame.com.mx,Luis Salinas,Chief Operating Officer (COO),C_SUITE,OPERATIONS,lsalinas@industriasdelasame.com.mx,VERIFIED,85,+525517723261,2026-09-06T14:31:01.615359+00:00
General Commercial & Services,INNOVACION INTERNACIONAL S. DE R.L. DE C.V.,innovacioninternac.com.mx,Jorge Mendoza,Chief Executive Officer (CEO),C_SUITE,EXECUTIVE,jmendoza@innovacioninternac.com.mx,VERIFIED,85,+527134589715,2026-09-06T14:31:01.615359+00:00
General Commercial & Services,INNOVACION INTERNACIONAL S. DE R.L. DE C.V.,innovacioninternac.com.mx,David Navarro,Chief Revenue Officer (CRO),C_SUITE,SALES_MARKETING,dnavarro@innovacioninternac.com,VERIFIED,85,+525131903998,2026-09-06T14:31:01.615359+00:00
General Commercial & Services,MANUFACTURA AVANZADA S.A. DE C.V.,manufacturaavanzad.com,Jorge Salinas,Chief Revenue Officer (CRO),C_SUITE,SALES_MARKETING,jsalinas@manufacturaavanzad.com,VERIFIED,85,+526047782349,2026-09-06T14:31:01.615359+00:00
General Commercial & Services,MANUFACTURA AVANZADA S.A. DE C.V.,manufacturaavanzad.com,Hector López,Chief Operating Officer (COO),C_SUITE,OPERATIONS,hlópez@manufacturaavanzad.com,VERIFIED,85,+529879857088,2026-09-06T14:31:01.615359+00:00
General Commercial & Services,MANUFACTURA AVANZADA 93 S.A. DE C.V.,manufacturaavanzad.mx,Guillermo González,Chief Human Resources Officer (CHRO),C_SUITE,HR_PEOPLE,ggonzález@manufacturaavanzad.mx,VERIFIED,85,+526826279240,2026-09-06T14:31:01.615359+00:00
General Commercial & Services,MANUFACTURA AVANZADA 93 S.A. DE C.V.,manufacturaavanzad.mx,Miguel Navarro,Chief Executive Officer (CEO),C_SUITE,EXECUTIVE,mnavarro@manufacturaavanzad.mx,VERIFIED,85,+527883856454,2026-09-06T14:31:01.615359+00:00
General Commercial & Services,INNOVACION AVANZADA 52 S. DE R.L. DE C.V.,innovacionavanzada.com.mx,Roberto Dominguez,Chief Human Resources Officer (CHRO),C_SUITE,HR_PEOPLE,rdominguez@innovacionavanzada.com.mx,VERIFIED,85,+528719149612,2026-09-06T14:31:01.615359+00:00
General Commercial & Services,INNOVACION AVANZADA 52 S. DE R.L. DE C.V.,innovacionavanzada.com.mx,Luis Dominguez,Chief Executive Officer (CEO),C_SUITE,EXECUTIVE,ldominguez@innovacionavanzada.com.mx,VERIFIED,85,+525728227699,2026-09-06T14:31:01.615359+00:00
General Commercial & Services,INNOVACION AVANZADA S.A.P.I. DE C.V.,innovacionavanzada.com,Andrea López,Chief Technology Officer (CTO),C_SUITE,ENGINEERING_IT,alópez@innovacionavanzada.com,VERIFIED,85,+528619459516,2026-09-06T14:31:01.615359+00:00
General Commercial & Services,INDUSTRIAS ESPECIALIZADA S.C.,industriasespecial.com,Claudia Martínez,Chief Executive Officer (CEO),C_SUITE,EXECUTIVE,cmartínez@industriasespecial.com,VERIFIED,85,+529753318205,2026-09-06T14:31:01.615359+00:00
General Commercial & Services,INDUSTRIAS ESPECIALIZADA S.A. DE C.V.,industriasespecial.mx,Eduardo González,Chief Revenue Officer (CRO),C_SUITE,SALES_MARKETING,egonzález@industriasespecial.mx,VERIFIED,85,+525737135233,2026-09-06T14:31:01.615359+00:00
General Commercial & Services,INDUSTRIAS ESPECIALIZADA S.A. DE C.V.,industriasespecial.mx,Alejandro Dominguez,Chief Financial Officer (CFO),C_SUITE,FINANCE,adominguez@industriasespecial.mx,VERIFIED,85,+524972322411,2026-09-06T14:31:01.615359+00:00
General Commercial & Services,INDUSTRIAS MODERNA S.A.S.,industriasmoderna.mx,Gabriel García,Chief Financial Officer (CFO),C_SUITE,FINANCE,ggarcía@industriasmoderna.mx,VERIFIED,85,+524163139961,2026-09-06T14:31:01.615359+00:00
General Commercial & Services,INDUSTRIAS MODERNA S. DE R.L. DE C.V.,industriasmoderna5.mx,David González,Chief Human Resources Officer (CHRO),C_SUITE,HR_PEOPLE,dgonzález@industriasmoderna5.mx,VERIFIED,85,+526218007569,2026-09-06T14:31:01.615359+00:00
General Commercial & Services,INDUSTRIAS INDUSTRIAL S.C.,industriasindustri.com,Jorge Villaseñor,Chief Operating Officer (COO),C_SUITE,OPERATIONS,jvillaseñor@industriasindustri.com,VERIFIED,85,+529197655705,2026-09-06T14:31:01.617368+00:00
General Commercial & Services,INDUSTRIAS INTEGRAL S. DE R.L. DE C.V.,industriasintegral.mx,Guillermo González,Chief Revenue Officer (CRO),C_SUITE,SALES_MARKETING,ggonzález@industriasintegral.mx,VERIFIED,85,+529364981116,2026-09-06T14:31:01.617368+00:00
General Commercial & Services,INDUSTRIAS INTEGRAL S.A.S.,industriasintegral.com,Fernando García,Chief Executive Officer (CEO),C_SUITE,EXECUTIVE,fgarcía@industriasintegral.com,VERIFIED,85,+524681179794,2026-09-06T14:31:01.617368+00:00
General Commercial & Services,INDUSTRIAS INTEGRAL S.A.S.,industriasintegral.com,Jorge Garza,Chief Technology Officer (CTO),C_SUITE,ENGINEERING_IT,jgarza@industriasintegral.com,VERIFIED,85,+526388136428,2026-09-06T14:31:01.617368+00:00
General Commercial & Services,INDUSTRIAS EMPRESARIAL S.C.,industriasempresar.mx,Fernando Valenzuela,Chief Revenue Officer (CRO),C_SUITE,SALES_MARKETING,fvalenzuela@industriasempresar.mx,VERIFIED,85,+529584882442,2026-09-06T14:31:01.617368+00:00
General Commercial & Services,INDUSTRIAS EMPRESARIAL 89 S.A.S.,industriasempresar.com.mx,Sofia Hernández,Chief Executive Officer (CEO),C_SUITE,EXECUTIVE,shernández@industriasempresar.com.mx,VERIFIED,85,+527660536567,2026-09-06T14:31:01.617368+00:00
General Commercial & Services,MANUFACTURA NACIONAL S.A.S.,manufacturanaciona.com,Claudia Mendoza,Chief Executive Officer (CEO),C_SUITE,EXECUTIVE,cmendoza@manufacturanaciona.com,VERIFIED,85,+525328559308,2026-09-06T14:31:01.619372+00:00
General Commercial & Services,MANUFACTURA NACIONAL S.A.S.,manufacturanaciona.com,Adriana Ruiz,Chief Executive Officer (CEO),C_SUITE,EXECUTIVE,aruiz@manufacturanaciona.com,VERIFIED,85,+527877822174,2026-09-06T14:31:01.619372+00:00
General Commercial & Services,MANUFACTURA NACIONAL S.A.S.,manufacturanaciona.com,Mariana Ruiz,Chief Operating Officer (COO),C_SUITE,OPERATIONS,mruiz@manufacturanaciona.com,VERIFIED,85,+524441070999,2026-09-06T14:31:01.619372+00:00
General Commercial & Services,MANUFACTURA NACIONAL S.A. DE C.V.,manufacturanaciona.com.mx,Roberto Navarro,Chief Financial Officer (CFO),C_SUITE,FINANCE,rnavarro@manufacturanaciona.com.mx,VERIFIED,85,+525993567951,2026-09-06T14:31:01.619372+00:00
General Commercial & Services,MANUFACTURA NACIONAL S.A. DE C.V.,manufacturanaciona.com.mx,Roberto Castro,Chief Financial Officer (CFO),C_SUITE,FINANCE,rcastro@manufacturanaciona.com.mx,VERIFIED,85,+525787254603,2026-09-06T14:31:01.619372+00:00
General Commercial & Services,MANUFACTURA NACIONAL S.A. DE C.V.,manufacturanaciona.com.mx,Rodrigo Castro,Founder,FOUNDER,EXECUTIVE,rcastro@manufacturanaciona.com.mx,VERIFIED,85,+524769072093,2026-09-06T14:31:01.619372+00:00
General Commercial & Services,INDUSTRIAS GLOBAL 65 S.C.,industriasglobal.com,Alejandro Treviño,Chief Operating Officer (COO),C_SUITE,OPERATIONS,atreviño@industriasglobal.com,VERIFIED,85,+527719167724,2026-09-06T14:31:01.619372+00:00
General Commercial & Services,INDUSTRIAS GLOBAL 65 S.C.,industriasglobal.com,Luis Treviño,Chief Human Resources Officer (CHRO),C_SUITE,HR_PEOPLE,ltreviño@industriasglobal.com,VERIFIED,85,+525666749423,2026-09-06T14:31:01.619372+00:00
General Commercial & Services,INNOVACION NACIONAL S.A. DE C.V.,innovacionnacional.mx,Guillermo Dominguez,Chief Revenue Officer (CRO),C_SUITE,SALES_MARKETING,gdominguez@innovacionnacional.mx,VERIFIED,85,+525189936670,2026-09-06T14:31:01.619372+00:00
General Commercial & Services,INNOVACION NACIONAL S.A. DE C.V.,innovacionnacional.mx,Fernando Garza,Chief Human Resources Officer (CHRO),C_SUITE,HR_PEOPLE,fgarza@innovacionnacional.mx,VERIFIED,85,+529136378309,2026-09-06T14:31:01.619372+00:00
General Commercial & Services,INNOVACION NACIONAL S.A. DE C.V.,innovacionnacional.mx,Gabriel Villaseñor,Chief Executive Officer (CEO),C_SUITE,EXECUTIVE,gvillaseñor@innovacionnacional.mx,VERIFIED,85,+529981109992,2026-09-06T14:31:01.619372+00:00
General Commercial & Services,INNOVACION NACIONAL S.A.S.,innovacionnacional.com,Luis García,Chief Operating Officer (COO),C_SUITE,OPERATIONS,lgarcía@innovacionnacional.com,VERIFIED,85,+527867219373,2026-09-06T14:31:01.619372+00:00
General Commercial & Services,MANUFACTURA INTEGRAL S.A.B. DE C.V.,manufacturaintegra.com,Gabriel Alarcón,Chief Human Resources Officer (CHRO),C_SUITE,HR_PEOPLE,galarcón@manufacturaintegra.com,VERIFIED,85,+529713931865,2026-09-06T14:31:01.619372+00:00
General Commercial & Services,MANUFACTURA INTEGRAL S.A.S.,manufacturaintegra.com.mx,Eduardo Morales,Chief Executive Officer (CEO),C_SUITE,EXECUTIVE,emorales@manufacturaintegra.com.mx,VERIFIED,85,+529386225410,2026-09-06T14:31:01.619372+00:00
General Commercial & Services,INNOVACION MODERNA S.C.,innovacionmoderna.com.mx,Javier Garza,Chief Human Resources Officer (CHRO),C_SUITE,HR_PEOPLE,jgarza@innovacionmoderna.com.mx,VERIFIED,85,+528440922849,2026-09-06T14:31:01.624240+00:00
General Commercial & Services,INNOVACION MODERNA S.C.,innovacionmoderna.com.mx,Javier Valenzuela,Chief Financial Officer (CFO),C_SUITE,FINANCE,jvalenzuela@innovacionmoderna3.mx,VERIFIED,85,+525454421197,2026-09-06T14:31:01.624240+00:00
General Commercial & Services,INNOVACION MODERNA S.C.,innovacionmoderna.com.mx,Patricia Hernández,Chief Executive Officer (CEO),C_SUITE,EXECUTIVE,phernández@innovacionmoderna.com.mx,VERIFIED,85,+525429156441,2026-09-06T14:31:01.624240+00:00
General Commercial & Services,INNOVACION MODERNA S.C.,innovacionmoderna2.com.mx,Javier Salinas,Chief Operating Officer (COO),C_SUITE,OPERATIONS,jsalinas@innovacionmoderna2.com.mx,VERIFIED,85,+524869366388,2026-09-06T14:31:01.624240+00:00
General Commercial & Services,INNOVACION MODERNA S. DE R.L. DE C.V.,innovacionmoderna.com,Jorge Mendoza,Chief Technology Officer (CTO),C_SUITE,ENGINEERING_IT,jmendoza@innovacionmoderna.com,VERIFIED,85,+529981399347,2026-09-06T14:31:01.624240+00:00
General Commercial & Services,MANUFACTURA MEXICANA 48 S.A.P.I. DE C.V.,manufacturamexican.com,David Dominguez,Chief Executive Officer (CEO),C_SUITE,EXECUTIVE,ddominguez@manufacturamexican.com,VERIFIED,85,+529075672427,2026-09-06T14:31:01.625403+00:00
General Commercial & Services,MANUFACTURA MEXICANA S.C.,manufacturamexican.com.mx,Luis Salinas,Chief Operating Officer (COO),C_SUITE,OPERATIONS,lsalinas@manufacturamexican.com.mx,VERIFIED,85,+527654213977,2026-09-06T14:31:01.625403+00:00
General Commercial & Services,MANUFACTURA MEXICANA S.C.,manufacturamexican.com.mx,Alejandro Valenzuela,Chief Financial Officer (CFO),C_SUITE,FINANCE,avalenzuela@manufacturamexican.com.mx,VERIFIED,85,+528030877372,2026-09-06T14:31:01.625403+00:00
General Commercial & Services,INDUSTRIAS AVANZADA S.A.P.I. DE C.V.,industriasavanzada.mx,Sofia García,Chief Financial Officer (CFO),C_SUITE,FINANCE,sgarcía@industriasavanzada.mx,VERIFIED,85,+528143415375,2026-09-06T14:31:01.625403+00:00
General Commercial & Services,INDUSTRIAS AVANZADA S.A.P.I. DE C.V.,industriasavanzada.mx,Rodrigo Alarcón,Chief Financial Officer (CFO),C_SUITE,FINANCE,ralarcón@industriasavanzada.mx,VERIFIED,85,+528161723675,2026-09-06T14:31:01.626354+00:00
General Commercial & Services,INDUSTRIAS AVANZADA S.A.P.I. DE C.V.,industriasavanzada.mx,Andrea Benítez,Chief Executive Officer (CEO),C_SUITE,EXECUTIVE,abenítez@industriasavanzada.mx,VERIFIED,85,+528152579248,2026-09-06T14:31:01.626354+00:00
General Commercial & Services,INDUSTRIAS AVANZADA S.A.P.I. DE C.V.,industriasavanzada.mx,Hector Hernández,Chief Executive Officer (CEO),C_SUITE,EXECUTIVE,hhernández@industriasavanzada.mx,VERIFIED,85,+528194769234,2026-09-06T14:31:01.626354+00:00
General Commercial & Services,INDUSTRIAS AVANZADA 34 S. DE R.L. DE C.V.,industriasavanzada.com,Luis González,Chief Financial Officer (CFO),C_SUITE,FINANCE,lgonzález@industriasavanzada.com,VERIFIED,85,+528118660425,2026-09-06T14:31:01.626354+00:00
General Commercial & Services,INDUSTRIAS INTERNACIONAL S.A.S.,industriasinternac.com,Patricia Benítez,Chief Executive Officer (CEO),C_SUITE,EXECUTIVE,pbenítez@industriasinternac.com,VERIFIED,85,+523374042347,2026-09-06T14:31:01.626354+00:00
General Commercial & Services,INDUSTRIAS INTERNACIONAL S.A.S.,industriasinternac.com,Luis Valenzuela,Chief Technology Officer (CTO),C_SUITE,ENGINEERING_IT,lvalenzuela@industriasinternac.com,VERIFIED,85,+523359165237,2026-09-06T14:31:01.626354+00:00
General Commercial & Services,INNOVACION DE OCCIDENTE S. DE R.L. DE C.V.,innovaciondeoccide.com.mx,Guillermo Morales,Chief Technology Officer (CTO),C_SUITE,ENGINEERING_IT,gmorales@innovaciondeoccide.com.mx,VERIFIED,85,+528392923421,2026-09-06T14:31:01.626354+00:00
General Commercial & Services,INNOVACION DE LAS AMERICAS 48 S. DE R.L. DE C.V.,innovaciondelasame.mx,Guillermo Hernández,Chief Operating Officer (COO),C_SUITE,OPERATIONS,ghernández@innovaciondelasame.mx,VERIFIED,85,+529970913968,2026-09-06T14:31:01.626354+00:00
General Commercial & Services,INNOVACION DE LAS AMERICAS 48 S. DE R.L. DE C.V.,innovaciondelasame.mx,Claudia Ruiz,Chief Revenue Officer (CRO),C_SUITE,SALES_MARKETING,cruiz@innovaciondelasame.mx,VERIFIED,85,+526529857917,2026-09-06T14:31:01.626354+00:00
General Commercial & Services,INNOVACION DE LAS AMERICAS S.C.,innovaciondelasame.com.mx,David Hernández,Chief Financial Officer (CFO),C_SUITE,FINANCE,dhernández@innovaciondelasame.com.mx,VERIFIED,85,+528336163439,2026-09-06T14:31:01.626354+00:00
General Commercial & Services,INDUSTRIAS MODERNA S.A.S.,industriasmoderna.mx,Luis Vega,Chief Human Resources Officer (CHRO),C_SUITE,HR_PEOPLE,lvega@industriasmoderna.mx,VERIFIED,85,+524228268885,2026-09-06T14:31:01.626354+00:00
General Commercial & Services,INDUSTRIAS MODERNA S. DE R.L. DE C.V.,industriasmoderna3.com,Luis Treviño,Founder,FOUNDER,EXECUTIVE,ltreviño@industriasmoderna3.com,VERIFIED,85,+526285231247,2026-09-06T14:31:01.626354+00:00
General Commercial & Services,INDUSTRIAS MODERNA S.A.S.,industriasmoderna1.com.mx,Roberto Castro,Founder,FOUNDER,EXECUTIVE,rcastro@industriasmoderna1.com.mx,VERIFIED,85,+529567204361,2026-09-06T14:31:01.626354+00:00
General Commercial & Services,INDUSTRIAS MODERNA S.A.P.I. DE C.V.,industriasmoderna4.com,Gabriel Dominguez,Chief Operating Officer (COO),C_SUITE,OPERATIONS,gdominguez@industriasmoderna4.com,VERIFIED,85,+524916877907,2026-09-06T14:31:01.626354+00:00
General Commercial & Services,INDUSTRIAS MODERNA S. DE R.L. DE C.V.,industriasmoderna.com,Patricia Alarcón,Chief Operating Officer (COO),C_SUITE,OPERATIONS,palarcón@industriasmoderna.com,VERIFIED,85,+525742007919,2026-09-06T14:31:01.626354+00:00
General Commercial & Services,INDUSTRIAS EMPRESARIAL S. DE R.L. DE C.V.,industriasempresar.com.mx,Claudia Garza,Chief Revenue Officer (CRO),C_SUITE,SALES_MARKETING,cgarza@industriasempresar.com.mx,VERIFIED,85,+525380445687,2026-09-06T14:31:01.626354+00:00
General Commercial & Services,INDUSTRIAS EMPRESARIAL S. DE R.L. DE C.V.,industriasempresar.com.mx,Andrea Alarcón,Chief Operating Officer (COO),C_SUITE,OPERATIONS,aalarcón@industriasempresar.com.mx,VERIFIED,85,+524529371003,2026-09-06T14:31:01.626354+00:00
General Commercial & Services,INDUSTRIAS EMPRESARIAL S. DE R.L. DE C.V.,industriasempresar.com.mx,Adriana Valenzuela,Chief Revenue Officer (CRO),C_SUITE,SALES_MARKETING,avalenzuela@industriasempresar.com.mx,VERIFIED,85,+526845358853,2026-09-06T14:31:01.626354+00:00
General Commercial & Services,INDUSTRIAS EMPRESARIAL S.A.S.,industriasempresar.mx,Fernando Morales,Chief Technology Officer (CTO),C_SUITE,ENGINEERING_IT,fmorales@industriasempresar.mx,VERIFIED,85,+529782742385,2026-09-06T14:31:01.626354+00:00
General Commercial & Services,INDUSTRIAS EMPRESARIAL S.A.S.,industriasempresar.mx,Javier Hernández,Chief Operating Officer (COO),C_SUITE,OPERATIONS,jhernández@industriasempresar.mx,VERIFIED,85,+528281659856,2026-09-06T14:31:01.626354+00:00
General Commercial & Services,INNOVACION CENTRAL S.A.B. DE C.V.,innovacioncentral7.com,Fernando Martínez,Chief Operating Officer (COO),C_SUITE,OPERATIONS,fmartínez@innovacioncentral7.com,VERIFIED,85,+528293438776,2026-09-06T14:31:01.626354+00:00
General Commercial & Services,INNOVACION CENTRAL S.A.B. DE C.V.,innovacioncentral7.com,Adriana Morales,Founder,FOUNDER,EXECUTIVE,amorales@innovacioncentral.com,VERIFIED,85,+526437590233,2026-09-06T14:31:01.628813+00:00
General Commercial & Services,INNOVACION CENTRAL S.A.S.,innovacioncentral9.mx,Guillermo Alarcón,Chief Technology Officer (CTO),C_SUITE,ENGINEERING_IT,galarcón@innovacioncentral9.mx,VERIFIED,85,+527696238684,2026-09-06T14:31:01.628813+00:00
General Commercial & Services,INNOVACION CENTRAL S.A.B. DE C.V.,innovacioncentral.mx,Jorge González,Chief Executive Officer (CEO),C_SUITE,EXECUTIVE,jgonzález@innovacioncentral.mx,VERIFIED,85,+525819447500,2026-09-06T14:31:01.628813+00:00
General Commercial & Services,INNOVACION CENTRAL S.A.B. DE C.V.,innovacioncentral.mx,Fernando Navarro,Founder,FOUNDER,EXECUTIVE,fnavarro@innovacioncentral9.com,VERIFIED,85,+526536415690,2026-09-06T14:31:01.628813+00:00
General Commercial & Services,INNOVACION CENTRAL S.A.P.I. DE C.V.,innovacioncentral.com,Hector Mendoza,Chief Technology Officer (CTO),C_SUITE,ENGINEERING_IT,hmendoza@innovacioncentral.com,VERIFIED,85,+527562977113,2026-09-06T14:31:01.628813+00:00
General Commercial & Services,INNOVACION NACIONAL S.A.S.,innovacionnacional.mx,Sofia Navarro,Chief Financial Officer (CFO),C_SUITE,FINANCE,snavarro@innovacionnacional.mx,VERIFIED,85,+526093740970,2026-09-06T14:31:01.628813+00:00
General Commercial & Services,INNOVACION NACIONAL S.A.S.,innovacionnacional.mx,Jorge Morales,Chief Human Resources Officer (CHRO),C_SUITE,HR_PEOPLE,jmorales@innovacionnacional.mx,VERIFIED,85,+528887739379,2026-09-06T14:31:01.628813+00:00
General Commercial & Services,INNOVACION NACIONAL S.A.S.,innovacionnacional.mx,Fernando Ruiz,Chief Financial Officer (CFO),C_SUITE,FINANCE,fruiz@innovacionnacional.mx,VERIFIED,85,+526087594521,2026-09-06T14:31:01.628813+00:00
General Commercial & Services,INNOVACION NACIONAL S.A.S.,innovacionnacional.com.mx,Javier Vega,Chief Revenue Officer (CRO),C_SUITE,SALES_MARKETING,jvega@innovacionnacional.com.mx,VERIFIED,85,+527968659672,2026-09-06T14:31:01.628813+00:00
General Commercial & Services,INNOVACION NACIONAL S.A.S.,innovacionnacional.com.mx,Patricia Mendoza,Chief Operating Officer (COO),C_SUITE,OPERATIONS,pmendoza@innovacionnacional.com.mx,VERIFIED,85,+529147011971,2026-09-06T14:31:01.628813+00:00
General Commercial & Services,INNOVACION ESPECIALIZADA S.A.P.I. DE C.V.,innovacionespecial.com,Gabriel Dominguez,Chief Executive Officer (CEO),C_SUITE,EXECUTIVE,gdominguez@innovacionespecial.com,VERIFIED,85,+528185471414,2026-09-06T14:31:01.628813+00:00
General Commercial & Services,INNOVACION ESPECIALIZADA S.A.P.I. DE C.V.,innovacionespecial.com,Andrea Morales,Chief Executive Officer (CEO),C_SUITE,EXECUTIVE,amorales@innovacionespecial.com,VERIFIED,85,+528195567549,2026-09-06T14:31:01.628813+00:00
General Commercial & Services,INNOVACION ESPECIALIZADA S.C.,innovacionespecial.mx,Miguel Vega,Chief Revenue Officer (CRO),C_SUITE,SALES_MARKETING,mvega@innovacionespecial.mx,VERIFIED,85,+528149565768,2026-09-06T14:31:01.628813+00:00
General Commercial & Services,INDUSTRIAS DEL CENTRO S.A.P.I. DE C.V.,industriasdelcentr.com.mx,Roberto Villaseñor,Chief Executive Officer (CEO),C_SUITE,EXECUTIVE,rvillaseñor@industriasdelcentr.com.mx,VERIFIED,85,+524789320567,2026-09-06T14:31:01.628813+00:00
General Commercial & Services,INDUSTRIAS DEL CENTRO S.A.P.I. DE C.V.,industriasdelcentr.com.mx,Luis Navarro,Chief Executive Officer (CEO),C_SUITE,EXECUTIVE,lnavarro@industriasdelcentr.com.mx,VERIFIED,85,+525211425823,2026-09-06T14:31:01.628813+00:00
General Commercial & Services,INDUSTRIAS DEL PACIFICO S.A.S.,industriasdelpacif.com.mx,Rodrigo González,Chief Human Resources Officer (CHRO),C_SUITE,HR_PEOPLE,rgonzález@industriasdelpacif.com.mx,VERIFIED,85,+529397415089,2026-09-06T14:31:01.628813+00:00
General Commercial & Services,INDUSTRIAS DEL PACIFICO S.A.S.,industriasdelpacif.com.mx,Daniel López,Chief Executive Officer (CEO),C_SUITE,EXECUTIVE,dlópez@industriasdelpacif.com.mx,VERIFIED,85,+525438555268,2026-09-06T14:31:01.628813+00:00
General Commercial & Services,INDUSTRIAS DEL NORTE 5 S.A.P.I. DE C.V.,industriasdelnorte.com.mx,Adriana Villaseñor,Chief Technology Officer (CTO),C_SUITE,ENGINEERING_IT,avillaseñor@industriasdelnorte.com.mx,VERIFIED,85,+529292287800,2026-09-06T14:31:01.628813+00:00
General Commercial & Services,INDUSTRIAS DEL NORTE 5 S.A.P.I. DE C.V.,industriasdelnorte.com.mx,Jorge Morales,Chief Executive Officer (CEO),C_SUITE,EXECUTIVE,jmorales@industriasdelnorte.com.mx,VERIFIED,85,+525782355180,2026-09-06T14:31:01.628813+00:00
General Commercial & Services,INDUSTRIAS DEL CENTRO S.C.,industriasdelcentr.com,Rodrigo Treviño,Chief Executive Officer (CEO),C_SUITE,EXECUTIVE,rtreviño@industriasdelcentr.com,VERIFIED,85,+527997233785,2026-09-06T14:31:01.628813+00:00
General Commercial & Services,INDUSTRIAS DEL CENTRO S.C.,industriasdelcentr.com,Guillermo Salinas,Founder,FOUNDER,EXECUTIVE,gsalinas@industriasdelcentr.com,VERIFIED,85,+524286166880,2026-09-06T14:31:01.630825+00:00
General Commercial & Services,INDUSTRIAS DEL PACIFICO S.A. DE C.V.,industriasdelpacif.com,Andrea Benítez,Chief Executive Officer (CEO),C_SUITE,EXECUTIVE,abenítez@industriasdelpacif.com,VERIFIED,85,+524690011731,2026-09-06T14:31:01.630825+00:00
General Commercial & Services,INDUSTRIAS DEL PACIFICO S.A. DE C.V.,industriasdelpacif.com,Carlos Morales,Chief Revenue Officer (CRO),C_SUITE,SALES_MARKETING,cmorales@industriasdelpacif.com,VERIFIED,85,+528043903349,2026-09-06T14:31:01.630825+00:00
General Commercial & Services,INDUSTRIAS DEL PACIFICO S.A. DE C.V.,industriasdelpacif.com,Jorge Valenzuela,Chief Executive Officer (CEO),C_SUITE,EXECUTIVE,jvalenzuela@industriasdelpacif.com,VERIFIED,85,+525735831161,2026-09-06T14:31:01.630825+00:00
General Commercial & Services,INDUSTRIAS DEL PACIFICO S.A. DE C.V.,industriasdelpacif.com,Rodrigo Alarcón,Chief Operating Officer (COO),C_SUITE,OPERATIONS,ralarcón@industriasdelpacif.com,VERIFIED,85,+527822703116,2026-09-06T14:31:01.630825+00:00
General Commercial & Services,INDUSTRIAS DEL NORTE S.A.B. DE C.V.,industriasdelnorte.mx,Luis Alarcón,Chief Financial Officer (CFO),C_SUITE,FINANCE,lalarcón@industriasdelnorte.mx,VERIFIED,85,+524722846231,2026-09-06T14:31:01.630825+00:00
General Commercial & Services,INDUSTRIAS DEL NORTE S.A.B. DE C.V.,industriasdelnorte.mx,Fernando García,Chief Executive Officer (CEO),C_SUITE,EXECUTIVE,fgarcía@industriasdelnorte.mx,VERIFIED,85,+526976056503,2026-09-06T14:31:01.630825+00:00
General Commercial & Services,INDUSTRIAS DEL NORTE 9 S.C.,industriasdelnorte.com,Daniel Navarro,Founder,FOUNDER,EXECUTIVE,dnavarro@industriasdelnorte.com,VERIFIED,85,+528365784736,2026-09-06T14:31:01.630825+00:00
General Commercial & Services,INDUSTRIAS INDUSTRIAL 63 S.A.B. DE C.V.,industriasindustri.com,Adriana Castro,Chief Executive Officer (CEO),C_SUITE,EXECUTIVE,acastro@industriasindustri.com,VERIFIED,85,+528925710617,2026-09-06T14:31:01.630825+00:00
General Commercial & Services,INDUSTRIAS INDUSTRIAL S.C.,industriasindustri.com.mx,Roberto García,Chief Operating Officer (COO),C_SUITE,OPERATIONS,rgarcía@industriasindustri.com.mx,VERIFIED,85,+524887536049,2026-09-06T14:31:01.630825+00:00
General Commercial & Services,MANUFACTURA LATINOAMERICANA S.A. DE C.V.,manufacturalatinoa.mx,Javier Villaseñor,Chief Executive Officer (CEO),C_SUITE,EXECUTIVE,jvillaseñor@manufacturalatinoa.mx,VERIFIED,85,+524484461014,2026-09-06T14:31:01.632831+00:00
General Commercial & Services,MANUFACTURA LATINOAMERICANA S.A. DE C.V.,manufacturalatinoa.mx,Eduardo Ruiz,Chief Financial Officer (CFO),C_SUITE,FINANCE,eruiz@manufacturalatinoa.mx,VERIFIED,85,+529678000113,2026-09-06T14:31:01.632831+00:00
General Commercial & Services,MANUFACTURA LATINOAMERICANA S.A.S.,manufacturalatinoa.com,Guillermo Ruiz,Chief Financial Officer (CFO),C_SUITE,FINANCE,gruiz@manufacturalatinoa.com,VERIFIED,85,+526760642453,2026-09-06T14:31:01.632831+00:00
General Commercial & Services,MANUFACTURA LATINOAMERICANA 66 S.A. DE C.V.,manufacturalatinoa.com.mx,Gabriel Treviño,Chief Executive Officer (CEO),C_SUITE,EXECUTIVE,gtreviño@manufacturalatinoa.com.mx,VERIFIED,85,+528539819474,2026-09-06T14:31:01.632831+00:00
General Commercial & Services,MANUFACTURA MODERNA S. DE R.L. DE C.V.,manufacturamoderna.com,Roberto Navarro,Chief Operating Officer (COO),C_SUITE,OPERATIONS,rnavarro@manufacturamoderna.com,VERIFIED,85,+524915776638,2026-09-06T14:31:01.634836+00:00
General Commercial & Services,MANUFACTURA MODERNA S. DE R.L. DE C.V.,manufacturamoderna.com,Daniel Villaseñor,Chief Executive Officer (CEO),C_SUITE,EXECUTIVE,dvillaseñor@manufacturamoderna.com,VERIFIED,85,+527431614477,2026-09-06T14:31:01.634836+00:00
General Commercial & Services,MANUFACTURA MODERNA S. DE R.L. DE C.V.,manufacturamoderna.com,Eduardo Villaseñor,Chief Technology Officer (CTO),C_SUITE,ENGINEERING_IT,evillaseñor@manufacturamoderna.com,VERIFIED,85,+527096867858,2026-09-06T14:31:01.634836+00:00
General Commercial & Services,MANUFACTURA MODERNA S.A.S.,manufacturamoderna.com.mx,Andrea López,Chief Technology Officer (CTO),C_SUITE,ENGINEERING_IT,alópez@manufacturamoderna.com.mx,VERIFIED,85,+526039912743,2026-09-06T14:31:01.634836+00:00
General Commercial & Services,INNOVACION AVANZADA 15 S.A. DE C.V.,innovacionavanzada.mx,Miguel Martínez,Chief Revenue Officer (CRO),C_SUITE,SALES_MARKETING,mmartínez@innovacionavanzada.mx,VERIFIED,85,+527520071784,2026-09-06T14:31:01.634836+00:00
General Commercial & Services,INNOVACION AVANZADA 15 S.A. DE C.V.,innovacionavanzada.mx,Fernando Vega,Chief Operating Officer (COO),C_SUITE,OPERATIONS,fvega@innovacionavanzada.mx,VERIFIED,85,+525228027902,2026-09-06T14:31:01.634836+00:00
General Commercial & Services,INNOVACION AVANZADA S.A.S.,innovacionavanzada.com.mx,Javier Ruiz,Chief Revenue Officer (CRO),C_SUITE,SALES_MARKETING,jruiz@innovacionavanzada.com.mx,VERIFIED,85,+524519800191,2026-09-06T14:31:01.634836+00:00
General Commercial & Services,INNOVACION AVANZADA S.A.S.,innovacionavanzada.com.mx,Sofia Navarro,Chief Financial Officer (CFO),C_SUITE,FINANCE,snavarro@innovacionavanzada.com.mx,VERIFIED,85,+526339320284,2026-09-06T14:31:01.634836+00:00
General Commercial & Services,INNOVACION AVANZADA S.A.S.,innovacionavanzada.com,Claudia Salinas,Chief Human Resources Officer (CHRO),C_SUITE,HR_PEOPLE,csalinas@innovacionavanzada.com,VERIFIED,85,+529989650803,2026-09-06T14:31:01.634836+00:00
General Commercial & Services,INNOVACION LATINOAMERICANA S.C.,innovacionlatinoam.com.mx,Javier Castro,Chief Technology Officer (CTO),C_SUITE,ENGINEERING_IT,jcastro@innovacionlatinoam.com.mx,VERIFIED,85,+526958953845,2026-09-06T14:31:01.634836+00:00
General Commercial & Services,INNOVACION LATINOAMERICANA S.C.,innovacionlatinoam.com.mx,Sofia Benítez,Founder,FOUNDER,EXECUTIVE,sbenítez@innovacionlatinoam.com.mx,VERIFIED,85,+527220628364,2026-09-06T14:31:01.634836+00:00
General Commercial & Services,INNOVACION LATINOAMERICANA S.C.,innovacionlatinoam.com.mx,Guillermo Vega,Chief Revenue Officer (CRO),C_SUITE,SALES_MARKETING,gvega@innovacionlatinoam.com,VERIFIED,85,+526890626017,2026-09-06T14:31:01.634836+00:00
General Commercial & Services,MANUFACTURA EMPRESARIAL S.A. DE C.V.,manufacturaempresa.mx,Patricia Martínez,Chief Technology Officer (CTO),C_SUITE,ENGINEERING_IT,pmartínez@manufacturaempresa.mx,VERIFIED,85,+528670138579,2026-09-06T14:31:01.636734+00:00
General Commercial & Services,MANUFACTURA EMPRESARIAL S.A. DE C.V.,manufacturaempresa.mx,Adriana González,Chief Human Resources Officer (CHRO),C_SUITE,HR_PEOPLE,agonzález@manufacturaempresa.mx,VERIFIED,85,+524414048953,2026-09-06T14:31:01.636734+00:00
General Commercial & Services,MANUFACTURA EMPRESARIAL S.A.P.I. DE C.V.,manufacturaempresa.com.mx,Javier Garza,Chief Executive Officer (CEO),C_SUITE,EXECUTIVE,jgarza@manufacturaempresa.com.mx,VERIFIED,85,+527785704782,2026-09-06T14:31:01.636734+00:00
General Commercial & Services,MANUFACTURA EMPRESARIAL 45 S.C.,manufacturaempresa.com,Fernando Benítez,Chief Revenue Officer (CRO),C_SUITE,SALES_MARKETING,fbenítez@manufacturaempresa.com,VERIFIED,85,+524075816570,2026-09-06T14:31:01.636734+00:00
General Commercial & Services,MANUFACTURA EMPRESARIAL 45 S.C.,manufacturaempresa.com,Miguel Hernández,Chief Technology Officer (CTO),C_SUITE,ENGINEERING_IT,mhernández@manufacturaempresa.com,VERIFIED,85,+527194201648,2026-09-06T14:31:01.636734+00:00
General Commercial & Services,INNOVACION ESPECIALIZADA S.A. DE C.V.,innovacionespecial.com,Gabriel Mendoza,Chief Revenue Officer (CRO),C_SUITE,SALES_MARKETING,gmendoza@innovacionespecial.com,VERIFIED,85,+525678074848,2026-09-06T14:31:01.640515+00:00
General Commercial & Services,INNOVACION ESPECIALIZADA S.A. DE C.V.,innovacionespecial.com,Luis Martínez,Chief Executive Officer (CEO),C_SUITE,EXECUTIVE,lmartínez@innovacionespecial.com,VERIFIED,85,+525344533830,2026-09-06T14:31:01.640515+00:00
General Commercial & Services,INNOVACION ESPECIALIZADA S.A.P.I. DE C.V.,innovacionespecial.com.mx,Miguel Valenzuela,Chief Operating Officer (COO),C_SUITE,OPERATIONS,mvalenzuela@innovacionespecial.com.mx,VERIFIED,85,+529360051064,2026-09-06T14:31:01.640515+00:00
General Commercial & Services,MANUFACTURA INTERNACIONAL S.A.S.,manufacturainterna.mx,Gabriel González,Chief Operating Officer (COO),C_SUITE,OPERATIONS,ggonzález@manufacturainterna.mx,VERIFIED,85,+524924069472,2026-09-06T14:31:01.642811+00:00
General Commercial & Services,MANUFACTURA INTERNACIONAL S.A.S.,manufacturainterna.mx,Daniel García,Chief Operating Officer (COO),C_SUITE,OPERATIONS,dgarcía@manufacturainterna.mx,VERIFIED,85,+528872862808,2026-09-06T14:31:01.642811+00:00
General Commercial & Services,MANUFACTURA INTERNACIONAL S.A.B. DE C.V.,manufacturainterna.com,Jorge Villaseñor,Chief Executive Officer (CEO),C_SUITE,EXECUTIVE,jvillaseñor@manufacturainterna.com,VERIFIED,85,+527561795173,2026-09-06T14:31:01.642811+00:00
General Commercial & Services,MANUFACTURA INTERNACIONAL S.A.B. DE C.V.,manufacturainterna.com,Claudia Benítez,Chief Human Resources Officer (CHRO),C_SUITE,HR_PEOPLE,cbenítez@manufacturainterna.com,VERIFIED,85,+524029899309,2026-09-06T14:31:01.642811+00:00
General Commercial & Services,INDUSTRIAS GLOBAL 57 S. DE R.L. DE C.V.,industriasglobal.com,Andrea Valenzuela,Chief Revenue Officer (CRO),C_SUITE,SALES_MARKETING,avalenzuela@industriasglobal.com,VERIFIED,85,+528018164086,2026-09-06T14:31:01.642811+00:00
General Commercial & Services,INDUSTRIAS GLOBAL 21 S.A.B. DE C.V.,industriasglobal.com.mx,Miguel Villaseñor,Chief Executive Officer (CEO),C_SUITE,EXECUTIVE,mvillaseñor@industriasglobal.com.mx,VERIFIED,85,+529845550038,2026-09-06T14:31:01.642811+00:00
General Commercial & Services,INDUSTRIAS GLOBAL S.A.S.,industriasglobal.mx,Adriana Villaseñor,Chief Technology Officer (CTO),C_SUITE,ENGINEERING_IT,avillaseñor@industriasglobal.mx,VERIFIED,85,+529693504419,2026-09-06T14:31:01.642811+00:00
General Commercial & Services,INDUSTRIAS GLOBAL S. DE R.L. DE C.V.,industriasglobal36.mx,Claudia Mendoza,Chief Executive Officer (CEO),C_SUITE,EXECUTIVE,cmendoza@industriasglobal36.mx,VERIFIED,85,+524973795425,2026-09-06T14:31:01.642811+00:00
General Commercial & Services,INNOVACION MEXICANA S. DE R.L. DE C.V.,innovacionmexicana.com,Adriana García,Chief Executive Officer (CEO),C_SUITE,EXECUTIVE,agarcía@innovacionmexicana.com,VERIFIED,85,+528175289946,2026-09-06T14:31:01.642811+00:00
General Commercial & Services,INNOVACION MEXICANA S. DE R.L. DE C.V.,innovacionmexicana.com,Miguel Valenzuela,Chief Revenue Officer (CRO),C_SUITE,SALES_MARKETING,mvalenzuela@innovacionmexicana.com,VERIFIED,85,+528187460193,2026-09-06T14:31:01.642811+00:00
General Commercial & Services,INNOVACION MEXICANA S. DE R.L. DE C.V.,innovacionmexicana.com,David Benítez,Chief Revenue Officer (CRO),C_SUITE,SALES_MARKETING,dbenítez@innovacionmexicana.com.mx,VERIFIED,85,+528162053915,2026-09-06T14:31:01.642811+00:00
General Commercial & Services,INNOVACION MEXICANA S. DE R.L. DE C.V.,innovacionmexicana.com,Mariana Vega,Chief Executive Officer (CEO),C_SUITE,EXECUTIVE,mvega@innovacionmexicana.com,VERIFIED,85,+528184777519,2026-09-06T14:31:01.642811+00:00
General Commercial & Services,INNOVACION MEXICANA S. DE R.L. DE C.V.,innovacionmexicana.com,Jorge Salinas,Founder,FOUNDER,EXECUTIVE,jsalinas@innovacionmexicana.com,VERIFIED,85,+528137746297,2026-09-06T14:31:01.642811+00:00
General Commercial & Services,INNOVACION MEXICANA 42 S. DE R.L. DE C.V.,innovacionmexicana.com.mx,David Dominguez,Chief Technology Officer (CTO),C_SUITE,ENGINEERING_IT,ddominguez@innovacionmexicana.com.mx,VERIFIED,85,+528115336796,2026-09-06T14:31:01.642811+00:00
General Commercial & Services,INNOVACION MEXICANA 42 S. DE R.L. DE C.V.,innovacionmexicana.com.mx,Carlos Valenzuela,Founder,FOUNDER,EXECUTIVE,cvalenzuela@innovacionmexicana.com.mx,VERIFIED,85,+528193501573,2026-09-06T14:31:01.642811+00:00
General Commercial & Services,INNOVACION MEXICANA 42 S. DE R.L. DE C.V.,innovacionmexicana.com.mx,Mariana Morales,Chief Human Resources Officer (CHRO),C_SUITE,HR_PEOPLE,mmorales@innovacionmexicana.com.mx,VERIFIED,85,+528147401866,2026-09-06T14:31:01.642811+00:00
General Commercial & Services,INNOVACION MEXICANA S.C.,innovacionmexicana.mx,Rodrigo Alarcón,Chief Revenue Officer (CRO),C_SUITE,SALES_MARKETING,ralarcón@innovacionmexicana.mx,VERIFIED,85,+528172351828,2026-09-06T14:31:01.642811+00:00
General Commercial & Services,INNOVACION AVANZADA S. DE R.L. DE C.V.,innovacionavanzada.com,Patricia Salinas,Chief Operating Officer (COO),C_SUITE,OPERATIONS,psalinas@innovacionavanzada.com,VERIFIED,85,+524980737205,2026-09-06T14:31:01.642811+00:00
General Commercial & Services,INNOVACION AVANZADA S. DE R.L. DE C.V.,innovacionavanzada.com,Adriana Vega,Chief Financial Officer (CFO),C_SUITE,FINANCE,avega@innovacionavanzada.com,VERIFIED,85,+528769062081,2026-09-06T14:31:01.642811+00:00
General Commercial & Services,INNOVACION AVANZADA 66 S.A.P.I. DE C.V.,innovacionavanzada.com.mx,Gabriel Vega,Chief Executive Officer (CEO),C_SUITE,EXECUTIVE,gvega@innovacionavanzada.com.mx,VERIFIED,85,+526689302299,2026-09-06T14:31:01.642811+00:00
General Commercial & Services,INDUSTRIAS DEL BAJIO S.C.,industriasdelbajio.com,Javier Ruiz,Chief Operating Officer (COO),C_SUITE,OPERATIONS,jruiz@industriasdelbajio.com,VERIFIED,85,+524887176765,2026-09-06T14:31:01.642811+00:00
General Commercial & Services,INDUSTRIAS DEL NORTE S. DE R.L. DE C.V.,industriasdelnorte.com,Sofia Benítez,Chief Revenue Officer (CRO),C_SUITE,SALES_MARKETING,sbenítez@industriasdelnorte.com,VERIFIED,85,+528796770560,2026-09-06T14:31:01.642811+00:00
General Commercial & Services,INDUSTRIAS DEL NORTE S. DE R.L. DE C.V.,industriasdelnorte.com,Fernando Morales,Chief Revenue Officer (CRO),C_SUITE,SALES_MARKETING,fmorales@industriasdelnorte.com,VERIFIED,85,+527936531531,2026-09-06T14:31:01.642811+00:00
General Commercial & Services,INDUSTRIAS DEL CENTRO 79 S.C.,industriasdelcentr.com,Andrea Villaseñor,Chief Technology Officer (CTO),C_SUITE,ENGINEERING_IT,avillaseñor@industriasdelcentr.com,VERIFIED,85,+526798336805,2026-09-06T14:31:01.642811+00:00
General Commercial & Services,INDUSTRIAS DEL CENTRO 79 S.C.,industriasdelcentr.com,Roberto Hernández,Chief Executive Officer (CEO),C_SUITE,EXECUTIVE,rhernández@industriasdelcentr.com,VERIFIED,85,+526290508065,2026-09-06T14:31:01.642811+00:00
General Commercial & Services,INDUSTRIAS DEL NORTE 84 S.A. DE C.V.,industriasdelnorte.com.mx,Carlos Vega,Founder,FOUNDER,EXECUTIVE,cvega@industriasdelnorte.com.mx,VERIFIED,85,+524217868422,2026-09-06T14:31:01.642811+00:00
General Commercial & Services,INDUSTRIAS DEL CENTRO S.A. DE C.V.,industriasdelcentr.com.mx,Eduardo González,Chief Financial Officer (CFO),C_SUITE,FINANCE,egonzález@industriasdelcentr.com.mx,VERIFIED,85,+529937364945,2026-09-06T14:31:01.642811+00:00
General Commercial & Services,INDUSTRIAS DEL CENTRO S.A. DE C.V.,industriasdelcentr.com.mx,Sofia Castro,Chief Revenue Officer (CRO),C_SUITE,SALES_MARKETING,scastro@industriasdelcentr.com.mx,VERIFIED,85,+529066674462,2026-09-06T14:31:01.642811+00:00
General Commercial & Services,INDUSTRIAS DEL CENTRO S.A. DE C.V.,industriasdelcentr.com.mx,Andrea Valenzuela,Chief Executive Officer (CEO),C_SUITE,EXECUTIVE,avalenzuela@industriasdelcentr.com.mx,VERIFIED,85,+524515759234,2026-09-06T14:31:01.642811+00:00
General Commercial & Services,INDUSTRIAS DEL CENTRO S.A. DE C.V.,industriasdelcentr.com.mx,Gabriel Morales,Chief Executive Officer (CEO),C_SUITE,EXECUTIVE,gmorales@industriasdelcentr.com.mx,VERIFIED,85,+525888486967,2026-09-06T14:31:01.642811+00:00
General Commercial & Services,INDUSTRIAS DEL BAJIO 45 S.A.P.I. DE C.V.,industriasdelbajio.com.mx,Carlos Mendoza,Chief Human Resources Officer (CHRO),C_SUITE,HR_PEOPLE,cmendoza@industriasdelbajio.com.mx,VERIFIED,85,+526970343567,2026-09-06T14:31:01.642811+00:00
General Commercial & Services,INDUSTRIAS DEL PACIFICO S.A. DE C.V.,industriasdelpacif.com,Patricia Treviño,Chief Executive Officer (CEO),C_SUITE,EXECUTIVE,ptreviño@industriasdelpacif.com,VERIFIED,85,+528211122654,2026-09-06T14:31:01.642811+00:00
General Commercial & Services,INNOVACION DINAMICA 57 S.C.,innovaciondinamica.mx,Guillermo Vega,Chief Financial Officer (CFO),C_SUITE,FINANCE,gvega@innovaciondinamica.mx,VERIFIED,85,+527310303677,2026-09-06T14:31:01.642811+00:00
General Commercial & Services,INNOVACION DINAMICA S.C.,innovaciondinamica.com,Guillermo Navarro,Chief Financial Officer (CFO),C_SUITE,FINANCE,gnavarro@innovaciondinamica.com,VERIFIED,85,+526712026672,2026-09-06T14:31:01.642811+00:00
General Commercial & Services,INDUSTRIAS MEXICANA S.A. DE C.V.,industriasmexicana.mx,Patricia Ruiz,Chief Executive Officer (CEO),C_SUITE,EXECUTIVE,pruiz@industriasmexicana.mx,VERIFIED,85,+527323078346,2026-09-06T14:31:01.642811+00:00
General Commercial & Services,INDUSTRIAS MEXICANA S.A.P.I. DE C.V.,industriasmexicana.com,Rodrigo Navarro,Chief Human Resources Officer (CHRO),C_SUITE,HR_PEOPLE,rnavarro@industriasmexicana.com,VERIFIED,85,+528583686300,2026-09-06T14:31:01.642811+00:00
General Commercial & Services,INDUSTRIAS MEXICANA S. DE R.L. DE C.V.,industriasmexicana.com.mx,Mariana Benítez,Chief Executive Officer (CEO),C_SUITE,EXECUTIVE,mbenítez@industriasmexicana.com.mx,VERIFIED,85,+527322446871,2026-09-06T14:31:01.642811+00:00
General Commercial & Services,MANUFACTURA NACIONAL S.A. DE C.V.,manufacturanaciona.com,Claudia Dominguez,Chief Executive Officer (CEO),C_SUITE,EXECUTIVE,cdominguez@manufacturanaciona.com,VERIFIED,85,+528531139449,2026-09-06T14:31:01.642811+00:00
General Commercial & Services,MANUFACTURA NACIONAL S.A. DE C.V.,manufacturanaciona.com,Jorge Hernández,Chief Operating Officer (COO),C_SUITE,OPERATIONS,jhernández@manufacturanaciona.com,VERIFIED,85,+529870132845,2026-09-06T14:31:01.642811+00:00
General Commercial & Services,MANUFACTURA NACIONAL S.A. DE C.V.,manufacturanaciona.com,David Martínez,Chief Technology Officer (CTO),C_SUITE,ENGINEERING_IT,dmartínez@manufacturanaciona.mx,VERIFIED,85,+527251471406,2026-09-06T14:31:01.642811+00:00
General Commercial & Services,MANUFACTURA NACIONAL S.A. DE C.V.,manufacturanaciona.com,Luis García,Chief Technology Officer (CTO),C_SUITE,ENGINEERING_IT,lgarcía@manufacturanaciona.com,VERIFIED,85,+527222327001,2026-09-06T14:31:01.642811+00:00
General Commercial & Services,MANUFACTURA NACIONAL S.A. DE C.V.,manufacturanaciona.com,Patricia Alarcón,Chief Technology Officer (CTO),C_SUITE,ENGINEERING_IT,palarcón@manufacturanaciona.com,VERIFIED,85,+528177517838,2026-09-06T14:31:01.642811+00:00
General Commercial & Services,MANUFACTURA NACIONAL S.A.P.I. DE C.V.,manufacturanaciona.com.mx,Daniel García,Chief Technology Officer (CTO),C_SUITE,ENGINEERING_IT,dgarcía@manufacturanaciona.com.mx,VERIFIED,85,+526836638999,2026-09-06T14:31:01.642811+00:00
General Commercial & Services,MANUFACTURA NACIONAL S.A.P.I. DE C.V.,manufacturanaciona.com.mx,Mariana García,Chief Executive Officer (CEO),C_SUITE,EXECUTIVE,mgarcía@manufacturanaciona.com.mx,VERIFIED,85,+525589589534,2026-09-06T14:31:01.642811+00:00
General Commercial & Services,MANUFACTURA NACIONAL S.A.P.I. DE C.V.,manufacturanaciona.com.mx,David Salinas,Chief Executive Officer (CEO),C_SUITE,EXECUTIVE,dsalinas@manufacturanaciona.com.mx,VERIFIED,85,+525489968259,2026-09-06T14:31:01.642811+00:00
General Commercial & Services,INDUSTRIAS DE OCCIDENTE S.A.B. DE C.V.,industriasdeoccide.com.mx,Hector Mendoza,Chief Executive Officer (CEO),C_SUITE,EXECUTIVE,hmendoza@industriasdeoccide.com.mx,VERIFIED,85,+524361930400,2026-09-06T14:31:01.642811+00:00
General Commercial & Services,INDUSTRIAS DE OCCIDENTE S.A.B. DE C.V.,industriasdeoccide.com.mx,Javier Salinas,Chief Human Resources Officer (CHRO),C_SUITE,HR_PEOPLE,jsalinas@industriasdeoccide.com.mx,VERIFIED,85,+526259408346,2026-09-06T14:31:01.642811+00:00
General Commercial & Services,INDUSTRIAS DE OCCIDENTE S.A.B. DE C.V.,industriasdeoccide.com.mx,David Navarro,Chief Operating Officer (COO),C_SUITE,OPERATIONS,dnavarro@industriasdeoccide.com.mx,VERIFIED,85,+524544903502,2026-09-06T14:31:01.642811+00:00
General Commercial & Services,INDUSTRIAS DE OCCIDENTE S.A.B. DE C.V.,industriasdeoccide.com.mx,Rodrigo Mendoza,Chief Executive Officer (CEO),C_SUITE,EXECUTIVE,rmendoza@industriasdeoccide.com.mx,VERIFIED,85,+528663772678,2026-09-06T14:31:01.642811+00:00
General Commercial & Services,INDUSTRIAS DE OCCIDENTE 20 S.A. DE C.V.,industriasdeoccide.mx,Guillermo Hernández,Chief Executive Officer (CEO),C_SUITE,EXECUTIVE,ghernández@industriasdeoccide.mx,VERIFIED,85,+524048899117,2026-09-06T14:31:01.642811+00:00
General Commercial & Services,INDUSTRIAS DE OCCIDENTE 20 S.A. DE C.V.,industriasdeoccide.mx,Carlos García,Chief Human Resources Officer (CHRO),C_SUITE,HR_PEOPLE,cgarcía@industriasdeoccide.mx,VERIFIED,85,+526850670583,2026-09-06T14:31:01.642811+00:00
General Commercial & Services,MANUFACTURA MODERNA S. DE R.L. DE C.V.,manufacturamoderna.com,Daniel Treviño,Chief Operating Officer (COO),C_SUITE,OPERATIONS,dtreviño@manufacturamoderna.com,VERIFIED,85,+523361316237,2026-09-06T14:31:01.642811+00:00
General Commercial & Services,MANUFACTURA MODERNA S.A.S.,manufacturamoderna.com.mx,Carlos Dominguez,Chief Executive Officer (CEO),C_SUITE,EXECUTIVE,cdominguez@manufacturamoderna.com.mx,VERIFIED,85,+523330124047,2026-09-06T14:31:01.642811+00:00
General Commercial & Services,MANUFACTURA MODERNA S.A.S.,manufacturamoderna.com.mx,Andrea Castro,Chief Human Resources Officer (CHRO),C_SUITE,HR_PEOPLE,acastro@manufacturamoderna.com.mx,VERIFIED,85,+523333819242,2026-09-06T14:31:01.642811+00:00
General Commercial & Services,INNOVACION INTERNACIONAL S.A.P.I. DE C.V.,innovacioninternac.mx,Patricia Morales,Chief Technology Officer (CTO),C_SUITE,ENGINEERING_IT,pmorales@innovacioninternac.mx,VERIFIED,85,+527964632642,2026-09-06T14:31:01.642811+00:00
General Commercial & Services,INNOVACION INTERNACIONAL S.A.P.I. DE C.V.,innovacioninternac.mx,Alejandro González,Chief Technology Officer (CTO),C_SUITE,ENGINEERING_IT,agonzález@innovacioninternac.mx,VERIFIED,85,+524070481611,2026-09-06T14:31:01.642811+00:00
General Commercial & Services,INNOVACION INTERNACIONAL S. DE R.L. DE C.V.,innovacioninternac.com.mx,Eduardo Garza,Chief Human Resources Officer (CHRO),C_SUITE,HR_PEOPLE,egarza@innovacioninternac.com.mx,VERIFIED,85,+526819823728,2026-09-06T14:31:01.642811+00:00
General Commercial & Services,INNOVACION INTERNACIONAL S. DE R.L. DE C.V.,innovacioninternac.com.mx,Daniel Ruiz,Chief Operating Officer (COO),C_SUITE,OPERATIONS,druiz@innovacioninternac.com.mx,VERIFIED,85,+524888458708,2026-09-06T14:31:01.642811+00:00
General Commercial & Services,INNOVACION INTERNACIONAL S.A.P.I. DE C.V.,innovacioninternac.com,Roberto Salinas,Chief Operating Officer (COO),C_SUITE,OPERATIONS,rsalinas@innovacioninternac.com,VERIFIED,85,+528042470683,2026-09-06T14:31:01.642811+00:00
General Commercial & Services,INNOVACION INTERNACIONAL S.A.P.I. DE C.V.,innovacioninternac.com,Hector Navarro,Chief Executive Officer (CEO),C_SUITE,EXECUTIVE,hnavarro@innovacioninternac.com,VERIFIED,85,+525220420876,2026-09-06T14:31:01.642811+00:00
General Commercial & Services,INNOVACION AVANZADA S.C.,innovacionavanzada.com.mx,Fernando Castro,Chief Human Resources Officer (CHRO),C_SUITE,HR_PEOPLE,fcastro@innovacionavanzada.com.mx,VERIFIED,85,+526664620163,2026-09-06T14:31:01.642811+00:00
General Commercial & Services,INNOVACION AVANZADA S.C.,innovacionavanzada.com.mx,Gabriel Treviño,Chief Technology Officer (CTO),C_SUITE,ENGINEERING_IT,gtreviño@innovacionavanzada.com.mx,VERIFIED,85,+525474186429,2026-09-06T14:31:01.642811+00:00
General Commercial & Services,INNOVACION AVANZADA S.C.,innovacionavanzada.com.mx,Mariana Morales,Founder,FOUNDER,EXECUTIVE,mmorales@innovacionavanzada.com.mx,VERIFIED,85,+525381548622,2026-09-06T14:31:01.642811+00:00
General Commercial & Services,INNOVACION AVANZADA S.A.B. DE C.V.,innovacionavanzada.com,Rodrigo Alarcón,Founder,FOUNDER,EXECUTIVE,ralarcón@innovacionavanzada.com,VERIFIED,85,+524780061478,2026-09-06T14:31:01.642811+00:00
General Commercial & Services,INNOVACION AVANZADA S.A.B. DE C.V.,innovacionavanzada.com,Eduardo García,Chief Technology Officer (CTO),C_SUITE,ENGINEERING_IT,egarcía@innovacionavanzada.com,VERIFIED,85,+528056685745,2026-09-06T14:31:01.642811+00:00
General Commercial & Services,INNOVACION AVANZADA S.A.B. DE C.V.,innovacionavanzada.com,Roberto Benítez,Chief Revenue Officer (CRO),C_SUITE,SALES_MARKETING,rbenítez@innovacionavanzada.com,VERIFIED,85,+525491088194,2026-09-06T14:31:01.642811+00:00
General Commercial & Services,INNOVACION AVANZADA S.A.B. DE C.V.,innovacionavanzada.com,Patricia Mendoza,Chief Human Resources Officer (CHRO),C_SUITE,HR_PEOPLE,pmendoza@innovacionavanzada.com,VERIFIED,85,+529635294576,2026-09-06T14:31:01.642811+00:00
General Commercial & Services,INNOVACION AVANZADA S.A.B. DE C.V.,innovacionavanzada.com,Roberto Ruiz,Chief Executive Officer (CEO),C_SUITE,EXECUTIVE,rruiz@innovacionavanzada.com,VERIFIED,85,+528527243899,2026-09-06T14:31:01.642811+00:00
General Commercial & Services,INNOVACION AVANZADA S.A.B. DE C.V.,innovacionavanzada.com,Roberto Vega,Founder,FOUNDER,EXECUTIVE,rvega@innovacionavanzada.com,VERIFIED,85,+526089690140,2026-09-06T14:31:01.642811+00:00
General Commercial & Services,INNOVACION AVANZADA 18 S.A. DE C.V.,innovacionavanzada.mx,Fernando Salinas,Chief Financial Officer (CFO),C_SUITE,FINANCE,fsalinas@innovacionavanzada.mx,VERIFIED,85,+526826791612,2026-09-06T14:31:01.642811+00:00
General Commercial & Services,INDUSTRIAS INDUSTRIAL 40 S.C.,industriasindustri.mx,Jorge González,Chief Technology Officer (CTO),C_SUITE,ENGINEERING_IT,jgonzález@industriasindustri.mx,VERIFIED,85,+525913276207,2026-09-06T14:31:01.642811+00:00
General Commercial & Services,INDUSTRIAS INDUSTRIAL 40 S.C.,industriasindustri.mx,Miguel González,Founder,FOUNDER,EXECUTIVE,mgonzález@industriasindustri.mx,VERIFIED,85,+526825583604,2026-09-06T14:31:01.642811+00:00
General Commercial & Services,INDUSTRIAS INDUSTRIAL 40 S.C.,industriasindustri.mx,Claudia Dominguez,Chief Technology Officer (CTO),C_SUITE,ENGINEERING_IT,cdominguez@industriasindustri.mx,VERIFIED,85,+528279446354,2026-09-06T14:31:01.642811+00:00
General Commercial & Services,INDUSTRIAS INDUSTRIAL 75 S. DE R.L. DE C.V.,industriasindustri.com,Javier Castro,Chief Technology Officer (CTO),C_SUITE,ENGINEERING_IT,jcastro@industriasindustri.com,VERIFIED,85,+524983338662,2026-09-06T14:31:01.642811+00:00
General Commercial & Services,INDUSTRIAS INDUSTRIAL 75 S. DE R.L. DE C.V.,industriasindustri.com,Miguel López,Chief Technology Officer (CTO),C_SUITE,ENGINEERING_IT,mlópez@industriasindustri.com,VERIFIED,85,+526418006059,2026-09-06T14:31:01.642811+00:00
General Commercial & Services,INDUSTRIAS DINAMICA S.A.S.,industriasdinamica.com.mx,Eduardo Morales,Chief Operating Officer (COO),C_SUITE,OPERATIONS,emorales@industriasdinamica.com.mx,VERIFIED,85,+524389120580,2026-09-06T14:31:01.648827+00:00
General Commercial & Services,INDUSTRIAS DINAMICA S.A.S.,industriasdinamica.com.mx,Adriana Alarcón,Founder,FOUNDER,EXECUTIVE,aalarcón@industriasdinamica.com.mx,VERIFIED,85,+529473281011,2026-09-06T14:31:01.648827+00:00
General Commercial & Services,INDUSTRIAS DINAMICA S.A.S.,industriasdinamica.com.mx,Eduardo Castro,Chief Technology Officer (CTO),C_SUITE,ENGINEERING_IT,ecastro@industriasdinamica.com.mx,VERIFIED,85,+529880443566,2026-09-06T14:31:01.648827+00:00
General Commercial & Services,INDUSTRIAS DINAMICA S.C.,industriasdinamica.mx,Rodrigo Salinas,Chief Revenue Officer (CRO),C_SUITE,SALES_MARKETING,rsalinas@industriasdinamica.mx,VERIFIED,85,+525871819152,2026-09-06T14:31:01.648827+00:00
General Commercial & Services,MANUFACTURA MEXICANA S.A. DE C.V.,manufacturamexican.mx,Jorge López,Chief Executive Officer (CEO),C_SUITE,EXECUTIVE,jlópez@manufacturamexican.mx,VERIFIED,85,+526672703772,2026-09-06T14:31:01.648827+00:00
General Commercial & Services,MANUFACTURA MEXICANA S.A. DE C.V.,manufacturamexican.mx,Adriana Dominguez,Chief Financial Officer (CFO),C_SUITE,FINANCE,adominguez@manufacturamexican.mx,VERIFIED,85,+525883897073,2026-09-06T14:31:01.648827+00:00
General Commercial & Services,MANUFACTURA MEXICANA S.A. DE C.V.,manufacturamexican.mx,Fernando Alarcón,Chief Executive Officer (CEO),C_SUITE,EXECUTIVE,falarcón@manufacturamexican.mx,VERIFIED,85,+525173516613,2026-09-06T14:31:01.648827+00:00
General Commercial & Services,MANUFACTURA MEXICANA S.A. DE C.V.,manufacturamexican.mx,Luis Vega,Chief Human Resources Officer (CHRO),C_SUITE,HR_PEOPLE,lvega@manufacturamexican.mx,VERIFIED,85,+525872653326,2026-09-06T14:31:01.648827+00:00
General Commercial & Services,MANUFACTURA MEXICANA 25 S.A.P.I. DE C.V.,manufacturamexican.com.mx,Alejandro Vega,Chief Technology Officer (CTO),C_SUITE,ENGINEERING_IT,avega@manufacturamexican.com.mx,VERIFIED,85,+524811620528,2026-09-06T14:31:01.648827+00:00
General Commercial & Services,MANUFACTURA DE OCCIDENTE S.A.P.I. DE C.V.,manufacturadeoccid.com.mx,Fernando Alarcón,Chief Revenue Officer (CRO),C_SUITE,SALES_MARKETING,falarcón@manufacturadeoccid.com.mx,VERIFIED,85,+523352185857,2026-09-06T14:31:01.648827+00:00
General Commercial & Services,MANUFACTURA DE OCCIDENTE S.A.P.I. DE C.V.,manufacturadeoccid.com.mx,Carlos Mendoza,Chief Technology Officer (CTO),C_SUITE,ENGINEERING_IT,cmendoza@manufacturadeoccid.com.mx,VERIFIED,85,+523362797856,2026-09-06T14:31:01.648827+00:00
General Commercial & Services,MANUFACTURA DE OCCIDENTE S.A.P.I. DE C.V.,manufacturadeoccid.com.mx,Rodrigo Castro,Chief Technology Officer (CTO),C_SUITE,ENGINEERING_IT,rcastro@manufacturadeoccid.com.mx,VERIFIED,85,+523351276517,2026-09-06T14:31:01.648827+00:00
General Commercial & Services,MANUFACTURA DE OCCIDENTE S.A.P.I. DE C.V.,manufacturadeoccid.mx,Alejandro López,Chief Technology Officer (CTO),C_SUITE,ENGINEERING_IT,alópez@manufacturadeoccid.mx,VERIFIED,85,+523379602846,2026-09-06T14:31:01.648827+00:00
General Commercial & Services,MANUFACTURA DE OCCIDENTE S.A.P.I. DE C.V.,manufacturadeoccid.mx,Daniel Salinas,Chief Financial Officer (CFO),C_SUITE,FINANCE,dsalinas@manufacturadeoccid.mx,VERIFIED,85,+523373440297,2026-09-06T14:31:01.648827+00:00
General Commercial & Services,MANUFACTURA DE LAS AMERICAS S.A.P.I. DE C.V.,manufacturadelasam.com.mx,Fernando González,Chief Financial Officer (CFO),C_SUITE,FINANCE,fgonzález@manufacturadelasam.com.mx,VERIFIED,85,+523315565563,2026-09-06T14:31:01.648827+00:00
General Commercial & Services,MANUFACTURA DE LAS AMERICAS S.A.P.I. DE C.V.,manufacturadelasam.com.mx,Adriana Martínez,Chief Human Resources Officer (CHRO),C_SUITE,HR_PEOPLE,amartínez@manufacturadelasam.com.mx,VERIFIED,85,+523322785547,2026-09-06T14:31:01.648827+00:00
General Commercial & Services,MANUFACTURA DE LAS AMERICAS S.A.P.I. DE C.V.,manufacturadelasam.com.mx,Andrea Castro,Chief Operating Officer (COO),C_SUITE,OPERATIONS,acastro@manufacturadelasam.com,VERIFIED,85,+523357609530,2026-09-06T14:31:01.648827+00:00
General Commercial & Services,MANUFACTURA DE OCCIDENTE S.A.P.I. DE C.V.,manufacturadeoccid.com,Guillermo García,Chief Financial Officer (CFO),C_SUITE,FINANCE,ggarcía@manufacturadeoccid.com,VERIFIED,85,+523322619717,2026-09-06T14:31:01.648827+00:00
General Commercial & Services,MANUFACTURA DE OCCIDENTE S.A.P.I. DE C.V.,manufacturadeoccid.com,Javier Salinas,Chief Revenue Officer (CRO),C_SUITE,SALES_MARKETING,jsalinas@manufacturadeoccid.com,VERIFIED,85,+523317741507,2026-09-06T14:31:01.648827+00:00
General Commercial & Services,MANUFACTURA MODERNA S.A.B. DE C.V.,manufacturamoderna.com,Adriana Benítez,Founder,FOUNDER,EXECUTIVE,abenítez@manufacturamoderna.com,VERIFIED,85,+528738442207,2026-09-06T14:31:01.648827+00:00
General Commercial & Services,MANUFACTURA MODERNA S.A.B. DE C.V.,manufacturamoderna.com,Roberto Salinas,Chief Executive Officer (CEO),C_SUITE,EXECUTIVE,rsalinas@manufacturamoderna.com,VERIFIED,85,+526192681444,2026-09-06T14:31:01.648827+00:00
General Commercial & Services,MANUFACTURA MODERNA 76 S.A.S.,manufacturamoderna.com.mx,Sofia Salinas,Founder,FOUNDER,EXECUTIVE,ssalinas@manufacturamoderna.com.mx,VERIFIED,85,+524697914338,2026-09-06T14:31:01.648827+00:00
General Commercial & Services,INDUSTRIAS NACIONAL 3 S.A.B. DE C.V.,industriasnacional.mx,Patricia Valenzuela,Chief Executive Officer (CEO),C_SUITE,EXECUTIVE,pvalenzuela@industriasnacional.mx,VERIFIED,85,+528166880816,2026-09-06T14:31:01.650582+00:00
General Commercial & Services,INDUSTRIAS NACIONAL S.C.,industriasnacional.com,Sofia Vega,Chief Revenue Officer (CRO),C_SUITE,SALES_MARKETING,svega@industriasnacional.com,VERIFIED,85,+528143155378,2026-09-06T14:31:01.650582+00:00
General Commercial & Services,INNOVACION MEXICANA S.C.,innovacionmexicana.mx,Adriana Dominguez,Founder,FOUNDER,EXECUTIVE,adominguez@innovacionmexicana.mx,VERIFIED,85,+529160559153,2026-09-06T14:31:01.650582+00:00
General Commercial & Services,INNOVACION MEXICANA S.C.,innovacionmexicana.mx,Javier Alarcón,Chief Technology Officer (CTO),C_SUITE,ENGINEERING_IT,jalarcón@innovacionmexicana.mx,VERIFIED,85,+527161830588,2026-09-06T14:31:01.650582+00:00
General Commercial & Services,INNOVACION MEXICANA S.A.P.I. DE C.V.,innovacionmexicana.com,Carlos Villaseñor,Chief Human Resources Officer (CHRO),C_SUITE,HR_PEOPLE,cvillaseñor@innovacionmexicana.com,VERIFIED,85,+525586568171,2026-09-06T14:31:01.650582+00:00
General Commercial & Services,INNOVACION MEXICANA S.C.,innovacionmexicana.com.mx,Andrea Martínez,Chief Technology Officer (CTO),C_SUITE,ENGINEERING_IT,amartínez@innovacionmexicana.com.mx,VERIFIED,85,+524277887999,2026-09-06T14:31:01.650582+00:00
General Commercial & Services,INNOVACION LATINOAMERICANA S.C.,innovacionlatinoam.com.mx,Alejandro Treviño,Chief Executive Officer (CEO),C_SUITE,EXECUTIVE,atreviño@innovacionlatinoam.com.mx,VERIFIED,85,+526517631642,2026-09-06T14:31:01.650582+00:00
General Commercial & Services,INNOVACION LATINOAMERICANA S.C.,innovacionlatinoam.com.mx,Luis Ruiz,Founder,FOUNDER,EXECUTIVE,lruiz@innovacionlatinoam.com.mx,VERIFIED,85,+524147701631,2026-09-06T14:31:01.650582+00:00
General Commercial & Services,INNOVACION DINAMICA S.A.P.I. DE C.V.,innovaciondinamica.mx,Patricia Garza,Chief Executive Officer (CEO),C_SUITE,EXECUTIVE,pgarza@innovaciondinamica.mx,VERIFIED,85,+528098465912,2026-09-06T14:31:01.656637+00:00
General Commercial & Services,INNOVACION DINAMICA S.A.P.I. DE C.V.,innovaciondinamica.mx,Rodrigo Dominguez,Chief Technology Officer (CTO),C_SUITE,ENGINEERING_IT,rdominguez@innovaciondinamica.com,VERIFIED,85,+524630603530,2026-09-06T14:31:01.656637+00:00
General Commercial & Services,INNOVACION DINAMICA S.A.P.I. DE C.V.,innovaciondinamica.mx,Jorge Castro,Chief Executive Officer (CEO),C_SUITE,EXECUTIVE,jcastro@innovaciondinamica.mx,VERIFIED,85,+527875842342,2026-09-06T14:31:01.656637+00:00
General Commercial & Services,INNOVACION DINAMICA S.A.S.,innovaciondinamica.com.mx,Fernando Hernández,Chief Technology Officer (CTO),C_SUITE,ENGINEERING_IT,fhernández@innovaciondinamica.com.mx,VERIFIED,85,+529835446104,2026-09-06T14:31:01.656637+00:00
General Commercial & Services,INNOVACION DINAMICA S.A.S.,innovaciondinamica.com.mx,Jorge Villaseñor,Chief Financial Officer (CFO),C_SUITE,FINANCE,jvillaseñor@innovaciondinamica.com.mx,VERIFIED,85,+528434699333,2026-09-06T14:31:01.656637+00:00
General Commercial & Services,INNOVACION DINAMICA S. DE R.L. DE C.V.,innovaciondinamica.com,Claudia Morales,Chief Operating Officer (COO),C_SUITE,OPERATIONS,cmorales@innovaciondinamica.com,VERIFIED,85,+528771150429,2026-09-06T14:31:01.656637+00:00
General Commercial & Services,INNOVACION EMPRESARIAL 82 S.A.B. DE C.V.,innovacionempresar.mx,Daniel Mendoza,Chief Human Resources Officer (CHRO),C_SUITE,HR_PEOPLE,dmendoza@innovacionempresar.mx,VERIFIED,85,+529577582887,2026-09-06T14:31:01.656637+00:00
General Commercial & Services,INDUSTRIAS DE LAS AMERICAS S. DE R.L. DE C.V.,industriasdelasame.com,Carlos Castro,Chief Human Resources Officer (CHRO),C_SUITE,HR_PEOPLE,ccastro@industriasdelasame.com,VERIFIED,85,+529446559503,2026-09-06T14:31:01.656637+00:00
General Commercial & Services,INDUSTRIAS DE LAS AMERICAS S. DE R.L. DE C.V.,industriasdelasame.com,Adriana Navarro,Chief Technology Officer (CTO),C_SUITE,ENGINEERING_IT,anavarro@industriasdelasame.mx,VERIFIED,85,+526582707498,2026-09-06T14:31:01.656637+00:00
General Commercial & Services,INDUSTRIAS DE OCCIDENTE S.A.B. DE C.V.,industriasdeoccide.com.mx,Sofia Navarro,Founder,FOUNDER,EXECUTIVE,snavarro@industriasdeoccide.com.mx,VERIFIED,85,+525123517751,2026-09-06T14:31:01.656637+00:00
General Commercial & Services,INDUSTRIAS DE OCCIDENTE S.A.B. DE C.V.,industriasdeoccide.com.mx,Hector Hernández,Chief Operating Officer (COO),C_SUITE,OPERATIONS,hhernández@industriasdeoccide.com.mx,VERIFIED,85,+527138810975,2026-09-06T14:31:01.656637+00:00
General Commercial & Services,INDUSTRIAS DE OCCIDENTE S.A.B. DE C.V.,industriasdeoccide.mx,Claudia Castro,Chief Executive Officer (CEO),C_SUITE,EXECUTIVE,ccastro@industriasdeoccide.mx,VERIFIED,85,+525251399308,2026-09-06T14:31:01.656637+00:00
General Commercial & Services,INDUSTRIAS DE OCCIDENTE S.A.B. DE C.V.,industriasdeoccide.mx,Rodrigo Navarro,Chief Technology Officer (CTO),C_SUITE,ENGINEERING_IT,rnavarro@industriasdeoccide.mx,VERIFIED,85,+525912643684,2026-09-06T14:31:01.656637+00:00
General Commercial & Services,INDUSTRIAS DE LAS AMERICAS S.A.S.,industriasdelasame.mx,Gabriel Salinas,Chief Executive Officer (CEO),C_SUITE,EXECUTIVE,gsalinas@industriasdelasame.mx,VERIFIED,85,+524627435541,2026-09-06T14:31:01.656637+00:00
General Commercial & Services,MANUFACTURA CENTRAL S.A.B. DE C.V.,manufacturacentral.com.mx,Guillermo Dominguez,Chief Operating Officer (COO),C_SUITE,OPERATIONS,gdominguez@manufacturacentral.com.mx,VERIFIED,85,+525512381787,2026-09-06T14:31:01.656637+00:00
General Commercial & Services,MANUFACTURA CENTRAL S.A.B. DE C.V.,manufacturacentral.com.mx,Fernando Morales,Chief Executive Officer (CEO),C_SUITE,EXECUTIVE,fmorales@manufacturacentral.com.mx,VERIFIED,85,+525543916424,2026-09-06T14:31:01.656637+00:00
General Commercial & Services,MANUFACTURA CENTRAL S.A. DE C.V.,manufacturacentral.mx,Rodrigo Garza,Chief Revenue Officer (CRO),C_SUITE,SALES_MARKETING,rgarza@manufacturacentral.mx,VERIFIED,85,+525558322912,2026-09-06T14:31:01.656637+00:00
General Commercial & Services,MANUFACTURA CENTRAL S.A. DE C.V.,manufacturacentral.com,Andrea Villaseñor,Chief Executive Officer (CEO),C_SUITE,EXECUTIVE,avillaseñor@manufacturacentral.com,VERIFIED,85,+525553326511,2026-09-06T14:31:01.656637+00:00
General Commercial & Services,MANUFACTURA CENTRAL S.A. DE C.V.,manufacturacentral.com,Javier Ruiz,Chief Technology Officer (CTO),C_SUITE,ENGINEERING_IT,jruiz@manufacturacentral.com,VERIFIED,85,+525594559113,2026-09-06T14:31:01.656637+00:00
General Commercial & Services,MANUFACTURA CENTRAL S.A. DE C.V.,manufacturacentral.com,Alejandro Valenzuela,Chief Revenue Officer (CRO),C_SUITE,SALES_MARKETING,avalenzuela@manufacturacentral.com,VERIFIED,85,+525596325092,2026-09-06T14:31:01.656637+00:00
General Commercial & Services,MANUFACTURA CENTRAL S.A. DE C.V.,manufacturacentral.com,Miguel Villaseñor,Chief Executive Officer (CEO),C_SUITE,EXECUTIVE,mvillaseñor@manufacturacentral.com,VERIFIED,85,+525563892372,2026-09-06T14:31:01.656637+00:00
General Commercial & Services,MANUFACTURA NACIONAL S.C.,manufacturanaciona.mx,Mariana Hernández,Chief Human Resources Officer (CHRO),C_SUITE,HR_PEOPLE,mhernández@manufacturanaciona.mx,VERIFIED,85,+526378318214,2026-09-06T14:31:01.656637+00:00
General Commercial & Services,MANUFACTURA NACIONAL S.C.,manufacturanaciona.mx,Carlos Salinas,Chief Executive Officer (CEO),C_SUITE,EXECUTIVE,csalinas@manufacturanaciona.mx,VERIFIED,85,+527232045080,2026-09-06T14:31:01.656637+00:00
General Commercial & Services,MANUFACTURA NACIONAL S.C.,manufacturanaciona.mx,Adriana Valenzuela,Founder,FOUNDER,EXECUTIVE,avalenzuela@manufacturanaciona.mx,VERIFIED,85,+526077641004,2026-09-06T14:31:01.656637+00:00
General Commercial & Services,MANUFACTURA NACIONAL S.C.,manufacturanaciona.com.mx,Roberto López,Chief Executive Officer (CEO),C_SUITE,EXECUTIVE,rlópez@manufacturanaciona.com.mx,VERIFIED,85,+529010577644,2026-09-06T14:31:01.656637+00:00
General Commercial & Services,MANUFACTURA DEL NORTE S.A.B. DE C.V.,manufacturadelnort.mx,Patricia Salinas,Chief Executive Officer (CEO),C_SUITE,EXECUTIVE,psalinas@manufacturadelnort.mx,VERIFIED,85,+528163904974,2026-09-06T14:31:01.656637+00:00
General Commercial & Services,MANUFACTURA DEL NORTE S.A.B. DE C.V.,manufacturadelnort.mx,Mariana Benítez,Chief Human Resources Officer (CHRO),C_SUITE,HR_PEOPLE,mbenítez@manufacturadelnort.mx,VERIFIED,85,+525837524198,2026-09-06T14:31:01.656637+00:00
General Commercial & Services,MANUFACTURA DEL NORTE S.A.B. DE C.V.,manufacturadelnort.mx,Mariana Dominguez,Chief Human Resources Officer (CHRO),C_SUITE,HR_PEOPLE,mdominguez@manufacturadelnort.mx,VERIFIED,85,+525244238436,2026-09-06T14:31:01.656637+00:00
General Commercial & Services,MANUFACTURA DEL NORTE S.A.B. DE C.V.,manufacturadelnort.mx,Adriana Ruiz,Chief Revenue Officer (CRO),C_SUITE,SALES_MARKETING,aruiz@manufacturadelnort.mx,VERIFIED,85,+524065652665,2026-09-06T14:31:01.656637+00:00
General Commercial & Services,MANUFACTURA DEL BAJIO S.A.B. DE C.V.,manufacturadelbaji.mx,Sofia Villaseñor,Founder,FOUNDER,EXECUTIVE,svillaseñor@manufacturadelbaji.mx,VERIFIED,85,+526642544411,2026-09-06T14:31:01.656637+00:00
General Commercial & Services,MANUFACTURA DEL BAJIO S.A.B. DE C.V.,manufacturadelbaji.com,Claudia Mendoza,Chief Human Resources Officer (CHRO),C_SUITE,HR_PEOPLE,cmendoza@manufacturadelbaji.com,VERIFIED,85,+529665177938,2026-09-06T14:31:01.656637+00:00
General Commercial & Services,MANUFACTURA DEL CENTRO S.A.P.I. DE C.V.,manufacturadelcent.com,Daniel Salinas,Chief Technology Officer (CTO),C_SUITE,ENGINEERING_IT,dsalinas@manufacturadelcent.com,VERIFIED,85,+524280171898,2026-09-06T14:31:01.656637+00:00
General Commercial & Services,MANUFACTURA DEL CENTRO S.A.P.I. DE C.V.,manufacturadelcent.com,Jorge Vega,Chief Executive Officer (CEO),C_SUITE,EXECUTIVE,jvega@manufacturadelcent.com,VERIFIED,85,+525682803735,2026-09-06T14:31:01.656637+00:00
General Commercial & Services,MANUFACTURA DEL CENTRO S.A.P.I. DE C.V.,manufacturadelcent.com,Carlos Salinas,Chief Executive Officer (CEO),C_SUITE,EXECUTIVE,csalinas@manufacturadelcent.com.mx,VERIFIED,85,+528191982165,2026-09-06T14:31:01.656637+00:00
General Commercial & Services,MANUFACTURA DEL CENTRO S.A.P.I. DE C.V.,manufacturadelcent.com,Fernando Salinas,Chief Financial Officer (CFO),C_SUITE,FINANCE,fsalinas@manufacturadelcent.com,VERIFIED,85,+528692504104,2026-09-06T14:31:01.656637+00:00
General Commercial & Services,MANUFACTURA DEL BAJIO S.C.,manufacturadelbaji.com.mx,Fernando Castro,Chief Operating Officer (COO),C_SUITE,OPERATIONS,fcastro@manufacturadelbaji.com.mx,VERIFIED,85,+524953724022,2026-09-06T14:31:01.656637+00:00
General Commercial & Services,MANUFACTURA DEL PACIFICO S.C.,manufacturadelpaci.com.mx,Javier Hernández,Chief Executive Officer (CEO),C_SUITE,EXECUTIVE,jhernández@manufacturadelpaci.com.mx,VERIFIED,85,+527232975696,2026-09-06T14:31:01.656637+00:00
General Commercial & Services,MANUFACTURA DEL PACIFICO S.C.,manufacturadelpaci.com,Carlos Salinas,Chief Technology Officer (CTO),C_SUITE,ENGINEERING_IT,csalinas@manufacturadelpaci.com,VERIFIED,85,+529221528889,2026-09-06T14:31:01.656637+00:00
General Commercial & Services,MANUFACTURA DEL NORTE S.A. DE C.V.,manufacturadelnort.com,Gabriel Salinas,Chief Human Resources Officer (CHRO),C_SUITE,HR_PEOPLE,gsalinas@manufacturadelnort.com,VERIFIED,85,+527536018123,2026-09-06T14:31:01.656637+00:00
General Commercial & Services,INNOVACION DE LAS AMERICAS S.A.B. DE C.V.,innovaciondelasame.com.mx,Patricia Benítez,Chief Executive Officer (CEO),C_SUITE,EXECUTIVE,pbenítez@innovaciondelasame.com.mx,VERIFIED,85,+524827002636,2026-09-06T14:31:01.658949+00:00
General Commercial & Services,INNOVACION DE LAS AMERICAS 99 S.A.B. DE C.V.,innovaciondelasame.com,Sofia López,Founder,FOUNDER,EXECUTIVE,slópez@innovaciondelasame.com,VERIFIED,85,+527344584785,2026-09-06T14:31:01.658949+00:00
General Commercial & Services,INNOVACION DE OCCIDENTE S. DE R.L. DE C.V.,innovaciondeoccide.com.mx,Gabriel Mendoza,Founder,FOUNDER,EXECUTIVE,gmendoza@innovaciondeoccide.com.mx,VERIFIED,85,+529334572088,2026-09-06T14:31:01.658949+00:00
General Commercial & Services,INDUSTRIAS AVANZADA S.A.P.I. DE C.V.,industriasavanzada.com,David Garza,Chief Revenue Officer (CRO),C_SUITE,SALES_MARKETING,dgarza@industriasavanzada.com,VERIFIED,85,+526661606562,2026-09-06T14:31:01.658949+00:00
General Commercial & Services,INDUSTRIAS AVANZADA S.A.P.I. DE C.V.,industriasavanzada.com,Hector Treviño,Chief Revenue Officer (CRO),C_SUITE,SALES_MARKETING,htreviño@industriasavanzada.com,VERIFIED,85,+524687565211,2026-09-06T14:31:01.658949+00:00
General Commercial & Services,MANUFACTURA DE OCCIDENTE S.A.S.,manufacturadeoccid.com.mx,Carlos López,Founder,FOUNDER,EXECUTIVE,clópez@manufacturadeoccid.com.mx,VERIFIED,85,+527399970759,2026-09-06T14:31:01.658949+00:00
General Commercial & Services,MANUFACTURA DE OCCIDENTE S.A.S.,manufacturadeoccid.com.mx,Miguel Martínez,Chief Executive Officer (CEO),C_SUITE,EXECUTIVE,mmartínez@manufacturadeoccid.com.mx,VERIFIED,85,+526719378643,2026-09-06T14:31:01.658949+00:00
General Commercial & Services,MANUFACTURA DE OCCIDENTE S.A.P.I. DE C.V.,manufacturadeoccid.com,Fernando Dominguez,Chief Revenue Officer (CRO),C_SUITE,SALES_MARKETING,fdominguez@manufacturadeoccid.com,VERIFIED,85,+524248524910,2026-09-06T14:31:01.658949+00:00
General Commercial & Services,MANUFACTURA DE OCCIDENTE S.A.P.I. DE C.V.,manufacturadeoccid.com,Guillermo Valenzuela,Chief Revenue Officer (CRO),C_SUITE,SALES_MARKETING,gvalenzuela@manufacturadeoccid.com,VERIFIED,85,+527021398999,2026-09-06T14:31:01.658949+00:00
General Commercial & Services,MANUFACTURA DE OCCIDENTE S.A.P.I. DE C.V.,manufacturadeoccid.com,Javier Castro,Chief Operating Officer (COO),C_SUITE,OPERATIONS,jcastro@manufacturadeoccid.mx,VERIFIED,85,+526635578599,2026-09-06T14:31:01.658949+00:00
General Commercial & Services,MANUFACTURA DE OCCIDENTE 67 S.A.S.,manufacturadeoccid.mx,Andrea Castro,Chief Financial Officer (CFO),C_SUITE,FINANCE,acastro@manufacturadeoccid.mx,VERIFIED,85,+524811841012,2026-09-06T14:31:01.658949+00:00
General Commercial & Services,MANUFACTURA INDUSTRIAL S.A.B. DE C.V.,manufacturaindustr.mx,Jorge García,Chief Human Resources Officer (CHRO),C_SUITE,HR_PEOPLE,jgarcía@manufacturaindustr.mx,VERIFIED,85,+528369348439,2026-09-06T14:31:01.659878+00:00
General Commercial & Services,MANUFACTURA INDUSTRIAL S.A.B. DE C.V.,manufacturaindustr.mx,Alejandro López,Chief Executive Officer (CEO),C_SUITE,EXECUTIVE,alópez@manufacturaindustr.mx,VERIFIED,85,+529116196280,2026-09-06T14:31:01.659878+00:00
General Commercial & Services,MANUFACTURA INDUSTRIAL S.A.B. DE C.V.,manufacturaindustr.mx,Alejandro Garza,Chief Executive Officer (CEO),C_SUITE,EXECUTIVE,agarza@manufacturaindustr.mx,VERIFIED,85,+524327585906,2026-09-06T14:31:01.659878+00:00
General Commercial & Services,MANUFACTURA INDUSTRIAL S.A.B. DE C.V.,manufacturaindustr.mx,Sofia González,Founder,FOUNDER,EXECUTIVE,sgonzález@manufacturaindustr.mx,VERIFIED,85,+528168477015,2026-09-06T14:31:01.659878+00:00
General Commercial & Services,MANUFACTURA INDUSTRIAL S.A.P.I. DE C.V.,manufacturaindustr.com,Sofia Castro,Chief Executive Officer (CEO),C_SUITE,EXECUTIVE,scastro@manufacturaindustr.com,VERIFIED,85,+528572808213,2026-09-06T14:31:01.659878+00:00
General Commercial & Services,MANUFACTURA INDUSTRIAL S.A.P.I. DE C.V.,manufacturaindustr.com,Eduardo Treviño,Chief Technology Officer (CTO),C_SUITE,ENGINEERING_IT,etreviño@manufacturaindustr.com,VERIFIED,85,+527368241296,2026-09-06T14:31:01.659878+00:00
General Commercial & Services,MANUFACTURA INDUSTRIAL S.A.P.I. DE C.V.,manufacturaindustr.com,Guillermo Villaseñor,Chief Operating Officer (COO),C_SUITE,OPERATIONS,gvillaseñor@manufacturaindustr.com,VERIFIED,85,+526723227913,2026-09-06T14:31:01.659878+00:00
General Commercial & Services,MANUFACTURA INDUSTRIAL S.A.S.,manufacturaindustr.com.mx,Rodrigo Alarcón,Chief Financial Officer (CFO),C_SUITE,FINANCE,ralarcón@manufacturaindustr.com.mx,VERIFIED,85,+525884907535,2026-09-06T14:31:01.659878+00:00
General Commercial & Services,INDUSTRIAS MODERNA S.C.,industriasmoderna.com,Javier Dominguez,Chief Human Resources Officer (CHRO),C_SUITE,HR_PEOPLE,jdominguez@industriasmoderna.com,VERIFIED,85,+523312611623,2026-09-06T14:31:01.659878+00:00
General Commercial & Services,INDUSTRIAS MODERNA S.A.S.,industriasmoderna8.com.mx,Roberto López,Chief Financial Officer (CFO),C_SUITE,FINANCE,rlópez@industriasmoderna8.com.mx,VERIFIED,85,+523365896233,2026-09-06T14:31:01.659878+00:00
General Commercial & Services,MANUFACTURA LATINOAMERICANA S.C.,manufacturalatinoa.com.mx,Guillermo González,Chief Human Resources Officer (CHRO),C_SUITE,HR_PEOPLE,ggonzález@manufacturalatinoa.com.mx,VERIFIED,85,+524645634143,2026-09-06T14:31:01.659878+00:00
General Commercial & Services,MANUFACTURA LATINOAMERICANA S. DE R.L. DE C.V.,manufacturalatinoa.mx,Roberto Hernández,Chief Executive Officer (CEO),C_SUITE,EXECUTIVE,rhernández@manufacturalatinoa.mx,VERIFIED,85,+528846931355,2026-09-06T14:31:01.659878+00:00
General Commercial & Services,INNOVACION DE LAS AMERICAS 28 S.C.,innovaciondelasame.com,David Villaseñor,Founder,FOUNDER,EXECUTIVE,dvillaseñor@innovaciondelasame.com,VERIFIED,85,+529919906226,2026-09-06T14:31:01.659878+00:00
General Commercial & Services,INNOVACION DE LAS AMERICAS 28 S.C.,innovaciondelasame.com,Carlos Martínez,Chief Executive Officer (CEO),C_SUITE,EXECUTIVE,cmartínez@innovaciondelasame.com,VERIFIED,85,+529772048973,2026-09-06T14:31:01.659878+00:00
General Commercial & Services,INNOVACION DE LAS AMERICAS 28 S.C.,innovaciondelasame.com,Carlos Benítez,Founder,FOUNDER,EXECUTIVE,cbenítez@innovaciondelasame.com,VERIFIED,85,+526011028095,2026-09-06T14:31:01.659878+00:00
General Commercial & Services,INNOVACION DE LAS AMERICAS 28 S.C.,innovaciondelasame.com,Sofia Treviño,Chief Executive Officer (CEO),C_SUITE,EXECUTIVE,streviño@innovaciondelasame.com,VERIFIED,85,+529596772543,2026-09-06T14:31:01.659878+00:00
General Commercial & Services,INNOVACION DE OCCIDENTE S.A.S.,innovaciondeoccide.com.mx,David Treviño,Chief Executive Officer (CEO),C_SUITE,EXECUTIVE,dtreviño@innovaciondeoccide.com.mx,VERIFIED,85,+528835737487,2026-09-06T14:31:01.659878+00:00
General Commercial & Services,INNOVACION DE OCCIDENTE S.A.S.,innovaciondeoccide.com.mx,Luis Navarro,Chief Executive Officer (CEO),C_SUITE,EXECUTIVE,lnavarro@innovaciondeoccide.com.mx,VERIFIED,85,+529987283086,2026-09-06T14:31:01.659878+00:00
General Commercial & Services,INNOVACION DE OCCIDENTE S.A.S.,innovaciondeoccide.com.mx,Adriana Dominguez,Founder,FOUNDER,EXECUTIVE,adominguez@innovaciondeoccide.com.mx,VERIFIED,85,+525735501198,2026-09-06T14:31:01.659878+00:00
General Commercial & Services,INNOVACION DE OCCIDENTE S.A.S.,innovaciondeoccide.com.mx,Fernando Alarcón,Chief Executive Officer (CEO),C_SUITE,EXECUTIVE,falarcón@innovaciondeoccide.com.mx,VERIFIED,85,+525264249968,2026-09-06T14:31:01.659878+00:00
General Commercial & Services,INNOVACION DE OCCIDENTE S. DE R.L. DE C.V.,innovaciondeoccide.com,Patricia Salinas,Chief Financial Officer (CFO),C_SUITE,FINANCE,psalinas@innovaciondeoccide.com,VERIFIED,85,+525493310077,2026-09-06T14:31:01.659878+00:00
General Commercial & Services,INNOVACION DE LAS AMERICAS 55 S.A.P.I. DE C.V.,innovaciondelasame.mx,Patricia Castro,Chief Financial Officer (CFO),C_SUITE,FINANCE,pcastro@innovaciondelasame.mx,VERIFIED,85,+526752599536,2026-09-06T14:31:01.659878+00:00
General Commercial & Services,INNOVACION DE OCCIDENTE S.A.P.I. DE C.V.,innovaciondeoccide.mx,Guillermo Salinas,Chief Operating Officer (COO),C_SUITE,OPERATIONS,gsalinas@innovaciondeoccide.mx,VERIFIED,85,+526277202237,2026-09-06T14:31:01.659878+00:00
General Commercial & Services,INDUSTRIAS MEXICANA S.A.B. DE C.V.,industriasmexicana.com.mx,Gabriel Navarro,Chief Technology Officer (CTO),C_SUITE,ENGINEERING_IT,gnavarro@industriasmexicana.com.mx,VERIFIED,85,+525498707108,2026-09-06T14:31:01.659878+00:00
General Commercial & Services,INDUSTRIAS MEXICANA S.A.B. DE C.V.,industriasmexicana.com.mx,Hector Ruiz,Chief Human Resources Officer (CHRO),C_SUITE,HR_PEOPLE,hruiz@industriasmexicana.com,VERIFIED,85,+526245987208,2026-09-06T14:31:01.659878+00:00
General Commercial & Services,INDUSTRIAS MEXICANA S.A.B. DE C.V.,industriasmexicana.com.mx,Hector Hernández,Chief Revenue Officer (CRO),C_SUITE,SALES_MARKETING,hhernández@industriasmexicana.com.mx,VERIFIED,85,+525051421457,2026-09-06T14:31:01.659878+00:00
General Commercial & Services,INDUSTRIAS INTEGRAL S.A.P.I. DE C.V.,industriasintegral.mx,David Garza,Chief Financial Officer (CFO),C_SUITE,FINANCE,dgarza@industriasintegral.mx,VERIFIED,85,+524788991683,2026-09-06T14:31:01.659878+00:00
General Commercial & Services,INDUSTRIAS INTEGRAL S.A.P.I. DE C.V.,industriasintegral.mx,Andrea Martínez,Chief Executive Officer (CEO),C_SUITE,EXECUTIVE,amartínez@industriasintegral.mx,VERIFIED,85,+528630252681,2026-09-06T14:31:01.659878+00:00
General Commercial & Services,INDUSTRIAS INTEGRAL S.A.P.I. DE C.V.,industriasintegral.mx,Andrea Benítez,Chief Technology Officer (CTO),C_SUITE,ENGINEERING_IT,abenítez@industriasintegral.mx,VERIFIED,85,+526833661725,2026-09-06T14:31:01.659878+00:00
General Commercial & Services,INDUSTRIAS EMPRESARIAL S. DE R.L. DE C.V.,industriasempresar.com,Jorge Benítez,Chief Human Resources Officer (CHRO),C_SUITE,HR_PEOPLE,jbenítez@industriasempresar.com,VERIFIED,85,+524819490512,2026-09-06T14:31:01.659878+00:00
General Commercial & Services,INDUSTRIAS EMPRESARIAL S. DE R.L. DE C.V.,industriasempresar.mx,Roberto López,Chief Operating Officer (COO),C_SUITE,OPERATIONS,rlópez@industriasempresar.mx,VERIFIED,85,+524668652735,2026-09-06T14:31:01.659878+00:00
General Commercial & Services,INNOVACION ESPECIALIZADA S.A.S.,innovacionespecial.com,Eduardo Alarcón,Chief Executive Officer (CEO),C_SUITE,EXECUTIVE,ealarcón@innovacionespecial.com,VERIFIED,85,+529999496188,2026-09-06T14:31:01.659878+00:00
General Commercial & Services,INNOVACION ESPECIALIZADA S.A.S.,innovacionespecial.com,Daniel Salinas,Chief Revenue Officer (CRO),C_SUITE,SALES_MARKETING,dsalinas@innovacionespecial.com,VERIFIED,85,+525786918551,2026-09-06T14:31:01.659878+00:00
General Commercial & Services,INNOVACION ESPECIALIZADA S. DE R.L. DE C.V.,innovacionespecial.mx,Hector Morales,Chief Technology Officer (CTO),C_SUITE,ENGINEERING_IT,hmorales@innovacionespecial.mx,VERIFIED,85,+526621077762,2026-09-06T14:31:01.659878+00:00
General Commercial & Services,INNOVACION ESPECIALIZADA S. DE R.L. DE C.V.,innovacionespecial.mx,Sofia Garza,Chief Operating Officer (COO),C_SUITE,OPERATIONS,sgarza@innovacionespecial.mx,VERIFIED,85,+524755391281,2026-09-06T14:31:01.659878+00:00
General Commercial & Services,INNOVACION ESPECIALIZADA S. DE R.L. DE C.V.,innovacionespecial.mx,Adriana Alarcón,Chief Executive Officer (CEO),C_SUITE,EXECUTIVE,aalarcón@innovacionespecial.com.mx,VERIFIED,85,+529347418125,2026-09-06T14:31:01.659878+00:00
General Commercial & Services,INNOVACION ESPECIALIZADA S. DE R.L. DE C.V.,innovacionespecial.mx,Miguel Garza,Chief Financial Officer (CFO),C_SUITE,FINANCE,mgarza@innovacionespecial.com.mx,VERIFIED,85,+525078894887,2026-09-06T14:31:01.659878+00:00
General Commercial & Services,INNOVACION DEL NORTE 55 S.A. DE C.V.,innovaciondelnorte.mx,Javier Benítez,Founder,FOUNDER,EXECUTIVE,jbenítez@innovaciondelnorte.mx,VERIFIED,85,+528567409411,2026-09-06T14:31:01.659878+00:00
General Commercial & Services,INNOVACION DEL NORTE 55 S.A. DE C.V.,innovaciondelnorte.mx,Mariana Dominguez,Chief Revenue Officer (CRO),C_SUITE,SALES_MARKETING,mdominguez@innovaciondelnorte.mx,VERIFIED,85,+527084949048,2026-09-06T14:31:01.659878+00:00
General Commercial & Services,INNOVACION DEL NORTE 55 S.A. DE C.V.,innovaciondelnorte.mx,Carlos Hernández,Founder,FOUNDER,EXECUTIVE,chernández@innovaciondelnorte.mx,VERIFIED,85,+528086831610,2026-09-06T14:31:01.659878+00:00
General Commercial & Services,INNOVACION DEL BAJIO S.A. DE C.V.,innovaciondelbajio.com.mx,Rodrigo Morales,Chief Executive Officer (CEO),C_SUITE,EXECUTIVE,rmorales@innovaciondelbajio.com.mx,VERIFIED,85,+528141390168,2026-09-06T14:31:01.659878+00:00
General Commercial & Services,INNOVACION DEL PACIFICO S. DE R.L. DE C.V.,innovaciondelpacif.com,Roberto Navarro,Chief Executive Officer (CEO),C_SUITE,EXECUTIVE,rnavarro@innovaciondelpacif.com,VERIFIED,85,+529155473858,2026-09-06T14:31:01.659878+00:00
General Commercial & Services,INNOVACION DEL PACIFICO S. DE R.L. DE C.V.,innovaciondelpacif.com,Javier Villaseñor,Chief Executive Officer (CEO),C_SUITE,EXECUTIVE,jvillaseñor@innovaciondelpacif.mx,VERIFIED,85,+524936693434,2026-09-06T14:31:01.659878+00:00
General Commercial & Services,INNOVACION DEL PACIFICO S. DE R.L. DE C.V.,innovaciondelpacif.com,Sofia Castro,Chief Financial Officer (CFO),C_SUITE,FINANCE,scastro@innovaciondelpacif.com,VERIFIED,85,+526715483264,2026-09-06T14:31:01.659878+00:00
General Commercial & Services,INNOVACION DEL PACIFICO S. DE R.L. DE C.V.,innovaciondelpacif.com,Jorge Benítez,Chief Operating Officer (COO),C_SUITE,OPERATIONS,jbenítez@innovaciondelpacif.com,VERIFIED,85,+524395038805,2026-09-06T14:31:01.659878+00:00
General Commercial & Services,INNOVACION DEL NORTE 3 S. DE R.L. DE C.V.,innovaciondelnorte.com,Roberto Navarro,Chief Technology Officer (CTO),C_SUITE,ENGINEERING_IT,rnavarro@innovaciondelnorte.com,VERIFIED,85,+524913564366,2026-09-06T14:31:01.659878+00:00
General Commercial & Services,INNOVACION DEL NORTE 3 S. DE R.L. DE C.V.,innovaciondelnorte.com,Alejandro Mendoza,Chief Executive Officer (CEO),C_SUITE,EXECUTIVE,amendoza@innovaciondelnorte.com,VERIFIED,85,+527058627018,2026-09-06T14:31:01.659878+00:00
General Commercial & Services,INNOVACION DEL CENTRO 62 S.A. DE C.V.,innovaciondelcentr.com.mx,Adriana Castro,Chief Executive Officer (CEO),C_SUITE,EXECUTIVE,acastro@innovaciondelcentr.com.mx,VERIFIED,85,+525029795274,2026-09-06T14:31:01.659878+00:00
General Commercial & Services,INNOVACION DEL CENTRO 62 S.A. DE C.V.,innovaciondelcentr.com.mx,Gabriel Vega,Chief Financial Officer (CFO),C_SUITE,FINANCE,gvega@innovaciondelcentr.com.mx,VERIFIED,85,+524868024482,2026-09-06T14:31:01.659878+00:00
General Commercial & Services,INNOVACION DEL BAJIO S.A.B. DE C.V.,innovaciondelbajio.com,Gabriel Valenzuela,Founder,FOUNDER,EXECUTIVE,gvalenzuela@innovaciondelbajio.com,VERIFIED,85,+529030920481,2026-09-06T14:31:01.659878+00:00
General Commercial & Services,INNOVACION DEL BAJIO S.A.B. DE C.V.,innovaciondelbajio.com,Alejandro Martínez,Founder,FOUNDER,EXECUTIVE,amartínez@innovaciondelbajio.com,VERIFIED,85,+528399037876,2026-09-06T14:31:01.659878+00:00
General Commercial & Services,INNOVACION DEL NORTE S.A.P.I. DE C.V.,innovaciondelnorte.com.mx,Luis González,Chief Executive Officer (CEO),C_SUITE,EXECUTIVE,lgonzález@innovaciondelnorte.com.mx,VERIFIED,85,+528620486033,2026-09-06T14:31:01.659878+00:00
General Commercial & Services,INNOVACION DEL PACIFICO S.A. DE C.V.,innovaciondelpacif.mx,Gabriel Martínez,Chief Technology Officer (CTO),C_SUITE,ENGINEERING_IT,gmartínez@innovaciondelpacif.mx,VERIFIED,85,+529515470016,2026-09-06T14:31:01.659878+00:00
General Commercial & Services,INNOVACION DEL BAJIO S.A.S.,innovaciondelbajio.mx,David Ruiz,Chief Executive Officer (CEO),C_SUITE,EXECUTIVE,druiz@innovaciondelbajio.mx,VERIFIED,85,+527451564703,2026-09-06T14:31:01.659878+00:00
General Commercial & Services,INNOVACION EMPRESARIAL S.C.,innovacionempresar.mx,Guillermo Castro,Chief Revenue Officer (CRO),C_SUITE,SALES_MARKETING,gcastro@innovacionempresar.mx,VERIFIED,85,+529328605551,2026-09-06T14:31:01.659878+00:00
General Commercial & Services,INNOVACION NACIONAL S. DE R.L. DE C.V.,innovacionnacional.com.mx,Fernando Castro,Chief Financial Officer (CFO),C_SUITE,FINANCE,fcastro@innovacionnacional.com.mx,VERIFIED,85,+523361673077,2026-09-06T14:31:01.659878+00:00
General Commercial & Services,INDUSTRIAS AVANZADA S.A. DE C.V.,industriasavanzada.mx,Mariana García,Founder,FOUNDER,EXECUTIVE,mgarcía@industriasavanzada.mx,VERIFIED,85,+527226458450,2026-09-06T14:31:01.659878+00:00
General Commercial & Services,INDUSTRIAS AVANZADA S.A. DE C.V.,industriasavanzada.mx,Rodrigo González,Chief Operating Officer (COO),C_SUITE,OPERATIONS,rgonzález@industriasavanzada.mx,VERIFIED,85,+528649824084,2026-09-06T14:31:01.659878+00:00
General Commercial & Services,INDUSTRIAS AVANZADA S.A.B. DE C.V.,industriasavanzada.com,Sofia Treviño,Chief Operating Officer (COO),C_SUITE,OPERATIONS,streviño@industriasavanzada.com,VERIFIED,85,+525721529357,2026-09-06T14:31:01.659878+00:00
General Commercial & Services,INNOVACION AVANZADA S.A. DE C.V.,innovacionavanzada.com,Javier Salinas,Chief Human Resources Officer (CHRO),C_SUITE,HR_PEOPLE,jsalinas@innovacionavanzada.com,VERIFIED,85,+525519037132,2026-09-06T14:31:01.659878+00:00
General Commercial & Services,INNOVACION AVANZADA S.A. DE C.V.,innovacionavanzada.com,Claudia Benítez,Chief Revenue Officer (CRO),C_SUITE,SALES_MARKETING,cbenítez@innovacionavanzada.com,VERIFIED,85,+525549735114,2026-09-06T14:31:01.659878+00:00
General Commercial & Services,INNOVACION AVANZADA S.A. DE C.V.,innovacionavanzada.com,Luis Valenzuela,Chief Human Resources Officer (CHRO),C_SUITE,HR_PEOPLE,lvalenzuela@innovacionavanzada.com,VERIFIED,85,+525542016204,2026-09-06T14:31:01.659878+00:00
General Commercial & Services,INDUSTRIAS LATINOAMERICANA S.A.B. DE C.V.,industriaslatinoam.com,David Salinas,Chief Technology Officer (CTO),C_SUITE,ENGINEERING_IT,dsalinas@industriaslatinoam.com,VERIFIED,85,+525020816895,2026-09-06T14:31:01.659878+00:00
General Commercial & Services,INDUSTRIAS LATINOAMERICANA S.A.B. DE C.V.,industriaslatinoam.com,Daniel Morales,Chief Executive Officer (CEO),C_SUITE,EXECUTIVE,dmorales@industriaslatinoam.com,VERIFIED,85,+525447631016,2026-09-06T14:31:01.659878+00:00
General Commercial & Services,INDUSTRIAS LATINOAMERICANA 10 S.A.S.,industriaslatinoam.mx,Alejandro Navarro,Chief Human Resources Officer (CHRO),C_SUITE,HR_PEOPLE,anavarro@industriaslatinoam.mx,VERIFIED,85,+526488216009,2026-09-06T14:31:01.659878+00:00
General Commercial & Services,INDUSTRIAS LATINOAMERICANA 10 S.A.S.,industriaslatinoam.mx,Daniel Valenzuela,Chief Human Resources Officer (CHRO),C_SUITE,HR_PEOPLE,dvalenzuela@industriaslatinoam.mx,VERIFIED,85,+529633966087,2026-09-06T14:31:01.659878+00:00
General Commercial & Services,INDUSTRIAS LATINOAMERICANA 10 S.A.S.,industriaslatinoam.mx,Luis Alarcón,Chief Technology Officer (CTO),C_SUITE,ENGINEERING_IT,lalarcón@industriaslatinoam.mx,VERIFIED,85,+527231989077,2026-09-06T14:31:01.659878+00:00
General Commercial & Services,INDUSTRIAS LATINOAMERICANA S.A.B. DE C.V.,industriaslatinoam.com.mx,Fernando Treviño,Chief Technology Officer (CTO),C_SUITE,ENGINEERING_IT,ftreviño@industriaslatinoam.com.mx,VERIFIED,85,+529243400788,2026-09-06T14:31:01.659878+00:00
General Commercial & Services,INNOVACION MEXICANA S.A.B. DE C.V.,innovacionmexicana.com.mx,Fernando Martínez,Founder,FOUNDER,EXECUTIVE,fmartínez@innovacionmexicana.com.mx,VERIFIED,85,+528022080502,2026-09-06T14:31:01.659878+00:00
General Commercial & Services,INNOVACION MEXICANA S.A.B. DE C.V.,innovacionmexicana.com.mx,Alejandro Vega,Chief Human Resources Officer (CHRO),C_SUITE,HR_PEOPLE,avega@innovacionmexicana.mx,VERIFIED,85,+527124291119,2026-09-06T14:31:01.659878+00:00
General Commercial & Services,INNOVACION MEXICANA S.A.B. DE C.V.,innovacionmexicana.com.mx,Roberto García,Chief Revenue Officer (CRO),C_SUITE,SALES_MARKETING,rgarcía@innovacionmexicana.com.mx,VERIFIED,85,+525725255410,2026-09-06T14:31:01.659878+00:00
General Commercial & Services,INNOVACION MEXICANA S.A.S.,innovacionmexicana.com,Claudia García,Chief Technology Officer (CTO),C_SUITE,ENGINEERING_IT,cgarcía@innovacionmexicana.com,VERIFIED,85,+525194207855,2026-09-06T14:31:01.659878+00:00
General Commercial & Services,INNOVACION DINAMICA S.A.P.I. DE C.V.,innovaciondinamica.mx,Adriana Hernández,Chief Financial Officer (CFO),C_SUITE,FINANCE,ahernández@innovaciondinamica.mx,VERIFIED,85,+528818990903,2026-09-06T14:31:01.659878+00:00
General Commercial & Services,INNOVACION DINAMICA S.A.P.I. DE C.V.,innovaciondinamica.mx,Jorge Alarcón,Chief Revenue Officer (CRO),C_SUITE,SALES_MARKETING,jalarcón@innovaciondinamica.mx,VERIFIED,85,+528965697187,2026-09-06T14:31:01.659878+00:00
General Commercial & Services,INDUSTRIAS DEL BAJIO S.A.B. DE C.V.,industriasdelbajio.mx,Alejandro Castro,Chief Financial Officer (CFO),C_SUITE,FINANCE,acastro@industriasdelbajio.mx,VERIFIED,85,+526067824651,2026-09-06T14:31:01.659878+00:00
General Commercial & Services,INDUSTRIAS DEL PACIFICO S. DE R.L. DE C.V.,industriasdelpacif.com,Gabriel Mendoza,Chief Human Resources Officer (CHRO),C_SUITE,HR_PEOPLE,gmendoza@industriasdelpacif.com,VERIFIED,85,+527377452684,2026-09-06T14:31:01.659878+00:00
General Commercial & Services,INDUSTRIAS DEL PACIFICO S.A.S.,industriasdelpacif.mx,Patricia Martínez,Founder,FOUNDER,EXECUTIVE,pmartínez@industriasdelpacif.mx,VERIFIED,85,+528971760064,2026-09-06T14:31:01.659878+00:00
General Commercial & Services,INDUSTRIAS DEL CENTRO S. DE R.L. DE C.V.,industriasdelcentr.com,Fernando Morales,Founder,FOUNDER,EXECUTIVE,fmorales@industriasdelcentr.com,VERIFIED,85,+525837537745,2026-09-06T14:31:01.659878+00:00
General Commercial & Services,INDUSTRIAS DEL CENTRO S. DE R.L. DE C.V.,industriasdelcentr.com,Javier González,Chief Operating Officer (COO),C_SUITE,OPERATIONS,jgonzález@industriasdelcentr.com,VERIFIED,85,+525331170573,2026-09-06T14:31:01.659878+00:00
General Commercial & Services,INDUSTRIAS DEL BAJIO S.C.,industriasdelbajio.com,Patricia Navarro,Chief Operating Officer (COO),C_SUITE,OPERATIONS,pnavarro@industriasdelbajio.com,VERIFIED,85,+525957694624,2026-09-06T14:31:01.659878+00:00
General Commercial & Services,INDUSTRIAS DEL CENTRO S.A.B. DE C.V.,industriasdelcentr.com.mx,Carlos Castro,Chief Financial Officer (CFO),C_SUITE,FINANCE,ccastro@industriasdelcentr.com.mx,VERIFIED,85,+526411143678,2026-09-06T14:31:01.659878+00:00
General Commercial & Services,INDUSTRIAS DEL NORTE 32 S.A. DE C.V.,industriasdelnorte.mx,Patricia Mendoza,Chief Financial Officer (CFO),C_SUITE,FINANCE,pmendoza@industriasdelnorte.mx,VERIFIED,85,+525546931987,2026-09-06T14:31:01.659878+00:00
General Commercial & Services,INNOVACION DINAMICA S. DE R.L. DE C.V.,innovaciondinamica.com.mx,Sofia Salinas,Chief Executive Officer (CEO),C_SUITE,EXECUTIVE,ssalinas@innovaciondinamica.com.mx,VERIFIED,85,+524066439501,2026-09-06T14:31:01.659878+00:00
General Commercial & Services,INNOVACION DINAMICA S. DE R.L. DE C.V.,innovaciondinamica.com.mx,Eduardo Castro,Chief Technology Officer (CTO),C_SUITE,ENGINEERING_IT,ecastro@innovaciondinamica.com.mx,VERIFIED,85,+525714814921,2026-09-06T14:31:01.659878+00:00
General Commercial & Services,INNOVACION DINAMICA S. DE R.L. DE C.V.,innovaciondinamica.mx,Roberto Alarcón,Chief Executive Officer (CEO),C_SUITE,EXECUTIVE,ralarcón@innovaciondinamica.mx,VERIFIED,85,+525440511479,2026-09-06T14:31:01.659878+00:00
General Commercial & Services,INNOVACION MEXICANA 87 S.A.B. DE C.V.,innovacionmexicana.com,Alejandro Benítez,Chief Revenue Officer (CRO),C_SUITE,SALES_MARKETING,abenítez@innovacionmexicana.com,VERIFIED,85,+526691995952,2026-09-06T14:31:01.659878+00:00
General Commercial & Services,INNOVACION MEXICANA 87 S.A.B. DE C.V.,innovacionmexicana.com,Claudia Alarcón,Chief Executive Officer (CEO),C_SUITE,EXECUTIVE,calarcón@innovacionmexicana.com,VERIFIED,85,+524348495124,2026-09-06T14:31:01.659878+00:00
General Commercial & Services,INNOVACION MEXICANA 87 S.A.B. DE C.V.,innovacionmexicana.com,Rodrigo Navarro,Chief Human Resources Officer (CHRO),C_SUITE,HR_PEOPLE,rnavarro@innovacionmexicana.com,VERIFIED,85,+524653188026,2026-09-06T14:31:01.659878+00:00
General Commercial & Services,INNOVACION MEXICANA S.A. DE C.V.,innovacionmexicana.com.mx,Daniel Garza,Founder,FOUNDER,EXECUTIVE,dgarza@innovacionmexicana.com.mx,VERIFIED,85,+528351873654,2026-09-06T14:31:01.659878+00:00
General Commercial & Services,INNOVACION LATINOAMERICANA S.A. DE C.V.,innovacionlatinoam.mx,Jorge García,Chief Revenue Officer (CRO),C_SUITE,SALES_MARKETING,jgarcía@innovacionlatinoam.mx,VERIFIED,85,+527390906464,2026-09-06T14:31:01.659878+00:00
General Commercial & Services,INNOVACION LATINOAMERICANA S.A. DE C.V.,innovacionlatinoam.mx,Miguel Mendoza,Chief Executive Officer (CEO),C_SUITE,EXECUTIVE,mmendoza@innovacionlatinoam.mx,VERIFIED,85,+527823222706,2026-09-06T14:31:01.659878+00:00
General Commercial & Services,INNOVACION LATINOAMERICANA S.A. DE C.V.,innovacionlatinoam.mx,Andrea Dominguez,Chief Financial Officer (CFO),C_SUITE,FINANCE,adominguez@innovacionlatinoam.mx,VERIFIED,85,+525254308804,2026-09-06T14:31:01.659878+00:00
General Commercial & Services,INNOVACION LATINOAMERICANA S.A. DE C.V.,innovacionlatinoam.mx,Eduardo Vega,Founder,FOUNDER,EXECUTIVE,evega@innovacionlatinoam.mx,VERIFIED,85,+526333474344,2026-09-06T14:31:01.659878+00:00
General Commercial & Services,INNOVACION LATINOAMERICANA 91 S. DE R.L. DE C.V.,innovacionlatinoam.com,Claudia Garza,Chief Revenue Officer (CRO),C_SUITE,SALES_MARKETING,cgarza@innovacionlatinoam.com,VERIFIED,85,+524119375921,2026-09-06T14:31:01.659878+00:00
General Commercial & Services,MANUFACTURA EMPRESARIAL S. DE R.L. DE C.V.,manufacturaempresa.mx,Sofia Martínez,Founder,FOUNDER,EXECUTIVE,smartínez@manufacturaempresa.mx,VERIFIED,85,+525969287369,2026-09-06T14:31:01.659878+00:00
General Commercial & Services,MANUFACTURA EMPRESARIAL S. DE R.L. DE C.V.,manufacturaempresa.mx,Daniel Martínez,Chief Human Resources Officer (CHRO),C_SUITE,HR_PEOPLE,dmartínez@manufacturaempresa.mx,VERIFIED,85,+525473834202,2026-09-06T14:31:01.659878+00:00
General Commercial & Services,MANUFACTURA EMPRESARIAL S.A.B. DE C.V.,manufacturaempresa.com.mx,Sofia Alarcón,Chief Revenue Officer (CRO),C_SUITE,SALES_MARKETING,salarcón@manufacturaempresa.com.mx,VERIFIED,85,+525434097687,2026-09-06T14:31:01.659878+00:00
General Commercial & Services,MANUFACTURA DE LAS AMERICAS S.A. DE C.V.,manufacturadelasam.com.mx,Mariana Salinas,Chief Executive Officer (CEO),C_SUITE,EXECUTIVE,msalinas@manufacturadelasam.com.mx,VERIFIED,85,+529258486817,2026-09-06T14:31:01.659878+00:00
General Commercial & Services,MANUFACTURA DE LAS AMERICAS S.A. DE C.V.,manufacturadelasam.com.mx,Carlos Hernández,Chief Executive Officer (CEO),C_SUITE,EXECUTIVE,chernández@manufacturadelasam.mx,VERIFIED,85,+529364923791,2026-09-06T14:31:01.659878+00:00
General Commercial & Services,MANUFACTURA DE LAS AMERICAS S.A. DE C.V.,manufacturadelasam.com.mx,Carlos García,Chief Operating Officer (COO),C_SUITE,OPERATIONS,cgarcía@manufacturadelasam.com.mx,VERIFIED,85,+529956749144,2026-09-06T14:31:01.659878+00:00
General Commercial & Services,MANUFACTURA DE LAS AMERICAS S.C.,manufacturadelasam.com,Miguel Morales,Chief Operating Officer (COO),C_SUITE,OPERATIONS,mmorales@manufacturadelasam.com,VERIFIED,85,+524565674271,2026-09-06T14:31:01.659878+00:00
General Commercial & Services,MANUFACTURA DE LAS AMERICAS S.C.,manufacturadelasam.com,Luis Castro,Founder,FOUNDER,EXECUTIVE,lcastro@manufacturadelasam.com,VERIFIED,85,+526598781147,2026-09-06T14:31:01.659878+00:00
General Commercial & Services,MANUFACTURA DE OCCIDENTE S. DE R.L. DE C.V.,manufacturadeoccid.com.mx,Eduardo González,Chief Revenue Officer (CRO),C_SUITE,SALES_MARKETING,egonzález@manufacturadeoccid.com.mx,VERIFIED,85,+529185782297,2026-09-06T14:31:01.659878+00:00
General Commercial & Services,MANUFACTURA DE OCCIDENTE S. DE R.L. DE C.V.,manufacturadeoccid.com.mx,Gabriel Garza,Chief Financial Officer (CFO),C_SUITE,FINANCE,ggarza@manufacturadeoccid.com,VERIFIED,85,+524762355079,2026-09-06T14:31:01.659878+00:00
General Commercial & Services,MANUFACTURA DE OCCIDENTE S. DE R.L. DE C.V.,manufacturadeoccid.com.mx,Miguel González,Chief Executive Officer (CEO),C_SUITE,EXECUTIVE,mgonzález@manufacturadeoccid.com.mx,VERIFIED,85,+525028068708,2026-09-06T14:31:01.659878+00:00
General Commercial & Services,MANUFACTURA DE LAS AMERICAS S.C.,manufacturadelasam.mx,Miguel Dominguez,Chief Operating Officer (COO),C_SUITE,OPERATIONS,mdominguez@manufacturadelasam.mx,VERIFIED,85,+527045186581,2026-09-06T14:31:01.659878+00:00
General Commercial & Services,INDUSTRIAS DE LAS AMERICAS S. DE R.L. DE C.V.,industriasdelasame.mx,Jorge Ruiz,Chief Technology Officer (CTO),C_SUITE,ENGINEERING_IT,jruiz@industriasdelasame.mx,VERIFIED,85,+523394438707,2026-09-06T14:31:01.659878+00:00
General Commercial & Services,INDUSTRIAS DE LAS AMERICAS S. DE R.L. DE C.V.,industriasdelasame.mx,Guillermo López,Chief Financial Officer (CFO),C_SUITE,FINANCE,glópez@industriasdelasame.mx,VERIFIED,85,+523318031033,2026-09-06T14:31:01.659878+00:00
General Commercial & Services,INDUSTRIAS DE LAS AMERICAS S.C.,industriasdelasame.com,Luis Villaseñor,Chief Executive Officer (CEO),C_SUITE,EXECUTIVE,lvillaseñor@industriasdelasame.com,VERIFIED,85,+523396227875,2026-09-06T14:31:01.659878+00:00
General Commercial & Services,INDUSTRIAS DE LAS AMERICAS S.C.,industriasdelasame.com,Javier Morales,Chief Technology Officer (CTO),C_SUITE,ENGINEERING_IT,jmorales@industriasdelasame.com,VERIFIED,85,+523376704085,2026-09-06T14:31:01.659878+00:00
General Commercial & Services,INDUSTRIAS DE LAS AMERICAS S.C.,industriasdelasame.com,Alejandro Ruiz,Chief Technology Officer (CTO),C_SUITE,ENGINEERING_IT,aruiz@industriasdelasame.com,VERIFIED,85,+523333244175,2026-09-06T14:31:01.659878+00:00
General Commercial & Services,INDUSTRIAS DE OCCIDENTE S.C.,industriasdeoccide.com,Hector Treviño,Chief Technology Officer (CTO),C_SUITE,ENGINEERING_IT,htreviño@industriasdeoccide.com,VERIFIED,85,+523318357863,2026-09-06T14:31:01.659878+00:00
General Commercial & Services,INDUSTRIAS DE OCCIDENTE S.C.,industriasdeoccide.com,Fernando Valenzuela,Founder,FOUNDER,EXECUTIVE,fvalenzuela@industriasdeoccide.com,VERIFIED,85,+523313448817,2026-09-06T14:31:01.659878+00:00
General Commercial & Services,INDUSTRIAS DE OCCIDENTE S. DE R.L. DE C.V.,industriasdeoccide.mx,Guillermo Vega,Chief Operating Officer (COO),C_SUITE,OPERATIONS,gvega@industriasdeoccide.mx,VERIFIED,85,+523355311128,2026-09-06T14:31:01.659878+00:00
General Commercial & Services,INDUSTRIAS DE OCCIDENTE S. DE R.L. DE C.V.,industriasdeoccide.mx,Jorge Valenzuela,Chief Executive Officer (CEO),C_SUITE,EXECUTIVE,jvalenzuela@industriasdeoccide.com.mx,VERIFIED,85,+523374794863,2026-09-06T14:31:01.659878+00:00
General Commercial & Services,INNOVACION MODERNA S.A.B. DE C.V.,innovacionmoderna.com.mx,Gabriel González,Chief Revenue Officer (CRO),C_SUITE,SALES_MARKETING,ggonzález@innovacionmoderna.com.mx,VERIFIED,85,+526582100327,2026-09-06T14:31:01.659878+00:00
General Commercial & Services,INNOVACION MODERNA S.A.B. DE C.V.,innovacionmoderna.com.mx,Mariana Hernández,Founder,FOUNDER,EXECUTIVE,mhernández@innovacionmoderna.com.mx,VERIFIED,85,+524880803523,2026-09-06T14:31:01.659878+00:00
General Commercial & Services,INNOVACION MODERNA S.A.B. DE C.V.,innovacionmoderna.com.mx,Daniel López,Chief Human Resources Officer (CHRO),C_SUITE,HR_PEOPLE,dlópez@innovacionmoderna.com.mx,VERIFIED,85,+524721444728,2026-09-06T14:31:01.659878+00:00
General Commercial & Services,INNOVACION MODERNA S. DE R.L. DE C.V.,innovacionmoderna2.mx,Claudia Valenzuela,Chief Executive Officer (CEO),C_SUITE,EXECUTIVE,cvalenzuela@innovacionmoderna2.mx,VERIFIED,85,+528612475466,2026-09-06T14:31:01.659878+00:00
General Commercial & Services,INDUSTRIAS CENTRAL S. DE R.L. DE C.V.,industriascentral9.com.mx,Alejandro Dominguez,Chief Financial Officer (CFO),C_SUITE,FINANCE,adominguez@industriascentral9.com.mx,VERIFIED,85,+528113061088,2026-09-06T14:31:01.659878+00:00
General Commercial & Services,MANUFACTURA EMPRESARIAL S.A.B. DE C.V.,manufacturaempresa.mx,Jorge Vega,Founder,FOUNDER,EXECUTIVE,jvega@manufacturaempresa.mx,VERIFIED,85,+528334866303,2026-09-06T14:31:01.659878+00:00
General Commercial & Services,MANUFACTURA EMPRESARIAL S.A.B. DE C.V.,manufacturaempresa.mx,David Garza,Chief Executive Officer (CEO),C_SUITE,EXECUTIVE,dgarza@manufacturaempresa.mx,VERIFIED,85,+524660166829,2026-09-06T14:31:01.659878+00:00
General Commercial & Services,MANUFACTURA AVANZADA S.C.,manufacturaavanzad.com.mx,Carlos Martínez,Chief Executive Officer (CEO),C_SUITE,EXECUTIVE,cmartínez@manufacturaavanzad.com.mx,VERIFIED,85,+526068084562,2026-09-06T14:31:01.659878+00:00
General Commercial & Services,MANUFACTURA AVANZADA S.C.,manufacturaavanzad.com.mx,Guillermo Salinas,Chief Financial Officer (CFO),C_SUITE,FINANCE,gsalinas@manufacturaavanzad.com.mx,VERIFIED,85,+524745217813,2026-09-06T14:31:01.659878+00:00
General Commercial & Services,MANUFACTURA AVANZADA S.A.S.,manufacturaavanzad.mx,Luis Vega,Chief Human Resources Officer (CHRO),C_SUITE,HR_PEOPLE,lvega@manufacturaavanzad.mx,VERIFIED,85,+527075338823,2026-09-06T14:31:01.659878+00:00
General Commercial & Services,INDUSTRIAS GLOBAL 54 S.C.,industriasglobal84.com,Alejandro Vega,Founder,FOUNDER,EXECUTIVE,avega@industriasglobal84.com,VERIFIED,85,+525698087227,2026-09-06T14:31:01.659878+00:00
General Commercial & Services,INDUSTRIAS GLOBAL S.C.,industriasglobal.mx,Adriana Salinas,Chief Financial Officer (CFO),C_SUITE,FINANCE,asalinas@industriasglobal.mx,VERIFIED,85,+526488294214,2026-09-06T14:31:01.659878+00:00
General Commercial & Services,INDUSTRIAS GLOBAL S.A.S.,industriasglobal97.com,Carlos Ruiz,Founder,FOUNDER,EXECUTIVE,cruiz@industriasglobal97.com,VERIFIED,85,+528941854678,2026-09-06T14:31:01.659878+00:00
General Commercial & Services,INDUSTRIAS GLOBAL S.A.P.I. DE C.V.,industriasglobal.com.mx,Mariana Mendoza,Chief Executive Officer (CEO),C_SUITE,EXECUTIVE,mmendoza@industriasglobal.com.mx,VERIFIED,85,+528655713067,2026-09-06T14:31:01.659878+00:00
General Commercial & Services,INDUSTRIAS GLOBAL S.A.S.,industriasglobal.com,Rodrigo Ruiz,Chief Executive Officer (CEO),C_SUITE,EXECUTIVE,rruiz@industriasglobal.com,VERIFIED,85,+526727331846,2026-09-06T14:31:01.659878+00:00
General Commercial & Services,INNOVACION ESPECIALIZADA S.C.,innovacionespecial.com.mx,Adriana Morales,Founder,FOUNDER,EXECUTIVE,amorales@innovacionespecial.com.mx,VERIFIED,85,+525156231079,2026-09-06T14:31:01.659878+00:00
General Commercial & Services,INNOVACION ESPECIALIZADA S.C.,innovacionespecial.com.mx,Alejandro Garza,Chief Human Resources Officer (CHRO),C_SUITE,HR_PEOPLE,agarza@innovacionespecial.com.mx,VERIFIED,85,+524041607130,2026-09-06T14:31:01.659878+00:00
General Commercial & Services,INNOVACION ESPECIALIZADA S.A.S.,innovacionespecial.com,Guillermo Morales,Chief Operating Officer (COO),C_SUITE,OPERATIONS,gmorales@innovacionespecial.com,VERIFIED,85,+526522365669,2026-09-06T14:31:01.659878+00:00
General Commercial & Services,INNOVACION ESPECIALIZADA S. DE R.L. DE C.V.,innovacionespecial.mx,David López,Chief Operating Officer (COO),C_SUITE,OPERATIONS,dlópez@innovacionespecial.mx,VERIFIED,85,+524665276218,2026-09-06T14:31:01.659878+00:00
General Commercial & Services,MANUFACTURA INTEGRAL S.A.S.,manufacturaintegra.com,Hector Salinas,Chief Revenue Officer (CRO),C_SUITE,SALES_MARKETING,hsalinas@manufacturaintegra.com,VERIFIED,85,+528021181702,2026-09-06T14:31:01.659878+00:00
General Commercial & Services,MANUFACTURA INTEGRAL S.A.S.,manufacturaintegra.com,Rodrigo Villaseñor,Chief Operating Officer (COO),C_SUITE,OPERATIONS,rvillaseñor@manufacturaintegra.com,VERIFIED,85,+529467304114,2026-09-06T14:31:01.659878+00:00
General Commercial & Services,MANUFACTURA INTEGRAL S.A.P.I. DE C.V.,manufacturaintegra.mx,Daniel Ruiz,Chief Executive Officer (CEO),C_SUITE,EXECUTIVE,druiz@manufacturaintegra.mx,VERIFIED,85,+525418967660,2026-09-06T14:31:01.659878+00:00
General Commercial & Services,MANUFACTURA INTEGRAL S.A.S.,manufacturaintegra.com.mx,Luis García,Chief Executive Officer (CEO),C_SUITE,EXECUTIVE,lgarcía@manufacturaintegra.com.mx,VERIFIED,85,+528032762210,2026-09-06T14:31:01.659878+00:00
General Commercial & Services,MANUFACTURA DEL PACIFICO 96 S. DE R.L. DE C.V.,manufacturadelpaci.com.mx,Roberto Castro,Chief Technology Officer (CTO),C_SUITE,ENGINEERING_IT,rcastro@manufacturadelpaci.com.mx,VERIFIED,85,+525520238106,2026-09-06T14:31:01.659878+00:00
General Commercial & Services,MANUFACTURA DEL PACIFICO 96 S. DE R.L. DE C.V.,manufacturadelpaci.com.mx,Adriana Dominguez,Chief Technology Officer (CTO),C_SUITE,ENGINEERING_IT,adominguez@manufacturadelpaci.com.mx,VERIFIED,85,+525535484503,2026-09-06T14:31:01.659878+00:00
General Commercial & Services,MANUFACTURA DEL PACIFICO 96 S. DE R.L. DE C.V.,manufacturadelpaci.com.mx,Roberto López,Chief Executive Officer (CEO),C_SUITE,EXECUTIVE,rlópez@manufacturadelpaci.com.mx,VERIFIED,85,+525572047966,2026-09-06T14:31:01.659878+00:00
General Commercial & Services,MANUFACTURA DEL PACIFICO S.A. DE C.V.,manufacturadelpaci.mx,Alejandro Martínez,Founder,FOUNDER,EXECUTIVE,amartínez@manufacturadelpaci.mx,VERIFIED,85,+525588100837,2026-09-06T14:31:01.659878+00:00
General Commercial & Services,MANUFACTURA DEL PACIFICO S.A. DE C.V.,manufacturadelpaci.mx,Adriana Navarro,Chief Technology Officer (CTO),C_SUITE,ENGINEERING_IT,anavarro@manufacturadelpaci.mx,VERIFIED,85,+525554371114,2026-09-06T14:31:01.659878+00:00
General Commercial & Services,MANUFACTURA DEL PACIFICO S.A. DE C.V.,manufacturadelpaci.mx,Fernando Martínez,Chief Technology Officer (CTO),C_SUITE,ENGINEERING_IT,fmartínez@manufacturadelpaci.mx,VERIFIED,85,+525568354541,2026-09-06T14:31:01.659878+00:00
General Commercial & Services,MANUFACTURA DEL CENTRO S.A.P.I. DE C.V.,manufacturadelcent.com,Jorge Treviño,Chief Operating Officer (COO),C_SUITE,OPERATIONS,jtreviño@manufacturadelcent.com,VERIFIED,85,+525550422929,2026-09-06T14:31:01.659878+00:00
General Commercial & Services,MANUFACTURA DEL PACIFICO S.A. DE C.V.,manufacturadelpaci.com,Roberto López,Chief Operating Officer (COO),C_SUITE,OPERATIONS,rlópez@manufacturadelpaci.com,VERIFIED,85,+525595243055,2026-09-06T14:31:01.659878+00:00
General Commercial & Services,MANUFACTURA DEL PACIFICO S.A. DE C.V.,manufacturadelpaci.com,Patricia Benítez,Founder,FOUNDER,EXECUTIVE,pbenítez@manufacturadelpaci.com,VERIFIED,85,+525590516195,2026-09-06T14:31:01.659878+00:00
General Commercial & Services,MANUFACTURA DEL BAJIO S.A.B. DE C.V.,manufacturadelbaji.com,David Dominguez,Chief Operating Officer (COO),C_SUITE,OPERATIONS,ddominguez@manufacturadelbaji.com,VERIFIED,85,+525569243476,2026-09-06T14:31:01.659878+00:00
General Commercial & Services,MANUFACTURA DEL BAJIO S.A.B. DE C.V.,manufacturadelbaji.com,Guillermo Salinas,Chief Operating Officer (COO),C_SUITE,OPERATIONS,gsalinas@manufacturadelbaji.mx,VERIFIED,85,+525538811874,2026-09-06T14:31:01.659878+00:00
General Commercial & Services,MANUFACTURA DEL NORTE S.A.S.,manufacturadelnort.com,Miguel Navarro,Chief Human Resources Officer (CHRO),C_SUITE,HR_PEOPLE,mnavarro@manufacturadelnort.com,VERIFIED,85,+525587020039,2026-09-06T14:31:01.659878+00:00
General Commercial & Services,MANUFACTURA DEL CENTRO S.A.S.,manufacturadelcent.com.mx,Javier López,Chief Revenue Officer (CRO),C_SUITE,SALES_MARKETING,jlópez@manufacturadelcent.com.mx,VERIFIED,85,+525566849293,2026-09-06T14:31:01.659878+00:00
General Commercial & Services,MANUFACTURA INTERNACIONAL S.C.,manufacturainterna.com.mx,Rodrigo Valenzuela,Chief Human Resources Officer (CHRO),C_SUITE,HR_PEOPLE,rvalenzuela@manufacturainterna.com.mx,VERIFIED,85,+527319627311,2026-09-06T14:31:01.659878+00:00
General Commercial & Services,MANUFACTURA INTERNACIONAL S.C.,manufacturainterna.com.mx,Carlos Ruiz,Chief Operating Officer (COO),C_SUITE,OPERATIONS,cruiz@manufacturainterna.com.mx,VERIFIED,85,+525949610459,2026-09-06T14:31:01.659878+00:00
General Commercial & Services,MANUFACTURA INTERNACIONAL S.C.,manufacturainterna.com.mx,Jorge Treviño,Chief Executive Officer (CEO),C_SUITE,EXECUTIVE,jtreviño@manufacturainterna.com.mx,VERIFIED,85,+524638541040,2026-09-06T14:31:01.659878+00:00
General Commercial & Services,MANUFACTURA INTERNACIONAL S.A.S.,manufacturainterna.mx,Claudia Salinas,Chief Financial Officer (CFO),C_SUITE,FINANCE,csalinas@manufacturainterna.mx,VERIFIED,85,+528850236976,2026-09-06T14:31:01.659878+00:00
General Commercial & Services,INDUSTRIAS NACIONAL S. DE R.L. DE C.V.,industriasnacional.com.mx,Eduardo Morales,Founder,FOUNDER,EXECUTIVE,emorales@industriasnacional.com.mx,VERIFIED,85,+526388751728,2026-09-06T14:31:01.659878+00:00
General Commercial & Services,INDUSTRIAS NACIONAL S. DE R.L. DE C.V.,industriasnacional.com.mx,Javier Ruiz,Chief Executive Officer (CEO),C_SUITE,EXECUTIVE,jruiz@industriasnacional.com,VERIFIED,85,+524155243675,2026-09-06T14:31:01.659878+00:00
General Commercial & Services,INDUSTRIAS NACIONAL S.C.,industriasnacional.mx,Carlos Valenzuela,Chief Executive Officer (CEO),C_SUITE,EXECUTIVE,cvalenzuela@industriasnacional.mx,VERIFIED,85,+528996623572,2026-09-06T14:31:01.659878+00:00
General Commercial & Services,INDUSTRIAS NACIONAL S.C.,industriasnacional.mx,Rodrigo García,Chief Revenue Officer (CRO),C_SUITE,SALES_MARKETING,rgarcía@industriasnacional.mx,VERIFIED,85,+525586313435,2026-09-06T14:31:01.659878+00:00
General Commercial & Services,MANUFACTURA GLOBAL S.A.B. DE C.V.,manufacturaglobal.com.mx,Jorge Villaseñor,Chief Executive Officer (CEO),C_SUITE,EXECUTIVE,jvillaseñor@manufacturaglobal.com.mx,VERIFIED,85,+529375538820,2026-09-06T14:31:01.659878+00:00
General Commercial & Services,INDUSTRIAS INTERNACIONAL 91 S.C.,industriasinternac.mx,Rodrigo Vega,Chief Financial Officer (CFO),C_SUITE,FINANCE,rvega@industriasinternac.mx,VERIFIED,85,+528364839347,2026-09-06T14:31:01.675017+00:00
General Commercial & Services,INDUSTRIAS INTERNACIONAL 91 S.C.,industriasinternac.mx,Luis Hernández,Chief Human Resources Officer (CHRO),C_SUITE,HR_PEOPLE,lhernández@industriasinternac.mx,VERIFIED,85,+528980510509,2026-09-06T14:31:01.675017+00:00
General Commercial & Services,INDUSTRIAS INTERNACIONAL 91 S.C.,industriasinternac.mx,Adriana García,Chief Technology Officer (CTO),C_SUITE,ENGINEERING_IT,agarcía@industriasinternac.mx,VERIFIED,85,+527689005812,2026-09-06T14:31:01.675017+00:00
General Commercial & Services,INDUSTRIAS INTERNACIONAL S.A. DE C.V.,industriasinternac.com.mx,Guillermo González,Chief Technology Officer (CTO),C_SUITE,ENGINEERING_IT,ggonzález@industriasinternac.com.mx,VERIFIED,85,+527998833201,2026-09-06T14:31:01.675017+00:00
General Commercial & Services,INDUSTRIAS INTERNACIONAL S.A. DE C.V.,industriasinternac.com.mx,Andrea Castro,Chief Financial Officer (CFO),C_SUITE,FINANCE,acastro@industriasinternac.com.mx,VERIFIED,85,+524635898162,2026-09-06T14:31:01.675017+00:00
General Commercial & Services,INDUSTRIAS DEL CENTRO 5 S.A.P.I. DE C.V.,industriasdelcentr.com.mx,Mariana García,Chief Operating Officer (COO),C_SUITE,OPERATIONS,mgarcía@industriasdelcentr.com.mx,VERIFIED,85,+526414313538,2026-09-06T14:31:01.675340+00:00
General Commercial & Services,INDUSTRIAS DEL BAJIO S. DE R.L. DE C.V.,industriasdelbajio.com.mx,Sofia Castro,Chief Executive Officer (CEO),C_SUITE,EXECUTIVE,scastro@industriasdelbajio.com.mx,VERIFIED,85,+524071887164,2026-09-06T14:31:01.675340+00:00
General Commercial & Services,INDUSTRIAS DEL BAJIO S. DE R.L. DE C.V.,industriasdelbajio.com.mx,Jorge Treviño,Chief Operating Officer (COO),C_SUITE,OPERATIONS,jtreviño@industriasdelbajio.com.mx,VERIFIED,85,+529876828693,2026-09-06T14:31:01.675340+00:00
General Commercial & Services,INDUSTRIAS DEL BAJIO S. DE R.L. DE C.V.,industriasdelbajio.com.mx,Adriana López,Chief Technology Officer (CTO),C_SUITE,ENGINEERING_IT,alópez@industriasdelbajio.com.mx,VERIFIED,85,+528212765939,2026-09-06T14:31:01.675340+00:00
General Commercial & Services,INDUSTRIAS DEL NORTE S.A. DE C.V.,industriasdelnorte.com.mx,Carlos López,Chief Financial Officer (CFO),C_SUITE,FINANCE,clópez@industriasdelnorte.com.mx,VERIFIED,85,+525684945053,2026-09-06T14:31:01.675340+00:00
General Commercial & Services,INDUSTRIAS DEL BAJIO S.C.,industriasdelbajio.com,Roberto Valenzuela,Chief Executive Officer (CEO),C_SUITE,EXECUTIVE,rvalenzuela@industriasdelbajio.com,VERIFIED,85,+528358256346,2026-09-06T14:31:01.675340+00:00
General Commercial & Services,INDUSTRIAS DEL NORTE 28 S.A.S.,industriasdelnorte.com,Hector Dominguez,Chief Human Resources Officer (CHRO),C_SUITE,HR_PEOPLE,hdominguez@industriasdelnorte.com,VERIFIED,85,+525477119455,2026-09-06T14:31:01.675340+00:00
General Commercial & Services,INDUSTRIAS DEL CENTRO 4 S.A.S.,industriasdelcentr.com,Mariana López,Founder,FOUNDER,EXECUTIVE,mlópez@industriasdelcentr.com,VERIFIED,85,+528645121550,2026-09-06T14:31:01.675340+00:00
General Commercial & Services,INDUSTRIAS DEL CENTRO S. DE R.L. DE C.V.,industriasdelcentr.mx,Mariana García,Chief Executive Officer (CEO),C_SUITE,EXECUTIVE,mgarcía@industriasdelcentr.mx,VERIFIED,85,+528142651729,2026-09-06T14:31:01.675340+00:00
General Commercial & Services,MANUFACTURA GLOBAL S.A. DE C.V.,manufacturaglobal5.com,Jorge Castro,Chief Technology Officer (CTO),C_SUITE,ENGINEERING_IT,jcastro@manufacturaglobal5.com,VERIFIED,85,+525768295209,2026-09-06T14:31:01.675340+00:00
General Commercial & Services,MANUFACTURA GLOBAL 31 S.C.,manufacturaglobal.com.mx,Andrea Treviño,Chief Technology Officer (CTO),C_SUITE,ENGINEERING_IT,atreviño@manufacturaglobal.com.mx,VERIFIED,85,+528741977880,2026-09-06T14:31:01.675340+00:00
General Commercial & Services,MANUFACTURA GLOBAL S.A. DE C.V.,manufacturaglobal9.mx,Gabriel Castro,Founder,FOUNDER,EXECUTIVE,gcastro@manufacturaglobal9.mx,VERIFIED,85,+527391331125,2026-09-06T14:31:01.675340+00:00
General Commercial & Services,MANUFACTURA GLOBAL S.C.,manufacturaglobal.mx,Miguel Hernández,Chief Financial Officer (CFO),C_SUITE,FINANCE,mhernández@manufacturaglobal.mx,VERIFIED,85,+525763696671,2026-09-06T14:31:01.675340+00:00
General Commercial & Services,INNOVACION GLOBAL S.A.S.,innovacionglobal.com,Hector Salinas,Chief Operating Officer (COO),C_SUITE,OPERATIONS,hsalinas@innovacionglobal.com,VERIFIED,85,+525916284840,2026-09-06T14:31:01.675340+00:00
General Commercial & Services,INNOVACION GLOBAL S.A.S.,innovacionglobal.com,Guillermo Martínez,Chief Financial Officer (CFO),C_SUITE,FINANCE,gmartínez@innovacionglobal.com,VERIFIED,85,+529788240746,2026-09-06T14:31:01.675340+00:00
General Commercial & Services,INNOVACION GLOBAL S.A.S.,innovacionglobal.com,Javier López,Chief Financial Officer (CFO),C_SUITE,FINANCE,jlópez@innovacionglobal.com,VERIFIED,85,+529924049008,2026-09-06T14:31:01.675340+00:00
General Commercial & Services,INNOVACION GLOBAL 79 S.A.B. DE C.V.,innovacionglobal.com.mx,Jorge Alarcón,Chief Financial Officer (CFO),C_SUITE,FINANCE,jalarcón@innovacionglobal.com.mx,VERIFIED,85,+524924800628,2026-09-06T14:31:01.675340+00:00
General Commercial & Services,INNOVACION EMPRESARIAL 50 S.A.B. DE C.V.,innovacionempresar.com.mx,Adriana Ruiz,Chief Executive Officer (CEO),C_SUITE,EXECUTIVE,aruiz@innovacionempresar.com.mx,VERIFIED,85,+527669638471,2026-09-06T14:31:01.675340+00:00
General Commercial & Services,INNOVACION EMPRESARIAL 50 S.A.B. DE C.V.,innovacionempresar.com.mx,Adriana Hernández,Chief Revenue Officer (CRO),C_SUITE,SALES_MARKETING,ahernández@innovacionempresar.com.mx,VERIFIED,85,+528660266751,2026-09-06T14:31:01.675340+00:00
General Commercial & Services,INNOVACION EMPRESARIAL 50 S.A.B. DE C.V.,innovacionempresar.com.mx,David Martínez,Chief Financial Officer (CFO),C_SUITE,FINANCE,dmartínez@innovacionempresar.com.mx,VERIFIED,85,+529497916644,2026-09-06T14:31:01.675340+00:00
General Commercial & Services,INNOVACION EMPRESARIAL 50 S.A.B. DE C.V.,innovacionempresar.com.mx,David Morales,Chief Technology Officer (CTO),C_SUITE,ENGINEERING_IT,dmorales@innovacionempresar.com.mx,VERIFIED,85,+528936111875,2026-09-06T14:31:01.675340+00:00
General Commercial & Services,INNOVACION EMPRESARIAL S.C.,innovacionempresar.mx,Rodrigo Castro,Chief Executive Officer (CEO),C_SUITE,EXECUTIVE,rcastro@innovacionempresar.mx,VERIFIED,85,+524558523059,2026-09-06T14:31:01.675340+00:00
General Commercial & Services,INNOVACION INDUSTRIAL S.C.,innovacionindustri.mx,Adriana García,Chief Human Resources Officer (CHRO),C_SUITE,HR_PEOPLE,agarcía@innovacionindustri.mx,VERIFIED,85,+524399145711,2026-09-06T14:31:01.675340+00:00
General Commercial & Services,INNOVACION INDUSTRIAL S.C.,innovacionindustri.mx,Guillermo Castro,Chief Executive Officer (CEO),C_SUITE,EXECUTIVE,gcastro@innovacionindustri.mx,VERIFIED,85,+527516388345,2026-09-06T14:31:01.675340+00:00
General Commercial & Services,MANUFACTURA DE OCCIDENTE S.A.P.I. DE C.V.,manufacturadeoccid.com,Andrea Mendoza,Chief Operating Officer (COO),C_SUITE,OPERATIONS,amendoza@manufacturadeoccid.com,VERIFIED,85,+524254325094,2026-09-06T14:31:01.678587+00:00
General Commercial & Services,MANUFACTURA DE OCCIDENTE S.A.P.I. DE C.V.,manufacturadeoccid.com,Claudia López,Chief Human Resources Officer (CHRO),C_SUITE,HR_PEOPLE,clópez@manufacturadeoccid.com,VERIFIED,85,+528545849992,2026-09-06T14:31:01.678587+00:00
General Commercial & Services,MANUFACTURA DE OCCIDENTE S.A.P.I. DE C.V.,manufacturadeoccid.mx,Fernando López,Founder,FOUNDER,EXECUTIVE,flópez@manufacturadeoccid.mx,VERIFIED,85,+528538693516,2026-09-06T14:31:01.678587+00:00
General Commercial & Services,MANUFACTURA DE OCCIDENTE S.A.P.I. DE C.V.,manufacturadeoccid.mx,Alejandro Valenzuela,Chief Executive Officer (CEO),C_SUITE,EXECUTIVE,avalenzuela@manufacturadeoccid.mx,VERIFIED,85,+527158415175,2026-09-06T14:31:01.678587+00:00
General Commercial & Services,MANUFACTURA DE OCCIDENTE S.A.P.I. DE C.V.,manufacturadeoccid.mx,Alejandro Castro,Chief Technology Officer (CTO),C_SUITE,ENGINEERING_IT,acastro@manufacturadeoccid.com.mx,VERIFIED,85,+528185579285,2026-09-06T14:31:01.678587+00:00
General Commercial & Services,MANUFACTURA DE OCCIDENTE S.A.S.,manufacturadeoccid.com.mx,Hector Benítez,Chief Revenue Officer (CRO),C_SUITE,SALES_MARKETING,hbenítez@manufacturadeoccid.com.mx,VERIFIED,85,+526729095989,2026-09-06T14:31:01.678587+00:00
General Commercial & Services,MANUFACTURA DE LAS AMERICAS S.A.B. DE C.V.,manufacturadelasam.com.mx,Hector Dominguez,Chief Technology Officer (CTO),C_SUITE,ENGINEERING_IT,hdominguez@manufacturadelasam.com.mx,VERIFIED,85,+529672785269,2026-09-06T14:31:01.678587+00:00
General Commercial & Services,INNOVACION AVANZADA S.A.B. DE C.V.,innovacionavanzada.com.mx,Claudia Navarro,Chief Revenue Officer (CRO),C_SUITE,SALES_MARKETING,cnavarro@innovacionavanzada.com.mx,VERIFIED,85,+529895323340,2026-09-06T14:31:01.678587+00:00
General Commercial & Services,INNOVACION AVANZADA S. DE R.L. DE C.V.,innovacionavanzada.mx,Eduardo Castro,Chief Technology Officer (CTO),C_SUITE,ENGINEERING_IT,ecastro@innovacionavanzada.mx,VERIFIED,85,+528873381732,2026-09-06T14:31:01.678587+00:00
General Commercial & Services,INDUSTRIAS MODERNA S.C.,industriasmoderna.com.mx,Luis Castro,Chief Executive Officer (CEO),C_SUITE,EXECUTIVE,lcastro@industriasmoderna.com.mx,VERIFIED,85,+528823515144,2026-09-06T14:31:01.678587+00:00
General Commercial & Services,INDUSTRIAS MODERNA S.C.,industriasmoderna.com.mx,Hector Garza,Chief Revenue Officer (CRO),C_SUITE,SALES_MARKETING,hgarza@industriasmoderna.com,VERIFIED,85,+525252753041,2026-09-06T14:31:01.678587+00:00
General Commercial & Services,INDUSTRIAS MODERNA S.C.,industriasmoderna.com.mx,Sofia Vega,Chief Executive Officer (CEO),C_SUITE,EXECUTIVE,svega@industriasmoderna.com.mx,VERIFIED,85,+524393510116,2026-09-06T14:31:01.678587+00:00
General Commercial & Services,INDUSTRIAS MODERNA S.A.S.,industriasmoderna.com,David Hernández,Chief Financial Officer (CFO),C_SUITE,FINANCE,dhernández@industriasmoderna.com,VERIFIED,85,+527832051539,2026-09-06T14:31:01.678587+00:00
General Commercial & Services,INDUSTRIAS MODERNA S.C.,industriasmoderna6.com,David Valenzuela,Chief Executive Officer (CEO),C_SUITE,EXECUTIVE,dvalenzuela@industriasmoderna6.com,VERIFIED,85,+529445528092,2026-09-06T14:31:01.678587+00:00
General Commercial & Services,INDUSTRIAS CENTRAL S.A.B. DE C.V.,industriascentral.com.mx,Daniel Morales,Chief Technology Officer (CTO),C_SUITE,ENGINEERING_IT,dmorales@industriascentral.com.mx,VERIFIED,85,+527782935196,2026-09-06T14:31:01.678587+00:00
General Commercial & Services,INDUSTRIAS CENTRAL S.A. DE C.V.,industriascentral5.mx,Daniel Alarcón,Chief Technology Officer (CTO),C_SUITE,ENGINEERING_IT,dalarcón@industriascentral5.mx,VERIFIED,85,+525429129658,2026-09-06T14:31:01.678587+00:00
General Commercial & Services,INDUSTRIAS CENTRAL 73 S.A.B. DE C.V.,industriascentral.mx,Guillermo Martínez,Chief Financial Officer (CFO),C_SUITE,FINANCE,gmartínez@industriascentral.mx,VERIFIED,85,+524237867436,2026-09-06T14:31:01.678587+00:00
General Commercial & Services,INDUSTRIAS CENTRAL 85 S.A. DE C.V.,industriascentral.mx,Hector Mendoza,Chief Operating Officer (COO),C_SUITE,OPERATIONS,hmendoza@industriascentral.mx,VERIFIED,85,+528137271168,2026-09-06T14:31:01.678587+00:00
General Commercial & Services,INDUSTRIAS CENTRAL S.A.S.,industriascentral5.mx,Guillermo Alarcón,Chief Technology Officer (CTO),C_SUITE,ENGINEERING_IT,galarcón@industriascentral5.mx,VERIFIED,85,+528194495298,2026-09-06T14:31:01.678587+00:00
General Commercial & Services,INDUSTRIAS CENTRAL S.A.S.,industriascentral5.mx,Jorge Martínez,Chief Executive Officer (CEO),C_SUITE,EXECUTIVE,jmartínez@industriascentral5.mx,VERIFIED,85,+528183659285,2026-09-06T14:31:01.678587+00:00
General Commercial & Services,INDUSTRIAS DE OCCIDENTE S.A.S.,industriasdeoccide.com,Andrea Garza,Chief Revenue Officer (CRO),C_SUITE,SALES_MARKETING,agarza@industriasdeoccide.com,VERIFIED,85,+529685292665,2026-09-06T14:31:01.680594+00:00
General Commercial & Services,INDUSTRIAS DE LAS AMERICAS S.A.B. DE C.V.,industriasdelasame.mx,Alejandro López,Chief Executive Officer (CEO),C_SUITE,EXECUTIVE,alópez@industriasdelasame.mx,VERIFIED,85,+526613989590,2026-09-06T14:31:01.680594+00:00
General Commercial & Services,INDUSTRIAS DE OCCIDENTE 39 S.A.P.I. DE C.V.,industriasdeoccide.com.mx,Javier Villaseñor,Founder,FOUNDER,EXECUTIVE,jvillaseñor@industriasdeoccide.com.mx,VERIFIED,85,+526025161597,2026-09-06T14:31:01.680594+00:00
General Commercial & Services,INDUSTRIAS AVANZADA S.A.P.I. DE C.V.,industriasavanzada.com.mx,Roberto Castro,Chief Revenue Officer (CRO),C_SUITE,SALES_MARKETING,rcastro@industriasavanzada.com.mx,VERIFIED,85,+525582985109,2026-09-06T14:31:01.680594+00:00
General Commercial & Services,INDUSTRIAS AVANZADA S.A.P.I. DE C.V.,industriasavanzada.com.mx,Daniel Garza,Chief Technology Officer (CTO),C_SUITE,ENGINEERING_IT,dgarza@industriasavanzada.com.mx,VERIFIED,85,+525573415480,2026-09-06T14:31:01.680594+00:00
General Commercial & Services,INDUSTRIAS AVANZADA S.A.S.,industriasavanzada.com,Roberto Vega,Chief Financial Officer (CFO),C_SUITE,FINANCE,rvega@industriasavanzada.com,VERIFIED,85,+525518013429,2026-09-06T14:31:01.680594+00:00
General Commercial & Services,INDUSTRIAS AVANZADA S.A.S.,industriasavanzada.com,Javier Benítez,Chief Financial Officer (CFO),C_SUITE,FINANCE,jbenítez@industriasavanzada.com,VERIFIED,85,+525523824124,2026-09-06T14:31:01.680594+00:00
General Commercial & Services,INDUSTRIAS AVANZADA S.A.S.,industriasavanzada.com,David Mendoza,Chief Human Resources Officer (CHRO),C_SUITE,HR_PEOPLE,dmendoza@industriasavanzada.com,VERIFIED,85,+525519805116,2026-09-06T14:31:01.680594+00:00
General Commercial & Services,INDUSTRIAS AVANZADA S.C.,industriasavanzada.mx,Roberto Navarro,Chief Operating Officer (COO),C_SUITE,OPERATIONS,rnavarro@industriasavanzada.mx,VERIFIED,85,+525567176678,2026-09-06T14:31:01.680594+00:00
General Commercial & Services,MANUFACTURA DINAMICA S.A.S.,manufacturadinamic.com,Claudia Hernández,Chief Human Resources Officer (CHRO),C_SUITE,HR_PEOPLE,chernández@manufacturadinamic.com,VERIFIED,85,+527049241803,2026-09-06T14:31:01.682599+00:00
General Commercial & Services,MANUFACTURA DINAMICA S.A.S.,manufacturadinamic.com,Roberto Treviño,Chief Financial Officer (CFO),C_SUITE,FINANCE,rtreviño@manufacturadinamic.com,VERIFIED,85,+525091368399,2026-09-06T14:31:01.682599+00:00
General Commercial & Services,MANUFACTURA DINAMICA S.A.S.,manufacturadinamic.com.mx,Andrea García,Chief Executive Officer (CEO),C_SUITE,EXECUTIVE,agarcía@manufacturadinamic.com.mx,VERIFIED,85,+525164344931,2026-09-06T14:31:01.682599+00:00
General Commercial & Services,MANUFACTURA DINAMICA S.A.S.,manufacturadinamic.com.mx,Hector Morales,Chief Technology Officer (CTO),C_SUITE,ENGINEERING_IT,hmorales@manufacturadinamic.com.mx,VERIFIED,85,+524179529082,2026-09-06T14:31:01.682599+00:00
General Commercial & Services,MANUFACTURA DE LAS AMERICAS S.A. DE C.V.,manufacturadelasam.com,Jorge Ruiz,Chief Executive Officer (CEO),C_SUITE,EXECUTIVE,jruiz@manufacturadelasam.com,VERIFIED,85,+525536723239,2026-09-06T14:31:01.682599+00:00
General Commercial & Services,MANUFACTURA DE LAS AMERICAS S.A. DE C.V.,manufacturadelasam.com,Eduardo Vega,Chief Human Resources Officer (CHRO),C_SUITE,HR_PEOPLE,evega@manufacturadelasam.com,VERIFIED,85,+525522998287,2026-09-06T14:31:01.682599+00:00
General Commercial & Services,MANUFACTURA DE OCCIDENTE S.A.S.,manufacturadeoccid.com.mx,Guillermo Mendoza,Chief Executive Officer (CEO),C_SUITE,EXECUTIVE,gmendoza@manufacturadeoccid.com.mx,VERIFIED,85,+525593929666,2026-09-06T14:31:01.682599+00:00
General Commercial & Services,MANUFACTURA DE LAS AMERICAS S.A. DE C.V.,manufacturadelasam.com.mx,David López,Chief Executive Officer (CEO),C_SUITE,EXECUTIVE,dlópez@manufacturadelasam.com.mx,VERIFIED,85,+525581464250,2026-09-06T14:31:01.682599+00:00
General Commercial & Services,INDUSTRIAS LATINOAMERICANA S.A. DE C.V.,industriaslatinoam.mx,Patricia Dominguez,Chief Revenue Officer (CRO),C_SUITE,SALES_MARKETING,pdominguez@industriaslatinoam.mx,VERIFIED,85,+525222513117,2026-09-06T14:31:01.682599+00:00
General Commercial & Services,INDUSTRIAS LATINOAMERICANA S.A. DE C.V.,industriaslatinoam.mx,Eduardo Mendoza,Chief Financial Officer (CFO),C_SUITE,FINANCE,emendoza@industriaslatinoam.mx,VERIFIED,85,+527230191488,2026-09-06T14:31:01.682599+00:00
General Commercial & Services,INDUSTRIAS LATINOAMERICANA S.A. DE C.V.,industriaslatinoam.mx,Javier Salinas,Chief Executive Officer (CEO),C_SUITE,EXECUTIVE,jsalinas@industriaslatinoam.mx,VERIFIED,85,+526792851390,2026-09-06T14:31:01.682599+00:00
General Commercial & Services,INDUSTRIAS LATINOAMERICANA S.C.,industriaslatinoam.com,Jorge Garza,Chief Technology Officer (CTO),C_SUITE,ENGINEERING_IT,jgarza@industriaslatinoam.com,VERIFIED,85,+528380245191,2026-09-06T14:31:01.682599+00:00
General Commercial & Services,MANUFACTURA GLOBAL S.C.,manufacturaglobal3.mx,Adriana Treviño,Chief Executive Officer (CEO),C_SUITE,EXECUTIVE,atreviño@manufacturaglobal3.mx,VERIFIED,85,+528594504988,2026-09-06T14:31:01.682599+00:00
General Commercial & Services,MANUFACTURA GLOBAL S. DE R.L. DE C.V.,manufacturaglobal.com.mx,Mariana Benítez,Chief Revenue Officer (CRO),C_SUITE,SALES_MARKETING,mbenítez@manufacturaglobal.com.mx,VERIFIED,85,+527199809442,2026-09-06T14:31:01.682599+00:00
General Commercial & Services,MANUFACTURA GLOBAL S. DE R.L. DE C.V.,manufacturaglobal.com.mx,David Alarcón,Chief Technology Officer (CTO),C_SUITE,ENGINEERING_IT,dalarcón@manufacturaglobal.mx,VERIFIED,85,+528748782793,2026-09-06T14:31:01.682599+00:00
General Commercial & Services,MANUFACTURA GLOBAL S.C.,manufacturaglobal.com,Carlos Ruiz,Founder,FOUNDER,EXECUTIVE,cruiz@manufacturaglobal.com,VERIFIED,85,+529135185408,2026-09-06T14:31:01.682599+00:00
General Commercial & Services,MANUFACTURA EMPRESARIAL S.A.B. DE C.V.,manufacturaempresa.com.mx,Alejandro Dominguez,Chief Operating Officer (COO),C_SUITE,OPERATIONS,adominguez@manufacturaempresa.com.mx,VERIFIED,85,+525590041609,2026-09-06T14:31:01.682599+00:00
General Commercial & Services,MANUFACTURA EMPRESARIAL S.A.B. DE C.V.,manufacturaempresa.com.mx,Claudia Benítez,Founder,FOUNDER,EXECUTIVE,cbenítez@manufacturaempresa.com.mx,VERIFIED,85,+529689659999,2026-09-06T14:31:01.682599+00:00
General Commercial & Services,MANUFACTURA EMPRESARIAL S.A.S.,manufacturaempresa.mx,Rodrigo González,Founder,FOUNDER,EXECUTIVE,rgonzález@manufacturaempresa.mx,VERIFIED,85,+525116112523,2026-09-06T14:31:01.682599+00:00
General Commercial & Services,MANUFACTURA EMPRESARIAL S.A.S.,manufacturaempresa.mx,Adriana Navarro,Chief Operating Officer (COO),C_SUITE,OPERATIONS,anavarro@manufacturaempresa.com,VERIFIED,85,+527573650234,2026-09-06T14:31:01.682599+00:00
General Commercial & Services,INDUSTRIAS EMPRESARIAL S.C.,industriasempresar.com.mx,Miguel Alarcón,Founder,FOUNDER,EXECUTIVE,malarcón@industriasempresar.com.mx,VERIFIED,85,+527742085548,2026-09-06T14:31:01.684606+00:00
General Commercial & Services,INDUSTRIAS EMPRESARIAL S.A. DE C.V.,industriasempresar.com,Sofia Benítez,Founder,FOUNDER,EXECUTIVE,sbenítez@industriasempresar.com,VERIFIED,85,+528728003285,2026-09-06T14:31:01.684606+00:00
General Commercial & Services,INDUSTRIAS GLOBAL S.A.P.I. DE C.V.,industriasglobal.com,Fernando Treviño,Chief Executive Officer (CEO),C_SUITE,EXECUTIVE,ftreviño@industriasglobal.com,VERIFIED,85,+525056422473,2026-09-06T14:31:01.684606+00:00
General Commercial & Services,MANUFACTURA DINAMICA S.A.P.I. DE C.V.,manufacturadinamic.com.mx,Carlos López,Chief Operating Officer (COO),C_SUITE,OPERATIONS,clópez@manufacturadinamic.com.mx,VERIFIED,85,+525898496441,2026-09-06T14:31:01.686610+00:00
General Commercial & Services,MANUFACTURA DINAMICA S.A.P.I. DE C.V.,manufacturadinamic.com.mx,Fernando Ruiz,Chief Executive Officer (CEO),C_SUITE,EXECUTIVE,fruiz@manufacturadinamic.com,VERIFIED,85,+525281874000,2026-09-06T14:31:01.686610+00:00
General Commercial & Services,MANUFACTURA DINAMICA S.A.P.I. DE C.V.,manufacturadinamic.com.mx,Adriana Benítez,Chief Revenue Officer (CRO),C_SUITE,SALES_MARKETING,abenítez@manufacturadinamic.com.mx,VERIFIED,85,+525098203619,2026-09-06T14:31:01.686610+00:00
General Commercial & Services,MANUFACTURA DINAMICA S. DE R.L. DE C.V.,manufacturadinamic.mx,Hector García,Chief Executive Officer (CEO),C_SUITE,EXECUTIVE,hgarcía@manufacturadinamic.mx,VERIFIED,85,+526125173400,2026-09-06T14:31:01.686610+00:00
General Commercial & Services,INNOVACION DEL NORTE S.A. DE C.V.,innovaciondelnorte.com,Rodrigo Mendoza,Chief Technology Officer (CTO),C_SUITE,ENGINEERING_IT,rmendoza@innovaciondelnorte.com,VERIFIED,85,+526020452313,2026-09-06T14:31:01.686610+00:00
General Commercial & Services,INNOVACION DEL NORTE S.A. DE C.V.,innovaciondelnorte.com,Carlos Hernández,Chief Human Resources Officer (CHRO),C_SUITE,HR_PEOPLE,chernández@innovaciondelnorte.com.mx,VERIFIED,85,+526149385723,2026-09-06T14:31:01.686610+00:00
General Commercial & Services,INNOVACION DEL NORTE S.C.,innovaciondelnorte.com.mx,Claudia Valenzuela,Founder,FOUNDER,EXECUTIVE,cvalenzuela@innovaciondelnorte.com.mx,VERIFIED,85,+526971888645,2026-09-06T14:31:01.686610+00:00
General Commercial & Services,INNOVACION DEL BAJIO S.A.S.,innovaciondelbajio.com,Javier Garza,Chief Executive Officer (CEO),C_SUITE,EXECUTIVE,jgarza@innovaciondelbajio.com,VERIFIED,85,+527970862388,2026-09-06T14:31:01.686610+00:00
General Commercial & Services,INNOVACION DEL BAJIO S.A.S.,innovaciondelbajio.com,Mariana Villaseñor,Chief Technology Officer (CTO),C_SUITE,ENGINEERING_IT,mvillaseñor@innovaciondelbajio.com,VERIFIED,85,+526639769743,2026-09-06T14:31:01.686610+00:00
General Commercial & Services,INNOVACION DEL BAJIO S.A.S.,innovaciondelbajio.com,Patricia Benítez,Chief Operating Officer (COO),C_SUITE,OPERATIONS,pbenítez@innovaciondelbajio.com,VERIFIED,85,+529859954114,2026-09-06T14:31:01.686610+00:00
General Commercial & Services,INNOVACION DEL BAJIO S.A.S.,innovaciondelbajio.com,Mariana Treviño,Founder,FOUNDER,EXECUTIVE,mtreviño@innovaciondelbajio.com,VERIFIED,85,+529272546228,2026-09-06T14:31:01.686610+00:00
General Commercial & Services,INNOVACION DEL BAJIO S.A.S.,innovaciondelbajio.com,Fernando Benítez,Chief Financial Officer (CFO),C_SUITE,FINANCE,fbenítez@innovaciondelbajio.com,VERIFIED,85,+529394018374,2026-09-06T14:31:01.686610+00:00
General Commercial & Services,INNOVACION DEL PACIFICO S.A. DE C.V.,innovaciondelpacif.com,Rodrigo González,Chief Executive Officer (CEO),C_SUITE,EXECUTIVE,rgonzález@innovaciondelpacif.com,VERIFIED,85,+528357351819,2026-09-06T14:31:01.686610+00:00
General Commercial & Services,INNOVACION DEL PACIFICO S.A. DE C.V.,innovaciondelpacif.com,Javier Alarcón,Founder,FOUNDER,EXECUTIVE,jalarcón@innovaciondelpacif.com,VERIFIED,85,+524239755015,2026-09-06T14:31:01.686610+00:00
General Commercial & Services,INNOVACION DEL PACIFICO S.A. DE C.V.,innovaciondelpacif.mx,Hector Navarro,Chief Executive Officer (CEO),C_SUITE,EXECUTIVE,hnavarro@innovaciondelpacif.mx,VERIFIED,85,+525454720306,2026-09-06T14:31:01.686610+00:00
General Commercial & Services,INNOVACION DEL PACIFICO S.A. DE C.V.,innovaciondelpacif.mx,Jorge Castro,Chief Financial Officer (CFO),C_SUITE,FINANCE,jcastro@innovaciondelpacif.mx,VERIFIED,85,+524969788828,2026-09-06T14:31:01.686610+00:00
General Commercial & Services,INNOVACION NACIONAL S.A.S.,innovacionnacional.mx,Patricia Treviño,Founder,FOUNDER,EXECUTIVE,ptreviño@innovacionnacional.mx,VERIFIED,85,+524343646272,2026-09-06T14:31:01.686610+00:00
General Commercial & Services,INNOVACION NACIONAL S.A.B. DE C.V.,innovacionnacional.com,Andrea García,Chief Operating Officer (COO),C_SUITE,OPERATIONS,agarcía@innovacionnacional.com,VERIFIED,85,+524457792962,2026-09-06T14:31:01.686610+00:00
General Commercial & Services,INDUSTRIAS AVANZADA S.A.P.I. DE C.V.,industriasavanzada.com,Hector Mendoza,Chief Executive Officer (CEO),C_SUITE,EXECUTIVE,hmendoza@industriasavanzada.com,VERIFIED,85,+527976044346,2026-09-06T14:31:01.686610+00:00
General Commercial & Services,INDUSTRIAS AVANZADA S.A. DE C.V.,industriasavanzada.mx,Sofia Hernández,Chief Executive Officer (CEO),C_SUITE,EXECUTIVE,shernández@industriasavanzada.mx,VERIFIED,85,+524253611960,2026-09-06T14:31:01.686610+00:00
General Commercial & Services,INDUSTRIAS AVANZADA S.A. DE C.V.,industriasavanzada.mx,Eduardo López,Chief Human Resources Officer (CHRO),C_SUITE,HR_PEOPLE,elópez@industriasavanzada.mx,VERIFIED,85,+526231870215,2026-09-06T14:31:01.686610+00:00
General Commercial & Services,INDUSTRIAS MODERNA S.A.P.I. DE C.V.,industriasmoderna3.mx,Claudia Hernández,Founder,FOUNDER,EXECUTIVE,chernández@industriasmoderna3.mx,VERIFIED,85,+529131488058,2026-09-06T14:31:01.686610+00:00
General Commercial & Services,INDUSTRIAS MODERNA S.A.P.I. DE C.V.,industriasmoderna3.mx,David Hernández,Chief Executive Officer (CEO),C_SUITE,EXECUTIVE,dhernández@industriasmoderna.com,VERIFIED,85,+525268729841,2026-09-06T14:31:01.686610+00:00
General Commercial & Services,INDUSTRIAS MODERNA S.A. DE C.V.,industriasmoderna.mx,Gabriel Hernández,Chief Technology Officer (CTO),C_SUITE,ENGINEERING_IT,ghernández@industriasmoderna.mx,VERIFIED,85,+524921608624,2026-09-06T14:31:01.686610+00:00
General Commercial & Services,INDUSTRIAS MODERNA S.A. DE C.V.,industriasmoderna.mx,Rodrigo García,Chief Financial Officer (CFO),C_SUITE,FINANCE,rgarcía@industriasmoderna.com.mx,VERIFIED,85,+529336606523,2026-09-06T14:31:01.686610+00:00
General Commercial & Services,INDUSTRIAS MODERNA S.A. DE C.V.,industriasmoderna3.com,Luis Navarro,Chief Human Resources Officer (CHRO),C_SUITE,HR_PEOPLE,lnavarro@industriasmoderna3.com,VERIFIED,85,+526190832238,2026-09-06T14:31:01.686610+00:00
General Commercial & Services,INDUSTRIAS MODERNA 22 S. DE R.L. DE C.V.,industriasmoderna.com.mx,Roberto Salinas,Chief Executive Officer (CEO),C_SUITE,EXECUTIVE,rsalinas@industriasmoderna.com.mx,VERIFIED,85,+525619730951,2026-09-06T14:31:01.686610+00:00
General Commercial & Services,INDUSTRIAS GLOBAL S.C.,industriasglobal.mx,Adriana Villaseñor,Chief Operating Officer (COO),C_SUITE,OPERATIONS,avillaseñor@industriasglobal.mx,VERIFIED,85,+528194986231,2026-09-06T14:31:01.688619+00:00
General Commercial & Services,INDUSTRIAS GLOBAL S.A.B. DE C.V.,industriasglobal24.com,Mariana Alarcón,Chief Revenue Officer (CRO),C_SUITE,SALES_MARKETING,malarcón@industriasglobal24.com,VERIFIED,85,+528163762521,2026-09-06T14:31:01.688619+00:00
General Commercial & Services,MANUFACTURA DINAMICA S. DE R.L. DE C.V.,manufacturadinamic.mx,Sofia Navarro,Chief Technology Officer (CTO),C_SUITE,ENGINEERING_IT,snavarro@manufacturadinamic.mx,VERIFIED,85,+529645922197,2026-09-06T14:31:01.688619+00:00
General Commercial & Services,MANUFACTURA DINAMICA S. DE R.L. DE C.V.,manufacturadinamic.mx,Jorge Benítez,Chief Human Resources Officer (CHRO),C_SUITE,HR_PEOPLE,jbenítez@manufacturadinamic.mx,VERIFIED,85,+526367249704,2026-09-06T14:31:01.688619+00:00
General Commercial & Services,MANUFACTURA DINAMICA S.C.,manufacturadinamic.com,Gabriel Ruiz,Founder,FOUNDER,EXECUTIVE,gruiz@manufacturadinamic.com,VERIFIED,85,+524185789268,2026-09-06T14:31:01.688619+00:00
General Commercial & Services,MANUFACTURA DINAMICA S.C.,manufacturadinamic.com,Sofia Vega,Chief Executive Officer (CEO),C_SUITE,EXECUTIVE,svega@manufacturadinamic.com,VERIFIED,85,+528238452926,2026-09-06T14:31:01.688619+00:00
General Commercial & Services,INNOVACION DEL CENTRO S. DE R.L. DE C.V.,innovaciondelcentr.com,Fernando Hernández,Chief Technology Officer (CTO),C_SUITE,ENGINEERING_IT,fhernández@innovaciondelcentr.com,VERIFIED,85,+524079068818,2026-09-06T14:31:01.690622+00:00
General Commercial & Services,INNOVACION DEL PACIFICO S. DE R.L. DE C.V.,innovaciondelpacif.com,Roberto Dominguez,Chief Financial Officer (CFO),C_SUITE,FINANCE,rdominguez@innovaciondelpacif.com,VERIFIED,85,+524255285991,2026-09-06T14:31:01.690622+00:00
General Commercial & Services,INNOVACION DEL PACIFICO S. DE R.L. DE C.V.,innovaciondelpacif.com,Rodrigo Ruiz,Chief Financial Officer (CFO),C_SUITE,FINANCE,rruiz@innovaciondelpacif.com,VERIFIED,85,+525397629786,2026-09-06T14:31:01.690622+00:00
General Commercial & Services,INNOVACION DEL PACIFICO S. DE R.L. DE C.V.,innovaciondelpacif.com,Guillermo Villaseñor,Chief Financial Officer (CFO),C_SUITE,FINANCE,gvillaseñor@innovaciondelpacif.com,VERIFIED,85,+525564830513,2026-09-06T14:31:01.690622+00:00
General Commercial & Services,INNOVACION DEL PACIFICO S. DE R.L. DE C.V.,innovaciondelpacif.com,Miguel Morales,Chief Technology Officer (CTO),C_SUITE,ENGINEERING_IT,mmorales@innovaciondelpacif.com.mx,VERIFIED,85,+527325918638,2026-09-06T14:31:01.690622+00:00
General Commercial & Services,INNOVACION DEL PACIFICO S. DE R.L. DE C.V.,innovaciondelpacif.com,Rodrigo Benítez,Founder,FOUNDER,EXECUTIVE,rbenítez@innovaciondelpacif.com,VERIFIED,85,+524034705902,2026-09-06T14:31:01.690622+00:00
General Commercial & Services,INNOVACION DEL NORTE S.A. DE C.V.,innovaciondelnorte.com.mx,Fernando Hernández,Chief Operating Officer (COO),C_SUITE,OPERATIONS,fhernández@innovaciondelnorte.com.mx,VERIFIED,85,+525875172693,2026-09-06T14:31:01.690622+00:00
General Commercial & Services,INNOVACION DEL BAJIO S.A. DE C.V.,innovaciondelbajio.com.mx,Jorge Ruiz,Chief Human Resources Officer (CHRO),C_SUITE,HR_PEOPLE,jruiz@innovaciondelbajio.com.mx,VERIFIED,85,+527493186430,2026-09-06T14:31:01.690622+00:00
General Commercial & Services,INNOVACION DEL PACIFICO S.A.S.,innovaciondelpacif.com.mx,Hector Morales,Chief Financial Officer (CFO),C_SUITE,FINANCE,hmorales@innovaciondelpacif.com.mx,VERIFIED,85,+526533946338,2026-09-06T14:31:01.690622+00:00
General Commercial & Services,INNOVACION DEL PACIFICO S.A.S.,innovaciondelpacif.com.mx,Alejandro González,Chief Executive Officer (CEO),C_SUITE,EXECUTIVE,agonzález@innovaciondelpacif.com.mx,VERIFIED,85,+526926426169,2026-09-06T14:31:01.690622+00:00
General Commercial & Services,INNOVACION DEL NORTE 74 S.A.P.I. DE C.V.,innovaciondelnorte.com,Luis Castro,Chief Executive Officer (CEO),C_SUITE,EXECUTIVE,lcastro@innovaciondelnorte.com,VERIFIED,85,+527767063837,2026-09-06T14:31:01.690622+00:00
General Commercial & Services,MANUFACTURA DINAMICA S.C.,manufacturadinamic.mx,Roberto García,Chief Financial Officer (CFO),C_SUITE,FINANCE,rgarcía@manufacturadinamic.mx,VERIFIED,85,+527677599780,2026-09-06T14:31:01.690622+00:00
General Commercial & Services,MANUFACTURA DINAMICA S.A.S.,manufacturadinamic.com,Eduardo Treviño,Chief Revenue Officer (CRO),C_SUITE,SALES_MARKETING,etreviño@manufacturadinamic.com,VERIFIED,85,+526289149332,2026-09-06T14:31:01.690622+00:00
General Commercial & Services,MANUFACTURA DINAMICA S. DE R.L. DE C.V.,manufacturadinamic.com.mx,Luis Treviño,Chief Revenue Officer (CRO),C_SUITE,SALES_MARKETING,ltreviño@manufacturadinamic.com.mx,VERIFIED,85,+527574547419,2026-09-06T14:31:01.690622+00:00
General Commercial & Services,INNOVACION EMPRESARIAL S.A.S.,innovacionempresar.com.mx,Jorge Vega,Chief Human Resources Officer (CHRO),C_SUITE,HR_PEOPLE,jvega@innovacionempresar.com.mx,VERIFIED,85,+529945220071,2026-09-06T14:31:01.692236+00:00
General Commercial & Services,INNOVACION EMPRESARIAL S. DE R.L. DE C.V.,innovacionempresar.mx,David Castro,Chief Technology Officer (CTO),C_SUITE,ENGINEERING_IT,dcastro@innovacionempresar.mx,VERIFIED,85,+528159233422,2026-09-06T14:31:01.692236+00:00
General Commercial & Services,INNOVACION EMPRESARIAL S. DE R.L. DE C.V.,innovacionempresar.mx,Fernando Salinas,Chief Executive Officer (CEO),C_SUITE,EXECUTIVE,fsalinas@innovacionempresar.mx,VERIFIED,85,+529057896113,2026-09-06T14:31:01.692236+00:00
General Commercial & Services,INDUSTRIAS INDUSTRIAL S.A.S.,industriasindustri.com,Fernando Hernández,Chief Technology Officer (CTO),C_SUITE,ENGINEERING_IT,fhernández@industriasindustri.com,VERIFIED,85,+526714835512,2026-09-06T14:31:01.692827+00:00
General Commercial & Services,INDUSTRIAS INDUSTRIAL S.A.S.,industriasindustri.com,Sofia Alarcón,Chief Operating Officer (COO),C_SUITE,OPERATIONS,salarcón@industriasindustri.com,VERIFIED,85,+525331542948,2026-09-06T14:31:01.692827+00:00
General Commercial & Services,INDUSTRIAS INDUSTRIAL S.A.B. DE C.V.,industriasindustri.mx,Andrea Benítez,Chief Revenue Officer (CRO),C_SUITE,SALES_MARKETING,abenítez@industriasindustri.mx,VERIFIED,85,+529599989670,2026-09-06T14:31:01.692827+00:00
General Commercial & Services,INDUSTRIAS INDUSTRIAL S.A.B. DE C.V.,industriasindustri.mx,Fernando Ruiz,Founder,FOUNDER,EXECUTIVE,fruiz@industriasindustri.mx,VERIFIED,85,+527029023418,2026-09-06T14:31:01.692827+00:00
General Commercial & Services,INDUSTRIAS INDUSTRIAL S.A.B. DE C.V.,industriasindustri.com.mx,Miguel Hernández,Chief Technology Officer (CTO),C_SUITE,ENGINEERING_IT,mhernández@industriasindustri.com.mx,VERIFIED,85,+526461147968,2026-09-06T14:31:01.692827+00:00
General Commercial & Services,INNOVACION ESPECIALIZADA S.A. DE C.V.,innovacionespecial.com.mx,Hector Martínez,Chief Executive Officer (CEO),C_SUITE,EXECUTIVE,hmartínez@innovacionespecial.com.mx,VERIFIED,85,+526059009502,2026-09-06T14:31:01.692827+00:00
General Commercial & Services,INNOVACION ESPECIALIZADA S.A. DE C.V.,innovacionespecial.com.mx,Hector Alarcón,Chief Revenue Officer (CRO),C_SUITE,SALES_MARKETING,halarcón@innovacionespecial.com,VERIFIED,85,+524180339423,2026-09-06T14:31:01.692827+00:00
General Commercial & Services,INNOVACION ESPECIALIZADA S.A. DE C.V.,innovacionespecial.com.mx,Gabriel Vega,Chief Revenue Officer (CRO),C_SUITE,SALES_MARKETING,gvega@innovacionespecial.com.mx,VERIFIED,85,+526160197496,2026-09-06T14:31:01.692827+00:00
General Commercial & Services,INNOVACION ESPECIALIZADA 80 S.A.B. DE C.V.,innovacionespecial.com,Miguel Valenzuela,Chief Human Resources Officer (CHRO),C_SUITE,HR_PEOPLE,mvalenzuela@innovacionespecial.com,VERIFIED,85,+525573947221,2026-09-06T14:31:01.692827+00:00
General Commercial & Services,INNOVACION DINAMICA S.C.,innovaciondinamica.mx,Fernando García,Founder,FOUNDER,EXECUTIVE,fgarcía@innovaciondinamica.mx,VERIFIED,85,+524482402791,2026-09-06T14:31:01.692827+00:00
General Commercial & Services,INNOVACION DINAMICA S.A.P.I. DE C.V.,innovaciondinamica.com,Jorge Hernández,Founder,FOUNDER,EXECUTIVE,jhernández@innovaciondinamica.com,VERIFIED,85,+527781838719,2026-09-06T14:31:01.692827+00:00
General Commercial & Services,MANUFACTURA MODERNA 16 S.A.P.I. DE C.V.,manufacturamoderna.com,Carlos Castro,Chief Executive Officer (CEO),C_SUITE,EXECUTIVE,ccastro@manufacturamoderna.com,VERIFIED,85,+527598136173,2026-09-06T14:31:01.694588+00:00
General Commercial & Services,MANUFACTURA MODERNA 16 S.A.P.I. DE C.V.,manufacturamoderna.com,Daniel Mendoza,Chief Revenue Officer (CRO),C_SUITE,SALES_MARKETING,dmendoza@manufacturamoderna.com,VERIFIED,85,+526114336710,2026-09-06T14:31:01.694588+00:00
General Commercial & Services,MANUFACTURA MODERNA S.A.P.I. DE C.V.,manufacturamoderna.com.mx,David Ruiz,Chief Revenue Officer (CRO),C_SUITE,SALES_MARKETING,druiz@manufacturamoderna.com.mx,VERIFIED,85,+529985862899,2026-09-06T14:31:01.694588+00:00
General Commercial & Services,MANUFACTURA MODERNA S.A.P.I. DE C.V.,manufacturamoderna.com.mx,Claudia García,Chief Technology Officer (CTO),C_SUITE,ENGINEERING_IT,cgarcía@manufacturamoderna.com.mx,VERIFIED,85,+525964097568,2026-09-06T14:31:01.694588+00:00
General Commercial & Services,MANUFACTURA MODERNA S. DE R.L. DE C.V.,manufacturamoderna.mx,Miguel López,Founder,FOUNDER,EXECUTIVE,mlópez@manufacturamoderna.mx,VERIFIED,85,+526473381489,2026-09-06T14:31:01.694588+00:00
General Commercial & Services,INNOVACION MEXICANA S.A.B. DE C.V.,innovacionmexicana.mx,Hector Mendoza,Chief Revenue Officer (CRO),C_SUITE,SALES_MARKETING,hmendoza@innovacionmexicana.mx,VERIFIED,85,+529410413252,2026-09-06T14:31:01.694588+00:00
General Commercial & Services,INNOVACION MEXICANA S.A. DE C.V.,innovacionmexicana.com,Miguel Hernández,Chief Operating Officer (COO),C_SUITE,OPERATIONS,mhernández@innovacionmexicana.com,VERIFIED,85,+529238876867,2026-09-06T14:31:01.694588+00:00
General Commercial & Services,INNOVACION MEXICANA S.A. DE C.V.,innovacionmexicana.com,Eduardo Mendoza,Chief Financial Officer (CFO),C_SUITE,FINANCE,emendoza@innovacionmexicana.com,VERIFIED,85,+524412376389,2026-09-06T14:31:01.694588+00:00
General Commercial & Services,INDUSTRIAS EMPRESARIAL S.A.B. DE C.V.,industriasempresar.mx,Hector López,Chief Operating Officer (COO),C_SUITE,OPERATIONS,hlópez@industriasempresar.mx,VERIFIED,85,+527174265900,2026-09-06T14:31:01.694588+00:00
General Commercial & Services,INDUSTRIAS EMPRESARIAL S.A.B. DE C.V.,industriasempresar.mx,Claudia Vega,Founder,FOUNDER,EXECUTIVE,cvega@industriasempresar.mx,VERIFIED,85,+526675531872,2026-09-06T14:31:01.694588+00:00
General Commercial & Services,INDUSTRIAS EMPRESARIAL S.A.B. DE C.V.,industriasempresar.mx,Patricia Vega,Founder,FOUNDER,EXECUTIVE,pvega@industriasempresar.mx,VERIFIED,85,+524160235610,2026-09-06T14:31:01.694588+00:00
General Commercial & Services,INDUSTRIAS EMPRESARIAL S.A.B. DE C.V.,industriasempresar.mx,Jorge Mendoza,Chief Executive Officer (CEO),C_SUITE,EXECUTIVE,jmendoza@industriasempresar.mx,VERIFIED,85,+524853409891,2026-09-06T14:31:01.694588+00:00
General Commercial & Services,INDUSTRIAS EMPRESARIAL S.A.B. DE C.V.,industriasempresar.mx,Javier Mendoza,Chief Executive Officer (CEO),C_SUITE,EXECUTIVE,jmendoza@industriasempresar.mx,VERIFIED,85,+527752165530,2026-09-06T14:31:01.694588+00:00
General Commercial & Services,INDUSTRIAS EMPRESARIAL S.A.S.,industriasempresar.com,Carlos Mendoza,Founder,FOUNDER,EXECUTIVE,cmendoza@industriasempresar.com,VERIFIED,85,+526350703356,2026-09-06T14:31:01.694588+00:00
General Commercial & Services,INDUSTRIAS EMPRESARIAL S.A.S.,industriasempresar.com,Roberto Castro,Chief Executive Officer (CEO),C_SUITE,EXECUTIVE,rcastro@industriasempresar.com.mx,VERIFIED,85,+526678978966,2026-09-06T14:31:01.694588+00:00
General Commercial & Services,INDUSTRIAS EMPRESARIAL S.A.S.,industriasempresar.com,Mariana Benítez,Chief Operating Officer (COO),C_SUITE,OPERATIONS,mbenítez@industriasempresar.com,VERIFIED,85,+527295124600,2026-09-06T14:31:01.694588+00:00
General Commercial & Services,INNOVACION DE LAS AMERICAS S.A. DE C.V.,innovaciondelasame.com,Carlos García,Chief Human Resources Officer (CHRO),C_SUITE,HR_PEOPLE,cgarcía@innovaciondelasame.com,VERIFIED,85,+527881912953,2026-09-06T14:31:01.694588+00:00
General Commercial & Services,INNOVACION DE LAS AMERICAS S.A. DE C.V.,innovaciondelasame.com,Hector López,Chief Operating Officer (COO),C_SUITE,OPERATIONS,hlópez@innovaciondelasame.mx,VERIFIED,85,+526647216619,2026-09-06T14:31:01.694588+00:00
General Commercial & Services,INNOVACION DE LAS AMERICAS S.A. DE C.V.,innovaciondelasame.com,Jorge Castro,Founder,FOUNDER,EXECUTIVE,jcastro@innovaciondelasame.com,VERIFIED,85,+527430015450,2026-09-06T14:31:01.694588+00:00
General Commercial & Services,INNOVACION DE OCCIDENTE S.A.S.,innovaciondeoccide.com.mx,Eduardo Ruiz,Chief Executive Officer (CEO),C_SUITE,EXECUTIVE,eruiz@innovaciondeoccide.com.mx,VERIFIED,85,+524986315383,2026-09-06T14:31:01.694588+00:00
General Commercial & Services,INNOVACION DE OCCIDENTE S.A.S.,innovaciondeoccide.com.mx,Patricia López,Chief Technology Officer (CTO),C_SUITE,ENGINEERING_IT,plópez@innovaciondeoccide.com.mx,VERIFIED,85,+525047838845,2026-09-06T14:31:01.694588+00:00
General Commercial & Services,INNOVACION DE LAS AMERICAS S.A.P.I. DE C.V.,innovaciondelasame.mx,Guillermo Martínez,Chief Revenue Officer (CRO),C_SUITE,SALES_MARKETING,gmartínez@innovaciondelasame.mx,VERIFIED,85,+528623560297,2026-09-06T14:31:01.694588+00:00
General Commercial & Services,INNOVACION DE OCCIDENTE S.A. DE C.V.,innovaciondeoccide.mx,Roberto Martínez,Chief Financial Officer (CFO),C_SUITE,FINANCE,rmartínez@innovaciondeoccide.mx,VERIFIED,85,+528981454098,2026-09-06T14:31:01.694588+00:00
General Commercial & Services,MANUFACTURA INDUSTRIAL S.C.,manufacturaindustr.com,Daniel Mendoza,Founder,FOUNDER,EXECUTIVE,dmendoza@manufacturaindustr.com,VERIFIED,85,+527010170581,2026-09-06T14:31:01.694588+00:00
General Commercial & Services,MANUFACTURA INDUSTRIAL S. DE R.L. DE C.V.,manufacturaindustr.mx,Hector Mendoza,Chief Revenue Officer (CRO),C_SUITE,SALES_MARKETING,hmendoza@manufacturaindustr.mx,VERIFIED,85,+527994219949,2026-09-06T14:31:01.694588+00:00
General Commercial & Services,MANUFACTURA INDUSTRIAL S. DE R.L. DE C.V.,manufacturaindustr.mx,Fernando Martínez,Chief Human Resources Officer (CHRO),C_SUITE,HR_PEOPLE,fmartínez@manufacturaindustr.mx,VERIFIED,85,+526171085029,2026-09-06T14:31:01.694588+00:00
General Commercial & Services,MANUFACTURA DINAMICA 63 S.A.S.,manufacturadinamic.com,Patricia Valenzuela,Chief Revenue Officer (CRO),C_SUITE,SALES_MARKETING,pvalenzuela@manufacturadinamic.com,VERIFIED,85,+525476147072,2026-09-06T14:31:01.694588+00:00
General Commercial & Services,MANUFACTURA DINAMICA S.C.,manufacturadinamic.mx,Guillermo Vega,Chief Technology Officer (CTO),C_SUITE,ENGINEERING_IT,gvega@manufacturadinamic.mx,VERIFIED,85,+528743131751,2026-09-06T14:31:01.694588+00:00
General Commercial & Services,MANUFACTURA DINAMICA S.A. DE C.V.,manufacturadinamic.com.mx,Alejandro Garza,Chief Operating Officer (COO),C_SUITE,OPERATIONS,agarza@manufacturadinamic.com.mx,VERIFIED,85,+525479807283,2026-09-06T14:31:01.694588+00:00
General Commercial & Services,INDUSTRIAS LATINOAMERICANA S. DE R.L. DE C.V.,industriaslatinoam.com.mx,Eduardo García,Chief Revenue Officer (CRO),C_SUITE,SALES_MARKETING,egarcía@industriaslatinoam.com.mx,VERIFIED,85,+528977368812,2026-09-06T14:31:01.697147+00:00
General Commercial & Services,INDUSTRIAS LATINOAMERICANA S. DE R.L. DE C.V.,industriaslatinoam.com.mx,Roberto Alarcón,Chief Technology Officer (CTO),C_SUITE,ENGINEERING_IT,ralarcón@industriaslatinoam.com.mx,VERIFIED,85,+526152001378,2026-09-06T14:31:01.697147+00:00
General Commercial & Services,INDUSTRIAS LATINOAMERICANA S.A.S.,industriaslatinoam.mx,Carlos Valenzuela,Chief Revenue Officer (CRO),C_SUITE,SALES_MARKETING,cvalenzuela@industriaslatinoam.mx,VERIFIED,85,+529737932810,2026-09-06T14:31:01.697147+00:00
General Commercial & Services,MANUFACTURA INTERNACIONAL 91 S.A.B. DE C.V.,manufacturainterna.mx,Patricia Salinas,Founder,FOUNDER,EXECUTIVE,psalinas@manufacturainterna.mx,VERIFIED,85,+527436859113,2026-09-06T14:31:01.697554+00:00
General Commercial & Services,MANUFACTURA INTERNACIONAL 91 S.A.B. DE C.V.,manufacturainterna.mx,Guillermo González,Chief Human Resources Officer (CHRO),C_SUITE,HR_PEOPLE,ggonzález@manufacturainterna.mx,VERIFIED,85,+526048911026,2026-09-06T14:31:01.697554+00:00
General Commercial & Services,MANUFACTURA INTERNACIONAL S.C.,manufacturainterna.com.mx,Mariana Valenzuela,Chief Financial Officer (CFO),C_SUITE,FINANCE,mvalenzuela@manufacturainterna.com.mx,VERIFIED,85,+529025610667,2026-09-06T14:31:01.697554+00:00
General Commercial & Services,MANUFACTURA INTERNACIONAL S.A. DE C.V.,manufacturainterna.com,Carlos Vega,Chief Human Resources Officer (CHRO),C_SUITE,HR_PEOPLE,cvega@manufacturainterna.com,VERIFIED,85,+524918220214,2026-09-06T14:31:01.697554+00:00
General Commercial & Services,MANUFACTURA INTERNACIONAL S.A. DE C.V.,manufacturainterna.com,Gabriel Hernández,Chief Financial Officer (CFO),C_SUITE,FINANCE,ghernández@manufacturainterna.com,VERIFIED,85,+529170006135,2026-09-06T14:31:01.697554+00:00
General Commercial & Services,INDUSTRIAS INTERNACIONAL S.C.,industriasinternac.com.mx,David Navarro,Chief Operating Officer (COO),C_SUITE,OPERATIONS,dnavarro@industriasinternac.com.mx,VERIFIED,85,+529440423000,2026-09-06T14:31:01.697554+00:00
General Commercial & Services,MANUFACTURA DEL PACIFICO 41 S.A.P.I. DE C.V.,manufacturadelpaci.com,Guillermo González,Founder,FOUNDER,EXECUTIVE,ggonzález@manufacturadelpaci.com,VERIFIED,85,+523350837302,2026-09-06T14:31:01.697554+00:00
General Commercial & Services,MANUFACTURA DEL PACIFICO 41 S.A.P.I. DE C.V.,manufacturadelpaci.com,Rodrigo Vega,Chief Technology Officer (CTO),C_SUITE,ENGINEERING_IT,rvega@manufacturadelpaci.com,VERIFIED,85,+523385707549,2026-09-06T14:31:01.697554+00:00
General Commercial & Services,MANUFACTURA DEL PACIFICO S.C.,manufacturadelpaci.mx,David Hernández,Chief Operating Officer (COO),C_SUITE,OPERATIONS,dhernández@manufacturadelpaci.mx,VERIFIED,85,+523378595064,2026-09-06T14:31:01.697554+00:00
General Commercial & Services,MANUFACTURA DEL NORTE S. DE R.L. DE C.V.,manufacturadelnort.mx,Alejandro Salinas,Chief Operating Officer (COO),C_SUITE,OPERATIONS,asalinas@manufacturadelnort.mx,VERIFIED,85,+523323331284,2026-09-06T14:31:01.697554+00:00
General Commercial & Services,MANUFACTURA DEL NORTE S. DE R.L. DE C.V.,manufacturadelnort.mx,Roberto Valenzuela,Chief Executive Officer (CEO),C_SUITE,EXECUTIVE,rvalenzuela@manufacturadelnort.mx,VERIFIED,85,+523328993454,2026-09-06T14:31:01.697554+00:00
General Commercial & Services,MANUFACTURA DEL CENTRO 37 S.A.S.,manufacturadelcent.com.mx,Rodrigo Martínez,Chief Human Resources Officer (CHRO),C_SUITE,HR_PEOPLE,rmartínez@manufacturadelcent.com.mx,VERIFIED,85,+523315163742,2026-09-06T14:31:01.697554+00:00
General Commercial & Services,MANUFACTURA DEL CENTRO 37 S.A.S.,manufacturadelcent.com.mx,Miguel Alarcón,Founder,FOUNDER,EXECUTIVE,malarcón@manufacturadelcent.com.mx,VERIFIED,85,+523392574205,2026-09-06T14:31:01.697554+00:00
General Commercial & Services,MANUFACTURA DEL CENTRO 36 S.A.S.,manufacturadelcent.com,Patricia Dominguez,Chief Human Resources Officer (CHRO),C_SUITE,HR_PEOPLE,pdominguez@manufacturadelcent.com,VERIFIED,85,+523360206699,2026-09-06T14:31:01.697554+00:00
General Commercial & Services,MANUFACTURA DEL PACIFICO S.A.S.,manufacturadelpaci.com.mx,Gabriel Hernández,Chief Executive Officer (CEO),C_SUITE,EXECUTIVE,ghernández@manufacturadelpaci.com.mx,VERIFIED,85,+523356784396,2026-09-06T14:31:01.697554+00:00
General Commercial & Services,MANUFACTURA DEL BAJIO S.A. DE C.V.,manufacturadelbaji.mx,Sofia Morales,Chief Revenue Officer (CRO),C_SUITE,SALES_MARKETING,smorales@manufacturadelbaji.mx,VERIFIED,85,+523383187932,2026-09-06T14:31:01.697554+00:00
General Commercial & Services,MANUFACTURA DEL BAJIO S.A.S.,manufacturadelbaji.com.mx,Adriana López,Chief Operating Officer (COO),C_SUITE,OPERATIONS,alópez@manufacturadelbaji.com.mx,VERIFIED,85,+523343667068,2026-09-06T14:31:01.697554+00:00
General Commercial & Services,MANUFACTURA DEL BAJIO S.A.S.,manufacturadelbaji.com.mx,Hector Castro,Chief Executive Officer (CEO),C_SUITE,EXECUTIVE,hcastro@manufacturadelbaji.com.mx,VERIFIED,85,+523370825228,2026-09-06T14:31:01.697554+00:00
General Commercial & Services,INNOVACION LATINOAMERICANA 86 S.A.P.I. DE C.V.,innovacionlatinoam.mx,Adriana García,Chief Executive Officer (CEO),C_SUITE,EXECUTIVE,agarcía@innovacionlatinoam.mx,VERIFIED,85,+529657800062,2026-09-06T14:31:01.697554+00:00
General Commercial & Services,INNOVACION LATINOAMERICANA S.A.S.,innovacionlatinoam.com,Daniel Morales,Chief Revenue Officer (CRO),C_SUITE,SALES_MARKETING,dmorales@innovacionlatinoam.com,VERIFIED,85,+529421549251,2026-09-06T14:31:01.697554+00:00
General Commercial & Services,INNOVACION LATINOAMERICANA S.A.S.,innovacionlatinoam.com,Jorge Garza,Chief Executive Officer (CEO),C_SUITE,EXECUTIVE,jgarza@innovacionlatinoam.com,VERIFIED,85,+525371804927,2026-09-06T14:31:01.697554+00:00
General Commercial & Services,INNOVACION INTERNACIONAL S.A. DE C.V.,innovacioninternac.com,Patricia Vega,Chief Executive Officer (CEO),C_SUITE,EXECUTIVE,pvega@innovacioninternac.com,VERIFIED,85,+525592321042,2026-09-06T14:31:01.697554+00:00
General Commercial & Services,INNOVACION INTERNACIONAL S.A. DE C.V.,innovacioninternac.com,Alejandro Villaseñor,Founder,FOUNDER,EXECUTIVE,avillaseñor@innovacioninternac.mx,VERIFIED,85,+525572383109,2026-09-06T14:31:01.697554+00:00
General Commercial & Services,INNOVACION INTERNACIONAL S.A. DE C.V.,innovacioninternac.com,Roberto Villaseñor,Chief Technology Officer (CTO),C_SUITE,ENGINEERING_IT,rvillaseñor@innovacioninternac.com,VERIFIED,85,+525591877500,2026-09-06T14:31:01.697554+00:00
General Commercial & Services,MANUFACTURA AVANZADA S.A.S.,manufacturaavanzad.mx,Daniel Treviño,Chief Financial Officer (CFO),C_SUITE,FINANCE,dtreviño@manufacturaavanzad.mx,VERIFIED,85,+529876528268,2026-09-06T14:31:01.697554+00:00
General Commercial & Services,MANUFACTURA AVANZADA S.A. DE C.V.,manufacturaavanzad.com,Fernando García,Chief Operating Officer (COO),C_SUITE,OPERATIONS,fgarcía@manufacturaavanzad.com,VERIFIED,85,+526397567954,2026-09-06T14:31:01.697554+00:00
General Commercial & Services,INDUSTRIAS MODERNA S.C.,industriasmoderna9.mx,David Mendoza,Chief Technology Officer (CTO),C_SUITE,ENGINEERING_IT,dmendoza@industriasmoderna9.mx,VERIFIED,85,+528925481694,2026-09-06T14:31:01.697554+00:00
General Commercial & Services,INDUSTRIAS MODERNA S.C.,industriasmoderna9.mx,David Ruiz,Chief Operating Officer (COO),C_SUITE,OPERATIONS,druiz@industriasmoderna.mx,VERIFIED,85,+525935728862,2026-09-06T14:31:01.697554+00:00
General Commercial & Services,INDUSTRIAS MODERNA S.A.S.,industriasmoderna9.com,Javier Morales,Chief Technology Officer (CTO),C_SUITE,ENGINEERING_IT,jmorales@industriasmoderna9.com,VERIFIED,85,+527271369384,2026-09-06T14:31:01.697554+00:00
General Commercial & Services,INDUSTRIAS MODERNA S.A.B. DE C.V.,industriasmoderna.com.mx,Roberto Morales,Chief Human Resources Officer (CHRO),C_SUITE,HR_PEOPLE,rmorales@industriasmoderna.com.mx,VERIFIED,85,+525144062228,2026-09-06T14:31:01.697554+00:00
General Commercial & Services,MANUFACTURA MEXICANA S. DE R.L. DE C.V.,manufacturamexican.com,Carlos Alarcón,Chief Human Resources Officer (CHRO),C_SUITE,HR_PEOPLE,calarcón@manufacturamexican.com,VERIFIED,85,+524761512500,2026-09-06T14:31:01.697554+00:00
General Commercial & Services,MANUFACTURA MEXICANA S. DE R.L. DE C.V.,manufacturamexican.com.mx,Claudia Salinas,Chief Revenue Officer (CRO),C_SUITE,SALES_MARKETING,csalinas@manufacturamexican.com.mx,VERIFIED,85,+524627028589,2026-09-06T14:31:01.697554+00:00
General Commercial & Services,MANUFACTURA MEXICANA 97 S. DE R.L. DE C.V.,manufacturamexican.mx,Alejandro Alarcón,Founder,FOUNDER,EXECUTIVE,aalarcón@manufacturamexican.mx,VERIFIED,85,+527076192187,2026-09-06T14:31:01.697554+00:00
General Commercial & Services,INDUSTRIAS ESPECIALIZADA S.A.B. DE C.V.,industriasespecial.com.mx,Carlos Morales,Chief Revenue Officer (CRO),C_SUITE,SALES_MARKETING,cmorales@industriasespecial.com.mx,VERIFIED,85,+527364330385,2026-09-06T14:31:01.697554+00:00
General Commercial & Services,INDUSTRIAS ESPECIALIZADA S.A.B. DE C.V.,industriasespecial.mx,Javier García,Chief Revenue Officer (CRO),C_SUITE,SALES_MARKETING,jgarcía@industriasespecial.mx,VERIFIED,85,+527782219953,2026-09-06T14:31:01.697554+00:00
General Commercial & Services,INDUSTRIAS ESPECIALIZADA S.A.B. DE C.V.,industriasespecial.mx,Miguel Navarro,Chief Technology Officer (CTO),C_SUITE,ENGINEERING_IT,mnavarro@industriasespecial.mx,VERIFIED,85,+525315946322,2026-09-06T14:31:01.697554+00:00
General Commercial & Services,INDUSTRIAS ESPECIALIZADA S.A.B. DE C.V.,industriasespecial.mx,Eduardo Benítez,Chief Technology Officer (CTO),C_SUITE,ENGINEERING_IT,ebenítez@industriasespecial.mx,VERIFIED,85,+524243885365,2026-09-06T14:31:01.697554+00:00
General Commercial & Services,INDUSTRIAS DINAMICA 31 S.A.S.,industriasdinamica.mx,Sofia Treviño,Chief Executive Officer (CEO),C_SUITE,EXECUTIVE,streviño@industriasdinamica.mx,VERIFIED,85,+527489773624,2026-09-06T14:31:01.697554+00:00
General Commercial & Services,INDUSTRIAS DINAMICA 31 S.A.S.,industriasdinamica.mx,Javier García,Chief Executive Officer (CEO),C_SUITE,EXECUTIVE,jgarcía@industriasdinamica.mx,VERIFIED,85,+526611189682,2026-09-06T14:31:01.697554+00:00
General Commercial & Services,INDUSTRIAS DINAMICA S.A.S.,industriasdinamica.mx,Roberto Villaseñor,Chief Revenue Officer (CRO),C_SUITE,SALES_MARKETING,rvillaseñor@industriasdinamica.mx,VERIFIED,85,+527714401860,2026-09-06T14:31:01.697554+00:00
General Commercial & Services,INDUSTRIAS DINAMICA S.A. DE C.V.,industriasdinamica.com,Javier Salinas,Chief Operating Officer (COO),C_SUITE,OPERATIONS,jsalinas@industriasdinamica.com,VERIFIED,85,+527519926295,2026-09-06T14:31:01.697554+00:00
General Commercial & Services,INDUSTRIAS DINAMICA S.A. DE C.V.,industriasdinamica.com,Rodrigo García,Founder,FOUNDER,EXECUTIVE,rgarcía@industriasdinamica.com,VERIFIED,85,+527297805315,2026-09-06T14:31:01.697554+00:00
General Commercial & Services,MANUFACTURA INTERNACIONAL S.A.P.I. DE C.V.,manufacturainterna.com.mx,Miguel Vega,Chief Human Resources Officer (CHRO),C_SUITE,HR_PEOPLE,mvega@manufacturainterna.com.mx,VERIFIED,85,+524667417667,2026-09-06T14:31:01.697554+00:00
General Commercial & Services,MANUFACTURA INTERNACIONAL S.A.P.I. DE C.V.,manufacturainterna.com.mx,Gabriel Morales,Founder,FOUNDER,EXECUTIVE,gmorales@manufacturainterna.com.mx,VERIFIED,85,+528836947304,2026-09-06T14:31:01.697554+00:00
General Commercial & Services,MANUFACTURA INTERNACIONAL S.A.P.I. DE C.V.,manufacturainterna.com.mx,Luis Garza,Chief Human Resources Officer (CHRO),C_SUITE,HR_PEOPLE,lgarza@manufacturainterna.com.mx,VERIFIED,85,+529137603930,2026-09-06T14:31:01.697554+00:00
General Commercial & Services,INNOVACION INTEGRAL S.A.S.,innovacionintegral.mx,David Morales,Chief Executive Officer (CEO),C_SUITE,EXECUTIVE,dmorales@innovacionintegral.mx,VERIFIED,85,+529119483977,2026-09-06T14:31:01.697554+00:00
General Commercial & Services,INNOVACION INTEGRAL S.A.P.I. DE C.V.,innovacionintegral.com,Guillermo Vega,Chief Technology Officer (CTO),C_SUITE,ENGINEERING_IT,gvega@innovacionintegral.com,VERIFIED,85,+525688091058,2026-09-06T14:31:01.697554+00:00
General Commercial & Services,INNOVACION INTEGRAL S.A.P.I. DE C.V.,innovacionintegral.com,Patricia Morales,Founder,FOUNDER,EXECUTIVE,pmorales@innovacionintegral.com,VERIFIED,85,+526128836836,2026-09-06T14:31:01.697554+00:00
General Commercial & Services,INNOVACION INTEGRAL S.C.,innovacionintegral.com.mx,Eduardo Treviño,Founder,FOUNDER,EXECUTIVE,etreviño@innovacionintegral.com.mx,VERIFIED,85,+528564451778,2026-09-06T14:31:01.697554+00:00
General Commercial & Services,MANUFACTURA LATINOAMERICANA S.A.S.,manufacturalatinoa.mx,David Salinas,Founder,FOUNDER,EXECUTIVE,dsalinas@manufacturalatinoa.mx,VERIFIED,85,+527577886023,2026-09-06T14:31:01.697554+00:00
General Commercial & Services,MANUFACTURA LATINOAMERICANA S.A.S.,manufacturalatinoa.mx,David Martínez,Chief Revenue Officer (CRO),C_SUITE,SALES_MARKETING,dmartínez@manufacturalatinoa.mx,VERIFIED,85,+528316909105,2026-09-06T14:31:01.697554+00:00
General Commercial & Services,MANUFACTURA LATINOAMERICANA 29 S.A.P.I. DE C.V.,manufacturalatinoa.com,Adriana Martínez,Chief Executive Officer (CEO),C_SUITE,EXECUTIVE,amartínez@manufacturalatinoa.com,VERIFIED,85,+525942674050,2026-09-06T14:31:01.697554+00:00
General Commercial & Services,MANUFACTURA LATINOAMERICANA S.C.,manufacturalatinoa.com.mx,Miguel García,Chief Revenue Officer (CRO),C_SUITE,SALES_MARKETING,mgarcía@manufacturalatinoa.com.mx,VERIFIED,85,+528022862179,2026-09-06T14:31:01.697554+00:00
General Commercial & Services,INNOVACION CENTRAL S.A.P.I. DE C.V.,innovacioncentral.com.mx,Daniel Dominguez,Chief Operating Officer (COO),C_SUITE,OPERATIONS,ddominguez@innovacioncentral.com.mx,VERIFIED,85,+525215321157,2026-09-06T14:31:01.697554+00:00
General Commercial & Services,INNOVACION CENTRAL 66 S.A.P.I. DE C.V.,innovacioncentral9.mx,Patricia Hernández,Chief Executive Officer (CEO),C_SUITE,EXECUTIVE,phernández@innovacioncentral9.mx,VERIFIED,85,+527832844075,2026-09-06T14:31:01.697554+00:00
General Commercial & Services,INDUSTRIAS LATINOAMERICANA 45 S.A. DE C.V.,industriaslatinoam.mx,Andrea Hernández,Chief Executive Officer (CEO),C_SUITE,EXECUTIVE,ahernández@industriaslatinoam.mx,VERIFIED,85,+524499884041,2026-09-06T14:31:01.706792+00:00
General Commercial & Services,INDUSTRIAS AVANZADA S.A.B. DE C.V.,industriasavanzada.mx,Rodrigo Ruiz,Founder,FOUNDER,EXECUTIVE,rruiz@industriasavanzada.mx,VERIFIED,85,+524152490717,2026-09-06T14:31:01.706792+00:00
General Commercial & Services,INDUSTRIAS AVANZADA S.A.B. DE C.V.,industriasavanzada.mx,Luis Salinas,Chief Executive Officer (CEO),C_SUITE,EXECUTIVE,lsalinas@industriasavanzada.mx,VERIFIED,85,+527093643762,2026-09-06T14:31:01.706792+00:00
General Commercial & Services,INDUSTRIAS AVANZADA S.A. DE C.V.,industriasavanzada.com,Carlos Mendoza,Chief Executive Officer (CEO),C_SUITE,EXECUTIVE,cmendoza@industriasavanzada.com,VERIFIED,85,+529152993004,2026-09-06T14:31:01.706792+00:00
General Commercial & Services,MANUFACTURA INTEGRAL 2 S.A. DE C.V.,manufacturaintegra.com,David Martínez,Chief Human Resources Officer (CHRO),C_SUITE,HR_PEOPLE,dmartínez@manufacturaintegra.com,VERIFIED,85,+526974915812,2026-09-06T14:31:01.706792+00:00
General Commercial & Services,MANUFACTURA INTEGRAL 2 S.A. DE C.V.,manufacturaintegra.com,Roberto Salinas,Chief Technology Officer (CTO),C_SUITE,ENGINEERING_IT,rsalinas@manufacturaintegra.com,VERIFIED,85,+526669963257,2026-09-06T14:31:01.706792+00:00
General Commercial & Services,MANUFACTURA INTEGRAL S.A. DE C.V.,manufacturaintegra.mx,Daniel Alarcón,Chief Operating Officer (COO),C_SUITE,OPERATIONS,dalarcón@manufacturaintegra.mx,VERIFIED,85,+528977275483,2026-09-06T14:31:01.706792+00:00
General Commercial & Services,MANUFACTURA LATINOAMERICANA S. DE R.L. DE C.V.,manufacturalatinoa.com,Luis Salinas,Chief Revenue Officer (CRO),C_SUITE,SALES_MARKETING,lsalinas@manufacturalatinoa.com,VERIFIED,85,+528175055833,2026-09-06T14:31:01.708798+00:00
General Commercial & Services,MANUFACTURA LATINOAMERICANA S. DE R.L. DE C.V.,manufacturalatinoa.com,David Villaseñor,Chief Operating Officer (COO),C_SUITE,OPERATIONS,dvillaseñor@manufacturalatinoa.com,VERIFIED,85,+528179808359,2026-09-06T14:31:01.708798+00:00
General Commercial & Services,MANUFACTURA LATINOAMERICANA S. DE R.L. DE C.V.,manufacturalatinoa.com,Roberto Dominguez,Chief Revenue Officer (CRO),C_SUITE,SALES_MARKETING,rdominguez@manufacturalatinoa.mx,VERIFIED,85,+528116089787,2026-09-06T14:31:01.708798+00:00
General Commercial & Services,MANUFACTURA LATINOAMERICANA S. DE R.L. DE C.V.,manufacturalatinoa.com,Alejandro Villaseñor,Chief Executive Officer (CEO),C_SUITE,EXECUTIVE,avillaseñor@manufacturalatinoa.com.mx,VERIFIED,85,+528184346449,2026-09-06T14:31:01.708798+00:00
General Commercial & Services,MANUFACTURA LATINOAMERICANA 2 S.A.S.,manufacturalatinoa.com.mx,David Treviño,Chief Human Resources Officer (CHRO),C_SUITE,HR_PEOPLE,dtreviño@manufacturalatinoa.com.mx,VERIFIED,85,+528187005039,2026-09-06T14:31:01.708798+00:00
General Commercial & Services,MANUFACTURA LATINOAMERICANA S.A. DE C.V.,manufacturalatinoa.mx,Eduardo Garza,Chief Operating Officer (COO),C_SUITE,OPERATIONS,egarza@manufacturalatinoa.mx,VERIFIED,85,+528159154723,2026-09-06T14:31:01.708798+00:00
General Commercial & Services,MANUFACTURA NACIONAL S. DE R.L. DE C.V.,manufacturanaciona.com,Patricia Treviño,Chief Human Resources Officer (CHRO),C_SUITE,HR_PEOPLE,ptreviño@manufacturanaciona.com,VERIFIED,85,+529581250187,2026-09-06T14:31:01.708798+00:00
General Commercial & Services,MANUFACTURA NACIONAL S.A. DE C.V.,manufacturanaciona.mx,Roberto Dominguez,Chief Executive Officer (CEO),C_SUITE,EXECUTIVE,rdominguez@manufacturanaciona.mx,VERIFIED,85,+529154948270,2026-09-06T14:31:01.708798+00:00
General Commercial & Services,INDUSTRIAS INTERNACIONAL S.A. DE C.V.,industriasinternac.mx,Claudia Navarro,Chief Human Resources Officer (CHRO),C_SUITE,HR_PEOPLE,cnavarro@industriasinternac.mx,VERIFIED,85,+524348360305,2026-09-06T14:31:01.709585+00:00
General Commercial & Services,INDUSTRIAS INTERNACIONAL S.A.S.,industriasinternac.com,Guillermo Morales,Chief Human Resources Officer (CHRO),C_SUITE,HR_PEOPLE,gmorales@industriasinternac.com,VERIFIED,85,+529654785830,2026-09-06T14:31:01.709585+00:00
General Commercial & Services,INDUSTRIAS INTERNACIONAL S.A.S.,industriasinternac.com,Sofia Mendoza,Chief Revenue Officer (CRO),C_SUITE,SALES_MARKETING,smendoza@industriasinternac.com,VERIFIED,85,+524264646266,2026-09-06T14:31:01.709585+00:00
General Commercial & Services,INDUSTRIAS INTERNACIONAL S.A.S.,industriasinternac.com,Patricia Navarro,Chief Human Resources Officer (CHRO),C_SUITE,HR_PEOPLE,pnavarro@industriasinternac.com,VERIFIED,85,+526887708403,2026-09-06T14:31:01.709585+00:00
General Commercial & Services,INNOVACION ESPECIALIZADA S.A.P.I. DE C.V.,innovacionespecial.com.mx,Gabriel Villaseñor,Chief Financial Officer (CFO),C_SUITE,FINANCE,gvillaseñor@innovacionespecial.com.mx,VERIFIED,85,+528420947269,2026-09-06T14:31:01.709585+00:00
General Commercial & Services,INNOVACION ESPECIALIZADA S.A.P.I. DE C.V.,innovacionespecial.com.mx,Rodrigo Mendoza,Chief Executive Officer (CEO),C_SUITE,EXECUTIVE,rmendoza@innovacionespecial.com.mx,VERIFIED,85,+525318891715,2026-09-06T14:31:01.709585+00:00
General Commercial & Services,INNOVACION ESPECIALIZADA S.A.B. DE C.V.,innovacionespecial.com,Fernando Mendoza,Founder,FOUNDER,EXECUTIVE,fmendoza@innovacionespecial.com,VERIFIED,85,+527874177633,2026-09-06T14:31:01.709585+00:00
General Commercial & Services,INDUSTRIAS DEL BAJIO S. DE R.L. DE C.V.,industriasdelbajio.com.mx,Roberto Navarro,Chief Human Resources Officer (CHRO),C_SUITE,HR_PEOPLE,rnavarro@industriasdelbajio.com.mx,VERIFIED,85,+528195052114,2026-09-06T14:31:01.709585+00:00
General Commercial & Services,INDUSTRIAS DEL BAJIO S. DE R.L. DE C.V.,industriasdelbajio.com.mx,Adriana Garza,Founder,FOUNDER,EXECUTIVE,agarza@industriasdelbajio.com.mx,VERIFIED,85,+528157256567,2026-09-06T14:31:01.709585+00:00
General Commercial & Services,INDUSTRIAS DEL NORTE S.A.P.I. DE C.V.,industriasdelnorte.mx,Fernando Vega,Founder,FOUNDER,EXECUTIVE,fvega@industriasdelnorte.mx,VERIFIED,85,+528193068627,2026-09-06T14:31:01.709585+00:00
General Commercial & Services,INDUSTRIAS DEL NORTE S.A.P.I. DE C.V.,industriasdelnorte.mx,David García,Chief Executive Officer (CEO),C_SUITE,EXECUTIVE,dgarcía@industriasdelnorte.mx,VERIFIED,85,+528172821099,2026-09-06T14:31:01.709585+00:00
General Commercial & Services,INDUSTRIAS DEL NORTE S.A.P.I. DE C.V.,industriasdelnorte.mx,Gabriel Ruiz,Chief Financial Officer (CFO),C_SUITE,FINANCE,gruiz@industriasdelnorte.com,VERIFIED,85,+528160023923,2026-09-06T14:31:01.709585+00:00
General Commercial & Services,INDUSTRIAS DEL PACIFICO S.A.S.,industriasdelpacif.mx,Sofia Alarcón,Chief Human Resources Officer (CHRO),C_SUITE,HR_PEOPLE,salarcón@industriasdelpacif.mx,VERIFIED,85,+528189773700,2026-09-06T14:31:01.709585+00:00
General Commercial & Services,INDUSTRIAS DEL PACIFICO S.A.S.,industriasdelpacif.mx,Guillermo Mendoza,Chief Financial Officer (CFO),C_SUITE,FINANCE,gmendoza@industriasdelpacif.mx,VERIFIED,85,+528136862742,2026-09-06T14:31:01.709585+00:00
General Commercial & Services,INDUSTRIAS DEL PACIFICO S.A.S.,industriasdelpacif.mx,Luis Valenzuela,Chief Executive Officer (CEO),C_SUITE,EXECUTIVE,lvalenzuela@industriasdelpacif.mx,VERIFIED,85,+528142377115,2026-09-06T14:31:01.709585+00:00
General Commercial & Services,INDUSTRIAS DEL PACIFICO S.A.S.,industriasdelpacif.mx,Fernando Villaseñor,Chief Operating Officer (COO),C_SUITE,OPERATIONS,fvillaseñor@industriasdelpacif.mx,VERIFIED,85,+528192262229,2026-09-06T14:31:01.709585+00:00
General Commercial & Services,INDUSTRIAS DEL BAJIO 14 S.C.,industriasdelbajio.com,Gabriel Dominguez,Chief Operating Officer (COO),C_SUITE,OPERATIONS,gdominguez@industriasdelbajio.com,VERIFIED,85,+528111800092,2026-09-06T14:31:01.709585+00:00
General Commercial & Services,INDUSTRIAS DEL CENTRO S. DE R.L. DE C.V.,industriasdelcentr.com,Patricia García,Founder,FOUNDER,EXECUTIVE,pgarcía@industriasdelcentr.com,VERIFIED,85,+528195529943,2026-09-06T14:31:01.709585+00:00
General Commercial & Services,INDUSTRIAS DEL CENTRO S. DE R.L. DE C.V.,industriasdelcentr.com,Rodrigo Dominguez,Chief Revenue Officer (CRO),C_SUITE,SALES_MARKETING,rdominguez@industriasdelcentr.com,VERIFIED,85,+528174321669,2026-09-06T14:31:01.709585+00:00
General Commercial & Services,INDUSTRIAS DEL CENTRO S. DE R.L. DE C.V.,industriasdelcentr.com,Luis Hernández,Founder,FOUNDER,EXECUTIVE,lhernández@industriasdelcentr.com,VERIFIED,85,+528134330102,2026-09-06T14:31:01.709585+00:00
General Commercial & Services,INDUSTRIAS DEL CENTRO S. DE R.L. DE C.V.,industriasdelcentr.com,Mariana Salinas,Chief Human Resources Officer (CHRO),C_SUITE,HR_PEOPLE,msalinas@industriasdelcentr.com,VERIFIED,85,+528183174318,2026-09-06T14:31:01.709585+00:00
General Commercial & Services,INDUSTRIAS DEL CENTRO S. DE R.L. DE C.V.,industriasdelcentr.com,Luis Benítez,Founder,FOUNDER,EXECUTIVE,lbenítez@industriasdelcentr.com,VERIFIED,85,+528188672077,2026-09-06T14:31:01.709585+00:00
General Commercial & Services,INDUSTRIAS DEL CENTRO S.C.,industriasdelcentr.com.mx,Andrea Salinas,Chief Financial Officer (CFO),C_SUITE,FINANCE,asalinas@industriasdelcentr.com.mx,VERIFIED,85,+528169989981,2026-09-06T14:31:01.709585+00:00
General Commercial & Services,INDUSTRIAS DEL NORTE S. DE R.L. DE C.V.,industriasdelnorte.com,Andrea Villaseñor,Chief Technology Officer (CTO),C_SUITE,ENGINEERING_IT,avillaseñor@industriasdelnorte.com,VERIFIED,85,+528185323443,2026-09-06T14:31:01.709585+00:00
General Commercial & Services,MANUFACTURA MEXICANA S. DE R.L. DE C.V.,manufacturamexican.com,Carlos Navarro,Chief Executive Officer (CEO),C_SUITE,EXECUTIVE,cnavarro@manufacturamexican.com,VERIFIED,85,+527082231256,2026-09-06T14:31:01.709585+00:00
General Commercial & Services,MANUFACTURA MEXICANA 21 S.A. DE C.V.,manufacturamexican.mx,Miguel Hernández,Chief Financial Officer (CFO),C_SUITE,FINANCE,mhernández@manufacturamexican.mx,VERIFIED,85,+528955784001,2026-09-06T14:31:01.709585+00:00
General Commercial & Services,INNOVACION MODERNA S. DE R.L. DE C.V.,innovacionmoderna4.com,Alejandro Morales,Chief Operating Officer (COO),C_SUITE,OPERATIONS,amorales@innovacionmoderna4.com,VERIFIED,85,+523326651431,2026-09-06T14:31:01.709585+00:00
General Commercial & Services,INNOVACION MODERNA S.A.P.I. DE C.V.,innovacionmoderna9.mx,Hector Hernández,Chief Operating Officer (COO),C_SUITE,OPERATIONS,hhernández@innovacionmoderna9.mx,VERIFIED,85,+523334991699,2026-09-06T14:31:01.709585+00:00
General Commercial & Services,INNOVACION MODERNA S.A.P.I. DE C.V.,innovacionmoderna9.mx,Claudia Hernández,Chief Operating Officer (COO),C_SUITE,OPERATIONS,chernández@innovacionmoderna.mx,VERIFIED,85,+523316806691,2026-09-06T14:31:01.709585+00:00
General Commercial & Services,INNOVACION MODERNA S.A.S.,innovacionmoderna.com.mx,Alejandro Dominguez,Chief Human Resources Officer (CHRO),C_SUITE,HR_PEOPLE,adominguez@innovacionmoderna.com.mx,VERIFIED,85,+523336289190,2026-09-06T14:31:01.709585+00:00
General Commercial & Services,INDUSTRIAS DINAMICA S.A.S.,industriasdinamica.com.mx,Adriana Salinas,Chief Operating Officer (COO),C_SUITE,OPERATIONS,asalinas@industriasdinamica.com.mx,VERIFIED,85,+528410917042,2026-09-06T14:31:01.709585+00:00
General Commercial & Services,MANUFACTURA MODERNA S.A.S.,manufacturamoderna.com,David González,Chief Technology Officer (CTO),C_SUITE,ENGINEERING_IT,dgonzález@manufacturamoderna.com,VERIFIED,85,+529038155022,2026-09-06T14:31:01.709585+00:00
General Commercial & Services,INNOVACION INDUSTRIAL S.A.S.,innovacionindustri.mx,Daniel Valenzuela,Chief Revenue Officer (CRO),C_SUITE,SALES_MARKETING,dvalenzuela@innovacionindustri.mx,VERIFIED,85,+525088922862,2026-09-06T14:31:01.709585+00:00
General Commercial & Services,INNOVACION INDUSTRIAL S.A.S.,innovacionindustri.mx,Carlos González,Chief Technology Officer (CTO),C_SUITE,ENGINEERING_IT,cgonzález@innovacionindustri.mx,VERIFIED,85,+526714886565,2026-09-06T14:31:01.709585+00:00
General Commercial & Services,INNOVACION INDUSTRIAL S.A.P.I. DE C.V.,innovacionindustri.com,Claudia Hernández,Chief Revenue Officer (CRO),C_SUITE,SALES_MARKETING,chernández@innovacionindustri.com,VERIFIED,85,+529363352633,2026-09-06T14:31:01.709585+00:00
General Commercial & Services,INNOVACION INDUSTRIAL S.A.S.,innovacionindustri.com.mx,Andrea González,Chief Financial Officer (CFO),C_SUITE,FINANCE,agonzález@innovacionindustri.com.mx,VERIFIED,85,+527148364426,2026-09-06T14:31:01.709585+00:00
General Commercial & Services,INNOVACION INDUSTRIAL S.A.S.,innovacionindustri.com.mx,Guillermo López,Chief Technology Officer (CTO),C_SUITE,ENGINEERING_IT,glópez@innovacionindustri.com.mx,VERIFIED,85,+529182267108,2026-09-06T14:31:01.709585+00:00
General Commercial & Services,INNOVACION INDUSTRIAL S.C.,innovacionindustri.com.mx,Carlos Garza,Chief Financial Officer (CFO),C_SUITE,FINANCE,cgarza@innovacionindustri.com.mx,VERIFIED,85,+525529181136,2026-09-06T14:31:01.709585+00:00
General Commercial & Services,INNOVACION INDUSTRIAL S.C.,innovacionindustri.com.mx,David Ruiz,Chief Revenue Officer (CRO),C_SUITE,SALES_MARKETING,druiz@innovacionindustri.com.mx,VERIFIED,85,+525597383145,2026-09-06T14:31:01.709585+00:00
General Commercial & Services,INNOVACION INDUSTRIAL S.C.,innovacionindustri.com.mx,Roberto Valenzuela,Chief Human Resources Officer (CHRO),C_SUITE,HR_PEOPLE,rvalenzuela@innovacionindustri.com.mx,VERIFIED,85,+525593237385,2026-09-06T14:31:01.709585+00:00
General Commercial & Services,INNOVACION INDUSTRIAL S.C.,innovacionindustri.mx,David Benítez,Chief Executive Officer (CEO),C_SUITE,EXECUTIVE,dbenítez@innovacionindustri.mx,VERIFIED,85,+525539471367,2026-09-06T14:31:01.709585+00:00
General Commercial & Services,INNOVACION INDUSTRIAL S.C.,innovacionindustri.mx,Adriana Treviño,Chief Technology Officer (CTO),C_SUITE,ENGINEERING_IT,atreviño@innovacionindustri.mx,VERIFIED,85,+525518214465,2026-09-06T14:31:01.709585+00:00
General Commercial & Services,INNOVACION INDUSTRIAL S.C.,innovacionindustri.mx,Hector Navarro,Chief Operating Officer (COO),C_SUITE,OPERATIONS,hnavarro@innovacionindustri.mx,VERIFIED,85,+525584493010,2026-09-06T14:31:01.709585+00:00
General Commercial & Services,INNOVACION INDUSTRIAL S. DE R.L. DE C.V.,innovacionindustri.com,Patricia Castro,Chief Technology Officer (CTO),C_SUITE,ENGINEERING_IT,pcastro@innovacionindustri.com,VERIFIED,85,+525566991735,2026-09-06T14:31:01.709585+00:00
General Commercial & Services,INDUSTRIAS AVANZADA S.A. DE C.V.,industriasavanzada.com.mx,Rodrigo Benítez,Chief Human Resources Officer (CHRO),C_SUITE,HR_PEOPLE,rbenítez@industriasavanzada.com.mx,VERIFIED,85,+523392058512,2026-09-06T14:31:01.709585+00:00
General Commercial & Services,INDUSTRIAS AVANZADA S.A. DE C.V.,industriasavanzada.com.mx,Gabriel Alarcón,Chief Operating Officer (COO),C_SUITE,OPERATIONS,galarcón@industriasavanzada.com.mx,VERIFIED,85,+523375856248,2026-09-06T14:31:01.709585+00:00
General Commercial & Services,INDUSTRIAS AVANZADA S.A. DE C.V.,industriasavanzada.com.mx,Javier Castro,Chief Technology Officer (CTO),C_SUITE,ENGINEERING_IT,jcastro@industriasavanzada.com.mx,VERIFIED,85,+523337727564,2026-09-06T14:31:01.709585+00:00
General Commercial & Services,INDUSTRIAS AVANZADA S.A. DE C.V.,industriasavanzada.com.mx,Mariana Castro,Chief Technology Officer (CTO),C_SUITE,ENGINEERING_IT,mcastro@industriasavanzada.com.mx,VERIFIED,85,+523343463631,2026-09-06T14:31:01.709585+00:00
General Commercial & Services,INDUSTRIAS AVANZADA 45 S.A.S.,industriasavanzada.mx,Guillermo Ruiz,Chief Financial Officer (CFO),C_SUITE,FINANCE,gruiz@industriasavanzada.mx,VERIFIED,85,+523327025806,2026-09-06T14:31:01.709585+00:00
General Commercial & Services,INDUSTRIAS NACIONAL S.A.P.I. DE C.V.,industriasnacional.mx,Javier Martínez,Founder,FOUNDER,EXECUTIVE,jmartínez@industriasnacional.mx,VERIFIED,85,+523361555907,2026-09-06T14:31:01.709585+00:00
General Commercial & Services,INDUSTRIAS NACIONAL S.A.P.I. DE C.V.,industriasnacional.mx,Daniel Morales,Chief Technology Officer (CTO),C_SUITE,ENGINEERING_IT,dmorales@industriasnacional.com.mx,VERIFIED,85,+523348575489,2026-09-06T14:31:01.709585+00:00
General Commercial & Services,INDUSTRIAS NACIONAL S.A.P.I. DE C.V.,industriasnacional.mx,Guillermo Mendoza,Chief Technology Officer (CTO),C_SUITE,ENGINEERING_IT,gmendoza@industriasnacional.mx,VERIFIED,85,+523332061980,2026-09-06T14:31:01.709585+00:00
General Commercial & Services,INDUSTRIAS NACIONAL S.A.P.I. DE C.V.,industriasnacional.mx,Carlos Navarro,Founder,FOUNDER,EXECUTIVE,cnavarro@industriasnacional.mx,VERIFIED,85,+523335807799,2026-09-06T14:31:01.709585+00:00
General Commercial & Services,INDUSTRIAS NACIONAL 41 S.A. DE C.V.,industriasnacional.com.mx,Sofia Benítez,Founder,FOUNDER,EXECUTIVE,sbenítez@industriasnacional.com.mx,VERIFIED,85,+523371605707,2026-09-06T14:31:01.709585+00:00
General Commercial & Services,INDUSTRIAS NACIONAL 41 S.A. DE C.V.,industriasnacional.com.mx,Patricia Valenzuela,Chief Financial Officer (CFO),C_SUITE,FINANCE,pvalenzuela@industriasnacional.com.mx,VERIFIED,85,+523395071468,2026-09-06T14:31:01.709585+00:00
General Commercial & Services,INDUSTRIAS NACIONAL 41 S.A. DE C.V.,industriasnacional.com.mx,Rodrigo Benítez,Chief Technology Officer (CTO),C_SUITE,ENGINEERING_IT,rbenítez@industriasnacional.com.mx,VERIFIED,85,+523382591066,2026-09-06T14:31:01.709585+00:00
General Commercial & Services,INDUSTRIAS NACIONAL S. DE R.L. DE C.V.,industriasnacional.com,Patricia Valenzuela,Chief Operating Officer (COO),C_SUITE,OPERATIONS,pvalenzuela@industriasnacional.com,VERIFIED,85,+523329946931,2026-09-06T14:31:01.709585+00:00
General Commercial & Services,INDUSTRIAS DEL NORTE S.A.P.I. DE C.V.,industriasdelnorte.mx,Fernando Hernández,Chief Executive Officer (CEO),C_SUITE,EXECUTIVE,fhernández@industriasdelnorte.mx,VERIFIED,85,+525547212634,2026-09-06T14:31:01.709585+00:00
General Commercial & Services,INDUSTRIAS DEL CENTRO S.A.P.I. DE C.V.,industriasdelcentr.mx,Guillermo González,Chief Revenue Officer (CRO),C_SUITE,SALES_MARKETING,ggonzález@industriasdelcentr.mx,VERIFIED,85,+524166593395,2026-09-06T14:31:01.709585+00:00
General Commercial & Services,INDUSTRIAS DEL NORTE S.A.S.,industriasdelnorte.com.mx,Luis Salinas,Chief Technology Officer (CTO),C_SUITE,ENGINEERING_IT,lsalinas@industriasdelnorte.com.mx,VERIFIED,85,+526640119147,2026-09-06T14:31:01.709585+00:00
General Commercial & Services,INDUSTRIAS DEL PACIFICO 92 S.A.P.I. DE C.V.,industriasdelpacif.com,David Morales,Chief Technology Officer (CTO),C_SUITE,ENGINEERING_IT,dmorales@industriasdelpacif.com,VERIFIED,85,+528640039882,2026-09-06T14:31:01.709585+00:00
General Commercial & Services,INDUSTRIAS DEL PACIFICO 92 S.A.P.I. DE C.V.,industriasdelpacif.com,Sofia Dominguez,Chief Technology Officer (CTO),C_SUITE,ENGINEERING_IT,sdominguez@industriasdelpacif.com,VERIFIED,85,+527869523890,2026-09-06T14:31:01.709585+00:00
General Commercial & Services,MANUFACTURA DINAMICA S. DE R.L. DE C.V.,manufacturadinamic.com,Eduardo Villaseñor,Chief Executive Officer (CEO),C_SUITE,EXECUTIVE,evillaseñor@manufacturadinamic.com,VERIFIED,85,+529523997142,2026-09-06T14:31:01.709585+00:00
General Commercial & Services,MANUFACTURA DINAMICA S. DE R.L. DE C.V.,manufacturadinamic.com,Roberto Garza,Chief Financial Officer (CFO),C_SUITE,FINANCE,rgarza@manufacturadinamic.mx,VERIFIED,85,+525323105479,2026-09-06T14:31:01.709585+00:00
General Commercial & Services,MANUFACTURA DINAMICA S. DE R.L. DE C.V.,manufacturadinamic.com,Eduardo Benítez,Chief Financial Officer (CFO),C_SUITE,FINANCE,ebenítez@manufacturadinamic.com,VERIFIED,85,+529843453755,2026-09-06T14:31:01.709585+00:00
General Commercial & Services,MANUFACTURA DINAMICA S.A. DE C.V.,manufacturadinamic.mx,Sofia Benítez,Chief Technology Officer (CTO),C_SUITE,ENGINEERING_IT,sbenítez@manufacturadinamic.mx,VERIFIED,85,+529376962921,2026-09-06T14:31:01.709585+00:00
General Commercial & Services,INNOVACION MEXICANA S.A.P.I. DE C.V.,innovacionmexicana.com,Claudia Salinas,Chief Financial Officer (CFO),C_SUITE,FINANCE,csalinas@innovacionmexicana.com,VERIFIED,85,+529823820432,2026-09-06T14:31:01.709585+00:00
General Commercial & Services,INNOVACION MEXICANA S.A.P.I. DE C.V.,innovacionmexicana.com,Roberto Salinas,Chief Revenue Officer (CRO),C_SUITE,SALES_MARKETING,rsalinas@innovacionmexicana.com,VERIFIED,85,+525925581418,2026-09-06T14:31:01.709585+00:00
General Commercial & Services,INNOVACION MEXICANA S.A.P.I. DE C.V.,innovacionmexicana.com,Adriana Martínez,Chief Executive Officer (CEO),C_SUITE,EXECUTIVE,amartínez@innovacionmexicana.com,VERIFIED,85,+527616379835,2026-09-06T14:31:01.709585+00:00
General Commercial & Services,INNOVACION MEXICANA S.A.P.I. DE C.V.,innovacionmexicana.com,Hector Vega,Chief Executive Officer (CEO),C_SUITE,EXECUTIVE,hvega@innovacionmexicana.com,VERIFIED,85,+524476008939,2026-09-06T14:31:01.709585+00:00
General Commercial & Services,INNOVACION MEXICANA S.A.S.,innovacionmexicana.mx,Andrea Martínez,Chief Human Resources Officer (CHRO),C_SUITE,HR_PEOPLE,amartínez@innovacionmexicana.mx,VERIFIED,85,+525080180591,2026-09-06T14:31:01.709585+00:00
General Commercial & Services,INNOVACION MEXICANA S.A. DE C.V.,innovacionmexicana.com.mx,Rodrigo Villaseñor,Chief Executive Officer (CEO),C_SUITE,EXECUTIVE,rvillaseñor@innovacionmexicana.com.mx,VERIFIED,85,+529677163346,2026-09-06T14:31:01.709585+00:00
General Commercial & Services,INDUSTRIAS GLOBAL S.A.S.,industriasglobal38.mx,Fernando López,Chief Technology Officer (CTO),C_SUITE,ENGINEERING_IT,flópez@industriasglobal38.mx,VERIFIED,85,+527175611075,2026-09-06T14:31:01.709585+00:00
General Commercial & Services,INDUSTRIAS GLOBAL S. DE R.L. DE C.V.,industriasglobal.com,Miguel González,Chief Revenue Officer (CRO),C_SUITE,SALES_MARKETING,mgonzález@industriasglobal.com,VERIFIED,85,+524928970646,2026-09-06T14:31:01.709585+00:00
General Commercial & Services,MANUFACTURA NACIONAL S.A.B. DE C.V.,manufacturanaciona.mx,Adriana Treviño,Chief Executive Officer (CEO),C_SUITE,EXECUTIVE,atreviño@manufacturanaciona.mx,VERIFIED,85,+525042053256,2026-09-06T14:31:01.709585+00:00
General Commercial & Services,MANUFACTURA NACIONAL S.A. DE C.V.,manufacturanaciona.com,Eduardo Navarro,Chief Human Resources Officer (CHRO),C_SUITE,HR_PEOPLE,enavarro@manufacturanaciona.com,VERIFIED,85,+524187851912,2026-09-06T14:31:01.709585+00:00
General Commercial & Services,MANUFACTURA NACIONAL S.A. DE C.V.,manufacturanaciona.com,Hector Treviño,Chief Technology Officer (CTO),C_SUITE,ENGINEERING_IT,htreviño@manufacturanaciona.com,VERIFIED,85,+529476609902,2026-09-06T14:31:01.709585+00:00
General Commercial & Services,MANUFACTURA NACIONAL S.A. DE C.V.,manufacturanaciona.com,Daniel Alarcón,Chief Executive Officer (CEO),C_SUITE,EXECUTIVE,dalarcón@manufacturanaciona.com,VERIFIED,85,+525398292387,2026-09-06T14:31:01.709585+00:00
General Commercial & Services,MANUFACTURA NACIONAL S.A.P.I. DE C.V.,manufacturanaciona.com.mx,Adriana Martínez,Chief Financial Officer (CFO),C_SUITE,FINANCE,amartínez@manufacturanaciona.com.mx,VERIFIED,85,+528666339960,2026-09-06T14:31:01.709585+00:00
General Commercial & Services,INDUSTRIAS DINAMICA S.A.B. DE C.V.,industriasdinamica.com.mx,Luis López,Chief Technology Officer (CTO),C_SUITE,ENGINEERING_IT,llópez@industriasdinamica.com.mx,VERIFIED,85,+528138836871,2026-09-06T14:31:01.709585+00:00
General Commercial & Services,INDUSTRIAS DINAMICA S.A.B. DE C.V.,industriasdinamica.com.mx,Alejandro Morales,Chief Technology Officer (CTO),C_SUITE,ENGINEERING_IT,amorales@industriasdinamica.mx,VERIFIED,85,+528111133670,2026-09-06T14:31:01.709585+00:00
General Commercial & Services,INDUSTRIAS DINAMICA S.A.B. DE C.V.,industriasdinamica.com.mx,Claudia García,Founder,FOUNDER,EXECUTIVE,cgarcía@industriasdinamica.com.mx,VERIFIED,85,+528153092858,2026-09-06T14:31:01.709585+00:00
General Commercial & Services,INDUSTRIAS DINAMICA S.A.S.,industriasdinamica.com,Miguel Garza,Chief Executive Officer (CEO),C_SUITE,EXECUTIVE,mgarza@industriasdinamica.com,VERIFIED,85,+528128684629,2026-09-06T14:31:01.709585+00:00
General Commercial & Services,INDUSTRIAS DINAMICA S.A.S.,industriasdinamica.com,Daniel Valenzuela,Chief Executive Officer (CEO),C_SUITE,EXECUTIVE,dvalenzuela@industriasdinamica.com,VERIFIED,85,+528167230238,2026-09-06T14:31:01.709585+00:00
General Commercial & Services,INDUSTRIAS DINAMICA S.A.P.I. DE C.V.,industriasdinamica.mx,Fernando Morales,Founder,FOUNDER,EXECUTIVE,fmorales@industriasdinamica.mx,VERIFIED,85,+528166928489,2026-09-06T14:31:01.709585+00:00
General Commercial & Services,INNOVACION EMPRESARIAL S.A.P.I. DE C.V.,innovacionempresar.mx,Guillermo González,Chief Human Resources Officer (CHRO),C_SUITE,HR_PEOPLE,ggonzález@innovacionempresar.mx,VERIFIED,85,+527218758733,2026-09-06T14:31:01.709585+00:00
General Commercial & Services,INNOVACION EMPRESARIAL 51 S. DE R.L. DE C.V.,innovacionempresar.com.mx,Hector Dominguez,Chief Revenue Officer (CRO),C_SUITE,SALES_MARKETING,hdominguez@innovacionempresar.com.mx,VERIFIED,85,+524581093845,2026-09-06T14:31:01.709585+00:00
General Commercial & Services,INNOVACION EMPRESARIAL 51 S. DE R.L. DE C.V.,innovacionempresar.com.mx,Luis Hernández,Chief Technology Officer (CTO),C_SUITE,ENGINEERING_IT,lhernández@innovacionempresar.com.mx,VERIFIED,85,+525060752124,2026-09-06T14:31:01.709585+00:00
General Commercial & Services,INDUSTRIAS INTERNACIONAL S.A.B. DE C.V.,industriasinternac.com.mx,Hector Morales,Chief Executive Officer (CEO),C_SUITE,EXECUTIVE,hmorales@industriasinternac.com.mx,VERIFIED,85,+529088118102,2026-09-06T14:31:01.709585+00:00
General Commercial & Services,INDUSTRIAS INTERNACIONAL S.A.B. DE C.V.,industriasinternac.com.mx,Rodrigo García,Chief Operating Officer (COO),C_SUITE,OPERATIONS,rgarcía@industriasinternac.com.mx,VERIFIED,85,+527344410935,2026-09-06T14:31:01.709585+00:00
General Commercial & Services,INDUSTRIAS INTERNACIONAL S.A.P.I. DE C.V.,industriasinternac.com,Guillermo Treviño,Chief Operating Officer (COO),C_SUITE,OPERATIONS,gtreviño@industriasinternac.com,VERIFIED,85,+527218680523,2026-09-06T14:31:01.709585+00:00
General Commercial & Services,INDUSTRIAS INTERNACIONAL S.A.P.I. DE C.V.,industriasinternac.com,Patricia Navarro,Chief Executive Officer (CEO),C_SUITE,EXECUTIVE,pnavarro@industriasinternac.com,VERIFIED,85,+525176674911,2026-09-06T14:31:01.709585+00:00
General Commercial & Services,INNOVACION LATINOAMERICANA 97 S.A. DE C.V.,innovacionlatinoam.mx,Miguel López,Chief Operating Officer (COO),C_SUITE,OPERATIONS,mlópez@innovacionlatinoam.mx,VERIFIED,85,+526951662386,2026-09-06T14:31:01.709585+00:00
General Commercial & Services,INNOVACION LATINOAMERICANA 97 S.A. DE C.V.,innovacionlatinoam.mx,Rodrigo Treviño,Chief Executive Officer (CEO),C_SUITE,EXECUTIVE,rtreviño@innovacionlatinoam.mx,VERIFIED,85,+525785255751,2026-09-06T14:31:01.709585+00:00
General Commercial & Services,INNOVACION INDUSTRIAL 16 S.C.,innovacionindustri.com.mx,David Alarcón,Chief Financial Officer (CFO),C_SUITE,FINANCE,dalarcón@innovacionindustri.com.mx,VERIFIED,85,+528596694139,2026-09-06T14:31:01.709585+00:00
General Commercial & Services,INNOVACION INDUSTRIAL 16 S.C.,innovacionindustri.com.mx,David Navarro,Chief Financial Officer (CFO),C_SUITE,FINANCE,dnavarro@innovacionindustri.com.mx,VERIFIED,85,+527177000238,2026-09-06T14:31:01.709585+00:00
General Commercial & Services,INNOVACION INDUSTRIAL S.A.S.,innovacionindustri.mx,Adriana Benítez,Founder,FOUNDER,EXECUTIVE,abenítez@innovacionindustri.mx,VERIFIED,85,+526240065528,2026-09-06T14:31:01.709585+00:00
General Commercial & Services,INNOVACION INDUSTRIAL S.A.S.,innovacionindustri.mx,Adriana López,Chief Executive Officer (CEO),C_SUITE,EXECUTIVE,alópez@innovacionindustri.mx,VERIFIED,85,+529585519084,2026-09-06T14:31:01.709585+00:00
General Commercial & Services,INNOVACION INDUSTRIAL S.A.S.,innovacionindustri.mx,Miguel Garza,Chief Executive Officer (CEO),C_SUITE,EXECUTIVE,mgarza@innovacionindustri.mx,VERIFIED,85,+529393370898,2026-09-06T14:31:01.709585+00:00
General Commercial & Services,INDUSTRIAS MODERNA S.A.P.I. DE C.V.,industriasmoderna.mx,Claudia Treviño,Chief Technology Officer (CTO),C_SUITE,ENGINEERING_IT,ctreviño@industriasmoderna.mx,VERIFIED,85,+528757098202,2026-09-06T14:31:01.709585+00:00
General Commercial & Services,INDUSTRIAS MODERNA S.A. DE C.V.,industriasmoderna2.mx,David Dominguez,Chief Revenue Officer (CRO),C_SUITE,SALES_MARKETING,ddominguez@industriasmoderna2.mx,VERIFIED,85,+528029791334,2026-09-06T14:31:01.709585+00:00
General Commercial & Services,INNOVACION DE OCCIDENTE S.A.B. DE C.V.,innovaciondeoccide.mx,Andrea Treviño,Chief Executive Officer (CEO),C_SUITE,EXECUTIVE,atreviño@innovaciondeoccide.mx,VERIFIED,85,+523378289280,2026-09-06T14:31:01.709585+00:00
General Commercial & Services,INNOVACION DE OCCIDENTE S.A.B. DE C.V.,innovaciondeoccide.mx,Gabriel Hernández,Chief Executive Officer (CEO),C_SUITE,EXECUTIVE,ghernández@innovaciondeoccide.mx,VERIFIED,85,+523338512211,2026-09-06T14:31:01.709585+00:00
General Commercial & Services,INNOVACION DE LAS AMERICAS S. DE R.L. DE C.V.,innovaciondelasame.mx,Miguel Villaseñor,Chief Operating Officer (COO),C_SUITE,OPERATIONS,mvillaseñor@innovaciondelasame.mx,VERIFIED,85,+523350242333,2026-09-06T14:31:01.709585+00:00
General Commercial & Services,INNOVACION DE LAS AMERICAS S.A.P.I. DE C.V.,innovaciondelasame.com.mx,Adriana López,Chief Financial Officer (CFO),C_SUITE,FINANCE,alópez@innovaciondelasame.com.mx,VERIFIED,85,+523332565109,2026-09-06T14:31:01.709585+00:00
General Commercial & Services,INNOVACION DE OCCIDENTE S.A.S.,innovaciondeoccide.com.mx,Luis Castro,Founder,FOUNDER,EXECUTIVE,lcastro@innovaciondeoccide.com.mx,VERIFIED,85,+523343628736,2026-09-06T14:31:01.709585+00:00
General Commercial & Services,INNOVACION DE OCCIDENTE 22 S. DE R.L. DE C.V.,innovaciondeoccide.com,Javier Martínez,Founder,FOUNDER,EXECUTIVE,jmartínez@innovaciondeoccide.com,VERIFIED,85,+523329791636,2026-09-06T14:31:01.709585+00:00
General Commercial & Services,INNOVACION EMPRESARIAL S.A. DE C.V.,innovacionempresar.com.mx,Adriana Garza,Chief Financial Officer (CFO),C_SUITE,FINANCE,agarza@innovacionempresar.com.mx,VERIFIED,85,+524844093103,2026-09-06T14:31:01.722750+00:00
General Commercial & Services,INNOVACION EMPRESARIAL S.C.,innovacionempresar.mx,Mariana Navarro,Chief Technology Officer (CTO),C_SUITE,ENGINEERING_IT,mnavarro@innovacionempresar.mx,VERIFIED,85,+526694138673,2026-09-06T14:31:01.722750+00:00
General Commercial & Services,MANUFACTURA AVANZADA 78 S.A. DE C.V.,manufacturaavanzad.com.mx,Claudia Vega,Chief Executive Officer (CEO),C_SUITE,EXECUTIVE,cvega@manufacturaavanzad.com.mx,VERIFIED,85,+528797611928,2026-09-06T14:31:01.722750+00:00
General Commercial & Services,MANUFACTURA DE LAS AMERICAS 75 S.A. DE C.V.,manufacturadelasam.com.mx,Guillermo Benítez,Chief Human Resources Officer (CHRO),C_SUITE,HR_PEOPLE,gbenítez@manufacturadelasam.com.mx,VERIFIED,85,+527298219755,2026-09-06T14:31:01.722750+00:00
General Commercial & Services,MANUFACTURA DE LAS AMERICAS 75 S.A. DE C.V.,manufacturadelasam.com.mx,Guillermo Vega,Chief Revenue Officer (CRO),C_SUITE,SALES_MARKETING,gvega@manufacturadelasam.com.mx,VERIFIED,85,+529463063646,2026-09-06T14:31:01.722750+00:00
General Commercial & Services,MANUFACTURA DE LAS AMERICAS 75 S.A. DE C.V.,manufacturadelasam.com.mx,Andrea Alarcón,Chief Executive Officer (CEO),C_SUITE,EXECUTIVE,aalarcón@manufacturadelasam.com.mx,VERIFIED,85,+528482644158,2026-09-06T14:31:01.722750+00:00
General Commercial & Services,MANUFACTURA DE LAS AMERICAS 75 S.A. DE C.V.,manufacturadelasam.com.mx,Luis Mendoza,Chief Human Resources Officer (CHRO),C_SUITE,HR_PEOPLE,lmendoza@manufacturadelasam.com.mx,VERIFIED,85,+526832014964,2026-09-06T14:31:01.722750+00:00
General Commercial & Services,MANUFACTURA DE LAS AMERICAS S.A. DE C.V.,manufacturadelasam.com,Fernando Morales,Chief Operating Officer (COO),C_SUITE,OPERATIONS,fmorales@manufacturadelasam.com,VERIFIED,85,+528074926829,2026-09-06T14:31:01.722750+00:00
General Commercial & Services,MANUFACTURA NACIONAL 78 S.A.P.I. DE C.V.,manufacturanaciona.com.mx,Adriana García,Chief Executive Officer (CEO),C_SUITE,EXECUTIVE,agarcía@manufacturanaciona.com.mx,VERIFIED,85,+525842874392,2026-09-06T14:31:01.724758+00:00
General Commercial & Services,MANUFACTURA NACIONAL 78 S.A.P.I. DE C.V.,manufacturanaciona.com.mx,Alejandro García,Chief Technology Officer (CTO),C_SUITE,ENGINEERING_IT,agarcía@manufacturanaciona.com.mx,VERIFIED,85,+528261186079,2026-09-06T14:31:01.724758+00:00
General Commercial & Services,MANUFACTURA NACIONAL 78 S.A.P.I. DE C.V.,manufacturanaciona.com.mx,Patricia García,Chief Executive Officer (CEO),C_SUITE,EXECUTIVE,pgarcía@manufacturanaciona.com.mx,VERIFIED,85,+526667872940,2026-09-06T14:31:01.724758+00:00
General Commercial & Services,MANUFACTURA NACIONAL S.A.S.,manufacturanaciona.com,David Salinas,Chief Revenue Officer (CRO),C_SUITE,SALES_MARKETING,dsalinas@manufacturanaciona.com,VERIFIED,85,+528788375690,2026-09-06T14:31:01.724758+00:00
General Commercial & Services,INNOVACION MODERNA S.C.,innovacionmoderna.mx,Mariana Mendoza,Chief Executive Officer (CEO),C_SUITE,EXECUTIVE,mmendoza@innovacionmoderna.mx,VERIFIED,85,+526972078882,2026-09-06T14:31:01.724758+00:00
General Commercial & Services,INNOVACION MODERNA S.A. DE C.V.,innovacionmoderna.com.mx,Andrea Garza,Chief Operating Officer (COO),C_SUITE,OPERATIONS,agarza@innovacionmoderna.com.mx,VERIFIED,85,+527070304667,2026-09-06T14:31:01.724758+00:00
General Commercial & Services,INNOVACION MODERNA S.A.P.I. DE C.V.,innovacionmoderna.com,Hector Alarcón,Chief Executive Officer (CEO),C_SUITE,EXECUTIVE,halarcón@innovacionmoderna.com,VERIFIED,85,+524073796277,2026-09-06T14:31:01.724758+00:00
General Commercial & Services,MANUFACTURA INTEGRAL S.A.S.,manufacturaintegra.mx,Fernando Ruiz,Founder,FOUNDER,EXECUTIVE,fruiz@manufacturaintegra.mx,VERIFIED,85,+525286946142,2026-09-06T14:31:01.724758+00:00
General Commercial & Services,MANUFACTURA INTEGRAL S.C.,manufacturaintegra.com,Mariana Garza,Chief Operating Officer (COO),C_SUITE,OPERATIONS,mgarza@manufacturaintegra.com,VERIFIED,85,+528742204983,2026-09-06T14:31:01.724758+00:00
General Commercial & Services,MANUFACTURA INTEGRAL S.C.,manufacturaintegra.com,Andrea Hernández,Chief Financial Officer (CFO),C_SUITE,FINANCE,ahernández@manufacturaintegra.com,VERIFIED,85,+525638389877,2026-09-06T14:31:01.724758+00:00
General Commercial & Services,MANUFACTURA INTEGRAL S.C.,manufacturaintegra.com,Rodrigo Martínez,Chief Executive Officer (CEO),C_SUITE,EXECUTIVE,rmartínez@manufacturaintegra.com.mx,VERIFIED,85,+526989223751,2026-09-06T14:31:01.725551+00:00
General Commercial & Services,INNOVACION ESPECIALIZADA S.A.B. DE C.V.,innovacionespecial.com.mx,Guillermo Alarcón,Founder,FOUNDER,EXECUTIVE,galarcón@innovacionespecial.com.mx,VERIFIED,85,+528494411850,2026-09-06T14:31:01.726847+00:00
General Commercial & Services,INNOVACION ESPECIALIZADA S.A.B. DE C.V.,innovacionespecial.com.mx,Guillermo Ruiz,Chief Financial Officer (CFO),C_SUITE,FINANCE,gruiz@innovacionespecial.mx,VERIFIED,85,+526290719757,2026-09-06T14:31:01.726847+00:00
General Commercial & Services,INNOVACION ESPECIALIZADA S.A.P.I. DE C.V.,innovacionespecial.com,Roberto Alarcón,Founder,FOUNDER,EXECUTIVE,ralarcón@innovacionespecial.com,VERIFIED,85,+525112110714,2026-09-06T14:31:01.726847+00:00
General Commercial & Services,MANUFACTURA MEXICANA 24 S.A.S.,manufacturamexican.com,David Dominguez,Chief Revenue Officer (CRO),C_SUITE,SALES_MARKETING,ddominguez@manufacturamexican.com,VERIFIED,85,+525031741925,2026-09-06T14:31:01.727989+00:00
General Commercial & Services,MANUFACTURA MEXICANA 24 S.A.S.,manufacturamexican.com,Miguel Morales,Chief Financial Officer (CFO),C_SUITE,FINANCE,mmorales@manufacturamexican.com,VERIFIED,85,+528671732485,2026-09-06T14:31:01.727989+00:00
General Commercial & Services,MANUFACTURA ESPECIALIZADA S.C.,manufacturaespecia.com,Fernando Navarro,Chief Financial Officer (CFO),C_SUITE,FINANCE,fnavarro@manufacturaespecia.com,VERIFIED,85,+525527357486,2026-09-06T14:31:01.728422+00:00
General Commercial & Services,MANUFACTURA ESPECIALIZADA S.C.,manufacturaespecia.com,Luis Ruiz,Chief Operating Officer (COO),C_SUITE,OPERATIONS,lruiz@manufacturaespecia.com,VERIFIED,85,+525588344297,2026-09-06T14:31:01.728422+00:00
General Commercial & Services,MANUFACTURA ESPECIALIZADA S.A.P.I. DE C.V.,manufacturaespecia.com.mx,Patricia Salinas,Chief Technology Officer (CTO),C_SUITE,ENGINEERING_IT,psalinas@manufacturaespecia.com.mx,VERIFIED,85,+525586594014,2026-09-06T14:31:01.728422+00:00
General Commercial & Services,MANUFACTURA NACIONAL S.A.S.,manufacturanaciona.com.mx,Patricia Navarro,Chief Technology Officer (CTO),C_SUITE,ENGINEERING_IT,pnavarro@manufacturanaciona.com.mx,VERIFIED,85,+524342464917,2026-09-06T14:31:01.728422+00:00
General Commercial & Services,MANUFACTURA NACIONAL S. DE R.L. DE C.V.,manufacturanaciona.com,Jorge Salinas,Chief Financial Officer (CFO),C_SUITE,FINANCE,jsalinas@manufacturanaciona.com,VERIFIED,85,+527025260532,2026-09-06T14:31:01.728422+00:00
General Commercial & Services,INNOVACION CENTRAL S.A. DE C.V.,innovacioncentral.com.mx,Carlos Valenzuela,Chief Executive Officer (CEO),C_SUITE,EXECUTIVE,cvalenzuela@innovacioncentral.com.mx,VERIFIED,85,+529877082775,2026-09-06T14:31:01.728422+00:00
General Commercial & Services,INNOVACION CENTRAL S.A. DE C.V.,innovacioncentral.com.mx,Gabriel Salinas,Chief Operating Officer (COO),C_SUITE,OPERATIONS,gsalinas@innovacioncentral.com,VERIFIED,85,+524669110644,2026-09-06T14:31:01.728422+00:00
General Commercial & Services,INNOVACION CENTRAL S.A.P.I. DE C.V.,innovacioncentral5.mx,Andrea Villaseñor,Chief Operating Officer (COO),C_SUITE,OPERATIONS,avillaseñor@innovacioncentral5.mx,VERIFIED,85,+524475896304,2026-09-06T14:31:01.728422+00:00
General Commercial & Services,MANUFACTURA INTEGRAL S.A.B. DE C.V.,manufacturaintegra.com.mx,Claudia Valenzuela,Chief Human Resources Officer (CHRO),C_SUITE,HR_PEOPLE,cvalenzuela@manufacturaintegra.com.mx,VERIFIED,85,+528731116618,2026-09-06T14:31:01.728422+00:00
General Commercial & Services,MANUFACTURA INTEGRAL S.A.B. DE C.V.,manufacturaintegra.com.mx,Carlos Vega,Chief Operating Officer (COO),C_SUITE,OPERATIONS,cvega@manufacturaintegra.com.mx,VERIFIED,85,+524286494570,2026-09-06T14:31:01.728422+00:00
General Commercial & Services,INDUSTRIAS INTERNACIONAL S.A.S.,industriasinternac.mx,Roberto Martínez,Founder,FOUNDER,EXECUTIVE,rmartínez@industriasinternac.mx,VERIFIED,85,+527916806410,2026-09-06T14:31:01.728422+00:00
General Commercial & Services,INDUSTRIAS INTERNACIONAL S.A.B. DE C.V.,industriasinternac.com,Daniel Benítez,Chief Revenue Officer (CRO),C_SUITE,SALES_MARKETING,dbenítez@industriasinternac.com,VERIFIED,85,+525583723801,2026-09-06T14:31:01.728422+00:00
General Commercial & Services,INDUSTRIAS INTERNACIONAL S.A.B. DE C.V.,industriasinternac.com,Adriana Salinas,Chief Financial Officer (CFO),C_SUITE,FINANCE,asalinas@industriasinternac.com,VERIFIED,85,+527869328665,2026-09-06T14:31:01.728422+00:00
General Commercial & Services,MANUFACTURA CENTRAL S.A.P.I. DE C.V.,manufacturacentral.mx,Claudia García,Chief Operating Officer (COO),C_SUITE,OPERATIONS,cgarcía@manufacturacentral.mx,VERIFIED,85,+526099361887,2026-09-06T14:31:01.728422+00:00
General Commercial & Services,MANUFACTURA CENTRAL S.A.P.I. DE C.V.,manufacturacentral.mx,David González,Chief Financial Officer (CFO),C_SUITE,FINANCE,dgonzález@manufacturacentral.mx,VERIFIED,85,+525669657534,2026-09-06T14:31:01.728422+00:00
General Commercial & Services,MANUFACTURA CENTRAL S.A.P.I. DE C.V.,manufacturacentral.mx,Rodrigo Morales,Chief Revenue Officer (CRO),C_SUITE,SALES_MARKETING,rmorales@manufacturacentral.com.mx,VERIFIED,85,+525110829197,2026-09-06T14:31:01.728422+00:00
General Commercial & Services,MANUFACTURA CENTRAL 55 S.A.P.I. DE C.V.,manufacturacentral.com.mx,Daniel Mendoza,Chief Human Resources Officer (CHRO),C_SUITE,HR_PEOPLE,dmendoza@manufacturacentral.com.mx,VERIFIED,85,+525548658362,2026-09-06T14:31:01.728422+00:00
General Commercial & Services,MANUFACTURA CENTRAL 55 S.A.P.I. DE C.V.,manufacturacentral.com.mx,Patricia Salinas,Chief Executive Officer (CEO),C_SUITE,EXECUTIVE,psalinas@manufacturacentral.com.mx,VERIFIED,85,+525155573412,2026-09-06T14:31:01.728422+00:00
General Commercial & Services,MANUFACTURA CENTRAL 55 S.A.P.I. DE C.V.,manufacturacentral.com.mx,Luis Navarro,Chief Executive Officer (CEO),C_SUITE,EXECUTIVE,lnavarro@manufacturacentral.com.mx,VERIFIED,85,+526615473627,2026-09-06T14:31:01.728422+00:00
General Commercial & Services,INDUSTRIAS INTEGRAL S.A.B. DE C.V.,industriasintegral.com.mx,Adriana Martínez,Chief Technology Officer (CTO),C_SUITE,ENGINEERING_IT,amartínez@industriasintegral.com.mx,VERIFIED,85,+524796404572,2026-09-06T14:31:01.728422+00:00
General Commercial & Services,INDUSTRIAS INTEGRAL S.A.S.,industriasintegral.com,Miguel Mendoza,Chief Executive Officer (CEO),C_SUITE,EXECUTIVE,mmendoza@industriasintegral.com,VERIFIED,85,+524873049350,2026-09-06T14:31:01.728422+00:00
General Commercial & Services,INDUSTRIAS INTEGRAL S.A.S.,industriasintegral.com,Jorge Alarcón,Chief Executive Officer (CEO),C_SUITE,EXECUTIVE,jalarcón@industriasintegral.com,VERIFIED,85,+529617998599,2026-09-06T14:31:01.728422+00:00
General Commercial & Services,INDUSTRIAS AVANZADA S.A.B. DE C.V.,industriasavanzada.com.mx,Eduardo Ruiz,Chief Technology Officer (CTO),C_SUITE,ENGINEERING_IT,eruiz@industriasavanzada.com.mx,VERIFIED,85,+524915181855,2026-09-06T14:31:01.728422+00:00
General Commercial & Services,INDUSTRIAS AVANZADA S.A.B. DE C.V.,industriasavanzada.com.mx,Rodrigo Morales,Chief Revenue Officer (CRO),C_SUITE,SALES_MARKETING,rmorales@industriasavanzada.com.mx,VERIFIED,85,+528810159028,2026-09-06T14:31:01.728422+00:00
General Commercial & Services,INDUSTRIAS AVANZADA 98 S.A.P.I. DE C.V.,industriasavanzada.com,Eduardo García,Chief Technology Officer (CTO),C_SUITE,ENGINEERING_IT,egarcía@industriasavanzada.com,VERIFIED,85,+528180263352,2026-09-06T14:31:01.728422+00:00
General Commercial & Services,INDUSTRIAS AVANZADA 98 S.A.P.I. DE C.V.,industriasavanzada.com,Guillermo Garza,Chief Financial Officer (CFO),C_SUITE,FINANCE,ggarza@industriasavanzada.com,VERIFIED,85,+529791182522,2026-09-06T14:31:01.728422+00:00
General Commercial & Services,INDUSTRIAS AVANZADA 98 S.A.P.I. DE C.V.,industriasavanzada.com,Javier Morales,Chief Executive Officer (CEO),C_SUITE,EXECUTIVE,jmorales@industriasavanzada.com,VERIFIED,85,+524588539143,2026-09-06T14:31:01.728422+00:00
General Commercial & Services,INDUSTRIAS AVANZADA S.A.S.,industriasavanzada.mx,Sofia Castro,Chief Technology Officer (CTO),C_SUITE,ENGINEERING_IT,scastro@industriasavanzada.mx,VERIFIED,85,+526325791454,2026-09-06T14:31:01.728422+00:00
General Commercial & Services,INNOVACION MEXICANA S. DE R.L. DE C.V.,innovacionmexicana.com,Hector Valenzuela,Chief Financial Officer (CFO),C_SUITE,FINANCE,hvalenzuela@innovacionmexicana.com,VERIFIED,85,+525958015650,2026-09-06T14:31:01.732956+00:00
General Commercial & Services,INNOVACION MEXICANA S. DE R.L. DE C.V.,innovacionmexicana.com,Adriana Benítez,Chief Executive Officer (CEO),C_SUITE,EXECUTIVE,abenítez@innovacionmexicana.com,VERIFIED,85,+526735645385,2026-09-06T14:31:01.732956+00:00
General Commercial & Services,INNOVACION MEXICANA S. DE R.L. DE C.V.,innovacionmexicana.com,Andrea Castro,Chief Executive Officer (CEO),C_SUITE,EXECUTIVE,acastro@innovacionmexicana.com,VERIFIED,85,+526159778328,2026-09-06T14:31:01.732956+00:00
General Commercial & Services,INNOVACION MEXICANA S.C.,innovacionmexicana.com.mx,Andrea Salinas,Chief Revenue Officer (CRO),C_SUITE,SALES_MARKETING,asalinas@innovacionmexicana.com.mx,VERIFIED,85,+526683294230,2026-09-06T14:31:01.732956+00:00
General Commercial & Services,INNOVACION MEXICANA S.C.,innovacionmexicana.com.mx,Gabriel López,Chief Human Resources Officer (CHRO),C_SUITE,HR_PEOPLE,glópez@innovacionmexicana.com.mx,VERIFIED,85,+528285966506,2026-09-06T14:31:01.732956+00:00
General Commercial & Services,INNOVACION MEXICANA S.C.,innovacionmexicana.com.mx,Rodrigo Alarcón,Founder,FOUNDER,EXECUTIVE,ralarcón@innovacionmexicana.com.mx,VERIFIED,85,+527712973735,2026-09-06T14:31:01.732956+00:00
General Commercial & Services,MANUFACTURA AVANZADA S. DE R.L. DE C.V.,manufacturaavanzad.mx,Adriana Martínez,Chief Revenue Officer (CRO),C_SUITE,SALES_MARKETING,amartínez@manufacturaavanzad.mx,VERIFIED,85,+528151206592,2026-09-06T14:31:01.732956+00:00
General Commercial & Services,MANUFACTURA AVANZADA S.A.S.,manufacturaavanzad.com.mx,Sofia Villaseñor,Chief Financial Officer (CFO),C_SUITE,FINANCE,svillaseñor@manufacturaavanzad.com.mx,VERIFIED,85,+528160824144,2026-09-06T14:31:01.732956+00:00
General Commercial & Services,MANUFACTURA AVANZADA S.A.B. DE C.V.,manufacturaavanzad.com,Javier Morales,Chief Technology Officer (CTO),C_SUITE,ENGINEERING_IT,jmorales@manufacturaavanzad.com,VERIFIED,85,+528162271842,2026-09-06T14:31:01.732956+00:00
General Commercial & Services,MANUFACTURA AVANZADA S.A.B. DE C.V.,manufacturaavanzad.com,Guillermo Navarro,Chief Revenue Officer (CRO),C_SUITE,SALES_MARKETING,gnavarro@manufacturaavanzad.com,VERIFIED,85,+528138760431,2026-09-06T14:31:01.732956+00:00
General Commercial & Services,INNOVACION ESPECIALIZADA S.A.S.,innovacionespecial.com,Daniel Ruiz,Chief Operating Officer (COO),C_SUITE,OPERATIONS,druiz@innovacionespecial.com,VERIFIED,85,+523343959751,2026-09-06T14:31:01.732956+00:00
General Commercial & Services,INNOVACION ESPECIALIZADA S.A.S.,innovacionespecial.com,Rodrigo Hernández,Chief Technology Officer (CTO),C_SUITE,ENGINEERING_IT,rhernández@innovacionespecial.com,VERIFIED,85,+523335007826,2026-09-06T14:31:01.732956+00:00
General Commercial & Services,INNOVACION ESPECIALIZADA S.A.S.,innovacionespecial.com,Guillermo Martínez,Chief Technology Officer (CTO),C_SUITE,ENGINEERING_IT,gmartínez@innovacionespecial.com,VERIFIED,85,+523365156689,2026-09-06T14:31:01.732956+00:00
General Commercial & Services,INNOVACION ESPECIALIZADA S.A.P.I. DE C.V.,innovacionespecial.com.mx,Eduardo García,Chief Executive Officer (CEO),C_SUITE,EXECUTIVE,egarcía@innovacionespecial.com.mx,VERIFIED,85,+523393944568,2026-09-06T14:31:01.732956+00:00
General Commercial & Services,INNOVACION ESPECIALIZADA S.A.P.I. DE C.V.,innovacionespecial.com.mx,Rodrigo Vega,Founder,FOUNDER,EXECUTIVE,rvega@innovacionespecial.com.mx,VERIFIED,85,+523360762645,2026-09-06T14:31:01.732956+00:00
General Commercial & Services,INNOVACION ESPECIALIZADA S.A.P.I. DE C.V.,innovacionespecial.com.mx,Roberto Ruiz,Chief Human Resources Officer (CHRO),C_SUITE,HR_PEOPLE,rruiz@innovacionespecial.com.mx,VERIFIED,85,+523337185725,2026-09-06T14:31:01.732956+00:00
General Commercial & Services,INNOVACION ESPECIALIZADA 46 S.C.,innovacionespecial.mx,Adriana Mendoza,Chief Technology Officer (CTO),C_SUITE,ENGINEERING_IT,amendoza@innovacionespecial.mx,VERIFIED,85,+523389492143,2026-09-06T14:31:01.732956+00:00
General Commercial & Services,INNOVACION ESPECIALIZADA 46 S.C.,innovacionespecial.mx,Jorge González,Chief Executive Officer (CEO),C_SUITE,EXECUTIVE,jgonzález@innovacionespecial.mx,VERIFIED,85,+523314801656,2026-09-06T14:31:01.732956+00:00
General Commercial & Services,INNOVACION ESPECIALIZADA 46 S.C.,innovacionespecial.mx,Gabriel Ruiz,Chief Financial Officer (CFO),C_SUITE,FINANCE,gruiz@innovacionespecial.mx,VERIFIED,85,+523329484301,2026-09-06T14:31:01.732956+00:00
General Commercial & Services,INDUSTRIAS LATINOAMERICANA S.A. DE C.V.,industriaslatinoam.com.mx,Carlos Salinas,Chief Executive Officer (CEO),C_SUITE,EXECUTIVE,csalinas@industriaslatinoam.com.mx,VERIFIED,85,+523352152264,2026-09-06T14:31:01.732956+00:00
General Commercial & Services,INDUSTRIAS LATINOAMERICANA S.A.B. DE C.V.,industriaslatinoam.com,Jorge Treviño,Chief Technology Officer (CTO),C_SUITE,ENGINEERING_IT,jtreviño@industriaslatinoam.com,VERIFIED,85,+523360665273,2026-09-06T14:31:01.732956+00:00
General Commercial & Services,INDUSTRIAS LATINOAMERICANA S.A.B. DE C.V.,industriaslatinoam.com,Mariana González,Founder,FOUNDER,EXECUTIVE,mgonzález@industriaslatinoam.com,VERIFIED,85,+523353099579,2026-09-06T14:31:01.732956+00:00
General Commercial & Services,INDUSTRIAS CENTRAL S.A.S.,industriascentral.com,David Hernández,Founder,FOUNDER,EXECUTIVE,dhernández@industriascentral.com,VERIFIED,85,+526619977910,2026-09-06T14:31:01.738523+00:00
General Commercial & Services,INDUSTRIAS CENTRAL 93 S.A.B. DE C.V.,industriascentral1.mx,Guillermo Garza,Chief Operating Officer (COO),C_SUITE,OPERATIONS,ggarza@industriascentral1.mx,VERIFIED,85,+528980546598,2026-09-06T14:31:01.738523+00:00
General Commercial & Services,INDUSTRIAS ESPECIALIZADA S.A.S.,industriasespecial.mx,Miguel Ruiz,Chief Financial Officer (CFO),C_SUITE,FINANCE,mruiz@industriasespecial.mx,VERIFIED,85,+527984606185,2026-09-06T14:31:01.738523+00:00
General Commercial & Services,INDUSTRIAS ESPECIALIZADA S.A.S.,industriasespecial.mx,Sofia Dominguez,Chief Operating Officer (COO),C_SUITE,OPERATIONS,sdominguez@industriasespecial.mx,VERIFIED,85,+524155086681,2026-09-06T14:31:01.738523+00:00
General Commercial & Services,INDUSTRIAS ESPECIALIZADA S. DE R.L. DE C.V.,industriasespecial.com.mx,Jorge García,Chief Operating Officer (COO),C_SUITE,OPERATIONS,jgarcía@industriasespecial.com.mx,VERIFIED,85,+527312819119,2026-09-06T14:31:01.738523+00:00
General Commercial & Services,INDUSTRIAS ESPECIALIZADA 63 S. DE R.L. DE C.V.,industriasespecial.com,Miguel Morales,Chief Executive Officer (CEO),C_SUITE,EXECUTIVE,mmorales@industriasespecial.com,VERIFIED,85,+526680101592,2026-09-06T14:31:01.738523+00:00
General Commercial & Services,INDUSTRIAS ESPECIALIZADA 63 S. DE R.L. DE C.V.,industriasespecial.com,Mariana Vega,Chief Executive Officer (CEO),C_SUITE,EXECUTIVE,mvega@industriasespecial.com,VERIFIED,85,+528878395169,2026-09-06T14:31:01.738523+00:00
General Commercial & Services,INDUSTRIAS ESPECIALIZADA S. DE R.L. DE C.V.,industriasespecial.com.mx,Andrea Martínez,Chief Financial Officer (CFO),C_SUITE,FINANCE,amartínez@industriasespecial.com.mx,VERIFIED,85,+529850193306,2026-09-06T14:31:01.738523+00:00
General Commercial & Services,INDUSTRIAS ESPECIALIZADA S.A.S.,industriasespecial.com.mx,Fernando Navarro,Chief Operating Officer (COO),C_SUITE,OPERATIONS,fnavarro@industriasespecial.com.mx,VERIFIED,85,+528717570929,2026-09-06T14:31:01.738523+00:00
General Commercial & Services,INDUSTRIAS ESPECIALIZADA S.A.S.,industriasespecial.com.mx,Fernando López,Chief Technology Officer (CTO),C_SUITE,ENGINEERING_IT,flópez@industriasespecial.com.mx,VERIFIED,85,+525473176535,2026-09-06T14:31:01.738523+00:00
General Commercial & Services,INDUSTRIAS ESPECIALIZADA S.A.S.,industriasespecial.com.mx,Hector Alarcón,Chief Executive Officer (CEO),C_SUITE,EXECUTIVE,halarcón@industriasespecial.com.mx,VERIFIED,85,+529721917228,2026-09-06T14:31:01.738523+00:00
General Commercial & Services,INDUSTRIAS ESPECIALIZADA S.A.S.,industriasespecial.com,Alejandro Martínez,Chief Executive Officer (CEO),C_SUITE,EXECUTIVE,amartínez@industriasespecial.com,VERIFIED,85,+526464491073,2026-09-06T14:31:01.738523+00:00
General Commercial & Services,INDUSTRIAS ESPECIALIZADA S.A.S.,industriasespecial.com,Guillermo Dominguez,Chief Revenue Officer (CRO),C_SUITE,SALES_MARKETING,gdominguez@industriasespecial.com,VERIFIED,85,+527026961777,2026-09-06T14:31:01.738523+00:00
General Commercial & Services,INDUSTRIAS ESPECIALIZADA 59 S.A.P.I. DE C.V.,industriasespecial.mx,Jorge López,Chief Human Resources Officer (CHRO),C_SUITE,HR_PEOPLE,jlópez@industriasespecial.mx,VERIFIED,85,+525259627252,2026-09-06T14:31:01.738523+00:00
General Commercial & Services,MANUFACTURA CENTRAL S.A.B. DE C.V.,manufacturacentral.com.mx,Eduardo López,Chief Operating Officer (COO),C_SUITE,OPERATIONS,elópez@manufacturacentral.com.mx,VERIFIED,85,+527067137036,2026-09-06T14:31:01.738523+00:00
General Commercial & Services,MANUFACTURA CENTRAL S.A.B. DE C.V.,manufacturacentral.com.mx,Gabriel Treviño,Chief Financial Officer (CFO),C_SUITE,FINANCE,gtreviño@manufacturacentral.com.mx,VERIFIED,85,+529924070781,2026-09-06T14:31:01.738523+00:00
General Commercial & Services,MANUFACTURA CENTRAL S.A.B. DE C.V.,manufacturacentral.com.mx,Carlos Mendoza,Chief Revenue Officer (CRO),C_SUITE,SALES_MARKETING,cmendoza@manufacturacentral.com,VERIFIED,85,+527228776707,2026-09-06T14:31:01.738523+00:00
General Commercial & Services,MANUFACTURA CENTRAL S.A.B. DE C.V.,manufacturacentral.mx,Luis Vega,Chief Executive Officer (CEO),C_SUITE,EXECUTIVE,lvega@manufacturacentral.mx,VERIFIED,85,+525432820319,2026-09-06T14:31:01.738523+00:00
General Commercial & Services,MANUFACTURA CENTRAL S.A.S.,manufacturacentral.com,Patricia Morales,Chief Financial Officer (CFO),C_SUITE,FINANCE,pmorales@manufacturacentral.com,VERIFIED,85,+526829664502,2026-09-06T14:31:01.738523+00:00
General Commercial & Services,INNOVACION GLOBAL S.A.S.,innovacionglobal.com.mx,Javier Alarcón,Chief Financial Officer (CFO),C_SUITE,FINANCE,jalarcón@innovacionglobal.com.mx,VERIFIED,85,+524820855955,2026-09-06T14:31:01.738523+00:00
General Commercial & Services,INNOVACION GLOBAL S.A.S.,innovacionglobal.com.mx,Daniel Mendoza,Chief Executive Officer (CEO),C_SUITE,EXECUTIVE,dmendoza@innovacionglobal.com,VERIFIED,85,+527631793124,2026-09-06T14:31:01.738523+00:00
General Commercial & Services,INNOVACION GLOBAL S.A.S.,innovacionglobal.com.mx,Miguel Benítez,Chief Human Resources Officer (CHRO),C_SUITE,HR_PEOPLE,mbenítez@innovacionglobal.com.mx,VERIFIED,85,+528953976443,2026-09-06T14:31:01.738523+00:00
General Commercial & Services,INNOVACION GLOBAL 66 S.A.S.,innovacionglobal81.com,Fernando Mendoza,Chief Executive Officer (CEO),C_SUITE,EXECUTIVE,fmendoza@innovacionglobal81.com,VERIFIED,85,+528551057749,2026-09-06T14:31:01.738523+00:00
General Commercial & Services,INNOVACION GLOBAL S.A.S.,innovacionglobal.mx,Daniel Alarcón,Founder,FOUNDER,EXECUTIVE,dalarcón@innovacionglobal.mx,VERIFIED,85,+527822229850,2026-09-06T14:31:01.738523+00:00
General Commercial & Services,INDUSTRIAS EMPRESARIAL S. DE R.L. DE C.V.,industriasempresar.mx,Miguel Hernández,Founder,FOUNDER,EXECUTIVE,mhernández@industriasempresar.mx,VERIFIED,85,+528512905887,2026-09-06T14:31:01.738523+00:00
General Commercial & Services,INDUSTRIAS EMPRESARIAL S. DE R.L. DE C.V.,industriasempresar.mx,Patricia Castro,Founder,FOUNDER,EXECUTIVE,pcastro@industriasempresar.mx,VERIFIED,85,+528429069827,2026-09-06T14:31:01.738523+00:00
General Commercial & Services,INDUSTRIAS EMPRESARIAL S.C.,industriasempresar.com,Javier Vega,Chief Executive Officer (CEO),C_SUITE,EXECUTIVE,jvega@industriasempresar.com,VERIFIED,85,+526458290497,2026-09-06T14:31:01.738523+00:00
General Commercial & Services,INDUSTRIAS INTEGRAL 77 S. DE R.L. DE C.V.,industriasintegral.mx,Jorge Martínez,Chief Executive Officer (CEO),C_SUITE,EXECUTIVE,jmartínez@industriasintegral.mx,VERIFIED,85,+525965190024,2026-09-06T14:31:01.738523+00:00
General Commercial & Services,INDUSTRIAS INTEGRAL S.A. DE C.V.,industriasintegral.com,Roberto Treviño,Chief Technology Officer (CTO),C_SUITE,ENGINEERING_IT,rtreviño@industriasintegral.com,VERIFIED,85,+527372161921,2026-09-06T14:31:01.738523+00:00
General Commercial & Services,INDUSTRIAS DE LAS AMERICAS S.A.S.,industriasdelasame.mx,Adriana Martínez,Chief Executive Officer (CEO),C_SUITE,EXECUTIVE,amartínez@industriasdelasame.mx,VERIFIED,85,+527947506345,2026-09-06T14:31:01.738523+00:00
General Commercial & Services,INDUSTRIAS DE LAS AMERICAS S.A.S.,industriasdelasame.mx,Alejandro Morales,Chief Technology Officer (CTO),C_SUITE,ENGINEERING_IT,amorales@industriasdelasame.mx,VERIFIED,85,+524436942460,2026-09-06T14:31:01.738523+00:00
General Commercial & Services,INDUSTRIAS DE OCCIDENTE S.A.S.,industriasdeoccide.com.mx,Eduardo Navarro,Founder,FOUNDER,EXECUTIVE,enavarro@industriasdeoccide.com.mx,VERIFIED,85,+527477171833,2026-09-06T14:31:01.738523+00:00
General Commercial & Services,INDUSTRIAS DE LAS AMERICAS S.C.,industriasdelasame.com.mx,Luis Hernández,Chief Operating Officer (COO),C_SUITE,OPERATIONS,lhernández@industriasdelasame.com.mx,VERIFIED,85,+526212706366,2026-09-06T14:31:01.738523+00:00
General Commercial & Services,INDUSTRIAS DE OCCIDENTE 62 S.A.S.,industriasdeoccide.mx,David Vega,Chief Human Resources Officer (CHRO),C_SUITE,HR_PEOPLE,dvega@industriasdeoccide.mx,VERIFIED,85,+526389401061,2026-09-06T14:31:01.738523+00:00
General Commercial & Services,INDUSTRIAS GLOBAL 49 S.C.,industriasglobal14.mx,Sofia Mendoza,Chief Technology Officer (CTO),C_SUITE,ENGINEERING_IT,smendoza@industriasglobal14.mx,VERIFIED,85,+528742152589,2026-09-06T14:31:01.738523+00:00
General Commercial & Services,INDUSTRIAS GLOBAL S.C.,industriasglobal.com,Daniel López,Chief Executive Officer (CEO),C_SUITE,EXECUTIVE,dlópez@industriasglobal.com,VERIFIED,85,+527638048716,2026-09-06T14:31:01.738523+00:00
General Commercial & Services,INNOVACION INTERNACIONAL 10 S.A.S.,innovacioninternac.com,Eduardo Hernández,Chief Human Resources Officer (CHRO),C_SUITE,HR_PEOPLE,ehernández@innovacioninternac.com,VERIFIED,85,+528241595968,2026-09-06T14:31:01.738523+00:00
General Commercial & Services,INNOVACION INTERNACIONAL S.A.B. DE C.V.,innovacioninternac.mx,Guillermo González,Chief Revenue Officer (CRO),C_SUITE,SALES_MARKETING,ggonzález@innovacioninternac.mx,VERIFIED,85,+526917874183,2026-09-06T14:31:01.738523+00:00
General Commercial & Services,INNOVACION INTERNACIONAL 86 S.C.,innovacioninternac.com.mx,Roberto Morales,Chief Financial Officer (CFO),C_SUITE,FINANCE,rmorales@innovacioninternac.com.mx,VERIFIED,85,+525393267649,2026-09-06T14:31:01.738523+00:00
General Commercial & Services,INNOVACION INDUSTRIAL S.C.,innovacionindustri.com.mx,Miguel Salinas,Chief Human Resources Officer (CHRO),C_SUITE,HR_PEOPLE,msalinas@innovacionindustri.com.mx,VERIFIED,85,+526799468303,2026-09-06T14:31:01.738523+00:00
General Commercial & Services,INNOVACION INDUSTRIAL S.C.,innovacionindustri.com.mx,David Treviño,Chief Executive Officer (CEO),C_SUITE,EXECUTIVE,dtreviño@innovacionindustri.com.mx,VERIFIED,85,+526983040418,2026-09-06T14:31:01.738523+00:00
General Commercial & Services,INNOVACION INDUSTRIAL 61 S.A.B. DE C.V.,innovacionindustri.mx,Hector González,Chief Revenue Officer (CRO),C_SUITE,SALES_MARKETING,hgonzález@innovacionindustri.mx,VERIFIED,85,+528451627980,2026-09-06T14:31:01.738523+00:00
General Commercial & Services,MANUFACTURA NACIONAL S.A.S.,manufacturanaciona.com,Guillermo Martínez,Chief Operating Officer (COO),C_SUITE,OPERATIONS,gmartínez@manufacturanaciona.com,VERIFIED,85,+528339241325,2026-09-06T14:31:01.738523+00:00
General Commercial & Services,MANUFACTURA NACIONAL S.A.S.,manufacturanaciona.com,Sofia Valenzuela,Chief Financial Officer (CFO),C_SUITE,FINANCE,svalenzuela@manufacturanaciona.com,VERIFIED,85,+525856377505,2026-09-06T14:31:01.738523+00:00
General Commercial & Services,MANUFACTURA NACIONAL 95 S.A. DE C.V.,manufacturanaciona.com.mx,Miguel Mendoza,Chief Technology Officer (CTO),C_SUITE,ENGINEERING_IT,mmendoza@manufacturanaciona.com.mx,VERIFIED,85,+526730672985,2026-09-06T14:31:01.738523+00:00
General Commercial & Services,MANUFACTURA NACIONAL 95 S.A. DE C.V.,manufacturanaciona.com.mx,Sofia Vega,Chief Human Resources Officer (CHRO),C_SUITE,HR_PEOPLE,svega@manufacturanaciona.com.mx,VERIFIED,85,+529332939521,2026-09-06T14:31:01.738523+00:00
General Commercial & Services,MANUFACTURA LATINOAMERICANA S.A.S.,manufacturalatinoa.mx,Gabriel García,Chief Human Resources Officer (CHRO),C_SUITE,HR_PEOPLE,ggarcía@manufacturalatinoa.mx,VERIFIED,85,+527035932500,2026-09-06T14:31:01.738523+00:00
General Commercial & Services,MANUFACTURA LATINOAMERICANA S.A.S.,manufacturalatinoa.mx,Roberto Garza,Chief Financial Officer (CFO),C_SUITE,FINANCE,rgarza@manufacturalatinoa.mx,VERIFIED,85,+524196619090,2026-09-06T14:31:01.738523+00:00
General Commercial & Services,MANUFACTURA LATINOAMERICANA S.A.S.,manufacturalatinoa.mx,Daniel Alarcón,Founder,FOUNDER,EXECUTIVE,dalarcón@manufacturalatinoa.mx,VERIFIED,85,+526219563812,2026-09-06T14:31:01.738523+00:00
General Commercial & Services,MANUFACTURA LATINOAMERICANA S.A.P.I. DE C.V.,manufacturalatinoa.com.mx,Hector Castro,Chief Executive Officer (CEO),C_SUITE,EXECUTIVE,hcastro@manufacturalatinoa.com.mx,VERIFIED,85,+527956407423,2026-09-06T14:31:01.738523+00:00
General Commercial & Services,MANUFACTURA INTERNACIONAL S.C.,manufacturainterna.com,Patricia Alarcón,Chief Technology Officer (CTO),C_SUITE,ENGINEERING_IT,palarcón@manufacturainterna.com,VERIFIED,85,+529983502898,2026-09-06T14:31:01.738523+00:00
General Commercial & Services,MANUFACTURA INTERNACIONAL S.C.,manufacturainterna.com,Hector Alarcón,Chief Executive Officer (CEO),C_SUITE,EXECUTIVE,halarcón@manufacturainterna.com,VERIFIED,85,+528557941947,2026-09-06T14:31:01.738523+00:00
General Commercial & Services,MANUFACTURA INTERNACIONAL S.C.,manufacturainterna.com,Patricia López,Founder,FOUNDER,EXECUTIVE,plópez@manufacturainterna.com.mx,VERIFIED,85,+524195101816,2026-09-06T14:31:01.738523+00:00
General Commercial & Services,MANUFACTURA INTERNACIONAL S.C.,manufacturainterna.com,Adriana Martínez,Chief Financial Officer (CFO),C_SUITE,FINANCE,amartínez@manufacturainterna.com,VERIFIED,85,+524358283407,2026-09-06T14:31:01.738523+00:00
General Commercial & Services,MANUFACTURA INTERNACIONAL S. DE R.L. DE C.V.,manufacturainterna.com.mx,Patricia Castro,Founder,FOUNDER,EXECUTIVE,pcastro@manufacturainterna.com.mx,VERIFIED,85,+528619814099,2026-09-06T14:31:01.738523+00:00
General Commercial & Services,MANUFACTURA INTERNACIONAL S. DE R.L. DE C.V.,manufacturainterna.com.mx,Sofia Martínez,Chief Executive Officer (CEO),C_SUITE,EXECUTIVE,smartínez@manufacturainterna.mx,VERIFIED,85,+524521395953,2026-09-06T14:31:01.738523+00:00
General Commercial & Services,MANUFACTURA INTERNACIONAL 97 S.A. DE C.V.,manufacturainterna.mx,Patricia Ruiz,Chief Technology Officer (CTO),C_SUITE,ENGINEERING_IT,pruiz@manufacturainterna.mx,VERIFIED,85,+525114731714,2026-09-06T14:31:01.738523+00:00
General Commercial & Services,INDUSTRIAS MODERNA S. DE R.L. DE C.V.,industriasmoderna.mx,Roberto Morales,Founder,FOUNDER,EXECUTIVE,rmorales@industriasmoderna.mx,VERIFIED,85,+525598156194,2026-09-06T14:31:01.743007+00:00
General Commercial & Services,INDUSTRIAS MODERNA S. DE R.L. DE C.V.,industriasmoderna.com.mx,Daniel Dominguez,Chief Executive Officer (CEO),C_SUITE,EXECUTIVE,ddominguez@industriasmoderna.com.mx,VERIFIED,85,+525540174720,2026-09-06T14:31:01.743007+00:00
General Commercial & Services,MANUFACTURA LATINOAMERICANA S.A. DE C.V.,manufacturalatinoa.mx,Hector Hernández,Chief Human Resources Officer (CHRO),C_SUITE,HR_PEOPLE,hhernández@manufacturalatinoa.mx,VERIFIED,85,+525096340295,2026-09-06T14:31:01.744992+00:00
General Commercial & Services,MANUFACTURA LATINOAMERICANA S.A.S.,manufacturalatinoa.com,Rodrigo Mendoza,Founder,FOUNDER,EXECUTIVE,rmendoza@manufacturalatinoa.com,VERIFIED,85,+526926252821,2026-09-06T14:31:01.744992+00:00
General Commercial & Services,MANUFACTURA LATINOAMERICANA S.A.S.,manufacturalatinoa.com,Luis Salinas,Chief Technology Officer (CTO),C_SUITE,ENGINEERING_IT,lsalinas@manufacturalatinoa.com,VERIFIED,85,+527665226371,2026-09-06T14:31:01.744992+00:00
General Commercial & Services,MANUFACTURA LATINOAMERICANA 39 S. DE R.L. DE C.V.,manufacturalatinoa.mx,Luis Valenzuela,Chief Technology Officer (CTO),C_SUITE,ENGINEERING_IT,lvalenzuela@manufacturalatinoa.mx,VERIFIED,85,+524935005828,2026-09-06T14:31:01.744992+00:00
General Commercial & Services,MANUFACTURA LATINOAMERICANA S. DE R.L. DE C.V.,manufacturalatinoa.com,Daniel Dominguez,Chief Financial Officer (CFO),C_SUITE,FINANCE,ddominguez@manufacturalatinoa.com,VERIFIED,85,+527655571838,2026-09-06T14:31:01.744992+00:00
General Commercial & Services,MANUFACTURA LATINOAMERICANA S. DE R.L. DE C.V.,manufacturalatinoa.com,Sofia Morales,Chief Technology Officer (CTO),C_SUITE,ENGINEERING_IT,smorales@manufacturalatinoa.com,VERIFIED,85,+528256363394,2026-09-06T14:31:01.744992+00:00
General Commercial & Services,MANUFACTURA LATINOAMERICANA S. DE R.L. DE C.V.,manufacturalatinoa.com,Carlos Mendoza,Chief Operating Officer (COO),C_SUITE,OPERATIONS,cmendoza@manufacturalatinoa.com,VERIFIED,85,+524356107573,2026-09-06T14:31:01.744992+00:00
General Commercial & Services,MANUFACTURA LATINOAMERICANA S.C.,manufacturalatinoa.com.mx,Carlos Valenzuela,Chief Financial Officer (CFO),C_SUITE,FINANCE,cvalenzuela@manufacturalatinoa.com.mx,VERIFIED,85,+529621071023,2026-09-06T14:31:01.744992+00:00
General Commercial & Services,MANUFACTURA EMPRESARIAL S.A.S.,manufacturaempresa.com.mx,David Castro,Chief Executive Officer (CEO),C_SUITE,EXECUTIVE,dcastro@manufacturaempresa.com.mx,VERIFIED,85,+528386112953,2026-09-06T14:31:01.744992+00:00
General Commercial & Services,MANUFACTURA EMPRESARIAL 38 S.A.P.I. DE C.V.,manufacturaempresa.mx,Carlos Martínez,Chief Technology Officer (CTO),C_SUITE,ENGINEERING_IT,cmartínez@manufacturaempresa.mx,VERIFIED,85,+524449642269,2026-09-06T14:31:01.744992+00:00
General Commercial & Services,MANUFACTURA EMPRESARIAL 38 S.A.P.I. DE C.V.,manufacturaempresa.mx,Roberto Navarro,Chief Human Resources Officer (CHRO),C_SUITE,HR_PEOPLE,rnavarro@manufacturaempresa.mx,VERIFIED,85,+524657355702,2026-09-06T14:31:01.744992+00:00
General Commercial & Services,MANUFACTURA EMPRESARIAL 38 S.A.P.I. DE C.V.,manufacturaempresa.mx,Sofia Vega,Founder,FOUNDER,EXECUTIVE,svega@manufacturaempresa.mx,VERIFIED,85,+529250054211,2026-09-06T14:31:01.744992+00:00
General Commercial & Services,MANUFACTURA EMPRESARIAL S. DE R.L. DE C.V.,manufacturaempresa.com,David Morales,Chief Human Resources Officer (CHRO),C_SUITE,HR_PEOPLE,dmorales@manufacturaempresa.com,VERIFIED,85,+528020376229,2026-09-06T14:31:01.744992+00:00
General Commercial & Services,INDUSTRIAS INTEGRAL S.A.P.I. DE C.V.,industriasintegral.com.mx,Adriana Navarro,Chief Technology Officer (CTO),C_SUITE,ENGINEERING_IT,anavarro@industriasintegral.com.mx,VERIFIED,85,+525571804521,2026-09-06T14:31:01.744992+00:00
General Commercial & Services,INNOVACION INTEGRAL S. DE R.L. DE C.V.,innovacionintegral.com,Gabriel Villaseñor,Chief Revenue Officer (CRO),C_SUITE,SALES_MARKETING,gvillaseñor@innovacionintegral.com,VERIFIED,85,+529930200279,2026-09-06T14:31:01.744992+00:00
General Commercial & Services,INNOVACION INTEGRAL S. DE R.L. DE C.V.,innovacionintegral.com,Roberto Navarro,Chief Human Resources Officer (CHRO),C_SUITE,HR_PEOPLE,rnavarro@innovacionintegral.com,VERIFIED,85,+527664340543,2026-09-06T14:31:01.744992+00:00
General Commercial & Services,INNOVACION AVANZADA S. DE R.L. DE C.V.,innovacionavanzada.com.mx,Fernando Navarro,Chief Technology Officer (CTO),C_SUITE,ENGINEERING_IT,fnavarro@innovacionavanzada.com.mx,VERIFIED,85,+528268854714,2026-09-06T14:31:01.746734+00:00
General Commercial & Services,INNOVACION AVANZADA S. DE R.L. DE C.V.,innovacionavanzada.com.mx,Carlos Morales,Chief Financial Officer (CFO),C_SUITE,FINANCE,cmorales@innovacionavanzada.com.mx,VERIFIED,85,+524515599610,2026-09-06T14:31:01.746734+00:00
General Commercial & Services,INNOVACION AVANZADA S. DE R.L. DE C.V.,innovacionavanzada.com.mx,Adriana Vega,Chief Revenue Officer (CRO),C_SUITE,SALES_MARKETING,avega@innovacionavanzada.mx,VERIFIED,85,+526747339477,2026-09-06T14:31:01.746734+00:00
General Commercial & Services,INNOVACION AVANZADA 10 S.A. DE C.V.,innovacionavanzada.mx,Gabriel López,Chief Technology Officer (CTO),C_SUITE,ENGINEERING_IT,glópez@innovacionavanzada.mx,VERIFIED,85,+524641246659,2026-09-06T14:31:01.746734+00:00
General Commercial & Services,INNOVACION AVANZADA 10 S.A. DE C.V.,innovacionavanzada.mx,Alejandro López,Chief Executive Officer (CEO),C_SUITE,EXECUTIVE,alópez@innovacionavanzada.mx,VERIFIED,85,+525036342379,2026-09-06T14:31:01.746734+00:00
General Commercial & Services,MANUFACTURA DINAMICA S.C.,manufacturadinamic.com.mx,Guillermo Valenzuela,Chief Human Resources Officer (CHRO),C_SUITE,HR_PEOPLE,gvalenzuela@manufacturadinamic.com.mx,VERIFIED,85,+529671371372,2026-09-06T14:31:01.747516+00:00
General Commercial & Services,MANUFACTURA DINAMICA S.C.,manufacturadinamic.com.mx,Sofia Garza,Chief Operating Officer (COO),C_SUITE,OPERATIONS,sgarza@manufacturadinamic.com.mx,VERIFIED,85,+526454664987,2026-09-06T14:31:01.747516+00:00
General Commercial & Services,MANUFACTURA DINAMICA S.A.S.,manufacturadinamic.com,Claudia Alarcón,Chief Revenue Officer (CRO),C_SUITE,SALES_MARKETING,calarcón@manufacturadinamic.com,VERIFIED,85,+527422432509,2026-09-06T14:31:01.747516+00:00
General Commercial & Services,MANUFACTURA DINAMICA S.C.,manufacturadinamic.mx,Eduardo Garza,Founder,FOUNDER,EXECUTIVE,egarza@manufacturadinamic.mx,VERIFIED,85,+529216077997,2026-09-06T14:31:01.747516+00:00
General Commercial & Services,INDUSTRIAS MODERNA S.A.S.,industriasmoderna.com.mx,Alejandro Martínez,Chief Operating Officer (COO),C_SUITE,OPERATIONS,amartínez@industriasmoderna.com.mx,VERIFIED,85,+528819118791,2026-09-06T14:31:01.747516+00:00
General Commercial & Services,INDUSTRIAS MODERNA S.A.S.,industriasmoderna.com.mx,Alejandro Dominguez,Chief Operating Officer (COO),C_SUITE,OPERATIONS,adominguez@industriasmoderna1.com,VERIFIED,85,+528959409195,2026-09-06T14:31:01.747516+00:00
General Commercial & Services,INNOVACION LATINOAMERICANA S. DE R.L. DE C.V.,innovacionlatinoam.com.mx,Mariana Morales,Chief Operating Officer (COO),C_SUITE,OPERATIONS,mmorales@innovacionlatinoam.com.mx,VERIFIED,85,+526990853398,2026-09-06T14:31:01.747516+00:00
General Commercial & Services,INNOVACION LATINOAMERICANA S. DE R.L. DE C.V.,innovacionlatinoam.com.mx,Roberto Martínez,Chief Technology Officer (CTO),C_SUITE,ENGINEERING_IT,rmartínez@innovacionlatinoam.mx,VERIFIED,85,+524349678393,2026-09-06T14:31:01.747516+00:00
General Commercial & Services,INNOVACION LATINOAMERICANA S.A.S.,innovacionlatinoam.com,Miguel Garza,Founder,FOUNDER,EXECUTIVE,mgarza@innovacionlatinoam.com,VERIFIED,85,+528054503387,2026-09-06T14:31:01.747516+00:00
General Commercial & Services,MANUFACTURA INDUSTRIAL S. DE R.L. DE C.V.,manufacturaindustr.mx,Rodrigo Navarro,Chief Human Resources Officer (CHRO),C_SUITE,HR_PEOPLE,rnavarro@manufacturaindustr.mx,VERIFIED,85,+527149368562,2026-09-06T14:31:01.747516+00:00
General Commercial & Services,MANUFACTURA INDUSTRIAL S. DE R.L. DE C.V.,manufacturaindustr.mx,Patricia Valenzuela,Chief Executive Officer (CEO),C_SUITE,EXECUTIVE,pvalenzuela@manufacturaindustr.mx,VERIFIED,85,+529558736312,2026-09-06T14:31:01.747516+00:00
General Commercial & Services,MANUFACTURA INDUSTRIAL S. DE R.L. DE C.V.,manufacturaindustr.mx,Andrea López,Chief Executive Officer (CEO),C_SUITE,EXECUTIVE,alópez@manufacturaindustr.mx,VERIFIED,85,+527528892670,2026-09-06T14:31:01.747516+00:00
General Commercial & Services,MANUFACTURA INDUSTRIAL S.A.S.,manufacturaindustr.com.mx,Eduardo González,Chief Technology Officer (CTO),C_SUITE,ENGINEERING_IT,egonzález@manufacturaindustr.com.mx,VERIFIED,85,+524374591317,2026-09-06T14:31:01.747516+00:00
General Commercial & Services,INNOVACION MEXICANA S.A.B. DE C.V.,innovacionmexicana.com,Sofia González,Chief Revenue Officer (CRO),C_SUITE,SALES_MARKETING,sgonzález@innovacionmexicana.com,VERIFIED,85,+524054439443,2026-09-06T14:31:01.747516+00:00
General Commercial & Services,INNOVACION MEXICANA S.A.B. DE C.V.,innovacionmexicana.com,Alejandro Valenzuela,Chief Human Resources Officer (CHRO),C_SUITE,HR_PEOPLE,avalenzuela@innovacionmexicana.com,VERIFIED,85,+526052350130,2026-09-06T14:31:01.747516+00:00
General Commercial & Services,INNOVACION MEXICANA S.A.S.,innovacionmexicana.com.mx,Eduardo Dominguez,Chief Executive Officer (CEO),C_SUITE,EXECUTIVE,edominguez@innovacionmexicana.com.mx,VERIFIED,85,+527258559109,2026-09-06T14:31:01.747516+00:00
General Commercial & Services,MANUFACTURA EMPRESARIAL S.A.B. DE C.V.,manufacturaempresa.com.mx,Fernando Villaseñor,Chief Human Resources Officer (CHRO),C_SUITE,HR_PEOPLE,fvillaseñor@manufacturaempresa.com.mx,VERIFIED,85,+528748563184,2026-09-06T14:31:01.747516+00:00
General Commercial & Services,MANUFACTURA EMPRESARIAL S.A.B. DE C.V.,manufacturaempresa.com.mx,Miguel Mendoza,Chief Executive Officer (CEO),C_SUITE,EXECUTIVE,mmendoza@manufacturaempresa.com.mx,VERIFIED,85,+529951509504,2026-09-06T14:31:01.747516+00:00
General Commercial & Services,MANUFACTURA EMPRESARIAL S.A. DE C.V.,manufacturaempresa.com,Mariana Treviño,Chief Executive Officer (CEO),C_SUITE,EXECUTIVE,mtreviño@manufacturaempresa.com,VERIFIED,85,+529122195211,2026-09-06T14:31:01.747516+00:00
General Commercial & Services,INDUSTRIAS INTEGRAL 69 S.A. DE C.V.,industriasintegral.mx,Alejandro Villaseñor,Chief Financial Officer (CFO),C_SUITE,FINANCE,avillaseñor@industriasintegral.mx,VERIFIED,85,+524069968081,2026-09-06T14:31:01.747516+00:00
General Commercial & Services,INDUSTRIAS INTEGRAL 69 S.A. DE C.V.,industriasintegral.mx,Carlos Mendoza,Chief Financial Officer (CFO),C_SUITE,FINANCE,cmendoza@industriasintegral.mx,VERIFIED,85,+527037341617,2026-09-06T14:31:01.747516+00:00
General Commercial & Services,INDUSTRIAS INTEGRAL S.A.P.I. DE C.V.,industriasintegral.com.mx,Guillermo Benítez,Chief Revenue Officer (CRO),C_SUITE,SALES_MARKETING,gbenítez@industriasintegral.com.mx,VERIFIED,85,+527197745027,2026-09-06T14:31:01.747516+00:00
General Commercial & Services,INNOVACION NACIONAL S.C.,innovacionnacional.com,Alejandro Navarro,Chief Executive Officer (CEO),C_SUITE,EXECUTIVE,anavarro@innovacionnacional.com,VERIFIED,85,+525522848614,2026-09-06T14:31:01.747516+00:00
General Commercial & Services,INNOVACION INTERNACIONAL 29 S.C.,innovacioninternac.mx,Daniel Alarcón,Chief Financial Officer (CFO),C_SUITE,FINANCE,dalarcón@innovacioninternac.mx,VERIFIED,85,+525660081220,2026-09-06T14:31:01.747516+00:00
General Commercial & Services,INDUSTRIAS GLOBAL S.A.B. DE C.V.,industriasglobal67.mx,Sofia Vega,Chief Human Resources Officer (CHRO),C_SUITE,HR_PEOPLE,svega@industriasglobal67.mx,VERIFIED,85,+526716056554,2026-09-06T14:31:01.747516+00:00
General Commercial & Services,INDUSTRIAS GLOBAL 69 S.A. DE C.V.,industriasglobal.com.mx,Eduardo Dominguez,Chief Executive Officer (CEO),C_SUITE,EXECUTIVE,edominguez@industriasglobal.com.mx,VERIFIED,85,+525653206818,2026-09-06T14:31:01.747516+00:00
General Commercial & Services,INDUSTRIAS GLOBAL 14 S.A.S.,industriasglobal6.com,Carlos López,Chief Revenue Officer (CRO),C_SUITE,SALES_MARKETING,clópez@industriasglobal6.com,VERIFIED,85,+525392031471,2026-09-06T14:31:01.747516+00:00
General Commercial & Services,INDUSTRIAS GLOBAL 82 S.A.B. DE C.V.,industriasglobal77.mx,Luis Hernández,Founder,FOUNDER,EXECUTIVE,lhernández@industriasglobal77.mx,VERIFIED,85,+524598104089,2026-09-06T14:31:01.747516+00:00
General Commercial & Services,INDUSTRIAS GLOBAL S.A.S.,industriasglobal.mx,Luis González,Chief Human Resources Officer (CHRO),C_SUITE,HR_PEOPLE,lgonzález@industriasglobal.mx,VERIFIED,85,+527282678530,2026-09-06T14:31:01.747516+00:00
General Commercial & Services,INNOVACION INDUSTRIAL S.A.S.,innovacionindustri.com.mx,Adriana Ruiz,Chief Executive Officer (CEO),C_SUITE,EXECUTIVE,aruiz@innovacionindustri.com.mx,VERIFIED,85,+528145479670,2026-09-06T14:31:01.747516+00:00
General Commercial & Services,INNOVACION INDUSTRIAL S.A.S.,innovacionindustri.com.mx,Luis Alarcón,Chief Executive Officer (CEO),C_SUITE,EXECUTIVE,lalarcón@innovacionindustri.com.mx,VERIFIED,85,+528147335831,2026-09-06T14:31:01.747516+00:00
General Commercial & Services,INNOVACION INDUSTRIAL S.C.,innovacionindustri.com,Fernando Villaseñor,Chief Human Resources Officer (CHRO),C_SUITE,HR_PEOPLE,fvillaseñor@innovacionindustri.com,VERIFIED,85,+528117080513,2026-09-06T14:31:01.747516+00:00
General Commercial & Services,INNOVACION INDUSTRIAL S.C.,innovacionindustri.com,Javier Alarcón,Chief Human Resources Officer (CHRO),C_SUITE,HR_PEOPLE,jalarcón@innovacionindustri.com,VERIFIED,85,+528114650773,2026-09-06T14:31:01.747516+00:00
General Commercial & Services,MANUFACTURA MEXICANA S.A.P.I. DE C.V.,manufacturamexican.mx,Sofia Ruiz,Chief Financial Officer (CFO),C_SUITE,FINANCE,sruiz@manufacturamexican.mx,VERIFIED,85,+524083830395,2026-09-06T14:31:01.747516+00:00
General Commercial & Services,MANUFACTURA MEXICANA S.A.P.I. DE C.V.,manufacturamexican.mx,David Alarcón,Chief Financial Officer (CFO),C_SUITE,FINANCE,dalarcón@manufacturamexican.mx,VERIFIED,85,+524850796814,2026-09-06T14:31:01.747516+00:00
General Commercial & Services,MANUFACTURA MEXICANA S.A.P.I. DE C.V.,manufacturamexican.mx,David González,Chief Human Resources Officer (CHRO),C_SUITE,HR_PEOPLE,dgonzález@manufacturamexican.mx,VERIFIED,85,+529257717967,2026-09-06T14:31:01.747516+00:00
General Commercial & Services,MANUFACTURA MEXICANA S.A. DE C.V.,manufacturamexican.com,Andrea Treviño,Chief Executive Officer (CEO),C_SUITE,EXECUTIVE,atreviño@manufacturamexican.com,VERIFIED,85,+527666909592,2026-09-06T14:31:01.747516+00:00
General Commercial & Services,INNOVACION MODERNA S.A.B. DE C.V.,innovacionmoderna.com.mx,Adriana Villaseñor,Chief Operating Officer (COO),C_SUITE,OPERATIONS,avillaseñor@innovacionmoderna.com.mx,VERIFIED,85,+524547736374,2026-09-06T14:31:01.747516+00:00
General Commercial & Services,INNOVACION MODERNA S.A.B. DE C.V.,innovacionmoderna.com.mx,Carlos Mendoza,Chief Revenue Officer (CRO),C_SUITE,SALES_MARKETING,cmendoza@innovacionmoderna2.com.mx,VERIFIED,85,+525047884075,2026-09-06T14:31:01.747516+00:00
General Commercial & Services,INDUSTRIAS ESPECIALIZADA S.A.S.,industriasespecial.mx,Eduardo Alarcón,Chief Executive Officer (CEO),C_SUITE,EXECUTIVE,ealarcón@industriasespecial.mx,VERIFIED,85,+528569004519,2026-09-06T14:31:01.747516+00:00
General Commercial & Services,INNOVACION MEXICANA 73 S.A.B. DE C.V.,innovacionmexicana.mx,Adriana Garza,Chief Financial Officer (CFO),C_SUITE,FINANCE,agarza@innovacionmexicana.mx,VERIFIED,85,+525071084425,2026-09-06T14:31:01.747516+00:00
General Commercial & Services,INNOVACION AVANZADA S.A. DE C.V.,innovacionavanzada.com,Eduardo Alarcón,Chief Operating Officer (COO),C_SUITE,OPERATIONS,ealarcón@innovacionavanzada.com,VERIFIED,85,+526136068093,2026-09-06T14:31:01.747516+00:00
General Commercial & Services,MANUFACTURA LATINOAMERICANA S.A.P.I. DE C.V.,manufacturalatinoa.com.mx,Claudia Ruiz,Chief Technology Officer (CTO),C_SUITE,ENGINEERING_IT,cruiz@manufacturalatinoa.com.mx,VERIFIED,85,+524741560298,2026-09-06T14:31:01.747516+00:00
General Commercial & Services,MANUFACTURA LATINOAMERICANA S.A.P.I. DE C.V.,manufacturalatinoa.com.mx,Sofia Villaseñor,Chief Executive Officer (CEO),C_SUITE,EXECUTIVE,svillaseñor@manufacturalatinoa.com.mx,VERIFIED,85,+528167672874,2026-09-06T14:31:01.747516+00:00
General Commercial & Services,MANUFACTURA LATINOAMERICANA S.A.B. DE C.V.,manufacturalatinoa.com,Hector Dominguez,Founder,FOUNDER,EXECUTIVE,hdominguez@manufacturalatinoa.com,VERIFIED,85,+526676416731,2026-09-06T14:31:01.747516+00:00
General Commercial & Services,MANUFACTURA LATINOAMERICANA S.A.B. DE C.V.,manufacturalatinoa.com,Adriana Salinas,Chief Technology Officer (CTO),C_SUITE,ENGINEERING_IT,asalinas@manufacturalatinoa.com,VERIFIED,85,+525034551175,2026-09-06T14:31:01.747516+00:00
General Commercial & Services,INDUSTRIAS LATINOAMERICANA 86 S.C.,industriaslatinoam.com,Carlos García,Chief Revenue Officer (CRO),C_SUITE,SALES_MARKETING,cgarcía@industriaslatinoam.com,VERIFIED,85,+524165461437,2026-09-06T14:31:01.747516+00:00
General Commercial & Services,INDUSTRIAS LATINOAMERICANA 86 S.C.,industriaslatinoam.com,Claudia Castro,Chief Technology Officer (CTO),C_SUITE,ENGINEERING_IT,ccastro@industriaslatinoam.com,VERIFIED,85,+525941276439,2026-09-06T14:31:01.747516+00:00
General Commercial & Services,INDUSTRIAS LATINOAMERICANA S.C.,industriaslatinoam.com.mx,Andrea Villaseñor,Chief Human Resources Officer (CHRO),C_SUITE,HR_PEOPLE,avillaseñor@industriaslatinoam.com.mx,VERIFIED,85,+526418218474,2026-09-06T14:31:01.747516+00:00
General Commercial & Services,INNOVACION ESPECIALIZADA S.A.P.I. DE C.V.,innovacionespecial.mx,Adriana Salinas,Chief Technology Officer (CTO),C_SUITE,ENGINEERING_IT,asalinas@innovacionespecial.mx,VERIFIED,85,+526567287036,2026-09-06T14:31:01.747516+00:00
General Commercial & Services,INNOVACION ESPECIALIZADA S.A.P.I. DE C.V.,innovacionespecial.mx,Gabriel Villaseñor,Chief Human Resources Officer (CHRO),C_SUITE,HR_PEOPLE,gvillaseñor@innovacionespecial.mx,VERIFIED,85,+528181132012,2026-09-06T14:31:01.747516+00:00
General Commercial & Services,INNOVACION ESPECIALIZADA S.A.P.I. DE C.V.,innovacionespecial.com.mx,Sofia Benítez,Founder,FOUNDER,EXECUTIVE,sbenítez@innovacionespecial.com.mx,VERIFIED,85,+524639793662,2026-09-06T14:31:01.747516+00:00
General Commercial & Services,INNOVACION DEL NORTE S.A.P.I. DE C.V.,innovaciondelnorte.mx,Miguel Salinas,Chief Human Resources Officer (CHRO),C_SUITE,HR_PEOPLE,msalinas@innovaciondelnorte.mx,VERIFIED,85,+525580463112,2026-09-06T14:31:01.747516+00:00
General Commercial & Services,INNOVACION DEL NORTE S.A.P.I. DE C.V.,innovaciondelnorte.mx,Hector Salinas,Chief Financial Officer (CFO),C_SUITE,FINANCE,hsalinas@innovaciondelnorte.mx,VERIFIED,85,+525220994850,2026-09-06T14:31:01.747516+00:00
General Commercial & Services,INNOVACION DEL NORTE S.A.B. DE C.V.,innovaciondelnorte.com.mx,Adriana Vega,Chief Revenue Officer (CRO),C_SUITE,SALES_MARKETING,avega@innovaciondelnorte.com.mx,VERIFIED,85,+524758000432,2026-09-06T14:31:01.747516+00:00
General Commercial & Services,INNOVACION DEL NORTE S.A.B. DE C.V.,innovaciondelnorte.com.mx,Carlos Salinas,Chief Operating Officer (COO),C_SUITE,OPERATIONS,csalinas@innovaciondelnorte.com.mx,VERIFIED,85,+528092344932,2026-09-06T14:31:01.747516+00:00
General Commercial & Services,INNOVACION DEL PACIFICO S.A.S.,innovaciondelpacif.com,Javier Treviño,Chief Technology Officer (CTO),C_SUITE,ENGINEERING_IT,jtreviño@innovaciondelpacif.com,VERIFIED,85,+526669936868,2026-09-06T14:31:01.747516+00:00
General Commercial & Services,INNOVACION DEL PACIFICO S.A.S.,innovaciondelpacif.com,Patricia Treviño,Chief Financial Officer (CFO),C_SUITE,FINANCE,ptreviño@innovaciondelpacif.com,VERIFIED,85,+529736891821,2026-09-06T14:31:01.747516+00:00
General Commercial & Services,INNOVACION DEL PACIFICO 94 S.A.P.I. DE C.V.,innovaciondelpacif.com.mx,Eduardo Ruiz,Chief Executive Officer (CEO),C_SUITE,EXECUTIVE,eruiz@innovaciondelpacif.com.mx,VERIFIED,85,+526588437776,2026-09-06T14:31:01.747516+00:00
General Commercial & Services,INNOVACION DEL NORTE 20 S.C.,innovaciondelnorte.com,Adriana Villaseñor,Founder,FOUNDER,EXECUTIVE,avillaseñor@innovaciondelnorte.com,VERIFIED,85,+524635766756,2026-09-06T14:31:01.747516+00:00
General Commercial & Services,INNOVACION DEL BAJIO S. DE R.L. DE C.V.,innovaciondelbajio.mx,Luis Dominguez,Founder,FOUNDER,EXECUTIVE,ldominguez@innovaciondelbajio.mx,VERIFIED,85,+528029606321,2026-09-06T14:31:01.747516+00:00
General Commercial & Services,INNOVACION DEL CENTRO S.A.P.I. DE C.V.,innovaciondelcentr.com,Claudia Garza,Chief Technology Officer (CTO),C_SUITE,ENGINEERING_IT,cgarza@innovaciondelcentr.com,VERIFIED,85,+525116430639,2026-09-06T14:31:01.747516+00:00
General Commercial & Services,INDUSTRIAS LATINOAMERICANA S.C.,industriaslatinoam.mx,Andrea García,Chief Human Resources Officer (CHRO),C_SUITE,HR_PEOPLE,agarcía@industriaslatinoam.mx,VERIFIED,85,+529296915878,2026-09-06T14:31:01.747516+00:00
General Commercial & Services,INDUSTRIAS LATINOAMERICANA S.C.,industriaslatinoam.mx,Carlos Dominguez,Chief Technology Officer (CTO),C_SUITE,ENGINEERING_IT,cdominguez@industriaslatinoam.com.mx,VERIFIED,85,+526515793831,2026-09-06T14:31:01.747516+00:00
General Commercial & Services,INDUSTRIAS LATINOAMERICANA S.C.,industriaslatinoam.com,Mariana Valenzuela,Chief Financial Officer (CFO),C_SUITE,FINANCE,mvalenzuela@industriaslatinoam.com,VERIFIED,85,+525646512063,2026-09-06T14:31:01.747516+00:00
General Commercial & Services,INDUSTRIAS LATINOAMERICANA S.C.,industriaslatinoam.com,David Navarro,Chief Executive Officer (CEO),C_SUITE,EXECUTIVE,dnavarro@industriaslatinoam.com,VERIFIED,85,+525311467972,2026-09-06T14:31:01.747516+00:00
General Commercial & Services,INDUSTRIAS LATINOAMERICANA 76 S.C.,industriaslatinoam.com.mx,Andrea Dominguez,Chief Human Resources Officer (CHRO),C_SUITE,HR_PEOPLE,adominguez@industriaslatinoam.com.mx,VERIFIED,85,+529089183495,2026-09-06T14:31:01.747516+00:00
General Commercial & Services,INNOVACION DE OCCIDENTE S.C.,innovaciondeoccide.com.mx,Eduardo Martínez,Founder,FOUNDER,EXECUTIVE,emartínez@innovaciondeoccide.com.mx,VERIFIED,85,+525564115955,2026-09-06T14:31:01.747516+00:00
General Commercial & Services,INNOVACION DE OCCIDENTE S.C.,innovaciondeoccide.com.mx,Daniel Villaseñor,Chief Executive Officer (CEO),C_SUITE,EXECUTIVE,dvillaseñor@innovaciondeoccide.com.mx,VERIFIED,85,+525541794046,2026-09-06T14:31:01.747516+00:00
General Commercial & Services,INNOVACION DE LAS AMERICAS S.A. DE C.V.,innovaciondelasame.com.mx,Guillermo Benítez,Chief Human Resources Officer (CHRO),C_SUITE,HR_PEOPLE,gbenítez@innovaciondelasame.com.mx,VERIFIED,85,+525514326271,2026-09-06T14:31:01.747516+00:00
General Commercial & Services,INNOVACION DE LAS AMERICAS S.A.S.,innovaciondelasame.com,Andrea Hernández,Chief Human Resources Officer (CHRO),C_SUITE,HR_PEOPLE,ahernández@innovaciondelasame.com,VERIFIED,85,+525552035560,2026-09-06T14:31:01.747516+00:00
General Commercial & Services,INDUSTRIAS ESPECIALIZADA S.A.B. DE C.V.,industriasespecial.mx,Mariana Villaseñor,Chief Operating Officer (COO),C_SUITE,OPERATIONS,mvillaseñor@industriasespecial.mx,VERIFIED,85,+524756320761,2026-09-06T14:31:01.747516+00:00
General Commercial & Services,INDUSTRIAS ESPECIALIZADA S.A.S.,industriasespecial.com.mx,Gabriel González,Chief Executive Officer (CEO),C_SUITE,EXECUTIVE,ggonzález@industriasespecial.com.mx,VERIFIED,85,+526633098839,2026-09-06T14:31:01.747516+00:00
General Commercial & Services,INNOVACION CENTRAL S.C.,innovacioncentral1.com.mx,Javier Navarro,Chief Financial Officer (CFO),C_SUITE,FINANCE,jnavarro@innovacioncentral1.com.mx,VERIFIED,85,+525543562116,2026-09-06T14:31:01.747516+00:00
General Commercial & Services,INNOVACION CENTRAL S.A. DE C.V.,innovacioncentral.com,Fernando Villaseñor,Chief Executive Officer (CEO),C_SUITE,EXECUTIVE,fvillaseñor@innovacioncentral.com,VERIFIED,85,+525313401418,2026-09-06T14:31:01.747516+00:00
General Commercial & Services,INNOVACION INDUSTRIAL S.A. DE C.V.,innovacionindustri.com,Eduardo Castro,Founder,FOUNDER,EXECUTIVE,ecastro@innovacionindustri.com,VERIFIED,85,+523399694993,2026-09-06T14:31:01.747516+00:00
General Commercial & Services,INNOVACION INDUSTRIAL S.A. DE C.V.,innovacionindustri.com,Sofia López,Founder,FOUNDER,EXECUTIVE,slópez@innovacionindustri.com,VERIFIED,85,+523376370520,2026-09-06T14:31:01.747516+00:00
General Commercial & Services,INNOVACION INDUSTRIAL S.A. DE C.V.,innovacionindustri.com,Patricia Morales,Chief Technology Officer (CTO),C_SUITE,ENGINEERING_IT,pmorales@innovacionindustri.com,VERIFIED,85,+523336047695,2026-09-06T14:31:01.747516+00:00
General Commercial & Services,INNOVACION INDUSTRIAL S.A.P.I. DE C.V.,innovacionindustri.com.mx,Mariana Valenzuela,Chief Executive Officer (CEO),C_SUITE,EXECUTIVE,mvalenzuela@innovacionindustri.com.mx,VERIFIED,85,+523352721040,2026-09-06T14:31:01.747516+00:00
General Commercial & Services,INNOVACION INDUSTRIAL S.A. DE C.V.,innovacionindustri.mx,Gabriel Hernández,Chief Executive Officer (CEO),C_SUITE,EXECUTIVE,ghernández@innovacionindustri.mx,VERIFIED,85,+523315457365,2026-09-06T14:31:01.747516+00:00
General Commercial & Services,MANUFACTURA INTEGRAL S.A.B. DE C.V.,manufacturaintegra.mx,Patricia Hernández,Chief Operating Officer (COO),C_SUITE,OPERATIONS,phernández@manufacturaintegra.mx,VERIFIED,85,+529381282053,2026-09-06T14:31:01.747516+00:00
General Commercial & Services,INNOVACION DINAMICA S.A.P.I. DE C.V.,innovaciondinamica.mx,Hector González,Chief Financial Officer (CFO),C_SUITE,FINANCE,hgonzález@innovaciondinamica.mx,VERIFIED,85,+524946080731,2026-09-06T14:31:01.747516+00:00
General Commercial & Services,INNOVACION DINAMICA S.A.P.I. DE C.V.,innovaciondinamica.mx,Mariana Dominguez,Chief Executive Officer (CEO),C_SUITE,EXECUTIVE,mdominguez@innovaciondinamica.mx,VERIFIED,85,+528732198965,2026-09-06T14:31:01.747516+00:00
General Commercial & Services,INNOVACION DINAMICA S.A.P.I. DE C.V.,innovaciondinamica.mx,Miguel Garza,Chief Executive Officer (CEO),C_SUITE,EXECUTIVE,mgarza@innovaciondinamica.mx,VERIFIED,85,+526940906176,2026-09-06T14:31:01.747516+00:00
General Commercial & Services,INNOVACION DINAMICA S.A.P.I. DE C.V.,innovaciondinamica.mx,Guillermo Ruiz,Chief Financial Officer (CFO),C_SUITE,FINANCE,gruiz@innovaciondinamica.com.mx,VERIFIED,85,+525594226348,2026-09-06T14:31:01.747516+00:00
General Commercial & Services,INNOVACION DINAMICA S.A. DE C.V.,innovaciondinamica.com,Hector Benítez,Chief Executive Officer (CEO),C_SUITE,EXECUTIVE,hbenítez@innovaciondinamica.com,VERIFIED,85,+527081915477,2026-09-06T14:31:01.747516+00:00
General Commercial & Services,INNOVACION DINAMICA S.C.,innovaciondinamica.com.mx,Alejandro Dominguez,Chief Operating Officer (COO),C_SUITE,OPERATIONS,adominguez@innovaciondinamica.com.mx,VERIFIED,85,+527114185793,2026-09-06T14:31:01.747516+00:00
General Commercial & Services,INNOVACION DINAMICA S.C.,innovaciondinamica.com.mx,Alejandro Vega,Chief Revenue Officer (CRO),C_SUITE,SALES_MARKETING,avega@innovaciondinamica.com.mx,VERIFIED,85,+529749641008,2026-09-06T14:31:01.747516+00:00
General Commercial & Services,MANUFACTURA MODERNA S.A.P.I. DE C.V.,manufacturamoderna.mx,Andrea Martínez,Founder,FOUNDER,EXECUTIVE,amartínez@manufacturamoderna.mx,VERIFIED,85,+526067371663,2026-09-06T14:31:01.747516+00:00
General Commercial & Services,MANUFACTURA MODERNA S. DE R.L. DE C.V.,manufacturamoderna.com.mx,Roberto Salinas,Chief Executive Officer (CEO),C_SUITE,EXECUTIVE,rsalinas@manufacturamoderna.com.mx,VERIFIED,85,+526076207473,2026-09-06T14:31:01.747516+00:00
General Commercial & Services,MANUFACTURA MODERNA S.A.B. DE C.V.,manufacturamoderna.com,Daniel García,Chief Financial Officer (CFO),C_SUITE,FINANCE,dgarcía@manufacturamoderna.com,VERIFIED,85,+528241743260,2026-09-06T14:31:01.747516+00:00
General Commercial & Services,INNOVACION INTEGRAL S.A. DE C.V.,innovacionintegral.com,Roberto López,Chief Operating Officer (COO),C_SUITE,OPERATIONS,rlópez@innovacionintegral.com,VERIFIED,85,+525616205155,2026-09-06T14:31:01.747516+00:00
General Commercial & Services,INNOVACION INTEGRAL S.A. DE C.V.,innovacionintegral.com,Gabriel Ruiz,Founder,FOUNDER,EXECUTIVE,gruiz@innovacionintegral.com,VERIFIED,85,+527174803777,2026-09-06T14:31:01.747516+00:00
General Commercial & Services,INNOVACION INTEGRAL S.C.,innovacionintegral.com.mx,Sofia Vega,Chief Technology Officer (CTO),C_SUITE,ENGINEERING_IT,svega@innovacionintegral.com.mx,VERIFIED,85,+529582377581,2026-09-06T14:31:01.747516+00:00
General Commercial & Services,INNOVACION INTEGRAL S.C.,innovacionintegral.com.mx,Sofia Martínez,Chief Financial Officer (CFO),C_SUITE,FINANCE,smartínez@innovacionintegral.com.mx,VERIFIED,85,+524732939044,2026-09-06T14:31:01.747516+00:00
General Commercial & Services,INDUSTRIAS MODERNA S.A. DE C.V.,industriasmoderna3.com,Sofia Benítez,Chief Revenue Officer (CRO),C_SUITE,SALES_MARKETING,sbenítez@industriasmoderna3.com,VERIFIED,85,+529780339972,2026-09-06T14:31:01.747516+00:00
General Commercial & Services,INDUSTRIAS MODERNA S.A. DE C.V.,industriasmoderna3.com,Andrea García,Chief Human Resources Officer (CHRO),C_SUITE,HR_PEOPLE,agarcía@industriasmoderna.com,VERIFIED,85,+527223120074,2026-09-06T14:31:01.747516+00:00
General Commercial & Services,INDUSTRIAS MODERNA S.A.S.,industriasmoderna.com.mx,Javier Castro,Chief Executive Officer (CEO),C_SUITE,EXECUTIVE,jcastro@industriasmoderna.com.mx,VERIFIED,85,+527587347405,2026-09-06T14:31:01.747516+00:00
General Commercial & Services,INDUSTRIAS MEXICANA S.A. DE C.V.,industriasmexicana.mx,Sofia Morales,Chief Financial Officer (CFO),C_SUITE,FINANCE,smorales@industriasmexicana.mx,VERIFIED,85,+525366431743,2026-09-06T14:31:01.760926+00:00
General Commercial & Services,INDUSTRIAS MEXICANA S.A. DE C.V.,industriasmexicana.mx,Claudia Vega,Chief Technology Officer (CTO),C_SUITE,ENGINEERING_IT,cvega@industriasmexicana.com,VERIFIED,85,+527938731841,2026-09-06T14:31:01.760926+00:00
General Commercial & Services,INDUSTRIAS MEXICANA S.A. DE C.V.,industriasmexicana.mx,Mariana Vega,Chief Revenue Officer (CRO),C_SUITE,SALES_MARKETING,mvega@industriasmexicana.mx,VERIFIED,85,+526643087688,2026-09-06T14:31:01.760926+00:00
General Commercial & Services,INDUSTRIAS MEXICANA S.A. DE C.V.,industriasmexicana.mx,Sofia Treviño,Chief Financial Officer (CFO),C_SUITE,FINANCE,streviño@industriasmexicana.mx,VERIFIED,85,+526591869689,2026-09-06T14:31:01.760926+00:00
General Commercial & Services,INDUSTRIAS MEXICANA S.A.B. DE C.V.,industriasmexicana.com.mx,Mariana López,Chief Operating Officer (COO),C_SUITE,OPERATIONS,mlópez@industriasmexicana.com.mx,VERIFIED,85,+525875980412,2026-09-06T14:31:01.760926+00:00
General Commercial & Services,MANUFACTURA INTERNACIONAL S. DE R.L. DE C.V.,manufacturainterna.com.mx,Claudia Vega,Chief Technology Officer (CTO),C_SUITE,ENGINEERING_IT,cvega@manufacturainterna.com.mx,VERIFIED,85,+527191779380,2026-09-06T14:31:01.760926+00:00
General Commercial & Services,MANUFACTURA INTERNACIONAL S. DE R.L. DE C.V.,manufacturainterna.com.mx,David Morales,Chief Technology Officer (CTO),C_SUITE,ENGINEERING_IT,dmorales@manufacturainterna.com.mx,VERIFIED,85,+526844528283,2026-09-06T14:31:01.760926+00:00
General Commercial & Services,MANUFACTURA INTERNACIONAL S. DE R.L. DE C.V.,manufacturainterna.com.mx,Mariana Castro,Chief Technology Officer (CTO),C_SUITE,ENGINEERING_IT,mcastro@manufacturainterna.mx,VERIFIED,85,+528874491091,2026-09-06T14:31:01.760926+00:00
General Commercial & Services,MANUFACTURA INTERNACIONAL S. DE R.L. DE C.V.,manufacturainterna.com.mx,Adriana Mendoza,Chief Executive Officer (CEO),C_SUITE,EXECUTIVE,amendoza@manufacturainterna.com.mx,VERIFIED,85,+529180268829,2026-09-06T14:31:01.760926+00:00
General Commercial & Services,MANUFACTURA INTERNACIONAL S. DE R.L. DE C.V.,manufacturainterna.com.mx,Alejandro Hernández,Chief Financial Officer (CFO),C_SUITE,FINANCE,ahernández@manufacturainterna.com.mx,VERIFIED,85,+529432035825,2026-09-06T14:31:01.760926+00:00
General Commercial & Services,MANUFACTURA INTERNACIONAL S.A.S.,manufacturainterna.mx,Javier Benítez,Chief Executive Officer (CEO),C_SUITE,EXECUTIVE,jbenítez@manufacturainterna.mx,VERIFIED,85,+526566481573,2026-09-06T14:31:01.760926+00:00
General Commercial & Services,INNOVACION ESPECIALIZADA S. DE R.L. DE C.V.,innovacionespecial.com,Eduardo Alarcón,Chief Executive Officer (CEO),C_SUITE,EXECUTIVE,ealarcón@innovacionespecial.com,VERIFIED,85,+525434661682,2026-09-06T14:31:01.760926+00:00
General Commercial & Services,INNOVACION ESPECIALIZADA S. DE R.L. DE C.V.,innovacionespecial.com,Luis Castro,Chief Technology Officer (CTO),C_SUITE,ENGINEERING_IT,lcastro@innovacionespecial.com,VERIFIED,85,+529168697561,2026-09-06T14:31:01.760926+00:00
General Commercial & Services,INNOVACION ESPECIALIZADA S.A.B. DE C.V.,innovacionespecial.mx,Javier Morales,Chief Human Resources Officer (CHRO),C_SUITE,HR_PEOPLE,jmorales@innovacionespecial.mx,VERIFIED,85,+524685829665,2026-09-06T14:31:01.760926+00:00
General Commercial & Services,INNOVACION ESPECIALIZADA S.C.,innovacionespecial.com.mx,Adriana Dominguez,Chief Operating Officer (COO),C_SUITE,OPERATIONS,adominguez@innovacionespecial.com.mx,VERIFIED,85,+529937660173,2026-09-06T14:31:01.760926+00:00
General Commercial & Services,INDUSTRIAS ESPECIALIZADA S. DE R.L. DE C.V.,industriasespecial.com,Jorge Treviño,Chief Human Resources Officer (CHRO),C_SUITE,HR_PEOPLE,jtreviño@industriasespecial.com,VERIFIED,85,+527615172786,2026-09-06T14:31:01.760926+00:00
General Commercial & Services,INDUSTRIAS ESPECIALIZADA S. DE R.L. DE C.V.,industriasespecial.com,Miguel Valenzuela,Chief Human Resources Officer (CHRO),C_SUITE,HR_PEOPLE,mvalenzuela@industriasespecial.com,VERIFIED,85,+524327221810,2026-09-06T14:31:01.760926+00:00
General Commercial & Services,INDUSTRIAS ESPECIALIZADA S. DE R.L. DE C.V.,industriasespecial.com,Eduardo Navarro,Chief Technology Officer (CTO),C_SUITE,ENGINEERING_IT,enavarro@industriasespecial.com,VERIFIED,85,+527428718636,2026-09-06T14:31:01.760926+00:00
General Commercial & Services,INDUSTRIAS ESPECIALIZADA S. DE R.L. DE C.V.,industriasespecial.com,Rodrigo Martínez,Chief Human Resources Officer (CHRO),C_SUITE,HR_PEOPLE,rmartínez@industriasespecial.com,VERIFIED,85,+527647887185,2026-09-06T14:31:01.760926+00:00
General Commercial & Services,INDUSTRIAS ESPECIALIZADA S.A.S.,industriasespecial.com.mx,Luis Garza,Chief Executive Officer (CEO),C_SUITE,EXECUTIVE,lgarza@industriasespecial.com.mx,VERIFIED,85,+526394421990,2026-09-06T14:31:01.760926+00:00
General Commercial & Services,INDUSTRIAS ESPECIALIZADA S.A.S.,industriasespecial.com.mx,Daniel Navarro,Chief Revenue Officer (CRO),C_SUITE,SALES_MARKETING,dnavarro@industriasespecial.com.mx,VERIFIED,85,+527638888578,2026-09-06T14:31:01.760926+00:00
General Commercial & Services,INDUSTRIAS DE OCCIDENTE S.A. DE C.V.,industriasdeoccide.com.mx,Gabriel Alarcón,Chief Technology Officer (CTO),C_SUITE,ENGINEERING_IT,galarcón@industriasdeoccide.com.mx,VERIFIED,85,+529397340185,2026-09-06T14:31:01.760926+00:00
General Commercial & Services,INDUSTRIAS DE OCCIDENTE S.A. DE C.V.,industriasdeoccide.com.mx,Alejandro Garza,Chief Revenue Officer (CRO),C_SUITE,SALES_MARKETING,agarza@industriasdeoccide.com,VERIFIED,85,+528529395863,2026-09-06T14:31:01.760926+00:00
General Commercial & Services,INDUSTRIAS DE OCCIDENTE S.A.P.I. DE C.V.,industriasdeoccide.mx,Mariana Treviño,Founder,FOUNDER,EXECUTIVE,mtreviño@industriasdeoccide.mx,VERIFIED,85,+528792854217,2026-09-06T14:31:01.760926+00:00
General Commercial & Services,INDUSTRIAS DE LAS AMERICAS S.A.B. DE C.V.,industriasdelasame.com.mx,Miguel Martínez,Chief Executive Officer (CEO),C_SUITE,EXECUTIVE,mmartínez@industriasdelasame.com.mx,VERIFIED,85,+525014493243,2026-09-06T14:31:01.760926+00:00
General Commercial & Services,INDUSTRIAS DE LAS AMERICAS 63 S.C.,industriasdelasame.mx,Jorge Hernández,Chief Executive Officer (CEO),C_SUITE,EXECUTIVE,jhernández@industriasdelasame.mx,VERIFIED,85,+526484252910,2026-09-06T14:31:01.760926+00:00
General Commercial & Services,MANUFACTURA DE LAS AMERICAS S.A. DE C.V.,manufacturadelasam.com.mx,Eduardo Mendoza,Founder,FOUNDER,EXECUTIVE,emendoza@manufacturadelasam.com.mx,VERIFIED,85,+525460935455,2026-09-06T14:31:01.760926+00:00
General Commercial & Services,MANUFACTURA DE LAS AMERICAS S.A. DE C.V.,manufacturadelasam.com.mx,Hector García,Chief Executive Officer (CEO),C_SUITE,EXECUTIVE,hgarcía@manufacturadelasam.com.mx,VERIFIED,85,+527484638320,2026-09-06T14:31:01.760926+00:00
General Commercial & Services,MANUFACTURA DE LAS AMERICAS S.A.P.I. DE C.V.,manufacturadelasam.mx,Hector Navarro,Chief Operating Officer (COO),C_SUITE,OPERATIONS,hnavarro@manufacturadelasam.mx,VERIFIED,85,+529256633123,2026-09-06T14:31:01.760926+00:00
General Commercial & Services,MANUFACTURA DE LAS AMERICAS S.A.P.I. DE C.V.,manufacturadelasam.mx,Javier Dominguez,Chief Financial Officer (CFO),C_SUITE,FINANCE,jdominguez@manufacturadelasam.mx,VERIFIED,85,+526044346111,2026-09-06T14:31:01.760926+00:00
General Commercial & Services,MANUFACTURA DE LAS AMERICAS S.A.P.I. DE C.V.,manufacturadelasam.mx,Rodrigo Mendoza,Chief Human Resources Officer (CHRO),C_SUITE,HR_PEOPLE,rmendoza@manufacturadelasam.mx,VERIFIED,85,+526897994211,2026-09-06T14:31:01.760926+00:00
General Commercial & Services,MANUFACTURA DE OCCIDENTE S. DE R.L. DE C.V.,manufacturadeoccid.com.mx,Claudia Salinas,Chief Financial Officer (CFO),C_SUITE,FINANCE,csalinas@manufacturadeoccid.com.mx,VERIFIED,85,+525334663486,2026-09-06T14:31:01.760926+00:00
General Commercial & Services,MANUFACTURA DE OCCIDENTE S. DE R.L. DE C.V.,manufacturadeoccid.com.mx,Sofia Castro,Chief Revenue Officer (CRO),C_SUITE,SALES_MARKETING,scastro@manufacturadeoccid.com.mx,VERIFIED,85,+526066446304,2026-09-06T14:31:01.760926+00:00
General Commercial & Services,INDUSTRIAS INDUSTRIAL S.A.P.I. DE C.V.,industriasindustri.com,Adriana Mendoza,Chief Financial Officer (CFO),C_SUITE,FINANCE,amendoza@industriasindustri.com,VERIFIED,85,+529864389373,2026-09-06T14:31:01.760926+00:00
General Commercial & Services,INDUSTRIAS INDUSTRIAL S.A.P.I. DE C.V.,industriasindustri.com,Luis Garza,Founder,FOUNDER,EXECUTIVE,lgarza@industriasindustri.com,VERIFIED,85,+526226566998,2026-09-06T14:31:01.760926+00:00
General Commercial & Services,INDUSTRIAS INDUSTRIAL S. DE R.L. DE C.V.,industriasindustri.mx,Mariana Mendoza,Chief Revenue Officer (CRO),C_SUITE,SALES_MARKETING,mmendoza@industriasindustri.mx,VERIFIED,85,+527519323452,2026-09-06T14:31:01.760926+00:00
General Commercial & Services,INDUSTRIAS AVANZADA S.A.B. DE C.V.,industriasavanzada.mx,Miguel López,Chief Revenue Officer (CRO),C_SUITE,SALES_MARKETING,mlópez@industriasavanzada.mx,VERIFIED,85,+529624707088,2026-09-06T14:31:01.760926+00:00
General Commercial & Services,INDUSTRIAS AVANZADA S.A.B. DE C.V.,industriasavanzada.mx,Adriana García,Chief Financial Officer (CFO),C_SUITE,FINANCE,agarcía@industriasavanzada.mx,VERIFIED,85,+527470363230,2026-09-06T14:31:01.760926+00:00
General Commercial & Services,INDUSTRIAS AVANZADA 57 S.A. DE C.V.,industriasavanzada.com.mx,Roberto Castro,Chief Executive Officer (CEO),C_SUITE,EXECUTIVE,rcastro@industriasavanzada.com.mx,VERIFIED,85,+525410836783,2026-09-06T14:31:01.760926+00:00
General Commercial & Services,INDUSTRIAS AVANZADA S.A.S.,industriasavanzada.com,Eduardo Morales,Chief Technology Officer (CTO),C_SUITE,ENGINEERING_IT,emorales@industriasavanzada.com,VERIFIED,85,+529323134992,2026-09-06T14:31:01.760926+00:00
General Commercial & Services,INDUSTRIAS AVANZADA S.A.S.,industriasavanzada.com,Javier Morales,Chief Human Resources Officer (CHRO),C_SUITE,HR_PEOPLE,jmorales@industriasavanzada.com,VERIFIED,85,+527282358443,2026-09-06T14:31:01.760926+00:00
General Commercial & Services,INNOVACION CENTRAL S.C.,innovacioncentral9.mx,Jorge Navarro,Chief Executive Officer (CEO),C_SUITE,EXECUTIVE,jnavarro@innovacioncentral9.mx,VERIFIED,85,+528981937436,2026-09-06T14:31:01.760926+00:00
General Commercial & Services,INNOVACION CENTRAL S.C.,innovacioncentral9.mx,Eduardo Treviño,Chief Executive Officer (CEO),C_SUITE,EXECUTIVE,etreviño@innovacioncentral.com,VERIFIED,85,+525961777480,2026-09-06T14:31:01.760926+00:00
General Commercial & Services,MANUFACTURA CENTRAL S.A.S.,manufacturacentral.com,David Navarro,Chief Revenue Officer (CRO),C_SUITE,SALES_MARKETING,dnavarro@manufacturacentral.com,VERIFIED,85,+527857882432,2026-09-06T14:31:01.760926+00:00
General Commercial & Services,MANUFACTURA CENTRAL S.A.S.,manufacturacentral.com,Gabriel Ruiz,Chief Human Resources Officer (CHRO),C_SUITE,HR_PEOPLE,gruiz@manufacturacentral.com,VERIFIED,85,+525332192497,2026-09-06T14:31:01.760926+00:00
General Commercial & Services,MANUFACTURA CENTRAL S.A.S.,manufacturacentral.com.mx,Andrea Salinas,Chief Financial Officer (CFO),C_SUITE,FINANCE,asalinas@manufacturacentral.com.mx,VERIFIED,85,+524052613253,2026-09-06T14:31:01.760926+00:00
General Commercial & Services,MANUFACTURA INTEGRAL S.A. DE C.V.,manufacturaintegra.com.mx,Hector Villaseñor,Founder,FOUNDER,EXECUTIVE,hvillaseñor@manufacturaintegra.com.mx,VERIFIED,85,+529539164305,2026-09-06T14:31:01.760926+00:00
General Commercial & Services,MANUFACTURA INTEGRAL S.A. DE C.V.,manufacturaintegra.com.mx,Guillermo Navarro,Chief Technology Officer (CTO),C_SUITE,ENGINEERING_IT,gnavarro@manufacturaintegra.com.mx,VERIFIED,85,+524870780323,2026-09-06T14:31:01.760926+00:00
General Commercial & Services,MANUFACTURA INTEGRAL S.A. DE C.V.,manufacturaintegra.com.mx,Hector Hernández,Chief Executive Officer (CEO),C_SUITE,EXECUTIVE,hhernández@manufacturaintegra.com.mx,VERIFIED,85,+528468194954,2026-09-06T14:31:01.760926+00:00
General Commercial & Services,MANUFACTURA INTEGRAL S.A.S.,manufacturaintegra.com,Jorge Mendoza,Chief Revenue Officer (CRO),C_SUITE,SALES_MARKETING,jmendoza@manufacturaintegra.com,VERIFIED,85,+525073476582,2026-09-06T14:31:01.760926+00:00
General Commercial & Services,INDUSTRIAS DINAMICA S.C.,industriasdinamica.com.mx,Patricia Garza,Chief Executive Officer (CEO),C_SUITE,EXECUTIVE,pgarza@industriasdinamica.com.mx,VERIFIED,85,+526614642853,2026-09-06T14:31:01.760926+00:00
General Commercial & Services,INDUSTRIAS DINAMICA 26 S.A. DE C.V.,industriasdinamica.com,Miguel Alarcón,Chief Executive Officer (CEO),C_SUITE,EXECUTIVE,malarcón@industriasdinamica.com,VERIFIED,85,+525967653647,2026-09-06T14:31:01.760926+00:00
General Commercial & Services,INNOVACION NACIONAL S.A.P.I. DE C.V.,innovacionnacional.com.mx,Alejandro Villaseñor,Chief Human Resources Officer (CHRO),C_SUITE,HR_PEOPLE,avillaseñor@innovacionnacional.com.mx,VERIFIED,85,+525266806747,2026-09-06T14:31:01.760926+00:00
General Commercial & Services,INNOVACION NACIONAL S.C.,innovacionnacional.mx,Miguel Navarro,Founder,FOUNDER,EXECUTIVE,mnavarro@innovacionnacional.mx,VERIFIED,85,+524464996595,2026-09-06T14:31:01.760926+00:00
General Commercial & Services,INNOVACION NACIONAL S.C.,innovacionnacional.mx,Adriana Villaseñor,Chief Executive Officer (CEO),C_SUITE,EXECUTIVE,avillaseñor@innovacionnacional.mx,VERIFIED,85,+527394984439,2026-09-06T14:31:01.760926+00:00
General Commercial & Services,INNOVACION EMPRESARIAL S.C.,innovacionempresar.com,Andrea Navarro,Chief Human Resources Officer (CHRO),C_SUITE,HR_PEOPLE,anavarro@innovacionempresar.com,VERIFIED,85,+526847834540,2026-09-06T14:31:01.760926+00:00
General Commercial & Services,INNOVACION EMPRESARIAL S.C.,innovacionempresar.com,Carlos Treviño,Chief Financial Officer (CFO),C_SUITE,FINANCE,ctreviño@innovacionempresar.mx,VERIFIED,85,+529712916185,2026-09-06T14:31:01.760926+00:00
General Commercial & Services,INNOVACION EMPRESARIAL S.C.,innovacionempresar.com,Daniel Ruiz,Founder,FOUNDER,EXECUTIVE,druiz@innovacionempresar.com,VERIFIED,85,+529013491366,2026-09-06T14:31:01.760926+00:00
General Commercial & Services,INNOVACION EMPRESARIAL 9 S. DE R.L. DE C.V.,innovacionempresar.com.mx,Jorge García,Chief Financial Officer (CFO),C_SUITE,FINANCE,jgarcía@innovacionempresar.com.mx,VERIFIED,85,+528648454064,2026-09-06T14:31:01.760926+00:00
General Commercial & Services,INNOVACION INTEGRAL S.A.P.I. DE C.V.,innovacionintegral.com,Daniel Hernández,Chief Technology Officer (CTO),C_SUITE,ENGINEERING_IT,dhernández@innovacionintegral.com,VERIFIED,85,+525451013293,2026-09-06T14:31:01.760926+00:00
General Commercial & Services,INNOVACION INTEGRAL S.C.,innovacionintegral.mx,Mariana Ruiz,Chief Operating Officer (COO),C_SUITE,OPERATIONS,mruiz@innovacionintegral.mx,VERIFIED,85,+527660227728,2026-09-06T14:31:01.760926+00:00
General Commercial & Services,INNOVACION INTEGRAL 54 S.C.,innovacionintegral.com.mx,Eduardo Ruiz,Chief Executive Officer (CEO),C_SUITE,EXECUTIVE,eruiz@innovacionintegral.com.mx,VERIFIED,85,+526246132482,2026-09-06T14:31:01.760926+00:00
General Commercial & Services,MANUFACTURA NACIONAL S.C.,manufacturanaciona.mx,Eduardo Benítez,Chief Technology Officer (CTO),C_SUITE,ENGINEERING_IT,ebenítez@manufacturanaciona.mx,VERIFIED,85,+524212881065,2026-09-06T14:31:01.760926+00:00
General Commercial & Services,MANUFACTURA NACIONAL S.C.,manufacturanaciona.mx,Sofia Castro,Chief Revenue Officer (CRO),C_SUITE,SALES_MARKETING,scastro@manufacturanaciona.com,VERIFIED,85,+527298682361,2026-09-06T14:31:01.760926+00:00
General Commercial & Services,MANUFACTURA NACIONAL S.C.,manufacturanaciona.mx,David Vega,Chief Technology Officer (CTO),C_SUITE,ENGINEERING_IT,dvega@manufacturanaciona.com.mx,VERIFIED,85,+527671715072,2026-09-06T14:31:01.760926+00:00
General Commercial & Services,INDUSTRIAS DINAMICA S.A. DE C.V.,industriasdinamica.com,Jorge González,Chief Executive Officer (CEO),C_SUITE,EXECUTIVE,jgonzález@industriasdinamica.com,VERIFIED,85,+523376825593,2026-09-06T14:31:01.760926+00:00
General Commercial & Services,INDUSTRIAS DINAMICA S.A. DE C.V.,industriasdinamica.com,Daniel Vega,Chief Operating Officer (COO),C_SUITE,OPERATIONS,dvega@industriasdinamica.com,VERIFIED,85,+523355914635,2026-09-06T14:31:01.760926+00:00
General Commercial & Services,INDUSTRIAS DINAMICA S.A. DE C.V.,industriasdinamica.com,Luis Ruiz,Founder,FOUNDER,EXECUTIVE,lruiz@industriasdinamica.com,VERIFIED,85,+523358232439,2026-09-06T14:31:01.760926+00:00
General Commercial & Services,INDUSTRIAS DINAMICA S.A. DE C.V.,industriasdinamica.com,Andrea Valenzuela,Chief Financial Officer (CFO),C_SUITE,FINANCE,avalenzuela@industriasdinamica.com,VERIFIED,85,+523315493734,2026-09-06T14:31:01.760926+00:00
General Commercial & Services,INNOVACION DE LAS AMERICAS S. DE R.L. DE C.V.,innovaciondelasame.com,Gabriel García,Chief Technology Officer (CTO),C_SUITE,ENGINEERING_IT,ggarcía@innovaciondelasame.com,VERIFIED,85,+529539630553,2026-09-06T14:31:01.760926+00:00
General Commercial & Services,INNOVACION DE LAS AMERICAS S. DE R.L. DE C.V.,innovaciondelasame.com,Luis Hernández,Chief Operating Officer (COO),C_SUITE,OPERATIONS,lhernández@innovaciondelasame.com,VERIFIED,85,+526445670670,2026-09-06T14:31:01.760926+00:00
General Commercial & Services,INNOVACION DE OCCIDENTE S.A.B. DE C.V.,innovaciondeoccide.com,Guillermo Mendoza,Chief Executive Officer (CEO),C_SUITE,EXECUTIVE,gmendoza@innovaciondeoccide.com,VERIFIED,85,+525350338639,2026-09-06T14:31:01.760926+00:00
General Commercial & Services,INDUSTRIAS NACIONAL S.A.B. DE C.V.,industriasnacional.mx,Gabriel Hernández,Chief Revenue Officer (CRO),C_SUITE,SALES_MARKETING,ghernández@industriasnacional.mx,VERIFIED,85,+529284827903,2026-09-06T14:31:01.760926+00:00
General Commercial & Services,INDUSTRIAS NACIONAL S.C.,industriasnacional.com,Eduardo Vega,Founder,FOUNDER,EXECUTIVE,evega@industriasnacional.com,VERIFIED,85,+528428805533,2026-09-06T14:31:01.760926+00:00
General Commercial & Services,INNOVACION NACIONAL S.A.P.I. DE C.V.,innovacionnacional.com,Luis Ruiz,Chief Human Resources Officer (CHRO),C_SUITE,HR_PEOPLE,lruiz@innovacionnacional.com,VERIFIED,85,+524284580687,2026-09-06T14:31:01.760926+00:00
General Commercial & Services,INNOVACION NACIONAL S.A.P.I. DE C.V.,innovacionnacional.com,Mariana Ruiz,Chief Financial Officer (CFO),C_SUITE,FINANCE,mruiz@innovacionnacional.com.mx,VERIFIED,85,+524123151409,2026-09-06T14:31:01.760926+00:00
General Commercial & Services,INNOVACION NACIONAL S.C.,innovacionnacional.mx,Gabriel Vega,Chief Technology Officer (CTO),C_SUITE,ENGINEERING_IT,gvega@innovacionnacional.mx,VERIFIED,85,+529115930336,2026-09-06T14:31:01.760926+00:00
General Commercial & Services,INNOVACION NACIONAL S.C.,innovacionnacional.mx,Mariana Martínez,Chief Executive Officer (CEO),C_SUITE,EXECUTIVE,mmartínez@innovacionnacional.mx,VERIFIED,85,+525853041237,2026-09-06T14:31:01.760926+00:00
General Commercial & Services,INNOVACION NACIONAL S.C.,innovacionnacional.mx,Jorge García,Chief Operating Officer (COO),C_SUITE,OPERATIONS,jgarcía@innovacionnacional.mx,VERIFIED,85,+528295345010,2026-09-06T14:31:01.760926+00:00
General Commercial & Services,INNOVACION NACIONAL S.C.,innovacionnacional.mx,Rodrigo Morales,Chief Executive Officer (CEO),C_SUITE,EXECUTIVE,rmorales@innovacionnacional.mx,VERIFIED,85,+526184696698,2026-09-06T14:31:01.760926+00:00
General Commercial & Services,INNOVACION NACIONAL S. DE R.L. DE C.V.,innovacionnacional.com.mx,Eduardo Castro,Chief Technology Officer (CTO),C_SUITE,ENGINEERING_IT,ecastro@innovacionnacional.com.mx,VERIFIED,85,+528855834876,2026-09-06T14:31:01.760926+00:00
General Commercial & Services,INNOVACION NACIONAL S. DE R.L. DE C.V.,innovacionnacional.com.mx,Adriana Martínez,Chief Executive Officer (CEO),C_SUITE,EXECUTIVE,amartínez@innovacionnacional.com.mx,VERIFIED,85,+528782096698,2026-09-06T14:31:01.760926+00:00
General Commercial & Services,MANUFACTURA AVANZADA S.A.P.I. DE C.V.,manufacturaavanzad.mx,Gabriel Treviño,Chief Operating Officer (COO),C_SUITE,OPERATIONS,gtreviño@manufacturaavanzad.mx,VERIFIED,85,+526092589391,2026-09-06T14:31:01.760926+00:00
General Commercial & Services,INDUSTRIAS DEL NORTE S.C.,industriasdelnorte.mx,Sofia Salinas,Chief Executive Officer (CEO),C_SUITE,EXECUTIVE,ssalinas@industriasdelnorte.mx,VERIFIED,85,+526216848843,2026-09-06T14:31:01.760926+00:00
General Commercial & Services,INDUSTRIAS DEL NORTE S.A.S.,industriasdelnorte.com,Claudia Benítez,Chief Operating Officer (COO),C_SUITE,OPERATIONS,cbenítez@industriasdelnorte.com,VERIFIED,85,+529112510171,2026-09-06T14:31:01.760926+00:00
General Commercial & Services,INDUSTRIAS DEL NORTE S.A.S.,industriasdelnorte.com,Eduardo Salinas,Chief Financial Officer (CFO),C_SUITE,FINANCE,esalinas@industriasdelnorte.com,VERIFIED,85,+529158770108,2026-09-06T14:31:01.760926+00:00
General Commercial & Services,INDUSTRIAS DEL PACIFICO S.A. DE C.V.,industriasdelpacif.mx,Fernando Alarcón,Chief Executive Officer (CEO),C_SUITE,EXECUTIVE,falarcón@industriasdelpacif.mx,VERIFIED,85,+528925427468,2026-09-06T14:31:01.760926+00:00
General Commercial & Services,INDUSTRIAS DEL PACIFICO S.A. DE C.V.,industriasdelpacif.mx,Carlos Dominguez,Chief Human Resources Officer (CHRO),C_SUITE,HR_PEOPLE,cdominguez@industriasdelpacif.mx,VERIFIED,85,+529294976753,2026-09-06T14:31:01.760926+00:00
General Commercial & Services,INDUSTRIAS DEL BAJIO S.A.P.I. DE C.V.,industriasdelbajio.com,Mariana Treviño,Founder,FOUNDER,EXECUTIVE,mtreviño@industriasdelbajio.com,VERIFIED,85,+528310754366,2026-09-06T14:31:01.760926+00:00
General Commercial & Services,INDUSTRIAS DEL CENTRO S.A.B. DE C.V.,industriasdelcentr.com.mx,Rodrigo Morales,Chief Revenue Officer (CRO),C_SUITE,SALES_MARKETING,rmorales@industriasdelcentr.com.mx,VERIFIED,85,+527066291415,2026-09-06T14:31:01.760926+00:00
General Commercial & Services,INDUSTRIAS DEL CENTRO S.A.B. DE C.V.,industriasdelcentr.com.mx,Carlos Martínez,Chief Financial Officer (CFO),C_SUITE,FINANCE,cmartínez@industriasdelcentr.com.mx,VERIFIED,85,+526155884952,2026-09-06T14:31:01.760926+00:00
General Commercial & Services,INDUSTRIAS DEL CENTRO S.A.B. DE C.V.,industriasdelcentr.com.mx,Guillermo Villaseñor,Founder,FOUNDER,EXECUTIVE,gvillaseñor@industriasdelcentr.com.mx,VERIFIED,85,+529987850403,2026-09-06T14:31:01.760926+00:00
General Commercial & Services,INDUSTRIAS DEL PACIFICO S.A. DE C.V.,industriasdelpacif.com,Gabriel Valenzuela,Chief Financial Officer (CFO),C_SUITE,FINANCE,gvalenzuela@industriasdelpacif.com,VERIFIED,85,+528556454604,2026-09-06T14:31:01.760926+00:00
General Commercial & Services,INNOVACION MODERNA S.A.B. DE C.V.,innovacionmoderna.mx,Claudia Castro,Chief Executive Officer (CEO),C_SUITE,EXECUTIVE,ccastro@innovacionmoderna.mx,VERIFIED,85,+528665347602,2026-09-06T14:31:01.760926+00:00
General Commercial & Services,INNOVACION MODERNA S.A.B. DE C.V.,innovacionmoderna.mx,Eduardo Alarcón,Chief Financial Officer (CFO),C_SUITE,FINANCE,ealarcón@innovacionmoderna.com.mx,VERIFIED,85,+525863737050,2026-09-06T14:31:01.760926+00:00
General Commercial & Services,INNOVACION MODERNA 96 S.A.B. DE C.V.,innovacionmoderna.com,Claudia Vega,Chief Operating Officer (COO),C_SUITE,OPERATIONS,cvega@innovacionmoderna.com,VERIFIED,85,+527043359481,2026-09-06T14:31:01.760926+00:00
General Commercial & Services,MANUFACTURA GLOBAL S.A.P.I. DE C.V.,manufacturaglobal.com.mx,Jorge Alarcón,Chief Technology Officer (CTO),C_SUITE,ENGINEERING_IT,jalarcón@manufacturaglobal.com.mx,VERIFIED,85,+526686070866,2026-09-06T14:31:01.760926+00:00
General Commercial & Services,MANUFACTURA GLOBAL S.A.P.I. DE C.V.,manufacturaglobal.com.mx,Adriana Garza,Chief Revenue Officer (CRO),C_SUITE,SALES_MARKETING,agarza@manufacturaglobal.com.mx,VERIFIED,85,+529619313752,2026-09-06T14:31:01.760926+00:00
General Commercial & Services,MANUFACTURA GLOBAL S.A. DE C.V.,manufacturaglobal7.com.mx,Guillermo Valenzuela,Chief Executive Officer (CEO),C_SUITE,EXECUTIVE,gvalenzuela@manufacturaglobal7.com.mx,VERIFIED,85,+529653308151,2026-09-06T14:31:01.760926+00:00
General Commercial & Services,INDUSTRIAS AVANZADA S.A.B. DE C.V.,industriasavanzada.mx,Hector Martínez,Chief Human Resources Officer (CHRO),C_SUITE,HR_PEOPLE,hmartínez@industriasavanzada.mx,VERIFIED,85,+524648006079,2026-09-06T14:31:01.760926+00:00
General Commercial & Services,INDUSTRIAS LATINOAMERICANA S.A.B. DE C.V.,industriaslatinoam.com,Mariana Dominguez,Chief Technology Officer (CTO),C_SUITE,ENGINEERING_IT,mdominguez@industriaslatinoam.com,VERIFIED,85,+525299107396,2026-09-06T14:31:01.760926+00:00
General Commercial & Services,INDUSTRIAS LATINOAMERICANA S.A.B. DE C.V.,industriaslatinoam.com,Roberto García,Chief Financial Officer (CFO),C_SUITE,FINANCE,rgarcía@industriaslatinoam.com,VERIFIED,85,+526188384519,2026-09-06T14:31:01.760926+00:00
General Commercial & Services,MANUFACTURA NACIONAL S.A. DE C.V.,manufacturanaciona.com.mx,Roberto Ruiz,Chief Executive Officer (CEO),C_SUITE,EXECUTIVE,rruiz@manufacturanaciona.com.mx,VERIFIED,85,+526130684704,2026-09-06T14:31:01.760926+00:00
General Commercial & Services,MANUFACTURA NACIONAL S.A. DE C.V.,manufacturanaciona.com.mx,Claudia Martínez,Chief Executive Officer (CEO),C_SUITE,EXECUTIVE,cmartínez@manufacturanaciona.com.mx,VERIFIED,85,+529148168775,2026-09-06T14:31:01.760926+00:00
General Commercial & Services,MANUFACTURA NACIONAL S.A.P.I. DE C.V.,manufacturanaciona.com,Rodrigo Dominguez,Chief Executive Officer (CEO),C_SUITE,EXECUTIVE,rdominguez@manufacturanaciona.com,VERIFIED,85,+529671425632,2026-09-06T14:31:01.760926+00:00
General Commercial & Services,MANUFACTURA AVANZADA 2 S.A. DE C.V.,manufacturaavanzad.com,Roberto Treviño,Chief Technology Officer (CTO),C_SUITE,ENGINEERING_IT,rtreviño@manufacturaavanzad.com,VERIFIED,85,+523322181827,2026-09-06T14:31:01.760926+00:00
General Commercial & Services,MANUFACTURA AVANZADA 2 S.A. DE C.V.,manufacturaavanzad.com,Daniel Dominguez,Chief Financial Officer (CFO),C_SUITE,FINANCE,ddominguez@manufacturaavanzad.com,VERIFIED,85,+523323819633,2026-09-06T14:31:01.760926+00:00
General Commercial & Services,MANUFACTURA AVANZADA 2 S.A. DE C.V.,manufacturaavanzad.com,Roberto Ruiz,Chief Technology Officer (CTO),C_SUITE,ENGINEERING_IT,rruiz@manufacturaavanzad.com,VERIFIED,85,+523335255608,2026-09-06T14:31:01.760926+00:00
General Commercial & Services,MANUFACTURA AVANZADA S.A.B. DE C.V.,manufacturaavanzad.com.mx,Javier Morales,Founder,FOUNDER,EXECUTIVE,jmorales@manufacturaavanzad.com.mx,VERIFIED,85,+523371389897,2026-09-06T14:31:01.760926+00:00
General Commercial & Services,MANUFACTURA CENTRAL S.A.P.I. DE C.V.,manufacturacentral.mx,Guillermo Villaseñor,Chief Operating Officer (COO),C_SUITE,OPERATIONS,gvillaseñor@manufacturacentral.mx,VERIFIED,85,+528193281901,2026-09-06T14:31:01.760926+00:00
General Commercial & Services,MANUFACTURA CENTRAL S.A.P.I. DE C.V.,manufacturacentral.mx,Alejandro Mendoza,Chief Technology Officer (CTO),C_SUITE,ENGINEERING_IT,amendoza@manufacturacentral.com.mx,VERIFIED,85,+527666210304,2026-09-06T14:31:01.760926+00:00
General Commercial & Services,MANUFACTURA CENTRAL S.A.S.,manufacturacentral.com.mx,Eduardo Navarro,Chief Financial Officer (CFO),C_SUITE,FINANCE,enavarro@manufacturacentral.com.mx,VERIFIED,85,+529419508627,2026-09-06T14:31:01.760926+00:00
General Commercial & Services,MANUFACTURA CENTRAL S. DE R.L. DE C.V.,manufacturacentral.com,Mariana Navarro,Chief Financial Officer (CFO),C_SUITE,FINANCE,mnavarro@manufacturacentral.com,VERIFIED,85,+528323482170,2026-09-06T14:31:01.760926+00:00
General Commercial & Services,MANUFACTURA AVANZADA S.A.P.I. DE C.V.,manufacturaavanzad.com.mx,Javier Vega,Chief Executive Officer (CEO),C_SUITE,EXECUTIVE,jvega@manufacturaavanzad.com.mx,VERIFIED,85,+525134061908,2026-09-06T14:31:01.760926+00:00
General Commercial & Services,MANUFACTURA AVANZADA S.A.P.I. DE C.V.,manufacturaavanzad.com.mx,Luis Ruiz,Founder,FOUNDER,EXECUTIVE,lruiz@manufacturaavanzad.com.mx,VERIFIED,85,+525378943686,2026-09-06T14:31:01.760926+00:00
General Commercial & Services,MANUFACTURA AVANZADA 8 S.A.P.I. DE C.V.,manufacturaavanzad.mx,Javier Mendoza,Chief Revenue Officer (CRO),C_SUITE,SALES_MARKETING,jmendoza@manufacturaavanzad.mx,VERIFIED,85,+528271300128,2026-09-06T14:31:01.760926+00:00
General Commercial & Services,INNOVACION MEXICANA S.A.P.I. DE C.V.,innovacionmexicana.com,David González,Chief Technology Officer (CTO),C_SUITE,ENGINEERING_IT,dgonzález@innovacionmexicana.com,VERIFIED,85,+524238419908,2026-09-06T14:31:01.774710+00:00
General Commercial & Services,MANUFACTURA ESPECIALIZADA S.A.S.,manufacturaespecia.com,Daniel Castro,Chief Financial Officer (CFO),C_SUITE,FINANCE,dcastro@manufacturaespecia.com,VERIFIED,85,+524256899560,2026-09-06T14:31:01.775419+00:00
General Commercial & Services,MANUFACTURA ESPECIALIZADA S.A.S.,manufacturaespecia.com,Jorge Morales,Chief Operating Officer (COO),C_SUITE,OPERATIONS,jmorales@manufacturaespecia.com,VERIFIED,85,+524088158365,2026-09-06T14:31:01.775419+00:00
General Commercial & Services,MANUFACTURA ESPECIALIZADA S.A. DE C.V.,manufacturaespecia.mx,Javier Salinas,Chief Operating Officer (COO),C_SUITE,OPERATIONS,jsalinas@manufacturaespecia.mx,VERIFIED,85,+526546307573,2026-09-06T14:31:01.775419+00:00
General Commercial & Services,MANUFACTURA ESPECIALIZADA S.A. DE C.V.,manufacturaespecia.mx,Fernando Dominguez,Chief Executive Officer (CEO),C_SUITE,EXECUTIVE,fdominguez@manufacturaespecia.mx,VERIFIED,85,+526670187848,2026-09-06T14:31:01.775419+00:00
General Commercial & Services,MANUFACTURA ESPECIALIZADA 67 S.A. DE C.V.,manufacturaespecia.com.mx,Javier Alarcón,Chief Operating Officer (COO),C_SUITE,OPERATIONS,jalarcón@manufacturaespecia.com.mx,VERIFIED,85,+528585422143,2026-09-06T14:31:01.775419+00:00
General Commercial & Services,MANUFACTURA ESPECIALIZADA 67 S.A. DE C.V.,manufacturaespecia.com.mx,Andrea Hernández,Founder,FOUNDER,EXECUTIVE,ahernández@manufacturaespecia.com.mx,VERIFIED,85,+527448819508,2026-09-06T14:31:01.775419+00:00
General Commercial & Services,INNOVACION LATINOAMERICANA S.A.S.,innovacionlatinoam.mx,Fernando Treviño,Chief Human Resources Officer (CHRO),C_SUITE,HR_PEOPLE,ftreviño@innovacionlatinoam.mx,VERIFIED,85,+528195639721,2026-09-06T14:31:01.775419+00:00
General Commercial & Services,INDUSTRIAS INTERNACIONAL S. DE R.L. DE C.V.,industriasinternac.com.mx,Hector Salinas,Chief Human Resources Officer (CHRO),C_SUITE,HR_PEOPLE,hsalinas@industriasinternac.com.mx,VERIFIED,85,+524661591435,2026-09-06T14:31:01.775419+00:00
General Commercial & Services,INDUSTRIAS INTERNACIONAL S. DE R.L. DE C.V.,industriasinternac.com.mx,Eduardo Ruiz,Chief Financial Officer (CFO),C_SUITE,FINANCE,eruiz@industriasinternac.com.mx,VERIFIED,85,+526675344727,2026-09-06T14:31:01.775419+00:00
General Commercial & Services,INNOVACION MODERNA S.A.B. DE C.V.,innovacionmoderna9.com.mx,Javier Treviño,Chief Operating Officer (COO),C_SUITE,OPERATIONS,jtreviño@innovacionmoderna9.com.mx,VERIFIED,85,+528150990193,2026-09-06T14:31:01.776658+00:00
General Commercial & Services,INDUSTRIAS ESPECIALIZADA S. DE R.L. DE C.V.,industriasespecial.com,Javier Treviño,Chief Technology Officer (CTO),C_SUITE,ENGINEERING_IT,jtreviño@industriasespecial.com,VERIFIED,85,+526522657616,2026-09-06T14:31:01.777989+00:00
General Commercial & Services,INDUSTRIAS ESPECIALIZADA S. DE R.L. DE C.V.,industriasespecial.com,Sofia Villaseñor,Chief Operating Officer (COO),C_SUITE,OPERATIONS,svillaseñor@industriasespecial.mx,VERIFIED,85,+525085812097,2026-09-06T14:31:01.777989+00:00
General Commercial & Services,INDUSTRIAS ESPECIALIZADA S. DE R.L. DE C.V.,industriasespecial.com,Javier Villaseñor,Chief Revenue Officer (CRO),C_SUITE,SALES_MARKETING,jvillaseñor@industriasespecial.com,VERIFIED,85,+526529597227,2026-09-06T14:31:01.777989+00:00
General Commercial & Services,INDUSTRIAS ESPECIALIZADA S. DE R.L. DE C.V.,industriasespecial.com,Alejandro Villaseñor,Chief Executive Officer (CEO),C_SUITE,EXECUTIVE,avillaseñor@industriasespecial.com,VERIFIED,85,+528434614017,2026-09-06T14:31:01.777989+00:00
General Commercial & Services,INDUSTRIAS ESPECIALIZADA 89 S.A. DE C.V.,industriasespecial.mx,Roberto González,Chief Operating Officer (COO),C_SUITE,OPERATIONS,rgonzález@industriasespecial.mx,VERIFIED,85,+525988479792,2026-09-06T14:31:01.777989+00:00
General Commercial & Services,INDUSTRIAS ESPECIALIZADA 89 S.A. DE C.V.,industriasespecial.mx,Rodrigo González,Chief Human Resources Officer (CHRO),C_SUITE,HR_PEOPLE,rgonzález@industriasespecial.mx,VERIFIED,85,+526520353176,2026-09-06T14:31:01.777989+00:00
General Commercial & Services,INDUSTRIAS DINAMICA S.A.B. DE C.V.,industriasdinamica.mx,Guillermo Morales,Chief Human Resources Officer (CHRO),C_SUITE,HR_PEOPLE,gmorales@industriasdinamica.mx,VERIFIED,85,+529191692961,2026-09-06T14:31:01.777989+00:00
General Commercial & Services,INDUSTRIAS DINAMICA S.A.B. DE C.V.,industriasdinamica.mx,Sofia García,Chief Technology Officer (CTO),C_SUITE,ENGINEERING_IT,sgarcía@industriasdinamica.mx,VERIFIED,85,+526811708719,2026-09-06T14:31:01.777989+00:00
General Commercial & Services,INDUSTRIAS DINAMICA S.A.B. DE C.V.,industriasdinamica.mx,Roberto Dominguez,Chief Executive Officer (CEO),C_SUITE,EXECUTIVE,rdominguez@industriasdinamica.mx,VERIFIED,85,+524277999493,2026-09-06T14:31:01.777989+00:00
General Commercial & Services,INDUSTRIAS DINAMICA S.A.P.I. DE C.V.,industriasdinamica.com.mx,Andrea Valenzuela,Chief Executive Officer (CEO),C_SUITE,EXECUTIVE,avalenzuela@industriasdinamica.com.mx,VERIFIED,85,+527822080210,2026-09-06T14:31:01.777989+00:00
General Commercial & Services,INDUSTRIAS DINAMICA S.A.S.,industriasdinamica.com,Andrea Alarcón,Chief Executive Officer (CEO),C_SUITE,EXECUTIVE,aalarcón@industriasdinamica.com,VERIFIED,85,+528239423687,2026-09-06T14:31:01.777989+00:00
General Commercial & Services,INDUSTRIAS DE OCCIDENTE S.A.S.,industriasdeoccide.com,Daniel González,Chief Operating Officer (COO),C_SUITE,OPERATIONS,dgonzález@industriasdeoccide.com,VERIFIED,85,+526518869143,2026-09-06T14:31:01.777989+00:00
General Commercial & Services,INDUSTRIAS DE OCCIDENTE S.A.S.,industriasdeoccide.com,Jorge López,Chief Executive Officer (CEO),C_SUITE,EXECUTIVE,jlópez@industriasdeoccide.mx,VERIFIED,85,+524456912141,2026-09-06T14:31:01.777989+00:00
General Commercial & Services,INDUSTRIAS DE OCCIDENTE S.A.S.,industriasdeoccide.com,Guillermo Dominguez,Founder,FOUNDER,EXECUTIVE,gdominguez@industriasdeoccide.com,VERIFIED,85,+525873549844,2026-09-06T14:31:01.777989+00:00
General Commercial & Services,INDUSTRIAS DE LAS AMERICAS S.C.,industriasdelasame.mx,Gabriel Navarro,Chief Operating Officer (COO),C_SUITE,OPERATIONS,gnavarro@industriasdelasame.mx,VERIFIED,85,+527540302829,2026-09-06T14:31:01.777989+00:00
General Commercial & Services,INDUSTRIAS DE LAS AMERICAS S.C.,industriasdelasame.mx,Claudia Mendoza,Founder,FOUNDER,EXECUTIVE,cmendoza@industriasdelasame.mx,VERIFIED,85,+524616103144,2026-09-06T14:31:01.777989+00:00
General Commercial & Services,INDUSTRIAS DE OCCIDENTE S.C.,industriasdeoccide.mx,Adriana Salinas,Chief Operating Officer (COO),C_SUITE,OPERATIONS,asalinas@industriasdeoccide.mx,VERIFIED,85,+524996053068,2026-09-06T14:31:01.777989+00:00
General Commercial & Services,INDUSTRIAS DE LAS AMERICAS S. DE R.L. DE C.V.,industriasdelasame.com.mx,Jorge Hernández,Founder,FOUNDER,EXECUTIVE,jhernández@industriasdelasame.com.mx,VERIFIED,85,+529250836128,2026-09-06T14:31:01.777989+00:00
General Commercial & Services,INDUSTRIAS DE OCCIDENTE S.C.,industriasdeoccide.com.mx,Mariana Garza,Chief Executive Officer (CEO),C_SUITE,EXECUTIVE,mgarza@industriasdeoccide.com.mx,VERIFIED,85,+524586872094,2026-09-06T14:31:01.777989+00:00
General Commercial & Services,INNOVACION MEXICANA S.C.,innovacionmexicana.com.mx,Hector Salinas,Chief Executive Officer (CEO),C_SUITE,EXECUTIVE,hsalinas@innovacionmexicana.com.mx,VERIFIED,85,+526655363268,2026-09-06T14:31:01.777989+00:00
General Commercial & Services,INNOVACION MEXICANA S.A. DE C.V.,innovacionmexicana.mx,Alejandro Salinas,Chief Executive Officer (CEO),C_SUITE,EXECUTIVE,asalinas@innovacionmexicana.mx,VERIFIED,85,+524215410159,2026-09-06T14:31:01.777989+00:00
General Commercial & Services,INNOVACION MEXICANA S.A.P.I. DE C.V.,innovacionmexicana.com,Hector Ruiz,Chief Human Resources Officer (CHRO),C_SUITE,HR_PEOPLE,hruiz@innovacionmexicana.com,VERIFIED,85,+529098946342,2026-09-06T14:31:01.777989+00:00
General Commercial & Services,MANUFACTURA LATINOAMERICANA S.A.S.,manufacturalatinoa.com.mx,Carlos Vega,Chief Executive Officer (CEO),C_SUITE,EXECUTIVE,cvega@manufacturalatinoa.com.mx,VERIFIED,85,+529530822294,2026-09-06T14:31:01.777989+00:00
General Commercial & Services,MANUFACTURA NACIONAL S.A.S.,manufacturanaciona.com.mx,Adriana Dominguez,Chief Technology Officer (CTO),C_SUITE,ENGINEERING_IT,adominguez@manufacturanaciona.com.mx,VERIFIED,85,+525514288999,2026-09-06T14:31:01.777989+00:00
General Commercial & Services,MANUFACTURA NACIONAL S.A.S.,manufacturanaciona.com.mx,Alejandro Navarro,Chief Executive Officer (CEO),C_SUITE,EXECUTIVE,anavarro@manufacturanaciona.com.mx,VERIFIED,85,+525560565146,2026-09-06T14:31:01.777989+00:00
General Commercial & Services,MANUFACTURA NACIONAL S.A.S.,manufacturanaciona.com.mx,Claudia Garza,Chief Technology Officer (CTO),C_SUITE,ENGINEERING_IT,cgarza@manufacturanaciona.com.mx,VERIFIED,85,+525525985176,2026-09-06T14:31:01.777989+00:00
General Commercial & Services,MANUFACTURA NACIONAL S.A.S.,manufacturanaciona.mx,Sofia Benítez,Chief Executive Officer (CEO),C_SUITE,EXECUTIVE,sbenítez@manufacturanaciona.mx,VERIFIED,85,+525594450585,2026-09-06T14:31:01.777989+00:00
General Commercial & Services,MANUFACTURA NACIONAL S.A.S.,manufacturanaciona.mx,Daniel Vega,Founder,FOUNDER,EXECUTIVE,dvega@manufacturanaciona.mx,VERIFIED,85,+525591621255,2026-09-06T14:31:01.777989+00:00
General Commercial & Services,MANUFACTURA NACIONAL 91 S.A.S.,manufacturanaciona.com,Jorge Alarcón,Founder,FOUNDER,EXECUTIVE,jalarcón@manufacturanaciona.com,VERIFIED,85,+525529073867,2026-09-06T14:31:01.777989+00:00
General Commercial & Services,MANUFACTURA NACIONAL 91 S.A.S.,manufacturanaciona.com,Miguel Treviño,Chief Human Resources Officer (CHRO),C_SUITE,HR_PEOPLE,mtreviño@manufacturanaciona.com,VERIFIED,85,+525550523468,2026-09-06T14:31:01.777989+00:00
General Commercial & Services,MANUFACTURA NACIONAL 91 S.A.S.,manufacturanaciona.com,Jorge Dominguez,Chief Executive Officer (CEO),C_SUITE,EXECUTIVE,jdominguez@manufacturanaciona.com,VERIFIED,85,+525579968388,2026-09-06T14:31:01.777989+00:00
General Commercial & Services,INNOVACION INTEGRAL S.A.S.,innovacionintegral.com.mx,Javier Alarcón,Chief Financial Officer (CFO),C_SUITE,FINANCE,jalarcón@innovacionintegral.com.mx,VERIFIED,85,+526769366763,2026-09-06T14:31:01.777989+00:00
General Commercial & Services,INNOVACION INTEGRAL S.A.S.,innovacionintegral.com.mx,Eduardo Navarro,Chief Technology Officer (CTO),C_SUITE,ENGINEERING_IT,enavarro@innovacionintegral.com,VERIFIED,85,+524980705937,2026-09-06T14:31:01.777989+00:00
General Commercial & Services,INNOVACION INTEGRAL S.A.S.,innovacionintegral.com.mx,David González,Chief Executive Officer (CEO),C_SUITE,EXECUTIVE,dgonzález@innovacionintegral.com.mx,VERIFIED,85,+526772723312,2026-09-06T14:31:01.777989+00:00
General Commercial & Services,INNOVACION INTEGRAL S.A.S.,innovacionintegral.com.mx,Javier García,Chief Technology Officer (CTO),C_SUITE,ENGINEERING_IT,jgarcía@innovacionintegral.com.mx,VERIFIED,85,+529139892932,2026-09-06T14:31:01.777989+00:00
General Commercial & Services,INNOVACION INTEGRAL S.A. DE C.V.,innovacionintegral.mx,Andrea Garza,Founder,FOUNDER,EXECUTIVE,agarza@innovacionintegral.mx,VERIFIED,85,+528736120924,2026-09-06T14:31:01.777989+00:00
General Commercial & Services,INNOVACION INTEGRAL S.A. DE C.V.,innovacionintegral.mx,Alejandro López,Chief Technology Officer (CTO),C_SUITE,ENGINEERING_IT,alópez@innovacionintegral.mx,VERIFIED,85,+528530516391,2026-09-06T14:31:01.777989+00:00
General Commercial & Services,INDUSTRIAS AVANZADA 74 S.C.,industriasavanzada.mx,Alejandro Salinas,Chief Technology Officer (CTO),C_SUITE,ENGINEERING_IT,asalinas@industriasavanzada.mx,VERIFIED,85,+526433713654,2026-09-06T14:31:01.777989+00:00
General Commercial & Services,INDUSTRIAS AVANZADA 74 S.C.,industriasavanzada.mx,Adriana Navarro,Chief Executive Officer (CEO),C_SUITE,EXECUTIVE,anavarro@industriasavanzada.mx,VERIFIED,85,+524373946301,2026-09-06T14:31:01.777989+00:00
General Commercial & Services,INDUSTRIAS AVANZADA S.A.P.I. DE C.V.,industriasavanzada.com.mx,Javier Treviño,Chief Human Resources Officer (CHRO),C_SUITE,HR_PEOPLE,jtreviño@industriasavanzada.com.mx,VERIFIED,85,+527711993100,2026-09-06T14:31:01.777989+00:00
General Commercial & Services,INDUSTRIAS AVANZADA S.A.B. DE C.V.,industriasavanzada.com,Claudia Martínez,Chief Human Resources Officer (CHRO),C_SUITE,HR_PEOPLE,cmartínez@industriasavanzada.com,VERIFIED,85,+528563422911,2026-09-06T14:31:01.777989+00:00
General Commercial & Services,INNOVACION INTERNACIONAL 80 S.A. DE C.V.,innovacioninternac.com,Sofia López,Chief Technology Officer (CTO),C_SUITE,ENGINEERING_IT,slópez@innovacioninternac.com,VERIFIED,85,+527824895750,2026-09-06T14:31:01.777989+00:00
General Commercial & Services,INNOVACION INTERNACIONAL S.A. DE C.V.,innovacioninternac.mx,Carlos Mendoza,Founder,FOUNDER,EXECUTIVE,cmendoza@innovacioninternac.mx,VERIFIED,85,+527794620978,2026-09-06T14:31:01.777989+00:00
General Commercial & Services,INNOVACION INTERNACIONAL S.A. DE C.V.,innovacioninternac.mx,Miguel Alarcón,Chief Human Resources Officer (CHRO),C_SUITE,HR_PEOPLE,malarcón@innovacioninternac.mx,VERIFIED,85,+524545743411,2026-09-06T14:31:01.777989+00:00
General Commercial & Services,INNOVACION INDUSTRIAL S.A.S.,innovacionindustri.com,Miguel Hernández,Chief Financial Officer (CFO),C_SUITE,FINANCE,mhernández@innovacionindustri.com,VERIFIED,85,+528954808674,2026-09-06T14:31:01.777989+00:00
General Commercial & Services,INNOVACION INDUSTRIAL S.A.S.,innovacionindustri.com,Claudia Castro,Chief Executive Officer (CEO),C_SUITE,EXECUTIVE,ccastro@innovacionindustri.com,VERIFIED,85,+528813724825,2026-09-06T14:31:01.777989+00:00
General Commercial & Services,INNOVACION INDUSTRIAL 5 S.A.S.,innovacionindustri.mx,Patricia Valenzuela,Founder,FOUNDER,EXECUTIVE,pvalenzuela@innovacionindustri.mx,VERIFIED,85,+528679926769,2026-09-06T14:31:01.777989+00:00
General Commercial & Services,INNOVACION INDUSTRIAL 5 S.A.S.,innovacionindustri.mx,Daniel Valenzuela,Chief Financial Officer (CFO),C_SUITE,FINANCE,dvalenzuela@innovacionindustri.mx,VERIFIED,85,+524636812097,2026-09-06T14:31:01.777989+00:00
General Commercial & Services,INDUSTRIAS DE OCCIDENTE S.A. DE C.V.,industriasdeoccide.com,Alejandro Villaseñor,Chief Operating Officer (COO),C_SUITE,OPERATIONS,avillaseñor@industriasdeoccide.com,VERIFIED,85,+524941074486,2026-09-06T14:31:01.777989+00:00
General Commercial & Services,INDUSTRIAS DE LAS AMERICAS S.A.P.I. DE C.V.,industriasdelasame.com.mx,Alejandro Alarcón,Chief Financial Officer (CFO),C_SUITE,FINANCE,aalarcón@industriasdelasame.com.mx,VERIFIED,85,+524920464362,2026-09-06T14:31:01.777989+00:00
General Commercial & Services,INDUSTRIAS MEXICANA S.A. DE C.V.,industriasmexicana.com,Patricia López,Chief Technology Officer (CTO),C_SUITE,ENGINEERING_IT,plópez@industriasmexicana.com,VERIFIED,85,+528899768442,2026-09-06T14:31:01.777989+00:00
General Commercial & Services,INDUSTRIAS MEXICANA S.A. DE C.V.,industriasmexicana.com,Eduardo Benítez,Chief Executive Officer (CEO),C_SUITE,EXECUTIVE,ebenítez@industriasmexicana.com.mx,VERIFIED,85,+525453021247,2026-09-06T14:31:01.777989+00:00
General Commercial & Services,INDUSTRIAS MEXICANA S.A.S.,industriasmexicana.mx,Roberto Salinas,Chief Executive Officer (CEO),C_SUITE,EXECUTIVE,rsalinas@industriasmexicana.mx,VERIFIED,85,+527690321834,2026-09-06T14:31:01.777989+00:00
General Commercial & Services,INDUSTRIAS MEXICANA S.A.S.,industriasmexicana.com.mx,Alejandro Dominguez,Chief Revenue Officer (CRO),C_SUITE,SALES_MARKETING,adominguez@industriasmexicana.com.mx,VERIFIED,85,+527035867773,2026-09-06T14:31:01.777989+00:00
General Commercial & Services,INDUSTRIAS MEXICANA S.A.S.,industriasmexicana.com.mx,Patricia Morales,Chief Operating Officer (COO),C_SUITE,OPERATIONS,pmorales@industriasmexicana.com.mx,VERIFIED,85,+527754971243,2026-09-06T14:31:01.777989+00:00
General Commercial & Services,INDUSTRIAS MEXICANA S.A.S.,industriasmexicana.com.mx,Rodrigo García,Chief Executive Officer (CEO),C_SUITE,EXECUTIVE,rgarcía@industriasmexicana.com.mx,VERIFIED,85,+528673100738,2026-09-06T14:31:01.777989+00:00
General Commercial & Services,INDUSTRIAS NACIONAL S. DE R.L. DE C.V.,industriasnacional.mx,Miguel González,Founder,FOUNDER,EXECUTIVE,mgonzález@industriasnacional.mx,VERIFIED,85,+528473181764,2026-09-06T14:31:01.777989+00:00
General Commercial & Services,INDUSTRIAS NACIONAL S. DE R.L. DE C.V.,industriasnacional.mx,Rodrigo Alarcón,Chief Operating Officer (COO),C_SUITE,OPERATIONS,ralarcón@industriasnacional.mx,VERIFIED,85,+528290337032,2026-09-06T14:31:01.777989+00:00
General Commercial & Services,INDUSTRIAS NACIONAL S. DE R.L. DE C.V.,industriasnacional.mx,Miguel Morales,Chief Human Resources Officer (CHRO),C_SUITE,HR_PEOPLE,mmorales@industriasnacional.mx,VERIFIED,85,+524021785395,2026-09-06T14:31:01.777989+00:00
General Commercial & Services,INDUSTRIAS NACIONAL S. DE R.L. DE C.V.,industriasnacional.mx,Luis González,Chief Executive Officer (CEO),C_SUITE,EXECUTIVE,lgonzález@industriasnacional.mx,VERIFIED,85,+527614754352,2026-09-06T14:31:01.777989+00:00
General Commercial & Services,INNOVACION DINAMICA S.C.,innovaciondinamica.com.mx,Gabriel Navarro,Chief Technology Officer (CTO),C_SUITE,ENGINEERING_IT,gnavarro@innovaciondinamica.com.mx,VERIFIED,85,+527420311908,2026-09-06T14:31:01.777989+00:00
General Commercial & Services,INNOVACION DINAMICA S.C.,innovaciondinamica.com.mx,Luis García,Chief Executive Officer (CEO),C_SUITE,EXECUTIVE,lgarcía@innovaciondinamica.com.mx,VERIFIED,85,+529567203113,2026-09-06T14:31:01.777989+00:00
General Commercial & Services,INNOVACION DINAMICA S.C.,innovaciondinamica.com.mx,Sofia Valenzuela,Chief Revenue Officer (CRO),C_SUITE,SALES_MARKETING,svalenzuela@innovaciondinamica.mx,VERIFIED,85,+527896813821,2026-09-06T14:31:01.777989+00:00
General Commercial & Services,INNOVACION MODERNA S. DE R.L. DE C.V.,innovacionmoderna9.com,Rodrigo Treviño,Chief Human Resources Officer (CHRO),C_SUITE,HR_PEOPLE,rtreviño@innovacionmoderna9.com,VERIFIED,85,+524361463993,2026-09-06T14:31:01.777989+00:00
General Commercial & Services,INNOVACION MODERNA 39 S. DE R.L. DE C.V.,innovacionmoderna.mx,Luis Alarcón,Chief Financial Officer (CFO),C_SUITE,FINANCE,lalarcón@innovacionmoderna.mx,VERIFIED,85,+527751104927,2026-09-06T14:31:01.777989+00:00
General Commercial & Services,MANUFACTURA EMPRESARIAL S.C.,manufacturaempresa.mx,Hector López,Chief Technology Officer (CTO),C_SUITE,ENGINEERING_IT,hlópez@manufacturaempresa.mx,VERIFIED,85,+527083055541,2026-09-06T14:31:01.777989+00:00
General Commercial & Services,MANUFACTURA EMPRESARIAL S.C.,manufacturaempresa.mx,Roberto Navarro,Chief Financial Officer (CFO),C_SUITE,FINANCE,rnavarro@manufacturaempresa.mx,VERIFIED,85,+524762498589,2026-09-06T14:31:01.777989+00:00
General Commercial & Services,MANUFACTURA EMPRESARIAL S.A.S.,manufacturaempresa.com,Jorge Martínez,Chief Revenue Officer (CRO),C_SUITE,SALES_MARKETING,jmartínez@manufacturaempresa.com,VERIFIED,85,+526074100762,2026-09-06T14:31:01.777989+00:00
General Commercial & Services,MANUFACTURA EMPRESARIAL S.A.S.,manufacturaempresa.com,Daniel Vega,Chief Executive Officer (CEO),C_SUITE,EXECUTIVE,dvega@manufacturaempresa.com,VERIFIED,85,+527057031025,2026-09-06T14:31:01.777989+00:00
General Commercial & Services,MANUFACTURA LATINOAMERICANA S.A.B. DE C.V.,manufacturalatinoa.mx,Rodrigo Martínez,Chief Executive Officer (CEO),C_SUITE,EXECUTIVE,rmartínez@manufacturalatinoa.mx,VERIFIED,85,+523313475512,2026-09-06T14:31:01.777989+00:00
General Commercial & Services,MANUFACTURA LATINOAMERICANA S.A.B. DE C.V.,manufacturalatinoa.mx,Mariana Vega,Chief Human Resources Officer (CHRO),C_SUITE,HR_PEOPLE,mvega@manufacturalatinoa.mx,VERIFIED,85,+523312931939,2026-09-06T14:31:01.777989+00:00
General Commercial & Services,MANUFACTURA LATINOAMERICANA S.A.B. DE C.V.,manufacturalatinoa.mx,Eduardo González,Chief Revenue Officer (CRO),C_SUITE,SALES_MARKETING,egonzález@manufacturalatinoa.com.mx,VERIFIED,85,+523318742717,2026-09-06T14:31:01.777989+00:00
General Commercial & Services,INNOVACION CENTRAL S.A. DE C.V.,innovacioncentral.com,David Dominguez,Chief Financial Officer (CFO),C_SUITE,FINANCE,ddominguez@innovacioncentral.com,VERIFIED,85,+529215840510,2026-09-06T14:31:01.777989+00:00
General Commercial & Services,INNOVACION CENTRAL S.C.,innovacioncentral.mx,Mariana Martínez,Chief Operating Officer (COO),C_SUITE,OPERATIONS,mmartínez@innovacioncentral.mx,VERIFIED,85,+524549211878,2026-09-06T14:31:01.777989+00:00
General Commercial & Services,INNOVACION CENTRAL S.A.S.,innovacioncentral.com.mx,David Hernández,Chief Revenue Officer (CRO),C_SUITE,SALES_MARKETING,dhernández@innovacioncentral.com.mx,VERIFIED,85,+529846284695,2026-09-06T14:31:01.777989+00:00
General Commercial & Services,INNOVACION DE LAS AMERICAS S.A.S.,innovaciondelasame.com,Adriana Vega,Chief Financial Officer (CFO),C_SUITE,FINANCE,avega@innovaciondelasame.com,VERIFIED,85,+528048141669,2026-09-06T14:31:01.777989+00:00
General Commercial & Services,INNOVACION DE OCCIDENTE 41 S.A.B. DE C.V.,innovaciondeoccide.mx,Andrea Valenzuela,Chief Financial Officer (CFO),C_SUITE,FINANCE,avalenzuela@innovaciondeoccide.mx,VERIFIED,85,+528059778185,2026-09-06T14:31:01.777989+00:00
General Commercial & Services,INNOVACION DE LAS AMERICAS S. DE R.L. DE C.V.,innovaciondelasame.mx,Adriana González,Founder,FOUNDER,EXECUTIVE,agonzález@innovaciondelasame.mx,VERIFIED,85,+524794018388,2026-09-06T14:31:01.777989+00:00
General Commercial & Services,INNOVACION DE LAS AMERICAS S. DE R.L. DE C.V.,innovaciondelasame.mx,Javier González,Chief Financial Officer (CFO),C_SUITE,FINANCE,jgonzález@innovaciondelasame.mx,VERIFIED,85,+526128654638,2026-09-06T14:31:01.777989+00:00
General Commercial & Services,INDUSTRIAS INDUSTRIAL S.C.,industriasindustri.com.mx,Javier Martínez,Chief Revenue Officer (CRO),C_SUITE,SALES_MARKETING,jmartínez@industriasindustri.com.mx,VERIFIED,85,+528997357619,2026-09-06T14:31:01.777989+00:00
General Commercial & Services,INDUSTRIAS INDUSTRIAL S.C.,industriasindustri.com.mx,Alejandro Treviño,Chief Human Resources Officer (CHRO),C_SUITE,HR_PEOPLE,atreviño@industriasindustri.mx,VERIFIED,85,+528969927756,2026-09-06T14:31:01.777989+00:00
General Commercial & Services,INNOVACION NACIONAL 49 S.A.B. DE C.V.,innovacionnacional.com.mx,Daniel Vega,Chief Human Resources Officer (CHRO),C_SUITE,HR_PEOPLE,dvega@innovacionnacional.com.mx,VERIFIED,85,+524259176738,2026-09-06T14:31:01.777989+00:00
General Commercial & Services,INNOVACION NACIONAL S.A.B. DE C.V.,innovacionnacional.mx,Fernando Alarcón,Chief Revenue Officer (CRO),C_SUITE,SALES_MARKETING,falarcón@innovacionnacional.mx,VERIFIED,85,+527692624646,2026-09-06T14:31:01.777989+00:00
General Commercial & Services,INDUSTRIAS DEL NORTE S. DE R.L. DE C.V.,industriasdelnorte.com,Alejandro Benítez,Founder,FOUNDER,EXECUTIVE,abenítez@industriasdelnorte.com,VERIFIED,85,+527842633121,2026-09-06T14:31:01.777989+00:00
General Commercial & Services,INDUSTRIAS DEL NORTE S. DE R.L. DE C.V.,industriasdelnorte.com,Claudia Garza,Chief Financial Officer (CFO),C_SUITE,FINANCE,cgarza@industriasdelnorte.com,VERIFIED,85,+528024048947,2026-09-06T14:31:01.777989+00:00
General Commercial & Services,INDUSTRIAS DEL NORTE S. DE R.L. DE C.V.,industriasdelnorte.com,Hector Villaseñor,Chief Technology Officer (CTO),C_SUITE,ENGINEERING_IT,hvillaseñor@industriasdelnorte.com,VERIFIED,85,+526266188947,2026-09-06T14:31:01.777989+00:00
General Commercial & Services,INDUSTRIAS DEL NORTE S. DE R.L. DE C.V.,industriasdelnorte.com,Adriana Morales,Chief Technology Officer (CTO),C_SUITE,ENGINEERING_IT,amorales@industriasdelnorte.com.mx,VERIFIED,85,+525069437912,2026-09-06T14:31:01.777989+00:00
General Commercial & Services,INDUSTRIAS DEL NORTE 74 S.A.B. DE C.V.,industriasdelnorte.com.mx,Carlos González,Chief Technology Officer (CTO),C_SUITE,ENGINEERING_IT,cgonzález@industriasdelnorte.com.mx,VERIFIED,85,+529534668497,2026-09-06T14:31:01.777989+00:00
General Commercial & Services,INDUSTRIAS DEL NORTE 74 S.A.B. DE C.V.,industriasdelnorte.com.mx,Patricia Treviño,Chief Revenue Officer (CRO),C_SUITE,SALES_MARKETING,ptreviño@industriasdelnorte.com.mx,VERIFIED,85,+529614752696,2026-09-06T14:31:01.777989+00:00
General Commercial & Services,INDUSTRIAS DEL PACIFICO S.C.,industriasdelpacif.com,Hector Ruiz,Chief Human Resources Officer (CHRO),C_SUITE,HR_PEOPLE,hruiz@industriasdelpacif.com,VERIFIED,85,+529127404154,2026-09-06T14:31:01.777989+00:00
General Commercial & Services,INDUSTRIAS DEL PACIFICO S.C.,industriasdelpacif.com,Luis Martínez,Chief Human Resources Officer (CHRO),C_SUITE,HR_PEOPLE,lmartínez@industriasdelpacif.com,VERIFIED,85,+529710125158,2026-09-06T14:31:01.777989+00:00
General Commercial & Services,INDUSTRIAS DEL NORTE S.C.,industriasdelnorte.mx,Carlos Hernández,Chief Human Resources Officer (CHRO),C_SUITE,HR_PEOPLE,chernández@industriasdelnorte.mx,VERIFIED,85,+524686670802,2026-09-06T14:31:01.777989+00:00
General Commercial & Services,INDUSTRIAS DEL BAJIO S. DE R.L. DE C.V.,industriasdelbajio.mx,Mariana Vega,Founder,FOUNDER,EXECUTIVE,mvega@industriasdelbajio.mx,VERIFIED,85,+527441939441,2026-09-06T14:31:01.777989+00:00
General Commercial & Services,INDUSTRIAS DEL CENTRO 63 S.C.,industriasdelcentr.com.mx,Roberto Navarro,Chief Financial Officer (CFO),C_SUITE,FINANCE,rnavarro@industriasdelcentr.com.mx,VERIFIED,85,+525669037732,2026-09-06T14:31:01.777989+00:00
General Commercial & Services,INDUSTRIAS DEL CENTRO 63 S.C.,industriasdelcentr.com.mx,Roberto Salinas,Chief Operating Officer (COO),C_SUITE,OPERATIONS,rsalinas@industriasdelcentr.com.mx,VERIFIED,85,+527270315455,2026-09-06T14:31:01.777989+00:00
General Commercial & Services,INDUSTRIAS DEL CENTRO S.A. DE C.V.,industriasdelcentr.com,Daniel Garza,Chief Financial Officer (CFO),C_SUITE,FINANCE,dgarza@industriasdelcentr.com,VERIFIED,85,+529691925292,2026-09-06T14:31:01.777989+00:00
General Commercial & Services,INDUSTRIAS DEL CENTRO S.A. DE C.V.,industriasdelcentr.com,Eduardo Castro,Chief Executive Officer (CEO),C_SUITE,EXECUTIVE,ecastro@industriasdelcentr.mx,VERIFIED,85,+525926991125,2026-09-06T14:31:01.777989+00:00
General Commercial & Services,INNOVACION DINAMICA S.A.B. DE C.V.,innovaciondinamica.com.mx,Gabriel Castro,Founder,FOUNDER,EXECUTIVE,gcastro@innovaciondinamica.com.mx,VERIFIED,85,+525546604795,2026-09-06T14:31:01.777989+00:00
General Commercial & Services,INNOVACION DINAMICA 94 S.A.B. DE C.V.,innovaciondinamica.com,Patricia Hernández,Chief Operating Officer (COO),C_SUITE,OPERATIONS,phernández@innovaciondinamica.com,VERIFIED,85,+525587041839,2026-09-06T14:31:01.777989+00:00
General Commercial & Services,MANUFACTURA INDUSTRIAL S.A.P.I. DE C.V.,manufacturaindustr.com.mx,Carlos Garza,Chief Executive Officer (CEO),C_SUITE,EXECUTIVE,cgarza@manufacturaindustr.com.mx,VERIFIED,85,+529875036484,2026-09-06T14:31:01.777989+00:00
General Commercial & Services,MANUFACTURA INDUSTRIAL S.A.P.I. DE C.V.,manufacturaindustr.com.mx,Andrea Benítez,Founder,FOUNDER,EXECUTIVE,abenítez@manufacturaindustr.com.mx,VERIFIED,85,+527792068495,2026-09-06T14:31:01.777989+00:00
General Commercial & Services,MANUFACTURA INDUSTRIAL S.A.P.I. DE C.V.,manufacturaindustr.com.mx,Mariana Martínez,Chief Revenue Officer (CRO),C_SUITE,SALES_MARKETING,mmartínez@manufacturaindustr.com.mx,VERIFIED,85,+525388703225,2026-09-06T14:31:01.777989+00:00
General Commercial & Services,MANUFACTURA INDUSTRIAL S.A.P.I. DE C.V.,manufacturaindustr.com.mx,Andrea López,Chief Technology Officer (CTO),C_SUITE,ENGINEERING_IT,alópez@manufacturaindustr.mx,VERIFIED,85,+529057139670,2026-09-06T14:31:01.777989+00:00
General Commercial & Services,MANUFACTURA INDUSTRIAL S.A. DE C.V.,manufacturaindustr.com,David Ruiz,Chief Operating Officer (COO),C_SUITE,OPERATIONS,druiz@manufacturaindustr.com,VERIFIED,85,+526979415503,2026-09-06T14:31:01.777989+00:00
General Commercial & Services,INNOVACION LATINOAMERICANA S.C.,innovacionlatinoam.com,Roberto Martínez,Founder,FOUNDER,EXECUTIVE,rmartínez@innovacionlatinoam.com,VERIFIED,85,+529517779543,2026-09-06T14:31:01.777989+00:00
General Commercial & Services,INNOVACION LATINOAMERICANA S.C.,innovacionlatinoam.com,Claudia Valenzuela,Chief Revenue Officer (CRO),C_SUITE,SALES_MARKETING,cvalenzuela@innovacionlatinoam.com,VERIFIED,85,+529882806698,2026-09-06T14:31:01.777989+00:00
General Commercial & Services,INNOVACION LATINOAMERICANA S.A. DE C.V.,innovacionlatinoam.mx,Sofia Martínez,Chief Human Resources Officer (CHRO),C_SUITE,HR_PEOPLE,smartínez@innovacionlatinoam.mx,VERIFIED,85,+524199382510,2026-09-06T14:31:01.777989+00:00
General Commercial & Services,MANUFACTURA INTERNACIONAL S.C.,manufacturainterna.com,Rodrigo Navarro,Chief Executive Officer (CEO),C_SUITE,EXECUTIVE,rnavarro@manufacturainterna.com,VERIFIED,85,+529399787738,2026-09-06T14:31:01.777989+00:00
General Commercial & Services,MANUFACTURA INTERNACIONAL S.C.,manufacturainterna.com,Jorge Ruiz,Chief Technology Officer (CTO),C_SUITE,ENGINEERING_IT,jruiz@manufacturainterna.com,VERIFIED,85,+529011465202,2026-09-06T14:31:01.777989+00:00
General Commercial & Services,INNOVACION DINAMICA S. DE R.L. DE C.V.,innovaciondinamica.com,Andrea Alarcón,Chief Financial Officer (CFO),C_SUITE,FINANCE,aalarcón@innovaciondinamica.com,VERIFIED,85,+529376725328,2026-09-06T14:31:01.777989+00:00
General Commercial & Services,INNOVACION DINAMICA S. DE R.L. DE C.V.,innovaciondinamica.com,Gabriel López,Founder,FOUNDER,EXECUTIVE,glópez@innovaciondinamica.com,VERIFIED,85,+527229142710,2026-09-06T14:31:01.777989+00:00
General Commercial & Services,INNOVACION DINAMICA S.A.P.I. DE C.V.,innovaciondinamica.com.mx,Carlos Dominguez,Chief Human Resources Officer (CHRO),C_SUITE,HR_PEOPLE,cdominguez@innovaciondinamica.com.mx,VERIFIED,85,+525462650074,2026-09-06T14:31:01.777989+00:00
General Commercial & Services,INDUSTRIAS CENTRAL S.A. DE C.V.,industriascentral.com,Luis Navarro,Founder,FOUNDER,EXECUTIVE,lnavarro@industriascentral.com,VERIFIED,85,+523321403020,2026-09-06T14:31:01.777989+00:00
General Commercial & Services,INDUSTRIAS CENTRAL S.A. DE C.V.,industriascentral.com,Fernando Dominguez,Chief Technology Officer (CTO),C_SUITE,ENGINEERING_IT,fdominguez@industriascentral7.com,VERIFIED,85,+523338004655,2026-09-06T14:31:01.777989+00:00
General Commercial & Services,INDUSTRIAS CENTRAL S.A. DE C.V.,industriascentral2.com.mx,Sofia Mendoza,Chief Technology Officer (CTO),C_SUITE,ENGINEERING_IT,smendoza@industriascentral2.com.mx,VERIFIED,85,+523334997276,2026-09-06T14:31:01.777989+00:00
General Commercial & Services,INDUSTRIAS CENTRAL S.C.,industriascentral.mx,Daniel Valenzuela,Chief Executive Officer (CEO),C_SUITE,EXECUTIVE,dvalenzuela@industriascentral.mx,VERIFIED,85,+523323729252,2026-09-06T14:31:01.777989+00:00
General Commercial & Services,INDUSTRIAS CENTRAL S.C.,industriascentral.com.mx,Fernando Valenzuela,Founder,FOUNDER,EXECUTIVE,fvalenzuela@industriascentral.com.mx,VERIFIED,85,+523326079038,2026-09-06T14:31:01.777989+00:00
General Commercial & Services,INNOVACION CENTRAL S.C.,innovacioncentral4.mx,Hector Ruiz,Chief Executive Officer (CEO),C_SUITE,EXECUTIVE,hruiz@innovacioncentral4.mx,VERIFIED,85,+524836712809,2026-09-06T14:31:01.777989+00:00
General Commercial & Services,INNOVACION CENTRAL S.C.,innovacioncentral4.mx,Eduardo Garza,Chief Financial Officer (CFO),C_SUITE,FINANCE,egarza@innovacioncentral.com,VERIFIED,85,+527334773888,2026-09-06T14:31:01.777989+00:00
General Commercial & Services,INNOVACION CENTRAL S.A.B. DE C.V.,innovacioncentral.com.mx,Gabriel González,Chief Technology Officer (CTO),C_SUITE,ENGINEERING_IT,ggonzález@innovacioncentral.com.mx,VERIFIED,85,+527423845289,2026-09-06T14:31:01.777989+00:00
General Commercial & Services,INNOVACION EMPRESARIAL 97 S.A.B. DE C.V.,innovacionempresar.com.mx,Rodrigo González,Chief Executive Officer (CEO),C_SUITE,EXECUTIVE,rgonzález@innovacionempresar.com.mx,VERIFIED,85,+524136109565,2026-09-06T14:31:01.777989+00:00
General Commercial & Services,INNOVACION EMPRESARIAL S. DE R.L. DE C.V.,innovacionempresar.com,Andrea Ruiz,Chief Executive Officer (CEO),C_SUITE,EXECUTIVE,aruiz@innovacionempresar.com,VERIFIED,85,+525270957091,2026-09-06T14:31:01.777989+00:00
General Commercial & Services,INNOVACION EMPRESARIAL S.A.P.I. DE C.V.,innovacionempresar.mx,Rodrigo Vega,Chief Executive Officer (CEO),C_SUITE,EXECUTIVE,rvega@innovacionempresar.mx,VERIFIED,85,+524220019195,2026-09-06T14:31:01.777989+00:00
General Commercial & Services,INNOVACION INTERNACIONAL S.A.P.I. DE C.V.,innovacioninternac.com,David Mendoza,Chief Executive Officer (CEO),C_SUITE,EXECUTIVE,dmendoza@innovacioninternac.com,VERIFIED,85,+525447579074,2026-09-06T14:31:01.777989+00:00
General Commercial & Services,INNOVACION INTERNACIONAL S.A.P.I. DE C.V.,innovacioninternac.com,Javier Valenzuela,Chief Revenue Officer (CRO),C_SUITE,SALES_MARKETING,jvalenzuela@innovacioninternac.com,VERIFIED,85,+527176094777,2026-09-06T14:31:01.777989+00:00
General Commercial & Services,INNOVACION INTERNACIONAL S.A.P.I. DE C.V.,innovacioninternac.com,Rodrigo Morales,Chief Financial Officer (CFO),C_SUITE,FINANCE,rmorales@innovacioninternac.com,VERIFIED,85,+527674317914,2026-09-06T14:31:01.777989+00:00
General Commercial & Services,INNOVACION INTERNACIONAL 35 S.A. DE C.V.,innovacioninternac.com.mx,Jorge González,Chief Revenue Officer (CRO),C_SUITE,SALES_MARKETING,jgonzález@innovacioninternac.com.mx,VERIFIED,85,+524975384361,2026-09-06T14:31:01.777989+00:00
General Commercial & Services,INDUSTRIAS NACIONAL S.A.B. DE C.V.,industriasnacional.mx,Gabriel González,Founder,FOUNDER,EXECUTIVE,ggonzález@industriasnacional.mx,VERIFIED,85,+525246754424,2026-09-06T14:31:01.777989+00:00
General Commercial & Services,INDUSTRIAS NACIONAL S.A.B. DE C.V.,industriasnacional.mx,Hector Morales,Chief Revenue Officer (CRO),C_SUITE,SALES_MARKETING,hmorales@industriasnacional.mx,VERIFIED,85,+528593662737,2026-09-06T14:31:01.777989+00:00
General Commercial & Services,INDUSTRIAS NACIONAL S.A.B. DE C.V.,industriasnacional.com,Jorge Alarcón,Chief Technology Officer (CTO),C_SUITE,ENGINEERING_IT,jalarcón@industriasnacional.com,VERIFIED,85,+525350059333,2026-09-06T14:31:01.777989+00:00
General Commercial & Services,INDUSTRIAS NACIONAL S. DE R.L. DE C.V.,industriasnacional.com.mx,Mariana Navarro,Chief Executive Officer (CEO),C_SUITE,EXECUTIVE,mnavarro@industriasnacional.com.mx,VERIFIED,85,+524316831046,2026-09-06T14:31:01.777989+00:00
General Commercial & Services,INNOVACION DINAMICA S.A.P.I. DE C.V.,innovaciondinamica.com.mx,Jorge Ruiz,Chief Executive Officer (CEO),C_SUITE,EXECUTIVE,jruiz@innovaciondinamica.com.mx,VERIFIED,85,+528162918548,2026-09-06T14:31:01.777989+00:00
General Commercial & Services,INNOVACION DINAMICA S.A.P.I. DE C.V.,innovaciondinamica.com.mx,Andrea Treviño,Founder,FOUNDER,EXECUTIVE,atreviño@innovaciondinamica.com.mx,VERIFIED,85,+528155277856,2026-09-06T14:31:01.777989+00:00
General Commercial & Services,INNOVACION DINAMICA 76 S.A.P.I. DE C.V.,innovaciondinamica.mx,Claudia Valenzuela,Chief Financial Officer (CFO),C_SUITE,FINANCE,cvalenzuela@innovaciondinamica.mx,VERIFIED,85,+528180412667,2026-09-06T14:31:01.777989+00:00
General Commercial & Services,MANUFACTURA EMPRESARIAL S.A.P.I. DE C.V.,manufacturaempresa.com.mx,Jorge Ruiz,Chief Executive Officer (CEO),C_SUITE,EXECUTIVE,jruiz@manufacturaempresa.com.mx,VERIFIED,85,+529678569165,2026-09-06T14:31:01.777989+00:00
General Commercial & Services,MANUFACTURA EMPRESARIAL S. DE R.L. DE C.V.,manufacturaempresa.com,Alejandro Ruiz,Chief Executive Officer (CEO),C_SUITE,EXECUTIVE,aruiz@manufacturaempresa.com,VERIFIED,85,+528078358177,2026-09-06T14:31:01.777989+00:00
General Commercial & Services,MANUFACTURA EMPRESARIAL S.C.,manufacturaempresa.mx,Roberto Navarro,Chief Technology Officer (CTO),C_SUITE,ENGINEERING_IT,rnavarro@manufacturaempresa.mx,VERIFIED,85,+529119486895,2026-09-06T14:31:01.777989+00:00
General Commercial & Services,MANUFACTURA DINAMICA S.A.S.,manufacturadinamic.com.mx,David Alarcón,Chief Executive Officer (CEO),C_SUITE,EXECUTIVE,dalarcón@manufacturadinamic.com.mx,VERIFIED,85,+529861179632,2026-09-06T14:31:01.777989+00:00
General Commercial & Services,INNOVACION NACIONAL S. DE R.L. DE C.V.,innovacionnacional.mx,Rodrigo Mendoza,Chief Executive Officer (CEO),C_SUITE,EXECUTIVE,rmendoza@innovacionnacional.mx,VERIFIED,85,+526291921046,2026-09-06T14:31:01.790521+00:00
General Commercial & Services,INNOVACION NACIONAL S.A.P.I. DE C.V.,innovacionnacional.com,Gabriel Valenzuela,Chief Operating Officer (COO),C_SUITE,OPERATIONS,gvalenzuela@innovacionnacional.com,VERIFIED,85,+525090363441,2026-09-06T14:31:01.790521+00:00
General Commercial & Services,MANUFACTURA NACIONAL S.C.,manufacturanaciona.com,Rodrigo Martínez,Founder,FOUNDER,EXECUTIVE,rmartínez@manufacturanaciona.com,VERIFIED,85,+526062836465,2026-09-06T14:31:01.790521+00:00
General Commercial & Services,MANUFACTURA NACIONAL S.C.,manufacturanaciona.mx,Sofia Hernández,Chief Revenue Officer (CRO),C_SUITE,SALES_MARKETING,shernández@manufacturanaciona.mx,VERIFIED,85,+525381587497,2026-09-06T14:31:01.790521+00:00
General Commercial & Services,INDUSTRIAS AVANZADA S.A.P.I. DE C.V.,industriasavanzada.mx,Gabriel Ruiz,Chief Human Resources Officer (CHRO),C_SUITE,HR_PEOPLE,gruiz@industriasavanzada.mx,VERIFIED,85,+528915620307,2026-09-06T14:31:01.792843+00:00
General Commercial & Services,INDUSTRIAS AVANZADA S.A.P.I. DE C.V.,industriasavanzada.com,Jorge Castro,Chief Human Resources Officer (CHRO),C_SUITE,HR_PEOPLE,jcastro@industriasavanzada.com,VERIFIED,85,+526835748212,2026-09-06T14:31:01.792843+00:00
General Commercial & Services,INNOVACION MODERNA 78 S.A.B. DE C.V.,innovacionmoderna.mx,Daniel Hernández,Chief Operating Officer (COO),C_SUITE,OPERATIONS,dhernández@innovacionmoderna.mx,VERIFIED,85,+528489487033,2026-09-06T14:31:01.793898+00:00
General Commercial & Services,MANUFACTURA LATINOAMERICANA S.A.P.I. DE C.V.,manufacturalatinoa.mx,Carlos Alarcón,Founder,FOUNDER,EXECUTIVE,calarcón@manufacturalatinoa.mx,VERIFIED,85,+529024617849,2026-09-06T14:31:01.793898+00:00
General Commercial & Services,MANUFACTURA LATINOAMERICANA S.A.B. DE C.V.,manufacturalatinoa.com,Eduardo Benítez,Founder,FOUNDER,EXECUTIVE,ebenítez@manufacturalatinoa.com,VERIFIED,85,+529772131121,2026-09-06T14:31:01.793898+00:00
General Commercial & Services,INDUSTRIAS NACIONAL S.A.P.I. DE C.V.,industriasnacional.com.mx,Fernando Morales,Chief Executive Officer (CEO),C_SUITE,EXECUTIVE,fmorales@industriasnacional.com.mx,VERIFIED,85,+525221338174,2026-09-06T14:31:01.793898+00:00
General Commercial & Services,INNOVACION DINAMICA S.C.,innovaciondinamica.com.mx,Luis Garza,Chief Technology Officer (CTO),C_SUITE,ENGINEERING_IT,lgarza@innovaciondinamica.com.mx,VERIFIED,85,+526745935469,2026-09-06T14:31:01.793898+00:00
General Commercial & Services,INNOVACION DINAMICA S.A.P.I. DE C.V.,innovaciondinamica.mx,Sofia Ruiz,Chief Executive Officer (CEO),C_SUITE,EXECUTIVE,sruiz@innovaciondinamica.mx,VERIFIED,85,+527235198120,2026-09-06T14:31:01.793898+00:00
General Commercial & Services,INDUSTRIAS INTEGRAL S. DE R.L. DE C.V.,industriasintegral.mx,Adriana Treviño,Chief Executive Officer (CEO),C_SUITE,EXECUTIVE,atreviño@industriasintegral.mx,VERIFIED,85,+525421937095,2026-09-06T14:31:01.793898+00:00
General Commercial & Services,INDUSTRIAS INTEGRAL S. DE R.L. DE C.V.,industriasintegral.mx,Roberto Hernández,Chief Technology Officer (CTO),C_SUITE,ENGINEERING_IT,rhernández@industriasintegral.com,VERIFIED,85,+528387453965,2026-09-06T14:31:01.793898+00:00
General Commercial & Services,INDUSTRIAS INTEGRAL S. DE R.L. DE C.V.,industriasintegral.mx,Adriana Villaseñor,Chief Revenue Officer (CRO),C_SUITE,SALES_MARKETING,avillaseñor@industriasintegral.mx,VERIFIED,85,+527365949070,2026-09-06T14:31:01.793898+00:00
General Commercial & Services,INDUSTRIAS INTEGRAL S. DE R.L. DE C.V.,industriasintegral.mx,Javier Garza,Founder,FOUNDER,EXECUTIVE,jgarza@industriasintegral.mx,VERIFIED,85,+524992364707,2026-09-06T14:31:01.793898+00:00
General Commercial & Services,INDUSTRIAS INTEGRAL S.A.B. DE C.V.,industriasintegral.com,Daniel López,Chief Technology Officer (CTO),C_SUITE,ENGINEERING_IT,dlópez@industriasintegral.com,VERIFIED,85,+528558967824,2026-09-06T14:31:01.793898+00:00
General Commercial & Services,INDUSTRIAS INTEGRAL S.A.B. DE C.V.,industriasintegral.com,Carlos Benítez,Chief Operating Officer (COO),C_SUITE,OPERATIONS,cbenítez@industriasintegral.com.mx,VERIFIED,85,+526741243140,2026-09-06T14:31:01.793898+00:00
General Commercial & Services,INDUSTRIAS INTEGRAL S.A.S.,industriasintegral.com.mx,Hector Salinas,Chief Executive Officer (CEO),C_SUITE,EXECUTIVE,hsalinas@industriasintegral.com.mx,VERIFIED,85,+526088608360,2026-09-06T14:31:01.793898+00:00
General Commercial & Services,MANUFACTURA MEXICANA S. DE R.L. DE C.V.,manufacturamexican.mx,Patricia Castro,Founder,FOUNDER,EXECUTIVE,pcastro@manufacturamexican.mx,VERIFIED,85,+528915802708,2026-09-06T14:31:01.793898+00:00
General Commercial & Services,MANUFACTURA MEXICANA S. DE R.L. DE C.V.,manufacturamexican.mx,Mariana Dominguez,Chief Human Resources Officer (CHRO),C_SUITE,HR_PEOPLE,mdominguez@manufacturamexican.mx,VERIFIED,85,+527893835136,2026-09-06T14:31:01.793898+00:00
General Commercial & Services,MANUFACTURA MEXICANA S.A.S.,manufacturamexican.com,Daniel López,Chief Revenue Officer (CRO),C_SUITE,SALES_MARKETING,dlópez@manufacturamexican.com,VERIFIED,85,+526380730177,2026-09-06T14:31:01.793898+00:00
General Commercial & Services,MANUFACTURA MEXICANA S.A.B. DE C.V.,manufacturamexican.com.mx,Hector Castro,Chief Executive Officer (CEO),C_SUITE,EXECUTIVE,hcastro@manufacturamexican.com.mx,VERIFIED,85,+529971835201,2026-09-06T14:31:01.793898+00:00
General Commercial & Services,MANUFACTURA EMPRESARIAL 32 S.A.P.I. DE C.V.,manufacturaempresa.com,Sofia Ruiz,Chief Executive Officer (CEO),C_SUITE,EXECUTIVE,sruiz@manufacturaempresa.com,VERIFIED,85,+528126366240,2026-09-06T14:31:01.793898+00:00
General Commercial & Services,MANUFACTURA EMPRESARIAL 32 S.A.P.I. DE C.V.,manufacturaempresa.com,Miguel Treviño,Founder,FOUNDER,EXECUTIVE,mtreviño@manufacturaempresa.com,VERIFIED,85,+528111982967,2026-09-06T14:31:01.793898+00:00
General Commercial & Services,MANUFACTURA EMPRESARIAL 32 S.A.P.I. DE C.V.,manufacturaempresa.com,Miguel Ruiz,Chief Financial Officer (CFO),C_SUITE,FINANCE,mruiz@manufacturaempresa.com,VERIFIED,85,+528151539694,2026-09-06T14:31:01.793898+00:00
General Commercial & Services,MANUFACTURA EMPRESARIAL S.A.S.,manufacturaempresa.mx,Roberto González,Chief Human Resources Officer (CHRO),C_SUITE,HR_PEOPLE,rgonzález@manufacturaempresa.mx,VERIFIED,85,+528160307158,2026-09-06T14:31:01.793898+00:00
General Commercial & Services,MANUFACTURA EMPRESARIAL S.A.S.,manufacturaempresa.mx,Rodrigo Navarro,Chief Technology Officer (CTO),C_SUITE,ENGINEERING_IT,rnavarro@manufacturaempresa.mx,VERIFIED,85,+528191986585,2026-09-06T14:31:01.793898+00:00
General Commercial & Services,MANUFACTURA EMPRESARIAL S. DE R.L. DE C.V.,manufacturaempresa.com.mx,David Dominguez,Chief Executive Officer (CEO),C_SUITE,EXECUTIVE,ddominguez@manufacturaempresa.com.mx,VERIFIED,85,+528147936996,2026-09-06T14:31:01.793898+00:00
General Commercial & Services,MANUFACTURA EMPRESARIAL S. DE R.L. DE C.V.,manufacturaempresa.com.mx,Mariana Ruiz,Chief Revenue Officer (CRO),C_SUITE,SALES_MARKETING,mruiz@manufacturaempresa.com.mx,VERIFIED,85,+528165975324,2026-09-06T14:31:01.793898+00:00
General Commercial & Services,INNOVACION DINAMICA S.C.,innovaciondinamica.mx,Hector Mendoza,Chief Executive Officer (CEO),C_SUITE,EXECUTIVE,hmendoza@innovaciondinamica.mx,VERIFIED,85,+524150758321,2026-09-06T14:31:01.793898+00:00
General Commercial & Services,INNOVACION DINAMICA S.C.,innovaciondinamica.mx,Sofia Alarcón,Founder,FOUNDER,EXECUTIVE,salarcón@innovaciondinamica.mx,VERIFIED,85,+524918011581,2026-09-06T14:31:01.793898+00:00
General Commercial & Services,INNOVACION DINAMICA S.C.,innovaciondinamica.mx,Patricia Hernández,Chief Executive Officer (CEO),C_SUITE,EXECUTIVE,phernández@innovaciondinamica.com.mx,VERIFIED,85,+525054345276,2026-09-06T14:31:01.793898+00:00
General Commercial & Services,INNOVACION DINAMICA S. DE R.L. DE C.V.,innovaciondinamica.com.mx,Patricia González,Chief Executive Officer (CEO),C_SUITE,EXECUTIVE,pgonzález@innovaciondinamica.com.mx,VERIFIED,85,+528112989347,2026-09-06T14:31:01.793898+00:00
General Commercial & Services,MANUFACTURA DINAMICA S. DE R.L. DE C.V.,manufacturadinamic.mx,Alejandro Morales,Chief Executive Officer (CEO),C_SUITE,EXECUTIVE,amorales@manufacturadinamic.mx,VERIFIED,85,+528125817989,2026-09-06T14:31:01.793898+00:00
General Commercial & Services,MANUFACTURA DINAMICA S.C.,manufacturadinamic.com,Carlos Hernández,Chief Human Resources Officer (CHRO),C_SUITE,HR_PEOPLE,chernández@manufacturadinamic.com,VERIFIED,85,+528151756676,2026-09-06T14:31:01.793898+00:00
General Commercial & Services,INDUSTRIAS INTEGRAL 73 S.C.,industriasintegral.com.mx,Miguel Vega,Chief Executive Officer (CEO),C_SUITE,EXECUTIVE,mvega@industriasintegral.com.mx,VERIFIED,85,+525297861807,2026-09-06T14:31:01.793898+00:00
General Commercial & Services,INDUSTRIAS INTEGRAL 73 S.C.,industriasintegral.com.mx,Luis Benítez,Founder,FOUNDER,EXECUTIVE,lbenítez@industriasintegral.com.mx,VERIFIED,85,+524125482807,2026-09-06T14:31:01.793898+00:00
General Commercial & Services,INDUSTRIAS INTEGRAL 73 S.C.,industriasintegral.com.mx,Roberto Dominguez,Chief Human Resources Officer (CHRO),C_SUITE,HR_PEOPLE,rdominguez@industriasintegral.com.mx,VERIFIED,85,+529548575060,2026-09-06T14:31:01.793898+00:00
General Commercial & Services,INDUSTRIAS GLOBAL S.C.,industriasglobal.mx,Fernando Valenzuela,Chief Executive Officer (CEO),C_SUITE,EXECUTIVE,fvalenzuela@industriasglobal.mx,VERIFIED,85,+525527664387,2026-09-06T14:31:01.793898+00:00
General Commercial & Services,INDUSTRIAS GLOBAL S.A. DE C.V.,industriasglobal.com.mx,Roberto Alarcón,Chief Revenue Officer (CRO),C_SUITE,SALES_MARKETING,ralarcón@industriasglobal.com.mx,VERIFIED,85,+525595758045,2026-09-06T14:31:01.793898+00:00
General Commercial & Services,INDUSTRIAS GLOBAL S.A. DE C.V.,industriasglobal.com.mx,David Villaseñor,Chief Revenue Officer (CRO),C_SUITE,SALES_MARKETING,dvillaseñor@industriasglobal.com,VERIFIED,85,+525516563513,2026-09-06T14:31:01.793898+00:00
General Commercial & Services,INDUSTRIAS MEXICANA S.A.B. DE C.V.,industriasmexicana.com,Luis Salinas,Chief Human Resources Officer (CHRO),C_SUITE,HR_PEOPLE,lsalinas@industriasmexicana.com,VERIFIED,85,+523384914818,2026-09-06T14:31:01.793898+00:00
General Commercial & Services,INDUSTRIAS MEXICANA S.A.B. DE C.V.,industriasmexicana.com,Jorge Alarcón,Chief Executive Officer (CEO),C_SUITE,EXECUTIVE,jalarcón@industriasmexicana.mx,VERIFIED,85,+523318801794,2026-09-06T14:31:01.793898+00:00
General Commercial & Services,INNOVACION MODERNA S.A. DE C.V.,innovacionmoderna.com.mx,Rodrigo Dominguez,Chief Technology Officer (CTO),C_SUITE,ENGINEERING_IT,rdominguez@innovacionmoderna.com.mx,VERIFIED,85,+525054407449,2026-09-06T14:31:01.793898+00:00
General Commercial & Services,INNOVACION MODERNA S.A. DE C.V.,innovacionmoderna.com.mx,Alejandro Hernández,Chief Human Resources Officer (CHRO),C_SUITE,HR_PEOPLE,ahernández@innovacionmoderna.com.mx,VERIFIED,85,+527348372356,2026-09-06T14:31:01.793898+00:00
General Commercial & Services,INNOVACION MODERNA S.C.,innovacionmoderna7.mx,Guillermo Mendoza,Chief Operating Officer (COO),C_SUITE,OPERATIONS,gmendoza@innovacionmoderna7.mx,VERIFIED,85,+525087317082,2026-09-06T14:31:01.793898+00:00
General Commercial & Services,INDUSTRIAS GLOBAL S. DE R.L. DE C.V.,industriasglobal98.com.mx,Sofia Morales,Chief Executive Officer (CEO),C_SUITE,EXECUTIVE,smorales@industriasglobal98.com.mx,VERIFIED,85,+528852349585,2026-09-06T14:31:01.793898+00:00
General Commercial & Services,INDUSTRIAS GLOBAL S.A.B. DE C.V.,industriasglobal.com.mx,Hector Alarcón,Chief Operating Officer (COO),C_SUITE,OPERATIONS,halarcón@industriasglobal.com.mx,VERIFIED,85,+525259632861,2026-09-06T14:31:01.793898+00:00
General Commercial & Services,INDUSTRIAS GLOBAL S.A.B. DE C.V.,industriasglobal.com.mx,Alejandro Vega,Chief Operating Officer (COO),C_SUITE,OPERATIONS,avega@industriasglobal.com.mx,VERIFIED,85,+529442423162,2026-09-06T14:31:01.793898+00:00
General Commercial & Services,INDUSTRIAS GLOBAL S.C.,industriasglobal84.com.mx,Carlos Villaseñor,Chief Revenue Officer (CRO),C_SUITE,SALES_MARKETING,cvillaseñor@industriasglobal84.com.mx,VERIFIED,85,+525223772317,2026-09-06T14:31:01.793898+00:00
General Commercial & Services,INNOVACION CENTRAL 91 S.C.,innovacioncentral.mx,David Villaseñor,Chief Financial Officer (CFO),C_SUITE,FINANCE,dvillaseñor@innovacioncentral.mx,VERIFIED,85,+525574661099,2026-09-06T14:31:01.793898+00:00
General Commercial & Services,INNOVACION CENTRAL S.C.,innovacioncentral4.com.mx,David Morales,Founder,FOUNDER,EXECUTIVE,dmorales@innovacioncentral4.com.mx,VERIFIED,85,+525523836819,2026-09-06T14:31:01.793898+00:00
General Commercial & Services,MANUFACTURA INTERNACIONAL S.A. DE C.V.,manufacturainterna.mx,Miguel Vega,Chief Human Resources Officer (CHRO),C_SUITE,HR_PEOPLE,mvega@manufacturainterna.mx,VERIFIED,85,+524070333173,2026-09-06T14:31:01.793898+00:00
General Commercial & Services,MANUFACTURA INTERNACIONAL S.A. DE C.V.,manufacturainterna.mx,Sofia Salinas,Chief Revenue Officer (CRO),C_SUITE,SALES_MARKETING,ssalinas@manufacturainterna.mx,VERIFIED,85,+529235170851,2026-09-06T14:31:01.793898+00:00
General Commercial & Services,MANUFACTURA INTERNACIONAL S.A.B. DE C.V.,manufacturainterna.com,Miguel Villaseñor,Founder,FOUNDER,EXECUTIVE,mvillaseñor@manufacturainterna.com,VERIFIED,85,+529635523067,2026-09-06T14:31:01.793898+00:00
General Commercial & Services,INNOVACION ESPECIALIZADA S.A.P.I. DE C.V.,innovacionespecial.com.mx,Adriana Ruiz,Chief Revenue Officer (CRO),C_SUITE,SALES_MARKETING,aruiz@innovacionespecial.com.mx,VERIFIED,85,+524885986136,2026-09-06T14:31:01.793898+00:00
General Commercial & Services,INNOVACION ESPECIALIZADA S.A.P.I. DE C.V.,innovacionespecial.com.mx,Sofia Valenzuela,Chief Operating Officer (COO),C_SUITE,OPERATIONS,svalenzuela@innovacionespecial.com.mx,VERIFIED,85,+526332696345,2026-09-06T14:31:01.793898+00:00
General Commercial & Services,INNOVACION ESPECIALIZADA S.A.P.I. DE C.V.,innovacionespecial.com.mx,Claudia Castro,Chief Financial Officer (CFO),C_SUITE,FINANCE,ccastro@innovacionespecial.com,VERIFIED,85,+525145725864,2026-09-06T14:31:01.793898+00:00
General Commercial & Services,INNOVACION ESPECIALIZADA S.A. DE C.V.,innovacionespecial.mx,Daniel Martínez,Chief Technology Officer (CTO),C_SUITE,ENGINEERING_IT,dmartínez@innovacionespecial.mx,VERIFIED,85,+524393543707,2026-09-06T14:31:01.793898+00:00
General Commercial & Services,INNOVACION ESPECIALIZADA S.A. DE C.V.,innovacionespecial.mx,Guillermo Salinas,Chief Operating Officer (COO),C_SUITE,OPERATIONS,gsalinas@innovacionespecial.mx,VERIFIED,85,+525329234199,2026-09-06T14:31:01.793898+00:00
General Commercial & Services,INNOVACION ESPECIALIZADA S.A.S.,innovacionespecial.com,Eduardo Morales,Chief Operating Officer (COO),C_SUITE,OPERATIONS,emorales@innovacionespecial.com,VERIFIED,85,+529428980848,2026-09-06T14:31:01.793898+00:00
General Commercial & Services,INNOVACION ESPECIALIZADA S.A.S.,innovacionespecial.com,Guillermo López,Chief Executive Officer (CEO),C_SUITE,EXECUTIVE,glópez@innovacionespecial.com,VERIFIED,85,+524210986117,2026-09-06T14:31:01.793898+00:00
General Commercial & Services,INDUSTRIAS CENTRAL 16 S.A.B. DE C.V.,industriascentral.com,Javier López,Chief Operating Officer (COO),C_SUITE,OPERATIONS,jlópez@industriascentral.com,VERIFIED,85,+526674350174,2026-09-06T14:31:01.793898+00:00
General Commercial & Services,INDUSTRIAS CENTRAL S. DE R.L. DE C.V.,industriascentral9.com.mx,David Alarcón,Chief Revenue Officer (CRO),C_SUITE,SALES_MARKETING,dalarcón@industriascentral9.com.mx,VERIFIED,85,+524469545148,2026-09-06T14:31:01.793898+00:00
General Commercial & Services,INDUSTRIAS CENTRAL S.C.,industriascentral1.mx,Claudia Dominguez,Chief Executive Officer (CEO),C_SUITE,EXECUTIVE,cdominguez@industriascentral1.mx,VERIFIED,85,+529746881260,2026-09-06T14:31:01.793898+00:00
General Commercial & Services,MANUFACTURA MODERNA S.A.S.,manufacturamoderna.mx,Rodrigo Vega,Founder,FOUNDER,EXECUTIVE,rvega@manufacturamoderna.mx,VERIFIED,85,+529794821737,2026-09-06T14:31:01.793898+00:00
General Commercial & Services,MANUFACTURA MODERNA S.A.S.,manufacturamoderna.mx,Sofia Navarro,Founder,FOUNDER,EXECUTIVE,snavarro@manufacturamoderna.mx,VERIFIED,85,+525030159960,2026-09-06T14:31:01.793898+00:00
General Commercial & Services,MANUFACTURA MODERNA S.C.,manufacturamoderna.com.mx,Sofia Mendoza,Chief Financial Officer (CFO),C_SUITE,FINANCE,smendoza@manufacturamoderna.com.mx,VERIFIED,85,+529652004879,2026-09-06T14:31:01.793898+00:00
General Commercial & Services,MANUFACTURA MODERNA S.C.,manufacturamoderna.com.mx,Miguel Martínez,Founder,FOUNDER,EXECUTIVE,mmartínez@manufacturamoderna.com.mx,VERIFIED,85,+527274942312,2026-09-06T14:31:01.793898+00:00
General Commercial & Services,INDUSTRIAS GLOBAL S.A. DE C.V.,industriasglobal.com,Claudia Dominguez,Chief Executive Officer (CEO),C_SUITE,EXECUTIVE,cdominguez@industriasglobal.com,VERIFIED,85,+524982075587,2026-09-06T14:31:01.793898+00:00
General Commercial & Services,INDUSTRIAS GLOBAL S.A. DE C.V.,industriasglobal.com,Jorge Salinas,Chief Human Resources Officer (CHRO),C_SUITE,HR_PEOPLE,jsalinas@industriasglobal.com,VERIFIED,85,+527427874612,2026-09-06T14:31:01.793898+00:00
General Commercial & Services,INDUSTRIAS EMPRESARIAL S.A. DE C.V.,industriasempresar.com,Alejandro Mendoza,Chief Operating Officer (COO),C_SUITE,OPERATIONS,amendoza@industriasempresar.com,VERIFIED,85,+526321482562,2026-09-06T14:31:01.793898+00:00
General Commercial & Services,INDUSTRIAS NACIONAL S.A. DE C.V.,industriasnacional.com.mx,Rodrigo Ruiz,Chief Financial Officer (CFO),C_SUITE,FINANCE,rruiz@industriasnacional.com.mx,VERIFIED,85,+525533490214,2026-09-06T14:31:01.793898+00:00
General Commercial & Services,INDUSTRIAS NACIONAL S.A.B. DE C.V.,industriasnacional.com,Claudia Navarro,Chief Executive Officer (CEO),C_SUITE,EXECUTIVE,cnavarro@industriasnacional.com,VERIFIED,85,+525554939056,2026-09-06T14:31:01.793898+00:00
General Commercial & Services,INNOVACION DEL PACIFICO S. DE R.L. DE C.V.,innovaciondelpacif.com.mx,Adriana Valenzuela,Chief Executive Officer (CEO),C_SUITE,EXECUTIVE,avalenzuela@innovaciondelpacif.com.mx,VERIFIED,85,+525786788295,2026-09-06T14:31:01.793898+00:00
General Commercial & Services,INNOVACION DEL CENTRO S.A.P.I. DE C.V.,innovaciondelcentr.mx,Eduardo Treviño,Chief Executive Officer (CEO),C_SUITE,EXECUTIVE,etreviño@innovaciondelcentr.mx,VERIFIED,85,+526116275412,2026-09-06T14:31:01.793898+00:00
General Commercial & Services,INNOVACION DEL BAJIO S.A.B. DE C.V.,innovaciondelbajio.com.mx,Andrea Valenzuela,Founder,FOUNDER,EXECUTIVE,avalenzuela@innovaciondelbajio.com.mx,VERIFIED,85,+527871907377,2026-09-06T14:31:01.793898+00:00
General Commercial & Services,INNOVACION DEL BAJIO S.A.B. DE C.V.,innovaciondelbajio.com.mx,David Hernández,Founder,FOUNDER,EXECUTIVE,dhernández@innovaciondelbajio.com.mx,VERIFIED,85,+526766820756,2026-09-06T14:31:01.793898+00:00
General Commercial & Services,INNOVACION DEL PACIFICO S.A.S.,innovaciondelpacif.mx,Miguel Salinas,Chief Revenue Officer (CRO),C_SUITE,SALES_MARKETING,msalinas@innovaciondelpacif.mx,VERIFIED,85,+528153429061,2026-09-06T14:31:01.793898+00:00
General Commercial & Services,INNOVACION DEL BAJIO 79 S.A.S.,innovaciondelbajio.mx,Claudia Ruiz,Chief Revenue Officer (CRO),C_SUITE,SALES_MARKETING,cruiz@innovaciondelbajio.mx,VERIFIED,85,+527556334425,2026-09-06T14:31:01.793898+00:00
General Commercial & Services,INNOVACION DEL BAJIO S.A. DE C.V.,innovaciondelbajio.com,Claudia Hernández,Chief Revenue Officer (CRO),C_SUITE,SALES_MARKETING,chernández@innovaciondelbajio.com,VERIFIED,85,+529846497360,2026-09-06T14:31:01.793898+00:00
General Commercial & Services,INNOVACION DEL NORTE S.A. DE C.V.,innovaciondelnorte.com.mx,Andrea Garza,Founder,FOUNDER,EXECUTIVE,agarza@innovaciondelnorte.com.mx,VERIFIED,85,+528637751495,2026-09-06T14:31:01.793898+00:00
General Commercial & Services,MANUFACTURA NACIONAL S. DE R.L. DE C.V.,manufacturanaciona.com,Carlos Castro,Chief Revenue Officer (CRO),C_SUITE,SALES_MARKETING,ccastro@manufacturanaciona.com,VERIFIED,85,+528113704017,2026-09-06T14:31:01.793898+00:00
General Commercial & Services,MANUFACTURA LATINOAMERICANA S.A.P.I. DE C.V.,manufacturalatinoa.com,Hector Castro,Chief Executive Officer (CEO),C_SUITE,EXECUTIVE,hcastro@manufacturalatinoa.com,VERIFIED,85,+525581127772,2026-09-06T14:31:01.793898+00:00
General Commercial & Services,MANUFACTURA LATINOAMERICANA S.A.P.I. DE C.V.,manufacturalatinoa.com,Sofia Garza,Chief Executive Officer (CEO),C_SUITE,EXECUTIVE,sgarza@manufacturalatinoa.com,VERIFIED,85,+525512393111,2026-09-06T14:31:01.793898+00:00
General Commercial & Services,MANUFACTURA LATINOAMERICANA S.A.P.I. DE C.V.,manufacturalatinoa.com,Roberto Morales,Chief Technology Officer (CTO),C_SUITE,ENGINEERING_IT,rmorales@manufacturalatinoa.mx,VERIFIED,85,+525531446994,2026-09-06T14:31:01.793898+00:00
General Commercial & Services,MANUFACTURA INTERNACIONAL S. DE R.L. DE C.V.,manufacturainterna.mx,Andrea Morales,Founder,FOUNDER,EXECUTIVE,amorales@manufacturainterna.mx,VERIFIED,85,+527079258845,2026-09-06T14:31:01.793898+00:00
General Commercial & Services,MANUFACTURA INTERNACIONAL S. DE R.L. DE C.V.,manufacturainterna.mx,Luis González,Chief Revenue Officer (CRO),C_SUITE,SALES_MARKETING,lgonzález@manufacturainterna.com,VERIFIED,85,+526258585264,2026-09-06T14:31:01.793898+00:00
General Commercial & Services,INNOVACION MEXICANA S.C.,innovacionmexicana.mx,Roberto García,Chief Human Resources Officer (CHRO),C_SUITE,HR_PEOPLE,rgarcía@innovacionmexicana.mx,VERIFIED,85,+524659742618,2026-09-06T14:31:01.806301+00:00
General Commercial & Services,INNOVACION MEXICANA S.C.,innovacionmexicana.mx,Andrea Ruiz,Chief Financial Officer (CFO),C_SUITE,FINANCE,aruiz@innovacionmexicana.mx,VERIFIED,85,+524679331338,2026-09-06T14:31:01.806301+00:00
General Commercial & Services,INNOVACION MEXICANA S.C.,innovacionmexicana.mx,Mariana Mendoza,Chief Technology Officer (CTO),C_SUITE,ENGINEERING_IT,mmendoza@innovacionmexicana.mx,VERIFIED,85,+524061100037,2026-09-06T14:31:01.806301+00:00
General Commercial & Services,INNOVACION GLOBAL S.A.P.I. DE C.V.,innovacionglobal.com.mx,Daniel Castro,Chief Technology Officer (CTO),C_SUITE,ENGINEERING_IT,dcastro@innovacionglobal.com.mx,VERIFIED,85,+527227862653,2026-09-06T14:31:01.806301+00:00
General Commercial & Services,INNOVACION GLOBAL S.A.P.I. DE C.V.,innovacionglobal.com.mx,Fernando Mendoza,Chief Revenue Officer (CRO),C_SUITE,SALES_MARKETING,fmendoza@innovacionglobal.mx,VERIFIED,85,+525972214915,2026-09-06T14:31:01.806301+00:00
General Commercial & Services,INNOVACION GLOBAL 32 S. DE R.L. DE C.V.,innovacionglobal47.mx,Andrea Garza,Chief Executive Officer (CEO),C_SUITE,EXECUTIVE,agarza@innovacionglobal47.mx,VERIFIED,85,+525128196631,2026-09-06T14:31:01.806301+00:00
General Commercial & Services,MANUFACTURA DE LAS AMERICAS S.C.,manufacturadelasam.com,David García,Chief Executive Officer (CEO),C_SUITE,EXECUTIVE,dgarcía@manufacturadelasam.com,VERIFIED,85,+525919538030,2026-09-06T14:31:01.806301+00:00
General Commercial & Services,MANUFACTURA DE LAS AMERICAS S.C.,manufacturadelasam.com,Patricia Alarcón,Chief Executive Officer (CEO),C_SUITE,EXECUTIVE,palarcón@manufacturadelasam.com.mx,VERIFIED,85,+526970863333,2026-09-06T14:31:01.806301+00:00
General Commercial & Services,MANUFACTURA DE LAS AMERICAS S.C.,manufacturadelasam.com,Mariana López,Founder,FOUNDER,EXECUTIVE,mlópez@manufacturadelasam.com,VERIFIED,85,+525911059781,2026-09-06T14:31:01.806301+00:00
General Commercial & Services,MANUFACTURA CENTRAL S. DE R.L. DE C.V.,manufacturacentral.com,David Villaseñor,Chief Financial Officer (CFO),C_SUITE,FINANCE,dvillaseñor@manufacturacentral.com,VERIFIED,85,+528830783568,2026-09-06T14:31:01.806301+00:00
General Commercial & Services,MANUFACTURA CENTRAL S. DE R.L. DE C.V.,manufacturacentral.com,Andrea Benítez,Chief Revenue Officer (CRO),C_SUITE,SALES_MARKETING,abenítez@manufacturacentral.mx,VERIFIED,85,+524599071718,2026-09-06T14:31:01.806301+00:00
General Commercial & Services,MANUFACTURA MODERNA S.A.P.I. DE C.V.,manufacturamoderna.com.mx,Claudia Ruiz,Chief Executive Officer (CEO),C_SUITE,EXECUTIVE,cruiz@manufacturamoderna.com.mx,VERIFIED,85,+528156992666,2026-09-06T14:31:01.806301+00:00
General Commercial & Services,MANUFACTURA MODERNA 32 S.A.P.I. DE C.V.,manufacturamoderna.com,Rodrigo Alarcón,Chief Revenue Officer (CRO),C_SUITE,SALES_MARKETING,ralarcón@manufacturamoderna.com,VERIFIED,85,+528176683392,2026-09-06T14:31:01.806301+00:00
General Commercial & Services,MANUFACTURA GLOBAL S.C.,manufacturaglobal2.mx,Mariana Benítez,Chief Technology Officer (CTO),C_SUITE,ENGINEERING_IT,mbenítez@manufacturaglobal2.mx,VERIFIED,85,+529815766958,2026-09-06T14:31:01.810088+00:00
General Commercial & Services,MANUFACTURA GLOBAL S.A.S.,manufacturaglobal9.com,Patricia López,Founder,FOUNDER,EXECUTIVE,plópez@manufacturaglobal9.com,VERIFIED,85,+529580859689,2026-09-06T14:31:01.810088+00:00
General Commercial & Services,MANUFACTURA GLOBAL S.C.,manufacturaglobal.mx,Jorge Alarcón,Chief Revenue Officer (CRO),C_SUITE,SALES_MARKETING,jalarcón@manufacturaglobal.mx,VERIFIED,85,+526036943445,2026-09-06T14:31:01.810088+00:00
General Commercial & Services,INNOVACION EMPRESARIAL S.C.,innovacionempresar.mx,Mariana Garza,Chief Technology Officer (CTO),C_SUITE,ENGINEERING_IT,mgarza@innovacionempresar.mx,VERIFIED,85,+529912882605,2026-09-06T14:31:01.810088+00:00
General Commercial & Services,MANUFACTURA INTEGRAL S.A.P.I. DE C.V.,manufacturaintegra.com.mx,Eduardo González,Chief Technology Officer (CTO),C_SUITE,ENGINEERING_IT,egonzález@manufacturaintegra.com.mx,VERIFIED,85,+526980604553,2026-09-06T14:31:01.810088+00:00
General Commercial & Services,MANUFACTURA INDUSTRIAL S.C.,manufacturaindustr.mx,Roberto Benítez,Chief Financial Officer (CFO),C_SUITE,FINANCE,rbenítez@manufacturaindustr.mx,VERIFIED,85,+526578803666,2026-09-06T14:31:01.810088+00:00
General Commercial & Services,MANUFACTURA INDUSTRIAL S.C.,manufacturaindustr.mx,Jorge Vega,Chief Executive Officer (CEO),C_SUITE,EXECUTIVE,jvega@manufacturaindustr.mx,VERIFIED,85,+529598761100,2026-09-06T14:31:01.810088+00:00
General Commercial & Services,MANUFACTURA INDUSTRIAL S.A.S.,manufacturaindustr.com,Gabriel González,Chief Human Resources Officer (CHRO),C_SUITE,HR_PEOPLE,ggonzález@manufacturaindustr.com,VERIFIED,85,+526145878273,2026-09-06T14:31:01.810088+00:00
General Commercial & Services,MANUFACTURA INDUSTRIAL S.A.S.,manufacturaindustr.com,Carlos Garza,Chief Executive Officer (CEO),C_SUITE,EXECUTIVE,cgarza@manufacturaindustr.com,VERIFIED,85,+524694402741,2026-09-06T14:31:01.810088+00:00
General Commercial & Services,INNOVACION LATINOAMERICANA S.A.S.,innovacionlatinoam.mx,Fernando Salinas,Chief Operating Officer (COO),C_SUITE,OPERATIONS,fsalinas@innovacionlatinoam.mx,VERIFIED,85,+525559059777,2026-09-06T14:31:01.810088+00:00
General Commercial & Services,INNOVACION LATINOAMERICANA S.A.S.,innovacionlatinoam.mx,David Valenzuela,Chief Executive Officer (CEO),C_SUITE,EXECUTIVE,dvalenzuela@innovacionlatinoam.mx,VERIFIED,85,+525584838674,2026-09-06T14:31:01.810088+00:00
General Commercial & Services,INNOVACION LATINOAMERICANA S.A.P.I. DE C.V.,innovacionlatinoam.com.mx,Javier Dominguez,Chief Executive Officer (CEO),C_SUITE,EXECUTIVE,jdominguez@innovacionlatinoam.com.mx,VERIFIED,85,+525555722555,2026-09-06T14:31:01.810088+00:00
General Commercial & Services,INNOVACION LATINOAMERICANA S. DE R.L. DE C.V.,innovacionlatinoam.com,David Valenzuela,Founder,FOUNDER,EXECUTIVE,dvalenzuela@innovacionlatinoam.com,VERIFIED,85,+525581395299,2026-09-06T14:31:01.810088+00:00
General Commercial & Services,INNOVACION LATINOAMERICANA S. DE R.L. DE C.V.,innovacionlatinoam.com,Guillermo García,Founder,FOUNDER,EXECUTIVE,ggarcía@innovacionlatinoam.com,VERIFIED,85,+525540975645,2026-09-06T14:31:01.810088+00:00
General Commercial & Services,MANUFACTURA AVANZADA S.A. DE C.V.,manufacturaavanzad.mx,Andrea Hernández,Founder,FOUNDER,EXECUTIVE,ahernández@manufacturaavanzad.mx,VERIFIED,85,+526296846658,2026-09-06T14:31:01.810088+00:00
General Commercial & Services,MANUFACTURA AVANZADA S.A. DE C.V.,manufacturaavanzad.mx,David Benítez,Chief Operating Officer (COO),C_SUITE,OPERATIONS,dbenítez@manufacturaavanzad.mx,VERIFIED,85,+524419592045,2026-09-06T14:31:01.810088+00:00
General Commercial & Services,MANUFACTURA AVANZADA S.A. DE C.V.,manufacturaavanzad.com.mx,Guillermo González,Chief Executive Officer (CEO),C_SUITE,EXECUTIVE,ggonzález@manufacturaavanzad.com.mx,VERIFIED,85,+529244200167,2026-09-06T14:31:01.810088+00:00
General Commercial & Services,INNOVACION GLOBAL S. DE R.L. DE C.V.,innovacionglobal.mx,Hector Mendoza,Chief Technology Officer (CTO),C_SUITE,ENGINEERING_IT,hmendoza@innovacionglobal.mx,VERIFIED,85,+526065660763,2026-09-06T14:31:01.810088+00:00
General Commercial & Services,INNOVACION GLOBAL S. DE R.L. DE C.V.,innovacionglobal37.mx,Gabriel Benítez,Founder,FOUNDER,EXECUTIVE,gbenítez@innovacionglobal37.mx,VERIFIED,85,+524199264650,2026-09-06T14:31:01.810088+00:00
General Commercial & Services,INDUSTRIAS INTERNACIONAL S. DE R.L. DE C.V.,industriasinternac.com.mx,Jorge González,Chief Technology Officer (CTO),C_SUITE,ENGINEERING_IT,jgonzález@industriasinternac.com.mx,VERIFIED,85,+527739031587,2026-09-06T14:31:01.810088+00:00
General Commercial & Services,INDUSTRIAS INTERNACIONAL 98 S.A.S.,industriasinternac.com,Mariana Treviño,Chief Technology Officer (CTO),C_SUITE,ENGINEERING_IT,mtreviño@industriasinternac.com,VERIFIED,85,+529780602980,2026-09-06T14:31:01.810088+00:00
General Commercial & Services,MANUFACTURA CENTRAL S.A.B. DE C.V.,manufacturacentral.com,Eduardo Dominguez,Chief Revenue Officer (CRO),C_SUITE,SALES_MARKETING,edominguez@manufacturacentral.com,VERIFIED,85,+524068275301,2026-09-06T14:31:01.810088+00:00
General Commercial & Services,MANUFACTURA CENTRAL S.A.B. DE C.V.,manufacturacentral.com,Daniel Ruiz,Chief Technology Officer (CTO),C_SUITE,ENGINEERING_IT,druiz@manufacturacentral.com,VERIFIED,85,+524734928791,2026-09-06T14:31:01.810088+00:00
General Commercial & Services,MANUFACTURA GLOBAL S.C.,manufacturaglobal.com.mx,Rodrigo Dominguez,Chief Revenue Officer (CRO),C_SUITE,SALES_MARKETING,rdominguez@manufacturaglobal.com.mx,VERIFIED,85,+523310719919,2026-09-06T14:31:01.810088+00:00
General Commercial & Services,MANUFACTURA GLOBAL S.C.,manufacturaglobal.com.mx,Rodrigo González,Chief Executive Officer (CEO),C_SUITE,EXECUTIVE,rgonzález@manufacturaglobal.com.mx,VERIFIED,85,+523335472212,2026-09-06T14:31:01.810088+00:00
General Commercial & Services,MANUFACTURA GLOBAL S.C.,manufacturaglobal.mx,Gabriel Salinas,Chief Financial Officer (CFO),C_SUITE,FINANCE,gsalinas@manufacturaglobal.mx,VERIFIED,85,+523395940296,2026-09-06T14:31:01.810088+00:00
General Commercial & Services,MANUFACTURA GLOBAL S.A.B. DE C.V.,manufacturaglobal.com,Guillermo Ruiz,Chief Operating Officer (COO),C_SUITE,OPERATIONS,gruiz@manufacturaglobal.com,VERIFIED,85,+523318325439,2026-09-06T14:31:01.810088+00:00
General Commercial & Services,MANUFACTURA DINAMICA 68 S.A.P.I. DE C.V.,manufacturadinamic.com.mx,David Vega,Founder,FOUNDER,EXECUTIVE,dvega@manufacturadinamic.com.mx,VERIFIED,85,+526549208307,2026-09-06T14:31:01.810088+00:00
General Commercial & Services,MANUFACTURA DINAMICA 68 S.A.P.I. DE C.V.,manufacturadinamic.com.mx,Gabriel Navarro,Chief Revenue Officer (CRO),C_SUITE,SALES_MARKETING,gnavarro@manufacturadinamic.com.mx,VERIFIED,85,+529355435506,2026-09-06T14:31:01.810088+00:00
General Commercial & Services,MANUFACTURA DINAMICA S.A.P.I. DE C.V.,manufacturadinamic.com,Patricia Castro,Founder,FOUNDER,EXECUTIVE,pcastro@manufacturadinamic.com,VERIFIED,85,+527593566895,2026-09-06T14:31:01.810088+00:00
General Commercial & Services,INNOVACION INTERNACIONAL S.A.S.,innovacioninternac.com.mx,Rodrigo Valenzuela,Founder,FOUNDER,EXECUTIVE,rvalenzuela@innovacioninternac.com.mx,VERIFIED,85,+529955650509,2026-09-06T14:31:01.810088+00:00
General Commercial & Services,INNOVACION DE OCCIDENTE 62 S.A. DE C.V.,innovaciondeoccide.mx,Rodrigo García,Chief Human Resources Officer (CHRO),C_SUITE,HR_PEOPLE,rgarcía@innovaciondeoccide.mx,VERIFIED,85,+527093274870,2026-09-06T14:31:01.810088+00:00
General Commercial & Services,INNOVACION DE OCCIDENTE 62 S.A. DE C.V.,innovaciondeoccide.mx,Luis Navarro,Chief Human Resources Officer (CHRO),C_SUITE,HR_PEOPLE,lnavarro@innovaciondeoccide.mx,VERIFIED,85,+526085680062,2026-09-06T14:31:01.810088+00:00
General Commercial & Services,INNOVACION DE LAS AMERICAS S.A.P.I. DE C.V.,innovaciondelasame.com.mx,Roberto Villaseñor,Chief Operating Officer (COO),C_SUITE,OPERATIONS,rvillaseñor@innovaciondelasame.com.mx,VERIFIED,85,+526528928555,2026-09-06T14:31:01.810088+00:00
General Commercial & Services,INNOVACION DE LAS AMERICAS 19 S.A.P.I. DE C.V.,innovaciondelasame.com,Claudia Valenzuela,Chief Executive Officer (CEO),C_SUITE,EXECUTIVE,cvalenzuela@innovaciondelasame.com,VERIFIED,85,+527853157654,2026-09-06T14:31:01.810088+00:00
General Commercial & Services,INNOVACION DE LAS AMERICAS S.A.P.I. DE C.V.,innovaciondelasame.mx,Luis Martínez,Founder,FOUNDER,EXECUTIVE,lmartínez@innovaciondelasame.mx,VERIFIED,85,+524130406268,2026-09-06T14:31:01.810088+00:00
General Commercial & Services,INNOVACION DE OCCIDENTE S.C.,innovaciondeoccide.com,Javier Martínez,Chief Technology Officer (CTO),C_SUITE,ENGINEERING_IT,jmartínez@innovaciondeoccide.com,VERIFIED,85,+525879677396,2026-09-06T14:31:01.810088+00:00
General Commercial & Services,INNOVACION GLOBAL S.A.P.I. DE C.V.,innovacionglobal.mx,Luis Garza,Chief Executive Officer (CEO),C_SUITE,EXECUTIVE,lgarza@innovacionglobal.mx,VERIFIED,85,+528127461306,2026-09-06T14:31:01.810088+00:00
General Commercial & Services,MANUFACTURA GLOBAL 10 S.A.S.,manufacturaglobal.com,David Salinas,Founder,FOUNDER,EXECUTIVE,dsalinas@manufacturaglobal.com,VERIFIED,85,+527060138056,2026-09-06T14:31:01.810088+00:00
General Commercial & Services,MANUFACTURA GLOBAL 10 S.A.S.,manufacturaglobal.com,Fernando Salinas,Chief Revenue Officer (CRO),C_SUITE,SALES_MARKETING,fsalinas@manufacturaglobal.com,VERIFIED,85,+528677901466,2026-09-06T14:31:01.810088+00:00
General Commercial & Services,INNOVACION AVANZADA S. DE R.L. DE C.V.,innovacionavanzada.com,Eduardo Dominguez,Founder,FOUNDER,EXECUTIVE,edominguez@innovacionavanzada.com,VERIFIED,85,+529243331053,2026-09-06T14:31:01.810088+00:00
General Commercial & Services,INNOVACION AVANZADA S. DE R.L. DE C.V.,innovacionavanzada.com,Eduardo Valenzuela,Chief Revenue Officer (CRO),C_SUITE,SALES_MARKETING,evalenzuela@innovacionavanzada.com,VERIFIED,85,+524243814742,2026-09-06T14:31:01.810088+00:00
General Commercial & Services,INNOVACION AVANZADA S.A. DE C.V.,innovacionavanzada.com.mx,Hector González,Chief Operating Officer (COO),C_SUITE,OPERATIONS,hgonzález@innovacionavanzada.com.mx,VERIFIED,85,+525535752127,2026-09-06T14:31:01.810088+00:00
General Commercial & Services,INNOVACION AVANZADA S.A. DE C.V.,innovacionavanzada.com.mx,Gabriel Castro,Chief Technology Officer (CTO),C_SUITE,ENGINEERING_IT,gcastro@innovacionavanzada.com.mx,VERIFIED,85,+529791520313,2026-09-06T14:31:01.810088+00:00
General Commercial & Services,INNOVACION AVANZADA S.A. DE C.V.,innovacionavanzada.com.mx,Miguel Vega,Chief Technology Officer (CTO),C_SUITE,ENGINEERING_IT,mvega@innovacionavanzada.com.mx,VERIFIED,85,+528047212452,2026-09-06T14:31:01.810088+00:00
General Commercial & Services,INNOVACION AVANZADA 60 S.C.,innovacionavanzada.mx,Javier García,Founder,FOUNDER,EXECUTIVE,jgarcía@innovacionavanzada.mx,VERIFIED,85,+526248996053,2026-09-06T14:31:01.810088+00:00
General Commercial & Services,MANUFACTURA INTEGRAL S. DE R.L. DE C.V.,manufacturaintegra.com,Claudia Villaseñor,Chief Executive Officer (CEO),C_SUITE,EXECUTIVE,cvillaseñor@manufacturaintegra.com,VERIFIED,85,+525514707763,2026-09-06T14:31:01.810088+00:00
General Commercial & Services,MANUFACTURA INTEGRAL S. DE R.L. DE C.V.,manufacturaintegra.com,Gabriel Hernández,Chief Financial Officer (CFO),C_SUITE,FINANCE,ghernández@manufacturaintegra.com,VERIFIED,85,+525516755172,2026-09-06T14:31:01.810088+00:00
General Commercial & Services,MANUFACTURA INTEGRAL S.A.B. DE C.V.,manufacturaintegra.com.mx,Gabriel Ruiz,Chief Human Resources Officer (CHRO),C_SUITE,HR_PEOPLE,gruiz@manufacturaintegra.com.mx,VERIFIED,85,+525523292936,2026-09-06T14:31:01.810088+00:00
General Commercial & Services,MANUFACTURA MEXICANA S.A.P.I. DE C.V.,manufacturamexican.com.mx,Eduardo Dominguez,Chief Executive Officer (CEO),C_SUITE,EXECUTIVE,edominguez@manufacturamexican.com.mx,VERIFIED,85,+528117869448,2026-09-06T14:31:01.810088+00:00
General Commercial & Services,MANUFACTURA MEXICANA S.A.P.I. DE C.V.,manufacturamexican.com.mx,Eduardo Vega,Chief Revenue Officer (CRO),C_SUITE,SALES_MARKETING,evega@manufacturamexican.com.mx,VERIFIED,85,+528113226311,2026-09-06T14:31:01.810088+00:00
General Commercial & Services,INNOVACION INTERNACIONAL S.C.,innovacioninternac.com,Roberto Alarcón,Chief Executive Officer (CEO),C_SUITE,EXECUTIVE,ralarcón@innovacioninternac.com,VERIFIED,85,+526321012813,2026-09-06T14:31:01.810088+00:00
General Commercial & Services,INNOVACION INTERNACIONAL S.C.,innovacioninternac.com,Hector Valenzuela,Founder,FOUNDER,EXECUTIVE,hvalenzuela@innovacioninternac.com,VERIFIED,85,+529753471316,2026-09-06T14:31:01.810088+00:00
General Commercial & Services,INNOVACION INTERNACIONAL S.C.,innovacioninternac.com,Hector Alarcón,Chief Executive Officer (CEO),C_SUITE,EXECUTIVE,halarcón@innovacioninternac.com,VERIFIED,85,+524831007651,2026-09-06T14:31:01.810088+00:00
General Commercial & Services,MANUFACTURA INDUSTRIAL S. DE R.L. DE C.V.,manufacturaindustr.mx,Gabriel García,Chief Technology Officer (CTO),C_SUITE,ENGINEERING_IT,ggarcía@manufacturaindustr.mx,VERIFIED,85,+527985995358,2026-09-06T14:31:01.810088+00:00
General Commercial & Services,MANUFACTURA INDUSTRIAL 96 S. DE R.L. DE C.V.,manufacturaindustr.com,Carlos Morales,Chief Revenue Officer (CRO),C_SUITE,SALES_MARKETING,cmorales@manufacturaindustr.com,VERIFIED,85,+528694397543,2026-09-06T14:31:01.810088+00:00
General Commercial & Services,MANUFACTURA INTERNACIONAL S.C.,manufacturainterna.com.mx,Patricia Valenzuela,Founder,FOUNDER,EXECUTIVE,pvalenzuela@manufacturainterna.com.mx,VERIFIED,85,+524517924905,2026-09-06T14:31:01.810088+00:00
General Commercial & Services,MANUFACTURA INTERNACIONAL S.C.,manufacturainterna.com,Rodrigo Dominguez,Chief Executive Officer (CEO),C_SUITE,EXECUTIVE,rdominguez@manufacturainterna.com,VERIFIED,85,+526184866647,2026-09-06T14:31:01.810088+00:00
General Commercial & Services,MANUFACTURA INTERNACIONAL S.A. DE C.V.,manufacturainterna.mx,Eduardo Treviño,Chief Executive Officer (CEO),C_SUITE,EXECUTIVE,etreviño@manufacturainterna.mx,VERIFIED,85,+525918389233,2026-09-06T14:31:01.810088+00:00
General Commercial & Services,MANUFACTURA CENTRAL S.A.P.I. DE C.V.,manufacturacentral.com,Gabriel Alarcón,Chief Technology Officer (CTO),C_SUITE,ENGINEERING_IT,galarcón@manufacturacentral.com,VERIFIED,85,+525517568211,2026-09-06T14:31:01.810088+00:00
General Commercial & Services,INNOVACION GLOBAL S.A.S.,innovacionglobal.mx,Daniel Castro,Chief Executive Officer (CEO),C_SUITE,EXECUTIVE,dcastro@innovacionglobal.mx,VERIFIED,85,+529051510963,2026-09-06T14:31:01.810088+00:00
General Commercial & Services,INNOVACION INDUSTRIAL S.A. DE C.V.,innovacionindustri.mx,David Benítez,Chief Executive Officer (CEO),C_SUITE,EXECUTIVE,dbenítez@innovacionindustri.mx,VERIFIED,85,+528212234080,2026-09-06T14:31:01.810088+00:00
General Commercial & Services,INNOVACION INDUSTRIAL S.A. DE C.V.,innovacionindustri.mx,Gabriel Treviño,Chief Executive Officer (CEO),C_SUITE,EXECUTIVE,gtreviño@innovacionindustri.mx,VERIFIED,85,+524310493981,2026-09-06T14:31:01.810088+00:00
General Commercial & Services,INNOVACION INDUSTRIAL S. DE R.L. DE C.V.,innovacionindustri.com,Eduardo Navarro,Chief Revenue Officer (CRO),C_SUITE,SALES_MARKETING,enavarro@innovacionindustri.com,VERIFIED,85,+525435544066,2026-09-06T14:31:01.810088+00:00
General Commercial & Services,INNOVACION INDUSTRIAL S. DE R.L. DE C.V.,innovacionindustri.com,Fernando Salinas,Chief Revenue Officer (CRO),C_SUITE,SALES_MARKETING,fsalinas@innovacionindustri.com,VERIFIED,85,+524791022321,2026-09-06T14:31:01.810088+00:00
General Commercial & Services,MANUFACTURA MEXICANA S.A.S.,manufacturamexican.com,Mariana Hernández,Chief Operating Officer (COO),C_SUITE,OPERATIONS,mhernández@manufacturamexican.com,VERIFIED,85,+525235521518,2026-09-06T14:31:01.810088+00:00
General Commercial & Services,MANUFACTURA MEXICANA S.A.S.,manufacturamexican.com,Mariana Mendoza,Chief Human Resources Officer (CHRO),C_SUITE,HR_PEOPLE,mmendoza@manufacturamexican.com,VERIFIED,85,+529381563739,2026-09-06T14:31:01.810088+00:00
General Commercial & Services,MANUFACTURA MEXICANA S.A.P.I. DE C.V.,manufacturamexican.com.mx,Alejandro Valenzuela,Chief Financial Officer (CFO),C_SUITE,FINANCE,avalenzuela@manufacturamexican.com.mx,VERIFIED,85,+529455231483,2026-09-06T14:31:01.810088+00:00
General Commercial & Services,MANUFACTURA LATINOAMERICANA 38 S.A.B. DE C.V.,manufacturalatinoa.mx,Roberto Ruiz,Chief Revenue Officer (CRO),C_SUITE,SALES_MARKETING,rruiz@manufacturalatinoa.mx,VERIFIED,85,+529118747883,2026-09-06T14:31:01.810088+00:00
General Commercial & Services,MANUFACTURA LATINOAMERICANA 32 S.C.,manufacturalatinoa.com,Patricia Alarcón,Chief Technology Officer (CTO),C_SUITE,ENGINEERING_IT,palarcón@manufacturalatinoa.com,VERIFIED,85,+526050638678,2026-09-06T14:31:01.810088+00:00
General Commercial & Services,INDUSTRIAS NACIONAL S.A. DE C.V.,industriasnacional.mx,Luis Hernández,Chief Human Resources Officer (CHRO),C_SUITE,HR_PEOPLE,lhernández@industriasnacional.mx,VERIFIED,85,+525356824763,2026-09-06T14:31:01.810088+00:00
General Commercial & Services,INDUSTRIAS NACIONAL S. DE R.L. DE C.V.,industriasnacional.com,Eduardo López,Chief Revenue Officer (CRO),C_SUITE,SALES_MARKETING,elópez@industriasnacional.com,VERIFIED,85,+525653909771,2026-09-06T14:31:01.810088+00:00
General Commercial & Services,INDUSTRIAS GLOBAL S. DE R.L. DE C.V.,industriasglobal.com.mx,Claudia Castro,Chief Operating Officer (COO),C_SUITE,OPERATIONS,ccastro@industriasglobal.com.mx,VERIFIED,85,+525440721312,2026-09-06T14:31:01.810088+00:00
General Commercial & Services,INDUSTRIAS GLOBAL 64 S.A.B. DE C.V.,industriasglobal27.mx,Fernando Ruiz,Chief Executive Officer (CEO),C_SUITE,EXECUTIVE,fruiz@industriasglobal27.mx,VERIFIED,85,+529510201947,2026-09-06T14:31:01.810088+00:00
General Commercial & Services,INNOVACION INTEGRAL S.A.B. DE C.V.,innovacionintegral.mx,Alejandro Villaseñor,Founder,FOUNDER,EXECUTIVE,avillaseñor@innovacionintegral.mx,VERIFIED,85,+529692461152,2026-09-06T14:31:01.810088+00:00
General Commercial & Services,INNOVACION INTEGRAL S.A.B. DE C.V.,innovacionintegral.mx,Rodrigo Morales,Chief Operating Officer (COO),C_SUITE,OPERATIONS,rmorales@innovacionintegral.com.mx,VERIFIED,85,+527319264354,2026-09-06T14:31:01.810088+00:00
General Commercial & Services,INNOVACION INTEGRAL 7 S. DE R.L. DE C.V.,innovacionintegral.com,Luis González,Chief Revenue Officer (CRO),C_SUITE,SALES_MARKETING,lgonzález@innovacionintegral.com,VERIFIED,85,+524240035974,2026-09-06T14:31:01.810088+00:00
General Commercial & Services,INDUSTRIAS MODERNA 83 S.C.,industriasmoderna.com.mx,David Alarcón,Founder,FOUNDER,EXECUTIVE,dalarcón@industriasmoderna.com.mx,VERIFIED,85,+525799472436,2026-09-06T14:31:01.810088+00:00
General Commercial & Services,INDUSTRIAS MODERNA S.A. DE C.V.,industriasmoderna7.com,Patricia Castro,Chief Revenue Officer (CRO),C_SUITE,SALES_MARKETING,pcastro@industriasmoderna7.com,VERIFIED,85,+524078059461,2026-09-06T14:31:01.810088+00:00
General Commercial & Services,INDUSTRIAS MODERNA S. DE R.L. DE C.V.,industriasmoderna4.mx,Luis Mendoza,Chief Revenue Officer (CRO),C_SUITE,SALES_MARKETING,lmendoza@industriasmoderna4.mx,VERIFIED,85,+525717637440,2026-09-06T14:31:01.810088+00:00
General Commercial & Services,INDUSTRIAS MODERNA S. DE R.L. DE C.V.,industriasmoderna.mx,Fernando Salinas,Chief Executive Officer (CEO),C_SUITE,EXECUTIVE,fsalinas@industriasmoderna.mx,VERIFIED,85,+528532686677,2026-09-06T14:31:01.810088+00:00
General Commercial & Services,INDUSTRIAS CENTRAL S. DE R.L. DE C.V.,industriascentral.com,Hector Villaseñor,Chief Executive Officer (CEO),C_SUITE,EXECUTIVE,hvillaseñor@industriascentral.com,VERIFIED,85,+525728646142,2026-09-06T14:31:01.810088+00:00
General Commercial & Services,INDUSTRIAS CENTRAL S.A.P.I. DE C.V.,industriascentral.mx,Andrea Salinas,Chief Financial Officer (CFO),C_SUITE,FINANCE,asalinas@industriascentral.mx,VERIFIED,85,+526235087842,2026-09-06T14:31:01.810088+00:00
General Commercial & Services,MANUFACTURA MODERNA S. DE R.L. DE C.V.,manufacturamoderna.com.mx,Alejandro Vega,Chief Financial Officer (CFO),C_SUITE,FINANCE,avega@manufacturamoderna.com.mx,VERIFIED,85,+528539512953,2026-09-06T14:31:01.810088+00:00
General Commercial & Services,MANUFACTURA MODERNA S. DE R.L. DE C.V.,manufacturamoderna.com.mx,David Morales,Chief Technology Officer (CTO),C_SUITE,ENGINEERING_IT,dmorales@manufacturamoderna.com.mx,VERIFIED,85,+529697968097,2026-09-06T14:31:01.810088+00:00
General Commercial & Services,MANUFACTURA MODERNA S.A.P.I. DE C.V.,manufacturamoderna.com,Luis Benítez,Chief Revenue Officer (CRO),C_SUITE,SALES_MARKETING,lbenítez@manufacturamoderna.com,VERIFIED,85,+526549703244,2026-09-06T14:31:01.810088+00:00
General Commercial & Services,INNOVACION CENTRAL S.A.P.I. DE C.V.,innovacioncentral7.com.mx,Luis López,Chief Executive Officer (CEO),C_SUITE,EXECUTIVE,llópez@innovacioncentral7.com.mx,VERIFIED,85,+525653829861,2026-09-06T14:31:01.810088+00:00
General Commercial & Services,INNOVACION CENTRAL S.A. DE C.V.,innovacioncentral.com,Javier Hernández,Founder,FOUNDER,EXECUTIVE,jhernández@innovacioncentral.com,VERIFIED,85,+524722316466,2026-09-06T14:31:01.810088+00:00
General Commercial & Services,INNOVACION CENTRAL S.A. DE C.V.,innovacioncentral.com,Luis Valenzuela,Chief Revenue Officer (CRO),C_SUITE,SALES_MARKETING,lvalenzuela@innovacioncentral.com,VERIFIED,85,+525855840851,2026-09-06T14:31:01.810088+00:00
General Commercial & Services,MANUFACTURA GLOBAL S.A.P.I. DE C.V.,manufacturaglobal.mx,Sofia Salinas,Chief Financial Officer (CFO),C_SUITE,FINANCE,ssalinas@manufacturaglobal.mx,VERIFIED,85,+527655792389,2026-09-06T14:31:01.810088+00:00
General Commercial & Services,MANUFACTURA GLOBAL S.A.P.I. DE C.V.,manufacturaglobal.mx,Rodrigo Valenzuela,Chief Financial Officer (CFO),C_SUITE,FINANCE,rvalenzuela@manufacturaglobal.mx,VERIFIED,85,+524524223220,2026-09-06T14:31:01.810088+00:00
General Commercial & Services,MANUFACTURA GLOBAL S.A. DE C.V.,manufacturaglobal8.mx,Adriana Castro,Chief Technology Officer (CTO),C_SUITE,ENGINEERING_IT,acastro@manufacturaglobal8.mx,VERIFIED,85,+528424449870,2026-09-06T14:31:01.810088+00:00
General Commercial & Services,INDUSTRIAS AVANZADA S.A. DE C.V.,industriasavanzada.com.mx,Daniel Castro,Chief Financial Officer (CFO),C_SUITE,FINANCE,dcastro@industriasavanzada.com.mx,VERIFIED,85,+526786027523,2026-09-06T14:31:01.822064+00:00
General Commercial & Services,INDUSTRIAS AVANZADA S.A. DE C.V.,industriasavanzada.com.mx,Eduardo López,Chief Executive Officer (CEO),C_SUITE,EXECUTIVE,elópez@industriasavanzada.com.mx,VERIFIED,85,+524310948317,2026-09-06T14:31:01.822064+00:00
General Commercial & Services,INDUSTRIAS AVANZADA 18 S.A. DE C.V.,industriasavanzada.mx,Javier Dominguez,Chief Revenue Officer (CRO),C_SUITE,SALES_MARKETING,jdominguez@industriasavanzada.mx,VERIFIED,85,+525038877813,2026-09-06T14:31:01.822064+00:00
General Commercial & Services,INDUSTRIAS AVANZADA S.A.S.,industriasavanzada.com,Carlos Alarcón,Chief Human Resources Officer (CHRO),C_SUITE,HR_PEOPLE,calarcón@industriasavanzada.com,VERIFIED,85,+529936147819,2026-09-06T14:31:01.822064+00:00
General Commercial & Services,MANUFACTURA INTERNACIONAL S.A.B. DE C.V.,manufacturainterna.mx,Gabriel Dominguez,Chief Operating Officer (COO),C_SUITE,OPERATIONS,gdominguez@manufacturainterna.mx,VERIFIED,85,+525568299477,2026-09-06T14:31:01.822064+00:00
General Commercial & Services,MANUFACTURA INTERNACIONAL S.A.B. DE C.V.,manufacturainterna.mx,Adriana Valenzuela,Chief Technology Officer (CTO),C_SUITE,ENGINEERING_IT,avalenzuela@manufacturainterna.mx,VERIFIED,85,+525559042865,2026-09-06T14:31:01.822064+00:00
General Commercial & Services,MANUFACTURA INTERNACIONAL S.A. DE C.V.,manufacturainterna.com,Alejandro Martínez,Chief Executive Officer (CEO),C_SUITE,EXECUTIVE,amartínez@manufacturainterna.com,VERIFIED,85,+525594298160,2026-09-06T14:31:01.822064+00:00
General Commercial & Services,INDUSTRIAS INTEGRAL S.A.B. DE C.V.,industriasintegral.mx,Miguel González,Chief Operating Officer (COO),C_SUITE,OPERATIONS,mgonzález@industriasintegral.mx,VERIFIED,85,+527846030892,2026-09-06T14:31:01.822064+00:00
General Commercial & Services,INDUSTRIAS EMPRESARIAL S.A.B. DE C.V.,industriasempresar.com.mx,Jorge López,Founder,FOUNDER,EXECUTIVE,jlópez@industriasempresar.com.mx,VERIFIED,85,+526886497398,2026-09-06T14:31:01.822064+00:00
General Commercial & Services,INDUSTRIAS EMPRESARIAL S.C.,industriasempresar.mx,Claudia Navarro,Chief Financial Officer (CFO),C_SUITE,FINANCE,cnavarro@industriasempresar.mx,VERIFIED,85,+524331656398,2026-09-06T14:31:01.822064+00:00
General Commercial & Services,MANUFACTURA GLOBAL 8 S.C.,manufacturaglobal.com.mx,Roberto Garza,Chief Operating Officer (COO),C_SUITE,OPERATIONS,rgarza@manufacturaglobal.com.mx,VERIFIED,85,+529363915123,2026-09-06T14:31:01.822064+00:00
General Commercial & Services,MANUFACTURA GLOBAL S.A.P.I. DE C.V.,manufacturaglobal1.com.mx,Claudia López,Chief Operating Officer (COO),C_SUITE,OPERATIONS,clópez@manufacturaglobal1.com.mx,VERIFIED,85,+526535555058,2026-09-06T14:31:01.822064+00:00
General Commercial & Services,MANUFACTURA GLOBAL S.A.P.I. DE C.V.,manufacturaglobal1.com.mx,Miguel Treviño,Chief Financial Officer (CFO),C_SUITE,FINANCE,mtreviño@manufacturaglobal1.com.mx,VERIFIED,85,+528367020584,2026-09-06T14:31:01.822064+00:00
General Commercial & Services,INNOVACION INDUSTRIAL S.A.B. DE C.V.,innovacionindustri.com,Adriana Vega,Chief Technology Officer (CTO),C_SUITE,ENGINEERING_IT,avega@innovacionindustri.com,VERIFIED,85,+527619361354,2026-09-06T14:31:01.826307+00:00
General Commercial & Services,INNOVACION INDUSTRIAL S.A.B. DE C.V.,innovacionindustri.com,Mariana Vega,Chief Financial Officer (CFO),C_SUITE,FINANCE,mvega@innovacionindustri.com,VERIFIED,85,+526116339841,2026-09-06T14:31:01.826307+00:00
General Commercial & Services,INNOVACION INDUSTRIAL S.A.B. DE C.V.,innovacionindustri.com,Andrea Hernández,Founder,FOUNDER,EXECUTIVE,ahernández@innovacionindustri.com,VERIFIED,85,+528644566949,2026-09-06T14:31:01.826307+00:00
General Commercial & Services,INNOVACION INDUSTRIAL S.A.B. DE C.V.,innovacionindustri.com,Adriana Hernández,Chief Financial Officer (CFO),C_SUITE,FINANCE,ahernández@innovacionindustri.com,VERIFIED,85,+525933678632,2026-09-06T14:31:01.826307+00:00
General Commercial & Services,INNOVACION INDUSTRIAL S.A.S.,innovacionindustri.mx,Carlos Navarro,Chief Technology Officer (CTO),C_SUITE,ENGINEERING_IT,cnavarro@innovacionindustri.mx,VERIFIED,85,+525389736992,2026-09-06T14:31:01.826307+00:00
General Commercial & Services,INNOVACION INDUSTRIAL S.A.P.I. DE C.V.,innovacionindustri.com.mx,Sofia Castro,Chief Technology Officer (CTO),C_SUITE,ENGINEERING_IT,scastro@innovacionindustri.com.mx,VERIFIED,85,+525091892030,2026-09-06T14:31:01.826307+00:00
General Commercial & Services,INNOVACION INDUSTRIAL S.A.P.I. DE C.V.,innovacionindustri.com.mx,Alejandro Valenzuela,Chief Financial Officer (CFO),C_SUITE,FINANCE,avalenzuela@innovacionindustri.com.mx,VERIFIED,85,+527934096423,2026-09-06T14:31:01.826307+00:00
General Commercial & Services,INDUSTRIAS NACIONAL S.A.B. DE C.V.,industriasnacional.mx,Javier Martínez,Chief Human Resources Officer (CHRO),C_SUITE,HR_PEOPLE,jmartínez@industriasnacional.mx,VERIFIED,85,+524794221288,2026-09-06T14:31:01.826307+00:00
General Commercial & Services,INDUSTRIAS NACIONAL 50 S.A.P.I. DE C.V.,industriasnacional.com.mx,Rodrigo Treviño,Chief Revenue Officer (CRO),C_SUITE,SALES_MARKETING,rtreviño@industriasnacional.com.mx,VERIFIED,85,+527644276484,2026-09-06T14:31:01.826307+00:00
General Commercial & Services,MANUFACTURA INTERNACIONAL S.C.,manufacturainterna.com,Mariana González,Chief Technology Officer (CTO),C_SUITE,ENGINEERING_IT,mgonzález@manufacturainterna.com,VERIFIED,85,+526689165789,2026-09-06T14:31:01.826307+00:00
General Commercial & Services,MANUFACTURA INTERNACIONAL S.C.,manufacturainterna.com,Claudia Dominguez,Chief Executive Officer (CEO),C_SUITE,EXECUTIVE,cdominguez@manufacturainterna.com,VERIFIED,85,+524386645552,2026-09-06T14:31:01.826307+00:00
General Commercial & Services,MANUFACTURA INTERNACIONAL S.A.B. DE C.V.,manufacturainterna.com.mx,Gabriel Martínez,Chief Executive Officer (CEO),C_SUITE,EXECUTIVE,gmartínez@manufacturainterna.com.mx,VERIFIED,85,+529149219050,2026-09-06T14:31:01.826307+00:00
General Commercial & Services,MANUFACTURA INTERNACIONAL S.A.B. DE C.V.,manufacturainterna.com.mx,Daniel Hernández,Founder,FOUNDER,EXECUTIVE,dhernández@manufacturainterna.com.mx,VERIFIED,85,+524882367505,2026-09-06T14:31:01.826307+00:00
General Commercial & Services,MANUFACTURA INTERNACIONAL S.A.S.,manufacturainterna.mx,Daniel Alarcón,Chief Executive Officer (CEO),C_SUITE,EXECUTIVE,dalarcón@manufacturainterna.mx,VERIFIED,85,+529463139176,2026-09-06T14:31:01.826307+00:00
General Commercial & Services,INDUSTRIAS DINAMICA S.A. DE C.V.,industriasdinamica.com,Eduardo Valenzuela,Founder,FOUNDER,EXECUTIVE,evalenzuela@industriasdinamica.com,VERIFIED,85,+529185732679,2026-09-06T14:31:01.826307+00:00
General Commercial & Services,INDUSTRIAS DINAMICA 81 S.A.S.,industriasdinamica.com.mx,Jorge Ruiz,Chief Technology Officer (CTO),C_SUITE,ENGINEERING_IT,jruiz@industriasdinamica.com.mx,VERIFIED,85,+527791115600,2026-09-06T14:31:01.826307+00:00
General Commercial & Services,INDUSTRIAS DINAMICA S.A.S.,industriasdinamica.mx,Miguel Morales,Chief Human Resources Officer (CHRO),C_SUITE,HR_PEOPLE,mmorales@industriasdinamica.mx,VERIFIED,85,+526199062199,2026-09-06T14:31:01.826307+00:00
General Commercial & Services,INDUSTRIAS DINAMICA S.A.S.,industriasdinamica.mx,Miguel Navarro,Chief Financial Officer (CFO),C_SUITE,FINANCE,mnavarro@industriasdinamica.mx,VERIFIED,85,+525583735532,2026-09-06T14:31:01.826307+00:00
General Commercial & Services,MANUFACTURA DINAMICA S.A. DE C.V.,manufacturadinamic.mx,Eduardo Garza,Founder,FOUNDER,EXECUTIVE,egarza@manufacturadinamic.mx,VERIFIED,85,+525579277609,2026-09-06T14:31:01.826307+00:00
General Commercial & Services,MANUFACTURA DINAMICA S. DE R.L. DE C.V.,manufacturadinamic.com.mx,Roberto García,Chief Operating Officer (COO),C_SUITE,OPERATIONS,rgarcía@manufacturadinamic.com.mx,VERIFIED,85,+525580833470,2026-09-06T14:31:01.826307+00:00
General Commercial & Services,MANUFACTURA DINAMICA S. DE R.L. DE C.V.,manufacturadinamic.com.mx,Guillermo González,Chief Technology Officer (CTO),C_SUITE,ENGINEERING_IT,ggonzález@manufacturadinamic.com.mx,VERIFIED,85,+525540262466,2026-09-06T14:31:01.826307+00:00
General Commercial & Services,MANUFACTURA ESPECIALIZADA S.A.B. DE C.V.,manufacturaespecia.com,Luis González,Chief Executive Officer (CEO),C_SUITE,EXECUTIVE,lgonzález@manufacturaespecia.com,VERIFIED,85,+529380351506,2026-09-06T14:31:01.826307+00:00
General Commercial & Services,MANUFACTURA ESPECIALIZADA S. DE R.L. DE C.V.,manufacturaespecia.mx,Miguel Ruiz,Chief Operating Officer (COO),C_SUITE,OPERATIONS,mruiz@manufacturaespecia.mx,VERIFIED,85,+527622241216,2026-09-06T14:31:01.826307+00:00
General Commercial & Services,MANUFACTURA CENTRAL S.A. DE C.V.,manufacturacentral.mx,Miguel López,Chief Executive Officer (CEO),C_SUITE,EXECUTIVE,mlópez@manufacturacentral.mx,VERIFIED,85,+523344896404,2026-09-06T14:31:01.826307+00:00
General Commercial & Services,MANUFACTURA CENTRAL S.A. DE C.V.,manufacturacentral.mx,Sofia Castro,Founder,FOUNDER,EXECUTIVE,scastro@manufacturacentral.com.mx,VERIFIED,85,+523345382306,2026-09-06T14:31:01.826307+00:00
General Commercial & Services,MANUFACTURA CENTRAL S.C.,manufacturacentral.com.mx,Claudia Navarro,Chief Operating Officer (COO),C_SUITE,OPERATIONS,cnavarro@manufacturacentral.com.mx,VERIFIED,85,+523335779645,2026-09-06T14:31:01.826307+00:00
General Commercial & Services,MANUFACTURA CENTRAL S. DE R.L. DE C.V.,manufacturacentral.mx,Adriana Ruiz,Chief Executive Officer (CEO),C_SUITE,EXECUTIVE,aruiz@manufacturacentral.mx,VERIFIED,85,+528153969883,2026-09-06T14:31:01.826307+00:00
General Commercial & Services,MANUFACTURA CENTRAL S.A. DE C.V.,manufacturacentral.com.mx,Andrea Salinas,Chief Financial Officer (CFO),C_SUITE,FINANCE,asalinas@manufacturacentral.com.mx,VERIFIED,85,+528143612450,2026-09-06T14:31:01.826307+00:00
General Commercial & Services,INDUSTRIAS NACIONAL 12 S.A.P.I. DE C.V.,industriasnacional.com,Jorge García,Chief Technology Officer (CTO),C_SUITE,ENGINEERING_IT,jgarcía@industriasnacional.com,VERIFIED,85,+529221094829,2026-09-06T14:31:01.826307+00:00
General Commercial & Services,INNOVACION MODERNA S.A.S.,innovacionmoderna.com.mx,Sofia García,Chief Human Resources Officer (CHRO),C_SUITE,HR_PEOPLE,sgarcía@innovacionmoderna.com.mx,VERIFIED,85,+526597975452,2026-09-06T14:31:01.826307+00:00
General Commercial & Services,INNOVACION MODERNA S.C.,innovacionmoderna.com,Fernando Salinas,Chief Revenue Officer (CRO),C_SUITE,SALES_MARKETING,fsalinas@innovacionmoderna.com,VERIFIED,85,+526683327445,2026-09-06T14:31:01.826307+00:00
General Commercial & Services,INNOVACION MODERNA S.A.S.,innovacionmoderna2.mx,Eduardo Alarcón,Chief Financial Officer (CFO),C_SUITE,FINANCE,ealarcón@innovacionmoderna2.mx,VERIFIED,85,+529393106260,2026-09-06T14:31:01.826307+00:00
General Commercial & Services,INDUSTRIAS CENTRAL S.C.,industriascentral.mx,Eduardo Vega,Chief Human Resources Officer (CHRO),C_SUITE,HR_PEOPLE,evega@industriascentral.mx,VERIFIED,85,+526164195402,2026-09-06T14:31:01.826307+00:00
General Commercial & Services,INDUSTRIAS CENTRAL S.A.S.,industriascentral.com.mx,Mariana Ruiz,Founder,FOUNDER,EXECUTIVE,mruiz@industriascentral.com.mx,VERIFIED,85,+527125408976,2026-09-06T14:31:01.826307+00:00
General Commercial & Services,INDUSTRIAS INTERNACIONAL 11 S.C.,industriasinternac.com.mx,Rodrigo Villaseñor,Chief Executive Officer (CEO),C_SUITE,EXECUTIVE,rvillaseñor@industriasinternac.com.mx,VERIFIED,85,+525573626465,2026-09-06T14:31:01.826307+00:00
General Commercial & Services,INDUSTRIAS INTERNACIONAL 11 S.C.,industriasinternac.com.mx,Guillermo Villaseñor,Chief Financial Officer (CFO),C_SUITE,FINANCE,gvillaseñor@industriasinternac.com.mx,VERIFIED,85,+525584089411,2026-09-06T14:31:01.826307+00:00
General Commercial & Services,INDUSTRIAS INTERNACIONAL 71 S.A.P.I. DE C.V.,industriasinternac.com,Eduardo Benítez,Founder,FOUNDER,EXECUTIVE,ebenítez@industriasinternac.com,VERIFIED,85,+525589504776,2026-09-06T14:31:01.826307+00:00
General Commercial & Services,MANUFACTURA CENTRAL S. DE R.L. DE C.V.,manufacturacentral.com.mx,Eduardo Vega,Chief Revenue Officer (CRO),C_SUITE,SALES_MARKETING,evega@manufacturacentral.com.mx,VERIFIED,85,+527926742145,2026-09-06T14:31:01.832945+00:00
General Commercial & Services,MANUFACTURA CENTRAL S. DE R.L. DE C.V.,manufacturacentral.com.mx,Sofia Villaseñor,Chief Human Resources Officer (CHRO),C_SUITE,HR_PEOPLE,svillaseñor@manufacturacentral.com.mx,VERIFIED,85,+524317075058,2026-09-06T14:31:01.832945+00:00
General Commercial & Services,MANUFACTURA CENTRAL S.A. DE C.V.,manufacturacentral.mx,David Valenzuela,Chief Executive Officer (CEO),C_SUITE,EXECUTIVE,dvalenzuela@manufacturacentral.mx,VERIFIED,85,+526582917046,2026-09-06T14:31:01.832945+00:00
General Commercial & Services,MANUFACTURA CENTRAL S.A. DE C.V.,manufacturacentral.mx,Luis Villaseñor,Chief Executive Officer (CEO),C_SUITE,EXECUTIVE,lvillaseñor@manufacturacentral.mx,VERIFIED,85,+529757823698,2026-09-06T14:31:01.832945+00:00
General Commercial & Services,INNOVACION DE LAS AMERICAS S.A. DE C.V.,innovaciondelasame.mx,Andrea Morales,Chief Executive Officer (CEO),C_SUITE,EXECUTIVE,amorales@innovaciondelasame.mx,VERIFIED,85,+528189615409,2026-09-06T14:31:01.832945+00:00
General Commercial & Services,INNOVACION DE LAS AMERICAS S.A. DE C.V.,innovaciondelasame.mx,Fernando Salinas,Chief Executive Officer (CEO),C_SUITE,EXECUTIVE,fsalinas@innovaciondelasame.mx,VERIFIED,85,+528186033924,2026-09-06T14:31:01.832945+00:00
General Commercial & Services,INNOVACION DE OCCIDENTE S.A.P.I. DE C.V.,innovaciondeoccide.com,Daniel Martínez,Chief Human Resources Officer (CHRO),C_SUITE,HR_PEOPLE,dmartínez@innovaciondeoccide.com,VERIFIED,85,+528160886483,2026-09-06T14:31:01.832945+00:00
General Commercial & Services,INNOVACION DE OCCIDENTE S.A.P.I. DE C.V.,innovaciondeoccide.com,Patricia Ruiz,Chief Human Resources Officer (CHRO),C_SUITE,HR_PEOPLE,pruiz@innovaciondeoccide.com,VERIFIED,85,+528134397284,2026-09-06T14:31:01.832945+00:00
General Commercial & Services,INNOVACION DE OCCIDENTE S.A.P.I. DE C.V.,innovaciondeoccide.com,Jorge Valenzuela,Chief Technology Officer (CTO),C_SUITE,ENGINEERING_IT,jvalenzuela@innovaciondeoccide.com,VERIFIED,85,+528198801134,2026-09-06T14:31:01.832945+00:00
General Commercial & Services,INNOVACION DE OCCIDENTE S. DE R.L. DE C.V.,innovaciondeoccide.com.mx,Hector Ruiz,Chief Executive Officer (CEO),C_SUITE,EXECUTIVE,hruiz@innovaciondeoccide.com.mx,VERIFIED,85,+528112635850,2026-09-06T14:31:01.832945+00:00
General Commercial & Services,INNOVACION DE OCCIDENTE S. DE R.L. DE C.V.,innovaciondeoccide.com.mx,Guillermo Salinas,Founder,FOUNDER,EXECUTIVE,gsalinas@innovaciondeoccide.com.mx,VERIFIED,85,+528167009896,2026-09-06T14:31:01.832945+00:00
General Commercial & Services,INNOVACION DE OCCIDENTE S.A.B. DE C.V.,innovaciondeoccide.mx,Gabriel Garza,Chief Executive Officer (CEO),C_SUITE,EXECUTIVE,ggarza@innovaciondeoccide.mx,VERIFIED,85,+528186989683,2026-09-06T14:31:01.832945+00:00
General Commercial & Services,INNOVACION DE LAS AMERICAS 43 S.A.P.I. DE C.V.,innovaciondelasame.com,Hector López,Chief Financial Officer (CFO),C_SUITE,FINANCE,hlópez@innovaciondelasame.com,VERIFIED,85,+528130130392,2026-09-06T14:31:01.832945+00:00
General Commercial & Services,MANUFACTURA ESPECIALIZADA S. DE R.L. DE C.V.,manufacturaespecia.com.mx,Gabriel Martínez,Chief Financial Officer (CFO),C_SUITE,FINANCE,gmartínez@manufacturaespecia.com.mx,VERIFIED,85,+529213537693,2026-09-06T14:31:01.832945+00:00
General Commercial & Services,MANUFACTURA ESPECIALIZADA S. DE R.L. DE C.V.,manufacturaespecia.com,Rodrigo Benítez,Chief Executive Officer (CEO),C_SUITE,EXECUTIVE,rbenítez@manufacturaespecia.com,VERIFIED,85,+527842896298,2026-09-06T14:31:01.832945+00:00
General Commercial & Services,INNOVACION AVANZADA S.C.,innovacionavanzada.com,Hector Martínez,Chief Revenue Officer (CRO),C_SUITE,SALES_MARKETING,hmartínez@innovacionavanzada.com,VERIFIED,85,+525720610366,2026-09-06T14:31:01.832945+00:00
General Commercial & Services,INNOVACION AVANZADA S.C.,innovacionavanzada.com,Jorge Valenzuela,Chief Human Resources Officer (CHRO),C_SUITE,HR_PEOPLE,jvalenzuela@innovacionavanzada.com,VERIFIED,85,+527794096321,2026-09-06T14:31:01.832945+00:00
General Commercial & Services,INNOVACION AVANZADA S.C.,innovacionavanzada.com,Daniel Mendoza,Chief Executive Officer (CEO),C_SUITE,EXECUTIVE,dmendoza@innovacionavanzada.com,VERIFIED,85,+527423772096,2026-09-06T14:31:01.832945+00:00
General Commercial & Services,INNOVACION AVANZADA S.C.,innovacionavanzada.mx,Carlos Mendoza,Chief Executive Officer (CEO),C_SUITE,EXECUTIVE,cmendoza@innovacionavanzada.mx,VERIFIED,85,+529096175874,2026-09-06T14:31:01.832945+00:00
General Commercial & Services,INNOVACION AVANZADA S.C.,innovacionavanzada.mx,Andrea López,Chief Executive Officer (CEO),C_SUITE,EXECUTIVE,alópez@innovacionavanzada.mx,VERIFIED,85,+525276087622,2026-09-06T14:31:01.832945+00:00
General Commercial & Services,MANUFACTURA GLOBAL S.A. DE C.V.,manufacturaglobal.mx,Claudia Mendoza,Founder,FOUNDER,EXECUTIVE,cmendoza@manufacturaglobal.mx,VERIFIED,85,+527667925970,2026-09-06T14:31:01.832945+00:00
General Commercial & Services,MANUFACTURA GLOBAL S.A. DE C.V.,manufacturaglobal.mx,Rodrigo Salinas,Chief Financial Officer (CFO),C_SUITE,FINANCE,rsalinas@manufacturaglobal.mx,VERIFIED,85,+524649619921,2026-09-06T14:31:01.832945+00:00
General Commercial & Services,INNOVACION GLOBAL S.A.S.,innovacionglobal85.com.mx,David Ruiz,Founder,FOUNDER,EXECUTIVE,druiz@innovacionglobal85.com.mx,VERIFIED,85,+528145067231,2026-09-06T14:31:01.832945+00:00
General Commercial & Services,INNOVACION GLOBAL S.A.S.,innovacionglobal.com.mx,Eduardo González,Chief Revenue Officer (CRO),C_SUITE,SALES_MARKETING,egonzález@innovacionglobal.com.mx,VERIFIED,85,+528136407642,2026-09-06T14:31:01.832945+00:00
General Commercial & Services,INNOVACION CENTRAL S. DE R.L. DE C.V.,innovacioncentral.com.mx,Eduardo González,Chief Financial Officer (CFO),C_SUITE,FINANCE,egonzález@innovacioncentral.com.mx,VERIFIED,85,+529812586927,2026-09-06T14:31:01.832945+00:00
General Commercial & Services,INNOVACION CENTRAL S.A.S.,innovacioncentral.mx,Patricia Martínez,Chief Operating Officer (COO),C_SUITE,OPERATIONS,pmartínez@innovacioncentral.mx,VERIFIED,85,+529434960803,2026-09-06T14:31:01.832945+00:00
General Commercial & Services,INDUSTRIAS INDUSTRIAL S.A.P.I. DE C.V.,industriasindustri.mx,Guillermo Navarro,Chief Executive Officer (CEO),C_SUITE,EXECUTIVE,gnavarro@industriasindustri.mx,VERIFIED,85,+528094730423,2026-09-06T14:31:01.832945+00:00
General Commercial & Services,INDUSTRIAS INDUSTRIAL S.A.P.I. DE C.V.,industriasindustri.mx,Alejandro Vega,Chief Technology Officer (CTO),C_SUITE,ENGINEERING_IT,avega@industriasindustri.mx,VERIFIED,85,+529620168986,2026-09-06T14:31:01.832945+00:00
General Commercial & Services,INDUSTRIAS INDUSTRIAL S.C.,industriasindustri.com,Carlos Navarro,Chief Executive Officer (CEO),C_SUITE,EXECUTIVE,cnavarro@industriasindustri.com,VERIFIED,85,+528762502323,2026-09-06T14:31:01.832945+00:00
General Commercial & Services,INDUSTRIAS INDUSTRIAL S. DE R.L. DE C.V.,industriasindustri.com.mx,David Villaseñor,Chief Financial Officer (CFO),C_SUITE,FINANCE,dvillaseñor@industriasindustri.com.mx,VERIFIED,85,+524959283097,2026-09-06T14:31:01.832945+00:00
General Commercial & Services,MANUFACTURA INDUSTRIAL 35 S.A.B. DE C.V.,manufacturaindustr.mx,Carlos Dominguez,Chief Executive Officer (CEO),C_SUITE,EXECUTIVE,cdominguez@manufacturaindustr.mx,VERIFIED,85,+529694495404,2026-09-06T14:31:01.832945+00:00
General Commercial & Services,MANUFACTURA LATINOAMERICANA S. DE R.L. DE C.V.,manufacturalatinoa.com,Fernando Navarro,Chief Financial Officer (CFO),C_SUITE,FINANCE,fnavarro@manufacturalatinoa.com,VERIFIED,85,+529720855079,2026-09-06T14:31:01.832945+00:00
General Commercial & Services,MANUFACTURA LATINOAMERICANA S.A.S.,manufacturalatinoa.com.mx,Alejandro Alarcón,Chief Operating Officer (COO),C_SUITE,OPERATIONS,aalarcón@manufacturalatinoa.com.mx,VERIFIED,85,+525456557900,2026-09-06T14:31:01.832945+00:00
General Commercial & Services,MANUFACTURA LATINOAMERICANA S.A.S.,manufacturalatinoa.com.mx,Mariana Mendoza,Founder,FOUNDER,EXECUTIVE,mmendoza@manufacturalatinoa.com.mx,VERIFIED,85,+524515912695,2026-09-06T14:31:01.832945+00:00
General Commercial & Services,MANUFACTURA LATINOAMERICANA S.A.S.,manufacturalatinoa.com.mx,Luis Martínez,Chief Executive Officer (CEO),C_SUITE,EXECUTIVE,lmartínez@manufacturalatinoa.com.mx,VERIFIED,85,+529611176608,2026-09-06T14:31:01.832945+00:00
General Commercial & Services,MANUFACTURA LATINOAMERICANA S.A.S.,manufacturalatinoa.mx,Alejandro Villaseñor,Chief Operating Officer (COO),C_SUITE,OPERATIONS,avillaseñor@manufacturalatinoa.mx,VERIFIED,85,+526649565453,2026-09-06T14:31:01.832945+00:00
General Commercial & Services,MANUFACTURA MODERNA S.A.S.,manufacturamoderna.com.mx,Adriana Castro,Founder,FOUNDER,EXECUTIVE,acastro@manufacturamoderna.com.mx,VERIFIED,85,+527313940109,2026-09-06T14:31:01.832945+00:00
General Commercial & Services,INDUSTRIAS ESPECIALIZADA S.C.,industriasespecial.mx,Claudia Salinas,Chief Technology Officer (CTO),C_SUITE,ENGINEERING_IT,csalinas@industriasespecial.mx,VERIFIED,85,+523378049773,2026-09-06T14:31:01.832945+00:00
General Commercial & Services,INDUSTRIAS ESPECIALIZADA S.A.B. DE C.V.,industriasespecial.com,Hector Valenzuela,Chief Revenue Officer (CRO),C_SUITE,SALES_MARKETING,hvalenzuela@industriasespecial.com,VERIFIED,85,+523354675072,2026-09-06T14:31:01.832945+00:00
General Commercial & Services,MANUFACTURA GLOBAL S.A. DE C.V.,manufacturaglobal.com.mx,Gabriel García,Chief Financial Officer (CFO),C_SUITE,FINANCE,ggarcía@manufacturaglobal.com.mx,VERIFIED,85,+528185366011,2026-09-06T14:31:01.832945+00:00
General Commercial & Services,MANUFACTURA GLOBAL S.A. DE C.V.,manufacturaglobal.com.mx,Carlos Castro,Chief Executive Officer (CEO),C_SUITE,EXECUTIVE,ccastro@manufacturaglobal.com.mx,VERIFIED,85,+528196978913,2026-09-06T14:31:01.832945+00:00
General Commercial & Services,MANUFACTURA GLOBAL S.C.,manufacturaglobal.com,Patricia Navarro,Chief Executive Officer (CEO),C_SUITE,EXECUTIVE,pnavarro@manufacturaglobal.com,VERIFIED,85,+528170305843,2026-09-06T14:31:01.832945+00:00
General Commercial & Services,MANUFACTURA GLOBAL S.A.B. DE C.V.,manufacturaglobal9.mx,Daniel Ruiz,Chief Executive Officer (CEO),C_SUITE,EXECUTIVE,druiz@manufacturaglobal9.mx,VERIFIED,85,+528193464280,2026-09-06T14:31:01.832945+00:00
General Commercial & Services,INDUSTRIAS ESPECIALIZADA S.A.S.,industriasespecial.mx,Rodrigo Salinas,Chief Financial Officer (CFO),C_SUITE,FINANCE,rsalinas@industriasespecial.mx,VERIFIED,85,+525518016671,2026-09-06T14:31:01.832945+00:00
General Commercial & Services,INDUSTRIAS ESPECIALIZADA S.A.S.,industriasespecial.mx,Miguel Dominguez,Chief Financial Officer (CFO),C_SUITE,FINANCE,mdominguez@industriasespecial.mx,VERIFIED,85,+525546201139,2026-09-06T14:31:01.832945+00:00
General Commercial & Services,INDUSTRIAS EMPRESARIAL S.C.,industriasempresar.com.mx,Claudia Dominguez,Chief Executive Officer (CEO),C_SUITE,EXECUTIVE,cdominguez@industriasempresar.com.mx,VERIFIED,85,+526256064977,2026-09-06T14:31:01.832945+00:00
General Commercial & Services,INDUSTRIAS EMPRESARIAL S.C.,industriasempresar.com.mx,Gabriel Salinas,Chief Executive Officer (CEO),C_SUITE,EXECUTIVE,gsalinas@industriasempresar.com.mx,VERIFIED,85,+528843420076,2026-09-06T14:31:01.832945+00:00
General Commercial & Services,INDUSTRIAS EMPRESARIAL S.C.,industriasempresar.com.mx,Adriana Benítez,Chief Financial Officer (CFO),C_SUITE,FINANCE,abenítez@industriasempresar.com.mx,VERIFIED,85,+528518990548,2026-09-06T14:31:01.832945+00:00
General Commercial & Services,MANUFACTURA CENTRAL S. DE R.L. DE C.V.,manufacturacentral.com,Javier Dominguez,Founder,FOUNDER,EXECUTIVE,jdominguez@manufacturacentral.com,VERIFIED,85,+524172187249,2026-09-06T14:31:01.832945+00:00
General Commercial & Services,MANUFACTURA CENTRAL S. DE R.L. DE C.V.,manufacturacentral.com,Sofia Treviño,Chief Operating Officer (COO),C_SUITE,OPERATIONS,streviño@manufacturacentral.mx,VERIFIED,85,+526151858444,2026-09-06T14:31:01.832945+00:00
General Commercial & Services,MANUFACTURA CENTRAL S. DE R.L. DE C.V.,manufacturacentral.com,Alejandro Salinas,Chief Executive Officer (CEO),C_SUITE,EXECUTIVE,asalinas@manufacturacentral.com,VERIFIED,85,+528312184492,2026-09-06T14:31:01.832945+00:00
General Commercial & Services,MANUFACTURA NACIONAL S.A. DE C.V.,manufacturanaciona.com,David Valenzuela,Chief Financial Officer (CFO),C_SUITE,FINANCE,dvalenzuela@manufacturanaciona.com,VERIFIED,85,+526689745939,2026-09-06T14:31:01.832945+00:00
General Commercial & Services,MANUFACTURA NACIONAL S.A.P.I. DE C.V.,manufacturanaciona.mx,Fernando Villaseñor,Chief Executive Officer (CEO),C_SUITE,EXECUTIVE,fvillaseñor@manufacturanaciona.mx,VERIFIED,85,+526544313360,2026-09-06T14:31:01.832945+00:00
General Commercial & Services,MANUFACTURA DINAMICA 95 S.A.P.I. DE C.V.,manufacturadinamic.com,Sofia Benítez,Chief Technology Officer (CTO),C_SUITE,ENGINEERING_IT,sbenítez@manufacturadinamic.com,VERIFIED,85,+529452710133,2026-09-06T14:31:01.832945+00:00
General Commercial & Services,MANUFACTURA DINAMICA 95 S.A.P.I. DE C.V.,manufacturadinamic.com,Miguel Martínez,Chief Executive Officer (CEO),C_SUITE,EXECUTIVE,mmartínez@manufacturadinamic.com,VERIFIED,85,+528228231315,2026-09-06T14:31:01.832945+00:00
General Commercial & Services,INDUSTRIAS INDUSTRIAL S.A.S.,industriasindustri.mx,Mariana Martínez,Chief Financial Officer (CFO),C_SUITE,FINANCE,mmartínez@industriasindustri.mx,VERIFIED,85,+528179089197,2026-09-06T14:31:01.832945+00:00
General Commercial & Services,INDUSTRIAS INDUSTRIAL S.A.S.,industriasindustri.mx,Fernando Valenzuela,Chief Revenue Officer (CRO),C_SUITE,SALES_MARKETING,fvalenzuela@industriasindustri.mx,VERIFIED,85,+528183217057,2026-09-06T14:31:01.832945+00:00
General Commercial & Services,INNOVACION INDUSTRIAL S.A.P.I. DE C.V.,innovacionindustri.com.mx,Roberto Ruiz,Chief Executive Officer (CEO),C_SUITE,EXECUTIVE,rruiz@innovacionindustri.com.mx,VERIFIED,85,+526539918498,2026-09-06T14:31:01.832945+00:00
General Commercial & Services,INNOVACION DINAMICA S.A.P.I. DE C.V.,innovaciondinamica.com.mx,Patricia Ruiz,Founder,FOUNDER,EXECUTIVE,pruiz@innovaciondinamica.com.mx,VERIFIED,85,+523360931069,2026-09-06T14:31:01.832945+00:00
General Commercial & Services,INNOVACION DINAMICA S.A.P.I. DE C.V.,innovaciondinamica.com.mx,Gabriel García,Chief Operating Officer (COO),C_SUITE,OPERATIONS,ggarcía@innovaciondinamica.com,VERIFIED,85,+523313105568,2026-09-06T14:31:01.832945+00:00
General Commercial & Services,MANUFACTURA NACIONAL 84 S. DE R.L. DE C.V.,manufacturanaciona.mx,Sofia Mendoza,Chief Financial Officer (CFO),C_SUITE,FINANCE,smendoza@manufacturanaciona.mx,VERIFIED,85,+527790977725,2026-09-06T14:31:01.838085+00:00
General Commercial & Services,MANUFACTURA NACIONAL 84 S. DE R.L. DE C.V.,manufacturanaciona.mx,Alejandro Salinas,Chief Operating Officer (COO),C_SUITE,OPERATIONS,asalinas@manufacturanaciona.mx,VERIFIED,85,+525481970429,2026-09-06T14:31:01.838085+00:00
General Commercial & Services,MANUFACTURA NACIONAL S.A. DE C.V.,manufacturanaciona.com.mx,Hector Vega,Chief Revenue Officer (CRO),C_SUITE,SALES_MARKETING,hvega@manufacturanaciona.com.mx,VERIFIED,85,+524995934714,2026-09-06T14:31:01.838085+00:00
General Commercial & Services,MANUFACTURA GLOBAL S.C.,manufacturaglobal5.com,Jorge Treviño,Chief Human Resources Officer (CHRO),C_SUITE,HR_PEOPLE,jtreviño@manufacturaglobal5.com,VERIFIED,85,+525327483038,2026-09-06T14:31:01.838085+00:00
General Commercial & Services,INNOVACION DINAMICA S.A.S.,innovaciondinamica.com,Roberto Valenzuela,Chief Revenue Officer (CRO),C_SUITE,SALES_MARKETING,rvalenzuela@innovaciondinamica.com,VERIFIED,85,+529011078947,2026-09-06T14:31:01.838085+00:00
General Commercial & Services,MANUFACTURA EMPRESARIAL S.C.,manufacturaempresa.mx,Mariana Dominguez,Chief Operating Officer (COO),C_SUITE,OPERATIONS,mdominguez@manufacturaempresa.mx,VERIFIED,85,+528843142861,2026-09-06T14:31:01.838085+00:00
General Commercial & Services,MANUFACTURA EMPRESARIAL S.C.,manufacturaempresa.mx,Carlos López,Chief Operating Officer (COO),C_SUITE,OPERATIONS,clópez@manufacturaempresa.mx,VERIFIED,85,+526475092717,2026-09-06T14:31:01.838085+00:00
General Commercial & Services,MANUFACTURA EMPRESARIAL S.A.B. DE C.V.,manufacturaempresa.com.mx,Patricia Valenzuela,Chief Executive Officer (CEO),C_SUITE,EXECUTIVE,pvalenzuela@manufacturaempresa.com.mx,VERIFIED,85,+525035291388,2026-09-06T14:31:01.838085+00:00
General Commercial & Services,INDUSTRIAS LATINOAMERICANA 27 S.A.S.,industriaslatinoam.com.mx,Alejandro Morales,Founder,FOUNDER,EXECUTIVE,amorales@industriaslatinoam.com.mx,VERIFIED,85,+524573524141,2026-09-06T14:31:01.840091+00:00
General Commercial & Services,INDUSTRIAS LATINOAMERICANA S.A.P.I. DE C.V.,industriaslatinoam.mx,Roberto Ruiz,Chief Executive Officer (CEO),C_SUITE,EXECUTIVE,rruiz@industriaslatinoam.mx,VERIFIED,85,+528617036712,2026-09-06T14:31:01.840091+00:00
General Commercial & Services,INDUSTRIAS LATINOAMERICANA S.A.P.I. DE C.V.,industriaslatinoam.mx,Javier Castro,Chief Technology Officer (CTO),C_SUITE,ENGINEERING_IT,jcastro@industriaslatinoam.mx,VERIFIED,85,+524045248483,2026-09-06T14:31:01.840091+00:00
General Commercial & Services,MANUFACTURA MEXICANA 4 S.A. DE C.V.,manufacturamexican.com,Luis Garza,Chief Human Resources Officer (CHRO),C_SUITE,HR_PEOPLE,lgarza@manufacturamexican.com,VERIFIED,85,+523347687742,2026-09-06T14:31:01.840091+00:00
General Commercial & Services,MANUFACTURA MEXICANA 4 S.A. DE C.V.,manufacturamexican.com,Alejandro González,Chief Technology Officer (CTO),C_SUITE,ENGINEERING_IT,agonzález@manufacturamexican.com,VERIFIED,85,+523356615763,2026-09-06T14:31:01.840091+00:00
General Commercial & Services,INDUSTRIAS INTEGRAL 44 S.C.,industriasintegral.com.mx,Claudia Hernández,Chief Financial Officer (CFO),C_SUITE,FINANCE,chernández@industriasintegral.com.mx,VERIFIED,85,+529553851125,2026-09-06T14:31:01.840091+00:00
General Commercial & Services,INDUSTRIAS INTEGRAL 44 S.C.,industriasintegral.com.mx,Patricia Martínez,Chief Operating Officer (COO),C_SUITE,OPERATIONS,pmartínez@industriasintegral.com.mx,VERIFIED,85,+529846892656,2026-09-06T14:31:01.840091+00:00
General Commercial & Services,INDUSTRIAS INTEGRAL 10 S.A. DE C.V.,industriasintegral.mx,Andrea Benítez,Chief Executive Officer (CEO),C_SUITE,EXECUTIVE,abenítez@industriasintegral.mx,VERIFIED,85,+527966944864,2026-09-06T14:31:01.840091+00:00
General Commercial & Services,INDUSTRIAS INTERNACIONAL S. DE R.L. DE C.V.,industriasinternac.com.mx,Eduardo González,Founder,FOUNDER,EXECUTIVE,egonzález@industriasinternac.com.mx,VERIFIED,85,+526717613316,2026-09-06T14:31:01.840091+00:00
General Commercial & Services,INDUSTRIAS INTERNACIONAL S.C.,industriasinternac.com,Luis Martínez,Founder,FOUNDER,EXECUTIVE,lmartínez@industriasinternac.com,VERIFIED,85,+526450908842,2026-09-06T14:31:01.840091+00:00
General Commercial & Services,INDUSTRIAS MEXICANA S.A. DE C.V.,industriasmexicana.com,Rodrigo Benítez,Chief Human Resources Officer (CHRO),C_SUITE,HR_PEOPLE,rbenítez@industriasmexicana.com,VERIFIED,85,+527990026094,2026-09-06T14:31:01.840091+00:00
General Commercial & Services,INDUSTRIAS MEXICANA S.A. DE C.V.,industriasmexicana.com,Eduardo Mendoza,Chief Human Resources Officer (CHRO),C_SUITE,HR_PEOPLE,emendoza@industriasmexicana.com,VERIFIED,85,+529364632922,2026-09-06T14:31:01.840091+00:00
General Commercial & Services,MANUFACTURA AVANZADA S. DE R.L. DE C.V.,manufacturaavanzad.mx,Roberto Dominguez,Chief Technology Officer (CTO),C_SUITE,ENGINEERING_IT,rdominguez@manufacturaavanzad.mx,VERIFIED,85,+524278535487,2026-09-06T14:31:01.840091+00:00
General Commercial & Services,MANUFACTURA AVANZADA S. DE R.L. DE C.V.,manufacturaavanzad.mx,Fernando Valenzuela,Chief Executive Officer (CEO),C_SUITE,EXECUTIVE,fvalenzuela@manufacturaavanzad.com,VERIFIED,85,+529068344257,2026-09-06T14:31:01.840091+00:00
General Commercial & Services,MANUFACTURA AVANZADA S.A.B. DE C.V.,manufacturaavanzad.com.mx,Guillermo García,Chief Executive Officer (CEO),C_SUITE,EXECUTIVE,ggarcía@manufacturaavanzad.com.mx,VERIFIED,85,+524934509885,2026-09-06T14:31:01.840091+00:00
General Commercial & Services,INDUSTRIAS LATINOAMERICANA S.A.S.,industriaslatinoam.com.mx,Carlos Alarcón,Chief Operating Officer (COO),C_SUITE,OPERATIONS,calarcón@industriaslatinoam.com.mx,VERIFIED,85,+525657014557,2026-09-06T14:31:01.840091+00:00
General Commercial & Services,INDUSTRIAS LATINOAMERICANA S.A.S.,industriaslatinoam.com.mx,Patricia Valenzuela,Chief Operating Officer (COO),C_SUITE,OPERATIONS,pvalenzuela@industriaslatinoam.com.mx,VERIFIED,85,+527971154015,2026-09-06T14:31:01.840091+00:00
General Commercial & Services,INDUSTRIAS LATINOAMERICANA S.A.P.I. DE C.V.,industriaslatinoam.com,Mariana García,Chief Executive Officer (CEO),C_SUITE,EXECUTIVE,mgarcía@industriaslatinoam.com,VERIFIED,85,+527155078092,2026-09-06T14:31:01.840091+00:00
General Commercial & Services,MANUFACTURA EMPRESARIAL 99 S.A.B. DE C.V.,manufacturaempresa.com.mx,Guillermo Dominguez,Chief Executive Officer (CEO),C_SUITE,EXECUTIVE,gdominguez@manufacturaempresa.com.mx,VERIFIED,85,+528656891889,2026-09-06T14:31:01.842087+00:00
General Commercial & Services,MANUFACTURA EMPRESARIAL S.A. DE C.V.,manufacturaempresa.com,David Villaseñor,Founder,FOUNDER,EXECUTIVE,dvillaseñor@manufacturaempresa.com,VERIFIED,85,+525168760272,2026-09-06T14:31:01.842087+00:00
General Commercial & Services,INNOVACION CENTRAL S.A.B. DE C.V.,innovacioncentral.com.mx,David González,Chief Executive Officer (CEO),C_SUITE,EXECUTIVE,dgonzález@innovacioncentral.com.mx,VERIFIED,85,+524620416905,2026-09-06T14:31:01.842087+00:00
General Commercial & Services,INNOVACION CENTRAL S.A.B. DE C.V.,innovacioncentral.com.mx,Sofia Garza,Founder,FOUNDER,EXECUTIVE,sgarza@innovacioncentral.com.mx,VERIFIED,85,+524167631276,2026-09-06T14:31:01.842087+00:00
General Commercial & Services,INNOVACION CENTRAL S.A.B. DE C.V.,innovacioncentral.mx,Luis Navarro,Founder,FOUNDER,EXECUTIVE,lnavarro@innovacioncentral.mx,VERIFIED,85,+525954847224,2026-09-06T14:31:01.842087+00:00
General Commercial & Services,INNOVACION CENTRAL S.A.S.,innovacioncentral3.com,Gabriel Dominguez,Chief Financial Officer (CFO),C_SUITE,FINANCE,gdominguez@innovacioncentral3.com,VERIFIED,85,+529278675368,2026-09-06T14:31:01.842087+00:00
General Commercial & Services,INDUSTRIAS ESPECIALIZADA 56 S.A.P.I. DE C.V.,industriasespecial.com,Rodrigo Vega,Chief Revenue Officer (CRO),C_SUITE,SALES_MARKETING,rvega@industriasespecial.com,VERIFIED,85,+528176395814,2026-09-06T14:31:01.842739+00:00
General Commercial & Services,INDUSTRIAS ESPECIALIZADA S.A.B. DE C.V.,industriasespecial.com.mx,Andrea Martínez,Chief Financial Officer (CFO),C_SUITE,FINANCE,amartínez@industriasespecial.com.mx,VERIFIED,85,+528178645184,2026-09-06T14:31:01.842739+00:00
General Commercial & Services,INDUSTRIAS ESPECIALIZADA S.A.B. DE C.V.,industriasespecial.com.mx,Luis Mendoza,Chief Operating Officer (COO),C_SUITE,OPERATIONS,lmendoza@industriasespecial.com.mx,VERIFIED,85,+528135900678,2026-09-06T14:31:01.842739+00:00
General Commercial & Services,MANUFACTURA MODERNA S. DE R.L. DE C.V.,manufacturamoderna.com,Claudia Martínez,Chief Technology Officer (CTO),C_SUITE,ENGINEERING_IT,cmartínez@manufacturamoderna.com,VERIFIED,85,+525070004130,2026-09-06T14:31:01.842739+00:00
General Commercial & Services,MANUFACTURA MODERNA S. DE R.L. DE C.V.,manufacturamoderna.com,Carlos Dominguez,Chief Revenue Officer (CRO),C_SUITE,SALES_MARKETING,cdominguez@manufacturamoderna.mx,VERIFIED,85,+525872208204,2026-09-06T14:31:01.842739+00:00
General Commercial & Services,MANUFACTURA MODERNA S. DE R.L. DE C.V.,manufacturamoderna.com,Jorge Garza,Founder,FOUNDER,EXECUTIVE,jgarza@manufacturamoderna.com,VERIFIED,85,+527455470278,2026-09-06T14:31:01.842739+00:00
General Commercial & Services,MANUFACTURA MODERNA 93 S.A.B. DE C.V.,manufacturamoderna.mx,Javier Garza,Chief Financial Officer (CFO),C_SUITE,FINANCE,jgarza@manufacturamoderna.mx,VERIFIED,85,+526929885084,2026-09-06T14:31:01.842739+00:00
General Commercial & Services,INDUSTRIAS MEXICANA S.C.,industriasmexicana.com.mx,Rodrigo Martínez,Founder,FOUNDER,EXECUTIVE,rmartínez@industriasmexicana.com.mx,VERIFIED,85,+528869161862,2026-09-06T14:31:01.844940+00:00
General Commercial & Services,INDUSTRIAS MEXICANA S.C.,industriasmexicana.com.mx,Daniel Morales,Chief Executive Officer (CEO),C_SUITE,EXECUTIVE,dmorales@industriasmexicana.com.mx,VERIFIED,85,+525986990669,2026-09-06T14:31:01.844940+00:00
General Commercial & Services,INDUSTRIAS MEXICANA S.C.,industriasmexicana.com.mx,Luis Villaseñor,Chief Operating Officer (COO),C_SUITE,OPERATIONS,lvillaseñor@industriasmexicana.com.mx,VERIFIED,85,+525420451432,2026-09-06T14:31:01.844940+00:00
General Commercial & Services,INDUSTRIAS MEXICANA S.A.P.I. DE C.V.,industriasmexicana.mx,Alejandro Benítez,Chief Financial Officer (CFO),C_SUITE,FINANCE,abenítez@industriasmexicana.mx,VERIFIED,85,+528495871250,2026-09-06T14:31:01.844940+00:00
General Commercial & Services,INDUSTRIAS MEXICANA S.A.P.I. DE C.V.,industriasmexicana.mx,Jorge Ruiz,Chief Executive Officer (CEO),C_SUITE,EXECUTIVE,jruiz@industriasmexicana.mx,VERIFIED,85,+526598428757,2026-09-06T14:31:01.844940+00:00
General Commercial & Services,INDUSTRIAS LATINOAMERICANA S.A.S.,industriaslatinoam.mx,Javier Benítez,Chief Human Resources Officer (CHRO),C_SUITE,HR_PEOPLE,jbenítez@industriaslatinoam.mx,VERIFIED,85,+525794560057,2026-09-06T14:31:01.844940+00:00
General Commercial & Services,INDUSTRIAS LATINOAMERICANA S.A.S.,industriaslatinoam.mx,Andrea González,Chief Executive Officer (CEO),C_SUITE,EXECUTIVE,agonzález@industriaslatinoam.mx,VERIFIED,85,+527680583584,2026-09-06T14:31:01.844940+00:00
General Commercial & Services,MANUFACTURA AVANZADA 75 S.A.S.,manufacturaavanzad.mx,Carlos González,Chief Revenue Officer (CRO),C_SUITE,SALES_MARKETING,cgonzález@manufacturaavanzad.mx,VERIFIED,85,+525597462965,2026-09-06T14:31:01.844940+00:00
General Commercial & Services,MANUFACTURA AVANZADA S.A.P.I. DE C.V.,manufacturaavanzad.com.mx,Fernando Alarcón,Chief Human Resources Officer (CHRO),C_SUITE,HR_PEOPLE,falarcón@manufacturaavanzad.com.mx,VERIFIED,85,+525575031196,2026-09-06T14:31:01.844940+00:00
General Commercial & Services,MANUFACTURA AVANZADA S.A.P.I. DE C.V.,manufacturaavanzad.com.mx,Eduardo Mendoza,Founder,FOUNDER,EXECUTIVE,emendoza@manufacturaavanzad.com.mx,VERIFIED,85,+525520082124,2026-09-06T14:31:01.844940+00:00
General Commercial & Services,INNOVACION LATINOAMERICANA S.A.S.,innovacionlatinoam.com,Andrea Castro,Founder,FOUNDER,EXECUTIVE,acastro@innovacionlatinoam.com,VERIFIED,85,+524346591956,2026-09-06T14:31:01.844940+00:00
General Commercial & Services,INNOVACION LATINOAMERICANA S.A.P.I. DE C.V.,innovacionlatinoam.mx,Javier López,Chief Financial Officer (CFO),C_SUITE,FINANCE,jlópez@innovacionlatinoam.mx,VERIFIED,85,+529753775908,2026-09-06T14:31:01.844940+00:00
General Commercial & Services,INNOVACION LATINOAMERICANA S.A.S.,innovacionlatinoam.com.mx,Daniel Garza,Chief Revenue Officer (CRO),C_SUITE,SALES_MARKETING,dgarza@innovacionlatinoam.com.mx,VERIFIED,85,+527736767720,2026-09-06T14:31:01.844940+00:00
General Commercial & Services,INNOVACION LATINOAMERICANA S.A.S.,innovacionlatinoam.com.mx,Luis Hernández,Chief Executive Officer (CEO),C_SUITE,EXECUTIVE,lhernández@innovacionlatinoam.com.mx,VERIFIED,85,+528666613597,2026-09-06T14:31:01.844940+00:00
General Commercial & Services,MANUFACTURA NACIONAL S.A.P.I. DE C.V.,manufacturanaciona.com.mx,Jorge Garza,Chief Financial Officer (CFO),C_SUITE,FINANCE,jgarza@manufacturanaciona.com.mx,VERIFIED,85,+523384914916,2026-09-06T14:31:01.846944+00:00
General Commercial & Services,MANUFACTURA NACIONAL S.A. DE C.V.,manufacturanaciona.mx,Andrea Navarro,Founder,FOUNDER,EXECUTIVE,anavarro@manufacturanaciona.mx,VERIFIED,85,+523337421681,2026-09-06T14:31:01.846944+00:00
General Commercial & Services,MANUFACTURA NACIONAL S.A. DE C.V.,manufacturanaciona.mx,Daniel Castro,Chief Technology Officer (CTO),C_SUITE,ENGINEERING_IT,dcastro@manufacturanaciona.mx,VERIFIED,85,+523345732850,2026-09-06T14:31:01.846944+00:00
General Commercial & Services,INNOVACION INTEGRAL S.A.S.,innovacionintegral.com,Rodrigo Garza,Chief Human Resources Officer (CHRO),C_SUITE,HR_PEOPLE,rgarza@innovacionintegral.com,VERIFIED,85,+529064627743,2026-09-06T14:31:01.846944+00:00
General Commercial & Services,MANUFACTURA ESPECIALIZADA S.A. DE C.V.,manufacturaespecia.com.mx,Jorge Treviño,Chief Human Resources Officer (CHRO),C_SUITE,HR_PEOPLE,jtreviño@manufacturaespecia.com.mx,VERIFIED,85,+524170630610,2026-09-06T14:31:01.846944+00:00
General Commercial & Services,MANUFACTURA ESPECIALIZADA S.C.,manufacturaespecia.com,Miguel Vega,Chief Operating Officer (COO),C_SUITE,OPERATIONS,mvega@manufacturaespecia.com,VERIFIED,85,+526345706598,2026-09-06T14:31:01.846944+00:00
General Commercial & Services,INNOVACION AVANZADA S.A.S.,innovacionavanzada.mx,Sofia Villaseñor,Chief Financial Officer (CFO),C_SUITE,FINANCE,svillaseñor@innovacionavanzada.mx,VERIFIED,85,+529316102826,2026-09-06T14:31:01.846944+00:00
General Commercial & Services,INNOVACION AVANZADA S.A.S.,innovacionavanzada.mx,Mariana Villaseñor,Chief Human Resources Officer (CHRO),C_SUITE,HR_PEOPLE,mvillaseñor@innovacionavanzada.mx,VERIFIED,85,+526742415769,2026-09-06T14:31:01.846944+00:00
General Commercial & Services,INNOVACION AVANZADA 69 S.A.S.,innovacionavanzada.com,Hector Navarro,Chief Human Resources Officer (CHRO),C_SUITE,HR_PEOPLE,hnavarro@innovacionavanzada.com,VERIFIED,85,+529825486761,2026-09-06T14:31:01.846944+00:00
General Commercial & Services,INDUSTRIAS DINAMICA S.A.P.I. DE C.V.,industriasdinamica.mx,Andrea González,Chief Revenue Officer (CRO),C_SUITE,SALES_MARKETING,agonzález@industriasdinamica.mx,VERIFIED,85,+526198822905,2026-09-06T14:31:01.846944+00:00
General Commercial & Services,INDUSTRIAS DINAMICA S.A. DE C.V.,industriasdinamica.com.mx,Eduardo Alarcón,Chief Financial Officer (CFO),C_SUITE,FINANCE,ealarcón@industriasdinamica.com.mx,VERIFIED,85,+528539034314,2026-09-06T14:31:01.846944+00:00
General Commercial & Services,INNOVACION INDUSTRIAL S. DE R.L. DE C.V.,innovacionindustri.com,Hector Dominguez,Chief Financial Officer (CFO),C_SUITE,FINANCE,hdominguez@innovacionindustri.com,VERIFIED,85,+527753454543,2026-09-06T14:31:01.846944+00:00
General Commercial & Services,INNOVACION INDUSTRIAL S.A.P.I. DE C.V.,innovacionindustri.mx,Rodrigo Garza,Chief Financial Officer (CFO),C_SUITE,FINANCE,rgarza@innovacionindustri.mx,VERIFIED,85,+525956622395,2026-09-06T14:31:01.846944+00:00
General Commercial & Services,INNOVACION INDUSTRIAL S.A.P.I. DE C.V.,innovacionindustri.mx,Daniel Navarro,Founder,FOUNDER,EXECUTIVE,dnavarro@innovacionindustri.mx,VERIFIED,85,+529815823361,2026-09-06T14:31:01.846944+00:00
General Commercial & Services,MANUFACTURA INTERNACIONAL S.A. DE C.V.,manufacturainterna.com.mx,Mariana López,Chief Financial Officer (CFO),C_SUITE,FINANCE,mlópez@manufacturainterna.com.mx,VERIFIED,85,+528181932273,2026-09-06T14:31:01.848949+00:00
General Commercial & Services,MANUFACTURA EMPRESARIAL S.A.S.,manufacturaempresa.com,Fernando López,Chief Executive Officer (CEO),C_SUITE,EXECUTIVE,flópez@manufacturaempresa.com,VERIFIED,85,+527017076658,2026-09-06T14:31:01.848949+00:00
General Commercial & Services,MANUFACTURA INDUSTRIAL S.A.S.,manufacturaindustr.mx,Roberto Treviño,Founder,FOUNDER,EXECUTIVE,rtreviño@manufacturaindustr.mx,VERIFIED,85,+524650880348,2026-09-06T14:31:01.848949+00:00
General Commercial & Services,INNOVACION EMPRESARIAL S.A. DE C.V.,innovacionempresar.com.mx,Miguel Martínez,Founder,FOUNDER,EXECUTIVE,mmartínez@innovacionempresar.com.mx,VERIFIED,85,+523337637999,2026-09-06T14:31:01.848949+00:00
General Commercial & Services,INNOVACION EMPRESARIAL S.C.,innovacionempresar.com,Gabriel Villaseñor,Chief Human Resources Officer (CHRO),C_SUITE,HR_PEOPLE,gvillaseñor@innovacionempresar.com,VERIFIED,85,+523325462136,2026-09-06T14:31:01.848949+00:00
General Commercial & Services,INNOVACION INDUSTRIAL S. DE R.L. DE C.V.,innovacionindustri.com.mx,Gabriel Ruiz,Chief Technology Officer (CTO),C_SUITE,ENGINEERING_IT,gruiz@innovacionindustri.com.mx,VERIFIED,85,+529595256446,2026-09-06T14:31:01.848949+00:00
General Commercial & Services,INNOVACION INDUSTRIAL S. DE R.L. DE C.V.,innovacionindustri.com.mx,Gabriel Morales,Chief Technology Officer (CTO),C_SUITE,ENGINEERING_IT,gmorales@innovacionindustri.com.mx,VERIFIED,85,+526815723056,2026-09-06T14:31:01.848949+00:00
General Commercial & Services,INDUSTRIAS MODERNA S.A.S.,industriasmoderna2.mx,Fernando Treviño,Chief Executive Officer (CEO),C_SUITE,EXECUTIVE,ftreviño@industriasmoderna2.mx,VERIFIED,85,+526882016081,2026-09-06T14:31:01.848949+00:00
General Commercial & Services,INDUSTRIAS MODERNA 7 S.A. DE C.V.,industriasmoderna.mx,Fernando García,Chief Operating Officer (COO),C_SUITE,OPERATIONS,fgarcía@industriasmoderna.mx,VERIFIED,85,+526124979182,2026-09-06T14:31:01.848949+00:00
General Commercial & Services,MANUFACTURA ESPECIALIZADA S.A. DE C.V.,manufacturaespecia.mx,Andrea García,Founder,FOUNDER,EXECUTIVE,agarcía@manufacturaespecia.mx,VERIFIED,85,+527666633821,2026-09-06T14:31:01.848949+00:00
General Commercial & Services,MANUFACTURA ESPECIALIZADA S.A. DE C.V.,manufacturaespecia.mx,Sofia Villaseñor,Chief Technology Officer (CTO),C_SUITE,ENGINEERING_IT,svillaseñor@manufacturaespecia.com.mx,VERIFIED,85,+527765559066,2026-09-06T14:31:01.848949+00:00
General Commercial & Services,MANUFACTURA DEL NORTE S.C.,manufacturadelnort.com,Patricia Valenzuela,Founder,FOUNDER,EXECUTIVE,pvalenzuela@manufacturadelnort.com,VERIFIED,85,+526871955053,2026-09-06T14:31:01.848949+00:00
General Commercial & Services,MANUFACTURA DEL NORTE S.A.B. DE C.V.,manufacturadelnort.mx,Carlos Castro,Chief Operating Officer (COO),C_SUITE,OPERATIONS,ccastro@manufacturadelnort.mx,VERIFIED,85,+529418670391,2026-09-06T14:31:01.848949+00:00
General Commercial & Services,MANUFACTURA DEL PACIFICO S.A.P.I. DE C.V.,manufacturadelpaci.com,Roberto Salinas,Founder,FOUNDER,EXECUTIVE,rsalinas@manufacturadelpaci.com,VERIFIED,85,+526974789031,2026-09-06T14:31:01.848949+00:00
General Commercial & Services,MANUFACTURA DEL PACIFICO S.A.P.I. DE C.V.,manufacturadelpaci.com,Carlos Mendoza,Chief Financial Officer (CFO),C_SUITE,FINANCE,cmendoza@manufacturadelpaci.com.mx,VERIFIED,85,+529829381102,2026-09-06T14:31:01.848949+00:00
General Commercial & Services,MANUFACTURA DEL PACIFICO S.A.P.I. DE C.V.,manufacturadelpaci.com,Andrea Castro,Chief Human Resources Officer (CHRO),C_SUITE,HR_PEOPLE,acastro@manufacturadelpaci.com,VERIFIED,85,+525446437010,2026-09-06T14:31:01.848949+00:00
General Commercial & Services,MANUFACTURA DEL PACIFICO S.A.B. DE C.V.,manufacturadelpaci.mx,Adriana Ruiz,Chief Executive Officer (CEO),C_SUITE,EXECUTIVE,aruiz@manufacturadelpaci.mx,VERIFIED,85,+524028835230,2026-09-06T14:31:01.848949+00:00
General Commercial & Services,MANUFACTURA DEL PACIFICO S.A.B. DE C.V.,manufacturadelpaci.mx,Luis Mendoza,Chief Executive Officer (CEO),C_SUITE,EXECUTIVE,lmendoza@manufacturadelpaci.mx,VERIFIED,85,+528969703855,2026-09-06T14:31:01.848949+00:00
General Commercial & Services,MANUFACTURA DEL NORTE 3 S.A.S.,manufacturadelnort.com.mx,Sofia Villaseñor,Chief Technology Officer (CTO),C_SUITE,ENGINEERING_IT,svillaseñor@manufacturadelnort.com.mx,VERIFIED,85,+529184195111,2026-09-06T14:31:01.848949+00:00
General Commercial & Services,MANUFACTURA DEL NORTE 3 S.A.S.,manufacturadelnort.com.mx,Eduardo López,Chief Technology Officer (CTO),C_SUITE,ENGINEERING_IT,elópez@manufacturadelnort.com.mx,VERIFIED,85,+529724524435,2026-09-06T14:31:01.848949+00:00
General Commercial & Services,MANUFACTURA DEL PACIFICO 8 S.A. DE C.V.,manufacturadelpaci.com.mx,Luis Morales,Founder,FOUNDER,EXECUTIVE,lmorales@manufacturadelpaci.com.mx,VERIFIED,85,+529420151226,2026-09-06T14:31:01.848949+00:00
General Commercial & Services,MANUFACTURA DEL PACIFICO 8 S.A. DE C.V.,manufacturadelpaci.com.mx,Gabriel Mendoza,Chief Executive Officer (CEO),C_SUITE,EXECUTIVE,gmendoza@manufacturadelpaci.com.mx,VERIFIED,85,+528715513704,2026-09-06T14:31:01.848949+00:00
General Commercial & Services,MANUFACTURA DEL CENTRO S.A. DE C.V.,manufacturadelcent.com,Hector Villaseñor,Chief Financial Officer (CFO),C_SUITE,FINANCE,hvillaseñor@manufacturadelcent.com,VERIFIED,85,+524533439484,2026-09-06T14:31:01.848949+00:00
General Commercial & Services,INDUSTRIAS CENTRAL 76 S.C.,industriascentral.com.mx,Eduardo González,Founder,FOUNDER,EXECUTIVE,egonzález@industriascentral.com.mx,VERIFIED,85,+529676135953,2026-09-06T14:31:01.850953+00:00
General Commercial & Services,INDUSTRIAS CENTRAL 76 S.C.,industriascentral.com.mx,Rodrigo González,Chief Executive Officer (CEO),C_SUITE,EXECUTIVE,rgonzález@industriascentral.com.mx,VERIFIED,85,+524837902715,2026-09-06T14:31:01.850953+00:00
General Commercial & Services,INDUSTRIAS CENTRAL S. DE R.L. DE C.V.,industriascentral.mx,Adriana Ruiz,Founder,FOUNDER,EXECUTIVE,aruiz@industriascentral.mx,VERIFIED,85,+524034769277,2026-09-06T14:31:01.850953+00:00
General Commercial & Services,INDUSTRIAS CENTRAL S.A. DE C.V.,industriascentral.com,Mariana Alarcón,Chief Financial Officer (CFO),C_SUITE,FINANCE,malarcón@industriascentral.com,VERIFIED,85,+525330111548,2026-09-06T14:31:01.850953+00:00
General Commercial & Services,INDUSTRIAS CENTRAL S.A. DE C.V.,industriascentral.com,Fernando García,Chief Executive Officer (CEO),C_SUITE,EXECUTIVE,fgarcía@industriascentral3.mx,VERIFIED,85,+529360339988,2026-09-06T14:31:01.850953+00:00
General Commercial & Services,MANUFACTURA MODERNA 83 S.A.B. DE C.V.,manufacturamoderna.com.mx,Andrea Alarcón,Chief Revenue Officer (CRO),C_SUITE,SALES_MARKETING,aalarcón@manufacturamoderna.com.mx,VERIFIED,85,+528298225742,2026-09-06T14:31:01.850953+00:00
General Commercial & Services,MANUFACTURA MODERNA 83 S.A.B. DE C.V.,manufacturamoderna.com.mx,Javier Valenzuela,Chief Executive Officer (CEO),C_SUITE,EXECUTIVE,jvalenzuela@manufacturamoderna.com.mx,VERIFIED,85,+528296559103,2026-09-06T14:31:01.850953+00:00
General Commercial & Services,MANUFACTURA MODERNA S.A. DE C.V.,manufacturamoderna.com,Jorge Ruiz,Founder,FOUNDER,EXECUTIVE,jruiz@manufacturamoderna.com,VERIFIED,85,+524181859220,2026-09-06T14:31:01.850953+00:00
General Commercial & Services,INDUSTRIAS GLOBAL S.A.B. DE C.V.,industriasglobal36.com.mx,Mariana Alarcón,Chief Financial Officer (CFO),C_SUITE,FINANCE,malarcón@industriasglobal36.com.mx,VERIFIED,85,+529285513108,2026-09-06T14:31:01.850953+00:00
General Commercial & Services,INDUSTRIAS GLOBAL 23 S.C.,industriasglobal.mx,Hector Treviño,Chief Executive Officer (CEO),C_SUITE,EXECUTIVE,htreviño@industriasglobal.mx,VERIFIED,85,+526925388819,2026-09-06T14:31:01.850953+00:00
General Commercial & Services,INDUSTRIAS GLOBAL S.A.B. DE C.V.,industriasglobal.com,Fernando Mendoza,Chief Human Resources Officer (CHRO),C_SUITE,HR_PEOPLE,fmendoza@industriasglobal.com,VERIFIED,85,+525366223343,2026-09-06T14:31:01.850953+00:00
General Commercial & Services,INDUSTRIAS MEXICANA S.C.,industriasmexicana.com,Carlos Morales,Chief Human Resources Officer (CHRO),C_SUITE,HR_PEOPLE,cmorales@industriasmexicana.com,VERIFIED,85,+525480490213,2026-09-06T14:31:01.850953+00:00
General Commercial & Services,INDUSTRIAS MEXICANA S.C.,industriasmexicana.com,Fernando Alarcón,Chief Financial Officer (CFO),C_SUITE,FINANCE,falarcón@industriasmexicana.com,VERIFIED,85,+529831298112,2026-09-06T14:31:01.850953+00:00
General Commercial & Services,INNOVACION AVANZADA S.A. DE C.V.,innovacionavanzada.com,Hector Treviño,Founder,FOUNDER,EXECUTIVE,htreviño@innovacionavanzada.com,VERIFIED,85,+527313648916,2026-09-06T14:31:01.850953+00:00
General Commercial & Services,INDUSTRIAS DE OCCIDENTE S.A. DE C.V.,industriasdeoccide.com.mx,Roberto Treviño,Chief Human Resources Officer (CHRO),C_SUITE,HR_PEOPLE,rtreviño@industriasdeoccide.com.mx,VERIFIED,85,+529781809742,2026-09-06T14:31:01.850953+00:00
General Commercial & Services,INDUSTRIAS DE OCCIDENTE S.A. DE C.V.,industriasdeoccide.com.mx,Guillermo Dominguez,Chief Executive Officer (CEO),C_SUITE,EXECUTIVE,gdominguez@industriasdeoccide.com.mx,VERIFIED,85,+527443218890,2026-09-06T14:31:01.850953+00:00
General Commercial & Services,INDUSTRIAS DE OCCIDENTE S.A. DE C.V.,industriasdeoccide.com.mx,Roberto Alarcón,Chief Operating Officer (COO),C_SUITE,OPERATIONS,ralarcón@industriasdeoccide.mx,VERIFIED,85,+529448337758,2026-09-06T14:31:01.850953+00:00
General Commercial & Services,INDUSTRIAS DE OCCIDENTE S.A. DE C.V.,industriasdeoccide.mx,Mariana Garza,Chief Human Resources Officer (CHRO),C_SUITE,HR_PEOPLE,mgarza@industriasdeoccide.mx,VERIFIED,85,+525084213931,2026-09-06T14:31:01.850953+00:00
General Commercial & Services,INDUSTRIAS DE OCCIDENTE S.A. DE C.V.,industriasdeoccide.mx,Carlos Villaseñor,Chief Executive Officer (CEO),C_SUITE,EXECUTIVE,cvillaseñor@industriasdeoccide.mx,VERIFIED,85,+528176644982,2026-09-06T14:31:01.850953+00:00
General Commercial & Services,MANUFACTURA AVANZADA S.C.,manufacturaavanzad.com.mx,Mariana Castro,Founder,FOUNDER,EXECUTIVE,mcastro@manufacturaavanzad.com.mx,VERIFIED,85,+526725155362,2026-09-06T14:31:01.850953+00:00
General Commercial & Services,INNOVACION INTEGRAL 68 S.A.P.I. DE C.V.,innovacionintegral.mx,Daniel López,Chief Executive Officer (CEO),C_SUITE,EXECUTIVE,dlópez@innovacionintegral.mx,VERIFIED,85,+525557415291,2026-09-06T14:31:01.852956+00:00
General Commercial & Services,INNOVACION INTEGRAL 68 S.A.P.I. DE C.V.,innovacionintegral.mx,Hector Alarcón,Chief Financial Officer (CFO),C_SUITE,FINANCE,halarcón@innovacionintegral.mx,VERIFIED,85,+525595205962,2026-09-06T14:31:01.852956+00:00
General Commercial & Services,MANUFACTURA GLOBAL S. DE R.L. DE C.V.,manufacturaglobal.com,Eduardo Salinas,Chief Executive Officer (CEO),C_SUITE,EXECUTIVE,esalinas@manufacturaglobal.com,VERIFIED,85,+525032319998,2026-09-06T14:31:01.852956+00:00
General Commercial & Services,INDUSTRIAS INDUSTRIAL 94 S.A. DE C.V.,industriasindustri.com.mx,Claudia Navarro,Chief Executive Officer (CEO),C_SUITE,EXECUTIVE,cnavarro@industriasindustri.com.mx,VERIFIED,85,+524154201303,2026-09-06T14:31:01.852956+00:00
General Commercial & Services,INDUSTRIAS INDUSTRIAL 94 S.A. DE C.V.,industriasindustri.com.mx,Jorge López,Chief Revenue Officer (CRO),C_SUITE,SALES_MARKETING,jlópez@industriasindustri.com.mx,VERIFIED,85,+526026952222,2026-09-06T14:31:01.852956+00:00
General Commercial & Services,INDUSTRIAS INDUSTRIAL 94 S.A. DE C.V.,industriasindustri.com.mx,Jorge Ruiz,Chief Financial Officer (CFO),C_SUITE,FINANCE,jruiz@industriasindustri.com.mx,VERIFIED,85,+528023156065,2026-09-06T14:31:01.852956+00:00
General Commercial & Services,INDUSTRIAS INDUSTRIAL S.A. DE C.V.,industriasindustri.com,Fernando Martínez,Chief Revenue Officer (CRO),C_SUITE,SALES_MARKETING,fmartínez@industriasindustri.com,VERIFIED,85,+528221073376,2026-09-06T14:31:01.852956+00:00
General Commercial & Services,INDUSTRIAS EMPRESARIAL 66 S.C.,industriasempresar.mx,Jorge Salinas,Chief Executive Officer (CEO),C_SUITE,EXECUTIVE,jsalinas@industriasempresar.mx,VERIFIED,85,+528250036242,2026-09-06T14:31:01.852956+00:00
General Commercial & Services,INDUSTRIAS EMPRESARIAL S.A.P.I. DE C.V.,industriasempresar.com,Claudia Hernández,Founder,FOUNDER,EXECUTIVE,chernández@industriasempresar.com,VERIFIED,85,+527266130729,2026-09-06T14:31:01.852956+00:00
General Commercial & Services,INNOVACION MODERNA S.A.P.I. DE C.V.,innovacionmoderna.mx,Daniel Vega,Chief Financial Officer (CFO),C_SUITE,FINANCE,dvega@innovacionmoderna.mx,VERIFIED,85,+525793230448,2026-09-06T14:31:01.852956+00:00
General Commercial & Services,INNOVACION MODERNA S.A.P.I. DE C.V.,innovacionmoderna.mx,Rodrigo Garza,Founder,FOUNDER,EXECUTIVE,rgarza@innovacionmoderna1.mx,VERIFIED,85,+527047747394,2026-09-06T14:31:01.852956+00:00
General Commercial & Services,INNOVACION INTERNACIONAL S.A.B. DE C.V.,innovacioninternac.mx,Andrea Mendoza,Chief Operating Officer (COO),C_SUITE,OPERATIONS,amendoza@innovacioninternac.mx,VERIFIED,85,+528134785464,2026-09-06T14:31:01.852956+00:00
General Commercial & Services,INNOVACION INTERNACIONAL S.C.,innovacioninternac.com,Luis Salinas,Chief Financial Officer (CFO),C_SUITE,FINANCE,lsalinas@innovacioninternac.com,VERIFIED,85,+528158587855,2026-09-06T14:31:01.852956+00:00
General Commercial & Services,INNOVACION INTERNACIONAL S.C.,innovacioninternac.com,Mariana Villaseñor,Chief Revenue Officer (CRO),C_SUITE,SALES_MARKETING,mvillaseñor@innovacioninternac.com,VERIFIED,85,+528187987855,2026-09-06T14:31:01.852956+00:00
General Commercial & Services,INDUSTRIAS MODERNA S. DE R.L. DE C.V.,industriasmoderna.mx,Claudia Treviño,Chief Revenue Officer (CRO),C_SUITE,SALES_MARKETING,ctreviño@industriasmoderna.mx,VERIFIED,85,+525946401919,2026-09-06T14:31:01.852956+00:00
General Commercial & Services,INDUSTRIAS MODERNA S. DE R.L. DE C.V.,industriasmoderna.mx,Javier Valenzuela,Chief Revenue Officer (CRO),C_SUITE,SALES_MARKETING,jvalenzuela@industriasmoderna.mx,VERIFIED,85,+525796646954,2026-09-06T14:31:01.852956+00:00
General Commercial & Services,INDUSTRIAS MODERNA S.A.S.,industriasmoderna.com.mx,Miguel González,Chief Executive Officer (CEO),C_SUITE,EXECUTIVE,mgonzález@industriasmoderna.com.mx,VERIFIED,85,+527661055551,2026-09-06T14:31:01.852956+00:00
General Commercial & Services,INNOVACION NACIONAL S.A. DE C.V.,innovacionnacional.com.mx,Alejandro López,Chief Operating Officer (COO),C_SUITE,OPERATIONS,alópez@innovacionnacional.com.mx,VERIFIED,85,+528447905080,2026-09-06T14:31:01.853959+00:00
General Commercial & Services,MANUFACTURA EMPRESARIAL 56 S.A. DE C.V.,manufacturaempresa.mx,Mariana Martínez,Chief Executive Officer (CEO),C_SUITE,EXECUTIVE,mmartínez@manufacturaempresa.mx,VERIFIED,85,+525538998629,2026-09-06T14:31:01.853959+00:00
General Commercial & Services,MANUFACTURA EMPRESARIAL S.A.B. DE C.V.,manufacturaempresa.com.mx,Mariana Villaseñor,Founder,FOUNDER,EXECUTIVE,mvillaseñor@manufacturaempresa.com.mx,VERIFIED,85,+525598336550,2026-09-06T14:31:01.853959+00:00
General Commercial & Services,INDUSTRIAS INDUSTRIAL S.C.,industriasindustri.mx,Luis Morales,Chief Revenue Officer (CRO),C_SUITE,SALES_MARKETING,lmorales@industriasindustri.mx,VERIFIED,85,+525255118300,2026-09-06T14:31:01.853959+00:00
General Commercial & Services,INDUSTRIAS INDUSTRIAL S.C.,industriasindustri.mx,Claudia Treviño,Chief Executive Officer (CEO),C_SUITE,EXECUTIVE,ctreviño@industriasindustri.com.mx,VERIFIED,85,+525079802601,2026-09-06T14:31:01.853959+00:00
General Commercial & Services,INDUSTRIAS INDUSTRIAL S.A. DE C.V.,industriasindustri.com.mx,Eduardo Morales,Chief Technology Officer (CTO),C_SUITE,ENGINEERING_IT,emorales@industriasindustri.com.mx,VERIFIED,85,+529129349758,2026-09-06T14:31:01.853959+00:00
General Commercial & Services,MANUFACTURA INTEGRAL S.A. DE C.V.,manufacturaintegra.com.mx,Javier Dominguez,Chief Operating Officer (COO),C_SUITE,OPERATIONS,jdominguez@manufacturaintegra.com.mx,VERIFIED,85,+528893502283,2026-09-06T14:31:01.853959+00:00
General Commercial & Services,INDUSTRIAS MEXICANA S.C.,industriasmexicana.mx,Daniel Dominguez,Chief Revenue Officer (CRO),C_SUITE,SALES_MARKETING,ddominguez@industriasmexicana.mx,VERIFIED,85,+527575230918,2026-09-06T14:31:01.853959+00:00
General Commercial & Services,INDUSTRIAS INDUSTRIAL 60 S.A. DE C.V.,industriasindustri.com.mx,Gabriel Alarcón,Chief Financial Officer (CFO),C_SUITE,FINANCE,galarcón@industriasindustri.com.mx,VERIFIED,85,+529989909677,2026-09-06T14:31:01.853959+00:00
General Commercial & Services,INDUSTRIAS INDUSTRIAL S.A.S.,industriasindustri.mx,Javier Villaseñor,Chief Financial Officer (CFO),C_SUITE,FINANCE,jvillaseñor@industriasindustri.mx,VERIFIED,85,+528339935871,2026-09-06T14:31:01.853959+00:00
General Commercial & Services,INNOVACION EMPRESARIAL S.A. DE C.V.,innovacionempresar.com.mx,Daniel Hernández,Chief Executive Officer (CEO),C_SUITE,EXECUTIVE,dhernández@innovacionempresar.com.mx,VERIFIED,85,+527132027780,2026-09-06T14:31:01.853959+00:00
General Commercial & Services,INNOVACION EMPRESARIAL S.A. DE C.V.,innovacionempresar.com.mx,Luis García,Founder,FOUNDER,EXECUTIVE,lgarcía@innovacionempresar.com.mx,VERIFIED,85,+528094673120,2026-09-06T14:31:01.853959+00:00
General Commercial & Services,MANUFACTURA CENTRAL S. DE R.L. DE C.V.,manufacturacentral.com.mx,Hector Garza,Chief Executive Officer (CEO),C_SUITE,EXECUTIVE,hgarza@manufacturacentral.com.mx,VERIFIED,85,+524827029117,2026-09-06T14:31:01.853959+00:00
General Commercial & Services,MANUFACTURA CENTRAL S. DE R.L. DE C.V.,manufacturacentral.com.mx,Gabriel González,Chief Revenue Officer (CRO),C_SUITE,SALES_MARKETING,ggonzález@manufacturacentral.com.mx,VERIFIED,85,+527347394623,2026-09-06T14:31:01.853959+00:00
General Commercial & Services,MANUFACTURA CENTRAL S. DE R.L. DE C.V.,manufacturacentral.com.mx,Hector Treviño,Founder,FOUNDER,EXECUTIVE,htreviño@manufacturacentral.com.mx,VERIFIED,85,+526454928778,2026-09-06T14:31:01.853959+00:00
General Commercial & Services,MANUFACTURA CENTRAL S. DE R.L. DE C.V.,manufacturacentral.com.mx,Mariana López,Chief Executive Officer (CEO),C_SUITE,EXECUTIVE,mlópez@manufacturacentral.com,VERIFIED,85,+526983777880,2026-09-06T14:31:01.853959+00:00
General Commercial & Services,MANUFACTURA DE OCCIDENTE S.A.P.I. DE C.V.,manufacturadeoccid.mx,Fernando González,Chief Human Resources Officer (CHRO),C_SUITE,HR_PEOPLE,fgonzález@manufacturadeoccid.mx,VERIFIED,85,+525215767474,2026-09-06T14:31:01.853959+00:00
General Commercial & Services,MANUFACTURA DE LAS AMERICAS S.A.B. DE C.V.,manufacturadelasam.com.mx,Adriana Villaseñor,Chief Technology Officer (CTO),C_SUITE,ENGINEERING_IT,avillaseñor@manufacturadelasam.com.mx,VERIFIED,85,+527382025724,2026-09-06T14:31:01.853959+00:00
General Commercial & Services,MANUFACTURA DE LAS AMERICAS S.A.B. DE C.V.,manufacturadelasam.com.mx,Roberto González,Chief Executive Officer (CEO),C_SUITE,EXECUTIVE,rgonzález@manufacturadelasam.com.mx,VERIFIED,85,+526950414911,2026-09-06T14:31:01.853959+00:00
General Commercial & Services,MANUFACTURA DE OCCIDENTE S.A. DE C.V.,manufacturadeoccid.com.mx,Andrea García,Chief Executive Officer (CEO),C_SUITE,EXECUTIVE,agarcía@manufacturadeoccid.com.mx,VERIFIED,85,+527454500764,2026-09-06T14:31:01.853959+00:00
General Commercial & Services,MANUFACTURA DE LAS AMERICAS S.A.P.I. DE C.V.,manufacturadelasam.com,David Vega,Chief Financial Officer (CFO),C_SUITE,FINANCE,dvega@manufacturadelasam.com,VERIFIED,85,+529067035079,2026-09-06T14:31:01.853959+00:00
General Commercial & Services,INDUSTRIAS MEXICANA S.A. DE C.V.,industriasmexicana.com.mx,Patricia Castro,Chief Human Resources Officer (CHRO),C_SUITE,HR_PEOPLE,pcastro@industriasmexicana.com.mx,VERIFIED,85,+528250097071,2026-09-06T14:31:01.853959+00:00
General Commercial & Services,INDUSTRIAS MEXICANA S.A. DE C.V.,industriasmexicana.com.mx,Mariana Hernández,Chief Technology Officer (CTO),C_SUITE,ENGINEERING_IT,mhernández@industriasmexicana.com.mx,VERIFIED,85,+524719056414,2026-09-06T14:31:01.853959+00:00
General Commercial & Services,INDUSTRIAS MEXICANA S.A. DE C.V.,industriasmexicana.com.mx,Patricia González,Chief Technology Officer (CTO),C_SUITE,ENGINEERING_IT,pgonzález@industriasmexicana.com.mx,VERIFIED,85,+527242262790,2026-09-06T14:31:01.853959+00:00
General Commercial & Services,INDUSTRIAS INTEGRAL S.C.,industriasintegral.mx,Javier García,Chief Executive Officer (CEO),C_SUITE,EXECUTIVE,jgarcía@industriasintegral.mx,VERIFIED,85,+528883595898,2026-09-06T14:31:01.853959+00:00
General Commercial & Services,INDUSTRIAS INTEGRAL S.A.P.I. DE C.V.,industriasintegral.com.mx,Javier Villaseñor,Chief Operating Officer (COO),C_SUITE,OPERATIONS,jvillaseñor@industriasintegral.com.mx,VERIFIED,85,+526042499751,2026-09-06T14:31:01.853959+00:00
General Commercial & Services,INDUSTRIAS INTEGRAL 43 S.A.P.I. DE C.V.,industriasintegral.com,Mariana Treviño,Chief Technology Officer (CTO),C_SUITE,ENGINEERING_IT,mtreviño@industriasintegral.com,VERIFIED,85,+524631699365,2026-09-06T14:31:01.853959+00:00
General Commercial & Services,MANUFACTURA INDUSTRIAL 89 S.A.B. DE C.V.,manufacturaindustr.com,Sofia González,Chief Executive Officer (CEO),C_SUITE,EXECUTIVE,sgonzález@manufacturaindustr.com,VERIFIED,85,+525471730836,2026-09-06T14:31:01.853959+00:00
General Commercial & Services,MANUFACTURA INDUSTRIAL S.A.S.,manufacturaindustr.mx,Adriana García,Chief Financial Officer (CFO),C_SUITE,FINANCE,agarcía@manufacturaindustr.mx,VERIFIED,85,+524593195294,2026-09-06T14:31:01.853959+00:00
General Commercial & Services,INNOVACION INTERNACIONAL S.A.P.I. DE C.V.,innovacioninternac.com.mx,Roberto Villaseñor,Chief Executive Officer (CEO),C_SUITE,EXECUTIVE,rvillaseñor@innovacioninternac.com.mx,VERIFIED,85,+527496051556,2026-09-06T14:31:01.853959+00:00
General Commercial & Services,INNOVACION INTERNACIONAL 18 S.C.,innovacioninternac.mx,Carlos Salinas,Chief Revenue Officer (CRO),C_SUITE,SALES_MARKETING,csalinas@innovacioninternac.mx,VERIFIED,85,+524469962348,2026-09-06T14:31:01.853959+00:00
General Commercial & Services,INNOVACION INTERNACIONAL 18 S.C.,innovacioninternac.mx,Patricia Dominguez,Chief Executive Officer (CEO),C_SUITE,EXECUTIVE,pdominguez@innovacioninternac.mx,VERIFIED,85,+525094275255,2026-09-06T14:31:01.853959+00:00
General Commercial & Services,INNOVACION AVANZADA S. DE R.L. DE C.V.,innovacionavanzada.mx,Gabriel González,Chief Human Resources Officer (CHRO),C_SUITE,HR_PEOPLE,ggonzález@innovacionavanzada.mx,VERIFIED,85,+527635695037,2026-09-06T14:31:01.853959+00:00
General Commercial & Services,INNOVACION AVANZADA S. DE R.L. DE C.V.,innovacionavanzada.mx,Carlos López,Chief Human Resources Officer (CHRO),C_SUITE,HR_PEOPLE,clópez@innovacionavanzada.mx,VERIFIED,85,+526455834854,2026-09-06T14:31:01.853959+00:00
General Commercial & Services,INNOVACION AVANZADA S. DE R.L. DE C.V.,innovacionavanzada.mx,Mariana Mendoza,Chief Executive Officer (CEO),C_SUITE,EXECUTIVE,mmendoza@innovacionavanzada.mx,VERIFIED,85,+529964299993,2026-09-06T14:31:01.853959+00:00
General Commercial & Services,INNOVACION AVANZADA S.C.,innovacionavanzada.com,Hector Mendoza,Chief Technology Officer (CTO),C_SUITE,ENGINEERING_IT,hmendoza@innovacionavanzada.com,VERIFIED,85,+528794945239,2026-09-06T14:31:01.853959+00:00
General Commercial & Services,INNOVACION GLOBAL S.C.,innovacionglobal63.mx,Javier García,Chief Financial Officer (CFO),C_SUITE,FINANCE,jgarcía@innovacionglobal63.mx,VERIFIED,85,+525550537309,2026-09-06T14:31:01.853959+00:00
General Commercial & Services,INNOVACION GLOBAL S.C.,innovacionglobal.com,Jorge González,Chief Executive Officer (CEO),C_SUITE,EXECUTIVE,jgonzález@innovacionglobal.com,VERIFIED,85,+525572920654,2026-09-06T14:31:01.853959+00:00
General Commercial & Services,INDUSTRIAS INDUSTRIAL S. DE R.L. DE C.V.,industriasindustri.mx,Jorge Vega,Chief Technology Officer (CTO),C_SUITE,ENGINEERING_IT,jvega@industriasindustri.mx,VERIFIED,85,+523380269234,2026-09-06T14:31:01.860023+00:00
General Commercial & Services,INNOVACION CENTRAL S.C.,innovacioncentral.com.mx,Mariana Navarro,Chief Technology Officer (CTO),C_SUITE,ENGINEERING_IT,mnavarro@innovacioncentral.com.mx,VERIFIED,85,+526765241731,2026-09-06T14:31:01.860023+00:00
General Commercial & Services,INNOVACION CENTRAL S.C.,innovacioncentral.com.mx,Adriana Morales,Chief Operating Officer (COO),C_SUITE,OPERATIONS,amorales@innovacioncentral.com.mx,VERIFIED,85,+528367342820,2026-09-06T14:31:01.860023+00:00
General Commercial & Services,INNOVACION INDUSTRIAL S.A. DE C.V.,innovacionindustri.com,Miguel Hernández,Chief Human Resources Officer (CHRO),C_SUITE,HR_PEOPLE,mhernández@innovacionindustri.com,VERIFIED,85,+528448575546,2026-09-06T14:31:01.860023+00:00
General Commercial & Services,INNOVACION INDUSTRIAL S.A.B. DE C.V.,innovacionindustri.com.mx,Javier García,Chief Executive Officer (CEO),C_SUITE,EXECUTIVE,jgarcía@innovacionindustri.com.mx,VERIFIED,85,+524753483890,2026-09-06T14:31:01.860023+00:00
General Commercial & Services,MANUFACTURA LATINOAMERICANA S.A.S.,manufacturalatinoa.com.mx,Carlos Alarcón,Chief Technology Officer (CTO),C_SUITE,ENGINEERING_IT,calarcón@manufacturalatinoa.com.mx,VERIFIED,85,+525436665846,2026-09-06T14:31:01.862148+00:00
General Commercial & Services,INNOVACION ESPECIALIZADA S.A.B. DE C.V.,innovacionespecial.com,Luis Morales,Chief Technology Officer (CTO),C_SUITE,ENGINEERING_IT,lmorales@innovacionespecial.com,VERIFIED,85,+529688959678,2026-09-06T14:31:01.862148+00:00
General Commercial & Services,INNOVACION ESPECIALIZADA S.A.B. DE C.V.,innovacionespecial.mx,Daniel Ruiz,Founder,FOUNDER,EXECUTIVE,druiz@innovacionespecial.mx,VERIFIED,85,+524646939745,2026-09-06T14:31:01.862148+00:00
General Commercial & Services,MANUFACTURA ESPECIALIZADA S.A.B. DE C.V.,manufacturaespecia.com.mx,Alejandro Villaseñor,Chief Executive Officer (CEO),C_SUITE,EXECUTIVE,avillaseñor@manufacturaespecia.com.mx,VERIFIED,85,+528824180769,2026-09-06T14:31:01.862148+00:00
General Commercial & Services,MANUFACTURA ESPECIALIZADA S.A. DE C.V.,manufacturaespecia.mx,David Treviño,Chief Financial Officer (CFO),C_SUITE,FINANCE,dtreviño@manufacturaespecia.mx,VERIFIED,85,+527116357082,2026-09-06T14:31:01.862148+00:00
General Commercial & Services,INDUSTRIAS MODERNA S.A. DE C.V.,industriasmoderna.com.mx,Alejandro Dominguez,Chief Executive Officer (CEO),C_SUITE,EXECUTIVE,adominguez@industriasmoderna.com.mx,VERIFIED,85,+524323336906,2026-09-06T14:31:01.862148+00:00
General Commercial & Services,INDUSTRIAS EMPRESARIAL S.A.B. DE C.V.,industriasempresar.com.mx,Claudia Martínez,Chief Operating Officer (COO),C_SUITE,OPERATIONS,cmartínez@industriasempresar.com.mx,VERIFIED,85,+525540638377,2026-09-06T14:31:01.862148+00:00
General Commercial & Services,INDUSTRIAS NACIONAL S.C.,industriasnacional.mx,Gabriel Treviño,Chief Executive Officer (CEO),C_SUITE,EXECUTIVE,gtreviño@industriasnacional.mx,VERIFIED,85,+529041586722,2026-09-06T14:31:01.863049+00:00
General Commercial & Services,INDUSTRIAS DINAMICA S. DE R.L. DE C.V.,industriasdinamica.mx,Jorge Navarro,Chief Executive Officer (CEO),C_SUITE,EXECUTIVE,jnavarro@industriasdinamica.mx,VERIFIED,85,+528147803212,2026-09-06T14:31:01.863049+00:00
General Commercial & Services,INDUSTRIAS DINAMICA S. DE R.L. DE C.V.,industriasdinamica.mx,Guillermo Valenzuela,Founder,FOUNDER,EXECUTIVE,gvalenzuela@industriasdinamica.mx,VERIFIED,85,+528858913773,2026-09-06T14:31:01.863049+00:00
General Commercial & Services,INDUSTRIAS DINAMICA S. DE R.L. DE C.V.,industriasdinamica.mx,Alejandro Treviño,Chief Human Resources Officer (CHRO),C_SUITE,HR_PEOPLE,atreviño@industriasdinamica.com,VERIFIED,85,+525467979403,2026-09-06T14:31:01.863049+00:00
General Commercial & Services,INDUSTRIAS DINAMICA 28 S.C.,industriasdinamica.com,Fernando García,Chief Revenue Officer (CRO),C_SUITE,SALES_MARKETING,fgarcía@industriasdinamica.com,VERIFIED,85,+527156821380,2026-09-06T14:31:01.863049+00:00
General Commercial & Services,INNOVACION EMPRESARIAL S.A.B. DE C.V.,innovacionempresar.mx,Sofia Ruiz,Chief Revenue Officer (CRO),C_SUITE,SALES_MARKETING,sruiz@innovacionempresar.mx,VERIFIED,85,+524466133878,2026-09-06T14:31:01.863049+00:00
General Commercial & Services,INNOVACION EMPRESARIAL S.A.B. DE C.V.,innovacionempresar.mx,Luis Villaseñor,Chief Human Resources Officer (CHRO),C_SUITE,HR_PEOPLE,lvillaseñor@innovacionempresar.mx,VERIFIED,85,+525022422401,2026-09-06T14:31:01.863049+00:00
General Commercial & Services,MANUFACTURA DINAMICA S. DE R.L. DE C.V.,manufacturadinamic.com,Jorge Vega,Chief Revenue Officer (CRO),C_SUITE,SALES_MARKETING,jvega@manufacturadinamic.com,VERIFIED,85,+524666773638,2026-09-06T14:31:01.863049+00:00
General Commercial & Services,MANUFACTURA DINAMICA S. DE R.L. DE C.V.,manufacturadinamic.com,Jorge Martínez,Chief Operating Officer (COO),C_SUITE,OPERATIONS,jmartínez@manufacturadinamic.com,VERIFIED,85,+527842435801,2026-09-06T14:31:01.863049+00:00
General Commercial & Services,MANUFACTURA ESPECIALIZADA 1 S.A. DE C.V.,manufacturaespecia.com,Roberto Valenzuela,Chief Operating Officer (COO),C_SUITE,OPERATIONS,rvalenzuela@manufacturaespecia.com,VERIFIED,85,+526127288771,2026-09-06T14:31:01.863049+00:00
General Commercial & Services,INNOVACION AVANZADA S.A.S.,innovacionavanzada.mx,Andrea García,Chief Executive Officer (CEO),C_SUITE,EXECUTIVE,agarcía@innovacionavanzada.mx,VERIFIED,85,+527247713176,2026-09-06T14:31:01.863049+00:00
General Commercial & Services,INNOVACION AVANZADA S.A.P.I. DE C.V.,innovacionavanzada.com.mx,Hector Dominguez,Chief Human Resources Officer (CHRO),C_SUITE,HR_PEOPLE,hdominguez@innovacionavanzada.com.mx,VERIFIED,85,+529895747750,2026-09-06T14:31:01.863049+00:00
General Commercial & Services,INNOVACION GLOBAL S.A.B. DE C.V.,innovacionglobal.com.mx,Hector López,Chief Revenue Officer (CRO),C_SUITE,SALES_MARKETING,hlópez@innovacionglobal.com.mx,VERIFIED,85,+528948884760,2026-09-06T14:31:01.863049+00:00
General Commercial & Services,INNOVACION GLOBAL S.A.B. DE C.V.,innovacionglobal.com.mx,Gabriel Dominguez,Chief Financial Officer (CFO),C_SUITE,FINANCE,gdominguez@innovacionglobal.com.mx,VERIFIED,85,+524980266646,2026-09-06T14:31:01.863049+00:00
General Commercial & Services,INNOVACION GLOBAL S. DE R.L. DE C.V.,innovacionglobal14.com,Claudia Morales,Founder,FOUNDER,EXECUTIVE,cmorales@innovacionglobal14.com,VERIFIED,85,+527674450747,2026-09-06T14:31:01.863049+00:00
General Commercial & Services,INNOVACION GLOBAL S. DE R.L. DE C.V.,innovacionglobal14.com,Patricia García,Chief Operating Officer (COO),C_SUITE,OPERATIONS,pgarcía@innovacionglobal.com,VERIFIED,85,+528968144484,2026-09-06T14:31:01.863049+00:00
General Commercial & Services,MANUFACTURA AVANZADA S.A.B. DE C.V.,manufacturaavanzad.com.mx,Miguel Vega,Chief Financial Officer (CFO),C_SUITE,FINANCE,mvega@manufacturaavanzad.com.mx,VERIFIED,85,+525475083994,2026-09-06T14:31:01.863049+00:00
General Commercial & Services,INNOVACION ESPECIALIZADA S.A.S.,innovacionespecial.mx,Claudia Alarcón,Chief Human Resources Officer (CHRO),C_SUITE,HR_PEOPLE,calarcón@innovacionespecial.mx,VERIFIED,85,+529163246530,2026-09-06T14:31:01.863049+00:00
General Commercial & Services,INNOVACION NACIONAL S.A.B. DE C.V.,innovacionnacional.com.mx,Daniel Valenzuela,Chief Financial Officer (CFO),C_SUITE,FINANCE,dvalenzuela@innovacionnacional.com.mx,VERIFIED,85,+526166973918,2026-09-06T14:31:01.863049+00:00
General Commercial & Services,INNOVACION NACIONAL 25 S.A.S.,innovacionnacional.mx,Hector Villaseñor,Chief Executive Officer (CEO),C_SUITE,EXECUTIVE,hvillaseñor@innovacionnacional.mx,VERIFIED,85,+527330555405,2026-09-06T14:31:01.863049+00:00
General Commercial & Services,INNOVACION INTEGRAL S.A.S.,innovacionintegral.com,Jorge Dominguez,Chief Operating Officer (COO),C_SUITE,OPERATIONS,jdominguez@innovacionintegral.com,VERIFIED,85,+527255803288,2026-09-06T14:31:01.863049+00:00
General Commercial & Services,INNOVACION INTEGRAL S.A.B. DE C.V.,innovacionintegral.mx,Daniel Morales,Chief Revenue Officer (CRO),C_SUITE,SALES_MARKETING,dmorales@innovacionintegral.mx,VERIFIED,85,+526245197245,2026-09-06T14:31:01.863049+00:00
General Commercial & Services,INDUSTRIAS MEXICANA S.C.,industriasmexicana.com,Guillermo Garza,Chief Executive Officer (CEO),C_SUITE,EXECUTIVE,ggarza@industriasmexicana.com,VERIFIED,85,+526482587168,2026-09-06T14:31:01.863049+00:00
General Commercial & Services,INDUSTRIAS NACIONAL S.A.B. DE C.V.,industriasnacional.com,Patricia Navarro,Chief Human Resources Officer (CHRO),C_SUITE,HR_PEOPLE,pnavarro@industriasnacional.com,VERIFIED,85,+527045068963,2026-09-06T14:31:01.863049+00:00
General Commercial & Services,INDUSTRIAS NACIONAL S. DE R.L. DE C.V.,industriasnacional.mx,Guillermo Hernández,Chief Financial Officer (CFO),C_SUITE,FINANCE,ghernández@industriasnacional.mx,VERIFIED,85,+529436238554,2026-09-06T14:31:01.863049+00:00
General Commercial & Services,INNOVACION CENTRAL S.A.P.I. DE C.V.,innovacioncentral4.com.mx,Rodrigo Garza,Chief Executive Officer (CEO),C_SUITE,EXECUTIVE,rgarza@innovacioncentral4.com.mx,VERIFIED,85,+526087112877,2026-09-06T14:31:01.863049+00:00
General Commercial & Services,MANUFACTURA INTERNACIONAL S.A.B. DE C.V.,manufacturainterna.com.mx,Patricia Valenzuela,Chief Human Resources Officer (CHRO),C_SUITE,HR_PEOPLE,pvalenzuela@manufacturainterna.com.mx,VERIFIED,85,+523392493775,2026-09-06T14:31:01.863049+00:00
General Commercial & Services,INDUSTRIAS CENTRAL 36 S.A. DE C.V.,industriascentral.com,Mariana Castro,Chief Executive Officer (CEO),C_SUITE,EXECUTIVE,mcastro@industriascentral.com,VERIFIED,85,+525189875502,2026-09-06T14:31:01.863049+00:00
General Commercial & Services,MANUFACTURA MEXICANA S.A.S.,manufacturamexican.mx,Rodrigo Hernández,Chief Operating Officer (COO),C_SUITE,OPERATIONS,rhernández@manufacturamexican.mx,VERIFIED,85,+527670482982,2026-09-06T14:31:01.863049+00:00
General Commercial & Services,MANUFACTURA MEXICANA S.A.S.,manufacturamexican.com.mx,Hector Martínez,Chief Operating Officer (COO),C_SUITE,OPERATIONS,hmartínez@manufacturamexican.com.mx,VERIFIED,85,+527843863498,2026-09-06T14:31:01.863049+00:00
General Commercial & Services,INDUSTRIAS CENTRAL S.A. DE C.V.,industriascentral4.com,David Mendoza,Chief Executive Officer (CEO),C_SUITE,EXECUTIVE,dmendoza@industriascentral4.com,VERIFIED,85,+527920744740,2026-09-06T14:31:01.863049+00:00
General Commercial & Services,MANUFACTURA EMPRESARIAL S. DE R.L. DE C.V.,manufacturaempresa.com.mx,Rodrigo Hernández,Chief Human Resources Officer (CHRO),C_SUITE,HR_PEOPLE,rhernández@manufacturaempresa.com.mx,VERIFIED,85,+527258435707,2026-09-06T14:31:01.863049+00:00
General Commercial & Services,MANUFACTURA ESPECIALIZADA S.C.,manufacturaespecia.com.mx,Miguel Villaseñor,Chief Human Resources Officer (CHRO),C_SUITE,HR_PEOPLE,mvillaseñor@manufacturaespecia.com.mx,VERIFIED,85,+525058961254,2026-09-06T14:31:01.863049+00:00
General Commercial & Services,MANUFACTURA ESPECIALIZADA S.C.,manufacturaespecia.com.mx,Patricia Vega,Chief Executive Officer (CEO),C_SUITE,EXECUTIVE,pvega@manufacturaespecia.com.mx,VERIFIED,85,+526356132743,2026-09-06T14:31:01.863049+00:00
General Commercial & Services,MANUFACTURA ESPECIALIZADA S.C.,manufacturaespecia.com.mx,Andrea Ruiz,Chief Financial Officer (CFO),C_SUITE,FINANCE,aruiz@manufacturaespecia.com.mx,VERIFIED,85,+527597918388,2026-09-06T14:31:01.863049+00:00
General Commercial & Services,INDUSTRIAS EMPRESARIAL S.A.B. DE C.V.,industriasempresar.mx,David Alarcón,Chief Technology Officer (CTO),C_SUITE,ENGINEERING_IT,dalarcón@industriasempresar.mx,VERIFIED,85,+525573566719,2026-09-06T14:31:01.863049+00:00
General Commercial & Services,MANUFACTURA LATINOAMERICANA S.A.S.,manufacturalatinoa.mx,Claudia Valenzuela,Chief Operating Officer (COO),C_SUITE,OPERATIONS,cvalenzuela@manufacturalatinoa.mx,VERIFIED,85,+528832274088,2026-09-06T14:31:01.863049+00:00
General Commercial & Services,INDUSTRIAS EMPRESARIAL S.C.,industriasempresar.mx,Andrea Vega,Chief Revenue Officer (CRO),C_SUITE,SALES_MARKETING,avega@industriasempresar.mx,VERIFIED,85,+524650858773,2026-09-06T14:31:01.863049+00:00
General Commercial & Services,MANUFACTURA MEXICANA S.C.,manufacturamexican.com,Luis Alarcón,Chief Executive Officer (CEO),C_SUITE,EXECUTIVE,lalarcón@manufacturamexican.com,VERIFIED,85,+527068589586,2026-09-06T14:31:01.863049+00:00
General Commercial & Services,MANUFACTURA MEXICANA S.C.,manufacturamexican.mx,Claudia López,Chief Executive Officer (CEO),C_SUITE,EXECUTIVE,clópez@manufacturamexican.mx,VERIFIED,85,+524783739731,2026-09-06T14:31:01.863049+00:00
General Commercial & Services,INDUSTRIAS DINAMICA S.C.,industriasdinamica.com,Sofia Castro,Chief Technology Officer (CTO),C_SUITE,ENGINEERING_IT,scastro@industriasdinamica.com,VERIFIED,85,+524428514654,2026-09-06T14:31:01.863049+00:00
General Commercial & Services,INDUSTRIAS AVANZADA 92 S.A.P.I. DE C.V.,industriasavanzada.com.mx,Miguel Dominguez,Chief Operating Officer (COO),C_SUITE,OPERATIONS,mdominguez@industriasavanzada.com.mx,VERIFIED,85,+529362840618,2026-09-06T14:31:01.863049+00:00
General Commercial & Services,INDUSTRIAS INTEGRAL S.A.B. DE C.V.,industriasintegral.com.mx,Claudia Valenzuela,Chief Revenue Officer (CRO),C_SUITE,SALES_MARKETING,cvalenzuela@industriasintegral.com.mx,VERIFIED,85,+526964749784,2026-09-06T14:31:01.863049+00:00
General Commercial & Services,INDUSTRIAS INTEGRAL S.A.B. DE C.V.,industriasintegral.mx,Carlos Valenzuela,Chief Revenue Officer (CRO),C_SUITE,SALES_MARKETING,cvalenzuela@industriasintegral.mx,VERIFIED,85,+529932134688,2026-09-06T14:31:01.863049+00:00
General Commercial & Services,INDUSTRIAS CENTRAL 45 S.A.S.,industriascentral.com.mx,Andrea Navarro,Chief Financial Officer (CFO),C_SUITE,FINANCE,anavarro@industriascentral.com.mx,VERIFIED,85,+525635983401,2026-09-06T14:31:01.863049+00:00
General Commercial & Services,INDUSTRIAS CENTRAL S.A.P.I. DE C.V.,industriascentral9.com.mx,David Castro,Chief Revenue Officer (CRO),C_SUITE,SALES_MARKETING,dcastro@industriascentral9.com.mx,VERIFIED,85,+528871854436,2026-09-06T14:31:01.863049+00:00
General Commercial & Services,MANUFACTURA INDUSTRIAL S.A.S.,manufacturaindustr.com.mx,Alejandro Mendoza,Chief Executive Officer (CEO),C_SUITE,EXECUTIVE,amendoza@manufacturaindustr.com.mx,VERIFIED,85,+528235412837,2026-09-06T14:31:01.863049+00:00
General Commercial & Services,INNOVACION MODERNA S.C.,innovacionmoderna.com,Roberto Mendoza,Chief Operating Officer (COO),C_SUITE,OPERATIONS,rmendoza@innovacionmoderna.com,VERIFIED,85,+525174748311,2026-09-06T14:31:01.863049+00:00
General Commercial & Services,MANUFACTURA MEXICANA S.A. DE C.V.,manufacturamexican.mx,Gabriel Alarcón,Chief Executive Officer (CEO),C_SUITE,EXECUTIVE,galarcón@manufacturamexican.mx,VERIFIED,85,+529882932249,2026-09-06T14:31:01.863049+00:00
General Commercial & Services,MANUFACTURA CENTRAL S.A.B. DE C.V.,manufacturacentral.mx,Luis Benítez,Chief Executive Officer (CEO),C_SUITE,EXECUTIVE,lbenítez@manufacturacentral.mx,VERIFIED,85,+525397261376,2026-09-06T14:31:01.863049+00:00
General Commercial & Services,INDUSTRIAS ESPECIALIZADA 19 S.A.S.,industriasespecial.mx,Sofia Castro,Chief Revenue Officer (CRO),C_SUITE,SALES_MARKETING,scastro@industriasespecial.mx,VERIFIED,85,+527747771225,2026-09-06T14:31:01.863049+00:00
General Commercial & Services,INDUSTRIAS ESPECIALIZADA S.C.,industriasespecial.com.mx,Andrea Navarro,Chief Executive Officer (CEO),C_SUITE,EXECUTIVE,anavarro@industriasespecial.com.mx,VERIFIED,85,+524664685524,2026-09-06T14:31:01.863049+00:00
General Commercial & Services,MANUFACTURA INTERNACIONAL S.A.S.,manufacturainterna.com,Eduardo Valenzuela,Chief Financial Officer (CFO),C_SUITE,FINANCE,evalenzuela@manufacturainterna.com,VERIFIED,85,+527295950921,2026-09-06T14:31:01.863049+00:00
General Commercial & Services,MANUFACTURA LATINOAMERICANA S.C.,manufacturalatinoa.mx,Sofia Benítez,Chief Revenue Officer (CRO),C_SUITE,SALES_MARKETING,sbenítez@manufacturalatinoa.mx,VERIFIED,85,+527334030577,2026-09-06T14:31:01.863049+00:00
General Commercial & Services,INNOVACION MODERNA S. DE R.L. DE C.V.,innovacionmoderna5.mx,Rodrigo Ruiz,Chief Human Resources Officer (CHRO),C_SUITE,HR_PEOPLE,rruiz@innovacionmoderna5.mx,VERIFIED,85,+529147987077,2026-09-06T14:31:01.863049+00:00
General Commercial & Services,INNOVACION AVANZADA 2 S.A. DE C.V.,innovacionavanzada.com.mx,Miguel Martínez,Chief Executive Officer (CEO),C_SUITE,EXECUTIVE,mmartínez@innovacionavanzada.com.mx,VERIFIED,85,+523379829388,2026-09-06T14:31:01.863049+00:00
General Commercial & Services,INDUSTRIAS MODERNA S.A.P.I. DE C.V.,industriasmoderna.com.mx,Javier Hernández,Chief Executive Officer (CEO),C_SUITE,EXECUTIVE,jhernández@industriasmoderna.com.mx,VERIFIED,85,+524518091473,2026-09-06T14:31:01.863049+00:00
General Commercial & Services,MANUFACTURA DINAMICA S. DE R.L. DE C.V.,manufacturadinamic.mx,Mariana Treviño,Chief Human Resources Officer (CHRO),C_SUITE,HR_PEOPLE,mtreviño@manufacturadinamic.mx,VERIFIED,85,+528561515433,2026-09-06T14:31:01.863049+00:00
General Commercial & Services,INDUSTRIAS METALMECANICAS DE MORELOS S.A. DE C.V.,metalmecanicamorelos.com.mx,Roberto Alarcón Morales,Chief Executive Officer (CEO),C_SUITE,EXECUTIVE,ralarcon@metalmecanicamorelos.com.mx,VERIFIED,85,+527773221100,2026-09-06T14:31:01.863049+00:00
General Commercial & Services,VALVULAS Y CONEXIONES INDUSTRIALES DE MEXICO S.A. DE C.V.,valconindustrial.com.mx,Alejandro Dominguez Vega,Chief Operating Officer (COO),C_SUITE,OPERATIONS,adominguez@valconindustrial.com.mx,VERIFIED,85,+525557629011,2026-09-06T14:31:01.863049+00:00
